[0.106s] DEBUG:colcon:Command line arguments: ['/usr/bin/colcon', 'build', '--symlink-install']
[0.106s] DEBUG:colcon:Parsed command line arguments: Namespace(log_base=None, log_level=None, verb_name='build', build_base='build', install_base='install', merge_install=False, symlink_install=True, test_result_base=None, continue_on_error=False, executor='parallel', parallel_workers=12, event_handlers=None, ignore_user_meta=False, metas=['./colcon.meta'], base_paths=['.'], packages_ignore=None, packages_ignore_regex=None, paths=None, packages_up_to=None, packages_up_to_regex=None, packages_above=None, packages_above_and_dependencies=None, packages_above_depth=None, packages_select_by_dep=None, packages_skip_by_dep=None, packages_skip_up_to=None, packages_select_build_failed=False, packages_skip_build_finished=False, packages_select_test_failures=False, packages_skip_test_passed=False, packages_select=None, packages_skip=None, packages_select_regex=None, packages_skip_regex=None, packages_start=None, packages_end=None, cmake_args=None, cmake_target=None, cmake_target_skip_unavailable=False, cmake_clean_cache=False, cmake_clean_first=False, cmake_force_configure=False, ament_cmake_args=None, catkin_cmake_args=None, catkin_skip_building_tests=False, mixin_files=None, mixin=None, verb_parser=<colcon_mixin.mixin.mixin_argument.MixinArgumentDecorator object at 0x70ba7e221810>, verb_extension=<colcon_core.verb.build.BuildVerb object at 0x70ba7e3aa710>, main=<bound method BuildVerb.main of <colcon_core.verb.build.BuildVerb object at 0x70ba7e3aa710>>, mixin_verb=('build',))
[0.248s] Level 1:colcon.colcon_core.package_discovery:discover_packages(colcon_meta) check parameters
[0.248s] Level 1:colcon.colcon_core.package_discovery:discover_packages(recursive) check parameters
[0.248s] Level 1:colcon.colcon_core.package_discovery:discover_packages(ignore) check parameters
[0.248s] Level 1:colcon.colcon_core.package_discovery:discover_packages(path) check parameters
[0.248s] Level 1:colcon.colcon_core.package_discovery:discover_packages(colcon_meta) discover
[0.248s] Level 1:colcon.colcon_core.package_discovery:discover_packages(recursive) discover
[0.248s] INFO:colcon.colcon_core.package_discovery:Crawling recursively for packages in '/abb_ws'
[0.248s] Level 1:colcon.colcon_core.package_identification:_identify(.) by extensions ['ignore', 'ignore_ament_install']
[0.248s] Level 1:colcon.colcon_core.package_identification:_identify(.) by extension 'ignore'
[0.248s] Level 1:colcon.colcon_core.package_identification:_identify(.) by extension 'ignore_ament_install'
[0.248s] Level 1:colcon.colcon_core.package_identification:_identify(.) by extensions ['colcon_pkg']
[0.248s] Level 1:colcon.colcon_core.package_identification:_identify(.) by extension 'colcon_pkg'
[0.248s] Level 1:colcon.colcon_core.package_identification:_identify(.) by extensions ['colcon_meta']
[0.249s] Level 1:colcon.colcon_core.package_identification:_identify(.) by extension 'colcon_meta'
[0.249s] Level 1:colcon.colcon_core.package_identification:_identify(.) by extensions ['ros']
[0.249s] Level 1:colcon.colcon_core.package_identification:_identify(.) by extension 'ros'
[0.259s] Level 1:colcon.colcon_core.package_identification:_identify(.) by extensions ['cmake', 'python']
[0.259s] Level 1:colcon.colcon_core.package_identification:_identify(.) by extension 'cmake'
[0.259s] Level 1:colcon.colcon_core.package_identification:_identify(.) by extension 'python'
[0.259s] Level 1:colcon.colcon_core.package_identification:_identify(.) by extensions ['python_setup_py']
[0.259s] Level 1:colcon.colcon_core.package_identification:_identify(.) by extension 'python_setup_py'
[0.259s] Level 1:colcon.colcon_core.package_identification:_identify(build) by extensions ['ignore', 'ignore_ament_install']
[0.260s] Level 1:colcon.colcon_core.package_identification:_identify(build) by extension 'ignore'
[0.260s] Level 1:colcon.colcon_core.package_identification:_identify(build) ignored
[0.260s] Level 1:colcon.colcon_core.package_identification:_identify(install) by extensions ['ignore', 'ignore_ament_install']
[0.260s] Level 1:colcon.colcon_core.package_identification:_identify(install) by extension 'ignore'
[0.260s] Level 1:colcon.colcon_core.package_identification:_identify(install) ignored
[0.260s] Level 1:colcon.colcon_core.package_identification:_identify(log) by extensions ['ignore', 'ignore_ament_install']
[0.260s] Level 1:colcon.colcon_core.package_identification:_identify(log) by extension 'ignore'
[0.260s] Level 1:colcon.colcon_core.package_identification:_identify(log) ignored
[0.260s] Level 1:colcon.colcon_core.package_identification:_identify(mujoco) by extensions ['ignore', 'ignore_ament_install']
[0.260s] Level 1:colcon.colcon_core.package_identification:_identify(mujoco) by extension 'ignore'
[0.260s] Level 1:colcon.colcon_core.package_identification:_identify(mujoco) by extension 'ignore_ament_install'
[0.260s] Level 1:colcon.colcon_core.package_identification:_identify(mujoco) by extensions ['colcon_pkg']
[0.260s] Level 1:colcon.colcon_core.package_identification:_identify(mujoco) by extension 'colcon_pkg'
[0.260s] Level 1:colcon.colcon_core.package_identification:_identify(mujoco) by extensions ['colcon_meta']
[0.260s] Level 1:colcon.colcon_core.package_identification:_identify(mujoco) by extension 'colcon_meta'
[0.260s] Level 1:colcon.colcon_core.package_identification:_identify(mujoco) by extensions ['ros']
[0.260s] Level 1:colcon.colcon_core.package_identification:_identify(mujoco) by extension 'ros'
[0.261s] Level 1:colcon.colcon_core.package_identification:_identify(mujoco) by extensions ['cmake', 'python']
[0.261s] Level 1:colcon.colcon_core.package_identification:_identify(mujoco) by extension 'cmake'
[0.261s] Level 1:colcon.colcon_core.package_identification:_identify(mujoco) by extension 'python'
[0.261s] Level 1:colcon.colcon_core.package_identification:_identify(mujoco) by extensions ['python_setup_py']
[0.261s] Level 1:colcon.colcon_core.package_identification:_identify(mujoco) by extension 'python_setup_py'
[0.261s] Level 1:colcon.colcon_core.package_identification:_identify(mujoco/bin) by extensions ['ignore', 'ignore_ament_install']
[0.261s] Level 1:colcon.colcon_core.package_identification:_identify(mujoco/bin) by extension 'ignore'
[0.261s] Level 1:colcon.colcon_core.package_identification:_identify(mujoco/bin) by extension 'ignore_ament_install'
[0.261s] Level 1:colcon.colcon_core.package_identification:_identify(mujoco/bin) by extensions ['colcon_pkg']
[0.261s] Level 1:colcon.colcon_core.package_identification:_identify(mujoco/bin) by extension 'colcon_pkg'
[0.261s] Level 1:colcon.colcon_core.package_identification:_identify(mujoco/bin) by extensions ['colcon_meta']
[0.261s] Level 1:colcon.colcon_core.package_identification:_identify(mujoco/bin) by extension 'colcon_meta'
[0.261s] Level 1:colcon.colcon_core.package_identification:_identify(mujoco/bin) by extensions ['ros']
[0.261s] Level 1:colcon.colcon_core.package_identification:_identify(mujoco/bin) by extension 'ros'
[0.261s] Level 1:colcon.colcon_core.package_identification:_identify(mujoco/bin) by extensions ['cmake', 'python']
[0.261s] Level 1:colcon.colcon_core.package_identification:_identify(mujoco/bin) by extension 'cmake'
[0.261s] Level 1:colcon.colcon_core.package_identification:_identify(mujoco/bin) by extension 'python'
[0.261s] Level 1:colcon.colcon_core.package_identification:_identify(mujoco/bin) by extensions ['python_setup_py']
[0.261s] Level 1:colcon.colcon_core.package_identification:_identify(mujoco/bin) by extension 'python_setup_py'
[0.261s] Level 1:colcon.colcon_core.package_identification:_identify(mujoco/bin/mujoco_plugin) by extensions ['ignore', 'ignore_ament_install']
[0.262s] Level 1:colcon.colcon_core.package_identification:_identify(mujoco/bin/mujoco_plugin) by extension 'ignore'
[0.262s] Level 1:colcon.colcon_core.package_identification:_identify(mujoco/bin/mujoco_plugin) by extension 'ignore_ament_install'
[0.262s] Level 1:colcon.colcon_core.package_identification:_identify(mujoco/bin/mujoco_plugin) by extensions ['colcon_pkg']
[0.262s] Level 1:colcon.colcon_core.package_identification:_identify(mujoco/bin/mujoco_plugin) by extension 'colcon_pkg'
[0.262s] Level 1:colcon.colcon_core.package_identification:_identify(mujoco/bin/mujoco_plugin) by extensions ['colcon_meta']
[0.262s] Level 1:colcon.colcon_core.package_identification:_identify(mujoco/bin/mujoco_plugin) by extension 'colcon_meta'
[0.262s] Level 1:colcon.colcon_core.package_identification:_identify(mujoco/bin/mujoco_plugin) by extensions ['ros']
[0.262s] Level 1:colcon.colcon_core.package_identification:_identify(mujoco/bin/mujoco_plugin) by extension 'ros'
[0.262s] Level 1:colcon.colcon_core.package_identification:_identify(mujoco/bin/mujoco_plugin) by extensions ['cmake', 'python']
[0.262s] Level 1:colcon.colcon_core.package_identification:_identify(mujoco/bin/mujoco_plugin) by extension 'cmake'
[0.262s] Level 1:colcon.colcon_core.package_identification:_identify(mujoco/bin/mujoco_plugin) by extension 'python'
[0.262s] Level 1:colcon.colcon_core.package_identification:_identify(mujoco/bin/mujoco_plugin) by extensions ['python_setup_py']
[0.262s] Level 1:colcon.colcon_core.package_identification:_identify(mujoco/bin/mujoco_plugin) by extension 'python_setup_py'
[0.262s] Level 1:colcon.colcon_core.package_identification:_identify(mujoco/include) by extensions ['ignore', 'ignore_ament_install']
[0.262s] Level 1:colcon.colcon_core.package_identification:_identify(mujoco/include) by extension 'ignore'
[0.262s] Level 1:colcon.colcon_core.package_identification:_identify(mujoco/include) by extension 'ignore_ament_install'
[0.262s] Level 1:colcon.colcon_core.package_identification:_identify(mujoco/include) by extensions ['colcon_pkg']
[0.262s] Level 1:colcon.colcon_core.package_identification:_identify(mujoco/include) by extension 'colcon_pkg'
[0.262s] Level 1:colcon.colcon_core.package_identification:_identify(mujoco/include) by extensions ['colcon_meta']
[0.262s] Level 1:colcon.colcon_core.package_identification:_identify(mujoco/include) by extension 'colcon_meta'
[0.263s] Level 1:colcon.colcon_core.package_identification:_identify(mujoco/include) by extensions ['ros']
[0.263s] Level 1:colcon.colcon_core.package_identification:_identify(mujoco/include) by extension 'ros'
[0.263s] Level 1:colcon.colcon_core.package_identification:_identify(mujoco/include) by extensions ['cmake', 'python']
[0.263s] Level 1:colcon.colcon_core.package_identification:_identify(mujoco/include) by extension 'cmake'
[0.263s] Level 1:colcon.colcon_core.package_identification:_identify(mujoco/include) by extension 'python'
[0.263s] Level 1:colcon.colcon_core.package_identification:_identify(mujoco/include) by extensions ['python_setup_py']
[0.263s] Level 1:colcon.colcon_core.package_identification:_identify(mujoco/include) by extension 'python_setup_py'
[0.263s] Level 1:colcon.colcon_core.package_identification:_identify(mujoco/include/mujoco) by extensions ['ignore', 'ignore_ament_install']
[0.263s] Level 1:colcon.colcon_core.package_identification:_identify(mujoco/include/mujoco) by extension 'ignore'
[0.263s] Level 1:colcon.colcon_core.package_identification:_identify(mujoco/include/mujoco) by extension 'ignore_ament_install'
[0.263s] Level 1:colcon.colcon_core.package_identification:_identify(mujoco/include/mujoco) by extensions ['colcon_pkg']
[0.263s] Level 1:colcon.colcon_core.package_identification:_identify(mujoco/include/mujoco) by extension 'colcon_pkg'
[0.263s] Level 1:colcon.colcon_core.package_identification:_identify(mujoco/include/mujoco) by extensions ['colcon_meta']
[0.263s] Level 1:colcon.colcon_core.package_identification:_identify(mujoco/include/mujoco) by extension 'colcon_meta'
[0.263s] Level 1:colcon.colcon_core.package_identification:_identify(mujoco/include/mujoco) by extensions ['ros']
[0.263s] Level 1:colcon.colcon_core.package_identification:_identify(mujoco/include/mujoco) by extension 'ros'
[0.263s] Level 1:colcon.colcon_core.package_identification:_identify(mujoco/include/mujoco) by extensions ['cmake', 'python']
[0.263s] Level 1:colcon.colcon_core.package_identification:_identify(mujoco/include/mujoco) by extension 'cmake'
[0.263s] Level 1:colcon.colcon_core.package_identification:_identify(mujoco/include/mujoco) by extension 'python'
[0.263s] Level 1:colcon.colcon_core.package_identification:_identify(mujoco/include/mujoco) by extensions ['python_setup_py']
[0.263s] Level 1:colcon.colcon_core.package_identification:_identify(mujoco/include/mujoco) by extension 'python_setup_py'
[0.264s] Level 1:colcon.colcon_core.package_identification:_identify(mujoco/include/mujoco/experimental) by extensions ['ignore', 'ignore_ament_install']
[0.264s] Level 1:colcon.colcon_core.package_identification:_identify(mujoco/include/mujoco/experimental) by extension 'ignore'
[0.264s] Level 1:colcon.colcon_core.package_identification:_identify(mujoco/include/mujoco/experimental) by extension 'ignore_ament_install'
[0.264s] Level 1:colcon.colcon_core.package_identification:_identify(mujoco/include/mujoco/experimental) by extensions ['colcon_pkg']
[0.264s] Level 1:colcon.colcon_core.package_identification:_identify(mujoco/include/mujoco/experimental) by extension 'colcon_pkg'
[0.264s] Level 1:colcon.colcon_core.package_identification:_identify(mujoco/include/mujoco/experimental) by extensions ['colcon_meta']
[0.264s] Level 1:colcon.colcon_core.package_identification:_identify(mujoco/include/mujoco/experimental) by extension 'colcon_meta'
[0.264s] Level 1:colcon.colcon_core.package_identification:_identify(mujoco/include/mujoco/experimental) by extensions ['ros']
[0.264s] Level 1:colcon.colcon_core.package_identification:_identify(mujoco/include/mujoco/experimental) by extension 'ros'
[0.264s] Level 1:colcon.colcon_core.package_identification:_identify(mujoco/include/mujoco/experimental) by extensions ['cmake', 'python']
[0.264s] Level 1:colcon.colcon_core.package_identification:_identify(mujoco/include/mujoco/experimental) by extension 'cmake'
[0.264s] Level 1:colcon.colcon_core.package_identification:_identify(mujoco/include/mujoco/experimental) by extension 'python'
[0.264s] Level 1:colcon.colcon_core.package_identification:_identify(mujoco/include/mujoco/experimental) by extensions ['python_setup_py']
[0.264s] Level 1:colcon.colcon_core.package_identification:_identify(mujoco/include/mujoco/experimental) by extension 'python_setup_py'
[0.264s] Level 1:colcon.colcon_core.package_identification:_identify(mujoco/include/mujoco/experimental/usd) by extensions ['ignore', 'ignore_ament_install']
[0.264s] Level 1:colcon.colcon_core.package_identification:_identify(mujoco/include/mujoco/experimental/usd) by extension 'ignore'
[0.264s] Level 1:colcon.colcon_core.package_identification:_identify(mujoco/include/mujoco/experimental/usd) by extension 'ignore_ament_install'
[0.264s] Level 1:colcon.colcon_core.package_identification:_identify(mujoco/include/mujoco/experimental/usd) by extensions ['colcon_pkg']
[0.264s] Level 1:colcon.colcon_core.package_identification:_identify(mujoco/include/mujoco/experimental/usd) by extension 'colcon_pkg'
[0.265s] Level 1:colcon.colcon_core.package_identification:_identify(mujoco/include/mujoco/experimental/usd) by extensions ['colcon_meta']
[0.265s] Level 1:colcon.colcon_core.package_identification:_identify(mujoco/include/mujoco/experimental/usd) by extension 'colcon_meta'
[0.265s] Level 1:colcon.colcon_core.package_identification:_identify(mujoco/include/mujoco/experimental/usd) by extensions ['ros']
[0.265s] Level 1:colcon.colcon_core.package_identification:_identify(mujoco/include/mujoco/experimental/usd) by extension 'ros'
[0.265s] Level 1:colcon.colcon_core.package_identification:_identify(mujoco/include/mujoco/experimental/usd) by extensions ['cmake', 'python']
[0.265s] Level 1:colcon.colcon_core.package_identification:_identify(mujoco/include/mujoco/experimental/usd) by extension 'cmake'
[0.265s] Level 1:colcon.colcon_core.package_identification:_identify(mujoco/include/mujoco/experimental/usd) by extension 'python'
[0.265s] Level 1:colcon.colcon_core.package_identification:_identify(mujoco/include/mujoco/experimental/usd) by extensions ['python_setup_py']
[0.265s] Level 1:colcon.colcon_core.package_identification:_identify(mujoco/include/mujoco/experimental/usd) by extension 'python_setup_py'
[0.265s] Level 1:colcon.colcon_core.package_identification:_identify(mujoco/include/mujoco/experimental/usd/mjcPhysics) by extensions ['ignore', 'ignore_ament_install']
[0.265s] Level 1:colcon.colcon_core.package_identification:_identify(mujoco/include/mujoco/experimental/usd/mjcPhysics) by extension 'ignore'
[0.265s] Level 1:colcon.colcon_core.package_identification:_identify(mujoco/include/mujoco/experimental/usd/mjcPhysics) by extension 'ignore_ament_install'
[0.265s] Level 1:colcon.colcon_core.package_identification:_identify(mujoco/include/mujoco/experimental/usd/mjcPhysics) by extensions ['colcon_pkg']
[0.265s] Level 1:colcon.colcon_core.package_identification:_identify(mujoco/include/mujoco/experimental/usd/mjcPhysics) by extension 'colcon_pkg'
[0.265s] Level 1:colcon.colcon_core.package_identification:_identify(mujoco/include/mujoco/experimental/usd/mjcPhysics) by extensions ['colcon_meta']
[0.265s] Level 1:colcon.colcon_core.package_identification:_identify(mujoco/include/mujoco/experimental/usd/mjcPhysics) by extension 'colcon_meta'
[0.265s] Level 1:colcon.colcon_core.package_identification:_identify(mujoco/include/mujoco/experimental/usd/mjcPhysics) by extensions ['ros']
[0.265s] Level 1:colcon.colcon_core.package_identification:_identify(mujoco/include/mujoco/experimental/usd/mjcPhysics) by extension 'ros'
[0.265s] Level 1:colcon.colcon_core.package_identification:_identify(mujoco/include/mujoco/experimental/usd/mjcPhysics) by extensions ['cmake', 'python']
[0.265s] Level 1:colcon.colcon_core.package_identification:_identify(mujoco/include/mujoco/experimental/usd/mjcPhysics) by extension 'cmake'
[0.266s] Level 1:colcon.colcon_core.package_identification:_identify(mujoco/include/mujoco/experimental/usd/mjcPhysics) by extension 'python'
[0.266s] Level 1:colcon.colcon_core.package_identification:_identify(mujoco/include/mujoco/experimental/usd/mjcPhysics) by extensions ['python_setup_py']
[0.266s] Level 1:colcon.colcon_core.package_identification:_identify(mujoco/include/mujoco/experimental/usd/mjcPhysics) by extension 'python_setup_py'
[0.266s] Level 1:colcon.colcon_core.package_identification:_identify(mujoco/lib) by extensions ['ignore', 'ignore_ament_install']
[0.266s] Level 1:colcon.colcon_core.package_identification:_identify(mujoco/lib) by extension 'ignore'
[0.266s] Level 1:colcon.colcon_core.package_identification:_identify(mujoco/lib) by extension 'ignore_ament_install'
[0.266s] Level 1:colcon.colcon_core.package_identification:_identify(mujoco/lib) by extensions ['colcon_pkg']
[0.266s] Level 1:colcon.colcon_core.package_identification:_identify(mujoco/lib) by extension 'colcon_pkg'
[0.266s] Level 1:colcon.colcon_core.package_identification:_identify(mujoco/lib) by extensions ['colcon_meta']
[0.266s] Level 1:colcon.colcon_core.package_identification:_identify(mujoco/lib) by extension 'colcon_meta'
[0.266s] Level 1:colcon.colcon_core.package_identification:_identify(mujoco/lib) by extensions ['ros']
[0.266s] Level 1:colcon.colcon_core.package_identification:_identify(mujoco/lib) by extension 'ros'
[0.266s] Level 1:colcon.colcon_core.package_identification:_identify(mujoco/lib) by extensions ['cmake', 'python']
[0.266s] Level 1:colcon.colcon_core.package_identification:_identify(mujoco/lib) by extension 'cmake'
[0.266s] Level 1:colcon.colcon_core.package_identification:_identify(mujoco/lib) by extension 'python'
[0.266s] Level 1:colcon.colcon_core.package_identification:_identify(mujoco/lib) by extensions ['python_setup_py']
[0.266s] Level 1:colcon.colcon_core.package_identification:_identify(mujoco/lib) by extension 'python_setup_py'
[0.266s] Level 1:colcon.colcon_core.package_identification:_identify(mujoco/model) by extensions ['ignore', 'ignore_ament_install']
[0.266s] Level 1:colcon.colcon_core.package_identification:_identify(mujoco/model) by extension 'ignore'
[0.267s] Level 1:colcon.colcon_core.package_identification:_identify(mujoco/model) by extension 'ignore_ament_install'
[0.267s] Level 1:colcon.colcon_core.package_identification:_identify(mujoco/model) by extensions ['colcon_pkg']
[0.267s] Level 1:colcon.colcon_core.package_identification:_identify(mujoco/model) by extension 'colcon_pkg'
[0.267s] Level 1:colcon.colcon_core.package_identification:_identify(mujoco/model) by extensions ['colcon_meta']
[0.267s] Level 1:colcon.colcon_core.package_identification:_identify(mujoco/model) by extension 'colcon_meta'
[0.267s] Level 1:colcon.colcon_core.package_identification:_identify(mujoco/model) by extensions ['ros']
[0.267s] Level 1:colcon.colcon_core.package_identification:_identify(mujoco/model) by extension 'ros'
[0.267s] Level 1:colcon.colcon_core.package_identification:_identify(mujoco/model) by extensions ['cmake', 'python']
[0.267s] Level 1:colcon.colcon_core.package_identification:_identify(mujoco/model) by extension 'cmake'
[0.267s] Level 1:colcon.colcon_core.package_identification:_identify(mujoco/model) by extension 'python'
[0.267s] Level 1:colcon.colcon_core.package_identification:_identify(mujoco/model) by extensions ['python_setup_py']
[0.267s] Level 1:colcon.colcon_core.package_identification:_identify(mujoco/model) by extension 'python_setup_py'
[0.267s] Level 1:colcon.colcon_core.package_identification:_identify(mujoco/model/adhesion) by extensions ['ignore', 'ignore_ament_install']
[0.267s] Level 1:colcon.colcon_core.package_identification:_identify(mujoco/model/adhesion) by extension 'ignore'
[0.267s] Level 1:colcon.colcon_core.package_identification:_identify(mujoco/model/adhesion) by extension 'ignore_ament_install'
[0.267s] Level 1:colcon.colcon_core.package_identification:_identify(mujoco/model/adhesion) by extensions ['colcon_pkg']
[0.267s] Level 1:colcon.colcon_core.package_identification:_identify(mujoco/model/adhesion) by extension 'colcon_pkg'
[0.267s] Level 1:colcon.colcon_core.package_identification:_identify(mujoco/model/adhesion) by extensions ['colcon_meta']
[0.267s] Level 1:colcon.colcon_core.package_identification:_identify(mujoco/model/adhesion) by extension 'colcon_meta'
[0.267s] Level 1:colcon.colcon_core.package_identification:_identify(mujoco/model/adhesion) by extensions ['ros']
[0.267s] Level 1:colcon.colcon_core.package_identification:_identify(mujoco/model/adhesion) by extension 'ros'
[0.268s] Level 1:colcon.colcon_core.package_identification:_identify(mujoco/model/adhesion) by extensions ['cmake', 'python']
[0.268s] Level 1:colcon.colcon_core.package_identification:_identify(mujoco/model/adhesion) by extension 'cmake'
[0.268s] Level 1:colcon.colcon_core.package_identification:_identify(mujoco/model/adhesion) by extension 'python'
[0.268s] Level 1:colcon.colcon_core.package_identification:_identify(mujoco/model/adhesion) by extensions ['python_setup_py']
[0.268s] Level 1:colcon.colcon_core.package_identification:_identify(mujoco/model/adhesion) by extension 'python_setup_py'
[0.268s] Level 1:colcon.colcon_core.package_identification:_identify(mujoco/model/balloons) by extensions ['ignore', 'ignore_ament_install']
[0.268s] Level 1:colcon.colcon_core.package_identification:_identify(mujoco/model/balloons) by extension 'ignore'
[0.268s] Level 1:colcon.colcon_core.package_identification:_identify(mujoco/model/balloons) by extension 'ignore_ament_install'
[0.268s] Level 1:colcon.colcon_core.package_identification:_identify(mujoco/model/balloons) by extensions ['colcon_pkg']
[0.268s] Level 1:colcon.colcon_core.package_identification:_identify(mujoco/model/balloons) by extension 'colcon_pkg'
[0.268s] Level 1:colcon.colcon_core.package_identification:_identify(mujoco/model/balloons) by extensions ['colcon_meta']
[0.268s] Level 1:colcon.colcon_core.package_identification:_identify(mujoco/model/balloons) by extension 'colcon_meta'
[0.268s] Level 1:colcon.colcon_core.package_identification:_identify(mujoco/model/balloons) by extensions ['ros']
[0.268s] Level 1:colcon.colcon_core.package_identification:_identify(mujoco/model/balloons) by extension 'ros'
[0.268s] Level 1:colcon.colcon_core.package_identification:_identify(mujoco/model/balloons) by extensions ['cmake', 'python']
[0.268s] Level 1:colcon.colcon_core.package_identification:_identify(mujoco/model/balloons) by extension 'cmake'
[0.268s] Level 1:colcon.colcon_core.package_identification:_identify(mujoco/model/balloons) by extension 'python'
[0.268s] Level 1:colcon.colcon_core.package_identification:_identify(mujoco/model/balloons) by extensions ['python_setup_py']
[0.268s] Level 1:colcon.colcon_core.package_identification:_identify(mujoco/model/balloons) by extension 'python_setup_py'
[0.268s] Level 1:colcon.colcon_core.package_identification:_identify(mujoco/model/car) by extensions ['ignore', 'ignore_ament_install']
[0.269s] Level 1:colcon.colcon_core.package_identification:_identify(mujoco/model/car) by extension 'ignore'
[0.269s] Level 1:colcon.colcon_core.package_identification:_identify(mujoco/model/car) by extension 'ignore_ament_install'
[0.269s] Level 1:colcon.colcon_core.package_identification:_identify(mujoco/model/car) by extensions ['colcon_pkg']
[0.269s] Level 1:colcon.colcon_core.package_identification:_identify(mujoco/model/car) by extension 'colcon_pkg'
[0.269s] Level 1:colcon.colcon_core.package_identification:_identify(mujoco/model/car) by extensions ['colcon_meta']
[0.269s] Level 1:colcon.colcon_core.package_identification:_identify(mujoco/model/car) by extension 'colcon_meta'
[0.269s] Level 1:colcon.colcon_core.package_identification:_identify(mujoco/model/car) by extensions ['ros']
[0.269s] Level 1:colcon.colcon_core.package_identification:_identify(mujoco/model/car) by extension 'ros'
[0.269s] Level 1:colcon.colcon_core.package_identification:_identify(mujoco/model/car) by extensions ['cmake', 'python']
[0.269s] Level 1:colcon.colcon_core.package_identification:_identify(mujoco/model/car) by extension 'cmake'
[0.269s] Level 1:colcon.colcon_core.package_identification:_identify(mujoco/model/car) by extension 'python'
[0.269s] Level 1:colcon.colcon_core.package_identification:_identify(mujoco/model/car) by extensions ['python_setup_py']
[0.269s] Level 1:colcon.colcon_core.package_identification:_identify(mujoco/model/car) by extension 'python_setup_py'
[0.269s] Level 1:colcon.colcon_core.package_identification:_identify(mujoco/model/cards) by extensions ['ignore', 'ignore_ament_install']
[0.269s] Level 1:colcon.colcon_core.package_identification:_identify(mujoco/model/cards) by extension 'ignore'
[0.269s] Level 1:colcon.colcon_core.package_identification:_identify(mujoco/model/cards) by extension 'ignore_ament_install'
[0.269s] Level 1:colcon.colcon_core.package_identification:_identify(mujoco/model/cards) by extensions ['colcon_pkg']
[0.269s] Level 1:colcon.colcon_core.package_identification:_identify(mujoco/model/cards) by extension 'colcon_pkg'
[0.269s] Level 1:colcon.colcon_core.package_identification:_identify(mujoco/model/cards) by extensions ['colcon_meta']
[0.269s] Level 1:colcon.colcon_core.package_identification:_identify(mujoco/model/cards) by extension 'colcon_meta'
[0.269s] Level 1:colcon.colcon_core.package_identification:_identify(mujoco/model/cards) by extensions ['ros']
[0.269s] Level 1:colcon.colcon_core.package_identification:_identify(mujoco/model/cards) by extension 'ros'
[0.270s] Level 1:colcon.colcon_core.package_identification:_identify(mujoco/model/cards) by extensions ['cmake', 'python']
[0.270s] Level 1:colcon.colcon_core.package_identification:_identify(mujoco/model/cards) by extension 'cmake'
[0.270s] Level 1:colcon.colcon_core.package_identification:_identify(mujoco/model/cards) by extension 'python'
[0.270s] Level 1:colcon.colcon_core.package_identification:_identify(mujoco/model/cards) by extensions ['python_setup_py']
[0.270s] Level 1:colcon.colcon_core.package_identification:_identify(mujoco/model/cards) by extension 'python_setup_py'
[0.270s] Level 1:colcon.colcon_core.package_identification:_identify(mujoco/model/cards/assets) by extensions ['ignore', 'ignore_ament_install']
[0.270s] Level 1:colcon.colcon_core.package_identification:_identify(mujoco/model/cards/assets) by extension 'ignore'
[0.270s] Level 1:colcon.colcon_core.package_identification:_identify(mujoco/model/cards/assets) by extension 'ignore_ament_install'
[0.270s] Level 1:colcon.colcon_core.package_identification:_identify(mujoco/model/cards/assets) by extensions ['colcon_pkg']
[0.270s] Level 1:colcon.colcon_core.package_identification:_identify(mujoco/model/cards/assets) by extension 'colcon_pkg'
[0.270s] Level 1:colcon.colcon_core.package_identification:_identify(mujoco/model/cards/assets) by extensions ['colcon_meta']
[0.270s] Level 1:colcon.colcon_core.package_identification:_identify(mujoco/model/cards/assets) by extension 'colcon_meta'
[0.270s] Level 1:colcon.colcon_core.package_identification:_identify(mujoco/model/cards/assets) by extensions ['ros']
[0.270s] Level 1:colcon.colcon_core.package_identification:_identify(mujoco/model/cards/assets) by extension 'ros'
[0.270s] Level 1:colcon.colcon_core.package_identification:_identify(mujoco/model/cards/assets) by extensions ['cmake', 'python']
[0.270s] Level 1:colcon.colcon_core.package_identification:_identify(mujoco/model/cards/assets) by extension 'cmake'
[0.270s] Level 1:colcon.colcon_core.package_identification:_identify(mujoco/model/cards/assets) by extension 'python'
[0.270s] Level 1:colcon.colcon_core.package_identification:_identify(mujoco/model/cards/assets) by extensions ['python_setup_py']
[0.270s] Level 1:colcon.colcon_core.package_identification:_identify(mujoco/model/cards/assets) by extension 'python_setup_py'
[0.271s] Level 1:colcon.colcon_core.package_identification:_identify(mujoco/model/cube) by extensions ['ignore', 'ignore_ament_install']
[0.271s] Level 1:colcon.colcon_core.package_identification:_identify(mujoco/model/cube) by extension 'ignore'
[0.271s] Level 1:colcon.colcon_core.package_identification:_identify(mujoco/model/cube) by extension 'ignore_ament_install'
[0.271s] Level 1:colcon.colcon_core.package_identification:_identify(mujoco/model/cube) by extensions ['colcon_pkg']
[0.271s] Level 1:colcon.colcon_core.package_identification:_identify(mujoco/model/cube) by extension 'colcon_pkg'
[0.271s] Level 1:colcon.colcon_core.package_identification:_identify(mujoco/model/cube) by extensions ['colcon_meta']
[0.271s] Level 1:colcon.colcon_core.package_identification:_identify(mujoco/model/cube) by extension 'colcon_meta'
[0.271s] Level 1:colcon.colcon_core.package_identification:_identify(mujoco/model/cube) by extensions ['ros']
[0.271s] Level 1:colcon.colcon_core.package_identification:_identify(mujoco/model/cube) by extension 'ros'
[0.271s] Level 1:colcon.colcon_core.package_identification:_identify(mujoco/model/cube) by extensions ['cmake', 'python']
[0.271s] Level 1:colcon.colcon_core.package_identification:_identify(mujoco/model/cube) by extension 'cmake'
[0.271s] Level 1:colcon.colcon_core.package_identification:_identify(mujoco/model/cube) by extension 'python'
[0.271s] Level 1:colcon.colcon_core.package_identification:_identify(mujoco/model/cube) by extensions ['python_setup_py']
[0.271s] Level 1:colcon.colcon_core.package_identification:_identify(mujoco/model/cube) by extension 'python_setup_py'
[0.271s] Level 1:colcon.colcon_core.package_identification:_identify(mujoco/model/cube/assets) by extensions ['ignore', 'ignore_ament_install']
[0.271s] Level 1:colcon.colcon_core.package_identification:_identify(mujoco/model/cube/assets) by extension 'ignore'
[0.271s] Level 1:colcon.colcon_core.package_identification:_identify(mujoco/model/cube/assets) by extension 'ignore_ament_install'
[0.271s] Level 1:colcon.colcon_core.package_identification:_identify(mujoco/model/cube/assets) by extensions ['colcon_pkg']
[0.271s] Level 1:colcon.colcon_core.package_identification:_identify(mujoco/model/cube/assets) by extension 'colcon_pkg'
[0.272s] Level 1:colcon.colcon_core.package_identification:_identify(mujoco/model/cube/assets) by extensions ['colcon_meta']
[0.272s] Level 1:colcon.colcon_core.package_identification:_identify(mujoco/model/cube/assets) by extension 'colcon_meta'
[0.272s] Level 1:colcon.colcon_core.package_identification:_identify(mujoco/model/cube/assets) by extensions ['ros']
[0.272s] Level 1:colcon.colcon_core.package_identification:_identify(mujoco/model/cube/assets) by extension 'ros'
[0.272s] Level 1:colcon.colcon_core.package_identification:_identify(mujoco/model/cube/assets) by extensions ['cmake', 'python']
[0.272s] Level 1:colcon.colcon_core.package_identification:_identify(mujoco/model/cube/assets) by extension 'cmake'
[0.272s] Level 1:colcon.colcon_core.package_identification:_identify(mujoco/model/cube/assets) by extension 'python'
[0.272s] Level 1:colcon.colcon_core.package_identification:_identify(mujoco/model/cube/assets) by extensions ['python_setup_py']
[0.272s] Level 1:colcon.colcon_core.package_identification:_identify(mujoco/model/cube/assets) by extension 'python_setup_py'
[0.272s] Level 1:colcon.colcon_core.package_identification:_identify(mujoco/model/flex) by extensions ['ignore', 'ignore_ament_install']
[0.272s] Level 1:colcon.colcon_core.package_identification:_identify(mujoco/model/flex) by extension 'ignore'
[0.272s] Level 1:colcon.colcon_core.package_identification:_identify(mujoco/model/flex) by extension 'ignore_ament_install'
[0.272s] Level 1:colcon.colcon_core.package_identification:_identify(mujoco/model/flex) by extensions ['colcon_pkg']
[0.272s] Level 1:colcon.colcon_core.package_identification:_identify(mujoco/model/flex) by extension 'colcon_pkg'
[0.272s] Level 1:colcon.colcon_core.package_identification:_identify(mujoco/model/flex) by extensions ['colcon_meta']
[0.272s] Level 1:colcon.colcon_core.package_identification:_identify(mujoco/model/flex) by extension 'colcon_meta'
[0.272s] Level 1:colcon.colcon_core.package_identification:_identify(mujoco/model/flex) by extensions ['ros']
[0.272s] Level 1:colcon.colcon_core.package_identification:_identify(mujoco/model/flex) by extension 'ros'
[0.272s] Level 1:colcon.colcon_core.package_identification:_identify(mujoco/model/flex) by extensions ['cmake', 'python']
[0.272s] Level 1:colcon.colcon_core.package_identification:_identify(mujoco/model/flex) by extension 'cmake'
[0.272s] Level 1:colcon.colcon_core.package_identification:_identify(mujoco/model/flex) by extension 'python'
[0.273s] Level 1:colcon.colcon_core.package_identification:_identify(mujoco/model/flex) by extensions ['python_setup_py']
[0.273s] Level 1:colcon.colcon_core.package_identification:_identify(mujoco/model/flex) by extension 'python_setup_py'
[0.273s] Level 1:colcon.colcon_core.package_identification:_identify(mujoco/model/flex/asset) by extensions ['ignore', 'ignore_ament_install']
[0.273s] Level 1:colcon.colcon_core.package_identification:_identify(mujoco/model/flex/asset) by extension 'ignore'
[0.273s] Level 1:colcon.colcon_core.package_identification:_identify(mujoco/model/flex/asset) by extension 'ignore_ament_install'
[0.273s] Level 1:colcon.colcon_core.package_identification:_identify(mujoco/model/flex/asset) by extensions ['colcon_pkg']
[0.273s] Level 1:colcon.colcon_core.package_identification:_identify(mujoco/model/flex/asset) by extension 'colcon_pkg'
[0.273s] Level 1:colcon.colcon_core.package_identification:_identify(mujoco/model/flex/asset) by extensions ['colcon_meta']
[0.273s] Level 1:colcon.colcon_core.package_identification:_identify(mujoco/model/flex/asset) by extension 'colcon_meta'
[0.273s] Level 1:colcon.colcon_core.package_identification:_identify(mujoco/model/flex/asset) by extensions ['ros']
[0.273s] Level 1:colcon.colcon_core.package_identification:_identify(mujoco/model/flex/asset) by extension 'ros'
[0.273s] Level 1:colcon.colcon_core.package_identification:_identify(mujoco/model/flex/asset) by extensions ['cmake', 'python']
[0.273s] Level 1:colcon.colcon_core.package_identification:_identify(mujoco/model/flex/asset) by extension 'cmake'
[0.273s] Level 1:colcon.colcon_core.package_identification:_identify(mujoco/model/flex/asset) by extension 'python'
[0.273s] Level 1:colcon.colcon_core.package_identification:_identify(mujoco/model/flex/asset) by extensions ['python_setup_py']
[0.273s] Level 1:colcon.colcon_core.package_identification:_identify(mujoco/model/flex/asset) by extension 'python_setup_py'
[0.273s] Level 1:colcon.colcon_core.package_identification:_identify(mujoco/model/hammock) by extensions ['ignore', 'ignore_ament_install']
[0.273s] Level 1:colcon.colcon_core.package_identification:_identify(mujoco/model/hammock) by extension 'ignore'
[0.273s] Level 1:colcon.colcon_core.package_identification:_identify(mujoco/model/hammock) by extension 'ignore_ament_install'
[0.273s] Level 1:colcon.colcon_core.package_identification:_identify(mujoco/model/hammock) by extensions ['colcon_pkg']
[0.274s] Level 1:colcon.colcon_core.package_identification:_identify(mujoco/model/hammock) by extension 'colcon_pkg'
[0.274s] Level 1:colcon.colcon_core.package_identification:_identify(mujoco/model/hammock) by extensions ['colcon_meta']
[0.274s] Level 1:colcon.colcon_core.package_identification:_identify(mujoco/model/hammock) by extension 'colcon_meta'
[0.274s] Level 1:colcon.colcon_core.package_identification:_identify(mujoco/model/hammock) by extensions ['ros']
[0.274s] Level 1:colcon.colcon_core.package_identification:_identify(mujoco/model/hammock) by extension 'ros'
[0.274s] Level 1:colcon.colcon_core.package_identification:_identify(mujoco/model/hammock) by extensions ['cmake', 'python']
[0.274s] Level 1:colcon.colcon_core.package_identification:_identify(mujoco/model/hammock) by extension 'cmake'
[0.274s] Level 1:colcon.colcon_core.package_identification:_identify(mujoco/model/hammock) by extension 'python'
[0.274s] Level 1:colcon.colcon_core.package_identification:_identify(mujoco/model/hammock) by extensions ['python_setup_py']
[0.274s] Level 1:colcon.colcon_core.package_identification:_identify(mujoco/model/hammock) by extension 'python_setup_py'
[0.274s] Level 1:colcon.colcon_core.package_identification:_identify(mujoco/model/humanoid) by extensions ['ignore', 'ignore_ament_install']
[0.274s] Level 1:colcon.colcon_core.package_identification:_identify(mujoco/model/humanoid) by extension 'ignore'
[0.274s] Level 1:colcon.colcon_core.package_identification:_identify(mujoco/model/humanoid) by extension 'ignore_ament_install'
[0.274s] Level 1:colcon.colcon_core.package_identification:_identify(mujoco/model/humanoid) by extensions ['colcon_pkg']
[0.274s] Level 1:colcon.colcon_core.package_identification:_identify(mujoco/model/humanoid) by extension 'colcon_pkg'
[0.274s] Level 1:colcon.colcon_core.package_identification:_identify(mujoco/model/humanoid) by extensions ['colcon_meta']
[0.274s] Level 1:colcon.colcon_core.package_identification:_identify(mujoco/model/humanoid) by extension 'colcon_meta'
[0.274s] Level 1:colcon.colcon_core.package_identification:_identify(mujoco/model/humanoid) by extensions ['ros']
[0.274s] Level 1:colcon.colcon_core.package_identification:_identify(mujoco/model/humanoid) by extension 'ros'
[0.274s] Level 1:colcon.colcon_core.package_identification:_identify(mujoco/model/humanoid) by extensions ['cmake', 'python']
[0.274s] Level 1:colcon.colcon_core.package_identification:_identify(mujoco/model/humanoid) by extension 'cmake'
[0.274s] Level 1:colcon.colcon_core.package_identification:_identify(mujoco/model/humanoid) by extension 'python'
[0.274s] Level 1:colcon.colcon_core.package_identification:_identify(mujoco/model/humanoid) by extensions ['python_setup_py']
[0.275s] Level 1:colcon.colcon_core.package_identification:_identify(mujoco/model/humanoid) by extension 'python_setup_py'
[0.275s] Level 1:colcon.colcon_core.package_identification:_identify(mujoco/model/mug) by extensions ['ignore', 'ignore_ament_install']
[0.275s] Level 1:colcon.colcon_core.package_identification:_identify(mujoco/model/mug) by extension 'ignore'
[0.275s] Level 1:colcon.colcon_core.package_identification:_identify(mujoco/model/mug) by extension 'ignore_ament_install'
[0.275s] Level 1:colcon.colcon_core.package_identification:_identify(mujoco/model/mug) by extensions ['colcon_pkg']
[0.275s] Level 1:colcon.colcon_core.package_identification:_identify(mujoco/model/mug) by extension 'colcon_pkg'
[0.275s] Level 1:colcon.colcon_core.package_identification:_identify(mujoco/model/mug) by extensions ['colcon_meta']
[0.275s] Level 1:colcon.colcon_core.package_identification:_identify(mujoco/model/mug) by extension 'colcon_meta'
[0.275s] Level 1:colcon.colcon_core.package_identification:_identify(mujoco/model/mug) by extensions ['ros']
[0.275s] Level 1:colcon.colcon_core.package_identification:_identify(mujoco/model/mug) by extension 'ros'
[0.275s] Level 1:colcon.colcon_core.package_identification:_identify(mujoco/model/mug) by extensions ['cmake', 'python']
[0.275s] Level 1:colcon.colcon_core.package_identification:_identify(mujoco/model/mug) by extension 'cmake'
[0.275s] Level 1:colcon.colcon_core.package_identification:_identify(mujoco/model/mug) by extension 'python'
[0.275s] Level 1:colcon.colcon_core.package_identification:_identify(mujoco/model/mug) by extensions ['python_setup_py']
[0.275s] Level 1:colcon.colcon_core.package_identification:_identify(mujoco/model/mug) by extension 'python_setup_py'
[0.275s] Level 1:colcon.colcon_core.package_identification:_identify(mujoco/model/plugin) by extensions ['ignore', 'ignore_ament_install']
[0.275s] Level 1:colcon.colcon_core.package_identification:_identify(mujoco/model/plugin) by extension 'ignore'
[0.275s] Level 1:colcon.colcon_core.package_identification:_identify(mujoco/model/plugin) by extension 'ignore_ament_install'
[0.275s] Level 1:colcon.colcon_core.package_identification:_identify(mujoco/model/plugin) by extensions ['colcon_pkg']
[0.275s] Level 1:colcon.colcon_core.package_identification:_identify(mujoco/model/plugin) by extension 'colcon_pkg'
[0.276s] Level 1:colcon.colcon_core.package_identification:_identify(mujoco/model/plugin) by extensions ['colcon_meta']
[0.276s] Level 1:colcon.colcon_core.package_identification:_identify(mujoco/model/plugin) by extension 'colcon_meta'
[0.276s] Level 1:colcon.colcon_core.package_identification:_identify(mujoco/model/plugin) by extensions ['ros']
[0.276s] Level 1:colcon.colcon_core.package_identification:_identify(mujoco/model/plugin) by extension 'ros'
[0.276s] Level 1:colcon.colcon_core.package_identification:_identify(mujoco/model/plugin) by extensions ['cmake', 'python']
[0.276s] Level 1:colcon.colcon_core.package_identification:_identify(mujoco/model/plugin) by extension 'cmake'
[0.276s] Level 1:colcon.colcon_core.package_identification:_identify(mujoco/model/plugin) by extension 'python'
[0.276s] Level 1:colcon.colcon_core.package_identification:_identify(mujoco/model/plugin) by extensions ['python_setup_py']
[0.276s] Level 1:colcon.colcon_core.package_identification:_identify(mujoco/model/plugin) by extension 'python_setup_py'
[0.276s] Level 1:colcon.colcon_core.package_identification:_identify(mujoco/model/plugin/actuator) by extensions ['ignore', 'ignore_ament_install']
[0.276s] Level 1:colcon.colcon_core.package_identification:_identify(mujoco/model/plugin/actuator) by extension 'ignore'
[0.276s] Level 1:colcon.colcon_core.package_identification:_identify(mujoco/model/plugin/actuator) by extension 'ignore_ament_install'
[0.276s] Level 1:colcon.colcon_core.package_identification:_identify(mujoco/model/plugin/actuator) by extensions ['colcon_pkg']
[0.276s] Level 1:colcon.colcon_core.package_identification:_identify(mujoco/model/plugin/actuator) by extension 'colcon_pkg'
[0.276s] Level 1:colcon.colcon_core.package_identification:_identify(mujoco/model/plugin/actuator) by extensions ['colcon_meta']
[0.276s] Level 1:colcon.colcon_core.package_identification:_identify(mujoco/model/plugin/actuator) by extension 'colcon_meta'
[0.276s] Level 1:colcon.colcon_core.package_identification:_identify(mujoco/model/plugin/actuator) by extensions ['ros']
[0.276s] Level 1:colcon.colcon_core.package_identification:_identify(mujoco/model/plugin/actuator) by extension 'ros'
[0.276s] Level 1:colcon.colcon_core.package_identification:_identify(mujoco/model/plugin/actuator) by extensions ['cmake', 'python']
[0.276s] Level 1:colcon.colcon_core.package_identification:_identify(mujoco/model/plugin/actuator) by extension 'cmake'
[0.276s] Level 1:colcon.colcon_core.package_identification:_identify(mujoco/model/plugin/actuator) by extension 'python'
[0.276s] Level 1:colcon.colcon_core.package_identification:_identify(mujoco/model/plugin/actuator) by extensions ['python_setup_py']
[0.277s] Level 1:colcon.colcon_core.package_identification:_identify(mujoco/model/plugin/actuator) by extension 'python_setup_py'
[0.277s] Level 1:colcon.colcon_core.package_identification:_identify(mujoco/model/plugin/elasticity) by extensions ['ignore', 'ignore_ament_install']
[0.277s] Level 1:colcon.colcon_core.package_identification:_identify(mujoco/model/plugin/elasticity) by extension 'ignore'
[0.277s] Level 1:colcon.colcon_core.package_identification:_identify(mujoco/model/plugin/elasticity) by extension 'ignore_ament_install'
[0.277s] Level 1:colcon.colcon_core.package_identification:_identify(mujoco/model/plugin/elasticity) by extensions ['colcon_pkg']
[0.277s] Level 1:colcon.colcon_core.package_identification:_identify(mujoco/model/plugin/elasticity) by extension 'colcon_pkg'
[0.277s] Level 1:colcon.colcon_core.package_identification:_identify(mujoco/model/plugin/elasticity) by extensions ['colcon_meta']
[0.277s] Level 1:colcon.colcon_core.package_identification:_identify(mujoco/model/plugin/elasticity) by extension 'colcon_meta'
[0.277s] Level 1:colcon.colcon_core.package_identification:_identify(mujoco/model/plugin/elasticity) by extensions ['ros']
[0.277s] Level 1:colcon.colcon_core.package_identification:_identify(mujoco/model/plugin/elasticity) by extension 'ros'
[0.277s] Level 1:colcon.colcon_core.package_identification:_identify(mujoco/model/plugin/elasticity) by extensions ['cmake', 'python']
[0.277s] Level 1:colcon.colcon_core.package_identification:_identify(mujoco/model/plugin/elasticity) by extension 'cmake'
[0.277s] Level 1:colcon.colcon_core.package_identification:_identify(mujoco/model/plugin/elasticity) by extension 'python'
[0.277s] Level 1:colcon.colcon_core.package_identification:_identify(mujoco/model/plugin/elasticity) by extensions ['python_setup_py']
[0.277s] Level 1:colcon.colcon_core.package_identification:_identify(mujoco/model/plugin/elasticity) by extension 'python_setup_py'
[0.277s] Level 1:colcon.colcon_core.package_identification:_identify(mujoco/model/plugin/sdf) by extensions ['ignore', 'ignore_ament_install']
[0.277s] Level 1:colcon.colcon_core.package_identification:_identify(mujoco/model/plugin/sdf) by extension 'ignore'
[0.277s] Level 1:colcon.colcon_core.package_identification:_identify(mujoco/model/plugin/sdf) by extension 'ignore_ament_install'
[0.277s] Level 1:colcon.colcon_core.package_identification:_identify(mujoco/model/plugin/sdf) by extensions ['colcon_pkg']
[0.277s] Level 1:colcon.colcon_core.package_identification:_identify(mujoco/model/plugin/sdf) by extension 'colcon_pkg'
[0.278s] Level 1:colcon.colcon_core.package_identification:_identify(mujoco/model/plugin/sdf) by extensions ['colcon_meta']
[0.278s] Level 1:colcon.colcon_core.package_identification:_identify(mujoco/model/plugin/sdf) by extension 'colcon_meta'
[0.278s] Level 1:colcon.colcon_core.package_identification:_identify(mujoco/model/plugin/sdf) by extensions ['ros']
[0.278s] Level 1:colcon.colcon_core.package_identification:_identify(mujoco/model/plugin/sdf) by extension 'ros'
[0.278s] Level 1:colcon.colcon_core.package_identification:_identify(mujoco/model/plugin/sdf) by extensions ['cmake', 'python']
[0.278s] Level 1:colcon.colcon_core.package_identification:_identify(mujoco/model/plugin/sdf) by extension 'cmake'
[0.278s] Level 1:colcon.colcon_core.package_identification:_identify(mujoco/model/plugin/sdf) by extension 'python'
[0.278s] Level 1:colcon.colcon_core.package_identification:_identify(mujoco/model/plugin/sdf) by extensions ['python_setup_py']
[0.278s] Level 1:colcon.colcon_core.package_identification:_identify(mujoco/model/plugin/sdf) by extension 'python_setup_py'
[0.278s] Level 1:colcon.colcon_core.package_identification:_identify(mujoco/model/plugin/sdf/asset) by extensions ['ignore', 'ignore_ament_install']
[0.278s] Level 1:colcon.colcon_core.package_identification:_identify(mujoco/model/plugin/sdf/asset) by extension 'ignore'
[0.278s] Level 1:colcon.colcon_core.package_identification:_identify(mujoco/model/plugin/sdf/asset) by extension 'ignore_ament_install'
[0.278s] Level 1:colcon.colcon_core.package_identification:_identify(mujoco/model/plugin/sdf/asset) by extensions ['colcon_pkg']
[0.278s] Level 1:colcon.colcon_core.package_identification:_identify(mujoco/model/plugin/sdf/asset) by extension 'colcon_pkg'
[0.278s] Level 1:colcon.colcon_core.package_identification:_identify(mujoco/model/plugin/sdf/asset) by extensions ['colcon_meta']
[0.278s] Level 1:colcon.colcon_core.package_identification:_identify(mujoco/model/plugin/sdf/asset) by extension 'colcon_meta'
[0.278s] Level 1:colcon.colcon_core.package_identification:_identify(mujoco/model/plugin/sdf/asset) by extensions ['ros']
[0.278s] Level 1:colcon.colcon_core.package_identification:_identify(mujoco/model/plugin/sdf/asset) by extension 'ros'
[0.278s] Level 1:colcon.colcon_core.package_identification:_identify(mujoco/model/plugin/sdf/asset) by extensions ['cmake', 'python']
[0.278s] Level 1:colcon.colcon_core.package_identification:_identify(mujoco/model/plugin/sdf/asset) by extension 'cmake'
[0.278s] Level 1:colcon.colcon_core.package_identification:_identify(mujoco/model/plugin/sdf/asset) by extension 'python'
[0.279s] Level 1:colcon.colcon_core.package_identification:_identify(mujoco/model/plugin/sdf/asset) by extensions ['python_setup_py']
[0.279s] Level 1:colcon.colcon_core.package_identification:_identify(mujoco/model/plugin/sdf/asset) by extension 'python_setup_py'
[0.279s] Level 1:colcon.colcon_core.package_identification:_identify(mujoco/model/plugin/sensor) by extensions ['ignore', 'ignore_ament_install']
[0.279s] Level 1:colcon.colcon_core.package_identification:_identify(mujoco/model/plugin/sensor) by extension 'ignore'
[0.279s] Level 1:colcon.colcon_core.package_identification:_identify(mujoco/model/plugin/sensor) by extension 'ignore_ament_install'
[0.279s] Level 1:colcon.colcon_core.package_identification:_identify(mujoco/model/plugin/sensor) by extensions ['colcon_pkg']
[0.279s] Level 1:colcon.colcon_core.package_identification:_identify(mujoco/model/plugin/sensor) by extension 'colcon_pkg'
[0.279s] Level 1:colcon.colcon_core.package_identification:_identify(mujoco/model/plugin/sensor) by extensions ['colcon_meta']
[0.279s] Level 1:colcon.colcon_core.package_identification:_identify(mujoco/model/plugin/sensor) by extension 'colcon_meta'
[0.279s] Level 1:colcon.colcon_core.package_identification:_identify(mujoco/model/plugin/sensor) by extensions ['ros']
[0.279s] Level 1:colcon.colcon_core.package_identification:_identify(mujoco/model/plugin/sensor) by extension 'ros'
[0.279s] Level 1:colcon.colcon_core.package_identification:_identify(mujoco/model/plugin/sensor) by extensions ['cmake', 'python']
[0.279s] Level 1:colcon.colcon_core.package_identification:_identify(mujoco/model/plugin/sensor) by extension 'cmake'
[0.279s] Level 1:colcon.colcon_core.package_identification:_identify(mujoco/model/plugin/sensor) by extension 'python'
[0.279s] Level 1:colcon.colcon_core.package_identification:_identify(mujoco/model/plugin/sensor) by extensions ['python_setup_py']
[0.279s] Level 1:colcon.colcon_core.package_identification:_identify(mujoco/model/plugin/sensor) by extension 'python_setup_py'
[0.279s] Level 1:colcon.colcon_core.package_identification:_identify(mujoco/model/replicate) by extensions ['ignore', 'ignore_ament_install']
[0.279s] Level 1:colcon.colcon_core.package_identification:_identify(mujoco/model/replicate) by extension 'ignore'
[0.279s] Level 1:colcon.colcon_core.package_identification:_identify(mujoco/model/replicate) by extension 'ignore_ament_install'
[0.279s] Level 1:colcon.colcon_core.package_identification:_identify(mujoco/model/replicate) by extensions ['colcon_pkg']
[0.280s] Level 1:colcon.colcon_core.package_identification:_identify(mujoco/model/replicate) by extension 'colcon_pkg'
[0.280s] Level 1:colcon.colcon_core.package_identification:_identify(mujoco/model/replicate) by extensions ['colcon_meta']
[0.280s] Level 1:colcon.colcon_core.package_identification:_identify(mujoco/model/replicate) by extension 'colcon_meta'
[0.280s] Level 1:colcon.colcon_core.package_identification:_identify(mujoco/model/replicate) by extensions ['ros']
[0.280s] Level 1:colcon.colcon_core.package_identification:_identify(mujoco/model/replicate) by extension 'ros'
[0.280s] Level 1:colcon.colcon_core.package_identification:_identify(mujoco/model/replicate) by extensions ['cmake', 'python']
[0.280s] Level 1:colcon.colcon_core.package_identification:_identify(mujoco/model/replicate) by extension 'cmake'
[0.280s] Level 1:colcon.colcon_core.package_identification:_identify(mujoco/model/replicate) by extension 'python'
[0.280s] Level 1:colcon.colcon_core.package_identification:_identify(mujoco/model/replicate) by extensions ['python_setup_py']
[0.280s] Level 1:colcon.colcon_core.package_identification:_identify(mujoco/model/replicate) by extension 'python_setup_py'
[0.280s] Level 1:colcon.colcon_core.package_identification:_identify(mujoco/model/replicate/asset) by extensions ['ignore', 'ignore_ament_install']
[0.280s] Level 1:colcon.colcon_core.package_identification:_identify(mujoco/model/replicate/asset) by extension 'ignore'
[0.280s] Level 1:colcon.colcon_core.package_identification:_identify(mujoco/model/replicate/asset) by extension 'ignore_ament_install'
[0.280s] Level 1:colcon.colcon_core.package_identification:_identify(mujoco/model/replicate/asset) by extensions ['colcon_pkg']
[0.280s] Level 1:colcon.colcon_core.package_identification:_identify(mujoco/model/replicate/asset) by extension 'colcon_pkg'
[0.280s] Level 1:colcon.colcon_core.package_identification:_identify(mujoco/model/replicate/asset) by extensions ['colcon_meta']
[0.280s] Level 1:colcon.colcon_core.package_identification:_identify(mujoco/model/replicate/asset) by extension 'colcon_meta'
[0.280s] Level 1:colcon.colcon_core.package_identification:_identify(mujoco/model/replicate/asset) by extensions ['ros']
[0.280s] Level 1:colcon.colcon_core.package_identification:_identify(mujoco/model/replicate/asset) by extension 'ros'
[0.280s] Level 1:colcon.colcon_core.package_identification:_identify(mujoco/model/replicate/asset) by extensions ['cmake', 'python']
[0.280s] Level 1:colcon.colcon_core.package_identification:_identify(mujoco/model/replicate/asset) by extension 'cmake'
[0.280s] Level 1:colcon.colcon_core.package_identification:_identify(mujoco/model/replicate/asset) by extension 'python'
[0.281s] Level 1:colcon.colcon_core.package_identification:_identify(mujoco/model/replicate/asset) by extensions ['python_setup_py']
[0.281s] Level 1:colcon.colcon_core.package_identification:_identify(mujoco/model/replicate/asset) by extension 'python_setup_py'
[0.281s] Level 1:colcon.colcon_core.package_identification:_identify(mujoco/model/slider_crank) by extensions ['ignore', 'ignore_ament_install']
[0.281s] Level 1:colcon.colcon_core.package_identification:_identify(mujoco/model/slider_crank) by extension 'ignore'
[0.281s] Level 1:colcon.colcon_core.package_identification:_identify(mujoco/model/slider_crank) by extension 'ignore_ament_install'
[0.281s] Level 1:colcon.colcon_core.package_identification:_identify(mujoco/model/slider_crank) by extensions ['colcon_pkg']
[0.281s] Level 1:colcon.colcon_core.package_identification:_identify(mujoco/model/slider_crank) by extension 'colcon_pkg'
[0.281s] Level 1:colcon.colcon_core.package_identification:_identify(mujoco/model/slider_crank) by extensions ['colcon_meta']
[0.281s] Level 1:colcon.colcon_core.package_identification:_identify(mujoco/model/slider_crank) by extension 'colcon_meta'
[0.281s] Level 1:colcon.colcon_core.package_identification:_identify(mujoco/model/slider_crank) by extensions ['ros']
[0.281s] Level 1:colcon.colcon_core.package_identification:_identify(mujoco/model/slider_crank) by extension 'ros'
[0.281s] Level 1:colcon.colcon_core.package_identification:_identify(mujoco/model/slider_crank) by extensions ['cmake', 'python']
[0.281s] Level 1:colcon.colcon_core.package_identification:_identify(mujoco/model/slider_crank) by extension 'cmake'
[0.281s] Level 1:colcon.colcon_core.package_identification:_identify(mujoco/model/slider_crank) by extension 'python'
[0.281s] Level 1:colcon.colcon_core.package_identification:_identify(mujoco/model/slider_crank) by extensions ['python_setup_py']
[0.281s] Level 1:colcon.colcon_core.package_identification:_identify(mujoco/model/slider_crank) by extension 'python_setup_py'
[0.281s] Level 1:colcon.colcon_core.package_identification:_identify(mujoco/model/tendon_arm) by extensions ['ignore', 'ignore_ament_install']
[0.281s] Level 1:colcon.colcon_core.package_identification:_identify(mujoco/model/tendon_arm) by extension 'ignore'
[0.281s] Level 1:colcon.colcon_core.package_identification:_identify(mujoco/model/tendon_arm) by extension 'ignore_ament_install'
[0.281s] Level 1:colcon.colcon_core.package_identification:_identify(mujoco/model/tendon_arm) by extensions ['colcon_pkg']
[0.282s] Level 1:colcon.colcon_core.package_identification:_identify(mujoco/model/tendon_arm) by extension 'colcon_pkg'
[0.282s] Level 1:colcon.colcon_core.package_identification:_identify(mujoco/model/tendon_arm) by extensions ['colcon_meta']
[0.282s] Level 1:colcon.colcon_core.package_identification:_identify(mujoco/model/tendon_arm) by extension 'colcon_meta'
[0.282s] Level 1:colcon.colcon_core.package_identification:_identify(mujoco/model/tendon_arm) by extensions ['ros']
[0.282s] Level 1:colcon.colcon_core.package_identification:_identify(mujoco/model/tendon_arm) by extension 'ros'
[0.282s] Level 1:colcon.colcon_core.package_identification:_identify(mujoco/model/tendon_arm) by extensions ['cmake', 'python']
[0.282s] Level 1:colcon.colcon_core.package_identification:_identify(mujoco/model/tendon_arm) by extension 'cmake'
[0.282s] Level 1:colcon.colcon_core.package_identification:_identify(mujoco/model/tendon_arm) by extension 'python'
[0.282s] Level 1:colcon.colcon_core.package_identification:_identify(mujoco/model/tendon_arm) by extensions ['python_setup_py']
[0.282s] Level 1:colcon.colcon_core.package_identification:_identify(mujoco/model/tendon_arm) by extension 'python_setup_py'
[0.282s] Level 1:colcon.colcon_core.package_identification:_identify(mujoco/sample) by extensions ['ignore', 'ignore_ament_install']
[0.282s] Level 1:colcon.colcon_core.package_identification:_identify(mujoco/sample) by extension 'ignore'
[0.282s] Level 1:colcon.colcon_core.package_identification:_identify(mujoco/sample) by extension 'ignore_ament_install'
[0.282s] Level 1:colcon.colcon_core.package_identification:_identify(mujoco/sample) by extensions ['colcon_pkg']
[0.282s] Level 1:colcon.colcon_core.package_identification:_identify(mujoco/sample) by extension 'colcon_pkg'
[0.282s] Level 1:colcon.colcon_core.package_identification:_identify(mujoco/sample) by extensions ['colcon_meta']
[0.282s] Level 1:colcon.colcon_core.package_identification:_identify(mujoco/sample) by extension 'colcon_meta'
[0.282s] Level 1:colcon.colcon_core.package_identification:_identify(mujoco/sample) by extensions ['ros']
[0.282s] Level 1:colcon.colcon_core.package_identification:_identify(mujoco/sample) by extension 'ros'
[0.282s] Level 1:colcon.colcon_core.package_identification:_identify(mujoco/sample) by extensions ['cmake', 'python']
[0.282s] Level 1:colcon.colcon_core.package_identification:_identify(mujoco/sample) by extension 'cmake'
[0.282s] Level 1:colcon.colcon_core.package_identification:_identify(mujoco/sample) by extension 'python'
[0.283s] Level 1:colcon.colcon_core.package_identification:_identify(mujoco/sample) by extensions ['python_setup_py']
[0.283s] Level 1:colcon.colcon_core.package_identification:_identify(mujoco/sample) by extension 'python_setup_py'
[0.283s] Level 1:colcon.colcon_core.package_identification:_identify(mujoco/sample/cmake) by extensions ['ignore', 'ignore_ament_install']
[0.283s] Level 1:colcon.colcon_core.package_identification:_identify(mujoco/sample/cmake) by extension 'ignore'
[0.283s] Level 1:colcon.colcon_core.package_identification:_identify(mujoco/sample/cmake) by extension 'ignore_ament_install'
[0.283s] Level 1:colcon.colcon_core.package_identification:_identify(mujoco/sample/cmake) by extensions ['colcon_pkg']
[0.283s] Level 1:colcon.colcon_core.package_identification:_identify(mujoco/sample/cmake) by extension 'colcon_pkg'
[0.283s] Level 1:colcon.colcon_core.package_identification:_identify(mujoco/sample/cmake) by extensions ['colcon_meta']
[0.283s] Level 1:colcon.colcon_core.package_identification:_identify(mujoco/sample/cmake) by extension 'colcon_meta'
[0.283s] Level 1:colcon.colcon_core.package_identification:_identify(mujoco/sample/cmake) by extensions ['ros']
[0.283s] Level 1:colcon.colcon_core.package_identification:_identify(mujoco/sample/cmake) by extension 'ros'
[0.283s] Level 1:colcon.colcon_core.package_identification:_identify(mujoco/sample/cmake) by extensions ['cmake', 'python']
[0.283s] Level 1:colcon.colcon_core.package_identification:_identify(mujoco/sample/cmake) by extension 'cmake'
[0.283s] Level 1:colcon.colcon_core.package_identification:_identify(mujoco/sample/cmake) by extension 'python'
[0.283s] Level 1:colcon.colcon_core.package_identification:_identify(mujoco/sample/cmake) by extensions ['python_setup_py']
[0.283s] Level 1:colcon.colcon_core.package_identification:_identify(mujoco/sample/cmake) by extension 'python_setup_py'
[0.283s] Level 1:colcon.colcon_core.package_identification:_identify(mujoco/simulate) by extensions ['ignore', 'ignore_ament_install']
[0.283s] Level 1:colcon.colcon_core.package_identification:_identify(mujoco/simulate) by extension 'ignore'
[0.283s] Level 1:colcon.colcon_core.package_identification:_identify(mujoco/simulate) by extension 'ignore_ament_install'
[0.283s] Level 1:colcon.colcon_core.package_identification:_identify(mujoco/simulate) by extensions ['colcon_pkg']
[0.284s] Level 1:colcon.colcon_core.package_identification:_identify(mujoco/simulate) by extension 'colcon_pkg'
[0.284s] Level 1:colcon.colcon_core.package_identification:_identify(mujoco/simulate) by extensions ['colcon_meta']
[0.284s] Level 1:colcon.colcon_core.package_identification:_identify(mujoco/simulate) by extension 'colcon_meta'
[0.284s] Level 1:colcon.colcon_core.package_identification:_identify(mujoco/simulate) by extensions ['ros']
[0.284s] Level 1:colcon.colcon_core.package_identification:_identify(mujoco/simulate) by extension 'ros'
[0.284s] Level 1:colcon.colcon_core.package_identification:_identify(mujoco/simulate) by extensions ['cmake', 'python']
[0.284s] Level 1:colcon.colcon_core.package_identification:_identify(mujoco/simulate) by extension 'cmake'
[0.284s] Level 1:colcon.colcon_core.package_identification:_identify(mujoco/simulate) by extension 'python'
[0.284s] Level 1:colcon.colcon_core.package_identification:_identify(mujoco/simulate) by extensions ['python_setup_py']
[0.284s] Level 1:colcon.colcon_core.package_identification:_identify(mujoco/simulate) by extension 'python_setup_py'
[0.284s] Level 1:colcon.colcon_core.package_identification:_identify(mujoco/simulate/cmake) by extensions ['ignore', 'ignore_ament_install']
[0.284s] Level 1:colcon.colcon_core.package_identification:_identify(mujoco/simulate/cmake) by extension 'ignore'
[0.284s] Level 1:colcon.colcon_core.package_identification:_identify(mujoco/simulate/cmake) by extension 'ignore_ament_install'
[0.284s] Level 1:colcon.colcon_core.package_identification:_identify(mujoco/simulate/cmake) by extensions ['colcon_pkg']
[0.284s] Level 1:colcon.colcon_core.package_identification:_identify(mujoco/simulate/cmake) by extension 'colcon_pkg'
[0.284s] Level 1:colcon.colcon_core.package_identification:_identify(mujoco/simulate/cmake) by extensions ['colcon_meta']
[0.284s] Level 1:colcon.colcon_core.package_identification:_identify(mujoco/simulate/cmake) by extension 'colcon_meta'
[0.284s] Level 1:colcon.colcon_core.package_identification:_identify(mujoco/simulate/cmake) by extensions ['ros']
[0.284s] Level 1:colcon.colcon_core.package_identification:_identify(mujoco/simulate/cmake) by extension 'ros'
[0.284s] Level 1:colcon.colcon_core.package_identification:_identify(mujoco/simulate/cmake) by extensions ['cmake', 'python']
[0.284s] Level 1:colcon.colcon_core.package_identification:_identify(mujoco/simulate/cmake) by extension 'cmake'
[0.285s] Level 1:colcon.colcon_core.package_identification:_identify(mujoco/simulate/cmake) by extension 'python'
[0.285s] Level 1:colcon.colcon_core.package_identification:_identify(mujoco/simulate/cmake) by extensions ['python_setup_py']
[0.285s] Level 1:colcon.colcon_core.package_identification:_identify(mujoco/simulate/cmake) by extension 'python_setup_py'
[0.285s] Level 1:colcon.colcon_core.package_identification:_identify(scripts) by extensions ['ignore', 'ignore_ament_install']
[0.285s] Level 1:colcon.colcon_core.package_identification:_identify(scripts) by extension 'ignore'
[0.285s] Level 1:colcon.colcon_core.package_identification:_identify(scripts) by extension 'ignore_ament_install'
[0.285s] Level 1:colcon.colcon_core.package_identification:_identify(scripts) by extensions ['colcon_pkg']
[0.285s] Level 1:colcon.colcon_core.package_identification:_identify(scripts) by extension 'colcon_pkg'
[0.285s] Level 1:colcon.colcon_core.package_identification:_identify(scripts) by extensions ['colcon_meta']
[0.285s] Level 1:colcon.colcon_core.package_identification:_identify(scripts) by extension 'colcon_meta'
[0.285s] Level 1:colcon.colcon_core.package_identification:_identify(scripts) by extensions ['ros']
[0.285s] Level 1:colcon.colcon_core.package_identification:_identify(scripts) by extension 'ros'
[0.285s] Level 1:colcon.colcon_core.package_identification:_identify(scripts) by extensions ['cmake', 'python']
[0.285s] Level 1:colcon.colcon_core.package_identification:_identify(scripts) by extension 'cmake'
[0.285s] Level 1:colcon.colcon_core.package_identification:_identify(scripts) by extension 'python'
[0.285s] Level 1:colcon.colcon_core.package_identification:_identify(scripts) by extensions ['python_setup_py']
[0.285s] Level 1:colcon.colcon_core.package_identification:_identify(scripts) by extension 'python_setup_py'
[0.285s] Level 1:colcon.colcon_core.package_identification:_identify(src) by extensions ['ignore', 'ignore_ament_install']
[0.285s] Level 1:colcon.colcon_core.package_identification:_identify(src) by extension 'ignore'
[0.285s] Level 1:colcon.colcon_core.package_identification:_identify(src) by extension 'ignore_ament_install'
[0.286s] Level 1:colcon.colcon_core.package_identification:_identify(src) by extensions ['colcon_pkg']
[0.286s] Level 1:colcon.colcon_core.package_identification:_identify(src) by extension 'colcon_pkg'
[0.286s] Level 1:colcon.colcon_core.package_identification:_identify(src) by extensions ['colcon_meta']
[0.286s] Level 1:colcon.colcon_core.package_identification:_identify(src) by extension 'colcon_meta'
[0.286s] Level 1:colcon.colcon_core.package_identification:_identify(src) by extensions ['ros']
[0.286s] Level 1:colcon.colcon_core.package_identification:_identify(src) by extension 'ros'
[0.286s] Level 1:colcon.colcon_core.package_identification:_identify(src) by extensions ['cmake', 'python']
[0.286s] Level 1:colcon.colcon_core.package_identification:_identify(src) by extension 'cmake'
[0.286s] Level 1:colcon.colcon_core.package_identification:_identify(src) by extension 'python'
[0.286s] Level 1:colcon.colcon_core.package_identification:_identify(src) by extensions ['python_setup_py']
[0.286s] Level 1:colcon.colcon_core.package_identification:_identify(src) by extension 'python_setup_py'
[0.286s] Level 1:colcon.colcon_core.package_identification:_identify(src/abb_controllers) by extensions ['ignore', 'ignore_ament_install']
[0.286s] Level 1:colcon.colcon_core.package_identification:_identify(src/abb_controllers) by extension 'ignore'
[0.286s] Level 1:colcon.colcon_core.package_identification:_identify(src/abb_controllers) by extension 'ignore_ament_install'
[0.286s] Level 1:colcon.colcon_core.package_identification:_identify(src/abb_controllers) by extensions ['colcon_pkg']
[0.286s] Level 1:colcon.colcon_core.package_identification:_identify(src/abb_controllers) by extension 'colcon_pkg'
[0.286s] Level 1:colcon.colcon_core.package_identification:_identify(src/abb_controllers) by extensions ['colcon_meta']
[0.286s] Level 1:colcon.colcon_core.package_identification:_identify(src/abb_controllers) by extension 'colcon_meta'
[0.286s] Level 1:colcon.colcon_core.package_identification:_identify(src/abb_controllers) by extensions ['ros']
[0.286s] Level 1:colcon.colcon_core.package_identification:_identify(src/abb_controllers) by extension 'ros'
[0.289s] DEBUG:colcon.colcon_core.package_identification:Package 'src/abb_controllers' with type 'ros.ament_cmake' and name 'abb_controllers'
[0.289s] Level 1:colcon.colcon_core.package_identification:_identify(src/abb_gz_bringup) by extensions ['ignore', 'ignore_ament_install']
[0.289s] Level 1:colcon.colcon_core.package_identification:_identify(src/abb_gz_bringup) by extension 'ignore'
[0.289s] Level 1:colcon.colcon_core.package_identification:_identify(src/abb_gz_bringup) by extension 'ignore_ament_install'
[0.289s] Level 1:colcon.colcon_core.package_identification:_identify(src/abb_gz_bringup) by extensions ['colcon_pkg']
[0.289s] Level 1:colcon.colcon_core.package_identification:_identify(src/abb_gz_bringup) by extension 'colcon_pkg'
[0.289s] Level 1:colcon.colcon_core.package_identification:_identify(src/abb_gz_bringup) by extensions ['colcon_meta']
[0.289s] Level 1:colcon.colcon_core.package_identification:_identify(src/abb_gz_bringup) by extension 'colcon_meta'
[0.289s] Level 1:colcon.colcon_core.package_identification:_identify(src/abb_gz_bringup) by extensions ['ros']
[0.289s] Level 1:colcon.colcon_core.package_identification:_identify(src/abb_gz_bringup) by extension 'ros'
[0.290s] DEBUG:colcon.colcon_core.package_identification:Package 'src/abb_gz_bringup' with type 'ros.ament_cmake' and name 'abb_gz_bringup'
[0.290s] Level 1:colcon.colcon_core.package_identification:_identify(src/abb_gz_description) by extensions ['ignore', 'ignore_ament_install']
[0.290s] Level 1:colcon.colcon_core.package_identification:_identify(src/abb_gz_description) by extension 'ignore'
[0.290s] Level 1:colcon.colcon_core.package_identification:_identify(src/abb_gz_description) by extension 'ignore_ament_install'
[0.290s] Level 1:colcon.colcon_core.package_identification:_identify(src/abb_gz_description) by extensions ['colcon_pkg']
[0.290s] Level 1:colcon.colcon_core.package_identification:_identify(src/abb_gz_description) by extension 'colcon_pkg'
[0.290s] Level 1:colcon.colcon_core.package_identification:_identify(src/abb_gz_description) by extensions ['colcon_meta']
[0.290s] Level 1:colcon.colcon_core.package_identification:_identify(src/abb_gz_description) by extension 'colcon_meta'
[0.290s] Level 1:colcon.colcon_core.package_identification:_identify(src/abb_gz_description) by extensions ['ros']
[0.290s] Level 1:colcon.colcon_core.package_identification:_identify(src/abb_gz_description) by extension 'ros'
[0.291s] DEBUG:colcon.colcon_core.package_identification:Package 'src/abb_gz_description' with type 'ros.ament_cmake' and name 'abb_gz_description'
[0.291s] Level 1:colcon.colcon_core.package_identification:_identify(src/abb_gz_hardware) by extensions ['ignore', 'ignore_ament_install']
[0.291s] Level 1:colcon.colcon_core.package_identification:_identify(src/abb_gz_hardware) by extension 'ignore'
[0.291s] Level 1:colcon.colcon_core.package_identification:_identify(src/abb_gz_hardware) by extension 'ignore_ament_install'
[0.291s] Level 1:colcon.colcon_core.package_identification:_identify(src/abb_gz_hardware) by extensions ['colcon_pkg']
[0.291s] Level 1:colcon.colcon_core.package_identification:_identify(src/abb_gz_hardware) by extension 'colcon_pkg'
[0.291s] Level 1:colcon.colcon_core.package_identification:_identify(src/abb_gz_hardware) by extensions ['colcon_meta']
[0.291s] Level 1:colcon.colcon_core.package_identification:_identify(src/abb_gz_hardware) by extension 'colcon_meta'
[0.291s] Level 1:colcon.colcon_core.package_identification:_identify(src/abb_gz_hardware) by extensions ['ros']
[0.291s] Level 1:colcon.colcon_core.package_identification:_identify(src/abb_gz_hardware) by extension 'ros'
[0.292s] DEBUG:colcon.colcon_core.package_identification:Package 'src/abb_gz_hardware' with type 'ros.ament_cmake' and name 'abb_gz_hardware'
[0.292s] Level 1:colcon.colcon_core.package_identification:_identify(src/abb_ik_solver) by extensions ['ignore', 'ignore_ament_install']
[0.292s] Level 1:colcon.colcon_core.package_identification:_identify(src/abb_ik_solver) by extension 'ignore'
[0.292s] Level 1:colcon.colcon_core.package_identification:_identify(src/abb_ik_solver) by extension 'ignore_ament_install'
[0.292s] Level 1:colcon.colcon_core.package_identification:_identify(src/abb_ik_solver) by extensions ['colcon_pkg']
[0.292s] Level 1:colcon.colcon_core.package_identification:_identify(src/abb_ik_solver) by extension 'colcon_pkg'
[0.292s] Level 1:colcon.colcon_core.package_identification:_identify(src/abb_ik_solver) by extensions ['colcon_meta']
[0.292s] Level 1:colcon.colcon_core.package_identification:_identify(src/abb_ik_solver) by extension 'colcon_meta'
[0.292s] Level 1:colcon.colcon_core.package_identification:_identify(src/abb_ik_solver) by extensions ['ros']
[0.292s] Level 1:colcon.colcon_core.package_identification:_identify(src/abb_ik_solver) by extension 'ros'
[0.293s] DEBUG:colcon.colcon_core.package_identification:Package 'src/abb_ik_solver' with type 'ros.ament_python' and name 'abb_ik_solver'
[0.293s] Level 1:colcon.colcon_core.package_identification:_identify(src/abb_mujoco_bringup) by extensions ['ignore', 'ignore_ament_install']
[0.293s] Level 1:colcon.colcon_core.package_identification:_identify(src/abb_mujoco_bringup) by extension 'ignore'
[0.293s] Level 1:colcon.colcon_core.package_identification:_identify(src/abb_mujoco_bringup) by extension 'ignore_ament_install'
[0.293s] Level 1:colcon.colcon_core.package_identification:_identify(src/abb_mujoco_bringup) by extensions ['colcon_pkg']
[0.293s] Level 1:colcon.colcon_core.package_identification:_identify(src/abb_mujoco_bringup) by extension 'colcon_pkg'
[0.293s] Level 1:colcon.colcon_core.package_identification:_identify(src/abb_mujoco_bringup) by extensions ['colcon_meta']
[0.293s] Level 1:colcon.colcon_core.package_identification:_identify(src/abb_mujoco_bringup) by extension 'colcon_meta'
[0.293s] Level 1:colcon.colcon_core.package_identification:_identify(src/abb_mujoco_bringup) by extensions ['ros']
[0.293s] Level 1:colcon.colcon_core.package_identification:_identify(src/abb_mujoco_bringup) by extension 'ros'
[0.294s] DEBUG:colcon.colcon_core.package_identification:Package 'src/abb_mujoco_bringup' with type 'ros.ament_cmake' and name 'abb_mujoco_bringup'
[0.294s] Level 1:colcon.colcon_core.package_identification:_identify(src/abb_mujoco_description) by extensions ['ignore', 'ignore_ament_install']
[0.294s] Level 1:colcon.colcon_core.package_identification:_identify(src/abb_mujoco_description) by extension 'ignore'
[0.294s] Level 1:colcon.colcon_core.package_identification:_identify(src/abb_mujoco_description) by extension 'ignore_ament_install'
[0.294s] Level 1:colcon.colcon_core.package_identification:_identify(src/abb_mujoco_description) by extensions ['colcon_pkg']
[0.294s] Level 1:colcon.colcon_core.package_identification:_identify(src/abb_mujoco_description) by extension 'colcon_pkg'
[0.294s] Level 1:colcon.colcon_core.package_identification:_identify(src/abb_mujoco_description) by extensions ['colcon_meta']
[0.294s] Level 1:colcon.colcon_core.package_identification:_identify(src/abb_mujoco_description) by extension 'colcon_meta'
[0.294s] Level 1:colcon.colcon_core.package_identification:_identify(src/abb_mujoco_description) by extensions ['ros']
[0.294s] Level 1:colcon.colcon_core.package_identification:_identify(src/abb_mujoco_description) by extension 'ros'
[0.294s] DEBUG:colcon.colcon_core.package_identification:Package 'src/abb_mujoco_description' with type 'ros.ament_cmake' and name 'abb_mujoco_description'
[0.295s] Level 1:colcon.colcon_core.package_identification:_identify(src/abb_mujoco_python) by extensions ['ignore', 'ignore_ament_install']
[0.295s] Level 1:colcon.colcon_core.package_identification:_identify(src/abb_mujoco_python) by extension 'ignore'
[0.295s] Level 1:colcon.colcon_core.package_identification:_identify(src/abb_mujoco_python) by extension 'ignore_ament_install'
[0.295s] Level 1:colcon.colcon_core.package_identification:_identify(src/abb_mujoco_python) by extensions ['colcon_pkg']
[0.295s] Level 1:colcon.colcon_core.package_identification:_identify(src/abb_mujoco_python) by extension 'colcon_pkg'
[0.295s] Level 1:colcon.colcon_core.package_identification:_identify(src/abb_mujoco_python) by extensions ['colcon_meta']
[0.295s] Level 1:colcon.colcon_core.package_identification:_identify(src/abb_mujoco_python) by extension 'colcon_meta'
[0.295s] Level 1:colcon.colcon_core.package_identification:_identify(src/abb_mujoco_python) by extensions ['ros']
[0.295s] Level 1:colcon.colcon_core.package_identification:_identify(src/abb_mujoco_python) by extension 'ros'
[0.295s] DEBUG:colcon.colcon_core.package_identification:Package 'src/abb_mujoco_python' with type 'ros.ament_python' and name 'abb_mujoco_python'
[0.295s] Level 1:colcon.colcon_core.package_identification:_identify(src/abb_mujoco_sim) by extensions ['ignore', 'ignore_ament_install']
[0.296s] Level 1:colcon.colcon_core.package_identification:_identify(src/abb_mujoco_sim) by extension 'ignore'
[0.296s] Level 1:colcon.colcon_core.package_identification:_identify(src/abb_mujoco_sim) by extension 'ignore_ament_install'
[0.296s] Level 1:colcon.colcon_core.package_identification:_identify(src/abb_mujoco_sim) by extensions ['colcon_pkg']
[0.296s] Level 1:colcon.colcon_core.package_identification:_identify(src/abb_mujoco_sim) by extension 'colcon_pkg'
[0.296s] Level 1:colcon.colcon_core.package_identification:_identify(src/abb_mujoco_sim) by extensions ['colcon_meta']
[0.296s] Level 1:colcon.colcon_core.package_identification:_identify(src/abb_mujoco_sim) by extension 'colcon_meta'
[0.296s] Level 1:colcon.colcon_core.package_identification:_identify(src/abb_mujoco_sim) by extensions ['ros']
[0.296s] Level 1:colcon.colcon_core.package_identification:_identify(src/abb_mujoco_sim) by extension 'ros'
[0.296s] DEBUG:colcon.colcon_core.package_identification:Package 'src/abb_mujoco_sim' with type 'ros.ament_cmake' and name 'abb_mujoco_sim'
[0.297s] Level 1:colcon.colcon_core.package_identification:_identify(src/abb_path_controller) by extensions ['ignore', 'ignore_ament_install']
[0.297s] Level 1:colcon.colcon_core.package_identification:_identify(src/abb_path_controller) by extension 'ignore'
[0.297s] Level 1:colcon.colcon_core.package_identification:_identify(src/abb_path_controller) by extension 'ignore_ament_install'
[0.297s] Level 1:colcon.colcon_core.package_identification:_identify(src/abb_path_controller) by extensions ['colcon_pkg']
[0.297s] Level 1:colcon.colcon_core.package_identification:_identify(src/abb_path_controller) by extension 'colcon_pkg'
[0.297s] Level 1:colcon.colcon_core.package_identification:_identify(src/abb_path_controller) by extensions ['colcon_meta']
[0.297s] Level 1:colcon.colcon_core.package_identification:_identify(src/abb_path_controller) by extension 'colcon_meta'
[0.297s] Level 1:colcon.colcon_core.package_identification:_identify(src/abb_path_controller) by extensions ['ros']
[0.297s] Level 1:colcon.colcon_core.package_identification:_identify(src/abb_path_controller) by extension 'ros'
[0.297s] DEBUG:colcon.colcon_core.package_identification:Package 'src/abb_path_controller' with type 'ros.ament_python' and name 'abb_path_controller'
[0.297s] Level 1:colcon.colcon_core.package_discovery:discover_packages(recursive) using defaults
[0.298s] Level 1:colcon.colcon_core.package_discovery:discover_packages(ignore) discover
[0.298s] Level 1:colcon.colcon_core.package_discovery:discover_packages(ignore) using defaults
[0.298s] Level 1:colcon.colcon_core.package_discovery:discover_packages(path) discover
[0.298s] Level 1:colcon.colcon_core.package_discovery:discover_packages(path) using defaults
[0.317s] Level 5:colcon.colcon_core.verb:set package 'abb_controllers' build argument 'cmake_args' from command line to 'None'
[0.317s] Level 5:colcon.colcon_core.verb:set package 'abb_controllers' build argument 'cmake_target' from command line to 'None'
[0.317s] Level 5:colcon.colcon_core.verb:set package 'abb_controllers' build argument 'cmake_target_skip_unavailable' from command line to 'False'
[0.317s] Level 5:colcon.colcon_core.verb:set package 'abb_controllers' build argument 'cmake_clean_cache' from command line to 'False'
[0.317s] Level 5:colcon.colcon_core.verb:set package 'abb_controllers' build argument 'cmake_clean_first' from command line to 'False'
[0.317s] Level 5:colcon.colcon_core.verb:set package 'abb_controllers' build argument 'cmake_force_configure' from command line to 'False'
[0.317s] Level 5:colcon.colcon_core.verb:set package 'abb_controllers' build argument 'ament_cmake_args' from command line to 'None'
[0.317s] Level 5:colcon.colcon_core.verb:set package 'abb_controllers' build argument 'catkin_cmake_args' from command line to 'None'
[0.317s] Level 5:colcon.colcon_core.verb:set package 'abb_controllers' build argument 'catkin_skip_building_tests' from command line to 'False'
[0.317s] DEBUG:colcon.colcon_core.verb:Building package 'abb_controllers' with the following arguments: {'ament_cmake_args': None, 'build_base': '/abb_ws/build/abb_controllers', 'catkin_cmake_args': None, 'catkin_skip_building_tests': False, 'cmake_args': None, 'cmake_clean_cache': False, 'cmake_clean_first': False, 'cmake_force_configure': False, 'cmake_target': None, 'cmake_target_skip_unavailable': False, 'install_base': '/abb_ws/install/abb_controllers', 'merge_install': False, 'path': '/abb_ws/src/abb_controllers', 'symlink_install': True, 'test_result_base': None}
[0.318s] Level 5:colcon.colcon_core.verb:set package 'abb_gz_bringup' build argument 'cmake_args' from command line to 'None'
[0.318s] Level 5:colcon.colcon_core.verb:set package 'abb_gz_bringup' build argument 'cmake_target' from command line to 'None'
[0.318s] Level 5:colcon.colcon_core.verb:set package 'abb_gz_bringup' build argument 'cmake_target_skip_unavailable' from command line to 'False'
[0.318s] Level 5:colcon.colcon_core.verb:set package 'abb_gz_bringup' build argument 'cmake_clean_cache' from command line to 'False'
[0.318s] Level 5:colcon.colcon_core.verb:set package 'abb_gz_bringup' build argument 'cmake_clean_first' from command line to 'False'
[0.318s] Level 5:colcon.colcon_core.verb:set package 'abb_gz_bringup' build argument 'cmake_force_configure' from command line to 'False'
[0.318s] Level 5:colcon.colcon_core.verb:set package 'abb_gz_bringup' build argument 'ament_cmake_args' from command line to 'None'
[0.318s] Level 5:colcon.colcon_core.verb:set package 'abb_gz_bringup' build argument 'catkin_cmake_args' from command line to 'None'
[0.318s] Level 5:colcon.colcon_core.verb:set package 'abb_gz_bringup' build argument 'catkin_skip_building_tests' from command line to 'False'
[0.318s] DEBUG:colcon.colcon_core.verb:Building package 'abb_gz_bringup' with the following arguments: {'ament_cmake_args': None, 'build_base': '/abb_ws/build/abb_gz_bringup', 'catkin_cmake_args': None, 'catkin_skip_building_tests': False, 'cmake_args': None, 'cmake_clean_cache': False, 'cmake_clean_first': False, 'cmake_force_configure': False, 'cmake_target': None, 'cmake_target_skip_unavailable': False, 'install_base': '/abb_ws/install/abb_gz_bringup', 'merge_install': False, 'path': '/abb_ws/src/abb_gz_bringup', 'symlink_install': True, 'test_result_base': None}
[0.318s] Level 5:colcon.colcon_core.verb:set package 'abb_gz_description' build argument 'cmake_args' from command line to 'None'
[0.318s] Level 5:colcon.colcon_core.verb:set package 'abb_gz_description' build argument 'cmake_target' from command line to 'None'
[0.318s] Level 5:colcon.colcon_core.verb:set package 'abb_gz_description' build argument 'cmake_target_skip_unavailable' from command line to 'False'
[0.318s] Level 5:colcon.colcon_core.verb:set package 'abb_gz_description' build argument 'cmake_clean_cache' from command line to 'False'
[0.318s] Level 5:colcon.colcon_core.verb:set package 'abb_gz_description' build argument 'cmake_clean_first' from command line to 'False'
[0.318s] Level 5:colcon.colcon_core.verb:set package 'abb_gz_description' build argument 'cmake_force_configure' from command line to 'False'
[0.319s] Level 5:colcon.colcon_core.verb:set package 'abb_gz_description' build argument 'ament_cmake_args' from command line to 'None'
[0.319s] Level 5:colcon.colcon_core.verb:set package 'abb_gz_description' build argument 'catkin_cmake_args' from command line to 'None'
[0.319s] Level 5:colcon.colcon_core.verb:set package 'abb_gz_description' build argument 'catkin_skip_building_tests' from command line to 'False'
[0.319s] DEBUG:colcon.colcon_core.verb:Building package 'abb_gz_description' with the following arguments: {'ament_cmake_args': None, 'build_base': '/abb_ws/build/abb_gz_description', 'catkin_cmake_args': None, 'catkin_skip_building_tests': False, 'cmake_args': None, 'cmake_clean_cache': False, 'cmake_clean_first': False, 'cmake_force_configure': False, 'cmake_target': None, 'cmake_target_skip_unavailable': False, 'install_base': '/abb_ws/install/abb_gz_description', 'merge_install': False, 'path': '/abb_ws/src/abb_gz_description', 'symlink_install': True, 'test_result_base': None}
[0.319s] Level 5:colcon.colcon_core.verb:set package 'abb_gz_hardware' build argument 'cmake_args' from command line to 'None'
[0.319s] Level 5:colcon.colcon_core.verb:set package 'abb_gz_hardware' build argument 'cmake_target' from command line to 'None'
[0.319s] Level 5:colcon.colcon_core.verb:set package 'abb_gz_hardware' build argument 'cmake_target_skip_unavailable' from command line to 'False'
[0.319s] Level 5:colcon.colcon_core.verb:set package 'abb_gz_hardware' build argument 'cmake_clean_cache' from command line to 'False'
[0.319s] Level 5:colcon.colcon_core.verb:set package 'abb_gz_hardware' build argument 'cmake_clean_first' from command line to 'False'
[0.319s] Level 5:colcon.colcon_core.verb:set package 'abb_gz_hardware' build argument 'cmake_force_configure' from command line to 'False'
[0.319s] Level 5:colcon.colcon_core.verb:set package 'abb_gz_hardware' build argument 'ament_cmake_args' from command line to 'None'
[0.319s] Level 5:colcon.colcon_core.verb:set package 'abb_gz_hardware' build argument 'catkin_cmake_args' from command line to 'None'
[0.319s] Level 5:colcon.colcon_core.verb:set package 'abb_gz_hardware' build argument 'catkin_skip_building_tests' from command line to 'False'
[0.319s] DEBUG:colcon.colcon_core.verb:Building package 'abb_gz_hardware' with the following arguments: {'ament_cmake_args': None, 'build_base': '/abb_ws/build/abb_gz_hardware', 'catkin_cmake_args': None, 'catkin_skip_building_tests': False, 'cmake_args': None, 'cmake_clean_cache': False, 'cmake_clean_first': False, 'cmake_force_configure': False, 'cmake_target': None, 'cmake_target_skip_unavailable': False, 'install_base': '/abb_ws/install/abb_gz_hardware', 'merge_install': False, 'path': '/abb_ws/src/abb_gz_hardware', 'symlink_install': True, 'test_result_base': None}
[0.319s] Level 5:colcon.colcon_core.verb:set package 'abb_ik_solver' build argument 'cmake_args' from command line to 'None'
[0.320s] Level 5:colcon.colcon_core.verb:set package 'abb_ik_solver' build argument 'cmake_target' from command line to 'None'
[0.320s] Level 5:colcon.colcon_core.verb:set package 'abb_ik_solver' build argument 'cmake_target_skip_unavailable' from command line to 'False'
[0.320s] Level 5:colcon.colcon_core.verb:set package 'abb_ik_solver' build argument 'cmake_clean_cache' from command line to 'False'
[0.320s] Level 5:colcon.colcon_core.verb:set package 'abb_ik_solver' build argument 'cmake_clean_first' from command line to 'False'
[0.320s] Level 5:colcon.colcon_core.verb:set package 'abb_ik_solver' build argument 'cmake_force_configure' from command line to 'False'
[0.320s] Level 5:colcon.colcon_core.verb:set package 'abb_ik_solver' build argument 'ament_cmake_args' from command line to 'None'
[0.320s] Level 5:colcon.colcon_core.verb:set package 'abb_ik_solver' build argument 'catkin_cmake_args' from command line to 'None'
[0.320s] Level 5:colcon.colcon_core.verb:set package 'abb_ik_solver' build argument 'catkin_skip_building_tests' from command line to 'False'
[0.320s] DEBUG:colcon.colcon_core.verb:Building package 'abb_ik_solver' with the following arguments: {'ament_cmake_args': None, 'build_base': '/abb_ws/build/abb_ik_solver', 'catkin_cmake_args': None, 'catkin_skip_building_tests': False, 'cmake_args': None, 'cmake_clean_cache': False, 'cmake_clean_first': False, 'cmake_force_configure': False, 'cmake_target': None, 'cmake_target_skip_unavailable': False, 'install_base': '/abb_ws/install/abb_ik_solver', 'merge_install': False, 'path': '/abb_ws/src/abb_ik_solver', 'symlink_install': True, 'test_result_base': None}
[0.320s] Level 5:colcon.colcon_core.verb:set package 'abb_mujoco_bringup' build argument 'cmake_args' from command line to 'None'
[0.320s] Level 5:colcon.colcon_core.verb:set package 'abb_mujoco_bringup' build argument 'cmake_target' from command line to 'None'
[0.320s] Level 5:colcon.colcon_core.verb:set package 'abb_mujoco_bringup' build argument 'cmake_target_skip_unavailable' from command line to 'False'
[0.320s] Level 5:colcon.colcon_core.verb:set package 'abb_mujoco_bringup' build argument 'cmake_clean_cache' from command line to 'False'
[0.320s] Level 5:colcon.colcon_core.verb:set package 'abb_mujoco_bringup' build argument 'cmake_clean_first' from command line to 'False'
[0.320s] Level 5:colcon.colcon_core.verb:set package 'abb_mujoco_bringup' build argument 'cmake_force_configure' from command line to 'False'
[0.320s] Level 5:colcon.colcon_core.verb:set package 'abb_mujoco_bringup' build argument 'ament_cmake_args' from command line to 'None'
[0.320s] Level 5:colcon.colcon_core.verb:set package 'abb_mujoco_bringup' build argument 'catkin_cmake_args' from command line to 'None'
[0.320s] Level 5:colcon.colcon_core.verb:set package 'abb_mujoco_bringup' build argument 'catkin_skip_building_tests' from command line to 'False'
[0.320s] DEBUG:colcon.colcon_core.verb:Building package 'abb_mujoco_bringup' with the following arguments: {'ament_cmake_args': None, 'build_base': '/abb_ws/build/abb_mujoco_bringup', 'catkin_cmake_args': None, 'catkin_skip_building_tests': False, 'cmake_args': None, 'cmake_clean_cache': False, 'cmake_clean_first': False, 'cmake_force_configure': False, 'cmake_target': None, 'cmake_target_skip_unavailable': False, 'install_base': '/abb_ws/install/abb_mujoco_bringup', 'merge_install': False, 'path': '/abb_ws/src/abb_mujoco_bringup', 'symlink_install': True, 'test_result_base': None}
[0.321s] Level 5:colcon.colcon_core.verb:set package 'abb_mujoco_description' build argument 'cmake_args' from command line to 'None'
[0.321s] Level 5:colcon.colcon_core.verb:set package 'abb_mujoco_description' build argument 'cmake_target' from command line to 'None'
[0.321s] Level 5:colcon.colcon_core.verb:set package 'abb_mujoco_description' build argument 'cmake_target_skip_unavailable' from command line to 'False'
[0.321s] Level 5:colcon.colcon_core.verb:set package 'abb_mujoco_description' build argument 'cmake_clean_cache' from command line to 'False'
[0.321s] Level 5:colcon.colcon_core.verb:set package 'abb_mujoco_description' build argument 'cmake_clean_first' from command line to 'False'
[0.321s] Level 5:colcon.colcon_core.verb:set package 'abb_mujoco_description' build argument 'cmake_force_configure' from command line to 'False'
[0.321s] Level 5:colcon.colcon_core.verb:set package 'abb_mujoco_description' build argument 'ament_cmake_args' from command line to 'None'
[0.321s] Level 5:colcon.colcon_core.verb:set package 'abb_mujoco_description' build argument 'catkin_cmake_args' from command line to 'None'
[0.321s] Level 5:colcon.colcon_core.verb:set package 'abb_mujoco_description' build argument 'catkin_skip_building_tests' from command line to 'False'
[0.321s] DEBUG:colcon.colcon_core.verb:Building package 'abb_mujoco_description' with the following arguments: {'ament_cmake_args': None, 'build_base': '/abb_ws/build/abb_mujoco_description', 'catkin_cmake_args': None, 'catkin_skip_building_tests': False, 'cmake_args': None, 'cmake_clean_cache': False, 'cmake_clean_first': False, 'cmake_force_configure': False, 'cmake_target': None, 'cmake_target_skip_unavailable': False, 'install_base': '/abb_ws/install/abb_mujoco_description', 'merge_install': False, 'path': '/abb_ws/src/abb_mujoco_description', 'symlink_install': True, 'test_result_base': None}
[0.321s] Level 5:colcon.colcon_core.verb:set package 'abb_mujoco_python' build argument 'cmake_args' from command line to 'None'
[0.321s] Level 5:colcon.colcon_core.verb:set package 'abb_mujoco_python' build argument 'cmake_target' from command line to 'None'
[0.321s] Level 5:colcon.colcon_core.verb:set package 'abb_mujoco_python' build argument 'cmake_target_skip_unavailable' from command line to 'False'
[0.321s] Level 5:colcon.colcon_core.verb:set package 'abb_mujoco_python' build argument 'cmake_clean_cache' from command line to 'False'
[0.321s] Level 5:colcon.colcon_core.verb:set package 'abb_mujoco_python' build argument 'cmake_clean_first' from command line to 'False'
[0.321s] Level 5:colcon.colcon_core.verb:set package 'abb_mujoco_python' build argument 'cmake_force_configure' from command line to 'False'
[0.321s] Level 5:colcon.colcon_core.verb:set package 'abb_mujoco_python' build argument 'ament_cmake_args' from command line to 'None'
[0.321s] Level 5:colcon.colcon_core.verb:set package 'abb_mujoco_python' build argument 'catkin_cmake_args' from command line to 'None'
[0.321s] Level 5:colcon.colcon_core.verb:set package 'abb_mujoco_python' build argument 'catkin_skip_building_tests' from command line to 'False'
[0.321s] DEBUG:colcon.colcon_core.verb:Building package 'abb_mujoco_python' with the following arguments: {'ament_cmake_args': None, 'build_base': '/abb_ws/build/abb_mujoco_python', 'catkin_cmake_args': None, 'catkin_skip_building_tests': False, 'cmake_args': None, 'cmake_clean_cache': False, 'cmake_clean_first': False, 'cmake_force_configure': False, 'cmake_target': None, 'cmake_target_skip_unavailable': False, 'install_base': '/abb_ws/install/abb_mujoco_python', 'merge_install': False, 'path': '/abb_ws/src/abb_mujoco_python', 'symlink_install': True, 'test_result_base': None}
[0.322s] Level 5:colcon.colcon_core.verb:set package 'abb_mujoco_sim' build argument 'cmake_args' from command line to 'None'
[0.322s] Level 5:colcon.colcon_core.verb:set package 'abb_mujoco_sim' build argument 'cmake_target' from command line to 'None'
[0.322s] Level 5:colcon.colcon_core.verb:set package 'abb_mujoco_sim' build argument 'cmake_target_skip_unavailable' from command line to 'False'
[0.322s] Level 5:colcon.colcon_core.verb:set package 'abb_mujoco_sim' build argument 'cmake_clean_cache' from command line to 'False'
[0.322s] Level 5:colcon.colcon_core.verb:set package 'abb_mujoco_sim' build argument 'cmake_clean_first' from command line to 'False'
[0.322s] Level 5:colcon.colcon_core.verb:set package 'abb_mujoco_sim' build argument 'cmake_force_configure' from command line to 'False'
[0.322s] Level 5:colcon.colcon_core.verb:set package 'abb_mujoco_sim' build argument 'ament_cmake_args' from command line to 'None'
[0.322s] Level 5:colcon.colcon_core.verb:set package 'abb_mujoco_sim' build argument 'catkin_cmake_args' from command line to 'None'
[0.322s] Level 5:colcon.colcon_core.verb:set package 'abb_mujoco_sim' build argument 'catkin_skip_building_tests' from command line to 'False'
[0.322s] DEBUG:colcon.colcon_core.verb:Building package 'abb_mujoco_sim' with the following arguments: {'ament_cmake_args': None, 'build_base': '/abb_ws/build/abb_mujoco_sim', 'catkin_cmake_args': None, 'catkin_skip_building_tests': False, 'cmake_args': None, 'cmake_clean_cache': False, 'cmake_clean_first': False, 'cmake_force_configure': False, 'cmake_target': None, 'cmake_target_skip_unavailable': False, 'install_base': '/abb_ws/install/abb_mujoco_sim', 'merge_install': False, 'path': '/abb_ws/src/abb_mujoco_sim', 'symlink_install': True, 'test_result_base': None}
[0.322s] Level 5:colcon.colcon_core.verb:set package 'abb_path_controller' build argument 'cmake_args' from command line to 'None'
[0.322s] Level 5:colcon.colcon_core.verb:set package 'abb_path_controller' build argument 'cmake_target' from command line to 'None'
[0.322s] Level 5:colcon.colcon_core.verb:set package 'abb_path_controller' build argument 'cmake_target_skip_unavailable' from command line to 'False'
[0.322s] Level 5:colcon.colcon_core.verb:set package 'abb_path_controller' build argument 'cmake_clean_cache' from command line to 'False'
[0.322s] Level 5:colcon.colcon_core.verb:set package 'abb_path_controller' build argument 'cmake_clean_first' from command line to 'False'
[0.323s] Level 5:colcon.colcon_core.verb:set package 'abb_path_controller' build argument 'cmake_force_configure' from command line to 'False'
[0.323s] Level 5:colcon.colcon_core.verb:set package 'abb_path_controller' build argument 'ament_cmake_args' from command line to 'None'
[0.323s] Level 5:colcon.colcon_core.verb:set package 'abb_path_controller' build argument 'catkin_cmake_args' from command line to 'None'
[0.323s] Level 5:colcon.colcon_core.verb:set package 'abb_path_controller' build argument 'catkin_skip_building_tests' from command line to 'False'
[0.323s] DEBUG:colcon.colcon_core.verb:Building package 'abb_path_controller' with the following arguments: {'ament_cmake_args': None, 'build_base': '/abb_ws/build/abb_path_controller', 'catkin_cmake_args': None, 'catkin_skip_building_tests': False, 'cmake_args': None, 'cmake_clean_cache': False, 'cmake_clean_first': False, 'cmake_force_configure': False, 'cmake_target': None, 'cmake_target_skip_unavailable': False, 'install_base': '/abb_ws/install/abb_path_controller', 'merge_install': False, 'path': '/abb_ws/src/abb_path_controller', 'symlink_install': True, 'test_result_base': None}
[0.323s] INFO:colcon.colcon_core.executor:Executing jobs using 'parallel' executor
[0.324s] DEBUG:colcon.colcon_parallel_executor.executor.parallel:run_until_complete
[0.324s] INFO:colcon.colcon_ros.task.ament_cmake.build:Building ROS package in '/abb_ws/src/abb_controllers' with build type 'ament_cmake'
[0.324s] INFO:colcon.colcon_cmake.task.cmake.build:Building CMake package in '/abb_ws/src/abb_controllers'
[0.326s] INFO:colcon.colcon_core.plugin_system:Skipping extension 'colcon_core.shell.bat': Not used on non-Windows systems
[0.326s] INFO:colcon.colcon_core.shell:Skip shell extension 'powershell' for command environment: Not usable outside of PowerShell
[0.326s] DEBUG:colcon.colcon_core.shell:Skip shell extension 'dsv' for command environment
[0.332s] INFO:colcon.colcon_ros.task.ament_cmake.build:Building ROS package in '/abb_ws/src/abb_gz_bringup' with build type 'ament_cmake'
[0.341s] INFO:colcon.colcon_cmake.task.cmake.build:Building CMake package in '/abb_ws/src/abb_gz_bringup'
[0.341s] INFO:colcon.colcon_core.shell:Skip shell extension 'powershell' for command environment: Not usable outside of PowerShell
[0.342s] DEBUG:colcon.colcon_core.shell:Skip shell extension 'dsv' for command environment
[0.345s] INFO:colcon.colcon_ros.task.ament_cmake.build:Building ROS package in '/abb_ws/src/abb_gz_description' with build type 'ament_cmake'
[0.345s] INFO:colcon.colcon_cmake.task.cmake.build:Building CMake package in '/abb_ws/src/abb_gz_description'
[0.345s] INFO:colcon.colcon_core.shell:Skip shell extension 'powershell' for command environment: Not usable outside of PowerShell
[0.346s] DEBUG:colcon.colcon_core.shell:Skip shell extension 'dsv' for command environment
[0.349s] INFO:colcon.colcon_ros.task.ament_cmake.build:Building ROS package in '/abb_ws/src/abb_gz_hardware' with build type 'ament_cmake'
[0.349s] INFO:colcon.colcon_cmake.task.cmake.build:Building CMake package in '/abb_ws/src/abb_gz_hardware'
[0.349s] INFO:colcon.colcon_core.shell:Skip shell extension 'powershell' for command environment: Not usable outside of PowerShell
[0.349s] DEBUG:colcon.colcon_core.shell:Skip shell extension 'dsv' for command environment
[0.353s] INFO:colcon.colcon_ros.task.ament_python.build:Building ROS package in '/abb_ws/src/abb_ik_solver' with build type 'ament_python'
[0.353s] Level 1:colcon.colcon_core.shell:create_environment_hook('abb_ik_solver', 'ament_prefix_path')
[0.354s] INFO:colcon.colcon_core.shell:Creating environment hook '/abb_ws/install/abb_ik_solver/share/abb_ik_solver/hook/ament_prefix_path.ps1'
[0.354s] INFO:colcon.colcon_core.shell:Creating environment descriptor '/abb_ws/install/abb_ik_solver/share/abb_ik_solver/hook/ament_prefix_path.dsv'
[0.355s] INFO:colcon.colcon_core.shell:Creating environment hook '/abb_ws/install/abb_ik_solver/share/abb_ik_solver/hook/ament_prefix_path.sh'
[0.356s] INFO:colcon.colcon_core.shell:Skip shell extension 'powershell' for command environment: Not usable outside of PowerShell
[0.356s] DEBUG:colcon.colcon_core.shell:Skip shell extension 'dsv' for command environment
[0.370s] INFO:colcon.colcon_ros.task.ament_cmake.build:Building ROS package in '/abb_ws/src/abb_mujoco_bringup' with build type 'ament_cmake'
[0.370s] INFO:colcon.colcon_cmake.task.cmake.build:Building CMake package in '/abb_ws/src/abb_mujoco_bringup'
[0.371s] INFO:colcon.colcon_core.shell:Skip shell extension 'powershell' for command environment: Not usable outside of PowerShell
[0.371s] DEBUG:colcon.colcon_core.shell:Skip shell extension 'dsv' for command environment
[0.375s] INFO:colcon.colcon_ros.task.ament_cmake.build:Building ROS package in '/abb_ws/src/abb_mujoco_description' with build type 'ament_cmake'
[0.375s] INFO:colcon.colcon_cmake.task.cmake.build:Building CMake package in '/abb_ws/src/abb_mujoco_description'
[0.375s] INFO:colcon.colcon_core.shell:Skip shell extension 'powershell' for command environment: Not usable outside of PowerShell
[0.375s] DEBUG:colcon.colcon_core.shell:Skip shell extension 'dsv' for command environment
[0.379s] INFO:colcon.colcon_ros.task.ament_python.build:Building ROS package in '/abb_ws/src/abb_mujoco_python' with build type 'ament_python'
[0.379s] Level 1:colcon.colcon_core.shell:create_environment_hook('abb_mujoco_python', 'ament_prefix_path')
[0.379s] INFO:colcon.colcon_core.shell:Creating environment hook '/abb_ws/install/abb_mujoco_python/share/abb_mujoco_python/hook/ament_prefix_path.ps1'
[0.380s] INFO:colcon.colcon_core.shell:Creating environment descriptor '/abb_ws/install/abb_mujoco_python/share/abb_mujoco_python/hook/ament_prefix_path.dsv'
[0.380s] INFO:colcon.colcon_core.shell:Creating environment hook '/abb_ws/install/abb_mujoco_python/share/abb_mujoco_python/hook/ament_prefix_path.sh'
[0.381s] INFO:colcon.colcon_core.shell:Skip shell extension 'powershell' for command environment: Not usable outside of PowerShell
[0.381s] DEBUG:colcon.colcon_core.shell:Skip shell extension 'dsv' for command environment
[0.384s] INFO:colcon.colcon_ros.task.ament_cmake.build:Building ROS package in '/abb_ws/src/abb_mujoco_sim' with build type 'ament_cmake'
[0.384s] INFO:colcon.colcon_cmake.task.cmake.build:Building CMake package in '/abb_ws/src/abb_mujoco_sim'
[0.384s] INFO:colcon.colcon_core.shell:Skip shell extension 'powershell' for command environment: Not usable outside of PowerShell
[0.384s] DEBUG:colcon.colcon_core.shell:Skip shell extension 'dsv' for command environment
[0.388s] INFO:colcon.colcon_ros.task.ament_python.build:Building ROS package in '/abb_ws/src/abb_path_controller' with build type 'ament_python'
[0.388s] Level 1:colcon.colcon_core.shell:create_environment_hook('abb_path_controller', 'ament_prefix_path')
[0.388s] INFO:colcon.colcon_core.shell:Creating environment hook '/abb_ws/install/abb_path_controller/share/abb_path_controller/hook/ament_prefix_path.ps1'
[0.389s] INFO:colcon.colcon_core.shell:Creating environment descriptor '/abb_ws/install/abb_path_controller/share/abb_path_controller/hook/ament_prefix_path.dsv'
[0.389s] INFO:colcon.colcon_core.shell:Creating environment hook '/abb_ws/install/abb_path_controller/share/abb_path_controller/hook/ament_prefix_path.sh'
[0.390s] INFO:colcon.colcon_core.shell:Skip shell extension 'powershell' for command environment: Not usable outside of PowerShell
[0.390s] DEBUG:colcon.colcon_core.shell:Skip shell extension 'dsv' for command environment
[0.398s] DEBUG:colcon.colcon_core.event_handler.log_command:Invoking command in '/abb_ws/build/abb_controllers': CMAKE_PREFIX_PATH=${CMAKE_PREFIX_PATH}:/abb_ws/install/abb_path_controller:/abb_ws/install/abb_mujoco_python:/abb_ws/install/abb_ik_solver:/opt/ros/humble /usr/bin/cmake --build /abb_ws/build/abb_controllers -- -j12 -l12
[0.401s] DEBUG:colcon.colcon_core.event_handler.log_command:Invoking command in '/abb_ws/build/abb_gz_bringup': CMAKE_PREFIX_PATH=${CMAKE_PREFIX_PATH}:/abb_ws/install/abb_path_controller:/abb_ws/install/abb_mujoco_python:/abb_ws/install/abb_ik_solver:/opt/ros/humble /usr/bin/cmake --build /abb_ws/build/abb_gz_bringup -- -j12 -l12
[0.402s] DEBUG:colcon.colcon_core.event_handler.log_command:Invoking command in '/abb_ws/build/abb_gz_description': CMAKE_PREFIX_PATH=${CMAKE_PREFIX_PATH}:/abb_ws/install/abb_path_controller:/abb_ws/install/abb_mujoco_python:/abb_ws/install/abb_ik_solver:/opt/ros/humble /usr/bin/cmake --build /abb_ws/build/abb_gz_description -- -j12 -l12
[0.405s] DEBUG:colcon.colcon_core.event_handler.log_command:Invoking command in '/abb_ws/build/abb_gz_hardware': CMAKE_PREFIX_PATH=${CMAKE_PREFIX_PATH}:/abb_ws/install/abb_path_controller:/abb_ws/install/abb_mujoco_python:/abb_ws/install/abb_ik_solver:/opt/ros/humble /usr/bin/cmake --build /abb_ws/build/abb_gz_hardware -- -j12 -l12
[0.651s] INFO:colcon.colcon_core.task.python.build:Building Python package in '/abb_ws/src/abb_ik_solver'
[0.652s] INFO:colcon.colcon_core.shell:Skip shell extension 'powershell' for command environment: Not usable outside of PowerShell
[0.652s] DEBUG:colcon.colcon_core.shell:Skip shell extension 'dsv' for command environment
[0.658s] DEBUG:colcon.colcon_core.event_handler.log_command:Invoking command in '/abb_ws/build/abb_mujoco_bringup': CMAKE_PREFIX_PATH=${CMAKE_PREFIX_PATH}:/abb_ws/install/abb_path_controller:/abb_ws/install/abb_mujoco_python:/abb_ws/install/abb_ik_solver:/opt/ros/humble /usr/bin/cmake --build /abb_ws/build/abb_mujoco_bringup -- -j12 -l12
[0.660s] DEBUG:colcon.colcon_core.event_handler.log_command:Invoking command in '/abb_ws/build/abb_mujoco_description': CMAKE_PREFIX_PATH=${CMAKE_PREFIX_PATH}:/abb_ws/install/abb_path_controller:/abb_ws/install/abb_mujoco_python:/abb_ws/install/abb_ik_solver:/opt/ros/humble /usr/bin/cmake --build /abb_ws/build/abb_mujoco_description -- -j12 -l12
[0.910s] INFO:colcon.colcon_core.task.python.build:Building Python package in '/abb_ws/src/abb_mujoco_python'
[0.910s] INFO:colcon.colcon_core.shell:Skip shell extension 'powershell' for command environment: Not usable outside of PowerShell
[0.910s] DEBUG:colcon.colcon_core.shell:Skip shell extension 'dsv' for command environment
[0.917s] DEBUG:colcon.colcon_core.event_handler.log_command:Invoking command in '/abb_ws/build/abb_mujoco_sim': CMAKE_PREFIX_PATH=${CMAKE_PREFIX_PATH}:/abb_ws/install/abb_path_controller:/abb_ws/install/abb_mujoco_python:/abb_ws/install/abb_ik_solver:/opt/ros/humble /usr/bin/cmake --build /abb_ws/build/abb_mujoco_sim -- -j12 -l12
[1.163s] INFO:colcon.colcon_core.task.python.build:Building Python package in '/abb_ws/src/abb_path_controller'
[1.164s] INFO:colcon.colcon_core.shell:Skip shell extension 'powershell' for command environment: Not usable outside of PowerShell
[1.164s] DEBUG:colcon.colcon_core.shell:Skip shell extension 'dsv' for command environment
[1.172s] DEBUG:colcon.colcon_core.event_handler.log_command:Invoked command in '/abb_ws/build/abb_gz_description' returned '0': CMAKE_PREFIX_PATH=${CMAKE_PREFIX_PATH}:/abb_ws/install/abb_path_controller:/abb_ws/install/abb_mujoco_python:/abb_ws/install/abb_ik_solver:/opt/ros/humble /usr/bin/cmake --build /abb_ws/build/abb_gz_description -- -j12 -l12
[1.181s] DEBUG:colcon.colcon_core.event_handler.log_command:Invoking command in '/abb_ws/build/abb_gz_description': CMAKE_PREFIX_PATH=${CMAKE_PREFIX_PATH}:/abb_ws/install/abb_path_controller:/abb_ws/install/abb_mujoco_python:/abb_ws/install/abb_ik_solver:/opt/ros/humble /usr/bin/cmake --install /abb_ws/build/abb_gz_description
[1.181s] DEBUG:colcon.colcon_core.event_handler.log_command:Invoked command in '/abb_ws/build/abb_gz_bringup' returned '0': CMAKE_PREFIX_PATH=${CMAKE_PREFIX_PATH}:/abb_ws/install/abb_path_controller:/abb_ws/install/abb_mujoco_python:/abb_ws/install/abb_ik_solver:/opt/ros/humble /usr/bin/cmake --build /abb_ws/build/abb_gz_bringup -- -j12 -l12
[1.182s] DEBUG:colcon.colcon_core.event_handler.log_command:Invoking command in '/abb_ws/build/abb_gz_bringup': CMAKE_PREFIX_PATH=${CMAKE_PREFIX_PATH}:/abb_ws/install/abb_path_controller:/abb_ws/install/abb_mujoco_python:/abb_ws/install/abb_ik_solver:/opt/ros/humble /usr/bin/cmake --install /abb_ws/build/abb_gz_bringup
[1.183s] DEBUG:colcon.colcon_core.event_handler.log_command:Invoked command in '/abb_ws/build/abb_mujoco_description' returned '0': CMAKE_PREFIX_PATH=${CMAKE_PREFIX_PATH}:/abb_ws/install/abb_path_controller:/abb_ws/install/abb_mujoco_python:/abb_ws/install/abb_ik_solver:/opt/ros/humble /usr/bin/cmake --build /abb_ws/build/abb_mujoco_description -- -j12 -l12
[1.184s] DEBUG:colcon.colcon_core.event_handler.log_command:Invoking command in '/abb_ws/build/abb_mujoco_description': CMAKE_PREFIX_PATH=${CMAKE_PREFIX_PATH}:/abb_ws/install/abb_path_controller:/abb_ws/install/abb_mujoco_python:/abb_ws/install/abb_ik_solver:/opt/ros/humble /usr/bin/cmake --install /abb_ws/build/abb_mujoco_description
[1.185s] DEBUG:colcon.colcon_core.event_handler.log_command:Invoked command in '/abb_ws/build/abb_gz_hardware' returned '0': CMAKE_PREFIX_PATH=${CMAKE_PREFIX_PATH}:/abb_ws/install/abb_path_controller:/abb_ws/install/abb_mujoco_python:/abb_ws/install/abb_ik_solver:/opt/ros/humble /usr/bin/cmake --build /abb_ws/build/abb_gz_hardware -- -j12 -l12
[1.186s] DEBUG:colcon.colcon_core.event_handler.log_command:Invoking command in '/abb_ws/build/abb_gz_hardware': CMAKE_PREFIX_PATH=${CMAKE_PREFIX_PATH}:/abb_ws/install/abb_path_controller:/abb_ws/install/abb_mujoco_python:/abb_ws/install/abb_ik_solver:/opt/ros/humble /usr/bin/cmake --install /abb_ws/build/abb_gz_hardware
[1.187s] DEBUG:colcon.colcon_core.event_handler.log_command:Invoked command in '/abb_ws/build/abb_mujoco_bringup' returned '0': CMAKE_PREFIX_PATH=${CMAKE_PREFIX_PATH}:/abb_ws/install/abb_path_controller:/abb_ws/install/abb_mujoco_python:/abb_ws/install/abb_ik_solver:/opt/ros/humble /usr/bin/cmake --build /abb_ws/build/abb_mujoco_bringup -- -j12 -l12
[1.189s] DEBUG:colcon.colcon_core.event_handler.log_command:Invoking command in '/abb_ws/build/abb_mujoco_bringup': CMAKE_PREFIX_PATH=${CMAKE_PREFIX_PATH}:/abb_ws/install/abb_path_controller:/abb_ws/install/abb_mujoco_python:/abb_ws/install/abb_ik_solver:/opt/ros/humble /usr/bin/cmake --install /abb_ws/build/abb_mujoco_bringup
[1.190s] DEBUG:colcon.colcon_core.event_handler.log_command:Invoked command in '/abb_ws/build/abb_mujoco_sim' returned '0': CMAKE_PREFIX_PATH=${CMAKE_PREFIX_PATH}:/abb_ws/install/abb_path_controller:/abb_ws/install/abb_mujoco_python:/abb_ws/install/abb_ik_solver:/opt/ros/humble /usr/bin/cmake --build /abb_ws/build/abb_mujoco_sim -- -j12 -l12
[1.203s] DEBUG:colcon.colcon_core.event_handler.log_command:Invoking command in '/abb_ws/build/abb_mujoco_sim': CMAKE_PREFIX_PATH=${CMAKE_PREFIX_PATH}:/abb_ws/install/abb_path_controller:/abb_ws/install/abb_mujoco_python:/abb_ws/install/abb_ik_solver:/opt/ros/humble /usr/bin/cmake --install /abb_ws/build/abb_mujoco_sim
[1.211s] Level 1:colcon.colcon_core.environment:create_environment_scripts_only(abb_gz_bringup)
[1.219s] DEBUG:colcon.colcon_core.event_handler.log_command:Invoked command in '/abb_ws/build/abb_gz_bringup' returned '0': CMAKE_PREFIX_PATH=${CMAKE_PREFIX_PATH}:/abb_ws/install/abb_path_controller:/abb_ws/install/abb_mujoco_python:/abb_ws/install/abb_ik_solver:/opt/ros/humble /usr/bin/cmake --install /abb_ws/build/abb_gz_bringup
[1.221s] Level 1:colcon.colcon_core.environment:checking '/abb_ws/install/abb_gz_bringup' for CMake module files
[1.222s] Level 1:colcon.colcon_core.environment:checking '/abb_ws/install/abb_gz_bringup' for CMake config files
[1.223s] Level 1:colcon.colcon_core.shell:create_environment_hook('abb_gz_bringup', 'cmake_prefix_path')
[1.223s] INFO:colcon.colcon_core.shell:Creating environment hook '/abb_ws/install/abb_gz_bringup/share/abb_gz_bringup/hook/cmake_prefix_path.ps1'
[1.224s] INFO:colcon.colcon_core.shell:Creating environment descriptor '/abb_ws/install/abb_gz_bringup/share/abb_gz_bringup/hook/cmake_prefix_path.dsv'
[1.224s] INFO:colcon.colcon_core.shell:Creating environment hook '/abb_ws/install/abb_gz_bringup/share/abb_gz_bringup/hook/cmake_prefix_path.sh'
[1.225s] Level 1:colcon.colcon_core.environment:checking '/abb_ws/install/abb_gz_bringup/bin'
[1.225s] Level 1:colcon.colcon_core.environment:checking '/abb_ws/install/abb_gz_bringup/lib/pkgconfig/abb_gz_bringup.pc'
[1.226s] Level 1:colcon.colcon_core.environment:checking '/abb_ws/install/abb_gz_bringup/lib/python3.10/site-packages'
[1.226s] Level 1:colcon.colcon_core.environment:checking '/abb_ws/install/abb_gz_bringup/bin'
[1.227s] INFO:colcon.colcon_core.shell:Creating package script '/abb_ws/install/abb_gz_bringup/share/abb_gz_bringup/package.ps1'
[1.228s] INFO:colcon.colcon_core.shell:Creating package descriptor '/abb_ws/install/abb_gz_bringup/share/abb_gz_bringup/package.dsv'
[1.229s] INFO:colcon.colcon_core.shell:Creating package script '/abb_ws/install/abb_gz_bringup/share/abb_gz_bringup/package.sh'
[1.230s] INFO:colcon.colcon_core.shell:Creating package script '/abb_ws/install/abb_gz_bringup/share/abb_gz_bringup/package.bash'
[1.231s] INFO:colcon.colcon_core.shell:Creating package script '/abb_ws/install/abb_gz_bringup/share/abb_gz_bringup/package.zsh'
[1.232s] Level 1:colcon.colcon_core.environment:create_file_with_runtime_dependencies(/abb_ws/install/abb_gz_bringup/share/colcon-core/packages/abb_gz_bringup)
[1.233s] Level 1:colcon.colcon_core.environment:create_environment_scripts_only(abb_gz_bringup)
[1.233s] Level 1:colcon.colcon_core.environment:checking '/abb_ws/install/abb_gz_bringup' for CMake module files
[1.234s] Level 1:colcon.colcon_core.environment:checking '/abb_ws/install/abb_gz_bringup' for CMake config files
[1.234s] Level 1:colcon.colcon_core.shell:create_environment_hook('abb_gz_bringup', 'cmake_prefix_path')
[1.235s] INFO:colcon.colcon_core.shell:Creating environment hook '/abb_ws/install/abb_gz_bringup/share/abb_gz_bringup/hook/cmake_prefix_path.ps1'
[1.235s] INFO:colcon.colcon_core.shell:Creating environment descriptor '/abb_ws/install/abb_gz_bringup/share/abb_gz_bringup/hook/cmake_prefix_path.dsv'
[1.236s] INFO:colcon.colcon_core.shell:Creating environment hook '/abb_ws/install/abb_gz_bringup/share/abb_gz_bringup/hook/cmake_prefix_path.sh'
[1.237s] Level 1:colcon.colcon_core.environment:checking '/abb_ws/install/abb_gz_bringup/bin'
[1.237s] Level 1:colcon.colcon_core.environment:checking '/abb_ws/install/abb_gz_bringup/lib/pkgconfig/abb_gz_bringup.pc'
[1.237s] Level 1:colcon.colcon_core.environment:checking '/abb_ws/install/abb_gz_bringup/lib/python3.10/site-packages'
[1.238s] Level 1:colcon.colcon_core.environment:checking '/abb_ws/install/abb_gz_bringup/bin'
[1.238s] INFO:colcon.colcon_core.shell:Creating package script '/abb_ws/install/abb_gz_bringup/share/abb_gz_bringup/package.ps1'
[1.239s] INFO:colcon.colcon_core.shell:Creating package descriptor '/abb_ws/install/abb_gz_bringup/share/abb_gz_bringup/package.dsv'
[1.240s] INFO:colcon.colcon_core.shell:Creating package script '/abb_ws/install/abb_gz_bringup/share/abb_gz_bringup/package.sh'
[1.241s] INFO:colcon.colcon_core.shell:Creating package script '/abb_ws/install/abb_gz_bringup/share/abb_gz_bringup/package.bash'
[1.241s] INFO:colcon.colcon_core.shell:Creating package script '/abb_ws/install/abb_gz_bringup/share/abb_gz_bringup/package.zsh'
[1.242s] Level 1:colcon.colcon_core.environment:create_file_with_runtime_dependencies(/abb_ws/install/abb_gz_bringup/share/colcon-core/packages/abb_gz_bringup)
[1.243s] Level 1:colcon.colcon_core.environment:create_environment_scripts_only(abb_gz_description)
[1.243s] Level 1:colcon.colcon_core.environment:checking '/abb_ws/install/abb_gz_description' for CMake module files
[1.245s] DEBUG:colcon.colcon_core.event_handler.log_command:Invoked command in '/abb_ws/build/abb_gz_description' returned '0': CMAKE_PREFIX_PATH=${CMAKE_PREFIX_PATH}:/abb_ws/install/abb_path_controller:/abb_ws/install/abb_mujoco_python:/abb_ws/install/abb_ik_solver:/opt/ros/humble /usr/bin/cmake --install /abb_ws/build/abb_gz_description
[1.245s] Level 1:colcon.colcon_core.environment:checking '/abb_ws/install/abb_gz_description' for CMake config files
[1.245s] Level 1:colcon.colcon_core.shell:create_environment_hook('abb_gz_description', 'cmake_prefix_path')
[1.246s] INFO:colcon.colcon_core.shell:Creating environment hook '/abb_ws/install/abb_gz_description/share/abb_gz_description/hook/cmake_prefix_path.ps1'
[1.246s] INFO:colcon.colcon_core.shell:Creating environment descriptor '/abb_ws/install/abb_gz_description/share/abb_gz_description/hook/cmake_prefix_path.dsv'
[1.247s] INFO:colcon.colcon_core.shell:Creating environment hook '/abb_ws/install/abb_gz_description/share/abb_gz_description/hook/cmake_prefix_path.sh'
[1.248s] Level 1:colcon.colcon_core.environment:checking '/abb_ws/install/abb_gz_description/bin'
[1.248s] Level 1:colcon.colcon_core.environment:checking '/abb_ws/install/abb_gz_description/lib/pkgconfig/abb_gz_description.pc'
[1.248s] Level 1:colcon.colcon_core.environment:checking '/abb_ws/install/abb_gz_description/lib/python3.10/site-packages'
[1.248s] Level 1:colcon.colcon_core.environment:checking '/abb_ws/install/abb_gz_description/bin'
[1.249s] INFO:colcon.colcon_core.shell:Creating package script '/abb_ws/install/abb_gz_description/share/abb_gz_description/package.ps1'
[1.250s] INFO:colcon.colcon_core.shell:Creating package descriptor '/abb_ws/install/abb_gz_description/share/abb_gz_description/package.dsv'
[1.250s] INFO:colcon.colcon_core.shell:Creating package script '/abb_ws/install/abb_gz_description/share/abb_gz_description/package.sh'
[1.251s] INFO:colcon.colcon_core.shell:Creating package script '/abb_ws/install/abb_gz_description/share/abb_gz_description/package.bash'
[1.251s] INFO:colcon.colcon_core.shell:Creating package script '/abb_ws/install/abb_gz_description/share/abb_gz_description/package.zsh'
[1.252s] Level 1:colcon.colcon_core.environment:create_file_with_runtime_dependencies(/abb_ws/install/abb_gz_description/share/colcon-core/packages/abb_gz_description)
[1.253s] Level 1:colcon.colcon_core.environment:create_environment_scripts_only(abb_gz_description)
[1.253s] Level 1:colcon.colcon_core.environment:checking '/abb_ws/install/abb_gz_description' for CMake module files
[1.254s] Level 1:colcon.colcon_core.environment:checking '/abb_ws/install/abb_gz_description' for CMake config files
[1.254s] Level 1:colcon.colcon_core.shell:create_environment_hook('abb_gz_description', 'cmake_prefix_path')
[1.255s] INFO:colcon.colcon_core.shell:Creating environment hook '/abb_ws/install/abb_gz_description/share/abb_gz_description/hook/cmake_prefix_path.ps1'
[1.255s] INFO:colcon.colcon_core.shell:Creating environment descriptor '/abb_ws/install/abb_gz_description/share/abb_gz_description/hook/cmake_prefix_path.dsv'
[1.256s] INFO:colcon.colcon_core.shell:Creating environment hook '/abb_ws/install/abb_gz_description/share/abb_gz_description/hook/cmake_prefix_path.sh'
[1.257s] Level 1:colcon.colcon_core.environment:checking '/abb_ws/install/abb_gz_description/bin'
[1.257s] Level 1:colcon.colcon_core.environment:checking '/abb_ws/install/abb_gz_description/lib/pkgconfig/abb_gz_description.pc'
[1.257s] Level 1:colcon.colcon_core.environment:checking '/abb_ws/install/abb_gz_description/lib/python3.10/site-packages'
[1.257s] Level 1:colcon.colcon_core.environment:checking '/abb_ws/install/abb_gz_description/bin'
[1.258s] INFO:colcon.colcon_core.shell:Creating package script '/abb_ws/install/abb_gz_description/share/abb_gz_description/package.ps1'
[1.259s] INFO:colcon.colcon_core.shell:Creating package descriptor '/abb_ws/install/abb_gz_description/share/abb_gz_description/package.dsv'
[1.259s] INFO:colcon.colcon_core.shell:Creating package script '/abb_ws/install/abb_gz_description/share/abb_gz_description/package.sh'
[1.260s] INFO:colcon.colcon_core.shell:Creating package script '/abb_ws/install/abb_gz_description/share/abb_gz_description/package.bash'
[1.261s] INFO:colcon.colcon_core.shell:Creating package script '/abb_ws/install/abb_gz_description/share/abb_gz_description/package.zsh'
[1.262s] Level 1:colcon.colcon_core.environment:create_file_with_runtime_dependencies(/abb_ws/install/abb_gz_description/share/colcon-core/packages/abb_gz_description)
[1.262s] Level 1:colcon.colcon_core.environment:create_environment_scripts_only(abb_gz_hardware)
[1.262s] Level 1:colcon.colcon_core.environment:checking '/abb_ws/install/abb_gz_hardware' for CMake module files
[1.263s] DEBUG:colcon.colcon_core.event_handler.log_command:Invoked command in '/abb_ws/build/abb_gz_hardware' returned '0': CMAKE_PREFIX_PATH=${CMAKE_PREFIX_PATH}:/abb_ws/install/abb_path_controller:/abb_ws/install/abb_mujoco_python:/abb_ws/install/abb_ik_solver:/opt/ros/humble /usr/bin/cmake --install /abb_ws/build/abb_gz_hardware
[1.264s] Level 1:colcon.colcon_core.environment:checking '/abb_ws/install/abb_gz_hardware' for CMake config files
[1.264s] Level 1:colcon.colcon_core.shell:create_environment_hook('abb_gz_hardware', 'cmake_prefix_path')
[1.265s] INFO:colcon.colcon_core.shell:Creating environment hook '/abb_ws/install/abb_gz_hardware/share/abb_gz_hardware/hook/cmake_prefix_path.ps1'
[1.265s] INFO:colcon.colcon_core.shell:Creating environment descriptor '/abb_ws/install/abb_gz_hardware/share/abb_gz_hardware/hook/cmake_prefix_path.dsv'
[1.266s] INFO:colcon.colcon_core.shell:Creating environment hook '/abb_ws/install/abb_gz_hardware/share/abb_gz_hardware/hook/cmake_prefix_path.sh'
[1.266s] Level 1:colcon.colcon_core.environment:checking '/abb_ws/install/abb_gz_hardware/bin'
[1.267s] Level 1:colcon.colcon_core.environment:checking '/abb_ws/install/abb_gz_hardware/lib/pkgconfig/abb_gz_hardware.pc'
[1.267s] Level 1:colcon.colcon_core.environment:checking '/abb_ws/install/abb_gz_hardware/lib/python3.10/site-packages'
[1.267s] Level 1:colcon.colcon_core.environment:checking '/abb_ws/install/abb_gz_hardware/bin'
[1.268s] INFO:colcon.colcon_core.shell:Creating package script '/abb_ws/install/abb_gz_hardware/share/abb_gz_hardware/package.ps1'
[1.268s] INFO:colcon.colcon_core.shell:Creating package descriptor '/abb_ws/install/abb_gz_hardware/share/abb_gz_hardware/package.dsv'
[1.269s] INFO:colcon.colcon_core.shell:Creating package script '/abb_ws/install/abb_gz_hardware/share/abb_gz_hardware/package.sh'
[1.270s] INFO:colcon.colcon_core.shell:Creating package script '/abb_ws/install/abb_gz_hardware/share/abb_gz_hardware/package.bash'
[1.270s] INFO:colcon.colcon_core.shell:Creating package script '/abb_ws/install/abb_gz_hardware/share/abb_gz_hardware/package.zsh'
[1.271s] Level 1:colcon.colcon_core.environment:create_file_with_runtime_dependencies(/abb_ws/install/abb_gz_hardware/share/colcon-core/packages/abb_gz_hardware)
[1.271s] Level 1:colcon.colcon_core.environment:create_environment_scripts_only(abb_gz_hardware)
[1.272s] Level 1:colcon.colcon_core.environment:checking '/abb_ws/install/abb_gz_hardware' for CMake module files
[1.273s] Level 1:colcon.colcon_core.environment:checking '/abb_ws/install/abb_gz_hardware' for CMake config files
[1.273s] Level 1:colcon.colcon_core.shell:create_environment_hook('abb_gz_hardware', 'cmake_prefix_path')
[1.273s] INFO:colcon.colcon_core.shell:Creating environment hook '/abb_ws/install/abb_gz_hardware/share/abb_gz_hardware/hook/cmake_prefix_path.ps1'
[1.274s] INFO:colcon.colcon_core.shell:Creating environment descriptor '/abb_ws/install/abb_gz_hardware/share/abb_gz_hardware/hook/cmake_prefix_path.dsv'
[1.275s] INFO:colcon.colcon_core.shell:Creating environment hook '/abb_ws/install/abb_gz_hardware/share/abb_gz_hardware/hook/cmake_prefix_path.sh'
[1.275s] Level 1:colcon.colcon_core.environment:checking '/abb_ws/install/abb_gz_hardware/bin'
[1.276s] Level 1:colcon.colcon_core.environment:checking '/abb_ws/install/abb_gz_hardware/lib/pkgconfig/abb_gz_hardware.pc'
[1.276s] Level 1:colcon.colcon_core.environment:checking '/abb_ws/install/abb_gz_hardware/lib/python3.10/site-packages'
[1.276s] Level 1:colcon.colcon_core.environment:checking '/abb_ws/install/abb_gz_hardware/bin'
[1.277s] INFO:colcon.colcon_core.shell:Creating package script '/abb_ws/install/abb_gz_hardware/share/abb_gz_hardware/package.ps1'
[1.277s] INFO:colcon.colcon_core.shell:Creating package descriptor '/abb_ws/install/abb_gz_hardware/share/abb_gz_hardware/package.dsv'
[1.278s] INFO:colcon.colcon_core.shell:Creating package script '/abb_ws/install/abb_gz_hardware/share/abb_gz_hardware/package.sh'
[1.279s] INFO:colcon.colcon_core.shell:Creating package script '/abb_ws/install/abb_gz_hardware/share/abb_gz_hardware/package.bash'
[1.279s] INFO:colcon.colcon_core.shell:Creating package script '/abb_ws/install/abb_gz_hardware/share/abb_gz_hardware/package.zsh'
[1.280s] Level 1:colcon.colcon_core.environment:create_file_with_runtime_dependencies(/abb_ws/install/abb_gz_hardware/share/colcon-core/packages/abb_gz_hardware)
[1.280s] Level 1:colcon.colcon_core.environment:create_environment_scripts_only(abb_mujoco_bringup)
[1.281s] Level 1:colcon.colcon_core.environment:checking '/abb_ws/install/abb_mujoco_bringup' for CMake module files
[1.282s] DEBUG:colcon.colcon_core.event_handler.log_command:Invoked command in '/abb_ws/build/abb_mujoco_bringup' returned '0': CMAKE_PREFIX_PATH=${CMAKE_PREFIX_PATH}:/abb_ws/install/abb_path_controller:/abb_ws/install/abb_mujoco_python:/abb_ws/install/abb_ik_solver:/opt/ros/humble /usr/bin/cmake --install /abb_ws/build/abb_mujoco_bringup
[1.283s] Level 1:colcon.colcon_core.environment:checking '/abb_ws/install/abb_mujoco_bringup' for CMake config files
[1.283s] Level 1:colcon.colcon_core.shell:create_environment_hook('abb_mujoco_bringup', 'cmake_prefix_path')
[1.283s] INFO:colcon.colcon_core.shell:Creating environment hook '/abb_ws/install/abb_mujoco_bringup/share/abb_mujoco_bringup/hook/cmake_prefix_path.ps1'
[1.284s] INFO:colcon.colcon_core.shell:Creating environment descriptor '/abb_ws/install/abb_mujoco_bringup/share/abb_mujoco_bringup/hook/cmake_prefix_path.dsv'
[1.284s] INFO:colcon.colcon_core.shell:Creating environment hook '/abb_ws/install/abb_mujoco_bringup/share/abb_mujoco_bringup/hook/cmake_prefix_path.sh'
[1.285s] Level 1:colcon.colcon_core.environment:checking '/abb_ws/install/abb_mujoco_bringup/bin'
[1.285s] Level 1:colcon.colcon_core.environment:checking '/abb_ws/install/abb_mujoco_bringup/lib/pkgconfig/abb_mujoco_bringup.pc'
[1.286s] Level 1:colcon.colcon_core.environment:checking '/abb_ws/install/abb_mujoco_bringup/lib/python3.10/site-packages'
[1.286s] Level 1:colcon.colcon_core.environment:checking '/abb_ws/install/abb_mujoco_bringup/bin'
[1.287s] INFO:colcon.colcon_core.shell:Creating package script '/abb_ws/install/abb_mujoco_bringup/share/abb_mujoco_bringup/package.ps1'
[1.287s] INFO:colcon.colcon_core.shell:Creating package descriptor '/abb_ws/install/abb_mujoco_bringup/share/abb_mujoco_bringup/package.dsv'
[1.288s] INFO:colcon.colcon_core.shell:Creating package script '/abb_ws/install/abb_mujoco_bringup/share/abb_mujoco_bringup/package.sh'
[1.288s] INFO:colcon.colcon_core.shell:Creating package script '/abb_ws/install/abb_mujoco_bringup/share/abb_mujoco_bringup/package.bash'
[1.289s] INFO:colcon.colcon_core.shell:Creating package script '/abb_ws/install/abb_mujoco_bringup/share/abb_mujoco_bringup/package.zsh'
[1.290s] Level 1:colcon.colcon_core.environment:create_file_with_runtime_dependencies(/abb_ws/install/abb_mujoco_bringup/share/colcon-core/packages/abb_mujoco_bringup)
[1.290s] Level 1:colcon.colcon_core.environment:create_environment_scripts_only(abb_mujoco_bringup)
[1.291s] Level 1:colcon.colcon_core.environment:checking '/abb_ws/install/abb_mujoco_bringup' for CMake module files
[1.292s] Level 1:colcon.colcon_core.environment:checking '/abb_ws/install/abb_mujoco_bringup' for CMake config files
[1.292s] Level 1:colcon.colcon_core.shell:create_environment_hook('abb_mujoco_bringup', 'cmake_prefix_path')
[1.292s] INFO:colcon.colcon_core.shell:Creating environment hook '/abb_ws/install/abb_mujoco_bringup/share/abb_mujoco_bringup/hook/cmake_prefix_path.ps1'
[1.293s] INFO:colcon.colcon_core.shell:Creating environment descriptor '/abb_ws/install/abb_mujoco_bringup/share/abb_mujoco_bringup/hook/cmake_prefix_path.dsv'
[1.293s] INFO:colcon.colcon_core.shell:Creating environment hook '/abb_ws/install/abb_mujoco_bringup/share/abb_mujoco_bringup/hook/cmake_prefix_path.sh'
[1.294s] Level 1:colcon.colcon_core.environment:checking '/abb_ws/install/abb_mujoco_bringup/bin'
[1.294s] Level 1:colcon.colcon_core.environment:checking '/abb_ws/install/abb_mujoco_bringup/lib/pkgconfig/abb_mujoco_bringup.pc'
[1.295s] Level 1:colcon.colcon_core.environment:checking '/abb_ws/install/abb_mujoco_bringup/lib/python3.10/site-packages'
[1.295s] Level 1:colcon.colcon_core.environment:checking '/abb_ws/install/abb_mujoco_bringup/bin'
[1.295s] INFO:colcon.colcon_core.shell:Creating package script '/abb_ws/install/abb_mujoco_bringup/share/abb_mujoco_bringup/package.ps1'
[1.296s] INFO:colcon.colcon_core.shell:Creating package descriptor '/abb_ws/install/abb_mujoco_bringup/share/abb_mujoco_bringup/package.dsv'
[1.297s] INFO:colcon.colcon_core.shell:Creating package script '/abb_ws/install/abb_mujoco_bringup/share/abb_mujoco_bringup/package.sh'
[1.298s] INFO:colcon.colcon_core.shell:Creating package script '/abb_ws/install/abb_mujoco_bringup/share/abb_mujoco_bringup/package.bash'
[1.299s] INFO:colcon.colcon_core.shell:Creating package script '/abb_ws/install/abb_mujoco_bringup/share/abb_mujoco_bringup/package.zsh'
[1.299s] Level 1:colcon.colcon_core.environment:create_file_with_runtime_dependencies(/abb_ws/install/abb_mujoco_bringup/share/colcon-core/packages/abb_mujoco_bringup)
[1.299s] Level 1:colcon.colcon_core.environment:create_environment_scripts_only(abb_mujoco_description)
[1.300s] Level 1:colcon.colcon_core.environment:checking '/abb_ws/install/abb_mujoco_description' for CMake module files
[1.301s] DEBUG:colcon.colcon_core.event_handler.log_command:Invoked command in '/abb_ws/build/abb_mujoco_description' returned '0': CMAKE_PREFIX_PATH=${CMAKE_PREFIX_PATH}:/abb_ws/install/abb_path_controller:/abb_ws/install/abb_mujoco_python:/abb_ws/install/abb_ik_solver:/opt/ros/humble /usr/bin/cmake --install /abb_ws/build/abb_mujoco_description
[1.302s] Level 1:colcon.colcon_core.environment:checking '/abb_ws/install/abb_mujoco_description' for CMake config files
[1.302s] Level 1:colcon.colcon_core.shell:create_environment_hook('abb_mujoco_description', 'cmake_prefix_path')
[1.302s] INFO:colcon.colcon_core.shell:Creating environment hook '/abb_ws/install/abb_mujoco_description/share/abb_mujoco_description/hook/cmake_prefix_path.ps1'
[1.303s] INFO:colcon.colcon_core.shell:Creating environment descriptor '/abb_ws/install/abb_mujoco_description/share/abb_mujoco_description/hook/cmake_prefix_path.dsv'
[1.303s] INFO:colcon.colcon_core.shell:Creating environment hook '/abb_ws/install/abb_mujoco_description/share/abb_mujoco_description/hook/cmake_prefix_path.sh'
[1.304s] Level 1:colcon.colcon_core.environment:checking '/abb_ws/install/abb_mujoco_description/bin'
[1.304s] Level 1:colcon.colcon_core.environment:checking '/abb_ws/install/abb_mujoco_description/lib/pkgconfig/abb_mujoco_description.pc'
[1.305s] Level 1:colcon.colcon_core.environment:checking '/abb_ws/install/abb_mujoco_description/lib/python3.10/site-packages'
[1.305s] Level 1:colcon.colcon_core.environment:checking '/abb_ws/install/abb_mujoco_description/bin'
[1.306s] INFO:colcon.colcon_core.shell:Creating package script '/abb_ws/install/abb_mujoco_description/share/abb_mujoco_description/package.ps1'
[1.306s] INFO:colcon.colcon_core.shell:Creating package descriptor '/abb_ws/install/abb_mujoco_description/share/abb_mujoco_description/package.dsv'
[1.307s] INFO:colcon.colcon_core.shell:Creating package script '/abb_ws/install/abb_mujoco_description/share/abb_mujoco_description/package.sh'
[1.308s] INFO:colcon.colcon_core.shell:Creating package script '/abb_ws/install/abb_mujoco_description/share/abb_mujoco_description/package.bash'
[1.308s] INFO:colcon.colcon_core.shell:Creating package script '/abb_ws/install/abb_mujoco_description/share/abb_mujoco_description/package.zsh'
[1.309s] Level 1:colcon.colcon_core.environment:create_file_with_runtime_dependencies(/abb_ws/install/abb_mujoco_description/share/colcon-core/packages/abb_mujoco_description)
[1.309s] Level 1:colcon.colcon_core.environment:create_environment_scripts_only(abb_mujoco_description)
[1.310s] Level 1:colcon.colcon_core.environment:checking '/abb_ws/install/abb_mujoco_description' for CMake module files
[1.310s] Level 1:colcon.colcon_core.environment:checking '/abb_ws/install/abb_mujoco_description' for CMake config files
[1.311s] Level 1:colcon.colcon_core.shell:create_environment_hook('abb_mujoco_description', 'cmake_prefix_path')
[1.311s] INFO:colcon.colcon_core.shell:Creating environment hook '/abb_ws/install/abb_mujoco_description/share/abb_mujoco_description/hook/cmake_prefix_path.ps1'
[1.312s] INFO:colcon.colcon_core.shell:Creating environment descriptor '/abb_ws/install/abb_mujoco_description/share/abb_mujoco_description/hook/cmake_prefix_path.dsv'
[1.312s] INFO:colcon.colcon_core.shell:Creating environment hook '/abb_ws/install/abb_mujoco_description/share/abb_mujoco_description/hook/cmake_prefix_path.sh'
[1.313s] Level 1:colcon.colcon_core.environment:checking '/abb_ws/install/abb_mujoco_description/bin'
[1.313s] Level 1:colcon.colcon_core.environment:checking '/abb_ws/install/abb_mujoco_description/lib/pkgconfig/abb_mujoco_description.pc'
[1.313s] Level 1:colcon.colcon_core.environment:checking '/abb_ws/install/abb_mujoco_description/lib/python3.10/site-packages'
[1.314s] Level 1:colcon.colcon_core.environment:checking '/abb_ws/install/abb_mujoco_description/bin'
[1.314s] INFO:colcon.colcon_core.shell:Creating package script '/abb_ws/install/abb_mujoco_description/share/abb_mujoco_description/package.ps1'
[1.315s] INFO:colcon.colcon_core.shell:Creating package descriptor '/abb_ws/install/abb_mujoco_description/share/abb_mujoco_description/package.dsv'
[1.316s] INFO:colcon.colcon_core.shell:Creating package script '/abb_ws/install/abb_mujoco_description/share/abb_mujoco_description/package.sh'
[1.317s] INFO:colcon.colcon_core.shell:Creating package script '/abb_ws/install/abb_mujoco_description/share/abb_mujoco_description/package.bash'
[1.318s] INFO:colcon.colcon_core.shell:Creating package script '/abb_ws/install/abb_mujoco_description/share/abb_mujoco_description/package.zsh'
[1.318s] Level 1:colcon.colcon_core.environment:create_file_with_runtime_dependencies(/abb_ws/install/abb_mujoco_description/share/colcon-core/packages/abb_mujoco_description)
[1.320s] Level 1:colcon.colcon_core.environment:create_environment_scripts_only(abb_mujoco_sim)
[1.320s] Level 1:colcon.colcon_core.environment:checking '/abb_ws/install/abb_mujoco_sim' for CMake module files
[1.321s] DEBUG:colcon.colcon_core.event_handler.log_command:Invoked command in '/abb_ws/build/abb_mujoco_sim' returned '0': CMAKE_PREFIX_PATH=${CMAKE_PREFIX_PATH}:/abb_ws/install/abb_path_controller:/abb_ws/install/abb_mujoco_python:/abb_ws/install/abb_ik_solver:/opt/ros/humble /usr/bin/cmake --install /abb_ws/build/abb_mujoco_sim
[1.321s] Level 1:colcon.colcon_core.environment:checking '/abb_ws/install/abb_mujoco_sim' for CMake config files
[1.322s] Level 1:colcon.colcon_core.shell:create_environment_hook('abb_mujoco_sim', 'cmake_prefix_path')
[1.322s] INFO:colcon.colcon_core.shell:Creating environment hook '/abb_ws/install/abb_mujoco_sim/share/abb_mujoco_sim/hook/cmake_prefix_path.ps1'
[1.323s] INFO:colcon.colcon_core.shell:Creating environment descriptor '/abb_ws/install/abb_mujoco_sim/share/abb_mujoco_sim/hook/cmake_prefix_path.dsv'
[1.323s] INFO:colcon.colcon_core.shell:Creating environment hook '/abb_ws/install/abb_mujoco_sim/share/abb_mujoco_sim/hook/cmake_prefix_path.sh'
[1.324s] Level 1:colcon.colcon_core.environment:checking '/abb_ws/install/abb_mujoco_sim/lib'
[1.324s] Level 1:colcon.colcon_core.shell:create_environment_hook('abb_mujoco_sim', 'ld_library_path_lib')
[1.325s] INFO:colcon.colcon_core.shell:Creating environment hook '/abb_ws/install/abb_mujoco_sim/share/abb_mujoco_sim/hook/ld_library_path_lib.ps1'
[1.325s] INFO:colcon.colcon_core.shell:Creating environment descriptor '/abb_ws/install/abb_mujoco_sim/share/abb_mujoco_sim/hook/ld_library_path_lib.dsv'
[1.326s] INFO:colcon.colcon_core.shell:Creating environment hook '/abb_ws/install/abb_mujoco_sim/share/abb_mujoco_sim/hook/ld_library_path_lib.sh'
[1.327s] Level 1:colcon.colcon_core.environment:checking '/abb_ws/install/abb_mujoco_sim/bin'
[1.327s] Level 1:colcon.colcon_core.environment:checking '/abb_ws/install/abb_mujoco_sim/lib/pkgconfig/abb_mujoco_sim.pc'
[1.327s] Level 1:colcon.colcon_core.environment:checking '/abb_ws/install/abb_mujoco_sim/lib/python3.10/site-packages'
[1.327s] Level 1:colcon.colcon_core.environment:checking '/abb_ws/install/abb_mujoco_sim/bin'
[1.328s] INFO:colcon.colcon_core.shell:Creating package script '/abb_ws/install/abb_mujoco_sim/share/abb_mujoco_sim/package.ps1'
[1.329s] INFO:colcon.colcon_core.shell:Creating package descriptor '/abb_ws/install/abb_mujoco_sim/share/abb_mujoco_sim/package.dsv'
[1.329s] INFO:colcon.colcon_core.shell:Creating package script '/abb_ws/install/abb_mujoco_sim/share/abb_mujoco_sim/package.sh'
[1.330s] INFO:colcon.colcon_core.shell:Creating package script '/abb_ws/install/abb_mujoco_sim/share/abb_mujoco_sim/package.bash'
[1.331s] INFO:colcon.colcon_core.shell:Creating package script '/abb_ws/install/abb_mujoco_sim/share/abb_mujoco_sim/package.zsh'
[1.332s] Level 1:colcon.colcon_core.environment:create_file_with_runtime_dependencies(/abb_ws/install/abb_mujoco_sim/share/colcon-core/packages/abb_mujoco_sim)
[1.333s] Level 1:colcon.colcon_core.environment:create_environment_scripts_only(abb_mujoco_sim)
[1.333s] Level 1:colcon.colcon_core.environment:checking '/abb_ws/install/abb_mujoco_sim' for CMake module files
[1.334s] Level 1:colcon.colcon_core.environment:checking '/abb_ws/install/abb_mujoco_sim' for CMake config files
[1.334s] Level 1:colcon.colcon_core.shell:create_environment_hook('abb_mujoco_sim', 'cmake_prefix_path')
[1.335s] INFO:colcon.colcon_core.shell:Creating environment hook '/abb_ws/install/abb_mujoco_sim/share/abb_mujoco_sim/hook/cmake_prefix_path.ps1'
[1.335s] INFO:colcon.colcon_core.shell:Creating environment descriptor '/abb_ws/install/abb_mujoco_sim/share/abb_mujoco_sim/hook/cmake_prefix_path.dsv'
[1.336s] INFO:colcon.colcon_core.shell:Creating environment hook '/abb_ws/install/abb_mujoco_sim/share/abb_mujoco_sim/hook/cmake_prefix_path.sh'
[1.337s] Level 1:colcon.colcon_core.environment:checking '/abb_ws/install/abb_mujoco_sim/lib'
[1.337s] Level 1:colcon.colcon_core.shell:create_environment_hook('abb_mujoco_sim', 'ld_library_path_lib')
[1.337s] INFO:colcon.colcon_core.shell:Creating environment hook '/abb_ws/install/abb_mujoco_sim/share/abb_mujoco_sim/hook/ld_library_path_lib.ps1'
[1.338s] INFO:colcon.colcon_core.shell:Creating environment descriptor '/abb_ws/install/abb_mujoco_sim/share/abb_mujoco_sim/hook/ld_library_path_lib.dsv'
[1.338s] INFO:colcon.colcon_core.shell:Creating environment hook '/abb_ws/install/abb_mujoco_sim/share/abb_mujoco_sim/hook/ld_library_path_lib.sh'
[1.339s] Level 1:colcon.colcon_core.environment:checking '/abb_ws/install/abb_mujoco_sim/bin'
[1.339s] Level 1:colcon.colcon_core.environment:checking '/abb_ws/install/abb_mujoco_sim/lib/pkgconfig/abb_mujoco_sim.pc'
[1.340s] Level 1:colcon.colcon_core.environment:checking '/abb_ws/install/abb_mujoco_sim/lib/python3.10/site-packages'
[1.340s] Level 1:colcon.colcon_core.environment:checking '/abb_ws/install/abb_mujoco_sim/bin'
[1.341s] INFO:colcon.colcon_core.shell:Creating package script '/abb_ws/install/abb_mujoco_sim/share/abb_mujoco_sim/package.ps1'
[1.341s] INFO:colcon.colcon_core.shell:Creating package descriptor '/abb_ws/install/abb_mujoco_sim/share/abb_mujoco_sim/package.dsv'
[1.342s] INFO:colcon.colcon_core.shell:Creating package script '/abb_ws/install/abb_mujoco_sim/share/abb_mujoco_sim/package.sh'
[1.343s] INFO:colcon.colcon_core.shell:Creating package script '/abb_ws/install/abb_mujoco_sim/share/abb_mujoco_sim/package.bash'
[1.344s] INFO:colcon.colcon_core.shell:Creating package script '/abb_ws/install/abb_mujoco_sim/share/abb_mujoco_sim/package.zsh'
[1.344s] Level 1:colcon.colcon_core.environment:create_file_with_runtime_dependencies(/abb_ws/install/abb_mujoco_sim/share/colcon-core/packages/abb_mujoco_sim)
[1.563s] DEBUG:colcon.colcon_core.event_handler.log_command:Invoking command in '/abb_ws/build/abb_ik_solver': PYTHONPATH=/abb_ws/build/abb_ik_solver/prefix_override:/usr/lib/python3/dist-packages/colcon_core/task/python/colcon_distutils_commands:/abb_ws/install/abb_ik_solver/lib/python3.10/site-packages:${PYTHONPATH} /usr/bin/python3 -W ignore:setup.py install is deprecated -W ignore:easy_install command is deprecated setup.py develop --editable --build-directory /abb_ws/build/abb_ik_solver/build --no-deps symlink_data
[1.565s] DEBUG:colcon.colcon_core.event_handler.log_command:Invoking command in '/abb_ws/build/abb_mujoco_python': PYTHONPATH=/abb_ws/build/abb_mujoco_python/prefix_override:/usr/lib/python3/dist-packages/colcon_core/task/python/colcon_distutils_commands:/abb_ws/install/abb_mujoco_python/lib/python3.10/site-packages:${PYTHONPATH} /usr/bin/python3 -W ignore:setup.py install is deprecated -W ignore:easy_install command is deprecated setup.py develop --editable --build-directory /abb_ws/build/abb_mujoco_python/build --no-deps symlink_data
[1.589s] DEBUG:colcon.colcon_core.event_handler.log_command:Invoking command in '/abb_ws/build/abb_path_controller': PYTHONPATH=/abb_ws/build/abb_path_controller/prefix_override:/usr/lib/python3/dist-packages/colcon_core/task/python/colcon_distutils_commands:/abb_ws/install/abb_path_controller/lib/python3.10/site-packages:${PYTHONPATH} /usr/bin/python3 -W ignore:setup.py install is deprecated -W ignore:easy_install command is deprecated setup.py develop --editable --build-directory /abb_ws/build/abb_path_controller/build --no-deps symlink_data
[1.983s] Level 1:colcon.colcon_core.shell:create_environment_hook('abb_ik_solver', 'pythonpath_develop')
[1.984s] INFO:colcon.colcon_core.shell:Creating environment hook '/abb_ws/build/abb_ik_solver/share/abb_ik_solver/hook/pythonpath_develop.ps1'
[1.984s] DEBUG:colcon.colcon_core.event_handler.log_command:Invoked command in '/abb_ws/build/abb_ik_solver' returned '0': PYTHONPATH=/abb_ws/build/abb_ik_solver/prefix_override:/usr/lib/python3/dist-packages/colcon_core/task/python/colcon_distutils_commands:/abb_ws/install/abb_ik_solver/lib/python3.10/site-packages:${PYTHONPATH} /usr/bin/python3 -W ignore:setup.py install is deprecated -W ignore:easy_install command is deprecated setup.py develop --editable --build-directory /abb_ws/build/abb_ik_solver/build --no-deps symlink_data
[1.985s] INFO:colcon.colcon_core.shell:Creating environment descriptor '/abb_ws/build/abb_ik_solver/share/abb_ik_solver/hook/pythonpath_develop.dsv'
[1.986s] INFO:colcon.colcon_core.shell:Creating environment hook '/abb_ws/build/abb_ik_solver/share/abb_ik_solver/hook/pythonpath_develop.sh'
[1.986s] Level 1:colcon.colcon_core.environment:checking '/abb_ws/install/abb_ik_solver' for CMake module files
[1.987s] Level 1:colcon.colcon_core.environment:checking '/abb_ws/install/abb_ik_solver' for CMake config files
[1.988s] Level 1:colcon.colcon_core.environment:checking '/abb_ws/install/abb_ik_solver/lib'
[1.988s] Level 1:colcon.colcon_core.environment:checking '/abb_ws/install/abb_ik_solver/bin'
[1.988s] Level 1:colcon.colcon_core.environment:checking '/abb_ws/install/abb_ik_solver/lib/pkgconfig/abb_ik_solver.pc'
[1.989s] Level 1:colcon.colcon_core.environment:checking '/abb_ws/install/abb_ik_solver/lib/python3.10/site-packages'
[1.989s] Level 1:colcon.colcon_core.shell:create_environment_hook('abb_ik_solver', 'pythonpath')
[1.989s] INFO:colcon.colcon_core.shell:Creating environment hook '/abb_ws/install/abb_ik_solver/share/abb_ik_solver/hook/pythonpath.ps1'
[1.990s] INFO:colcon.colcon_core.shell:Creating environment descriptor '/abb_ws/install/abb_ik_solver/share/abb_ik_solver/hook/pythonpath.dsv'
[1.990s] INFO:colcon.colcon_core.shell:Creating environment hook '/abb_ws/install/abb_ik_solver/share/abb_ik_solver/hook/pythonpath.sh'
[1.991s] Level 1:colcon.colcon_core.environment:checking '/abb_ws/install/abb_ik_solver/bin'
[1.991s] Level 1:colcon.colcon_core.environment:create_environment_scripts_only(abb_ik_solver)
[1.992s] INFO:colcon.colcon_core.shell:Creating package script '/abb_ws/install/abb_ik_solver/share/abb_ik_solver/package.ps1'
[1.993s] INFO:colcon.colcon_core.shell:Creating package descriptor '/abb_ws/install/abb_ik_solver/share/abb_ik_solver/package.dsv'
[1.994s] INFO:colcon.colcon_core.shell:Creating package script '/abb_ws/install/abb_ik_solver/share/abb_ik_solver/package.sh'
[1.994s] INFO:colcon.colcon_core.shell:Creating package script '/abb_ws/install/abb_ik_solver/share/abb_ik_solver/package.bash'
[1.995s] INFO:colcon.colcon_core.shell:Creating package script '/abb_ws/install/abb_ik_solver/share/abb_ik_solver/package.zsh'
[1.995s] Level 1:colcon.colcon_core.environment:create_file_with_runtime_dependencies(/abb_ws/install/abb_ik_solver/share/colcon-core/packages/abb_ik_solver)
[1.996s] Level 1:colcon.colcon_core.shell:create_environment_hook('abb_mujoco_python', 'pythonpath_develop')
[1.997s] INFO:colcon.colcon_core.shell:Creating environment hook '/abb_ws/build/abb_mujoco_python/share/abb_mujoco_python/hook/pythonpath_develop.ps1'
[1.998s] DEBUG:colcon.colcon_core.event_handler.log_command:Invoked command in '/abb_ws/build/abb_mujoco_python' returned '0': PYTHONPATH=/abb_ws/build/abb_mujoco_python/prefix_override:/usr/lib/python3/dist-packages/colcon_core/task/python/colcon_distutils_commands:/abb_ws/install/abb_mujoco_python/lib/python3.10/site-packages:${PYTHONPATH} /usr/bin/python3 -W ignore:setup.py install is deprecated -W ignore:easy_install command is deprecated setup.py develop --editable --build-directory /abb_ws/build/abb_mujoco_python/build --no-deps symlink_data
[1.998s] INFO:colcon.colcon_core.shell:Creating environment descriptor '/abb_ws/build/abb_mujoco_python/share/abb_mujoco_python/hook/pythonpath_develop.dsv'
[1.998s] INFO:colcon.colcon_core.shell:Creating environment hook '/abb_ws/build/abb_mujoco_python/share/abb_mujoco_python/hook/pythonpath_develop.sh'
[1.999s] Level 1:colcon.colcon_core.environment:checking '/abb_ws/install/abb_mujoco_python' for CMake module files
[2.000s] Level 1:colcon.colcon_core.environment:checking '/abb_ws/install/abb_mujoco_python' for CMake config files
[2.001s] Level 1:colcon.colcon_core.environment:checking '/abb_ws/install/abb_mujoco_python/lib'
[2.001s] Level 1:colcon.colcon_core.environment:checking '/abb_ws/install/abb_mujoco_python/bin'
[2.001s] Level 1:colcon.colcon_core.environment:checking '/abb_ws/install/abb_mujoco_python/lib/pkgconfig/abb_mujoco_python.pc'
[2.001s] Level 1:colcon.colcon_core.environment:checking '/abb_ws/install/abb_mujoco_python/lib/python3.10/site-packages'
[2.001s] Level 1:colcon.colcon_core.shell:create_environment_hook('abb_mujoco_python', 'pythonpath')
[2.002s] INFO:colcon.colcon_core.shell:Creating environment hook '/abb_ws/install/abb_mujoco_python/share/abb_mujoco_python/hook/pythonpath.ps1'
[2.002s] INFO:colcon.colcon_core.shell:Creating environment descriptor '/abb_ws/install/abb_mujoco_python/share/abb_mujoco_python/hook/pythonpath.dsv'
[2.003s] INFO:colcon.colcon_core.shell:Creating environment hook '/abb_ws/install/abb_mujoco_python/share/abb_mujoco_python/hook/pythonpath.sh'
[2.003s] Level 1:colcon.colcon_core.environment:checking '/abb_ws/install/abb_mujoco_python/bin'
[2.004s] Level 1:colcon.colcon_core.environment:create_environment_scripts_only(abb_mujoco_python)
[2.004s] INFO:colcon.colcon_core.shell:Creating package script '/abb_ws/install/abb_mujoco_python/share/abb_mujoco_python/package.ps1'
[2.005s] INFO:colcon.colcon_core.shell:Creating package descriptor '/abb_ws/install/abb_mujoco_python/share/abb_mujoco_python/package.dsv'
[2.006s] INFO:colcon.colcon_core.shell:Creating package script '/abb_ws/install/abb_mujoco_python/share/abb_mujoco_python/package.sh'
[2.006s] INFO:colcon.colcon_core.shell:Creating package script '/abb_ws/install/abb_mujoco_python/share/abb_mujoco_python/package.bash'
[2.007s] INFO:colcon.colcon_core.shell:Creating package script '/abb_ws/install/abb_mujoco_python/share/abb_mujoco_python/package.zsh'
[2.008s] Level 1:colcon.colcon_core.environment:create_file_with_runtime_dependencies(/abb_ws/install/abb_mujoco_python/share/colcon-core/packages/abb_mujoco_python)
[2.017s] Level 1:colcon.colcon_core.shell:create_environment_hook('abb_path_controller', 'pythonpath_develop')
[2.017s] INFO:colcon.colcon_core.shell:Creating environment hook '/abb_ws/build/abb_path_controller/share/abb_path_controller/hook/pythonpath_develop.ps1'
[2.018s] DEBUG:colcon.colcon_core.event_handler.log_command:Invoked command in '/abb_ws/build/abb_path_controller' returned '0': PYTHONPATH=/abb_ws/build/abb_path_controller/prefix_override:/usr/lib/python3/dist-packages/colcon_core/task/python/colcon_distutils_commands:/abb_ws/install/abb_path_controller/lib/python3.10/site-packages:${PYTHONPATH} /usr/bin/python3 -W ignore:setup.py install is deprecated -W ignore:easy_install command is deprecated setup.py develop --editable --build-directory /abb_ws/build/abb_path_controller/build --no-deps symlink_data
[2.018s] INFO:colcon.colcon_core.shell:Creating environment descriptor '/abb_ws/build/abb_path_controller/share/abb_path_controller/hook/pythonpath_develop.dsv'
[2.019s] INFO:colcon.colcon_core.shell:Creating environment hook '/abb_ws/build/abb_path_controller/share/abb_path_controller/hook/pythonpath_develop.sh'
[2.019s] Level 1:colcon.colcon_core.environment:checking '/abb_ws/install/abb_path_controller' for CMake module files
[2.020s] Level 1:colcon.colcon_core.environment:checking '/abb_ws/install/abb_path_controller' for CMake config files
[2.020s] Level 1:colcon.colcon_core.environment:checking '/abb_ws/install/abb_path_controller/lib'
[2.020s] Level 1:colcon.colcon_core.environment:checking '/abb_ws/install/abb_path_controller/bin'
[2.020s] Level 1:colcon.colcon_core.environment:checking '/abb_ws/install/abb_path_controller/lib/pkgconfig/abb_path_controller.pc'
[2.020s] Level 1:colcon.colcon_core.environment:checking '/abb_ws/install/abb_path_controller/lib/python3.10/site-packages'
[2.021s] Level 1:colcon.colcon_core.shell:create_environment_hook('abb_path_controller', 'pythonpath')
[2.021s] INFO:colcon.colcon_core.shell:Creating environment hook '/abb_ws/install/abb_path_controller/share/abb_path_controller/hook/pythonpath.ps1'
[2.021s] INFO:colcon.colcon_core.shell:Creating environment descriptor '/abb_ws/install/abb_path_controller/share/abb_path_controller/hook/pythonpath.dsv'
[2.022s] INFO:colcon.colcon_core.shell:Creating environment hook '/abb_ws/install/abb_path_controller/share/abb_path_controller/hook/pythonpath.sh'
[2.022s] Level 1:colcon.colcon_core.environment:checking '/abb_ws/install/abb_path_controller/bin'
[2.022s] Level 1:colcon.colcon_core.environment:create_environment_scripts_only(abb_path_controller)
[2.023s] INFO:colcon.colcon_core.shell:Creating package script '/abb_ws/install/abb_path_controller/share/abb_path_controller/package.ps1'
[2.023s] INFO:colcon.colcon_core.shell:Creating package descriptor '/abb_ws/install/abb_path_controller/share/abb_path_controller/package.dsv'
[2.024s] INFO:colcon.colcon_core.shell:Creating package script '/abb_ws/install/abb_path_controller/share/abb_path_controller/package.sh'
[2.024s] INFO:colcon.colcon_core.shell:Creating package script '/abb_ws/install/abb_path_controller/share/abb_path_controller/package.bash'
[2.025s] INFO:colcon.colcon_core.shell:Creating package script '/abb_ws/install/abb_path_controller/share/abb_path_controller/package.zsh'
[2.025s] Level 1:colcon.colcon_core.environment:create_file_with_runtime_dependencies(/abb_ws/install/abb_path_controller/share/colcon-core/packages/abb_path_controller)
[5.916s] DEBUG:colcon.colcon_core.event_handler.log_command:Invoked command in '/abb_ws/build/abb_controllers' returned '2': CMAKE_PREFIX_PATH=${CMAKE_PREFIX_PATH}:/abb_ws/install/abb_path_controller:/abb_ws/install/abb_mujoco_python:/abb_ws/install/abb_ik_solver:/opt/ros/humble /usr/bin/cmake --build /abb_ws/build/abb_controllers -- -j12 -l12
[5.917s] Level 1:colcon.colcon_core.environment:create_environment_scripts_only(abb_controllers)
[5.917s] Level 1:colcon.colcon_core.environment:checking '/abb_ws/install/abb_controllers' for CMake module files
[5.917s] Level 1:colcon.colcon_core.environment:checking '/abb_ws/install/abb_controllers' for CMake config files
[5.918s] Level 1:colcon.colcon_core.shell:create_environment_hook('abb_controllers', 'cmake_prefix_path')
[5.918s] INFO:colcon.colcon_core.shell:Creating environment hook '/abb_ws/install/abb_controllers/share/abb_controllers/hook/cmake_prefix_path.ps1'
[5.918s] INFO:colcon.colcon_core.shell:Creating environment descriptor '/abb_ws/install/abb_controllers/share/abb_controllers/hook/cmake_prefix_path.dsv'
[5.919s] INFO:colcon.colcon_core.shell:Creating environment hook '/abb_ws/install/abb_controllers/share/abb_controllers/hook/cmake_prefix_path.sh'
[5.919s] Level 1:colcon.colcon_core.environment:checking '/abb_ws/install/abb_controllers/lib'
[5.919s] Level 1:colcon.colcon_core.shell:create_environment_hook('abb_controllers', 'ld_library_path_lib')
[5.919s] INFO:colcon.colcon_core.shell:Creating environment hook '/abb_ws/install/abb_controllers/share/abb_controllers/hook/ld_library_path_lib.ps1'
[5.920s] INFO:colcon.colcon_core.shell:Creating environment descriptor '/abb_ws/install/abb_controllers/share/abb_controllers/hook/ld_library_path_lib.dsv'
[5.920s] INFO:colcon.colcon_core.shell:Creating environment hook '/abb_ws/install/abb_controllers/share/abb_controllers/hook/ld_library_path_lib.sh'
[5.920s] Level 1:colcon.colcon_core.environment:checking '/abb_ws/install/abb_controllers/bin'
[5.920s] Level 1:colcon.colcon_core.environment:checking '/abb_ws/install/abb_controllers/lib/pkgconfig/abb_controllers.pc'
[5.921s] Level 1:colcon.colcon_core.environment:checking '/abb_ws/install/abb_controllers/lib/python3.10/site-packages'
[5.921s] Level 1:colcon.colcon_core.environment:checking '/abb_ws/install/abb_controllers/bin'
[5.921s] INFO:colcon.colcon_core.shell:Creating package script '/abb_ws/install/abb_controllers/share/abb_controllers/package.ps1'
[5.922s] INFO:colcon.colcon_core.shell:Creating package descriptor '/abb_ws/install/abb_controllers/share/abb_controllers/package.dsv'
[5.922s] INFO:colcon.colcon_core.shell:Creating package script '/abb_ws/install/abb_controllers/share/abb_controllers/package.sh'
[5.923s] INFO:colcon.colcon_core.shell:Creating package script '/abb_ws/install/abb_controllers/share/abb_controllers/package.bash'
[5.923s] INFO:colcon.colcon_core.shell:Creating package script '/abb_ws/install/abb_controllers/share/abb_controllers/package.zsh'
[5.923s] Level 1:colcon.colcon_core.environment:create_file_with_runtime_dependencies(/abb_ws/install/abb_controllers/share/colcon-core/packages/abb_controllers)
[5.934s] DEBUG:colcon.colcon_parallel_executor.executor.parallel:closing loop
[5.934s] DEBUG:colcon.colcon_parallel_executor.executor.parallel:loop closed
[5.934s] DEBUG:colcon.colcon_parallel_executor.executor.parallel:run_until_complete finished with '2'
[5.934s] DEBUG:colcon.colcon_core.event_reactor:joining thread
[5.939s] INFO:colcon.colcon_core.plugin_system:Skipping extension 'colcon_notification.desktop_notification.notify_send': Could not find 'notify-send'
[5.939s] INFO:colcon.colcon_core.plugin_system:Skipping extension 'colcon_notification.desktop_notification.terminal_notifier': Not used on non-Darwin systems
[5.939s] INFO:colcon.colcon_core.plugin_system:Skipping extension 'colcon_notification.desktop_notification.win32': Not used on non-Windows systems
[5.940s] INFO:colcon.colcon_notification.desktop_notification:Sending desktop notification using 'notify2'
[5.942s] DEBUG:colcon.colcon_notification.desktop_notification.notify2:Failed to initialize notify2: org.freedesktop.DBus.Error.Spawn.ExecFailed: /usr/bin/dbus-launch terminated abnormally without any error message
[5.942s] DEBUG:colcon.colcon_core.event_reactor:joined thread
[5.942s] INFO:colcon.colcon_core.shell:Creating prefix script '/abb_ws/install/local_setup.ps1'
[5.944s] INFO:colcon.colcon_core.shell:Creating prefix util module '/abb_ws/install/_local_setup_util_ps1.py'
[5.945s] INFO:colcon.colcon_core.shell:Creating prefix chain script '/abb_ws/install/setup.ps1'
[5.946s] INFO:colcon.colcon_core.shell:Creating prefix script '/abb_ws/install/local_setup.sh'
[5.947s] INFO:colcon.colcon_core.shell:Creating prefix util module '/abb_ws/install/_local_setup_util_sh.py'
[5.948s] INFO:colcon.colcon_core.shell:Creating prefix chain script '/abb_ws/install/setup.sh'
[5.949s] INFO:colcon.colcon_core.shell:Creating prefix script '/abb_ws/install/local_setup.bash'
[5.950s] INFO:colcon.colcon_core.shell:Creating prefix chain script '/abb_ws/install/setup.bash'
[5.951s] INFO:colcon.colcon_core.shell:Creating prefix script '/abb_ws/install/local_setup.zsh'
[5.952s] INFO:colcon.colcon_core.shell:Creating prefix chain script '/abb_ws/install/setup.zsh'
