ISO-10303-21;
HEADER;
/* Generated by software containing ST-Developer
 * from STEP Tools, Inc. (www.steptools.com) 
 */
/* OPTION: using custom renumber hook */

FILE_DESCRIPTION(
/* description */ ('STEP AP242 Edition 2',
'CAx-IF Rec.Pracs.---Representation and Presentation of Product Manufa
cturing Information (PMI)---4.0---2014-10-13',
'CAx-IF Rec.Pracs.---3D Tessellated Geometry---0.4---2014-09-14','2;1',
'CAx-IF Rec.Pracs.---User Defined Attributes---1.5---2016-08-15'),
/* implementation_level */ '2;1');

FILE_NAME(
/* name */ 'landedConcept v4 parts - Part 1 (1)',
/* time_stamp */ '2026-01-03T01:02:41Z',
/* author */ (''),
/* organization */ (''),
/* preprocessor_version */ 'ST-DEVELOPER v20',
/* originating_system */ 'ONSHAPE BY PTC INC, 1.208',
/* authorisation */ '  ');

FILE_SCHEMA (('AP242_MANAGED_MODEL_BASED_3D_ENGINEERING_MIM_LF { 1 0 10303 442 3 1 4 }'));
ENDSEC;

DATA;
#10=SHAPE_REPRESENTATION_RELATIONSHIP('','',#1120,#11);
#11=ADVANCED_BREP_SHAPE_REPRESENTATION('',(#1118),#3224);
#12=TOROIDAL_SURFACE('',#1187,0.0035,0.0015);
#13=TOROIDAL_SURFACE('',#1197,0.0035,0.0015);
#14=CIRCLE('',#1127,0.031);
#15=CIRCLE('',#1128,0.031);
#16=CIRCLE('',#1129,0.031);
#17=CIRCLE('',#1130,0.031);
#18=CIRCLE('',#1131,0.031);
#19=CIRCLE('',#1132,0.031);
#20=CIRCLE('',#1133,0.031);
#21=CIRCLE('',#1136,0.014);
#22=CIRCLE('',#1137,0.014);
#23=CIRCLE('',#1138,0.014);
#24=CIRCLE('',#1141,0.0125);
#25=CIRCLE('',#1142,0.014);
#26=CIRCLE('',#1143,0.014);
#27=CIRCLE('',#1144,0.014);
#28=CIRCLE('',#1154,0.0125);
#29=CIRCLE('',#1177,0.005);
#30=CIRCLE('',#1179,0.232790353451603);
#31=CIRCLE('',#1181,0.005);
#32=CIRCLE('',#1183,0.232790353451611);
#33=CIRCLE('',#1185,0.0015);
#34=CIRCLE('',#1186,0.0015);
#35=CIRCLE('',#1188,0.0015);
#36=CIRCLE('',#1189,0.0035);
#37=CIRCLE('',#1191,0.0015);
#38=CIRCLE('',#1192,0.0015);
#39=CIRCLE('',#1193,0.0015);
#40=CIRCLE('',#1194,0.0035);
#41=CIRCLE('',#1196,0.00149999999999997);
#42=PLANE('',#1123);
#43=PLANE('',#1125);
#44=PLANE('',#1134);
#45=PLANE('',#1135);
#46=PLANE('',#1139);
#47=PLANE('',#1140);
#48=PLANE('',#1145);
#49=PLANE('',#1147);
#50=PLANE('',#1148);
#51=PLANE('',#1150);
#52=PLANE('',#1152);
#53=PLANE('',#1155);
#54=PLANE('',#1157);
#55=PLANE('',#1159);
#56=PLANE('',#1161);
#57=PLANE('',#1163);
#58=PLANE('',#1165);
#59=PLANE('',#1167);
#60=PLANE('',#1169);
#61=PLANE('',#1171);
#62=PLANE('',#1173);
#63=PLANE('',#1175);
#64=PLANE('',#1178);
#65=PLANE('',#1182);
#66=PLANE('',#1190);
#67=PLANE('',#1205);
#68=LINE('',#2524,#137);
#69=LINE('',#2525,#138);
#70=LINE('',#2527,#139);
#71=LINE('',#2529,#140);
#72=LINE('',#2539,#141);
#73=LINE('',#2541,#142);
#74=LINE('',#2543,#143);
#75=LINE('',#2554,#144);
#76=LINE('',#2563,#145);
#77=LINE('',#2574,#146);
#78=LINE('',#2583,#147);
#79=LINE('',#2594,#148);
#80=LINE('',#2603,#149);
#81=LINE('',#2614,#150);
#82=LINE('',#2623,#151);
#83=LINE('',#2634,#152);
#84=LINE('',#2646,#153);
#85=LINE('',#2650,#154);
#86=LINE('',#2654,#155);
#87=LINE('',#2658,#156);
#88=LINE('',#2662,#157);
#89=LINE('',#2666,#158);
#90=LINE('',#2671,#159);
#91=LINE('',#2675,#160);
#92=LINE('',#2676,#161);
#93=LINE('',#2680,#162);
#94=LINE('',#2681,#163);
#95=LINE('',#2685,#164);
#96=LINE('',#2687,#165);
#97=LINE('',#2689,#166);
#98=LINE('',#2693,#167);
#99=LINE('',#2697,#168);
#100=LINE('',#2700,#169);
#101=LINE('',#2701,#170);
#102=LINE('',#2705,#171);
#103=LINE('',#2707,#172);
#104=LINE('',#2709,#173);
#105=LINE('',#2712,#174);
#106=LINE('',#2715,#175);
#107=LINE('',#2717,#176);
#108=LINE('',#2724,#177);
#109=LINE('',#2725,#178);
#110=LINE('',#2727,#179);
#111=LINE('',#2729,#180);
#112=LINE('',#2732,#181);
#113=LINE('',#2733,#182);
#114=LINE('',#2735,#183);
#115=LINE('',#2737,#184);
#116=LINE('',#2740,#185);
#117=LINE('',#2741,#186);
#118=LINE('',#2743,#187);
#119=LINE('',#2745,#188);
#120=LINE('',#2748,#189);
#121=LINE('',#2749,#190);
#122=LINE('',#2751,#191);
#123=LINE('',#2753,#192);
#124=LINE('',#2756,#193);
#125=LINE('',#2757,#194);
#126=LINE('',#2759,#195);
#127=LINE('',#2761,#196);
#128=LINE('',#2930,#197);
#129=LINE('',#2934,#198);
#130=LINE('',#2937,#199);
#131=LINE('',#2939,#200);
#132=LINE('',#2943,#201);
#133=LINE('',#2946,#202);
#134=LINE('',#2950,#203);
#135=LINE('',#2966,#204);
#136=LINE('',#3221,#205);
#137=VECTOR('',#1210,1.);
#138=VECTOR('',#1211,1.);
#139=VECTOR('',#1214,1.);
#140=VECTOR('',#1215,1.);
#141=VECTOR('',#1218,1.);
#142=VECTOR('',#1221,1.);
#143=VECTOR('',#1224,1.);
#144=VECTOR('',#1225,1.);
#145=VECTOR('',#1226,1.);
#146=VECTOR('',#1227,1.);
#147=VECTOR('',#1228,1.);
#148=VECTOR('',#1229,1.);
#149=VECTOR('',#1230,1.);
#150=VECTOR('',#1231,1.);
#151=VECTOR('',#1232,1.);
#152=VECTOR('',#1233,1.);
#153=VECTOR('',#1236,1.);
#154=VECTOR('',#1239,1.);
#155=VECTOR('',#1242,1.);
#156=VECTOR('',#1245,1.);
#157=VECTOR('',#1248,1.);
#158=VECTOR('',#1251,1.);
#159=VECTOR('',#1258,1.);
#160=VECTOR('',#1261,1.);
#161=VECTOR('',#1262,1.);
#162=VECTOR('',#1265,1.);
#163=VECTOR('',#1266,1.);
#164=VECTOR('',#1269,1.);
#165=VECTOR('',#1272,1.);
#166=VECTOR('',#1273,1.);
#167=VECTOR('',#1278,1.);
#168=VECTOR('',#1281,1.);
#169=VECTOR('',#1284,1.);
#170=VECTOR('',#1285,1.);
#171=VECTOR('',#1288,1.);
#172=VECTOR('',#1291,1.);
#173=VECTOR('',#1294,1.);
#174=VECTOR('',#1299,1.);
#175=VECTOR('',#1304,1.);
#176=VECTOR('',#1307,1.);
#177=VECTOR('',#1318,1.);
#178=VECTOR('',#1319,1.);
#179=VECTOR('',#1322,1.);
#180=VECTOR('',#1325,1.);
#181=VECTOR('',#1330,1.);
#182=VECTOR('',#1331,1.);
#183=VECTOR('',#1334,1.);
#184=VECTOR('',#1337,1.);
#185=VECTOR('',#1342,1.);
#186=VECTOR('',#1343,1.);
#187=VECTOR('',#1346,1.);
#188=VECTOR('',#1349,1.);
#189=VECTOR('',#1354,1.);
#190=VECTOR('',#1355,1.);
#191=VECTOR('',#1358,1.);
#192=VECTOR('',#1361,1.);
#193=VECTOR('',#1366,1.);
#194=VECTOR('',#1367,1.);
#195=VECTOR('',#1370,1.);
#196=VECTOR('',#1373,1.);
#197=VECTOR('',#1378,1.);
#198=VECTOR('',#1381,1.);
#199=VECTOR('',#1386,1.);
#200=VECTOR('',#1387,1.);
#201=VECTOR('',#1392,1.);
#202=VECTOR('',#1397,1.);
#203=VECTOR('',#1402,1.);
#204=VECTOR('',#1421,1.);
#205=VECTOR('',#1442,1.);
#206=CYLINDRICAL_SURFACE('',#1122,0.004);
#207=CYLINDRICAL_SURFACE('',#1124,0.004);
#208=CYLINDRICAL_SURFACE('',#1126,0.031);
#209=CYLINDRICAL_SURFACE('',#1146,0.014);
#210=CYLINDRICAL_SURFACE('',#1149,0.014);
#211=CYLINDRICAL_SURFACE('',#1151,0.014);
#212=CYLINDRICAL_SURFACE('',#1153,0.0125);
#213=CYLINDRICAL_SURFACE('',#1156,0.004);
#214=CYLINDRICAL_SURFACE('',#1158,0.004);
#215=CYLINDRICAL_SURFACE('',#1160,0.004);
#216=CYLINDRICAL_SURFACE('',#1162,0.004);
#217=CYLINDRICAL_SURFACE('',#1164,0.004);
#218=CYLINDRICAL_SURFACE('',#1166,0.004);
#219=CYLINDRICAL_SURFACE('',#1168,0.004);
#220=CYLINDRICAL_SURFACE('',#1170,0.004);
#221=CYLINDRICAL_SURFACE('',#1172,0.004);
#222=CYLINDRICAL_SURFACE('',#1174,0.004);
#223=CYLINDRICAL_SURFACE('',#1176,0.005);
#224=CYLINDRICAL_SURFACE('',#1180,0.005);
#225=CYLINDRICAL_SURFACE('',#1184,0.0015);
#226=CYLINDRICAL_SURFACE('',#1195,0.0015);
#227=CYLINDRICAL_SURFACE('',#1198,0.0015);
#228=CYLINDRICAL_SURFACE('',#1199,0.0360024468801355);
#229=CYLINDRICAL_SURFACE('',#1200,0.0015);
#230=CYLINDRICAL_SURFACE('',#1201,0.0352812772246619);
#231=CYLINDRICAL_SURFACE('',#1202,0.0015);
#232=CYLINDRICAL_SURFACE('',#1203,0.0352812772245309);
#233=CYLINDRICAL_SURFACE('',#1204,0.0359999619341871);
#234=ORIENTED_EDGE('',*,*,#546,.T.);
#235=ORIENTED_EDGE('',*,*,#547,.T.);
#236=ORIENTED_EDGE('',*,*,#548,.T.);
#237=ORIENTED_EDGE('',*,*,#549,.T.);
#238=ORIENTED_EDGE('',*,*,#550,.T.);
#239=ORIENTED_EDGE('',*,*,#551,.T.);
#240=ORIENTED_EDGE('',*,*,#552,.T.);
#241=ORIENTED_EDGE('',*,*,#553,.T.);
#242=ORIENTED_EDGE('',*,*,#554,.T.);
#243=ORIENTED_EDGE('',*,*,#555,.T.);
#244=ORIENTED_EDGE('',*,*,#556,.T.);
#245=ORIENTED_EDGE('',*,*,#557,.T.);
#246=ORIENTED_EDGE('',*,*,#558,.T.);
#247=ORIENTED_EDGE('',*,*,#559,.T.);
#248=ORIENTED_EDGE('',*,*,#560,.T.);
#249=ORIENTED_EDGE('',*,*,#561,.T.);
#250=ORIENTED_EDGE('',*,*,#562,.T.);
#251=ORIENTED_EDGE('',*,*,#563,.T.);
#252=ORIENTED_EDGE('',*,*,#564,.T.);
#253=ORIENTED_EDGE('',*,*,#565,.T.);
#254=ORIENTED_EDGE('',*,*,#566,.T.);
#255=ORIENTED_EDGE('',*,*,#567,.T.);
#256=ORIENTED_EDGE('',*,*,#568,.T.);
#257=ORIENTED_EDGE('',*,*,#569,.T.);
#258=ORIENTED_EDGE('',*,*,#570,.T.);
#259=ORIENTED_EDGE('',*,*,#571,.T.);
#260=ORIENTED_EDGE('',*,*,#572,.T.);
#261=ORIENTED_EDGE('',*,*,#573,.T.);
#262=ORIENTED_EDGE('',*,*,#574,.T.);
#263=ORIENTED_EDGE('',*,*,#575,.F.);
#264=ORIENTED_EDGE('',*,*,#576,.F.);
#265=ORIENTED_EDGE('',*,*,#577,.F.);
#266=ORIENTED_EDGE('',*,*,#578,.F.);
#267=ORIENTED_EDGE('',*,*,#579,.F.);
#268=ORIENTED_EDGE('',*,*,#550,.F.);
#269=ORIENTED_EDGE('',*,*,#549,.F.);
#270=ORIENTED_EDGE('',*,*,#580,.F.);
#271=ORIENTED_EDGE('',*,*,#581,.F.);
#272=ORIENTED_EDGE('',*,*,#582,.F.);
#273=ORIENTED_EDGE('',*,*,#583,.F.);
#274=ORIENTED_EDGE('',*,*,#584,.F.);
#275=ORIENTED_EDGE('',*,*,#585,.F.);
#276=ORIENTED_EDGE('',*,*,#558,.F.);
#277=ORIENTED_EDGE('',*,*,#586,.F.);
#278=ORIENTED_EDGE('',*,*,#587,.F.);
#279=ORIENTED_EDGE('',*,*,#586,.T.);
#280=ORIENTED_EDGE('',*,*,#557,.F.);
#281=ORIENTED_EDGE('',*,*,#588,.F.);
#282=ORIENTED_EDGE('',*,*,#589,.F.);
#283=ORIENTED_EDGE('',*,*,#588,.T.);
#284=ORIENTED_EDGE('',*,*,#556,.F.);
#285=ORIENTED_EDGE('',*,*,#590,.F.);
#286=ORIENTED_EDGE('',*,*,#591,.F.);
#287=ORIENTED_EDGE('',*,*,#590,.T.);
#288=ORIENTED_EDGE('',*,*,#555,.F.);
#289=ORIENTED_EDGE('',*,*,#585,.T.);
#290=ORIENTED_EDGE('',*,*,#591,.T.);
#291=ORIENTED_EDGE('',*,*,#584,.T.);
#292=ORIENTED_EDGE('',*,*,#587,.T.);
#293=ORIENTED_EDGE('',*,*,#589,.T.);
#294=ORIENTED_EDGE('',*,*,#592,.T.);
#295=ORIENTED_EDGE('',*,*,#593,.T.);
#296=ORIENTED_EDGE('',*,*,#594,.T.);
#297=ORIENTED_EDGE('',*,*,#595,.T.);
#298=ORIENTED_EDGE('',*,*,#596,.T.);
#299=ORIENTED_EDGE('',*,*,#597,.T.);
#300=ORIENTED_EDGE('',*,*,#598,.T.);
#301=ORIENTED_EDGE('',*,*,#599,.T.);
#302=ORIENTED_EDGE('',*,*,#600,.T.);
#303=ORIENTED_EDGE('',*,*,#601,.T.);
#304=ORIENTED_EDGE('',*,*,#602,.T.);
#305=ORIENTED_EDGE('',*,*,#603,.T.);
#306=ORIENTED_EDGE('',*,*,#604,.T.);
#307=ORIENTED_EDGE('',*,*,#605,.T.);
#308=ORIENTED_EDGE('',*,*,#606,.T.);
#309=ORIENTED_EDGE('',*,*,#607,.T.);
#310=ORIENTED_EDGE('',*,*,#608,.T.);
#311=ORIENTED_EDGE('',*,*,#609,.T.);
#312=ORIENTED_EDGE('',*,*,#610,.T.);
#313=ORIENTED_EDGE('',*,*,#611,.T.);
#314=ORIENTED_EDGE('',*,*,#612,.F.);
#315=ORIENTED_EDGE('',*,*,#613,.T.);
#316=ORIENTED_EDGE('',*,*,#614,.T.);
#317=ORIENTED_EDGE('',*,*,#615,.T.);
#318=ORIENTED_EDGE('',*,*,#616,.F.);
#319=ORIENTED_EDGE('',*,*,#617,.T.);
#320=ORIENTED_EDGE('',*,*,#618,.T.);
#321=ORIENTED_EDGE('',*,*,#619,.T.);
#322=ORIENTED_EDGE('',*,*,#620,.F.);
#323=ORIENTED_EDGE('',*,*,#621,.T.);
#324=ORIENTED_EDGE('',*,*,#622,.T.);
#325=ORIENTED_EDGE('',*,*,#623,.T.);
#326=ORIENTED_EDGE('',*,*,#624,.F.);
#327=ORIENTED_EDGE('',*,*,#583,.T.);
#328=ORIENTED_EDGE('',*,*,#624,.T.);
#329=ORIENTED_EDGE('',*,*,#620,.T.);
#330=ORIENTED_EDGE('',*,*,#625,.T.);
#331=ORIENTED_EDGE('',*,*,#626,.T.);
#332=ORIENTED_EDGE('',*,*,#627,.T.);
#333=ORIENTED_EDGE('',*,*,#628,.T.);
#334=ORIENTED_EDGE('',*,*,#629,.T.);
#335=ORIENTED_EDGE('',*,*,#630,.T.);
#336=ORIENTED_EDGE('',*,*,#612,.T.);
#337=ORIENTED_EDGE('',*,*,#582,.T.);
#338=ORIENTED_EDGE('',*,*,#631,.T.);
#339=ORIENTED_EDGE('',*,*,#632,.T.);
#340=ORIENTED_EDGE('',*,*,#633,.T.);
#341=ORIENTED_EDGE('',*,*,#616,.T.);
#342=ORIENTED_EDGE('',*,*,#633,.F.);
#343=ORIENTED_EDGE('',*,*,#634,.T.);
#344=ORIENTED_EDGE('',*,*,#635,.F.);
#345=ORIENTED_EDGE('',*,*,#617,.F.);
#346=ORIENTED_EDGE('',*,*,#636,.T.);
#347=ORIENTED_EDGE('',*,*,#637,.T.);
#348=ORIENTED_EDGE('',*,*,#638,.T.);
#349=ORIENTED_EDGE('',*,*,#639,.T.);
#350=ORIENTED_EDGE('',*,*,#618,.F.);
#351=ORIENTED_EDGE('',*,*,#635,.T.);
#352=ORIENTED_EDGE('',*,*,#640,.T.);
#353=ORIENTED_EDGE('',*,*,#641,.T.);
#354=ORIENTED_EDGE('',*,*,#614,.F.);
#355=ORIENTED_EDGE('',*,*,#642,.T.);
#356=ORIENTED_EDGE('',*,*,#643,.T.);
#357=ORIENTED_EDGE('',*,*,#644,.T.);
#358=ORIENTED_EDGE('',*,*,#622,.F.);
#359=ORIENTED_EDGE('',*,*,#628,.F.);
#360=ORIENTED_EDGE('',*,*,#623,.F.);
#361=ORIENTED_EDGE('',*,*,#644,.F.);
#362=ORIENTED_EDGE('',*,*,#645,.F.);
#363=ORIENTED_EDGE('',*,*,#629,.F.);
#364=ORIENTED_EDGE('',*,*,#645,.T.);
#365=ORIENTED_EDGE('',*,*,#643,.F.);
#366=ORIENTED_EDGE('',*,*,#646,.F.);
#367=ORIENTED_EDGE('',*,*,#630,.F.);
#368=ORIENTED_EDGE('',*,*,#646,.T.);
#369=ORIENTED_EDGE('',*,*,#642,.F.);
#370=ORIENTED_EDGE('',*,*,#613,.F.);
#371=ORIENTED_EDGE('',*,*,#631,.F.);
#372=ORIENTED_EDGE('',*,*,#615,.F.);
#373=ORIENTED_EDGE('',*,*,#641,.F.);
#374=ORIENTED_EDGE('',*,*,#647,.F.);
#375=ORIENTED_EDGE('',*,*,#632,.F.);
#376=ORIENTED_EDGE('',*,*,#647,.T.);
#377=ORIENTED_EDGE('',*,*,#640,.F.);
#378=ORIENTED_EDGE('',*,*,#634,.F.);
#379=ORIENTED_EDGE('',*,*,#625,.F.);
#380=ORIENTED_EDGE('',*,*,#619,.F.);
#381=ORIENTED_EDGE('',*,*,#639,.F.);
#382=ORIENTED_EDGE('',*,*,#648,.F.);
#383=ORIENTED_EDGE('',*,*,#626,.F.);
#384=ORIENTED_EDGE('',*,*,#648,.T.);
#385=ORIENTED_EDGE('',*,*,#638,.F.);
#386=ORIENTED_EDGE('',*,*,#649,.F.);
#387=ORIENTED_EDGE('',*,*,#627,.F.);
#388=ORIENTED_EDGE('',*,*,#649,.T.);
#389=ORIENTED_EDGE('',*,*,#637,.F.);
#390=ORIENTED_EDGE('',*,*,#621,.F.);
#391=ORIENTED_EDGE('',*,*,#650,.F.);
#392=ORIENTED_EDGE('',*,*,#636,.F.);
#393=ORIENTED_EDGE('',*,*,#650,.T.);
#394=ORIENTED_EDGE('',*,*,#611,.F.);
#395=ORIENTED_EDGE('',*,*,#651,.T.);
#396=ORIENTED_EDGE('',*,*,#560,.F.);
#397=ORIENTED_EDGE('',*,*,#652,.F.);
#398=ORIENTED_EDGE('',*,*,#608,.F.);
#399=ORIENTED_EDGE('',*,*,#652,.T.);
#400=ORIENTED_EDGE('',*,*,#559,.F.);
#401=ORIENTED_EDGE('',*,*,#653,.T.);
#402=ORIENTED_EDGE('',*,*,#609,.F.);
#403=ORIENTED_EDGE('',*,*,#653,.F.);
#404=ORIENTED_EDGE('',*,*,#562,.F.);
#405=ORIENTED_EDGE('',*,*,#654,.F.);
#406=ORIENTED_EDGE('',*,*,#610,.F.);
#407=ORIENTED_EDGE('',*,*,#654,.T.);
#408=ORIENTED_EDGE('',*,*,#561,.F.);
#409=ORIENTED_EDGE('',*,*,#651,.F.);
#410=ORIENTED_EDGE('',*,*,#607,.F.);
#411=ORIENTED_EDGE('',*,*,#655,.T.);
#412=ORIENTED_EDGE('',*,*,#564,.F.);
#413=ORIENTED_EDGE('',*,*,#656,.F.);
#414=ORIENTED_EDGE('',*,*,#604,.F.);
#415=ORIENTED_EDGE('',*,*,#656,.T.);
#416=ORIENTED_EDGE('',*,*,#563,.F.);
#417=ORIENTED_EDGE('',*,*,#657,.T.);
#418=ORIENTED_EDGE('',*,*,#605,.F.);
#419=ORIENTED_EDGE('',*,*,#657,.F.);
#420=ORIENTED_EDGE('',*,*,#566,.F.);
#421=ORIENTED_EDGE('',*,*,#658,.F.);
#422=ORIENTED_EDGE('',*,*,#606,.F.);
#423=ORIENTED_EDGE('',*,*,#658,.T.);
#424=ORIENTED_EDGE('',*,*,#565,.F.);
#425=ORIENTED_EDGE('',*,*,#655,.F.);
#426=ORIENTED_EDGE('',*,*,#603,.F.);
#427=ORIENTED_EDGE('',*,*,#659,.T.);
#428=ORIENTED_EDGE('',*,*,#568,.F.);
#429=ORIENTED_EDGE('',*,*,#660,.F.);
#430=ORIENTED_EDGE('',*,*,#600,.F.);
#431=ORIENTED_EDGE('',*,*,#660,.T.);
#432=ORIENTED_EDGE('',*,*,#567,.F.);
#433=ORIENTED_EDGE('',*,*,#661,.T.);
#434=ORIENTED_EDGE('',*,*,#601,.F.);
#435=ORIENTED_EDGE('',*,*,#661,.F.);
#436=ORIENTED_EDGE('',*,*,#570,.F.);
#437=ORIENTED_EDGE('',*,*,#662,.F.);
#438=ORIENTED_EDGE('',*,*,#602,.F.);
#439=ORIENTED_EDGE('',*,*,#662,.T.);
#440=ORIENTED_EDGE('',*,*,#569,.F.);
#441=ORIENTED_EDGE('',*,*,#659,.F.);
#442=ORIENTED_EDGE('',*,*,#599,.F.);
#443=ORIENTED_EDGE('',*,*,#663,.T.);
#444=ORIENTED_EDGE('',*,*,#572,.F.);
#445=ORIENTED_EDGE('',*,*,#664,.F.);
#446=ORIENTED_EDGE('',*,*,#596,.F.);
#447=ORIENTED_EDGE('',*,*,#664,.T.);
#448=ORIENTED_EDGE('',*,*,#571,.F.);
#449=ORIENTED_EDGE('',*,*,#665,.T.);
#450=ORIENTED_EDGE('',*,*,#597,.F.);
#451=ORIENTED_EDGE('',*,*,#665,.F.);
#452=ORIENTED_EDGE('',*,*,#574,.F.);
#453=ORIENTED_EDGE('',*,*,#666,.F.);
#454=ORIENTED_EDGE('',*,*,#598,.F.);
#455=ORIENTED_EDGE('',*,*,#666,.T.);
#456=ORIENTED_EDGE('',*,*,#573,.F.);
#457=ORIENTED_EDGE('',*,*,#663,.F.);
#458=ORIENTED_EDGE('',*,*,#595,.F.);
#459=ORIENTED_EDGE('',*,*,#667,.T.);
#460=ORIENTED_EDGE('',*,*,#552,.F.);
#461=ORIENTED_EDGE('',*,*,#668,.F.);
#462=ORIENTED_EDGE('',*,*,#592,.F.);
#463=ORIENTED_EDGE('',*,*,#668,.T.);
#464=ORIENTED_EDGE('',*,*,#551,.F.);
#465=ORIENTED_EDGE('',*,*,#669,.T.);
#466=ORIENTED_EDGE('',*,*,#593,.F.);
#467=ORIENTED_EDGE('',*,*,#669,.F.);
#468=ORIENTED_EDGE('',*,*,#554,.F.);
#469=ORIENTED_EDGE('',*,*,#670,.F.);
#470=ORIENTED_EDGE('',*,*,#594,.F.);
#471=ORIENTED_EDGE('',*,*,#670,.T.);
#472=ORIENTED_EDGE('',*,*,#553,.F.);
#473=ORIENTED_EDGE('',*,*,#667,.F.);
#474=ORIENTED_EDGE('',*,*,#671,.T.);
#475=ORIENTED_EDGE('',*,*,#575,.T.);
#476=ORIENTED_EDGE('',*,*,#581,.T.);
#477=ORIENTED_EDGE('',*,*,#672,.F.);
#478=ORIENTED_EDGE('',*,*,#673,.T.);
#479=ORIENTED_EDGE('',*,*,#673,.F.);
#480=ORIENTED_EDGE('',*,*,#674,.T.);
#481=ORIENTED_EDGE('',*,*,#675,.F.);
#482=ORIENTED_EDGE('',*,*,#676,.F.);
#483=ORIENTED_EDGE('',*,*,#677,.F.);
#484=ORIENTED_EDGE('',*,*,#676,.T.);
#485=ORIENTED_EDGE('',*,*,#678,.F.);
#486=ORIENTED_EDGE('',*,*,#679,.F.);
#487=ORIENTED_EDGE('',*,*,#547,.F.);
#488=ORIENTED_EDGE('',*,*,#679,.T.);
#489=ORIENTED_EDGE('',*,*,#680,.F.);
#490=ORIENTED_EDGE('',*,*,#681,.F.);
#491=ORIENTED_EDGE('',*,*,#682,.F.);
#492=ORIENTED_EDGE('',*,*,#681,.T.);
#493=ORIENTED_EDGE('',*,*,#683,.F.);
#494=ORIENTED_EDGE('',*,*,#674,.F.);
#495=ORIENTED_EDGE('',*,*,#684,.T.);
#496=ORIENTED_EDGE('',*,*,#685,.T.);
#497=ORIENTED_EDGE('',*,*,#686,.F.);
#498=ORIENTED_EDGE('',*,*,#683,.T.);
#499=ORIENTED_EDGE('',*,*,#687,.T.);
#500=ORIENTED_EDGE('',*,*,#675,.T.);
#501=ORIENTED_EDGE('',*,*,#686,.T.);
#502=ORIENTED_EDGE('',*,*,#688,.T.);
#503=ORIENTED_EDGE('',*,*,#689,.T.);
#504=ORIENTED_EDGE('',*,*,#690,.T.);
#505=ORIENTED_EDGE('',*,*,#691,.T.);
#506=ORIENTED_EDGE('',*,*,#688,.F.);
#507=ORIENTED_EDGE('',*,*,#685,.F.);
#508=ORIENTED_EDGE('',*,*,#692,.F.);
#509=ORIENTED_EDGE('',*,*,#693,.F.);
#510=ORIENTED_EDGE('',*,*,#687,.F.);
#511=ORIENTED_EDGE('',*,*,#693,.T.);
#512=ORIENTED_EDGE('',*,*,#694,.F.);
#513=ORIENTED_EDGE('',*,*,#678,.T.);
#514=ORIENTED_EDGE('',*,*,#694,.T.);
#515=ORIENTED_EDGE('',*,*,#692,.T.);
#516=ORIENTED_EDGE('',*,*,#684,.F.);
#517=ORIENTED_EDGE('',*,*,#680,.T.);
#518=ORIENTED_EDGE('',*,*,#695,.F.);
#519=ORIENTED_EDGE('',*,*,#691,.F.);
#520=ORIENTED_EDGE('',*,*,#695,.T.);
#521=ORIENTED_EDGE('',*,*,#696,.F.);
#522=ORIENTED_EDGE('',*,*,#690,.F.);
#523=ORIENTED_EDGE('',*,*,#696,.T.);
#524=ORIENTED_EDGE('',*,*,#689,.F.);
#525=ORIENTED_EDGE('',*,*,#697,.F.);
#526=ORIENTED_EDGE('',*,*,#697,.T.);
#527=ORIENTED_EDGE('',*,*,#672,.T.);
#528=ORIENTED_EDGE('',*,*,#580,.T.);
#529=ORIENTED_EDGE('',*,*,#548,.F.);
#530=ORIENTED_EDGE('',*,*,#682,.T.);
#531=ORIENTED_EDGE('',*,*,#698,.F.);
#532=ORIENTED_EDGE('',*,*,#699,.F.);
#533=ORIENTED_EDGE('',*,*,#700,.F.);
#534=ORIENTED_EDGE('',*,*,#576,.T.);
#535=ORIENTED_EDGE('',*,*,#671,.F.);
#536=ORIENTED_EDGE('',*,*,#677,.T.);
#537=ORIENTED_EDGE('',*,*,#546,.F.);
#538=ORIENTED_EDGE('',*,*,#579,.T.);
#539=ORIENTED_EDGE('',*,*,#577,.T.);
#540=ORIENTED_EDGE('',*,*,#700,.T.);
#541=ORIENTED_EDGE('',*,*,#701,.T.);
#542=ORIENTED_EDGE('',*,*,#698,.T.);
#543=ORIENTED_EDGE('',*,*,#578,.T.);
#544=ORIENTED_EDGE('',*,*,#699,.T.);
#545=ORIENTED_EDGE('',*,*,#701,.F.);
#546=EDGE_CURVE('',#702,#703,#808,.T.);
#547=EDGE_CURVE('',#703,#704,#809,.F.);
#548=EDGE_CURVE('',#704,#705,#810,.T.);
#549=EDGE_CURVE('',#705,#706,#811,.F.);
#550=EDGE_CURVE('',#706,#702,#812,.F.);
#551=EDGE_CURVE('',#707,#708,#813,.F.);
#552=EDGE_CURVE('',#708,#709,#814,.F.);
#553=EDGE_CURVE('',#709,#710,#815,.T.);
#554=EDGE_CURVE('',#710,#707,#816,.F.);
#555=EDGE_CURVE('',#711,#712,#817,.F.);
#556=EDGE_CURVE('',#712,#713,#818,.F.);
#557=EDGE_CURVE('',#713,#714,#819,.F.);
#558=EDGE_CURVE('',#714,#711,#820,.F.);
#559=EDGE_CURVE('',#715,#716,#821,.F.);
#560=EDGE_CURVE('',#716,#717,#822,.F.);
#561=EDGE_CURVE('',#717,#718,#823,.F.);
#562=EDGE_CURVE('',#718,#715,#824,.F.);
#563=EDGE_CURVE('',#719,#720,#825,.F.);
#564=EDGE_CURVE('',#720,#721,#826,.F.);
#565=EDGE_CURVE('',#721,#722,#827,.F.);
#566=EDGE_CURVE('',#722,#719,#828,.F.);
#567=EDGE_CURVE('',#723,#724,#829,.F.);
#568=EDGE_CURVE('',#724,#725,#830,.F.);
#569=EDGE_CURVE('',#725,#726,#831,.F.);
#570=EDGE_CURVE('',#726,#723,#832,.F.);
#571=EDGE_CURVE('',#727,#728,#833,.F.);
#572=EDGE_CURVE('',#728,#729,#834,.F.);
#573=EDGE_CURVE('',#729,#730,#835,.F.);
#574=EDGE_CURVE('',#730,#727,#836,.F.);
#575=EDGE_CURVE('',#731,#732,#837,.F.);
#576=EDGE_CURVE('',#733,#731,#838,.F.);
#577=EDGE_CURVE('',#734,#733,#839,.T.);
#578=EDGE_CURVE('',#735,#734,#840,.T.);
#579=EDGE_CURVE('',#702,#735,#841,.F.);
#580=EDGE_CURVE('',#736,#705,#842,.F.);
#581=EDGE_CURVE('',#732,#736,#843,.F.);
#582=EDGE_CURVE('',#737,#737,#844,.T.);
#583=EDGE_CURVE('',#738,#738,#845,.T.);
#584=EDGE_CURVE('',#739,#740,#846,.T.);
#585=EDGE_CURVE('',#711,#739,#68,.T.);
#586=EDGE_CURVE('',#740,#714,#69,.T.);
#587=EDGE_CURVE('',#740,#741,#70,.T.);
#588=EDGE_CURVE('',#741,#713,#71,.T.);
#589=EDGE_CURVE('',#741,#742,#847,.T.);
#590=EDGE_CURVE('',#742,#712,#72,.T.);
#591=EDGE_CURVE('',#742,#739,#73,.T.);
#592=EDGE_CURVE('',#743,#744,#74,.T.);
#593=EDGE_CURVE('',#744,#745,#848,.T.);
#594=EDGE_CURVE('',#745,#746,#75,.T.);
#595=EDGE_CURVE('',#746,#743,#849,.T.);
#596=EDGE_CURVE('',#747,#748,#76,.T.);
#597=EDGE_CURVE('',#748,#749,#850,.T.);
#598=EDGE_CURVE('',#749,#750,#77,.T.);
#599=EDGE_CURVE('',#750,#747,#851,.T.);
#600=EDGE_CURVE('',#751,#752,#78,.T.);
#601=EDGE_CURVE('',#752,#753,#852,.T.);
#602=EDGE_CURVE('',#753,#754,#79,.T.);
#603=EDGE_CURVE('',#754,#751,#853,.T.);
#604=EDGE_CURVE('',#755,#756,#80,.T.);
#605=EDGE_CURVE('',#756,#757,#854,.T.);
#606=EDGE_CURVE('',#757,#758,#81,.T.);
#607=EDGE_CURVE('',#758,#755,#855,.T.);
#608=EDGE_CURVE('',#759,#760,#82,.T.);
#609=EDGE_CURVE('',#760,#761,#856,.T.);
#610=EDGE_CURVE('',#761,#762,#83,.T.);
#611=EDGE_CURVE('',#762,#759,#857,.T.);
#612=EDGE_CURVE('',#763,#764,#14,.T.);
#613=EDGE_CURVE('',#763,#765,#84,.T.);
#614=EDGE_CURVE('',#765,#766,#15,.T.);
#615=EDGE_CURVE('',#766,#767,#85,.T.);
#616=EDGE_CURVE('',#768,#767,#16,.T.);
#617=EDGE_CURVE('',#768,#769,#86,.T.);
#618=EDGE_CURVE('',#769,#770,#17,.T.);
#619=EDGE_CURVE('',#770,#771,#87,.T.);
#620=EDGE_CURVE('',#772,#771,#18,.T.);
#621=EDGE_CURVE('',#772,#773,#88,.T.);
#622=EDGE_CURVE('',#773,#774,#19,.T.);
#623=EDGE_CURVE('',#774,#764,#89,.T.);
#624=EDGE_CURVE('',#775,#775,#20,.T.);
#625=EDGE_CURVE('',#771,#776,#90,.T.);
#626=EDGE_CURVE('',#776,#777,#21,.T.);
#627=EDGE_CURVE('',#777,#772,#91,.T.);
#628=EDGE_CURVE('',#764,#778,#92,.T.);
#629=EDGE_CURVE('',#778,#779,#22,.T.);
#630=EDGE_CURVE('',#779,#763,#93,.T.);
#631=EDGE_CURVE('',#767,#780,#94,.T.);
#632=EDGE_CURVE('',#780,#781,#23,.T.);
#633=EDGE_CURVE('',#781,#768,#95,.T.);
#634=EDGE_CURVE('',#781,#782,#96,.T.);
#635=EDGE_CURVE('',#769,#782,#97,.T.);
#636=EDGE_CURVE('',#783,#783,#24,.T.);
#637=EDGE_CURVE('',#773,#784,#98,.T.);
#638=EDGE_CURVE('',#784,#785,#25,.T.);
#639=EDGE_CURVE('',#785,#770,#99,.T.);
#640=EDGE_CURVE('',#782,#786,#26,.T.);
#641=EDGE_CURVE('',#786,#766,#100,.T.);
#642=EDGE_CURVE('',#765,#787,#101,.T.);
#643=EDGE_CURVE('',#787,#788,#27,.T.);
#644=EDGE_CURVE('',#788,#774,#102,.T.);
#645=EDGE_CURVE('',#778,#788,#103,.T.);
#646=EDGE_CURVE('',#779,#787,#104,.T.);
#647=EDGE_CURVE('',#780,#786,#105,.T.);
#648=EDGE_CURVE('',#776,#785,#106,.T.);
#649=EDGE_CURVE('',#777,#784,#107,.T.);
#650=EDGE_CURVE('',#789,#789,#28,.T.);
#651=EDGE_CURVE('',#762,#717,#108,.T.);
#652=EDGE_CURVE('',#759,#716,#109,.T.);
#653=EDGE_CURVE('',#715,#760,#110,.T.);
#654=EDGE_CURVE('',#761,#718,#111,.T.);
#655=EDGE_CURVE('',#758,#721,#112,.T.);
#656=EDGE_CURVE('',#755,#720,#113,.T.);
#657=EDGE_CURVE('',#719,#756,#114,.T.);
#658=EDGE_CURVE('',#757,#722,#115,.T.);
#659=EDGE_CURVE('',#754,#725,#116,.T.);
#660=EDGE_CURVE('',#751,#724,#117,.T.);
#661=EDGE_CURVE('',#723,#752,#118,.T.);
#662=EDGE_CURVE('',#753,#726,#119,.T.);
#663=EDGE_CURVE('',#750,#729,#120,.T.);
#664=EDGE_CURVE('',#747,#728,#121,.T.);
#665=EDGE_CURVE('',#727,#748,#122,.T.);
#666=EDGE_CURVE('',#749,#730,#123,.T.);
#667=EDGE_CURVE('',#746,#709,#124,.T.);
#668=EDGE_CURVE('',#743,#708,#125,.T.);
#669=EDGE_CURVE('',#707,#744,#126,.T.);
#670=EDGE_CURVE('',#745,#710,#127,.T.);
#671=EDGE_CURVE('',#790,#731,#858,.T.);
#672=EDGE_CURVE('',#791,#736,#859,.F.);
#673=EDGE_CURVE('',#791,#790,#860,.F.);
#674=EDGE_CURVE('',#791,#792,#128,.T.);
#675=EDGE_CURVE('',#793,#792,#29,.T.);
#676=EDGE_CURVE('',#790,#793,#129,.T.);
#677=EDGE_CURVE('',#790,#703,#30,.T.);
#678=EDGE_CURVE('',#794,#793,#130,.T.);
#679=EDGE_CURVE('',#703,#794,#131,.T.);
#680=EDGE_CURVE('',#795,#794,#31,.T.);
#681=EDGE_CURVE('',#704,#795,#132,.T.);
#682=EDGE_CURVE('',#704,#791,#32,.T.);
#683=EDGE_CURVE('',#792,#795,#133,.T.);
#684=EDGE_CURVE('',#795,#796,#33,.T.);
#685=EDGE_CURVE('',#796,#797,#134,.T.);
#686=EDGE_CURVE('',#792,#797,#34,.T.);
#687=EDGE_CURVE('',#798,#793,#35,.T.);
#688=EDGE_CURVE('',#797,#798,#36,.T.);
#689=EDGE_CURVE('',#799,#799,#37,.T.);
#690=EDGE_CURVE('',#800,#800,#38,.T.);
#691=EDGE_CURVE('',#801,#801,#39,.T.);
#692=EDGE_CURVE('',#802,#796,#40,.T.);
#693=EDGE_CURVE('',#798,#802,#135,.T.);
#694=EDGE_CURVE('',#794,#802,#41,.T.);
#695=EDGE_CURVE('',#803,#803,#861,.T.);
#696=EDGE_CURVE('',#804,#804,#862,.T.);
#697=EDGE_CURVE('',#805,#805,#863,.T.);
#698=EDGE_CURVE('',#806,#735,#864,.T.);
#699=EDGE_CURVE('',#807,#806,#865,.T.);
#700=EDGE_CURVE('',#733,#807,#866,.F.);
#701=EDGE_CURVE('',#807,#806,#136,.T.);
#702=VERTEX_POINT('',#1598);
#703=VERTEX_POINT('',#1599);
#704=VERTEX_POINT('',#1607);
#705=VERTEX_POINT('',#1613);
#706=VERTEX_POINT('',#1621);
#707=VERTEX_POINT('',#1709);
#708=VERTEX_POINT('',#1710);
#709=VERTEX_POINT('',#1762);
#710=VERTEX_POINT('',#1767);
#711=VERTEX_POINT('',#1823);
#712=VERTEX_POINT('',#1824);
#713=VERTEX_POINT('',#1876);
#714=VERTEX_POINT('',#1881);
#715=VERTEX_POINT('',#1937);
#716=VERTEX_POINT('',#1938);
#717=VERTEX_POINT('',#1990);
#718=VERTEX_POINT('',#1995);
#719=VERTEX_POINT('',#2051);
#720=VERTEX_POINT('',#2052);
#721=VERTEX_POINT('',#2104);
#722=VERTEX_POINT('',#2109);
#723=VERTEX_POINT('',#2165);
#724=VERTEX_POINT('',#2166);
#725=VERTEX_POINT('',#2218);
#726=VERTEX_POINT('',#2223);
#727=VERTEX_POINT('',#2279);
#728=VERTEX_POINT('',#2280);
#729=VERTEX_POINT('',#2332);
#730=VERTEX_POINT('',#2337);
#731=VERTEX_POINT('',#2396);
#732=VERTEX_POINT('',#2397);
#733=VERTEX_POINT('',#2405);
#734=VERTEX_POINT('',#2410);
#735=VERTEX_POINT('',#2415);
#736=VERTEX_POINT('',#2434);
#737=VERTEX_POINT('',#2477);
#738=VERTEX_POINT('',#2513);
#739=VERTEX_POINT('',#2522);
#740=VERTEX_POINT('',#2523);
#741=VERTEX_POINT('',#2528);
#742=VERTEX_POINT('',#2538);
#743=VERTEX_POINT('',#2544);
#744=VERTEX_POINT('',#2545);
#745=VERTEX_POINT('',#2553);
#746=VERTEX_POINT('',#2555);
#747=VERTEX_POINT('',#2564);
#748=VERTEX_POINT('',#2565);
#749=VERTEX_POINT('',#2573);
#750=VERTEX_POINT('',#2575);
#751=VERTEX_POINT('',#2584);
#752=VERTEX_POINT('',#2585);
#753=VERTEX_POINT('',#2593);
#754=VERTEX_POINT('',#2595);
#755=VERTEX_POINT('',#2604);
#756=VERTEX_POINT('',#2605);
#757=VERTEX_POINT('',#2613);
#758=VERTEX_POINT('',#2615);
#759=VERTEX_POINT('',#2624);
#760=VERTEX_POINT('',#2625);
#761=VERTEX_POINT('',#2633);
#762=VERTEX_POINT('',#2635);
#763=VERTEX_POINT('',#2644);
#764=VERTEX_POINT('',#2645);
#765=VERTEX_POINT('',#2647);
#766=VERTEX_POINT('',#2649);
#767=VERTEX_POINT('',#2651);
#768=VERTEX_POINT('',#2653);
#769=VERTEX_POINT('',#2655);
#770=VERTEX_POINT('',#2657);
#771=VERTEX_POINT('',#2659);
#772=VERTEX_POINT('',#2661);
#773=VERTEX_POINT('',#2663);
#774=VERTEX_POINT('',#2665);
#775=VERTEX_POINT('',#2668);
#776=VERTEX_POINT('',#2672);
#777=VERTEX_POINT('',#2674);
#778=VERTEX_POINT('',#2677);
#779=VERTEX_POINT('',#2679);
#780=VERTEX_POINT('',#2682);
#781=VERTEX_POINT('',#2684);
#782=VERTEX_POINT('',#2688);
#783=VERTEX_POINT('',#2692);
#784=VERTEX_POINT('',#2694);
#785=VERTEX_POINT('',#2696);
#786=VERTEX_POINT('',#2699);
#787=VERTEX_POINT('',#2702);
#788=VERTEX_POINT('',#2704);
#789=VERTEX_POINT('',#2721);
#790=VERTEX_POINT('',#2915);
#791=VERTEX_POINT('',#2921);
#792=VERTEX_POINT('',#2931);
#793=VERTEX_POINT('',#2933);
#794=VERTEX_POINT('',#2938);
#795=VERTEX_POINT('',#2942);
#796=VERTEX_POINT('',#2949);
#797=VERTEX_POINT('',#2951);
#798=VERTEX_POINT('',#2955);
#799=VERTEX_POINT('',#2959);
#800=VERTEX_POINT('',#2961);
#801=VERTEX_POINT('',#2963);
#802=VERTEX_POINT('',#2965);
#803=VERTEX_POINT('',#2982);
#804=VERTEX_POINT('',#2996);
#805=VERTEX_POINT('',#3010);
#806=VERTEX_POINT('',#3203);
#807=VERTEX_POINT('',#3208);
#808=B_SPLINE_CURVE_WITH_KNOTS('',3,(#1593,#1594,#1595,#1596,#1597),
 .UNSPECIFIED.,.F.,.F.,(4,1,4),(0.,0.5,1.),.UNSPECIFIED.);
#809=B_SPLINE_CURVE_WITH_KNOTS('',3,(#1600,#1601,#1602,#1603,#1604,#1605,
#1606),.UNSPECIFIED.,.F.,.F.,(4,1,1,1,4),(5.09861474853849E-6,0.250003823961061,
0.500002549307374,0.750001274653687,1.),.UNSPECIFIED.);
#810=B_SPLINE_CURVE_WITH_KNOTS('',3,(#1608,#1609,#1610,#1611,#1612),
 .UNSPECIFIED.,.F.,.F.,(4,1,4),(0.000106994812022417,0.500053497406011,
1.),.UNSPECIFIED.);
#811=B_SPLINE_CURVE_WITH_KNOTS('',3,(#1614,#1615,#1616,#1617,#1618,#1619,
#1620),.UNSPECIFIED.,.F.,.F.,(4,1,1,1,4),(3.10061302818466E-8,0.250000023254598,
0.500000015503065,0.750000007751533,1.),.UNSPECIFIED.);
#812=B_SPLINE_CURVE_WITH_KNOTS('',3,(#1622,#1623,#1624,#1625,#1626,#1627,
#1628),.UNSPECIFIED.,.F.,.F.,(4,1,1,1,4),(0.,0.25,0.5,0.75,1.),
 .UNSPECIFIED.);
#813=B_SPLINE_CURVE_WITH_KNOTS('',3,(#1705,#1706,#1707,#1708),
 .UNSPECIFIED.,.F.,.F.,(4,4),(0.,1.),.UNSPECIFIED.);
#814=B_SPLINE_CURVE_WITH_KNOTS('',3,(#1711,#1712,#1713,#1714,#1715,#1716,
#1717,#1718,#1719,#1720,#1721,#1722,#1723,#1724,#1725,#1726,#1727,#1728,
#1729,#1730,#1731,#1732,#1733,#1734,#1735,#1736,#1737,#1738,#1739,#1740,
#1741,#1742,#1743,#1744,#1745,#1746,#1747,#1748,#1749,#1750,#1751,#1752,
#1753,#1754,#1755,#1756,#1757,#1758,#1759,#1760,#1761),.UNSPECIFIED.,.F.,
 .F.,(4,1,1,1,1,1,1,1,1,1,1,1,1,1,1,1,1,1,1,1,1,1,1,1,1,1,1,1,1,1,1,1,1,
1,1,1,1,1,1,1,1,1,1,1,1,1,1,1,4),(0.,0.0625,0.09375,0.125,0.15625,0.1875,
0.21875,0.234375,0.2421875,0.25,0.2578125,0.265625,0.28125,0.296875,0.3046875,
0.3125,0.3203125,0.328125,0.34375,0.359375,0.375,0.390625,0.40625,0.4375,
0.5,0.5625,0.59375,0.609375,0.625,0.640625,0.65625,0.671875,0.6796875,0.6875,
0.6953125,0.703125,0.71875,0.734375,0.7421875,0.75,0.7578125,0.765625,0.78125,
0.8125,0.84375,0.875,0.90625,0.9375,1.),.UNSPECIFIED.);
#815=B_SPLINE_CURVE_WITH_KNOTS('',3,(#1763,#1764,#1765,#1766),
 .UNSPECIFIED.,.F.,.F.,(4,4),(1.37471770078617E-10,0.0149999997271444),
 .UNSPECIFIED.);
#816=B_SPLINE_CURVE_WITH_KNOTS('',3,(#1768,#1769,#1770,#1771,#1772,#1773,
#1774,#1775,#1776,#1777,#1778,#1779,#1780,#1781,#1782,#1783,#1784,#1785,
#1786,#1787,#1788,#1789,#1790,#1791,#1792,#1793,#1794,#1795,#1796,#1797,
#1798,#1799,#1800,#1801,#1802,#1803,#1804,#1805,#1806,#1807,#1808,#1809,
#1810,#1811,#1812,#1813,#1814,#1815,#1816,#1817,#1818),.UNSPECIFIED.,.F.,
 .F.,(4,1,1,1,1,1,1,1,1,1,1,1,1,1,1,1,1,1,1,1,1,1,1,1,1,1,1,1,1,1,1,1,1,
1,1,1,1,1,1,1,1,1,1,1,1,1,1,1,4),(0.,0.0625,0.09375,0.125,0.15625,0.1875,
0.21875,0.234375,0.2421875,0.25,0.2578125,0.265625,0.28125,0.296875,0.3046875,
0.3125,0.3203125,0.328125,0.34375,0.359375,0.375,0.390625,0.40625,0.4375,
0.5,0.5625,0.59375,0.609375,0.625,0.640625,0.65625,0.671875,0.6796875,0.6875,
0.6953125,0.703125,0.71875,0.734375,0.7421875,0.75,0.7578125,0.765625,0.78125,
0.8125,0.84375,0.875,0.90625,0.9375,1.),.UNSPECIFIED.);
#817=B_SPLINE_CURVE_WITH_KNOTS('',3,(#1819,#1820,#1821,#1822),
 .UNSPECIFIED.,.F.,.F.,(4,4),(0.,1.),.UNSPECIFIED.);
#818=B_SPLINE_CURVE_WITH_KNOTS('',3,(#1825,#1826,#1827,#1828,#1829,#1830,
#1831,#1832,#1833,#1834,#1835,#1836,#1837,#1838,#1839,#1840,#1841,#1842,
#1843,#1844,#1845,#1846,#1847,#1848,#1849,#1850,#1851,#1852,#1853,#1854,
#1855,#1856,#1857,#1858,#1859,#1860,#1861,#1862,#1863,#1864,#1865,#1866,
#1867,#1868,#1869,#1870,#1871,#1872,#1873,#1874,#1875),.UNSPECIFIED.,.F.,
 .F.,(4,1,1,1,1,1,1,1,1,1,1,1,1,1,1,1,1,1,1,1,1,1,1,1,1,1,1,1,1,1,1,1,1,
1,1,1,1,1,1,1,1,1,1,1,1,1,1,1,4),(0.,0.0625,0.09375,0.125,0.15625,0.1875,
0.21875,0.234375,0.2421875,0.25,0.2578125,0.265625,0.28125,0.296875,0.3046875,
0.3125,0.3203125,0.328125,0.34375,0.359375,0.375,0.390625,0.40625,0.4375,
0.5,0.5625,0.59375,0.609375,0.625,0.640625,0.65625,0.671875,0.6796875,0.6875,
0.6953125,0.703125,0.71875,0.734375,0.7421875,0.75,0.7578125,0.765625,0.78125,
0.8125,0.84375,0.875,0.90625,0.9375,1.),.UNSPECIFIED.);
#819=B_SPLINE_CURVE_WITH_KNOTS('',3,(#1877,#1878,#1879,#1880),
 .UNSPECIFIED.,.F.,.F.,(4,4),(0.,1.),.UNSPECIFIED.);
#820=B_SPLINE_CURVE_WITH_KNOTS('',3,(#1882,#1883,#1884,#1885,#1886,#1887,
#1888,#1889,#1890,#1891,#1892,#1893,#1894,#1895,#1896,#1897,#1898,#1899,
#1900,#1901,#1902,#1903,#1904,#1905,#1906,#1907,#1908,#1909,#1910,#1911,
#1912,#1913,#1914,#1915,#1916,#1917,#1918,#1919,#1920,#1921,#1922,#1923,
#1924,#1925,#1926,#1927,#1928,#1929,#1930,#1931,#1932),.UNSPECIFIED.,.F.,
 .F.,(4,1,1,1,1,1,1,1,1,1,1,1,1,1,1,1,1,1,1,1,1,1,1,1,1,1,1,1,1,1,1,1,1,
1,1,1,1,1,1,1,1,1,1,1,1,1,1,1,4),(0.,0.0625,0.09375,0.125,0.15625,0.1875,
0.21875,0.234375,0.2421875,0.25,0.2578125,0.265625,0.28125,0.296875,0.3046875,
0.3125,0.3203125,0.328125,0.34375,0.359375,0.375,0.390625,0.40625,0.4375,
0.5,0.5625,0.59375,0.609375,0.625,0.640625,0.65625,0.671875,0.6796875,0.6875,
0.6953125,0.703125,0.71875,0.734375,0.7421875,0.75,0.7578125,0.765625,0.78125,
0.8125,0.84375,0.875,0.90625,0.9375,1.),.UNSPECIFIED.);
#821=B_SPLINE_CURVE_WITH_KNOTS('',3,(#1933,#1934,#1935,#1936),
 .UNSPECIFIED.,.F.,.F.,(4,4),(0.,1.),.UNSPECIFIED.);
#822=B_SPLINE_CURVE_WITH_KNOTS('',3,(#1939,#1940,#1941,#1942,#1943,#1944,
#1945,#1946,#1947,#1948,#1949,#1950,#1951,#1952,#1953,#1954,#1955,#1956,
#1957,#1958,#1959,#1960,#1961,#1962,#1963,#1964,#1965,#1966,#1967,#1968,
#1969,#1970,#1971,#1972,#1973,#1974,#1975,#1976,#1977,#1978,#1979,#1980,
#1981,#1982,#1983,#1984,#1985,#1986,#1987,#1988,#1989),.UNSPECIFIED.,.F.,
 .F.,(4,1,1,1,1,1,1,1,1,1,1,1,1,1,1,1,1,1,1,1,1,1,1,1,1,1,1,1,1,1,1,1,1,
1,1,1,1,1,1,1,1,1,1,1,1,1,1,1,4),(0.,0.0625,0.09375,0.125,0.15625,0.1875,
0.21875,0.234375,0.2421875,0.25,0.2578125,0.265625,0.28125,0.296875,0.3046875,
0.3125,0.3203125,0.328125,0.34375,0.359375,0.375,0.390625,0.40625,0.4375,
0.5,0.5625,0.59375,0.609375,0.625,0.640625,0.65625,0.671875,0.6796875,0.6875,
0.6953125,0.703125,0.71875,0.734375,0.7421875,0.75,0.7578125,0.765625,0.78125,
0.8125,0.84375,0.875,0.90625,0.9375,1.),.UNSPECIFIED.);
#823=B_SPLINE_CURVE_WITH_KNOTS('',3,(#1991,#1992,#1993,#1994),
 .UNSPECIFIED.,.F.,.F.,(4,4),(0.,1.),.UNSPECIFIED.);
#824=B_SPLINE_CURVE_WITH_KNOTS('',3,(#1996,#1997,#1998,#1999,#2000,#2001,
#2002,#2003,#2004,#2005,#2006,#2007,#2008,#2009,#2010,#2011,#2012,#2013,
#2014,#2015,#2016,#2017,#2018,#2019,#2020,#2021,#2022,#2023,#2024,#2025,
#2026,#2027,#2028,#2029,#2030,#2031,#2032,#2033,#2034,#2035,#2036,#2037,
#2038,#2039,#2040,#2041,#2042,#2043,#2044,#2045,#2046),.UNSPECIFIED.,.F.,
 .F.,(4,1,1,1,1,1,1,1,1,1,1,1,1,1,1,1,1,1,1,1,1,1,1,1,1,1,1,1,1,1,1,1,1,
1,1,1,1,1,1,1,1,1,1,1,1,1,1,1,4),(0.,0.0625,0.09375,0.125,0.15625,0.1875,
0.21875,0.234375,0.2421875,0.25,0.2578125,0.265625,0.28125,0.296875,0.3046875,
0.3125,0.3203125,0.328125,0.34375,0.359375,0.375,0.390625,0.40625,0.4375,
0.5,0.5625,0.59375,0.609375,0.625,0.640625,0.65625,0.671875,0.6796875,0.6875,
0.6953125,0.703125,0.71875,0.734375,0.7421875,0.75,0.7578125,0.765625,0.78125,
0.8125,0.84375,0.875,0.90625,0.9375,1.),.UNSPECIFIED.);
#825=B_SPLINE_CURVE_WITH_KNOTS('',3,(#2047,#2048,#2049,#2050),
 .UNSPECIFIED.,.F.,.F.,(4,4),(0.,1.),.UNSPECIFIED.);
#826=B_SPLINE_CURVE_WITH_KNOTS('',3,(#2053,#2054,#2055,#2056,#2057,#2058,
#2059,#2060,#2061,#2062,#2063,#2064,#2065,#2066,#2067,#2068,#2069,#2070,
#2071,#2072,#2073,#2074,#2075,#2076,#2077,#2078,#2079,#2080,#2081,#2082,
#2083,#2084,#2085,#2086,#2087,#2088,#2089,#2090,#2091,#2092,#2093,#2094,
#2095,#2096,#2097,#2098,#2099,#2100,#2101,#2102,#2103),.UNSPECIFIED.,.F.,
 .F.,(4,1,1,1,1,1,1,1,1,1,1,1,1,1,1,1,1,1,1,1,1,1,1,1,1,1,1,1,1,1,1,1,1,
1,1,1,1,1,1,1,1,1,1,1,1,1,1,1,4),(0.,0.0625,0.09375,0.125,0.15625,0.1875,
0.21875,0.234375,0.2421875,0.25,0.2578125,0.265625,0.28125,0.296875,0.3046875,
0.3125,0.3203125,0.328125,0.34375,0.359375,0.375,0.390625,0.40625,0.4375,
0.5,0.5625,0.59375,0.609375,0.625,0.640625,0.65625,0.671875,0.6796875,0.6875,
0.6953125,0.703125,0.71875,0.734375,0.7421875,0.75,0.7578125,0.765625,0.78125,
0.8125,0.84375,0.875,0.90625,0.9375,1.),.UNSPECIFIED.);
#827=B_SPLINE_CURVE_WITH_KNOTS('',3,(#2105,#2106,#2107,#2108),
 .UNSPECIFIED.,.F.,.F.,(4,4),(0.,1.),.UNSPECIFIED.);
#828=B_SPLINE_CURVE_WITH_KNOTS('',3,(#2110,#2111,#2112,#2113,#2114,#2115,
#2116,#2117,#2118,#2119,#2120,#2121,#2122,#2123,#2124,#2125,#2126,#2127,
#2128,#2129,#2130,#2131,#2132,#2133,#2134,#2135,#2136,#2137,#2138,#2139,
#2140,#2141,#2142,#2143,#2144,#2145,#2146,#2147,#2148,#2149,#2150,#2151,
#2152,#2153,#2154,#2155,#2156,#2157,#2158,#2159,#2160),.UNSPECIFIED.,.F.,
 .F.,(4,1,1,1,1,1,1,1,1,1,1,1,1,1,1,1,1,1,1,1,1,1,1,1,1,1,1,1,1,1,1,1,1,
1,1,1,1,1,1,1,1,1,1,1,1,1,1,1,4),(0.,0.0625,0.09375,0.125,0.15625,0.1875,
0.21875,0.234375,0.2421875,0.25,0.2578125,0.265625,0.28125,0.296875,0.3046875,
0.3125,0.3203125,0.328125,0.34375,0.359375,0.375,0.390625,0.40625,0.4375,
0.5,0.5625,0.59375,0.609375,0.625,0.640625,0.65625,0.671875,0.6796875,0.6875,
0.6953125,0.703125,0.71875,0.734375,0.7421875,0.75,0.7578125,0.765625,0.78125,
0.8125,0.84375,0.875,0.90625,0.9375,1.),.UNSPECIFIED.);
#829=B_SPLINE_CURVE_WITH_KNOTS('',3,(#2161,#2162,#2163,#2164),
 .UNSPECIFIED.,.F.,.F.,(4,4),(0.,1.),.UNSPECIFIED.);
#830=B_SPLINE_CURVE_WITH_KNOTS('',3,(#2167,#2168,#2169,#2170,#2171,#2172,
#2173,#2174,#2175,#2176,#2177,#2178,#2179,#2180,#2181,#2182,#2183,#2184,
#2185,#2186,#2187,#2188,#2189,#2190,#2191,#2192,#2193,#2194,#2195,#2196,
#2197,#2198,#2199,#2200,#2201,#2202,#2203,#2204,#2205,#2206,#2207,#2208,
#2209,#2210,#2211,#2212,#2213,#2214,#2215,#2216,#2217),.UNSPECIFIED.,.F.,
 .F.,(4,1,1,1,1,1,1,1,1,1,1,1,1,1,1,1,1,1,1,1,1,1,1,1,1,1,1,1,1,1,1,1,1,
1,1,1,1,1,1,1,1,1,1,1,1,1,1,1,4),(0.,0.0625,0.09375,0.125,0.15625,0.1875,
0.21875,0.234375,0.2421875,0.25,0.2578125,0.265625,0.28125,0.296875,0.3046875,
0.3125,0.3203125,0.328125,0.34375,0.359375,0.375,0.390625,0.40625,0.4375,
0.5,0.5625,0.59375,0.609375,0.625,0.640625,0.65625,0.671875,0.6796875,0.6875,
0.6953125,0.703125,0.71875,0.734375,0.7421875,0.75,0.7578125,0.765625,0.78125,
0.8125,0.84375,0.875,0.90625,0.9375,1.),.UNSPECIFIED.);
#831=B_SPLINE_CURVE_WITH_KNOTS('',3,(#2219,#2220,#2221,#2222),
 .UNSPECIFIED.,.F.,.F.,(4,4),(0.,1.),.UNSPECIFIED.);
#832=B_SPLINE_CURVE_WITH_KNOTS('',3,(#2224,#2225,#2226,#2227,#2228,#2229,
#2230,#2231,#2232,#2233,#2234,#2235,#2236,#2237,#2238,#2239,#2240,#2241,
#2242,#2243,#2244,#2245,#2246,#2247,#2248,#2249,#2250,#2251,#2252,#2253,
#2254,#2255,#2256,#2257,#2258,#2259,#2260,#2261,#2262,#2263,#2264,#2265,
#2266,#2267,#2268,#2269,#2270,#2271,#2272,#2273,#2274),.UNSPECIFIED.,.F.,
 .F.,(4,1,1,1,1,1,1,1,1,1,1,1,1,1,1,1,1,1,1,1,1,1,1,1,1,1,1,1,1,1,1,1,1,
1,1,1,1,1,1,1,1,1,1,1,1,1,1,1,4),(0.,0.0625,0.09375,0.125,0.15625,0.1875,
0.21875,0.234375,0.2421875,0.25,0.2578125,0.265625,0.28125,0.296875,0.3046875,
0.3125,0.3203125,0.328125,0.34375,0.359375,0.375,0.390625,0.40625,0.4375,
0.5,0.5625,0.59375,0.609375,0.625,0.640625,0.65625,0.671875,0.6796875,0.6875,
0.6953125,0.703125,0.71875,0.734375,0.7421875,0.75,0.7578125,0.765625,0.78125,
0.8125,0.84375,0.875,0.90625,0.9375,1.),.UNSPECIFIED.);
#833=B_SPLINE_CURVE_WITH_KNOTS('',3,(#2275,#2276,#2277,#2278),
 .UNSPECIFIED.,.F.,.F.,(4,4),(0.,1.),.UNSPECIFIED.);
#834=B_SPLINE_CURVE_WITH_KNOTS('',3,(#2281,#2282,#2283,#2284,#2285,#2286,
#2287,#2288,#2289,#2290,#2291,#2292,#2293,#2294,#2295,#2296,#2297,#2298,
#2299,#2300,#2301,#2302,#2303,#2304,#2305,#2306,#2307,#2308,#2309,#2310,
#2311,#2312,#2313,#2314,#2315,#2316,#2317,#2318,#2319,#2320,#2321,#2322,
#2323,#2324,#2325,#2326,#2327,#2328,#2329,#2330,#2331),.UNSPECIFIED.,.F.,
 .F.,(4,1,1,1,1,1,1,1,1,1,1,1,1,1,1,1,1,1,1,1,1,1,1,1,1,1,1,1,1,1,1,1,1,
1,1,1,1,1,1,1,1,1,1,1,1,1,1,1,4),(0.,0.0625,0.09375,0.125,0.15625,0.1875,
0.21875,0.234375,0.2421875,0.25,0.2578125,0.265625,0.28125,0.296875,0.3046875,
0.3125,0.3203125,0.328125,0.34375,0.359375,0.375,0.390625,0.40625,0.4375,
0.5,0.5625,0.59375,0.609375,0.625,0.640625,0.65625,0.671875,0.6796875,0.6875,
0.6953125,0.703125,0.71875,0.734375,0.7421875,0.75,0.7578125,0.765625,0.78125,
0.8125,0.84375,0.875,0.90625,0.9375,1.),.UNSPECIFIED.);
#835=B_SPLINE_CURVE_WITH_KNOTS('',3,(#2333,#2334,#2335,#2336),
 .UNSPECIFIED.,.F.,.F.,(4,4),(0.,1.),.UNSPECIFIED.);
#836=B_SPLINE_CURVE_WITH_KNOTS('',3,(#2338,#2339,#2340,#2341,#2342,#2343,
#2344,#2345,#2346,#2347,#2348,#2349,#2350,#2351,#2352,#2353,#2354,#2355,
#2356,#2357,#2358,#2359,#2360,#2361,#2362,#2363,#2364,#2365,#2366,#2367,
#2368,#2369,#2370,#2371,#2372,#2373,#2374,#2375,#2376,#2377,#2378,#2379,
#2380,#2381,#2382,#2383,#2384,#2385,#2386,#2387,#2388),.UNSPECIFIED.,.F.,
 .F.,(4,1,1,1,1,1,1,1,1,1,1,1,1,1,1,1,1,1,1,1,1,1,1,1,1,1,1,1,1,1,1,1,1,
1,1,1,1,1,1,1,1,1,1,1,1,1,1,1,4),(0.,0.0625,0.09375,0.125,0.15625,0.1875,
0.21875,0.234375,0.2421875,0.25,0.2578125,0.265625,0.28125,0.296875,0.3046875,
0.3125,0.3203125,0.328125,0.34375,0.359375,0.375,0.390625,0.40625,0.4375,
0.5,0.5625,0.59375,0.609375,0.625,0.640625,0.65625,0.671875,0.6796875,0.6875,
0.6953125,0.703125,0.71875,0.734375,0.7421875,0.75,0.7578125,0.765625,0.78125,
0.8125,0.84375,0.875,0.90625,0.9375,1.),.UNSPECIFIED.);
#837=B_SPLINE_CURVE_WITH_KNOTS('',3,(#2389,#2390,#2391,#2392,#2393,#2394,
#2395),.UNSPECIFIED.,.F.,.F.,(4,1,1,1,4),(3.09118382150189E-8,0.250000023183879,
0.500000015455919,0.75000000772796,1.),.UNSPECIFIED.);
#838=B_SPLINE_CURVE_WITH_KNOTS('',3,(#2398,#2399,#2400,#2401,#2402,#2403,
#2404),.UNSPECIFIED.,.F.,.F.,(4,1,1,1,4),(0.,0.123775299777674,0.247550599555349,
0.371325899333024,0.495101199110698),.UNSPECIFIED.);
#839=B_SPLINE_CURVE_WITH_KNOTS('',3,(#2406,#2407,#2408,#2409),
 .UNSPECIFIED.,.F.,.F.,(4,4),(0.,1.),.UNSPECIFIED.);
#840=B_SPLINE_CURVE_WITH_KNOTS('',3,(#2411,#2412,#2413,#2414),
 .UNSPECIFIED.,.F.,.F.,(4,4),(0.,1.),.UNSPECIFIED.);
#841=B_SPLINE_CURVE_WITH_KNOTS('',3,(#2416,#2417,#2418,#2419,#2420,#2421,
#2422),.UNSPECIFIED.,.F.,.F.,(4,1,1,1,4),(0.504898898035054,0.62867417352629,
0.752449449017527,0.876224724508764,1.),.UNSPECIFIED.);
#842=B_SPLINE_CURVE_WITH_KNOTS('',3,(#2423,#2424,#2425,#2426,#2427,#2428,
#2429,#2430,#2431,#2432,#2433),.UNSPECIFIED.,.F.,.F.,(4,1,1,1,1,1,1,1,4),
(0.,0.125,0.25,0.375,0.5,0.625,0.75,0.875,1.),.UNSPECIFIED.);
#843=B_SPLINE_CURVE_WITH_KNOTS('',3,(#2435,#2436,#2437,#2438,#2439,#2440,
#2441),.UNSPECIFIED.,.F.,.F.,(4,1,1,1,4),(0.,0.25,0.5,0.75,1.),
 .UNSPECIFIED.);
#844=B_SPLINE_CURVE_WITH_KNOTS('',3,(#2442,#2443,#2444,#2445,#2446,#2447,
#2448,#2449,#2450,#2451,#2452,#2453,#2454,#2455,#2456,#2457,#2458,#2459,
#2460,#2461,#2462,#2463,#2464,#2465,#2466,#2467,#2468,#2469,#2470,#2471,
#2472,#2473,#2474,#2475,#2476),.UNSPECIFIED.,.T.,.F.,(1,1,1,1,1,1,1,1,1,
1,1,1,1,1,1,1,1,1,1,1,1,1,1,1,1,1,1,1,1,1,1,1,1,1,1,1,1,1,1),(-0.0953947368421053,
-0.0641447368421053,-0.0328947368421053,0.,0.0296875,0.060859375,0.09210546875,
0.1233552734375,0.154605263671875,0.185855263183594,0.21710526315918,0.248355263157959,
0.279605263157898,0.310855263157895,0.342105263157895,0.373355263157895,
0.404605263157895,0.435855263157895,0.467105263157895,0.498355263157895,
0.529605263157895,0.560855263157895,0.592105263157895,0.623355263157895,
0.654605263157895,0.685855263157895,0.717105263157895,0.748355263157895,
0.779605263157895,0.810855263157895,0.842105263157895,0.873355263157895,
0.904605263157895,0.935855263157895,0.967105263157895,1.,1.0296875,1.060859375,
1.09210546875),.UNSPECIFIED.);
#845=B_SPLINE_CURVE_WITH_KNOTS('',3,(#2478,#2479,#2480,#2481,#2482,#2483,
#2484,#2485,#2486,#2487,#2488,#2489,#2490,#2491,#2492,#2493,#2494,#2495,
#2496,#2497,#2498,#2499,#2500,#2501,#2502,#2503,#2504,#2505,#2506,#2507,
#2508,#2509,#2510,#2511,#2512),.UNSPECIFIED.,.T.,.F.,(1,1,1,1,1,1,1,1,1,
1,1,1,1,1,1,1,1,1,1,1,1,1,1,1,1,1,1,1,1,1,1,1,1,1,1,1,1,1,1),(-0.0953947368421053,
-0.0641447368421053,-0.0328947368421053,0.,0.0296875,0.060859375,0.09210546875,
0.1233552734375,0.154605263671875,0.185855263183594,0.21710526315918,0.248355263157959,
0.279605263157898,0.310855263157895,0.342105263157895,0.373355263157895,
0.404605263157895,0.435855263157895,0.467105263157895,0.498355263157895,
0.529605263157895,0.560855263157895,0.592105263157895,0.623355263157895,
0.654605263157895,0.685855263157895,0.717105263157895,0.748355263157895,
0.779605263157895,0.810855263157895,0.842105263157895,0.873355263157895,
0.904605263157895,0.935855263157895,0.967105263157895,1.,1.0296875,1.060859375,
1.09210546875),.UNSPECIFIED.);
#846=B_SPLINE_CURVE_WITH_KNOTS('',3,(#2515,#2516,#2517,#2518,#2519,#2520,
#2521),.UNSPECIFIED.,.F.,.F.,(4,1,1,1,4),(0.,0.00312899035445646,0.00625798070891292,
0.00938697106336937,0.0125159614178258),.UNSPECIFIED.);
#847=B_SPLINE_CURVE_WITH_KNOTS('',3,(#2531,#2532,#2533,#2534,#2535,#2536,
#2537),.UNSPECIFIED.,.F.,.F.,(4,1,1,1,4),(0.,0.00312899035445639,0.00625798070891278,
0.00938697106336916,0.0125159614178256),.UNSPECIFIED.);
#848=B_SPLINE_CURVE_WITH_KNOTS('',3,(#2546,#2547,#2548,#2549,#2550,#2551,
#2552),.UNSPECIFIED.,.F.,.F.,(4,1,1,1,4),(0.,0.00312899035445643,0.00625798070891286,
0.00938697106336929,0.0125159614178257),.UNSPECIFIED.);
#849=B_SPLINE_CURVE_WITH_KNOTS('',3,(#2556,#2557,#2558,#2559,#2560,#2561,
#2562),.UNSPECIFIED.,.F.,.F.,(4,1,1,1,4),(0.,0.00312899035445637,0.00625798070891274,
0.0093869710633691,0.0125159614178255),.UNSPECIFIED.);
#850=B_SPLINE_CURVE_WITH_KNOTS('',3,(#2566,#2567,#2568,#2569,#2570,#2571,
#2572),.UNSPECIFIED.,.F.,.F.,(4,1,1,1,4),(0.,0.00312899035445642,0.00625798070891284,
0.00938697106336926,0.0125159614178257),.UNSPECIFIED.);
#851=B_SPLINE_CURVE_WITH_KNOTS('',3,(#2576,#2577,#2578,#2579,#2580,#2581,
#2582),.UNSPECIFIED.,.F.,.F.,(4,1,1,1,4),(0.,0.00312899035445631,0.00625798070891263,
0.00938697106336894,0.0125159614178253),.UNSPECIFIED.);
#852=B_SPLINE_CURVE_WITH_KNOTS('',3,(#2586,#2587,#2588,#2589,#2590,#2591,
#2592),.UNSPECIFIED.,.F.,.F.,(4,1,1,1,4),(0.,0.0031289903544563,0.0062579807089126,
0.0093869710633689,0.0125159614178252),.UNSPECIFIED.);
#853=B_SPLINE_CURVE_WITH_KNOTS('',3,(#2596,#2597,#2598,#2599,#2600,#2601,
#2602),.UNSPECIFIED.,.F.,.F.,(4,1,1,1,4),(0.,0.00312899035445644,0.00625798070891287,
0.00938697106336931,0.0125159614178257),.UNSPECIFIED.);
#854=B_SPLINE_CURVE_WITH_KNOTS('',3,(#2606,#2607,#2608,#2609,#2610,#2611,
#2612),.UNSPECIFIED.,.F.,.F.,(4,1,1,1,4),(0.,0.00312899035445638,0.00625798070891275,
0.00938697106336913,0.0125159614178255),.UNSPECIFIED.);
#855=B_SPLINE_CURVE_WITH_KNOTS('',3,(#2616,#2617,#2618,#2619,#2620,#2621,
#2622),.UNSPECIFIED.,.F.,.F.,(4,1,1,1,4),(0.,0.00312899035445645,0.00625798070891289,
0.00938697106336934,0.0125159614178258),.UNSPECIFIED.);
#856=B_SPLINE_CURVE_WITH_KNOTS('',3,(#2626,#2627,#2628,#2629,#2630,#2631,
#2632),.UNSPECIFIED.,.F.,.F.,(4,1,1,1,4),(0.,0.00312899035445637,0.00625798070891275,
0.00938697106336912,0.0125159614178255),.UNSPECIFIED.);
#857=B_SPLINE_CURVE_WITH_KNOTS('',3,(#2636,#2637,#2638,#2639,#2640,#2641,
#2642),.UNSPECIFIED.,.F.,.F.,(4,1,1,1,4),(0.,0.00312899035445647,0.00625798070891295,
0.00938697106336942,0.0125159614178259),.UNSPECIFIED.);
#858=B_SPLINE_CURVE_WITH_KNOTS('',3,(#2910,#2911,#2912,#2913,#2914),
 .UNSPECIFIED.,.F.,.F.,(4,1,4),(0.000106994812008026,0.500053497406004,
1.),.UNSPECIFIED.);
#859=B_SPLINE_CURVE_WITH_KNOTS('',3,(#2916,#2917,#2918,#2919,#2920),
 .UNSPECIFIED.,.F.,.F.,(4,1,4),(0.,0.5,1.),.UNSPECIFIED.);
#860=B_SPLINE_CURVE_WITH_KNOTS('',3,(#2922,#2923,#2924,#2925,#2926,#2927,
#2928),.UNSPECIFIED.,.F.,.F.,(4,1,1,1,4),(5.09861474255474E-6,0.250003823961057,
0.500002549307371,0.750001274653686,1.),.UNSPECIFIED.);
#861=B_SPLINE_CURVE_WITH_KNOTS('',3,(#2971,#2972,#2973,#2974,#2975,#2976,
#2977,#2978,#2979,#2980,#2981),.UNSPECIFIED.,.T.,.F.,(1,1,1,1,1,1,1,1,1,
1,1,1,1,1,1),(-0.00351607901306455,-0.00234405267537636,-0.00117202633768818,
0.,0.00117202633768818,0.00234405267537636,0.00351607901306455,0.00468810535075273,
0.00586013168844091,0.00703215802612909,0.00820418436381727,0.00937621070150546,
0.0105482370391936,0.0117202633768818,0.01289228971457),.UNSPECIFIED.);
#862=B_SPLINE_CURVE_WITH_KNOTS('',3,(#2985,#2986,#2987,#2988,#2989,#2990,
#2991,#2992,#2993,#2994,#2995),.UNSPECIFIED.,.T.,.F.,(1,1,1,1,1,1,1,1,1,
1,1,1,1,1,1),(-0.00352248750968342,-0.00234832500645561,-0.00117416250322781,
0.,0.00117416250322781,0.00234832500645561,0.00352248750968342,0.00469665001291123,
0.00587081251613903,0.00704497501936684,0.00821913752259464,0.00939330002582245,
0.0105674625290503,0.0117416250322781,0.0129157875355059),.UNSPECIFIED.);
#863=B_SPLINE_CURVE_WITH_KNOTS('',3,(#2999,#3000,#3001,#3002,#3003,#3004,
#3005,#3006,#3007,#3008,#3009),.UNSPECIFIED.,.T.,.F.,(1,1,1,1,1,1,1,1,1,
1,1,1,1,1,1),(-0.00352229198974772,-0.00234819465983181,-0.00117409732991591,
0.,0.00117409732991591,0.00234819465983181,0.00352229198974772,0.00469638931966363,
0.00587048664957954,0.00704458397949544,0.00821868130941135,0.00939277863932726,
0.0105668759692432,0.0117409732991591,0.012915070629075),.UNSPECIFIED.);
#864=B_SPLINE_CURVE_WITH_KNOTS('',3,(#3192,#3193,#3194,#3195,#3196,#3197,
#3198,#3199,#3200,#3201,#3202),.UNSPECIFIED.,.F.,.F.,(4,1,1,1,1,1,1,1,4),
(0.,0.000327894489925307,0.000655788979850613,0.000819736224813266,0.00098368346977592,
0.00114763071473857,0.0012296043372199,0.00127059114846056,0.00131157795970123),
 .UNSPECIFIED.);
#865=B_SPLINE_CURVE_WITH_KNOTS('',3,(#3204,#3205,#3206,#3207),
 .UNSPECIFIED.,.F.,.F.,(4,4),(0.,0.0029929665050546),.UNSPECIFIED.);
#866=B_SPLINE_CURVE_WITH_KNOTS('',3,(#3209,#3210,#3211,#3212,#3213,#3214,
#3215,#3216,#3217,#3218,#3219),.UNSPECIFIED.,.F.,.F.,(4,1,1,1,1,1,1,1,4),
(0.,0.00032789448992193,0.00065578897984386,0.000819736224804825,0.00098368346976579,
0.00114763071472675,0.00122960433720724,0.00127059114844748,0.00131157795968772),
 .UNSPECIFIED.);
#867=EDGE_LOOP('',(#234,#235,#236,#237,#238));
#868=EDGE_LOOP('',(#239,#240,#241,#242));
#869=EDGE_LOOP('',(#243,#244,#245,#246));
#870=EDGE_LOOP('',(#247,#248,#249,#250));
#871=EDGE_LOOP('',(#251,#252,#253,#254));
#872=EDGE_LOOP('',(#255,#256,#257,#258));
#873=EDGE_LOOP('',(#259,#260,#261,#262));
#874=EDGE_LOOP('',(#263,#264,#265,#266,#267,#268,#269,#270,#271));
#875=EDGE_LOOP('',(#272));
#876=EDGE_LOOP('',(#273));
#877=EDGE_LOOP('',(#274,#275,#276,#277));
#878=EDGE_LOOP('',(#278,#279,#280,#281));
#879=EDGE_LOOP('',(#282,#283,#284,#285));
#880=EDGE_LOOP('',(#286,#287,#288,#289));
#881=EDGE_LOOP('',(#290,#291,#292,#293));
#882=EDGE_LOOP('',(#294,#295,#296,#297));
#883=EDGE_LOOP('',(#298,#299,#300,#301));
#884=EDGE_LOOP('',(#302,#303,#304,#305));
#885=EDGE_LOOP('',(#306,#307,#308,#309));
#886=EDGE_LOOP('',(#310,#311,#312,#313));
#887=EDGE_LOOP('',(#314,#315,#316,#317,#318,#319,#320,#321,#322,#323,#324,
#325));
#888=EDGE_LOOP('',(#326));
#889=EDGE_LOOP('',(#327));
#890=EDGE_LOOP('',(#328));
#891=EDGE_LOOP('',(#329,#330,#331,#332));
#892=EDGE_LOOP('',(#333,#334,#335,#336));
#893=EDGE_LOOP('',(#337));
#894=EDGE_LOOP('',(#338,#339,#340,#341));
#895=EDGE_LOOP('',(#342,#343,#344,#345));
#896=EDGE_LOOP('',(#346));
#897=EDGE_LOOP('',(#347,#348,#349,#350,#351,#352,#353,#354,#355,#356,#357,
#358));
#898=EDGE_LOOP('',(#359,#360,#361,#362));
#899=EDGE_LOOP('',(#363,#364,#365,#366));
#900=EDGE_LOOP('',(#367,#368,#369,#370));
#901=EDGE_LOOP('',(#371,#372,#373,#374));
#902=EDGE_LOOP('',(#375,#376,#377,#378));
#903=EDGE_LOOP('',(#379,#380,#381,#382));
#904=EDGE_LOOP('',(#383,#384,#385,#386));
#905=EDGE_LOOP('',(#387,#388,#389,#390));
#906=EDGE_LOOP('',(#391));
#907=EDGE_LOOP('',(#392));
#908=EDGE_LOOP('',(#393));
#909=EDGE_LOOP('',(#394,#395,#396,#397));
#910=EDGE_LOOP('',(#398,#399,#400,#401));
#911=EDGE_LOOP('',(#402,#403,#404,#405));
#912=EDGE_LOOP('',(#406,#407,#408,#409));
#913=EDGE_LOOP('',(#410,#411,#412,#413));
#914=EDGE_LOOP('',(#414,#415,#416,#417));
#915=EDGE_LOOP('',(#418,#419,#420,#421));
#916=EDGE_LOOP('',(#422,#423,#424,#425));
#917=EDGE_LOOP('',(#426,#427,#428,#429));
#918=EDGE_LOOP('',(#430,#431,#432,#433));
#919=EDGE_LOOP('',(#434,#435,#436,#437));
#920=EDGE_LOOP('',(#438,#439,#440,#441));
#921=EDGE_LOOP('',(#442,#443,#444,#445));
#922=EDGE_LOOP('',(#446,#447,#448,#449));
#923=EDGE_LOOP('',(#450,#451,#452,#453));
#924=EDGE_LOOP('',(#454,#455,#456,#457));
#925=EDGE_LOOP('',(#458,#459,#460,#461));
#926=EDGE_LOOP('',(#462,#463,#464,#465));
#927=EDGE_LOOP('',(#466,#467,#468,#469));
#928=EDGE_LOOP('',(#470,#471,#472,#473));
#929=EDGE_LOOP('',(#474,#475,#476,#477,#478));
#930=EDGE_LOOP('',(#479,#480,#481,#482));
#931=EDGE_LOOP('',(#483,#484,#485,#486));
#932=EDGE_LOOP('',(#487,#488,#489,#490));
#933=EDGE_LOOP('',(#491,#492,#493,#494));
#934=EDGE_LOOP('',(#495,#496,#497,#498));
#935=EDGE_LOOP('',(#499,#500,#501,#502));
#936=EDGE_LOOP('',(#503));
#937=EDGE_LOOP('',(#504));
#938=EDGE_LOOP('',(#505));
#939=EDGE_LOOP('',(#506,#507,#508,#509));
#940=EDGE_LOOP('',(#510,#511,#512,#513));
#941=EDGE_LOOP('',(#514,#515,#516,#517));
#942=EDGE_LOOP('',(#518));
#943=EDGE_LOOP('',(#519));
#944=EDGE_LOOP('',(#520));
#945=EDGE_LOOP('',(#521));
#946=EDGE_LOOP('',(#522));
#947=EDGE_LOOP('',(#523));
#948=EDGE_LOOP('',(#524));
#949=EDGE_LOOP('',(#525));
#950=EDGE_LOOP('',(#526));
#951=EDGE_LOOP('',(#527,#528,#529,#530));
#952=EDGE_LOOP('',(#531,#532,#533,#534,#535,#536,#537,#538));
#953=EDGE_LOOP('',(#539,#540,#541,#542,#543));
#954=EDGE_LOOP('',(#544,#545));
#955=FACE_BOUND('',#867,.T.);
#956=FACE_BOUND('',#868,.T.);
#957=FACE_BOUND('',#869,.T.);
#958=FACE_BOUND('',#870,.T.);
#959=FACE_BOUND('',#871,.T.);
#960=FACE_BOUND('',#872,.T.);
#961=FACE_BOUND('',#873,.T.);
#962=FACE_BOUND('',#874,.T.);
#963=FACE_BOUND('',#875,.T.);
#964=FACE_BOUND('',#876,.T.);
#965=FACE_BOUND('',#877,.T.);
#966=FACE_BOUND('',#878,.T.);
#967=FACE_BOUND('',#879,.T.);
#968=FACE_BOUND('',#880,.T.);
#969=FACE_BOUND('',#881,.T.);
#970=FACE_BOUND('',#882,.T.);
#971=FACE_BOUND('',#883,.T.);
#972=FACE_BOUND('',#884,.T.);
#973=FACE_BOUND('',#885,.T.);
#974=FACE_BOUND('',#886,.T.);
#975=FACE_BOUND('',#887,.T.);
#976=FACE_BOUND('',#888,.T.);
#977=FACE_BOUND('',#889,.T.);
#978=FACE_BOUND('',#890,.T.);
#979=FACE_BOUND('',#891,.T.);
#980=FACE_BOUND('',#892,.T.);
#981=FACE_BOUND('',#893,.T.);
#982=FACE_BOUND('',#894,.T.);
#983=FACE_BOUND('',#895,.T.);
#984=FACE_BOUND('',#896,.T.);
#985=FACE_BOUND('',#897,.T.);
#986=FACE_BOUND('',#898,.T.);
#987=FACE_BOUND('',#899,.T.);
#988=FACE_BOUND('',#900,.T.);
#989=FACE_BOUND('',#901,.T.);
#990=FACE_BOUND('',#902,.T.);
#991=FACE_BOUND('',#903,.T.);
#992=FACE_BOUND('',#904,.T.);
#993=FACE_BOUND('',#905,.T.);
#994=FACE_BOUND('',#906,.T.);
#995=FACE_BOUND('',#907,.T.);
#996=FACE_BOUND('',#908,.T.);
#997=FACE_BOUND('',#909,.T.);
#998=FACE_BOUND('',#910,.T.);
#999=FACE_BOUND('',#911,.T.);
#1000=FACE_BOUND('',#912,.T.);
#1001=FACE_BOUND('',#913,.T.);
#1002=FACE_BOUND('',#914,.T.);
#1003=FACE_BOUND('',#915,.T.);
#1004=FACE_BOUND('',#916,.T.);
#1005=FACE_BOUND('',#917,.T.);
#1006=FACE_BOUND('',#918,.T.);
#1007=FACE_BOUND('',#919,.T.);
#1008=FACE_BOUND('',#920,.T.);
#1009=FACE_BOUND('',#921,.T.);
#1010=FACE_BOUND('',#922,.T.);
#1011=FACE_BOUND('',#923,.T.);
#1012=FACE_BOUND('',#924,.T.);
#1013=FACE_BOUND('',#925,.T.);
#1014=FACE_BOUND('',#926,.T.);
#1015=FACE_BOUND('',#927,.T.);
#1016=FACE_BOUND('',#928,.T.);
#1017=FACE_BOUND('',#929,.T.);
#1018=FACE_BOUND('',#930,.T.);
#1019=FACE_BOUND('',#931,.T.);
#1020=FACE_BOUND('',#932,.T.);
#1021=FACE_BOUND('',#933,.T.);
#1022=FACE_BOUND('',#934,.T.);
#1023=FACE_BOUND('',#935,.T.);
#1024=FACE_BOUND('',#936,.T.);
#1025=FACE_BOUND('',#937,.T.);
#1026=FACE_BOUND('',#938,.T.);
#1027=FACE_BOUND('',#939,.T.);
#1028=FACE_BOUND('',#940,.T.);
#1029=FACE_BOUND('',#941,.T.);
#1030=FACE_BOUND('',#942,.T.);
#1031=FACE_BOUND('',#943,.T.);
#1032=FACE_BOUND('',#944,.T.);
#1033=FACE_BOUND('',#945,.T.);
#1034=FACE_BOUND('',#946,.T.);
#1035=FACE_BOUND('',#947,.T.);
#1036=FACE_BOUND('',#948,.T.);
#1037=FACE_BOUND('',#949,.T.);
#1038=FACE_BOUND('',#950,.T.);
#1039=FACE_BOUND('',#951,.T.);
#1040=FACE_BOUND('',#952,.T.);
#1041=FACE_BOUND('',#953,.T.);
#1042=FACE_BOUND('',#954,.T.);
#1043=B_SPLINE_SURFACE_WITH_KNOTS('',3,3,((#1446,#1447,#1448,#1449,#1450,
#1451,#1452,#1453,#1454,#1455,#1456,#1457,#1458,#1459,#1460,#1461,#1462,
#1463,#1464,#1465,#1466),(#1467,#1468,#1469,#1470,#1471,#1472,#1473,#1474,
#1475,#1476,#1477,#1478,#1479,#1480,#1481,#1482,#1483,#1484,#1485,#1486,
#1487),(#1488,#1489,#1490,#1491,#1492,#1493,#1494,#1495,#1496,#1497,#1498,
#1499,#1500,#1501,#1502,#1503,#1504,#1505,#1506,#1507,#1508),(#1509,#1510,
#1511,#1512,#1513,#1514,#1515,#1516,#1517,#1518,#1519,#1520,#1521,#1522,
#1523,#1524,#1525,#1526,#1527,#1528,#1529),(#1530,#1531,#1532,#1533,#1534,
#1535,#1536,#1537,#1538,#1539,#1540,#1541,#1542,#1543,#1544,#1545,#1546,
#1547,#1548,#1549,#1550),(#1551,#1552,#1553,#1554,#1555,#1556,#1557,#1558,
#1559,#1560,#1561,#1562,#1563,#1564,#1565,#1566,#1567,#1568,#1569,#1570,
#1571),(#1572,#1573,#1574,#1575,#1576,#1577,#1578,#1579,#1580,#1581,#1582,
#1583,#1584,#1585,#1586,#1587,#1588,#1589,#1590,#1591,#1592)),
 .UNSPECIFIED.,.F.,.F.,.F.,(4,1,1,1,4),(4,2,2,2,2,2,2,2,3,4),(0.,0.25,0.5,
0.75,1.),(1.78371814570104,1.93196134793463,2.16915047150838,2.47749633215425,
2.84268107996621,3.21810473736717,3.61415561733843,4.03704430787778,4.141169413394,
4.16474392607093),.UNSPECIFIED.);
#1044=B_SPLINE_SURFACE_WITH_KNOTS('',3,3,((#1629,#1630,#1631,#1632,#1633,
#1634,#1635,#1636,#1637,#1638,#1639,#1640,#1641,#1642,#1643,#1644,#1645,
#1646,#1647),(#1648,#1649,#1650,#1651,#1652,#1653,#1654,#1655,#1656,#1657,
#1658,#1659,#1660,#1661,#1662,#1663,#1664,#1665,#1666),(#1667,#1668,#1669,
#1670,#1671,#1672,#1673,#1674,#1675,#1676,#1677,#1678,#1679,#1680,#1681,
#1682,#1683,#1684,#1685),(#1686,#1687,#1688,#1689,#1690,#1691,#1692,#1693,
#1694,#1695,#1696,#1697,#1698,#1699,#1700,#1701,#1702,#1703,#1704)),
 .UNSPECIFIED.,.F.,.T.,.F.,(4,4),(1,1,1,1,1,1,1,1,1,1,1,1,1,1,1,1,1,1,1,
1,1,1,1),(1.00000015836009,1.99999984163991),(-1.17809724509617,-0.785398163397448,
-0.392699081698725,0.,0.392699081698724,0.785398163397448,1.17809724509617,
1.5707963267949,1.96349540849362,2.35619449019234,2.74889357189107,3.14159265358979,
3.53429173528852,3.92699081698724,4.31968989868597,4.71238898038469,5.10508806208341,
5.49778714378214,5.89048622548086,6.28318530717959,6.67588438887831,7.06858347057703,
7.46128255227576),.UNSPECIFIED.);
#1045=B_SPLINE_SURFACE_WITH_KNOTS('',3,3,((#2763,#2764,#2765,#2766,#2767,
#2768,#2769,#2770,#2771,#2772,#2773,#2774,#2775,#2776,#2777,#2778,#2779,
#2780,#2781,#2782,#2783),(#2784,#2785,#2786,#2787,#2788,#2789,#2790,#2791,
#2792,#2793,#2794,#2795,#2796,#2797,#2798,#2799,#2800,#2801,#2802,#2803,
#2804),(#2805,#2806,#2807,#2808,#2809,#2810,#2811,#2812,#2813,#2814,#2815,
#2816,#2817,#2818,#2819,#2820,#2821,#2822,#2823,#2824,#2825),(#2826,#2827,
#2828,#2829,#2830,#2831,#2832,#2833,#2834,#2835,#2836,#2837,#2838,#2839,
#2840,#2841,#2842,#2843,#2844,#2845,#2846),(#2847,#2848,#2849,#2850,#2851,
#2852,#2853,#2854,#2855,#2856,#2857,#2858,#2859,#2860,#2861,#2862,#2863,
#2864,#2865,#2866,#2867),(#2868,#2869,#2870,#2871,#2872,#2873,#2874,#2875,
#2876,#2877,#2878,#2879,#2880,#2881,#2882,#2883,#2884,#2885,#2886,#2887,
#2888),(#2889,#2890,#2891,#2892,#2893,#2894,#2895,#2896,#2897,#2898,#2899,
#2900,#2901,#2902,#2903,#2904,#2905,#2906,#2907,#2908,#2909)),
 .UNSPECIFIED.,.F.,.F.,.F.,(4,1,1,1,4),(4,2,2,2,2,2,2,2,3,4),(0.,0.25,0.5,
0.75,1.),(1.78368041251565,1.93192361475032,2.1691127383258,2.47745859897393,
2.84264334678518,3.21806700418733,3.61411788415858,4.03700657469843,4.14113168020902,
4.16470619288596),.UNSPECIFIED.);
#1046=B_SPLINE_SURFACE_WITH_KNOTS('',3,3,((#3012,#3013,#3014,#3015,#3016,
#3017,#3018,#3019,#3020),(#3021,#3022,#3023,#3024,#3025,#3026,#3027,#3028,
#3029),(#3030,#3031,#3032,#3033,#3034,#3035,#3036,#3037,#3038),(#3039,#3040,
#3041,#3042,#3043,#3044,#3045,#3046,#3047),(#3048,#3049,#3050,#3051,#3052,
#3053,#3054,#3055,#3056),(#3057,#3058,#3059,#3060,#3061,#3062,#3063,#3064,
#3065),(#3066,#3067,#3068,#3069,#3070,#3071,#3072,#3073,#3074),(#3075,#3076,
#3077,#3078,#3079,#3080,#3081,#3082,#3083),(#3084,#3085,#3086,#3087,#3088,
#3089,#3090,#3091,#3092),(#3093,#3094,#3095,#3096,#3097,#3098,#3099,#3100,
#3101)),.UNSPECIFIED.,.F.,.F.,.F.,(4,1,1,1,3,4),(4,3,2,4),(0.,0.25,0.5,
0.75,1.,1.01),(-0.040049218948071,1.82192033359449E-12,2.00246094749647,
4.00492189499111),.UNSPECIFIED.);
#1047=B_SPLINE_SURFACE_WITH_KNOTS('',3,3,((#3102,#3103,#3104,#3105,#3106,
#3107,#3108,#3109,#3110),(#3111,#3112,#3113,#3114,#3115,#3116,#3117,#3118,
#3119),(#3120,#3121,#3122,#3123,#3124,#3125,#3126,#3127,#3128),(#3129,#3130,
#3131,#3132,#3133,#3134,#3135,#3136,#3137),(#3138,#3139,#3140,#3141,#3142,
#3143,#3144,#3145,#3146),(#3147,#3148,#3149,#3150,#3151,#3152,#3153,#3154,
#3155),(#3156,#3157,#3158,#3159,#3160,#3161,#3162,#3163,#3164),(#3165,#3166,
#3167,#3168,#3169,#3170,#3171,#3172,#3173),(#3174,#3175,#3176,#3177,#3178,
#3179,#3180,#3181,#3182),(#3183,#3184,#3185,#3186,#3187,#3188,#3189,#3190,
#3191)),.UNSPECIFIED.,.F.,.F.,.F.,(4,1,1,1,3,4),(4,3,2,4),(0.,0.25,0.5,
0.75,1.,1.01),(-0.0400492189480708,1.82206655634633E-12,2.00246094749647,
4.00492189499111),.UNSPECIFIED.);
#1048=ADVANCED_FACE('',(#955),#1043,.T.);
#1049=ADVANCED_FACE('',(#956,#957,#958,#959,#960,#961,#962,#963,#964),#1044,
 .F.);
#1050=ADVANCED_FACE('',(#965),#206,.F.);
#1051=ADVANCED_FACE('',(#966),#42,.F.);
#1052=ADVANCED_FACE('',(#967),#207,.F.);
#1053=ADVANCED_FACE('',(#968),#43,.F.);
#1054=ADVANCED_FACE('',(#969,#970,#971,#972,#973,#974,#975,#976),#208,.F.);
#1055=ADVANCED_FACE('',(#977,#978),#44,.T.);
#1056=ADVANCED_FACE('',(#979,#980,#981,#982),#45,.F.);
#1057=ADVANCED_FACE('',(#983),#46,.T.);
#1058=ADVANCED_FACE('',(#984,#985),#47,.F.);
#1059=ADVANCED_FACE('',(#986),#48,.T.);
#1060=ADVANCED_FACE('',(#987),#209,.T.);
#1061=ADVANCED_FACE('',(#988),#49,.T.);
#1062=ADVANCED_FACE('',(#989),#50,.T.);
#1063=ADVANCED_FACE('',(#990),#210,.T.);
#1064=ADVANCED_FACE('',(#991),#51,.T.);
#1065=ADVANCED_FACE('',(#992),#211,.T.);
#1066=ADVANCED_FACE('',(#993),#52,.T.);
#1067=ADVANCED_FACE('',(#994,#995),#212,.T.);
#1068=ADVANCED_FACE('',(#996),#53,.T.);
#1069=ADVANCED_FACE('',(#997),#213,.F.);
#1070=ADVANCED_FACE('',(#998),#54,.F.);
#1071=ADVANCED_FACE('',(#999),#214,.F.);
#1072=ADVANCED_FACE('',(#1000),#55,.F.);
#1073=ADVANCED_FACE('',(#1001),#215,.F.);
#1074=ADVANCED_FACE('',(#1002),#56,.F.);
#1075=ADVANCED_FACE('',(#1003),#216,.F.);
#1076=ADVANCED_FACE('',(#1004),#57,.F.);
#1077=ADVANCED_FACE('',(#1005),#217,.F.);
#1078=ADVANCED_FACE('',(#1006),#58,.F.);
#1079=ADVANCED_FACE('',(#1007),#218,.F.);
#1080=ADVANCED_FACE('',(#1008),#59,.F.);
#1081=ADVANCED_FACE('',(#1009),#219,.F.);
#1082=ADVANCED_FACE('',(#1010),#60,.F.);
#1083=ADVANCED_FACE('',(#1011),#220,.F.);
#1084=ADVANCED_FACE('',(#1012),#61,.F.);
#1085=ADVANCED_FACE('',(#1013),#221,.F.);
#1086=ADVANCED_FACE('',(#1014),#62,.F.);
#1087=ADVANCED_FACE('',(#1015),#222,.F.);
#1088=ADVANCED_FACE('',(#1016),#63,.F.);
#1089=ADVANCED_FACE('',(#1017),#1045,.T.);
#1090=ADVANCED_FACE('',(#1018),#223,.T.);
#1091=ADVANCED_FACE('',(#1019),#64,.T.);
#1092=ADVANCED_FACE('',(#1020),#224,.T.);
#1093=ADVANCED_FACE('',(#1021),#65,.T.);
#1094=ADVANCED_FACE('',(#1022),#225,.T.);
#1095=ADVANCED_FACE('',(#1023),#12,.T.);
#1096=ADVANCED_FACE('',(#1024,#1025,#1026,#1027),#66,.T.);
#1097=ADVANCED_FACE('',(#1028),#226,.T.);
#1098=ADVANCED_FACE('',(#1029),#13,.T.);
#1099=ADVANCED_FACE('',(#1030,#1031),#227,.F.);
#1100=ADVANCED_FACE('',(#1032),#228,.T.);
#1101=ADVANCED_FACE('',(#1033,#1034),#229,.F.);
#1102=ADVANCED_FACE('',(#1035),#230,.T.);
#1103=ADVANCED_FACE('',(#1036,#1037),#231,.F.);
#1104=ADVANCED_FACE('',(#1038),#232,.T.);
#1105=ADVANCED_FACE('',(#1039),#1046,.T.);
#1106=ADVANCED_FACE('',(#1040),#1047,.T.);
#1107=ADVANCED_FACE('',(#1041),#233,.T.);
#1108=ADVANCED_FACE('',(#1042),#67,.F.);
#1109=CLOSED_SHELL('',(#1048,#1049,#1050,#1051,#1052,#1053,#1054,#1055,
#1056,#1057,#1058,#1059,#1060,#1061,#1062,#1063,#1064,#1065,#1066,#1067,
#1068,#1069,#1070,#1071,#1072,#1073,#1074,#1075,#1076,#1077,#1078,#1079,
#1080,#1081,#1082,#1083,#1084,#1085,#1086,#1087,#1088,#1089,#1090,#1091,
#1092,#1093,#1094,#1095,#1096,#1097,#1098,#1099,#1100,#1101,#1102,#1103,
#1104,#1105,#1106,#1107,#1108));
#1110=STYLED_ITEM('',(#1111),#1118);
#1111=PRESENTATION_STYLE_ASSIGNMENT((#1112));
#1112=SURFACE_STYLE_USAGE(.BOTH.,#1113);
#1113=SURFACE_SIDE_STYLE('',(#1114));
#1114=SURFACE_STYLE_FILL_AREA(#1115);
#1115=FILL_AREA_STYLE('',(#1116));
#1116=FILL_AREA_STYLE_COLOUR('',#1117);
#1117=COLOUR_RGB('',0.717647058823529,0.717647058823529,0.717647058823529);
#1118=MANIFOLD_SOLID_BREP('Part 1',#1109);
#1119=SHAPE_DEFINITION_REPRESENTATION(#3229,#1120);
#1120=SHAPE_REPRESENTATION('Part 1',(#1121),#3224);
#1121=AXIS2_PLACEMENT_3D('',#1445,#1206,#1207);
#1122=AXIS2_PLACEMENT_3D('',#2514,#1208,#1209);
#1123=AXIS2_PLACEMENT_3D('',#2526,#1212,#1213);
#1124=AXIS2_PLACEMENT_3D('',#2530,#1216,#1217);
#1125=AXIS2_PLACEMENT_3D('',#2540,#1219,#1220);
#1126=AXIS2_PLACEMENT_3D('',#2542,#1222,#1223);
#1127=AXIS2_PLACEMENT_3D('',#2643,#1234,#1235);
#1128=AXIS2_PLACEMENT_3D('',#2648,#1237,#1238);
#1129=AXIS2_PLACEMENT_3D('',#2652,#1240,#1241);
#1130=AXIS2_PLACEMENT_3D('',#2656,#1243,#1244);
#1131=AXIS2_PLACEMENT_3D('',#2660,#1246,#1247);
#1132=AXIS2_PLACEMENT_3D('',#2664,#1249,#1250);
#1133=AXIS2_PLACEMENT_3D('',#2667,#1252,#1253);
#1134=AXIS2_PLACEMENT_3D('',#2669,#1254,#1255);
#1135=AXIS2_PLACEMENT_3D('',#2670,#1256,#1257);
#1136=AXIS2_PLACEMENT_3D('',#2673,#1259,#1260);
#1137=AXIS2_PLACEMENT_3D('',#2678,#1263,#1264);
#1138=AXIS2_PLACEMENT_3D('',#2683,#1267,#1268);
#1139=AXIS2_PLACEMENT_3D('',#2686,#1270,#1271);
#1140=AXIS2_PLACEMENT_3D('',#2690,#1274,#1275);
#1141=AXIS2_PLACEMENT_3D('',#2691,#1276,#1277);
#1142=AXIS2_PLACEMENT_3D('',#2695,#1279,#1280);
#1143=AXIS2_PLACEMENT_3D('',#2698,#1282,#1283);
#1144=AXIS2_PLACEMENT_3D('',#2703,#1286,#1287);
#1145=AXIS2_PLACEMENT_3D('',#2706,#1289,#1290);
#1146=AXIS2_PLACEMENT_3D('',#2708,#1292,#1293);
#1147=AXIS2_PLACEMENT_3D('',#2710,#1295,#1296);
#1148=AXIS2_PLACEMENT_3D('',#2711,#1297,#1298);
#1149=AXIS2_PLACEMENT_3D('',#2713,#1300,#1301);
#1150=AXIS2_PLACEMENT_3D('',#2714,#1302,#1303);
#1151=AXIS2_PLACEMENT_3D('',#2716,#1305,#1306);
#1152=AXIS2_PLACEMENT_3D('',#2718,#1308,#1309);
#1153=AXIS2_PLACEMENT_3D('',#2719,#1310,#1311);
#1154=AXIS2_PLACEMENT_3D('',#2720,#1312,#1313);
#1155=AXIS2_PLACEMENT_3D('',#2722,#1314,#1315);
#1156=AXIS2_PLACEMENT_3D('',#2723,#1316,#1317);
#1157=AXIS2_PLACEMENT_3D('',#2726,#1320,#1321);
#1158=AXIS2_PLACEMENT_3D('',#2728,#1323,#1324);
#1159=AXIS2_PLACEMENT_3D('',#2730,#1326,#1327);
#1160=AXIS2_PLACEMENT_3D('',#2731,#1328,#1329);
#1161=AXIS2_PLACEMENT_3D('',#2734,#1332,#1333);
#1162=AXIS2_PLACEMENT_3D('',#2736,#1335,#1336);
#1163=AXIS2_PLACEMENT_3D('',#2738,#1338,#1339);
#1164=AXIS2_PLACEMENT_3D('',#2739,#1340,#1341);
#1165=AXIS2_PLACEMENT_3D('',#2742,#1344,#1345);
#1166=AXIS2_PLACEMENT_3D('',#2744,#1347,#1348);
#1167=AXIS2_PLACEMENT_3D('',#2746,#1350,#1351);
#1168=AXIS2_PLACEMENT_3D('',#2747,#1352,#1353);
#1169=AXIS2_PLACEMENT_3D('',#2750,#1356,#1357);
#1170=AXIS2_PLACEMENT_3D('',#2752,#1359,#1360);
#1171=AXIS2_PLACEMENT_3D('',#2754,#1362,#1363);
#1172=AXIS2_PLACEMENT_3D('',#2755,#1364,#1365);
#1173=AXIS2_PLACEMENT_3D('',#2758,#1368,#1369);
#1174=AXIS2_PLACEMENT_3D('',#2760,#1371,#1372);
#1175=AXIS2_PLACEMENT_3D('',#2762,#1374,#1375);
#1176=AXIS2_PLACEMENT_3D('',#2929,#1376,#1377);
#1177=AXIS2_PLACEMENT_3D('',#2932,#1379,#1380);
#1178=AXIS2_PLACEMENT_3D('',#2935,#1382,#1383);
#1179=AXIS2_PLACEMENT_3D('',#2936,#1384,#1385);
#1180=AXIS2_PLACEMENT_3D('',#2940,#1388,#1389);
#1181=AXIS2_PLACEMENT_3D('',#2941,#1390,#1391);
#1182=AXIS2_PLACEMENT_3D('',#2944,#1393,#1394);
#1183=AXIS2_PLACEMENT_3D('',#2945,#1395,#1396);
#1184=AXIS2_PLACEMENT_3D('',#2947,#1398,#1399);
#1185=AXIS2_PLACEMENT_3D('',#2948,#1400,#1401);
#1186=AXIS2_PLACEMENT_3D('',#2952,#1403,#1404);
#1187=AXIS2_PLACEMENT_3D('',#2953,#1405,#1406);
#1188=AXIS2_PLACEMENT_3D('',#2954,#1407,#1408);
#1189=AXIS2_PLACEMENT_3D('',#2956,#1409,#1410);
#1190=AXIS2_PLACEMENT_3D('',#2957,#1411,#1412);
#1191=AXIS2_PLACEMENT_3D('',#2958,#1413,#1414);
#1192=AXIS2_PLACEMENT_3D('',#2960,#1415,#1416);
#1193=AXIS2_PLACEMENT_3D('',#2962,#1417,#1418);
#1194=AXIS2_PLACEMENT_3D('',#2964,#1419,#1420);
#1195=AXIS2_PLACEMENT_3D('',#2967,#1422,#1423);
#1196=AXIS2_PLACEMENT_3D('',#2968,#1424,#1425);
#1197=AXIS2_PLACEMENT_3D('',#2969,#1426,#1427);
#1198=AXIS2_PLACEMENT_3D('',#2970,#1428,#1429);
#1199=AXIS2_PLACEMENT_3D('',#2983,#1430,#1431);
#1200=AXIS2_PLACEMENT_3D('',#2984,#1432,#1433);
#1201=AXIS2_PLACEMENT_3D('',#2997,#1434,#1435);
#1202=AXIS2_PLACEMENT_3D('',#2998,#1436,#1437);
#1203=AXIS2_PLACEMENT_3D('',#3011,#1438,#1439);
#1204=AXIS2_PLACEMENT_3D('',#3220,#1440,#1441);
#1205=AXIS2_PLACEMENT_3D('',#3222,#1443,#1444);
#1206=DIRECTION('',(0.,0.,1.));
#1207=DIRECTION('',(1.,0.,0.));
#1208=DIRECTION('',(0.707106781186548,0.,0.707106781186548));
#1209=DIRECTION('',(5.55111512312578E-17,-1.,-5.55111512312578E-17));
#1210=DIRECTION('',(-0.707106781186548,0.,-0.707106781186547));
#1211=DIRECTION('',(0.707106781186548,0.,0.707106781186547));
#1212=DIRECTION('',(-0.707106781186547,-1.11022302462516E-16,0.707106781186548));
#1213=DIRECTION('',(7.85046229341887E-17,-1.,-7.85046229341888E-17));
#1214=DIRECTION('',(0.,-1.,0.));
#1215=DIRECTION('',(0.707106781186548,0.,0.707106781186547));
#1216=DIRECTION('',(0.707106781186548,0.,0.707106781186548));
#1217=DIRECTION('',(-5.55111512312578E-17,1.,5.55111512312578E-17));
#1218=DIRECTION('',(0.707106781186548,0.,0.707106781186547));
#1219=DIRECTION('',(0.707106781186547,-3.70074341541719E-17,-0.707106781186548));
#1220=DIRECTION('',(2.61682076447296E-17,1.,-2.61682076447296E-17));
#1221=DIRECTION('',(0.,1.,0.));
#1222=DIRECTION('',(0.,1.,0.));
#1223=DIRECTION('',(0.987688340595138,0.,0.156434465040231));
#1224=DIRECTION('',(0.,1.,0.));
#1225=DIRECTION('',(0.,-1.,0.));
#1226=DIRECTION('',(0.,1.,0.));
#1227=DIRECTION('',(0.,-1.,0.));
#1228=DIRECTION('',(0.,1.,0.));
#1229=DIRECTION('',(0.,-1.,0.));
#1230=DIRECTION('',(0.,1.,0.));
#1231=DIRECTION('',(0.,-1.,0.));
#1232=DIRECTION('',(0.,1.,0.));
#1233=DIRECTION('',(0.,-1.,0.));
#1234=DIRECTION('',(0.,-1.,0.));
#1235=DIRECTION('',(-1.,0.,0.));
#1236=DIRECTION('',(0.,-1.,0.));
#1237=DIRECTION('',(0.,1.,0.));
#1238=DIRECTION('',(-1.,0.,0.));
#1239=DIRECTION('',(0.,1.,0.));
#1240=DIRECTION('',(0.,-1.,0.));
#1241=DIRECTION('',(-1.,0.,0.));
#1242=DIRECTION('',(0.,-1.,0.));
#1243=DIRECTION('',(0.,1.,0.));
#1244=DIRECTION('',(-1.,0.,0.));
#1245=DIRECTION('',(0.,1.,0.));
#1246=DIRECTION('',(0.,-1.,0.));
#1247=DIRECTION('',(-1.,0.,0.));
#1248=DIRECTION('',(0.,-1.,0.));
#1249=DIRECTION('',(0.,1.,0.));
#1250=DIRECTION('',(-1.,0.,0.));
#1251=DIRECTION('',(0.,1.,0.));
#1252=DIRECTION('',(0.,1.,0.));
#1253=DIRECTION('',(0.987688340595138,0.,0.156434465040232));
#1254=DIRECTION('',(0.,-1.,0.));
#1255=DIRECTION('',(1.,0.,0.));
#1256=DIRECTION('',(0.,-1.,0.));
#1257=DIRECTION('',(1.,0.,0.));
#1258=DIRECTION('',(1.,0.,-6.53599038690616E-16));
#1259=DIRECTION('',(0.,1.,0.));
#1260=DIRECTION('',(-1.,0.,0.));
#1261=DIRECTION('',(0.5,0.,0.866025403784439));
#1262=DIRECTION('',(-0.5,0.,-0.866025403784438));
#1263=DIRECTION('',(0.,1.,0.));
#1264=DIRECTION('',(-1.,0.,0.));
#1265=DIRECTION('',(0.5,0.,-0.866025403784439));
#1266=DIRECTION('',(-0.5,0.,0.866025403784439));
#1267=DIRECTION('',(0.,1.,0.));
#1268=DIRECTION('',(-1.,0.,0.));
#1269=DIRECTION('',(-1.,0.,2.41742110200639E-16));
#1270=DIRECTION('',(-2.41742110200639E-16,0.,-1.));
#1271=DIRECTION('',(1.,0.,-2.41742110200639E-16));
#1272=DIRECTION('',(0.,-1.,0.));
#1273=DIRECTION('',(1.,0.,-2.41742110200639E-16));
#1274=DIRECTION('',(0.,1.,0.));
#1275=DIRECTION('',(-1.,0.,0.));
#1276=DIRECTION('',(0.,1.,0.));
#1277=DIRECTION('',(1.,0.,0.));
#1278=DIRECTION('',(-0.5,0.,-0.866025403784439));
#1279=DIRECTION('',(0.,-1.,0.));
#1280=DIRECTION('',(-1.,0.,0.));
#1281=DIRECTION('',(-1.,0.,6.53599038690616E-16));
#1282=DIRECTION('',(0.,-1.,0.));
#1283=DIRECTION('',(-1.,0.,0.));
#1284=DIRECTION('',(0.5,0.,-0.866025403784439));
#1285=DIRECTION('',(-0.5,0.,0.866025403784439));
#1286=DIRECTION('',(0.,-1.,0.));
#1287=DIRECTION('',(-1.,0.,0.));
#1288=DIRECTION('',(0.5,0.,0.866025403784438));
#1289=DIRECTION('',(0.866025403784438,0.,-0.5));
#1290=DIRECTION('',(0.5,0.,0.866025403784438));
#1291=DIRECTION('',(0.,-1.,0.));
#1292=DIRECTION('',(0.,-1.,0.));
#1293=DIRECTION('',(-1.,0.,0.));
#1294=DIRECTION('',(0.,-1.,0.));
#1295=DIRECTION('',(0.866025403784439,0.,0.5));
#1296=DIRECTION('',(-0.5,0.,0.866025403784439));
#1297=DIRECTION('',(-0.866025403784439,0.,-0.5));
#1298=DIRECTION('',(0.5,0.,-0.866025403784439));
#1299=DIRECTION('',(0.,-1.,0.));
#1300=DIRECTION('',(0.,-1.,0.));
#1301=DIRECTION('',(0.5,0.,0.866025403784439));
#1302=DIRECTION('',(6.53599038690616E-16,0.,1.));
#1303=DIRECTION('',(-1.,0.,6.53599038690616E-16));
#1304=DIRECTION('',(0.,-1.,0.));
#1305=DIRECTION('',(0.,-1.,0.));
#1306=DIRECTION('',(0.5,0.,-0.866025403784439));
#1307=DIRECTION('',(0.,-1.,0.));
#1308=DIRECTION('',(-0.866025403784439,0.,0.5));
#1309=DIRECTION('',(-0.5,0.,-0.866025403784439));
#1310=DIRECTION('',(0.,-1.,0.));
#1311=DIRECTION('',(1.,0.,0.));
#1312=DIRECTION('',(0.,-1.,0.));
#1313=DIRECTION('',(1.,0.,0.));
#1314=DIRECTION('',(0.,-1.,0.));
#1315=DIRECTION('',(1.,0.,0.));
#1316=DIRECTION('',(-0.707106781186548,0.,0.707106781186548));
#1317=DIRECTION('',(-5.55111512312578E-17,1.,-5.55111512312578E-17));
#1318=DIRECTION('',(-0.707106781186548,0.,0.707106781186548));
#1319=DIRECTION('',(-0.707106781186548,0.,0.707106781186548));
#1320=DIRECTION('',(0.707106781186548,-3.70074341541719E-17,0.707106781186548));
#1321=DIRECTION('',(2.61682076447296E-17,1.,2.61682076447296E-17));
#1322=DIRECTION('',(0.707106781186548,0.,-0.707106781186548));
#1323=DIRECTION('',(-0.707106781186548,0.,0.707106781186548));
#1324=DIRECTION('',(6.66133814775094E-16,-1.,6.66133814775094E-16));
#1325=DIRECTION('',(-0.707106781186548,0.,0.707106781186548));
#1326=DIRECTION('',(-0.707106781186548,-1.11022302462516E-16,-0.707106781186548));
#1327=DIRECTION('',(7.85046229341887E-17,-1.,7.85046229341888E-17));
#1328=DIRECTION('',(-0.987688340595138,1.7943059495513E-17,-0.156434465040231));
#1329=DIRECTION('',(1.66533453693773E-16,1.,-9.36750677027476E-16));
#1330=DIRECTION('',(-0.987688340595138,0.,-0.156434465040231));
#1331=DIRECTION('',(-0.987688340595138,0.,-0.156434465040231));
#1332=DIRECTION('',(-0.156434465040231,-3.70074341541719E-17,0.987688340595138));
#1333=DIRECTION('',(-5.78923816441946E-18,1.,3.65518112294179E-17));
#1334=DIRECTION('',(0.987688340595138,0.,0.156434465040231));
#1335=DIRECTION('',(-0.987688340595138,-8.68385724662917E-18,-0.156434465040231));
#1336=DIRECTION('',(0.,-1.,5.55111512312578E-17));
#1337=DIRECTION('',(-0.987688340595138,0.,-0.156434465040231));
#1338=DIRECTION('',(0.156434465040231,-1.11022302462516E-16,-0.987688340595138));
#1339=DIRECTION('',(-1.73677144932584E-17,-1.,1.09655433688254E-16));
#1340=DIRECTION('',(-0.453990499739547,-2.42592626236616E-17,-0.891006524188368));
#1341=DIRECTION('',(5.55111512312578E-17,1.,-5.55111512312578E-17));
#1342=DIRECTION('',(-0.453990499739547,0.,-0.891006524188368));
#1343=DIRECTION('',(-0.453990499739547,0.,-0.891006524188368));
#1344=DIRECTION('',(-0.891006524188368,-3.70074341541719E-17,0.453990499739547));
#1345=DIRECTION('',(-3.29738652748386E-17,1.,1.68010235257309E-17));
#1346=DIRECTION('',(0.453990499739547,0.,0.891006524188368));
#1347=DIRECTION('',(-0.453990499739547,-7.37200605359194E-17,-0.891006524188368));
#1348=DIRECTION('',(-5.55111512312578E-17,-1.,1.11022302462516E-16));
#1349=DIRECTION('',(-0.453990499739547,0.,-0.891006524188368));
#1350=DIRECTION('',(0.891006524188368,-1.11022302462516E-16,-0.453990499739547));
#1351=DIRECTION('',(-9.89215958245158E-17,-1.,5.04030705771926E-17));
#1352=DIRECTION('',(0.453990499739547,1.76633539691185E-17,-0.891006524188368));
#1353=DIRECTION('',(8.32667268468867E-16,1.,4.44089209850063E-16));
#1354=DIRECTION('',(0.453990499739547,0.,-0.891006524188368));
#1355=DIRECTION('',(0.453990499739547,0.,-0.891006524188368));
#1356=DIRECTION('',(-0.891006524188368,-3.70074341541719E-17,-0.453990499739547));
#1357=DIRECTION('',(-3.29738652748386E-17,1.,-1.68010235257309E-17));
#1358=DIRECTION('',(-0.453990499739547,0.,0.891006524188368));
#1359=DIRECTION('',(0.453990499739547,1.76633539691185E-17,-0.891006524188368));
#1360=DIRECTION('',(-8.32667268468867E-16,-1.,-4.44089209850063E-16));
#1361=DIRECTION('',(0.453990499739547,0.,-0.891006524188368));
#1362=DIRECTION('',(0.891006524188368,-1.11022302462516E-16,0.453990499739547));
#1363=DIRECTION('',(-9.89215958245158E-17,-1.,-5.04030705771926E-17));
#1364=DIRECTION('',(0.987688340595138,9.22659832454349E-18,-0.156434465040231));
#1365=DIRECTION('',(0.,1.,5.89805981832114E-17));
#1366=DIRECTION('',(0.987688340595138,0.,-0.156434465040231));
#1367=DIRECTION('',(0.987688340595138,0.,-0.156434465040231));
#1368=DIRECTION('',(-0.156434465040231,-3.70074341541719E-17,-0.987688340595138));
#1369=DIRECTION('',(-5.78923816441945E-18,1.,-3.65518112294179E-17));
#1370=DIRECTION('',(-0.987688340595138,0.,0.156434465040231));
#1371=DIRECTION('',(0.987688340595138,9.2265983245435E-18,-0.156434465040231));
#1372=DIRECTION('',(0.,-1.,-5.89805981832114E-17));
#1373=DIRECTION('',(0.987688340595138,0.,-0.156434465040231));
#1374=DIRECTION('',(0.156434465040231,-1.11022302462516E-16,0.987688340595138));
#1375=DIRECTION('',(-1.73677144932583E-17,-1.,-1.09655433688254E-16));
#1376=DIRECTION('',(0.,0.,1.));
#1377=DIRECTION('',(-2.66070669040145E-13,1.,0.));
#1378=DIRECTION('',(0.,0.,1.));
#1379=DIRECTION('',(0.,0.,1.));
#1380=DIRECTION('',(1.60812264967664E-16,-1.,0.));
#1381=DIRECTION('',(0.,0.,1.));
#1382=DIRECTION('',(-1.,5.55111512312579E-16,0.));
#1383=DIRECTION('',(-5.55111512312579E-16,-1.,0.));
#1384=DIRECTION('',(-1.,-5.21092264338312E-20,6.12323177846729E-17));
#1385=DIRECTION('',(5.96149608523177E-17,-0.0876190353451202,0.996154056682595));
#1386=DIRECTION('',(-5.55111512312579E-16,-1.,0.));
#1387=DIRECTION('',(0.,0.,1.));
#1388=DIRECTION('',(0.,0.,1.));
#1389=DIRECTION('',(-6.12323399573677E-17,-1.,0.));
#1390=DIRECTION('',(0.,0.,1.));
#1391=DIRECTION('',(8.26946079742757E-16,1.,0.));
#1392=DIRECTION('',(0.,0.,1.));
#1393=DIRECTION('',(1.,1.94289029309403E-16,0.));
#1394=DIRECTION('',(-1.94289029309403E-16,1.,0.));
#1395=DIRECTION('',(1.,1.36852564092301E-19,1.60812206736322E-16));
#1396=DIRECTION('',(-1.60215207290598E-16,0.0876190353451171,0.996154056682595));
#1397=DIRECTION('',(-1.94289029309403E-16,1.,0.));
#1398=DIRECTION('',(-9.71445146547016E-17,1.,9.71445146547014E-17));
#1399=DIRECTION('',(-0.707106781186547,-7.39557098644699E-32,-0.707106781186548));
#1400=DIRECTION('',(0.,-1.,0.));
#1401=DIRECTION('',(1.,0.,0.));
#1402=DIRECTION('',(1.94289029309403E-16,-1.,0.));
#1403=DIRECTION('',(0.,-1.,0.));
#1404=DIRECTION('',(1.,0.,0.));
#1405=DIRECTION('',(0.,0.,1.));
#1406=DIRECTION('',(5.66553889764798E-16,1.,0.));
#1407=DIRECTION('',(1.48029736616688E-15,-1.,0.));
#1408=DIRECTION('',(0.,0.,1.));
#1409=DIRECTION('',(0.,0.,-1.));
#1410=DIRECTION('',(1.60812264967664E-16,-1.,0.));
#1411=DIRECTION('',(0.,0.,1.));
#1412=DIRECTION('',(0.,-1.,0.));
#1413=DIRECTION('',(0.,0.,-1.));
#1414=DIRECTION('',(1.,0.,0.));
#1415=DIRECTION('',(0.,0.,-1.));
#1416=DIRECTION('',(1.,0.,0.));
#1417=DIRECTION('',(0.,0.,-1.));
#1418=DIRECTION('',(1.,0.,0.));
#1419=DIRECTION('',(0.,0.,-1.));
#1420=DIRECTION('',(8.26946079742757E-16,1.,0.));
#1421=DIRECTION('',(5.55111512312579E-16,1.,0.));
#1422=DIRECTION('',(-2.7755575615629E-16,-1.,-2.77555756156289E-16));
#1423=DIRECTION('',(0.707106781186546,2.95822839457879E-31,-0.707106781186549));
#1424=DIRECTION('',(5.92118946466762E-15,1.,0.));
#1425=DIRECTION('',(-1.,5.92118946466762E-15,0.));
#1426=DIRECTION('',(0.,0.,1.));
#1427=DIRECTION('',(0.,-1.,0.));
#1428=DIRECTION('',(0.,0.,1.));
#1429=DIRECTION('',(1.,0.,0.));
#1430=DIRECTION('',(1.0019556927468E-14,-1.,2.33332122584391E-12));
#1431=DIRECTION('',(0.,-2.33332122584391E-12,-1.));
#1432=DIRECTION('',(0.,0.,1.));
#1433=DIRECTION('',(1.,0.,0.));
#1434=DIRECTION('',(-5.50309123197538E-7,-0.996376344336248,0.085053985484701));
#1435=DIRECTION('',(0.,-0.0850539854847139,-0.996376344336399));
#1436=DIRECTION('',(0.,0.,1.));
#1437=DIRECTION('',(1.,0.,0.));
#1438=DIRECTION('',(1.27825296756092E-6,-0.996376344334241,-0.0850539855003914));
#1439=DIRECTION('',(0.,0.0850539855004609,-0.996376344335055));
#1440=DIRECTION('',(0.,1.,0.));
#1441=DIRECTION('',(0.,0.,1.));
#1442=DIRECTION('',(0.,1.,0.));
#1443=DIRECTION('',(0.641547195792122,0.,-0.76708356492058));
#1444=DIRECTION('',(-0.76708356492058,0.,-0.641547195792122));
#1445=CARTESIAN_POINT('',(0.,0.,0.));
#1446=CARTESIAN_POINT('',(-0.186903832399158,0.14078965877985,0.0327599752885082));
#1447=CARTESIAN_POINT('',(-0.186903371127811,0.141276837205346,0.0327180926757585));
#1448=CARTESIAN_POINT('',(-0.186857456331655,0.141764767142052,0.0326839019275362));
#1449=CARTESIAN_POINT('',(-0.18662148333493,0.143009992190787,0.032615964159318));
#1450=CARTESIAN_POINT('',(-0.1863609189189,0.14375273404286,0.0325951292520441));
#1451=CARTESIAN_POINT('',(-0.185525839541135,0.145320439343279,0.032584421996216));
#1452=CARTESIAN_POINT('',(-0.18488027392282,0.146101797530121,0.0326053664867681));
#1453=CARTESIAN_POINT('',(-0.183207936735315,0.147439502963747,0.032662801436195));
#1454=CARTESIAN_POINT('',(-0.182133100996346,0.147925748495673,0.0326992372136747));
#1455=CARTESIAN_POINT('',(-0.179859900809029,0.148314152704374,0.0327277435478227));
#1456=CARTESIAN_POINT('',(-0.178661343970573,0.148198548008933,0.0327174759746718));
#1457=CARTESIAN_POINT('',(-0.176400939609392,0.147348066204015,0.0326611796120095));
#1458=CARTESIAN_POINT('',(-0.175352914101079,0.146580111240094,0.0326152461382637));
#1459=CARTESIAN_POINT('',(-0.173706222613024,0.144517960877538,0.032577594522237));
#1460=CARTESIAN_POINT('',(-0.173146874466294,0.143193035367007,0.0325951358393372));
#1461=CARTESIAN_POINT('',(-0.172919200039458,0.141474425176862,0.0327049068361146));
#1462=CARTESIAN_POINT('',(-0.172897075657482,0.141132057626374,0.0327309194727878));
#1463=CARTESIAN_POINT('',(-0.172897231506864,0.140790037040831,0.0327606344639191));
#1464=CARTESIAN_POINT('',(-0.172897266792046,0.140712601646268,0.0327673621059383));
#1465=CARTESIAN_POINT('',(-0.172897302077227,0.140635166251704,0.0327740897479574));
#1466=CARTESIAN_POINT('',(-0.172897337362408,0.14055773085714,0.0327808173899765));
#1467=CARTESIAN_POINT('',(-0.186623888619761,0.140794525048875,0.0328164532931105));
#1468=CARTESIAN_POINT('',(-0.186624627072275,0.141262817676626,0.0327760091483835));
#1469=CARTESIAN_POINT('',(-0.186581257031098,0.141731968536936,0.0327427077442761));
#1470=CARTESIAN_POINT('',(-0.186355345356834,0.142929085509876,0.0326757151621329));
#1471=CARTESIAN_POINT('',(-0.18610435754849,0.143642907924854,0.0326540982825893));
#1472=CARTESIAN_POINT('',(-0.185299557405954,0.1451478015336,0.0326393447518356));
#1473=CARTESIAN_POINT('',(-0.184677308154914,0.145896333915142,0.0326563376762689));
#1474=CARTESIAN_POINT('',(-0.183069360272739,0.147175270568467,0.0327050619494612));
#1475=CARTESIAN_POINT('',(-0.182038422906528,0.147638307182421,0.0327369056422614));
#1476=CARTESIAN_POINT('',(-0.179861356722254,0.148008115536816,0.0327617521037026));
#1477=CARTESIAN_POINT('',(-0.178714558534811,0.147898307183421,0.0327527554919671));
#1478=CARTESIAN_POINT('',(-0.176547331035793,0.147087637773243,0.0327038459706493));
#1479=CARTESIAN_POINT('',(-0.175539570303496,0.146354540832813,0.0326639633037093));
#1480=CARTESIAN_POINT('',(-0.173953410538088,0.144378324548498,0.0326355293136684));
#1481=CARTESIAN_POINT('',(-0.173413524096496,0.143105112099685,0.03265577439001));
#1482=CARTESIAN_POINT('',(-0.173196793305318,0.141452813495491,0.0327631358491558));
#1483=CARTESIAN_POINT('',(-0.173176201042664,0.141123665580794,0.0327883880405325));
#1484=CARTESIAN_POINT('',(-0.173177219590238,0.140794919719962,0.0328170755080152));
#1485=CARTESIAN_POINT('',(-0.173177450195168,0.140720489798136,0.0328235705128701));
#1486=CARTESIAN_POINT('',(-0.173177680800099,0.14064605987631,0.0328300655177249));
#1487=CARTESIAN_POINT('',(-0.173177911405029,0.140571629954484,0.0328365605225798));
#1488=CARTESIAN_POINT('',(-0.186083697011391,0.140812574117385,0.0330259311023269));
#1489=CARTESIAN_POINT('',(-0.186086683230983,0.14124323221559,0.0329875144444685));
#1490=CARTESIAN_POINT('',(-0.186048190230682,0.14167498407718,0.0329554866082601));
#1491=CARTESIAN_POINT('',(-0.185841694191781,0.142776360146849,0.0328899409348827));
#1492=CARTESIAN_POINT('',(-0.185609275113729,0.143432698695234,0.0328673561099037));
#1493=CARTESIAN_POINT('',(-0.184863175113531,0.144812883391637,0.032847277817033));
#1494=CARTESIAN_POINT('',(-0.184286108607671,0.145496354764606,0.0328589568146154));
#1495=CARTESIAN_POINT('',(-0.182802558110312,0.146658919674728,0.03289582612369));
#1496=CARTESIAN_POINT('',(-0.181856216066768,0.147076073367251,0.0329213334493119));
#1497=CARTESIAN_POINT('',(-0.179864175448782,0.147409117125505,0.0329411203525056));
#1498=CARTESIAN_POINT('',(-0.178816920060002,0.147310759998554,0.0329338917816253));
#1499=CARTESIAN_POINT('',(-0.176829197083339,0.146578829630185,0.0328951554622127));
#1500=CARTESIAN_POINT('',(-0.175899222918789,0.145914700606219,0.0328635441296891));
#1501=CARTESIAN_POINT('',(-0.174430278222503,0.144108873548976,0.0328474893575431));
#1502=CARTESIAN_POINT('',(-0.173928210439211,0.142938385962907,0.032871233780838));
#1503=CARTESIAN_POINT('',(-0.173732527338984,0.141418110030413,0.0329750913394049));
#1504=CARTESIAN_POINT('',(-0.173714857134166,0.141115294936378,0.0329992645169552));
#1505=CARTESIAN_POINT('',(-0.173717490315593,0.140813002677934,0.0330265055761045));
#1506=CARTESIAN_POINT('',(-0.173718086482758,0.140744562001274,0.0330326731059338));
#1507=CARTESIAN_POINT('',(-0.173718682649924,0.140676121324614,0.0330388406357631));
#1508=CARTESIAN_POINT('',(-0.173719278817088,0.140607680647954,0.0330450081655924));
#1509=CARTESIAN_POINT('',(-0.185426478869705,0.140861452062154,0.0335932093961416));
#1510=CARTESIAN_POINT('',(-0.185431202575202,0.14124264426229,0.0335552399268828));
#1511=CARTESIAN_POINT('',(-0.185398068228485,0.141625134626935,0.0335235820899155));
#1512=CARTESIAN_POINT('',(-0.185214771001185,0.142600639042166,0.0334588235203456));
#1513=CARTESIAN_POINT('',(-0.185005763519286,0.143181679050293,0.0334365510439926));
#1514=CARTESIAN_POINT('',(-0.184333959906143,0.144400301105526,0.0334168089117773));
#1515=CARTESIAN_POINT('',(-0.183814112556717,0.145000979168824,0.0334283755758425));
#1516=CARTESIAN_POINT('',(-0.182484054268813,0.146017843032707,0.0334646109445957));
#1517=CARTESIAN_POINT('',(-0.181639693255925,0.146379201502525,0.0334895524856744));
#1518=CARTESIAN_POINT('',(-0.179867737594059,0.146667588365124,0.0335088706994673));
#1519=CARTESIAN_POINT('',(-0.178937952301731,0.146582924554934,0.0335018316880971));
#1520=CARTESIAN_POINT('',(-0.177165853690885,0.145947386013636,0.0334639475885536));
#1521=CARTESIAN_POINT('',(-0.176331932369482,0.145368608515476,0.0334328945437247));
#1522=CARTESIAN_POINT('',(-0.175010390352196,0.143780273311962,0.0334169998019006));
#1523=CARTESIAN_POINT('',(-0.174557040412286,0.142744170683118,0.0334403241616419));
#1524=CARTESIAN_POINT('',(-0.174385517562261,0.141397598929889,0.0335429595816129));
#1525=CARTESIAN_POINT('',(-0.174370865096025,0.141129435417875,0.0335668575156132));
#1526=CARTESIAN_POINT('',(-0.174374727100131,0.140861899777537,0.0335937843992713));
#1527=CARTESIAN_POINT('',(-0.174375601479698,0.140801328195751,0.0335998807979929));
#1528=CARTESIAN_POINT('',(-0.174376475859267,0.140740756613966,0.0336059771967143));
#1529=CARTESIAN_POINT('',(-0.174377350238834,0.14068018503218,0.0336120735954359));
#1530=CARTESIAN_POINT('',(-0.184998861251887,0.140926448749521,0.0343475621024016));
#1531=CARTESIAN_POINT('',(-0.185002841316088,0.141270968107621,0.0343079483105796));
#1532=CARTESIAN_POINT('',(-0.184972097056681,0.141616653965595,0.0342754197000492));
#1533=CARTESIAN_POINT('',(-0.184803022590066,0.14249839265426,0.0342103214012274));
#1534=CARTESIAN_POINT('',(-0.184610706653533,0.143023692369427,0.0341897606404984));
#1535=CARTESIAN_POINT('',(-0.183992458468822,0.14412592452002,0.0341770128312815));
#1536=CARTESIAN_POINT('',(-0.183513953521035,0.144669675104416,0.0341947847251256));
#1537=CARTESIAN_POINT('',(-0.182287743731705,0.145590930282744,0.0342442841262927));
#1538=CARTESIAN_POINT('',(-0.181508081320082,0.145918880581383,0.0342759767593873));
#1539=CARTESIAN_POINT('',(-0.17987029891708,0.146180630926288,0.0343006665099492));
#1540=CARTESIAN_POINT('',(-0.179010388910835,0.146103701678778,0.0342917868062422));
#1541=CARTESIAN_POINT('',(-0.177373665528992,0.145527160292555,0.0342429753204164));
#1542=CARTESIAN_POINT('',(-0.176604870738908,0.14500246893097,0.0342028568490805));
#1543=CARTESIAN_POINT('',(-0.175387997494601,0.143564868394647,0.0341723102813104));
#1544=CARTESIAN_POINT('',(-0.174971236946983,0.1426280822865,0.0341907100495408));
#1545=CARTESIAN_POINT('',(-0.174812638531644,0.141411011705562,0.0342953821392059));
#1546=CARTESIAN_POINT('',(-0.174798933384055,0.141168650298121,0.0343200850183119));
#1547=CARTESIAN_POINT('',(-0.174802213727641,0.140926852198866,0.0343481922340872));
#1548=CARTESIAN_POINT('',(-0.174802956415978,0.140872107741918,0.0343545558666744));
#1549=CARTESIAN_POINT('',(-0.174803699104316,0.14081736328497,0.0343609194992616));
#1550=CARTESIAN_POINT('',(-0.174804441792653,0.140762618828022,0.0343672831318488));
#1551=CARTESIAN_POINT('',(-0.1849,0.140975480719536,0.0349166280159589));
#1552=CARTESIAN_POINT('',(-0.184901609510672,0.141306966515381,0.0348751443629521));
#1553=CARTESIAN_POINT('',(-0.184870123807814,0.141639229146626,0.0348415765192324));
#1554=CARTESIAN_POINT('',(-0.184703290980196,0.142487000993002,0.0347758328839964));
#1555=CARTESIAN_POINT('',(-0.184516526826974,0.142992424987057,0.0347569267084867));
#1556=CARTESIAN_POINT('',(-0.183916723330426,0.144056572665912,0.0347512951664379));
#1557=CARTESIAN_POINT('',(-0.183452553479225,0.144584671840936,0.0347755375268956));
#1558=CARTESIAN_POINT('',(-0.182254953226856,0.145484881845208,0.0348390344292038));
#1559=CARTESIAN_POINT('',(-0.181488323165625,0.145809307660765,0.034877955183625));
#1560=CARTESIAN_POINT('',(-0.179871169022938,0.146068372316253,0.0349084050961883));
#1561=CARTESIAN_POINT('',(-0.179019872301076,0.145991657565169,0.0348975387673357));
#1562=CARTESIAN_POINT('',(-0.177408765567365,0.145423025028168,0.0348370539961705));
#1563=CARTESIAN_POINT('',(-0.176658051412852,0.144907927216159,0.0347873185615047));
#1564=CARTESIAN_POINT('',(-0.175475551610697,0.143513137286477,0.0347415302882478));
#1565=CARTESIAN_POINT('',(-0.175072950546738,0.142611645171367,0.0347549928634417));
#1566=CARTESIAN_POINT('',(-0.174914033410433,0.14144154080098,0.0348622292646728));
#1567=CARTESIAN_POINT('',(-0.174899351353407,0.141208484060579,0.0348878677798663));
#1568=CARTESIAN_POINT('',(-0.17490087741037,0.140975796122807,0.0349173144136674));
#1569=CARTESIAN_POINT('',(-0.174901222918296,0.140923114257934,0.0349239812980696));
#1570=CARTESIAN_POINT('',(-0.174901568426222,0.14087043239306,0.0349306481824717));
#1571=CARTESIAN_POINT('',(-0.174901913934148,0.140817750528186,0.0349373150668738));
#1572=CARTESIAN_POINT('',(-0.1849,0.141,0.0352011992198551));
#1573=CARTESIAN_POINT('',(-0.1849,0.14132821327584,0.0351587798538827));
#1574=CARTESIAN_POINT('',(-0.184867565092253,0.141656930120628,0.0351246919322548));
#1575=CARTESIAN_POINT('',(-0.184699963259703,0.142495827074283,0.0350586251862579));
#1576=CARTESIAN_POINT('',(-0.184514439030334,0.142996198233547,0.0350405467826637));
#1577=CARTESIAN_POINT('',(-0.183919070662816,0.144052318115244,0.0350384757656727));
#1578=CARTESIAN_POINT('',(-0.183458387421632,0.144578686789837,0.0350659556901819));
#1579=CARTESIAN_POINT('',(-0.18226412781064,0.145479833776358,0.0351364566988122));
#1580=CARTESIAN_POINT('',(-0.181496082889399,0.145807386672933,0.0351789944808995));
#1581=CARTESIAN_POINT('',(-0.179871369296257,0.146069030251044,0.0352123268665763));
#1582=CARTESIAN_POINT('',(-0.179014593451399,0.145991155444402,0.035200466372165));
#1583=CARTESIAN_POINT('',(-0.1773993399168,0.145418236278391,0.0351341402090688));
#1584=CARTESIAN_POINT('',(-0.17665081223839,0.144900908027484,0.0350795925423128));
#1585=CARTESIAN_POINT('',(-0.175475739173333,0.143511715639184,0.0350261779245449));
#1586=CARTESIAN_POINT('',(-0.175077315695032,0.14261914562353,0.0350371703466139));
#1587=CARTESIAN_POINT('',(-0.174915973234658,0.141461327431706,0.0351456901336285));
#1588=CARTESIAN_POINT('',(-0.174900414565109,0.141230674805423,0.0351717968647608));
#1589=CARTESIAN_POINT('',(-0.174900754973325,0.141000254619829,0.0352019137634572));
#1590=CARTESIAN_POINT('',(-0.17490083204367,0.140948086186871,0.0352087323996217));
#1591=CARTESIAN_POINT('',(-0.174900909114015,0.140895917753914,0.0352155510357862));
#1592=CARTESIAN_POINT('',(-0.17490098618436,0.140843749320956,0.0352223696719507));
#1593=CARTESIAN_POINT('',(-0.186903832399158,0.14078965877985,0.0327599752885082));
#1594=CARTESIAN_POINT('',(-0.186343944840364,0.1407993913179,0.0328729312977128));
#1595=CARTESIAN_POINT('',(-0.185307518827185,0.140853100660021,0.0334962828748772));
#1596=CARTESIAN_POINT('',(-0.1849,0.140950961439073,0.0346320568120627));
#1597=CARTESIAN_POINT('',(-0.1849,0.141,0.0352011992198551));
#1598=CARTESIAN_POINT('',(-0.186903832399158,0.14078965877985,0.0327599752885082));
#1599=CARTESIAN_POINT('',(-0.1849,0.141000000000529,0.035201199219499));
#1600=CARTESIAN_POINT('',(-0.174900000000637,0.141000079811033,0.0352011889049785));
#1601=CARTESIAN_POINT('',(-0.174900020822532,0.142304529469692,0.0350326029068457));
#1602=CARTESIAN_POINT('',(-0.175980666534752,0.144917353450468,0.0350179817335616));
#1603=CARTESIAN_POINT('',(-0.179900100885889,0.146541339696679,0.0352955939721817));
#1604=CARTESIAN_POINT('',(-0.183819193586002,0.144917287761657,0.0350181946566974));
#1605=CARTESIAN_POINT('',(-0.1849,0.142304853859246,0.0350325556046504));
#1606=CARTESIAN_POINT('',(-0.1849,0.141,0.0352011992198551));
#1607=CARTESIAN_POINT('',(-0.17490037748666,0.141000127311578,0.0352015564914388));
#1608=CARTESIAN_POINT('',(-0.174900755103352,0.141000223216634,0.0352015483556323));
#1609=CARTESIAN_POINT('',(-0.174900915299733,0.140951311433929,0.0346324106288982));
#1610=CARTESIAN_POINT('',(-0.17449360715511,0.140853570573012,0.0334967047654912));
#1611=CARTESIAN_POINT('',(-0.173457147759067,0.140799801354249,0.0328735044743135));
#1612=CARTESIAN_POINT('',(-0.172897231506864,0.140790037040831,0.0327606344639191));
#1613=CARTESIAN_POINT('',(-0.172896167600842,0.140789658779861,0.0327599752885073));
#1614=CARTESIAN_POINT('',(-0.179900000719925,0.148210810422952,0.0327203437000974));
#1615=CARTESIAN_POINT('',(-0.178980637396029,0.148210050815026,0.0327204327115513));
#1616=CARTESIAN_POINT('',(-0.177153739169167,0.147824638666323,0.0326886659970911));
#1617=CARTESIAN_POINT('',(-0.174821181230988,0.146174935288278,0.0325954570723663));
#1618=CARTESIAN_POINT('',(-0.173265788274582,0.143693203803497,0.0325748915521043));
#1619=CARTESIAN_POINT('',(-0.172896771661581,0.141770378090622,0.032675526851388));
#1620=CARTESIAN_POINT('',(-0.172897337557605,0.140789674030979,0.0327601409353465));
#1621=CARTESIAN_POINT('',(-0.1799,0.148211678863536,0.032720319004646));
#1622=CARTESIAN_POINT('',(-0.186903816310949,0.14078965195957,0.0327598961321988));
#1623=CARTESIAN_POINT('',(-0.186902884076163,0.14177424917044,0.0326752505637831));
#1624=CARTESIAN_POINT('',(-0.186537110008759,0.143693213679963,0.0325742589586025));
#1625=CARTESIAN_POINT('',(-0.184978749003968,0.146175690833574,0.0325955673860506));
#1626=CARTESIAN_POINT('',(-0.182642229459078,0.147822632843549,0.032688898302724));
#1627=CARTESIAN_POINT('',(-0.180826848485848,0.14821157616757,0.032720253960279));
#1628=CARTESIAN_POINT('',(-0.179900001061996,0.148210810423234,0.0327203437000643));
#1629=CARTESIAN_POINT('',(-0.192857310070726,0.158499988122993,-0.0329817437535548));
#1630=CARTESIAN_POINT('',(-0.179900000781861,0.158499988122993,-0.0355591250776821));
#1631=CARTESIAN_POINT('',(-0.16694268680183,0.158499988122993,-0.0329817673376415));
#1632=CARTESIAN_POINT('',(-0.155958001725748,0.158499988122993,-0.0256420498855478));
#1633=CARTESIAN_POINT('',(-0.148618264280031,0.158499988122993,-0.014657378168778));
#1634=CARTESIAN_POINT('',(-0.146040882955904,0.158499988122993,-0.00170006887991322));
#1635=CARTESIAN_POINT('',(-0.148618240695944,0.158499988122993,0.0112572451001181));
#1636=CARTESIAN_POINT('',(-0.155957958148038,0.158499988122993,0.0222419301761999));
#1637=CARTESIAN_POINT('',(-0.166942629864808,0.158499988122993,0.0295816676219169));
#1638=CARTESIAN_POINT('',(-0.179899939153673,0.158499988122993,0.0321590489460443));
#1639=CARTESIAN_POINT('',(-0.192857253133704,0.158499988122993,0.0295816912060037));
#1640=CARTESIAN_POINT('',(-0.203841938209786,0.158499988122993,0.02224197375391));
#1641=CARTESIAN_POINT('',(-0.211181675655503,0.158499988122993,0.0112573020371402));
#1642=CARTESIAN_POINT('',(-0.21375905697963,0.158499988122993,-0.00170000725172461));
#1643=CARTESIAN_POINT('',(-0.21118169923959,0.158499988122993,-0.0146573212317559));
#1644=CARTESIAN_POINT('',(-0.203841981787496,0.158499988122993,-0.0256420063078378));
#1645=CARTESIAN_POINT('',(-0.192857310070726,0.158499988122993,-0.0329817437535548));
#1646=CARTESIAN_POINT('',(-0.179900000781861,0.158499988122993,-0.0355591250776821));
#1647=CARTESIAN_POINT('',(-0.16694268680183,0.158499988122993,-0.0329817673376415));
#1648=CARTESIAN_POINT('',(-0.194427894025514,0.133499996040998,-0.0367734688380501));
#1649=CARTESIAN_POINT('',(-0.179900000781861,0.133499996040998,-0.0396632587347928));
#1650=CARTESIAN_POINT('',(-0.165372102847042,0.133499996040998,-0.0367734924221367));
#1651=CARTESIAN_POINT('',(-0.153055940985909,0.133499996040998,-0.0285441106253867));
#1652=CARTESIAN_POINT('',(-0.144826539195536,0.133499996040998,-0.0162279621235661));
#1653=CARTESIAN_POINT('',(-0.141936749298793,0.133499996040998,-0.00170006887991316));
#1654=CARTESIAN_POINT('',(-0.144826515611449,0.133499996040998,0.0128278290549064));
#1655=CARTESIAN_POINT('',(-0.153055897408199,0.133499996040998,0.0251439909160389));
#1656=CARTESIAN_POINT('',(-0.16537204591002,0.133499996040998,0.0333733927064122));
#1657=CARTESIAN_POINT('',(-0.179899939153673,0.133499996040998,0.0362631826031551));
#1658=CARTESIAN_POINT('',(-0.194427837088492,0.133499996040998,0.0333734162904989));
#1659=CARTESIAN_POINT('',(-0.206743998949625,0.133499996040998,0.0251440344937489));
#1660=CARTESIAN_POINT('',(-0.214973400739998,0.133499996040998,0.0128278859919284));
#1661=CARTESIAN_POINT('',(-0.217863190636741,0.133499996040998,-0.00170000725172464));
#1662=CARTESIAN_POINT('',(-0.214973424324085,0.133499996040998,-0.0162279051865442));
#1663=CARTESIAN_POINT('',(-0.206744042527335,0.133499996040998,-0.0285440670476767));
#1664=CARTESIAN_POINT('',(-0.194427894025514,0.133499996040998,-0.0367734688380501));
#1665=CARTESIAN_POINT('',(-0.179900000781861,0.133499996040998,-0.0396632587347928));
#1666=CARTESIAN_POINT('',(-0.165372102847042,0.133499996040998,-0.0367734924221367));
#1667=CARTESIAN_POINT('',(-0.194427894025514,0.108500003959002,-0.0367734688380501));
#1668=CARTESIAN_POINT('',(-0.179900000781861,0.108500003959002,-0.0396632587347929));
#1669=CARTESIAN_POINT('',(-0.165372102847042,0.108500003959002,-0.0367734924221368));
#1670=CARTESIAN_POINT('',(-0.153055940985909,0.108500003959002,-0.0285441106253867));
#1671=CARTESIAN_POINT('',(-0.144826539195536,0.108500003959002,-0.0162279621235662));
#1672=CARTESIAN_POINT('',(-0.141936749298793,0.108500003959002,-0.00170006887991317));
#1673=CARTESIAN_POINT('',(-0.144826515611449,0.108500003959002,0.0128278290549064));
#1674=CARTESIAN_POINT('',(-0.153055897408199,0.108500003959002,0.0251439909160389));
#1675=CARTESIAN_POINT('',(-0.16537204591002,0.108500003959002,0.0333733927064122));
#1676=CARTESIAN_POINT('',(-0.179899939153673,0.108500003959002,0.036263182603155));
#1677=CARTESIAN_POINT('',(-0.194427837088492,0.108500003959002,0.0333734162904989));
#1678=CARTESIAN_POINT('',(-0.206743998949625,0.108500003959002,0.0251440344937489));
#1679=CARTESIAN_POINT('',(-0.214973400739998,0.108500003959002,0.0128278859919283));
#1680=CARTESIAN_POINT('',(-0.217863190636741,0.108500003959002,-0.00170000725172466));
#1681=CARTESIAN_POINT('',(-0.214973424324085,0.108500003959002,-0.0162279051865442));
#1682=CARTESIAN_POINT('',(-0.206744042527335,0.108500003959002,-0.0285440670476767));
#1683=CARTESIAN_POINT('',(-0.194427894025514,0.108500003959002,-0.0367734688380501));
#1684=CARTESIAN_POINT('',(-0.179900000781861,0.108500003959002,-0.0396632587347929));
#1685=CARTESIAN_POINT('',(-0.165372102847042,0.108500003959002,-0.0367734924221368));
#1686=CARTESIAN_POINT('',(-0.192857310070726,0.0835000118770068,-0.0329817437535548));
#1687=CARTESIAN_POINT('',(-0.179900000781861,0.0835000118770068,-0.0355591250776821));
#1688=CARTESIAN_POINT('',(-0.16694268680183,0.0835000118770068,-0.0329817673376414));
#1689=CARTESIAN_POINT('',(-0.155958001725748,0.0835000118770068,-0.0256420498855478));
#1690=CARTESIAN_POINT('',(-0.148618264280031,0.0835000118770068,-0.014657378168778));
#1691=CARTESIAN_POINT('',(-0.146040882955904,0.0835000118770068,-0.00170006887991319));
#1692=CARTESIAN_POINT('',(-0.148618240695945,0.0835000118770068,0.0112572451001181));
#1693=CARTESIAN_POINT('',(-0.155957958148038,0.0835000118770068,0.0222419301761999));
#1694=CARTESIAN_POINT('',(-0.166942629864808,0.0835000118770068,0.0295816676219169));
#1695=CARTESIAN_POINT('',(-0.179899939153673,0.0835000118770068,0.0321590489460443));
#1696=CARTESIAN_POINT('',(-0.192857253133704,0.0835000118770068,0.0295816912060036));
#1697=CARTESIAN_POINT('',(-0.203841938209786,0.0835000118770068,0.02224197375391));
#1698=CARTESIAN_POINT('',(-0.211181675655503,0.0835000118770068,0.0112573020371402));
#1699=CARTESIAN_POINT('',(-0.21375905697963,0.0835000118770069,-0.00170000725172461));
#1700=CARTESIAN_POINT('',(-0.21118169923959,0.0835000118770068,-0.0146573212317559));
#1701=CARTESIAN_POINT('',(-0.203841981787496,0.0835000118770068,-0.0256420063078377));
#1702=CARTESIAN_POINT('',(-0.192857310070726,0.0835000118770068,-0.0329817437535548));
#1703=CARTESIAN_POINT('',(-0.179900000781861,0.0835000118770068,-0.0355591250776821));
#1704=CARTESIAN_POINT('',(-0.16694268680183,0.0835000118770068,-0.0329817673376414));
#1705=CARTESIAN_POINT('',(-0.145308334118828,0.113499998207585,-0.0112286421436348));
#1706=CARTESIAN_POINT('',(-0.145149312553311,0.118499999402528,-0.0112538286852887));
#1707=CARTESIAN_POINT('',(-0.145149312553311,0.123500000597472,-0.0112538286852887));
#1708=CARTESIAN_POINT('',(-0.145308334118828,0.128500001792415,-0.0112286421436348));
#1709=CARTESIAN_POINT('',(-0.145308334118828,0.128500001792414,-0.0112286421436346));
#1710=CARTESIAN_POINT('',(-0.145308334118828,0.113499998207586,-0.0112286421436346));
#1711=CARTESIAN_POINT('',(-0.144056911340113,0.113499999933594,-0.00332712703374685));
#1712=CARTESIAN_POINT('',(-0.144065012538878,0.113245279655469,-0.00332584393419603));
#1713=CARTESIAN_POINT('',(-0.144079667599204,0.112854481984515,-0.00336210537285352));
#1714=CARTESIAN_POINT('',(-0.144103758386511,0.11234938947789,-0.00348291114552639));
#1715=CARTESIAN_POINT('',(-0.144126651829972,0.111946340752553,-0.00362791827205966));
#1716=CARTESIAN_POINT('',(-0.144144584998158,0.111669181220525,-0.00375724761181501));
#1717=CARTESIAN_POINT('',(-0.144169336772298,0.11133401247269,-0.00394646607036946));
#1718=CARTESIAN_POINT('',(-0.144193645956631,0.111059757384532,-0.00414020190371611));
#1719=CARTESIAN_POINT('',(-0.144214491941037,0.110859448345849,-0.00430877517076129));
#1720=CARTESIAN_POINT('',(-0.144225910127568,0.110756888589053,-0.00440153569924432));
#1721=CARTESIAN_POINT('',(-0.144238743451368,0.110649852774625,-0.00450612412233679));
#1722=CARTESIAN_POINT('',(-0.144237432085444,0.110660994727086,-0.00449553712265565));
#1723=CARTESIAN_POINT('',(-0.144243731468133,0.11060965790554,-0.00454726829863643));
#1724=CARTESIAN_POINT('',(-0.144254322229778,0.110526716230684,-0.00463416979691419));
#1725=CARTESIAN_POINT('',(-0.144273417060679,0.11039348954224,-0.00478880067507731));
#1726=CARTESIAN_POINT('',(-0.14429231543732,0.110275937977352,-0.0049401594878078));
#1727=CARTESIAN_POINT('',(-0.144312742024492,0.110162522094652,-0.00510229246175973));
#1728=CARTESIAN_POINT('',(-0.144322733605972,0.110112344451784,-0.00518087913001973));
#1729=CARTESIAN_POINT('',(-0.144339417198014,0.110032101571921,-0.00531124829289553));
#1730=CARTESIAN_POINT('',(-0.144358245924035,0.109951524558547,-0.0054565048428127));
#1731=CARTESIAN_POINT('',(-0.144381034874647,0.109866555593644,-0.00562947207490906));
#1732=CARTESIAN_POINT('',(-0.14439885793072,0.10980697238226,-0.0057630712927572));
#1733=CARTESIAN_POINT('',(-0.144427472875965,0.109724818976385,-0.00597328244773384));
#1734=CARTESIAN_POINT('',(-0.144462807916199,0.109642563704738,-0.00622674726626327));
#1735=CARTESIAN_POINT('',(-0.144528082934708,0.109531727641907,-0.00668137772935433));
#1736=CARTESIAN_POINT('',(-0.144620860941434,0.10947859043613,-0.00729067077275495));
#1737=CARTESIAN_POINT('',(-0.144720776278002,0.109532505777487,-0.00789773617786338));
#1738=CARTESIAN_POINT('',(-0.144799176313009,0.109643864080342,-0.00835009300940347));
#1739=CARTESIAN_POINT('',(-0.144843876166023,0.109726394239256,-0.00860188700044788));
#1740=CARTESIAN_POINT('',(-0.144881636808012,0.109808857469568,-0.00881068383455501));
#1741=CARTESIAN_POINT('',(-0.144905875838169,0.109868387769651,-0.00894270209761959));
#1742=CARTESIAN_POINT('',(-0.144937597017918,0.10995341083769,-0.00911391728405229));
#1743=CARTESIAN_POINT('',(-0.144964554313825,0.110034112782981,-0.009257740388676));
#1744=CARTESIAN_POINT('',(-0.144988915074571,0.110114311864824,-0.00938656154974066));
#1745=CARTESIAN_POINT('',(-0.145003786170615,0.110164931888497,-0.00946484635269131));
#1746=CARTESIAN_POINT('',(-0.145034054408152,0.110277031921741,-0.0096232147098492));
#1747=CARTESIAN_POINT('',(-0.145062626521078,0.110393699390787,-0.00977182693087797));
#1748=CARTESIAN_POINT('',(-0.14509208140245,0.110526149439137,-0.00992393389713869));
#1749=CARTESIAN_POINT('',(-0.145108962494221,0.110609542424797,-0.0100103839353429));
#1750=CARTESIAN_POINT('',(-0.145119107961135,0.110661679632933,-0.0100623112994592));
#1751=CARTESIAN_POINT('',(-0.145117386752426,0.110652102136489,-0.0100533950147889));
#1752=CARTESIAN_POINT('',(-0.145137381193065,0.110758657321655,-0.0101562201594079));
#1753=CARTESIAN_POINT('',(-0.145155177355951,0.110861285421847,-0.0102479297510995));
#1754=CARTESIAN_POINT('',(-0.14518736517621,0.11106137621004,-0.0104143068495924));
#1755=CARTESIAN_POINT('',(-0.145224055766457,0.111335502716207,-0.010605803606972));
#1756=CARTESIAN_POINT('',(-0.145258923561544,0.111670454184827,-0.0107931181226344));
#1757=CARTESIAN_POINT('',(-0.145281803462259,0.111947617667332,-0.010921542991007));
#1758=CARTESIAN_POINT('',(-0.145304784930855,0.112350295201227,-0.011066258935985));
#1759=CARTESIAN_POINT('',(-0.145319167795554,0.112854998329678,-0.0111884068046737));
#1760=CARTESIAN_POINT('',(-0.145316429041952,0.113245474378989,-0.0112273599182912));
#1761=CARTESIAN_POINT('',(-0.145308334118828,0.113499998207587,-0.0112286421436344));
#1762=CARTESIAN_POINT('',(-0.144056911340113,0.113499999933594,-0.00332712703374686));
#1763=CARTESIAN_POINT('',(-0.144056915526389,0.113500000067693,-0.00332712684371167));
#1764=CARTESIAN_POINT('',(-0.143897894100682,0.118499999976836,-0.00335231336322192));
#1765=CARTESIAN_POINT('',(-0.143897898249655,0.123500000252757,-0.00335231223308347));
#1766=CARTESIAN_POINT('',(-0.144056919678673,0.128500000070063,-0.00332712571304878));
#1767=CARTESIAN_POINT('',(-0.144056911340113,0.128500000066406,-0.00332712703374685));
#1768=CARTESIAN_POINT('',(-0.145308334118828,0.128500001792413,-0.0112286421436344));
#1769=CARTESIAN_POINT('',(-0.145316435260163,0.128754721136495,-0.0112273589333347));
#1770=CARTESIAN_POINT('',(-0.145319168064784,0.129145518658361,-0.0111883433542304));
#1771=CARTESIAN_POINT('',(-0.145304750330713,0.129650610129664,-0.0110660061287079));
#1772=CARTESIAN_POINT('',(-0.145281714964465,0.1300536642524,-0.0109210188280932));
#1773=CARTESIAN_POINT('',(-0.145258808322633,0.130330808615573,-0.0107924845539104));
#1774=CARTESIAN_POINT('',(-0.145223879552173,0.130665977773896,-0.0106048790448161));
#1775=CARTESIAN_POINT('',(-0.145187134372266,0.130940231927705,-0.010413115947408));
#1776=CARTESIAN_POINT('',(-0.14515486847518,0.13114055157331,-0.0102463419162827));
#1777=CARTESIAN_POINT('',(-0.145137065959112,0.131243103856404,-0.0101546005959828));
#1778=CARTESIAN_POINT('',(-0.14511694642165,0.131350173585909,-0.0100511316694422));
#1779=CARTESIAN_POINT('',(-0.145118993010148,0.131338915402244,-0.0100617206168888));
#1780=CARTESIAN_POINT('',(-0.145109011609093,0.131390190624155,-0.0100106399445159));
#1781=CARTESIAN_POINT('',(-0.145092241153089,0.131473094626869,-0.00992477131981458));
#1782=CARTESIAN_POINT('',(-0.145062611983474,0.131606373816373,-0.00977176786202765));
#1783=CARTESIAN_POINT('',(-0.145033802447791,0.131723988236814,-0.00962191232066035));
#1784=CARTESIAN_POINT('',(-0.145003104099419,0.131837500189248,-0.00946126870447685));
#1785=CARTESIAN_POINT('',(-0.144988331298923,0.131887647317052,-0.00938348356290026));
#1786=CARTESIAN_POINT('',(-0.14496391250446,0.13196789592752,-0.00925433266392738));
#1787=CARTESIAN_POINT('',(-0.144936936513266,0.132048467846649,-0.00911037532642433));
#1788=CARTESIAN_POINT('',(-0.144905162024435,0.132133439759839,-0.00893882810385832));
#1789=CARTESIAN_POINT('',(-0.144880827002401,0.132193030454183,-0.00880624248363185));
#1790=CARTESIAN_POINT('',(-0.14484308729306,0.132275179709622,-0.00859748670051916));
#1791=CARTESIAN_POINT('',(-0.144798371770328,0.132357434838773,-0.00834550946793595));
#1792=CARTESIAN_POINT('',(-0.144719970700925,0.132468270872404,-0.00789296394015001));
#1793=CARTESIAN_POINT('',(-0.144619930851688,0.1325214095535,-0.00728479814660539));
#1794=CARTESIAN_POINT('',(-0.144527374454333,0.132467495730454,-0.00667659015928019));
#1795=CARTESIAN_POINT('',(-0.144462156757865,0.132356137390849,-0.00622213946490932));
#1796=CARTESIAN_POINT('',(-0.144426863438468,0.132273607097249,-0.00596885377550421));
#1797=CARTESIAN_POINT('',(-0.144398255708615,0.132191139676486,-0.00575859704974593));
#1798=CARTESIAN_POINT('',(-0.144380516699281,0.132131616980125,-0.00562556728458156));
#1799=CARTESIAN_POINT('',(-0.144357779641264,0.132046596830441,-0.00545293225467959));
#1800=CARTESIAN_POINT('',(-0.144338974642282,0.131965889961602,-0.0053078093775176));
#1801=CARTESIAN_POINT('',(-0.14432233767592,0.131885696227412,-0.00517777118823306));
#1802=CARTESIAN_POINT('',(-0.144312285372838,0.131835046730998,-0.00509868044710437));
#1803=CARTESIAN_POINT('',(-0.144292152039931,0.131723038666067,-0.00493883836970076));
#1804=CARTESIAN_POINT('',(-0.144273411696616,0.131606431179979,-0.00478873250120268));
#1805=CARTESIAN_POINT('',(-0.144254427926132,0.131474031255837,-0.00463500637613036));
#1806=CARTESIAN_POINT('',(-0.144243763015763,0.131390602283688,-0.00454752002609413));
#1807=CARTESIAN_POINT('',(-0.144237358391163,0.131338406253839,-0.00449493577765453));
#1808=CARTESIAN_POINT('',(-0.144238462982455,0.131347872575959,-0.00450383657212343));
#1809=CARTESIAN_POINT('',(-0.144225709445773,0.13124134994744,-0.00439989769532918));
#1810=CARTESIAN_POINT('',(-0.144214295074333,0.131138714800929,-0.00430716974003727));
#1811=CARTESIAN_POINT('',(-0.144193497451921,0.130938634327404,-0.00413899781212197));
#1812=CARTESIAN_POINT('',(-0.144169218668554,0.130664507028796,-0.0039455323070859));
#1813=CARTESIAN_POINT('',(-0.144144498816799,0.130329555925252,-0.0037566094051871));
#1814=CARTESIAN_POINT('',(-0.144126574030117,0.13005237736085,-0.00362739243336062));
#1815=CARTESIAN_POINT('',(-0.144103713174455,0.129649705192583,-0.00348266001754092));
#1816=CARTESIAN_POINT('',(-0.144079647736886,0.129145001030974,-0.00336204511272088));
#1817=CARTESIAN_POINT('',(-0.144065006320618,0.128754524828183,-0.00332584491906829));
#1818=CARTESIAN_POINT('',(-0.144056911340113,0.128500000066406,-0.00332712703374685));
#1819=CARTESIAN_POINT('',(-0.151858612040698,0.113499997837718,0.0206845337098101));
#1820=CARTESIAN_POINT('',(-0.151744764623266,0.118499999260887,0.0207983811272419));
#1821=CARTESIAN_POINT('',(-0.151744764622848,0.123500000684058,0.0207983811276598));
#1822=CARTESIAN_POINT('',(-0.151858612039444,0.12850000210723,0.0206845337110636));
#1823=CARTESIAN_POINT('',(-0.151858612039446,0.12850000210729,0.0206845337110625));
#1824=CARTESIAN_POINT('',(-0.151858612040699,0.113499997837656,0.020684533709809));
#1825=CARTESIAN_POINT('',(-0.157515466382892,0.113499993766209,0.0263413878665933));
#1826=CARTESIAN_POINT('',(-0.157521265896216,0.113245274592755,0.0263355877918742));
#1827=CARTESIAN_POINT('',(-0.157500543435299,0.112854477481741,0.0263024173459501));
#1828=CARTESIAN_POINT('',(-0.1574169696948,0.112349385969039,0.0262119196276226));
#1829=CARTESIAN_POINT('',(-0.157313111198604,0.111946333284433,0.0261081637330104));
#1830=CARTESIAN_POINT('',(-0.157219025952343,0.111669184764682,0.026017641004496));
#1831=CARTESIAN_POINT('',(-0.15708049419275,0.111334016065403,0.0258863968319159));
#1832=CARTESIAN_POINT('',(-0.156938048787479,0.111059761957308,0.0257528563931309));
#1833=CARTESIAN_POINT('',(-0.156813918476711,0.110859445808723,0.0256369020613744));
#1834=CARTESIAN_POINT('',(-0.156745589181143,0.110756891358854,0.0255731448875088));
#1835=CARTESIAN_POINT('',(-0.156668501418936,0.110649832173665,0.0255012706803473));
#1836=CARTESIAN_POINT('',(-0.156676354991154,0.110661054670819,0.0255086097960603));
#1837=CARTESIAN_POINT('',(-0.156638240051434,0.110609760615571,0.0254731380551434));
#1838=CARTESIAN_POINT('',(-0.156574187493891,0.110526845175986,0.025413515757664));
#1839=CARTESIAN_POINT('',(-0.156460291763593,0.110393582313266,0.025307158603932));
#1840=CARTESIAN_POINT('',(-0.156348915093028,0.110275987375832,0.0252028716567704));
#1841=CARTESIAN_POINT('',(-0.1562296849031,0.110162505113091,0.025090982056297));
#1842=CARTESIAN_POINT('',(-0.156172002110687,0.110112348671558,0.0250367271501542));
#1843=CARTESIAN_POINT('',(-0.156076334477188,0.110032101943494,0.024946597245692));
#1844=CARTESIAN_POINT('',(-0.155969891488021,0.109951528600664,0.0248459886119987));
#1845=CARTESIAN_POINT('',(-0.155843351984534,0.109866557748508,0.0247258824315585));
#1846=CARTESIAN_POINT('',(-0.155745735851465,0.109806969554082,0.0246329269910019));
#1847=CARTESIAN_POINT('',(-0.15559249629721,0.109724819006827,0.0244862218209835));
#1848=CARTESIAN_POINT('',(-0.155408210062731,0.109642563971395,0.0243086521880108));
#1849=CARTESIAN_POINT('',(-0.155078778398329,0.109531728287272,0.0239886193693277));
#1850=CARTESIAN_POINT('',(-0.154640377410055,0.109478590312724,0.0235554152796694));
#1851=CARTESIAN_POINT('',(-0.154207990732228,0.1095325055137,0.0231177621345857));
#1852=CARTESIAN_POINT('',(-0.153888109982899,0.109643863926534,0.0227884422007527));
#1853=CARTESIAN_POINT('',(-0.153710679430373,0.109726394246571,0.0226042763776182));
#1854=CARTESIAN_POINT('',(-0.153563953280122,0.10980885906804,0.0224509956639457));
#1855=CARTESIAN_POINT('',(-0.153471400720687,0.109868386829747,0.0223537909886953));
#1856=CARTESIAN_POINT('',(-0.153351531916627,0.109953408967058,0.0222274898645767));
#1857=CARTESIAN_POINT('',(-0.153251020901399,0.110034112510971,0.0221211409041124));
#1858=CARTESIAN_POINT('',(-0.153161123659617,0.110114309865904,0.0220257140449162));
#1859=CARTESIAN_POINT('',(-0.153106522162954,0.11016493946437,0.0219676578821319));
#1860=CARTESIAN_POINT('',(-0.152996220799554,0.110277009658607,0.0218501133995681));
#1861=CARTESIAN_POINT('',(-0.15289280035831,0.110393657655144,0.0217396598325933));
#1862=CARTESIAN_POINT('',(-0.152787066208536,0.110526091409541,0.0216264322424292));
#1863=CARTESIAN_POINT('',(-0.152727038510555,0.110609496025322,0.0215619483616858));
#1864=CARTESIAN_POINT('',(-0.152690978120217,0.110661652277327,0.0215232028996732));
#1865=CARTESIAN_POINT('',(-0.15269715505635,0.110652110815775,0.0215298098035656));
#1866=CARTESIAN_POINT('',(-0.15262572831488,0.110758655411048,0.021453201839656));
#1867=CARTESIAN_POINT('',(-0.152561993152983,0.110861285754286,0.0213848964174543));
#1868=CARTESIAN_POINT('',(-0.152446314236522,0.111061373115739,0.0212610627883441));
#1869=CARTESIAN_POINT('',(-0.15231295736404,0.111335499736254,0.0211188183044636));
#1870=CARTESIAN_POINT('',(-0.152181912963153,0.111670450941718,0.0209805071477645));
#1871=CARTESIAN_POINT('',(-0.152091463113008,0.111947619007816,0.0208865079597418));
#1872=CARTESIAN_POINT('',(-0.151987895377368,0.112350295076236,0.0207828529309747));
#1873=CARTESIAN_POINT('',(-0.151897530664205,0.112854998380378,0.0206994190789927));
#1874=CARTESIAN_POINT('',(-0.151864407499377,0.113245474104122,0.0206787384457211));
#1875=CARTESIAN_POINT('',(-0.151858612040701,0.113499997837595,0.0206845337098078));
#1876=CARTESIAN_POINT('',(-0.157515466382897,0.11349999625965,0.0263413878665927));
#1877=CARTESIAN_POINT('',(-0.157515466313086,0.128500003167833,0.0263413879364067));
#1878=CARTESIAN_POINT('',(-0.157401618860361,0.123500000865089,0.0264552353891311));
#1879=CARTESIAN_POINT('',(-0.157401618864706,0.118499998562361,0.0264552353847858));
#1880=CARTESIAN_POINT('',(-0.157515466326121,0.11349999625965,0.0263413879233707));
#1881=CARTESIAN_POINT('',(-0.157515466385214,0.128500003167833,0.0263413878642761));
#1882=CARTESIAN_POINT('',(-0.151858612039447,0.12850000210735,0.0206845337110614));
#1883=CARTESIAN_POINT('',(-0.151864411947622,0.128754721351484,0.0206787339926677));
#1884=CARTESIAN_POINT('',(-0.151897582145597,0.129145518537486,0.0206994561498246));
#1885=CARTESIAN_POINT('',(-0.151988079546991,0.129650610176185,0.0207830295062165));
#1886=CARTESIAN_POINT('',(-0.152091835116716,0.130053662810096,0.0208868876241959));
#1887=CARTESIAN_POINT('',(-0.152182357769886,0.130330811798487,0.0209809727651153));
#1888=CARTESIAN_POINT('',(-0.15231360173268,0.13066598068139,0.0211195042807721));
#1889=CARTESIAN_POINT('',(-0.152447142020404,0.130940235000309,0.0212619495142042));
#1890=CARTESIAN_POINT('',(-0.152563096094114,0.131140551122423,0.0213860795450446));
#1891=CARTESIAN_POINT('',(-0.152626853288329,0.131243105793248,0.0214544088617204));
#1892=CARTESIAN_POINT('',(-0.152698727002207,0.131350164476599,0.0215314960950159));
#1893=CARTESIAN_POINT('',(-0.152691389309157,0.131338944029637,0.0215236440489895));
#1894=CARTESIAN_POINT('',(-0.152726861817649,0.13139023922862,0.0215617598113819));
#1895=CARTESIAN_POINT('',(-0.152786484704991,0.131473155425743,0.0216258129980432));
#1896=CARTESIAN_POINT('',(-0.152892841275306,0.131606417518288,0.0217397081025374));
#1897=CARTESIAN_POINT('',(-0.152997127343435,0.131724011499148,0.0218510838367682));
#1898=CARTESIAN_POINT('',(-0.153109015212916,0.131837492227584,0.0219703121896168));
#1899=CARTESIAN_POINT('',(-0.153163270613869,0.131887649292657,0.0220279955133831));
#1900=CARTESIAN_POINT('',(-0.153253400377598,0.131967896054942,0.0221236630037195));
#1901=CARTESIAN_POINT('',(-0.15335400905674,0.132048469638575,0.0222301060500119));
#1902=CARTESIAN_POINT('',(-0.153474115134025,0.132133440617143,0.0223566454556157));
#1903=CARTESIAN_POINT('',(-0.153567070307037,0.132193028813872,0.0224542613180383));
#1904=CARTESIAN_POINT('',(-0.153713775541439,0.132275179656594,0.0226075009560182));
#1905=CARTESIAN_POINT('',(-0.153891345132129,0.132357434957833,0.0227917871666442));
#1906=CARTESIAN_POINT('',(-0.154211377931989,0.132468271112609,0.0231212188488873));
#1907=CARTESIAN_POINT('',(-0.154644581644623,0.132521409690393,0.0235596195145152));
#1908=CARTESIAN_POINT('',(-0.155082235110651,0.13246749509135,0.0239920065675452));
#1909=CARTESIAN_POINT('',(-0.155411555024266,0.132356137150833,0.0243118873333997));
#1910=CARTESIAN_POINT('',(-0.155595720870307,0.132273607097514,0.0244893179272916));
#1911=CARTESIAN_POINT('',(-0.155749001498205,0.132191142573792,0.0246360440112296));
#1912=CARTESIAN_POINT('',(-0.15584620644708,0.132131614811924,0.0247285968409859));
#1913=CARTESIAN_POINT('',(-0.155972507667808,0.132046592802226,0.0248484657469802));
#1914=CARTESIAN_POINT('',(-0.15607885657312,0.131965889497585,0.0249489767185988));
#1915=CARTESIAN_POINT('',(-0.156174283568067,0.131885692184021,0.0250388740941337));
#1916=CARTESIAN_POINT('',(-0.1562323392165,0.131835063194473,0.0250934751119856));
#1917=CARTESIAN_POINT('',(-0.156349885465868,0.131722991529775,0.025203778140261));
#1918=CARTESIAN_POINT('',(-0.15646033993431,0.131606342622651,0.0253071994280166));
#1919=CARTESIAN_POINT('',(-0.156573568129266,0.131473908136683,0.0254129341418487));
#1920=CARTESIAN_POINT('',(-0.156638051407766,0.131390504253419,0.0254729612752161));
#1921=CARTESIAN_POINT('',(-0.156676796081258,0.131338349102608,0.025509020929818));
#1922=CARTESIAN_POINT('',(-0.156670187712468,0.131347892536063,0.0255028426281555));
#1923=CARTESIAN_POINT('',(-0.156746796188871,0.131241347460837,0.025574269847586));
#1924=CARTESIAN_POINT('',(-0.156815101595234,0.131138717332828,0.0256380049940239));
#1925=CARTESIAN_POINT('',(-0.156938935500973,0.130938629951215,0.0257536841654046));
#1926=CARTESIAN_POINT('',(-0.157081180158882,0.130664503542123,0.0258870411908958));
#1927=CARTESIAN_POINT('',(-0.157219491559779,0.13032955252462,0.0260180858016547));
#1928=CARTESIAN_POINT('',(-0.157313490854376,0.130052384930416,0.0261085357280992));
#1929=CARTESIAN_POINT('',(-0.157417146263225,0.129649708814501,0.0262121037900773));
#1930=CARTESIAN_POINT('',(-0.157500580502185,0.129145005640991,0.0263024688223865));
#1931=CARTESIAN_POINT('',(-0.157521261442026,0.128754529995895,0.026335592237339));
#1932=CARTESIAN_POINT('',(-0.157515466385209,0.128500006335537,0.0263413878642765));
#1933=CARTESIAN_POINT('',(-0.202284410874972,0.1135,0.0263412651244638));
#1934=CARTESIAN_POINT('',(-0.202398257638277,0.1185,0.0264551118877687));
#1935=CARTESIAN_POINT('',(-0.202398257638277,0.1235,0.0264551118877687));
#1936=CARTESIAN_POINT('',(-0.202284410874972,0.1285,0.0263412651244638));
#1937=CARTESIAN_POINT('',(-0.202284410874972,0.1285,0.0263412651244637));
#1938=CARTESIAN_POINT('',(-0.202284410874972,0.1135,0.0263412651244637));
#1939=CARTESIAN_POINT('',(-0.207941265124464,0.1135,0.0206844108749713));
#1940=CARTESIAN_POINT('',(-0.207935465323834,0.113245280390017,0.020678611074342));
#1941=CARTESIAN_POINT('',(-0.207902295152868,0.11285448282693,0.0206993330859614));
#1942=CARTESIAN_POINT('',(-0.207811797547169,0.112349390777373,0.0207829062104057));
#1943=CARTESIAN_POINT('',(-0.207708041896571,0.111946338430368,0.020886763873417));
#1944=CARTESIAN_POINT('',(-0.207617518607773,0.111669188090771,0.0209808491836473));
#1945=CARTESIAN_POINT('',(-0.2074862742082,0.111334019002406,0.0211193804694842));
#1946=CARTESIAN_POINT('',(-0.207352733373621,0.111059764412046,0.0212618256197824));
#1947=CARTESIAN_POINT('',(-0.207236779424448,0.110859448917192,0.0213859549699601));
#1948=CARTESIAN_POINT('',(-0.207173021653826,0.110756893635563,0.0214542846110405));
#1949=CARTESIAN_POINT('',(-0.207101149416273,0.11064983733469,0.0215313699375862));
#1950=CARTESIAN_POINT('',(-0.207108481358913,0.110661049381483,0.0215235240930279));
#1951=CARTESIAN_POINT('',(-0.207073005461024,0.11060974968965,0.0215616433268135));
#1952=CARTESIAN_POINT('',(-0.207013379749588,0.110526830706074,0.0216256992593108));
#1953=CARTESIAN_POINT('',(-0.206907024865832,0.110393572317029,0.0217395920986155));
#1954=CARTESIAN_POINT('',(-0.206802741754376,0.110275982810343,0.021850964260641));
#1955=CARTESIAN_POINT('',(-0.206690860303355,0.110162508959408,0.0219701853678963));
#1956=CARTESIAN_POINT('',(-0.206636602627049,0.110112349691681,0.0220278709290702));
#1957=CARTESIAN_POINT('',(-0.206546472990581,0.110032103324736,0.0221235379807163));
#1958=CARTESIAN_POINT('',(-0.206445863652541,0.109951529357066,0.0222299814135545));
#1959=CARTESIAN_POINT('',(-0.206325757474793,0.109866558582556,0.0223565205831468));
#1960=CARTESIAN_POINT('',(-0.206232802910858,0.109806970883016,0.0224541355653682));
#1961=CARTESIAN_POINT('',(-0.206086097051589,0.109724819841272,0.0226073755191782));
#1962=CARTESIAN_POINT('',(-0.205908527134235,0.109642564590167,0.0227916617215551));
#1963=CARTESIAN_POINT('',(-0.205588493723535,0.109531728521012,0.0231210935491801));
#1964=CARTESIAN_POINT('',(-0.205155289797801,0.109478590348559,0.0235594941493627));
#1965=CARTESIAN_POINT('',(-0.204717636743526,0.109532505165572,0.0239918810163346));
#1966=CARTESIAN_POINT('',(-0.204388316666215,0.109643863508334,0.0243117623754044));
#1967=CARTESIAN_POINT('',(-0.20420415085451,0.109726393786229,0.0244891932518336));
#1968=CARTESIAN_POINT('',(-0.204050869820867,0.109808858818503,0.0246359200313839));
#1969=CARTESIAN_POINT('',(-0.203953666043994,0.109868386075471,0.0247284719638355));
#1970=CARTESIAN_POINT('',(-0.203827365155103,0.109953408016021,0.0248483408687643));
#1971=CARTESIAN_POINT('',(-0.203721015817063,0.110034111941191,0.0249488525344786));
#1972=CARTESIAN_POINT('',(-0.203625589370657,0.110114308930575,0.0250387496727902));
#1973=CARTESIAN_POINT('',(-0.203567531031225,0.110164940679528,0.0250933533890229));
#1974=CARTESIAN_POINT('',(-0.203449993542871,0.110277004238483,0.0252036485649779));
#1975=CARTESIAN_POINT('',(-0.203339543427573,0.110393647932674,0.0253070661586627));
#1976=CARTESIAN_POINT('',(-0.203226318036414,0.110526078121976,0.0254127986800722));
#1977=CARTESIAN_POINT('',(-0.203161831519282,0.110609485416474,0.025472829100901));
#1978=CARTESIAN_POINT('',(-0.203123082718942,0.110661645989773,0.0255088927590405));
#1979=CARTESIAN_POINT('',(-0.203129683655487,0.110652112619914,0.0255027213599448));
#1980=CARTESIAN_POINT('',(-0.203053077536574,0.110758654917866,0.0255741466809522));
#1981=CARTESIAN_POINT('',(-0.202984771810946,0.110861285848127,0.0256378823997591));
#1982=CARTESIAN_POINT('',(-0.202860938851357,0.111061372604546,0.0257535612011733));
#1983=CARTESIAN_POINT('',(-0.202718694460267,0.111335499494924,0.0258869186110262));
#1984=CARTESIAN_POINT('',(-0.202580383535522,0.111670450915583,0.0260179634461682));
#1985=CARTESIAN_POINT('',(-0.202486384181335,0.111947620345378,0.0261084139292223));
#1986=CARTESIAN_POINT('',(-0.202382729619079,0.112350296112338,0.0262119817344302));
#1987=CARTESIAN_POINT('',(-0.202299296008481,0.112854999816361,0.0263023466428729));
#1988=CARTESIAN_POINT('',(-0.202278615526132,0.113245475906763,0.0263354697756241));
#1989=CARTESIAN_POINT('',(-0.202284410874971,0.1135,0.0263412651244637));
#1990=CARTESIAN_POINT('',(-0.207941265124463,0.1135,0.0206844108749713));
#1991=CARTESIAN_POINT('',(-0.207941265124464,0.1285,0.0206844108749714));
#1992=CARTESIAN_POINT('',(-0.208055111887769,0.1235,0.0207982576382763));
#1993=CARTESIAN_POINT('',(-0.208055111887769,0.1185,0.0207982576382763));
#1994=CARTESIAN_POINT('',(-0.207941265124464,0.1135,0.0206844108749714));
#1995=CARTESIAN_POINT('',(-0.207941265124464,0.1285,0.0206844108749713));
#1996=CARTESIAN_POINT('',(-0.202284410874971,0.1285,0.0263412651244637));
#1997=CARTESIAN_POINT('',(-0.202278611074342,0.128754719609983,0.0263354653238344));
#1998=CARTESIAN_POINT('',(-0.202299333085961,0.12914551717307,0.0263022951528682));
#1999=CARTESIAN_POINT('',(-0.202382906210406,0.129650609222627,0.026211797547169));
#2000=CARTESIAN_POINT('',(-0.202486763873417,0.130053661569632,0.0261080418965707));
#2001=CARTESIAN_POINT('',(-0.202580849183647,0.130330811909229,0.0260175186077726));
#2002=CARTESIAN_POINT('',(-0.202719380469484,0.130665980997594,0.0258862742081996));
#2003=CARTESIAN_POINT('',(-0.202861825619782,0.130940235587955,0.0257527333736214));
#2004=CARTESIAN_POINT('',(-0.20298595496996,0.131140551082808,0.0256367794244478));
#2005=CARTESIAN_POINT('',(-0.203054284611041,0.131243106364437,0.0255730216538255));
#2006=CARTESIAN_POINT('',(-0.203131369937586,0.131350162665309,0.0255011494162736));
#2007=CARTESIAN_POINT('',(-0.203123524093029,0.131338950618518,0.0255084813589127));
#2008=CARTESIAN_POINT('',(-0.203161643326815,0.131390250310352,0.0254730054610231));
#2009=CARTESIAN_POINT('',(-0.203225699259312,0.131473169293928,0.0254133797495864));
#2010=CARTESIAN_POINT('',(-0.203339592098617,0.131606427682972,0.025307024865831));
#2011=CARTESIAN_POINT('',(-0.203450964260642,0.131724017189657,0.0252027417543754));
#2012=CARTESIAN_POINT('',(-0.203570185367896,0.131837491040592,0.0250908603033553));
#2013=CARTESIAN_POINT('',(-0.20362787092907,0.13188765030832,0.0250366026270486));
#2014=CARTESIAN_POINT('',(-0.203723537980717,0.131967896675265,0.0249464729905805));
#2015=CARTESIAN_POINT('',(-0.203829981413555,0.132048470642934,0.0248458636525405));
#2016=CARTESIAN_POINT('',(-0.203956520583147,0.132133441417444,0.0247257574747927));
#2017=CARTESIAN_POINT('',(-0.204054135565368,0.132193029116984,0.0246328029108581));
#2018=CARTESIAN_POINT('',(-0.204207375519178,0.132275180158728,0.0244860970515894));
#2019=CARTESIAN_POINT('',(-0.204391661721555,0.132357435409833,0.0243085271342356));
#2020=CARTESIAN_POINT('',(-0.20472109354918,0.132468271478988,0.0239884937235348));
#2021=CARTESIAN_POINT('',(-0.205159494149363,0.132521409651441,0.0235552897978014));
#2022=CARTESIAN_POINT('',(-0.205591881016335,0.132467494834428,0.023117636743526));
#2023=CARTESIAN_POINT('',(-0.205911762375405,0.132356136491666,0.0227883166662146));
#2024=CARTESIAN_POINT('',(-0.206089193251834,0.132273606213771,0.0226041508545095));
#2025=CARTESIAN_POINT('',(-0.206235920031384,0.132191141181497,0.0224508698208675));
#2026=CARTESIAN_POINT('',(-0.206328471963835,0.132131613924529,0.0223536660439943));
#2027=CARTESIAN_POINT('',(-0.206448340868764,0.132046591983979,0.022227365155103));
#2028=CARTESIAN_POINT('',(-0.206548852534479,0.131965888058809,0.0221210158170633));
#2029=CARTESIAN_POINT('',(-0.20663874967279,0.131885691069425,0.0220255893706568));
#2030=CARTESIAN_POINT('',(-0.206693353389023,0.131835059320473,0.0219675310312248));
#2031=CARTESIAN_POINT('',(-0.206803648564979,0.131722995761516,0.0218499935428701));
#2032=CARTESIAN_POINT('',(-0.206907066158664,0.131606352067325,0.021739543427572));
#2033=CARTESIAN_POINT('',(-0.207012798680074,0.131473921878022,0.0216263180364122));
#2034=CARTESIAN_POINT('',(-0.207072829100902,0.131390514583525,0.0215618315192804));
#2035=CARTESIAN_POINT('',(-0.207108892759041,0.131338354010226,0.0215230827189414));
#2036=CARTESIAN_POINT('',(-0.207102721359945,0.131347887380086,0.0215296836554875));
#2037=CARTESIAN_POINT('',(-0.207174146680952,0.131241345082134,0.0214530775365735));
#2038=CARTESIAN_POINT('',(-0.207237882399759,0.131138714151873,0.0213847718109463));
#2039=CARTESIAN_POINT('',(-0.207353561201173,0.130938627395454,0.0212609388513564));
#2040=CARTESIAN_POINT('',(-0.207486918611026,0.130664500505076,0.0211186944602666));
#2041=CARTESIAN_POINT('',(-0.207617963446168,0.130329549084417,0.0209803835355216));
#2042=CARTESIAN_POINT('',(-0.207708413929222,0.130052379654622,0.0208863841813352));
#2043=CARTESIAN_POINT('',(-0.20781198173443,0.129649703887662,0.0207827296190786));
#2044=CARTESIAN_POINT('',(-0.207902346642873,0.129145000183639,0.0206992960084811));
#2045=CARTESIAN_POINT('',(-0.207935469775624,0.128754524093238,0.0206786155261317));
#2046=CARTESIAN_POINT('',(-0.207941265124464,0.1285,0.0206844108749713));
#2047=CARTESIAN_POINT('',(-0.21574308867234,0.113499999933188,-0.0033271270357194));
#2048=CARTESIAN_POINT('',(-0.215902110143129,0.118499999977729,-0.00335231356236985));
#2049=CARTESIAN_POINT('',(-0.215902110143129,0.123500000022271,-0.00335231356236985));
#2050=CARTESIAN_POINT('',(-0.21574308867234,0.128500000066812,-0.0033271270357194));
#2051=CARTESIAN_POINT('',(-0.21574308867234,0.128500000066812,-0.00332712703571939));
#2052=CARTESIAN_POINT('',(-0.21574308867234,0.113499999933188,-0.00332712703571939));
#2053=CARTESIAN_POINT('',(-0.214491665928506,0.113499998206044,-0.0112286421511313));
#2054=CARTESIAN_POINT('',(-0.214483564787198,0.113245278862351,-0.0112273589407365));
#2055=CARTESIAN_POINT('',(-0.21448083198253,0.112854481340628,-0.0111883433614937));
#2056=CARTESIAN_POINT('',(-0.214495249716332,0.112349389869751,-0.0110660061360491));
#2057=CARTESIAN_POINT('',(-0.21451828508244,0.111946335745242,-0.0109210188344521));
#2058=CARTESIAN_POINT('',(-0.214541191723587,0.111669191387169,-0.0107924845625667));
#2059=CARTESIAN_POINT('',(-0.214576120493559,0.111334022228775,-0.0106048790537062));
#2060=CARTESIAN_POINT('',(-0.214612865672802,0.111059768075394,-0.0104131159572402));
#2061=CARTESIAN_POINT('',(-0.214645131570069,0.110859448426265,-0.0102463419229275));
#2062=CARTESIAN_POINT('',(-0.214662934085375,0.110756896145793,-0.0101546006052868));
#2063=CARTESIAN_POINT('',(-0.214683053624789,0.110649826404738,-0.01005113166727));
#2064=CARTESIAN_POINT('',(-0.214681007028665,0.110661084628213,-0.0100617206540629));
#2065=CARTESIAN_POINT('',(-0.214690988425245,0.110609809427428,-0.0100106400040556));
#2066=CARTESIAN_POINT('',(-0.214707758877582,0.110526905437645,-0.00992477139731505));
#2067=CARTESIAN_POINT('',(-0.214737388049478,0.110393626230194,-0.00977176792584154));
#2068=CARTESIAN_POINT('',(-0.214766197589018,0.110276011788249,-0.00962191236231259));
#2069=CARTESIAN_POINT('',(-0.214796895945648,0.110162499802944,-0.00946126870035266));
#2070=CARTESIAN_POINT('',(-0.214811668743108,0.110112352685572,-0.00938348357340849));
#2071=CARTESIAN_POINT('',(-0.214836087537622,0.110032104073147,-0.00925433267206987));
#2072=CARTESIAN_POINT('',(-0.214863063527811,0.109951532155783,-0.00911037533743004));
#2073=CARTESIAN_POINT('',(-0.214894838016288,0.109866560241611,-0.00893882811373512));
#2074=CARTESIAN_POINT('',(-0.214919173038917,0.109806969544808,-0.00880624248774215));
#2075=CARTESIAN_POINT('',(-0.214956912746985,0.109724820290666,-0.00859748670753838));
#2076=CARTESIAN_POINT('',(-0.215001628268735,0.109642565161553,-0.00834550947528475));
#2077=CARTESIAN_POINT('',(-0.215080029336161,0.109531729128003,-0.00789296394892064));
#2078=CARTESIAN_POINT('',(-0.215180069183832,0.109478590446449,-0.00728479814916735));
#2079=CARTESIAN_POINT('',(-0.215272625577611,0.109532504269296,-0.00667659016637616));
#2080=CARTESIAN_POINT('',(-0.215337843272,0.109643862608899,-0.00622213947052338));
#2081=CARTESIAN_POINT('',(-0.215373136590143,0.109726392902523,-0.00596885378059816));
#2082=CARTESIAN_POINT('',(-0.215401744319141,0.109808860324097,-0.00575859705273802));
#2083=CARTESIAN_POINT('',(-0.21541948332729,0.109868383018976,-0.00562556729090224));
#2084=CARTESIAN_POINT('',(-0.21544222038428,0.109953403168078,-0.00545293226147419));
#2085=CARTESIAN_POINT('',(-0.215461025382653,0.110034110037854,-0.0053078093825853));
#2086=CARTESIAN_POINT('',(-0.215477662348119,0.110114303770983,-0.00517777119441699));
#2087=CARTESIAN_POINT('',(-0.215487714651768,0.110164953273105,-0.00509868044510375));
#2088=CARTESIAN_POINT('',(-0.215507847980578,0.110276961320136,-0.00493883839263368));
#2089=CARTESIAN_POINT('',(-0.215526588321504,0.110393568794537,-0.0047887325361369));
#2090=CARTESIAN_POINT('',(-0.215545572090159,0.110525968708905,-0.00463500641843803));
#2091=CARTESIAN_POINT('',(-0.215556237001225,0.110609397688024,-0.00454752005846588));
#2092=CARTESIAN_POINT('',(-0.215562641627008,0.110661593729295,-0.0044949357977015));
#2093=CARTESIAN_POINT('',(-0.215561537038415,0.110652127428772,-0.00450383657061641));
#2094=CARTESIAN_POINT('',(-0.215574290573676,0.110758650050981,-0.00439989770000311));
#2095=CARTESIAN_POINT('',(-0.215585704944708,0.110861285198871,-0.00430716974315382));
#2096=CARTESIAN_POINT('',(-0.215606502565832,0.111061365670401,-0.00413899781679726));
#2097=CARTESIAN_POINT('',(-0.215630781347995,0.111335492969124,-0.00394553231101159));
#2098=CARTESIAN_POINT('',(-0.215655501198494,0.111670444072533,-0.00375660940871797));
#2099=CARTESIAN_POINT('',(-0.215673425984466,0.111947622639514,-0.00362739243547644));
#2100=CARTESIAN_POINT('',(-0.215696286839086,0.112350294807056,-0.0034826600198246));
#2101=CARTESIAN_POINT('',(-0.215720352275828,0.112854998968832,-0.00336204511474137));
#2102=CARTESIAN_POINT('',(-0.215734993691827,0.113245475171466,-0.00332584492106555));
#2103=CARTESIAN_POINT('',(-0.215743088672341,0.113499999933188,-0.0033271270357194));
#2104=CARTESIAN_POINT('',(-0.214491665928505,0.113499998206043,-0.0112286421511315));
#2105=CARTESIAN_POINT('',(-0.214491665928505,0.128500001793959,-0.0112286421511317));
#2106=CARTESIAN_POINT('',(-0.214650687494266,0.123500000597986,-0.0112538286928241));
#2107=CARTESIAN_POINT('',(-0.214650687494266,0.118499999402014,-0.0112538286928241));
#2108=CARTESIAN_POINT('',(-0.214491665928505,0.113499998206041,-0.0112286421511317));
#2109=CARTESIAN_POINT('',(-0.214491665928505,0.128500001793957,-0.0112286421511315));
#2110=CARTESIAN_POINT('',(-0.215743088672341,0.128500000066812,-0.0033271270357194));
#2111=CARTESIAN_POINT('',(-0.215734987473567,0.12875472034488,-0.00332584393619332));
#2112=CARTESIAN_POINT('',(-0.215720332413511,0.129145518015673,-0.00336210537487317));
#2113=CARTESIAN_POINT('',(-0.215696241627032,0.129650610522463,-0.00348291114780837));
#2114=CARTESIAN_POINT('',(-0.215673348184617,0.130053659247066,-0.00362791827416789));
#2115=CARTESIAN_POINT('',(-0.215655415017139,0.130330818781691,-0.0037572476153482));
#2116=CARTESIAN_POINT('',(-0.215630663244258,0.130665987529381,-0.00394646607428917));
#2117=CARTESIAN_POINT('',(-0.215606354061128,0.130940242617683,-0.00414020190841506));
#2118=CARTESIAN_POINT('',(-0.215585508078019,0.131140551654315,-0.00430877517384328));
#2119=CARTESIAN_POINT('',(-0.215574089891886,0.131243111412573,-0.00440153570396874));
#2120=CARTESIAN_POINT('',(-0.215561256569544,0.131350147220423,-0.00450612412060801));
#2121=CARTESIAN_POINT('',(-0.215562567932635,0.131339005290555,-0.00449553714349093));
#2122=CARTESIAN_POINT('',(-0.215556268548687,0.131390342124069,-0.00454726833236149));
#2123=CARTESIAN_POINT('',(-0.215545677786286,0.131473283806225,-0.00463416984102405));
#2124=CARTESIAN_POINT('',(-0.215526582957259,0.131606510484424,-0.00478880071147123));
#2125=CARTESIAN_POINT('',(-0.215507684583085,0.131724062037058,-0.00494015951162802));
#2126=CARTESIAN_POINT('',(-0.215487258000171,0.131837477901049,-0.0051022924594774));
#2127=CARTESIAN_POINT('',(-0.215477266418083,0.131887655549833,-0.0051808791362214));
#2128=CARTESIAN_POINT('',(-0.215460582826952,0.131967898428562,-0.00531124829787189));
#2129=CARTESIAN_POINT('',(-0.215441754101535,0.132048475442908,-0.00545650484956405));
#2130=CARTESIAN_POINT('',(-0.215418965151952,0.132133444407227,-0.00562947208117783));
#2131=CARTESIAN_POINT('',(-0.215401142097062,0.132193027617154,-0.00576307129574033));
#2132=CARTESIAN_POINT('',(-0.215372527152671,0.132275181023834,-0.0059732824528076));
#2133=CARTESIAN_POINT('',(-0.215337192113692,0.132357436295509,-0.00622674727186139));
#2134=CARTESIAN_POINT('',(-0.215271917097261,0.132468272358337,-0.00668137773643425));
#2135=CARTESIAN_POINT('',(-0.215179139094115,0.132521409563927,-0.00729067077530625));
#2136=CARTESIAN_POINT('',(-0.215079223759101,0.132467494222101,-0.00789773618664338));
#2137=CARTESIAN_POINT('',(-0.215000823726071,0.132356135919331,-0.00835009301675507));
#2138=CARTESIAN_POINT('',(-0.214956123874038,0.132273605760454,-0.00860188700747297));
#2139=CARTESIAN_POINT('',(-0.214918363233325,0.132191142531453,-0.00881068383864881));
#2140=CARTESIAN_POINT('',(-0.214894124202558,0.132131612228872,-0.00894270210754727));
#2141=CARTESIAN_POINT('',(-0.214862403023165,0.132046589159862,-0.00911391729508896));
#2142=CARTESIAN_POINT('',(-0.214835445728247,0.131965887216278,-0.00925774039692752));
#2143=CARTESIAN_POINT('',(-0.214811084967485,0.131885688132609,-0.00938656156016837));
#2144=CARTESIAN_POINT('',(-0.214796213874382,0.131835068119013,-0.00946484634899651));
#2145=CARTESIAN_POINT('',(-0.214765945628961,0.131722968054298,-0.00962321474992994));
#2146=CARTESIAN_POINT('',(-0.214737373512363,0.131606300564728,-0.00977182699214394));
#2147=CARTESIAN_POINT('',(-0.214707918628824,0.131473850499244,-0.00992393397151256));
#2148=CARTESIAN_POINT('',(-0.214691037540573,0.131390457525939,-0.0100103839925332));
#2149=CARTESIAN_POINT('',(-0.214680892077947,0.131338320337979,-0.0100623113352576));
#2150=CARTESIAN_POINT('',(-0.214682613293949,0.131347897872506,-0.0100533950129789));
#2151=CARTESIAN_POINT('',(-0.214662618851447,0.131241342676254,-0.0101562201686067));
#2152=CARTESIAN_POINT('',(-0.214644822689294,0.131138714578538,-0.0102479297577865));
#2153=CARTESIAN_POINT('',(-0.214612634868872,0.13093862378692,-0.0104143068593684));
#2154=CARTESIAN_POINT('',(-0.214575944279278,0.130664497281132,-0.0106058036158589));
#2155=CARTESIAN_POINT('',(-0.214541076484681,0.130329545812456,-0.0107931181312757));
#2156=CARTESIAN_POINT('',(-0.214518196584647,0.130052382335022,-0.0109215429973691));
#2157=CARTESIAN_POINT('',(-0.21449521511619,0.129649704799364,-0.0110662589433243));
#2158=CARTESIAN_POINT('',(-0.214480832251761,0.129145001671334,-0.0111884068119373));
#2159=CARTESIAN_POINT('',(-0.214483571005409,0.128754525622167,-0.0112273599256931));
#2160=CARTESIAN_POINT('',(-0.214491665928506,0.128500001793956,-0.0112286421511313));
#2161=CARTESIAN_POINT('',(-0.199651735756633,0.113499996465818,-0.0316542070395887));
#2162=CARTESIAN_POINT('',(-0.199724830208122,0.118499998821939,-0.0317976629779745));
#2163=CARTESIAN_POINT('',(-0.199724830208122,0.123500001178061,-0.0317976629779745));
#2164=CARTESIAN_POINT('',(-0.199651735756633,0.128500003534182,-0.0316542070395887));
#2165=CARTESIAN_POINT('',(-0.199651735734489,0.128500003534182,-0.0316542069961323));
#2166=CARTESIAN_POINT('',(-0.199651735734489,0.113499996465818,-0.0316542069961323));
#2167=CARTESIAN_POINT('',(-0.192523652080361,0.11349999718262,-0.0352860692490976));
#2168=CARTESIAN_POINT('',(-0.192519928530721,0.113245277368934,-0.0352787609762693));
#2169=CARTESIAN_POINT('',(-0.192549886810428,0.112854480105312,-0.0352536179544418));
#2170=CARTESIAN_POINT('',(-0.192657335959776,0.112349387856108,-0.0351933758951208));
#2171=CARTESIAN_POINT('',(-0.192788172313596,0.111946338586796,-0.0351267939319645));
#2172=CARTESIAN_POINT('',(-0.192905630202017,0.111669180262238,-0.0350697744513466));
#2173=CARTESIAN_POINT('',(-0.193077939459903,0.111334011718331,-0.0349877634763636));
#2174=CARTESIAN_POINT('',(-0.19325468164726,0.111059756856569,-0.0349047774925416));
#2175=CARTESIAN_POINT('',(-0.19340856341851,0.110859447446263,-0.0348328604486459));
#2176=CARTESIAN_POINT('',(-0.19349325543925,0.110756888065727,-0.034793337131145));
#2177=CARTESIAN_POINT('',(-0.19358876086794,0.110649850796107,-0.0347488121781445));
#2178=CARTESIAN_POINT('',(-0.193579092553333,0.110660997879683,-0.0347533330577747));
#2179=CARTESIAN_POINT('',(-0.193626342666671,0.110609663816339,-0.0347313576748385));
#2180=CARTESIAN_POINT('',(-0.193705716226018,0.110526723880165,-0.0346944326567937));
#2181=CARTESIAN_POINT('',(-0.193846880230391,0.11039349499585,-0.0346284888065804));
#2182=CARTESIAN_POINT('',(-0.19398499399774,0.110275940762759,-0.0345637423993251));
#2183=CARTESIAN_POINT('',(-0.194132885150642,0.110162520745096,-0.0344942118801648));
#2184=CARTESIAN_POINT('',(-0.194204536338708,0.110112344481037,-0.0344604258543302));
#2185=CARTESIAN_POINT('',(-0.194323369751223,0.110032101409932,-0.0344042729420947));
#2186=CARTESIAN_POINT('',(-0.194455698414587,0.109951524682463,-0.0343414797611093));
#2187=CARTESIAN_POINT('',(-0.194613158232862,0.10986655564545,-0.0342663569602452));
#2188=CARTESIAN_POINT('',(-0.194734711827614,0.109806972170612,-0.0342081219787577));
#2189=CARTESIAN_POINT('',(-0.194925792049808,0.109724818925948,-0.0341159495557663));
#2190=CARTESIAN_POINT('',(-0.195155932577989,0.109642563687077,-0.0340040197999775));
#2191=CARTESIAN_POINT('',(-0.195568141173517,0.109531727711272,-0.0338014523333713));
#2192=CARTESIAN_POINT('',(-0.196118943189622,0.109478590343559,-0.0335249349370104));
#2193=CARTESIAN_POINT('',(-0.196665423510862,0.109532505984465,-0.0332423160117656));
#2194=CARTESIAN_POINT('',(-0.197071412725526,0.109643864131257,-0.0330279679642637));
#2195=CARTESIAN_POINT('',(-0.197297069831819,0.109726394240342,-0.0329076474732703));
#2196=CARTESIAN_POINT('',(-0.197483977124756,0.109808856650463,-0.0328072141080481));
#2197=CARTESIAN_POINT('',(-0.197602046949652,0.10986838851858,-0.0327433637634734));
#2198=CARTESIAN_POINT('',(-0.1977550804331,0.109953412174737,-0.0326602863810139));
#2199=CARTESIAN_POINT('',(-0.197883532314167,0.110034112931928,-0.0325902055810009));
#2200=CARTESIAN_POINT('',(-0.197998521832137,0.110114313183109,-0.0325272284440497));
#2201=CARTESIAN_POINT('',(-0.19806837126583,0.110164926489326,-0.0324888984304107));
#2202=CARTESIAN_POINT('',(-0.198209660951305,0.110277047372521,-0.0324111587650879));
#2203=CARTESIAN_POINT('',(-0.198342182728294,0.110393728414021,-0.0323380543317615));
#2204=CARTESIAN_POINT('',(-0.198477750602547,0.110526189767505,-0.0322630329877427));
#2205=CARTESIAN_POINT('',(-0.198554742649082,0.110609574477846,-0.0322202691114611));
#2206=CARTESIAN_POINT('',(-0.198600980653064,0.110661698229292,-0.0321945807296572));
#2207=CARTESIAN_POINT('',(-0.198593010366933,0.11065209540819,-0.0321989853475268));
#2208=CARTESIAN_POINT('',(-0.198684630689603,0.11075865789268,-0.0321481910668098));
#2209=CARTESIAN_POINT('',(-0.198766350797909,0.110861284275871,-0.0321029268123729));
#2210=CARTESIAN_POINT('',(-0.198914639905154,0.111061377207288,-0.0320208998112476));
#2211=CARTESIAN_POINT('',(-0.199085425417671,0.111335503282337,-0.0319268292452482));
#2212=CARTESIAN_POINT('',(-0.199252797063412,0.111670454605929,-0.0318357843708099));
#2213=CARTESIAN_POINT('',(-0.199367864622329,0.111947614516305,-0.0317743392811853));
#2214=CARTESIAN_POINT('',(-0.199498396580565,0.112350293233484,-0.0317077622446602));
#2215=CARTESIAN_POINT('',(-0.199610121512092,0.112854995892585,-0.0316563372643448));
#2216=CARTESIAN_POINT('',(-0.199648014616673,0.113245471601167,-0.0316469045988554));
#2217=CARTESIAN_POINT('',(-0.199651735734488,0.113499994951179,-0.0316542069961337));
#2218=CARTESIAN_POINT('',(-0.19252365208036,0.113499997182617,-0.0352860692490976));
#2219=CARTESIAN_POINT('',(-0.19252365208036,0.128500002817387,-0.0352860692490977));
#2220=CARTESIAN_POINT('',(-0.192596746512624,0.123500000939129,-0.0354295251497527));
#2221=CARTESIAN_POINT('',(-0.192596746512624,0.118499999060871,-0.0354295251497527));
#2222=CARTESIAN_POINT('',(-0.19252365208036,0.113499997182613,-0.0352860692490977));
#2223=CARTESIAN_POINT('',(-0.19252365208036,0.128500002817383,-0.0352860692490976));
#2224=CARTESIAN_POINT('',(-0.199651735734488,0.128500005048821,-0.0316542069961337));
#2225=CARTESIAN_POINT('',(-0.199648011758313,0.128754723909813,-0.0316468989895514));
#2226=CARTESIAN_POINT('',(-0.199610061084794,0.129145521084727,-0.0316563566155601));
#2227=CARTESIAN_POINT('',(-0.199498166843532,0.129650612078412,-0.031707873271363));
#2228=CARTESIAN_POINT('',(-0.199367393467965,0.130053667381884,-0.031774585420613));
#2229=CARTESIAN_POINT('',(-0.199252230131622,0.130330808160081,-0.0318360897453298));
#2230=CARTESIAN_POINT('',(-0.199084600571201,0.13066597718506,-0.0319272825364296));
#2231=CARTESIAN_POINT('',(-0.19891357865488,0.130940230877858,-0.0320214873066568));
#2232=CARTESIAN_POINT('',(-0.198764936112288,0.131140552733155,-0.0321037112541668));
#2233=CARTESIAN_POINT('',(-0.198683187877751,0.13124310320407,-0.0321489913075625));
#2234=CARTESIAN_POINT('',(-0.198590993666425,0.131350180537628,-0.0322001036540033));
#2235=CARTESIAN_POINT('',(-0.198600455216358,0.131338895896867,-0.0321948721348904));
#2236=CARTESIAN_POINT('',(-0.198554972334649,0.131390157038528,-0.0322201425214686));
#2237=CARTESIAN_POINT('',(-0.198478499514454,0.131473052385141,-0.0322626212579275));
#2238=CARTESIAN_POINT('',(-0.198342132554113,0.131606343407118,-0.0323380855779112));
#2239=CARTESIAN_POINT('',(-0.198208501112873,0.131723972040194,-0.0324118003348438));
#2240=CARTESIAN_POINT('',(-0.198065179278667,0.131837505755373,-0.0324906527926981));
#2241=CARTESIAN_POINT('',(-0.19799577496898,0.131887645938472,-0.0325287347562681));
#2242=CARTESIAN_POINT('',(-0.197880489672877,0.131967895807118,-0.0325918690425751));
#2243=CARTESIAN_POINT('',(-0.197751915949297,0.132048466503863,-0.0326620090786675));
#2244=CARTESIAN_POINT('',(-0.197598583141925,0.132133439014555,-0.0327452397719106));
#2245=CARTESIAN_POINT('',(-0.197480003434443,0.132193031250234,-0.0328093567090209));
#2246=CARTESIAN_POINT('',(-0.197293128699516,0.132275179698054,-0.0329097574879306));
#2247=CARTESIAN_POINT('',(-0.197067302163743,0.132357434778759,-0.033030149504295));
#2248=CARTESIAN_POINT('',(-0.196661133802267,0.132468270662697,-0.0332445568463716));
#2249=CARTESIAN_POINT('',(-0.196113645446122,0.132521409644171,-0.0335276342124063));
#2250=CARTESIAN_POINT('',(-0.195563806884251,0.132467495666932,-0.033803605550824));
#2251=CARTESIAN_POINT('',(-0.195151751547557,0.132356137419958,-0.034006062946325));
#2252=CARTESIAN_POINT('',(-0.194921768488959,0.132273607162378,-0.0341178976684814));
#2253=CARTESIAN_POINT('',(-0.194730642700672,0.132191139908315,-0.034210077308095));
#2254=CARTESIAN_POINT('',(-0.19460960470701,0.132131616944672,-0.0342680563916464));
#2255=CARTESIAN_POINT('',(-0.194452444800533,0.132046596727771,-0.0343430271821859));
#2256=CARTESIAN_POINT('',(-0.194320235931471,0.131965890143672,-0.0344057564920658));
#2257=CARTESIAN_POINT('',(-0.194201702908172,0.131885696237377,-0.0344617627746073));
#2258=CARTESIAN_POINT('',(-0.194129591035672,0.131835048087591,-0.0344957623362152));
#2259=CARTESIAN_POINT('',(-0.193983788235146,0.131723036039603,-0.0345643059447744));
#2260=CARTESIAN_POINT('',(-0.193846817350519,0.131606425992832,-0.0346285148338452));
#2261=CARTESIAN_POINT('',(-0.193706479551101,0.131474023958632,-0.0346940734561952));
#2262=CARTESIAN_POINT('',(-0.193626572590044,0.131390596655247,-0.0347312497611525));
#2263=CARTESIAN_POINT('',(-0.193578543571342,0.131338403273632,-0.0347535888936739));
#2264=CARTESIAN_POINT('',(-0.193586671918188,0.13134787453004,-0.0347497858120976));
#2265=CARTESIAN_POINT('',(-0.193491759639875,0.131241350499992,-0.0347940341421674));
#2266=CARTESIAN_POINT('',(-0.193407097403279,0.131138715713906,-0.0348335437730088));
#2267=CARTESIAN_POINT('',(-0.193253582394281,0.130938634881672,-0.034905290798378));
#2268=CARTESIAN_POINT('',(-0.193077087904274,0.130664507806478,-0.0349881643372259));
#2269=CARTESIAN_POINT('',(-0.192905049873508,0.130329556910652,-0.0350700536217019));
#2270=CARTESIAN_POINT('',(-0.192787696261729,0.130052379557264,-0.035127030408761));
#2271=CARTESIAN_POINT('',(-0.192657111098433,0.129649706836065,-0.0351934964928826));
#2272=CARTESIAN_POINT('',(-0.192549835638322,0.129145002923255,-0.0352536554647834));
#2273=CARTESIAN_POINT('',(-0.192519931388747,0.128754527119804,-0.0352787665857648));
#2274=CARTESIAN_POINT('',(-0.192523652080361,0.12850000281738,-0.0352860692490976));
#2275=CARTESIAN_POINT('',(-0.167276347896827,0.113499997180995,-0.0352860692938702));
#2276=CARTESIAN_POINT('',(-0.167203253464433,0.118499999060332,-0.0354295251947805));
#2277=CARTESIAN_POINT('',(-0.167203253464433,0.123500000939668,-0.0354295251947805));
#2278=CARTESIAN_POINT('',(-0.167276347896827,0.128500002819005,-0.0352860692938702));
#2279=CARTESIAN_POINT('',(-0.167276347896826,0.128500002819001,-0.0352860692938701));
#2280=CARTESIAN_POINT('',(-0.167276347896826,0.113499997180998,-0.0352860692938701));
#2281=CARTESIAN_POINT('',(-0.16014826425065,0.113499994950125,-0.0316542070253019));
#2282=CARTESIAN_POINT('',(-0.160151988226886,0.113245276089171,-0.0316468990187472));
#2283=CARTESIAN_POINT('',(-0.1601899389004,0.112854478914391,-0.0316563566449075));
#2284=CARTESIAN_POINT('',(-0.160301833141602,0.1123493879207,-0.0317078733011722));
#2285=CARTESIAN_POINT('',(-0.160432606516782,0.111946332617792,-0.0317745854508011));
#2286=CARTESIAN_POINT('',(-0.160547769853634,0.111669191838065,-0.0318360897763091));
#2287=CARTESIAN_POINT('',(-0.160715399413878,0.111334022813234,-0.031927282568071));
#2288=CARTESIAN_POINT('',(-0.1608864213302,0.111059769120423,-0.0320214873390583));
#2289=CARTESIAN_POINT('',(-0.16103506387162,0.110859447266371,-0.0321037112865643));
#2290=CARTESIAN_POINT('',(-0.161116812106795,0.11075689679465,-0.0321489913406653));
#2291=CARTESIAN_POINT('',(-0.161209006314628,0.110649819464916,-0.0322001036855625));
#2292=CARTESIAN_POINT('',(-0.161199544776154,0.110661104092676,-0.0321948721727636));
#2293=CARTESIAN_POINT('',(-0.161245027664291,0.110609842944145,-0.0322201425630958));
#2294=CARTESIAN_POINT('',(-0.161321500489585,0.110526947593352,-0.0322626213026846));
#2295=CARTESIAN_POINT('',(-0.16145786744572,0.110393656577302,-0.0323380856208826));
#2296=CARTESIAN_POINT('',(-0.16159149888029,0.110276027951303,-0.032411800374666));
#2297=CARTESIAN_POINT('',(-0.16173482070092,0.110162494246918,-0.0324906528256256));
#2298=CARTESIAN_POINT('',(-0.161804225014778,0.110112354060419,-0.0325287347917641));
#2299=CARTESIAN_POINT('',(-0.16191951031002,0.110032104192442,-0.0325918690780458));
#2300=CARTESIAN_POINT('',(-0.162048084034235,0.109951533495155,-0.0326620091149791));
#2301=CARTESIAN_POINT('',(-0.162201416841047,0.109866560984822,-0.0327452398084901));
#2302=CARTESIAN_POINT('',(-0.162319996546568,0.109806968750015,-0.0328093567449812));
#2303=CARTESIAN_POINT('',(-0.162506871282261,0.109724820301722,-0.0329097575249767));
#2304=CARTESIAN_POINT('',(-0.162732697817898,0.109642565221018,-0.0330301495420519));
#2305=CARTESIAN_POINT('',(-0.163138866179433,0.109531729337122,-0.0332445568855043));
#2306=CARTESIAN_POINT('',(-0.163686354531983,0.1094785903558,-0.0335276342513646));
#2307=CARTESIAN_POINT('',(-0.164236193096541,0.109532504333336,-0.0338036055925946));
#2308=CARTESIAN_POINT('',(-0.164648248431831,0.109643862580248,-0.034006062988352));
#2309=CARTESIAN_POINT('',(-0.164878231489911,0.109726392837784,-0.0341178977107524));
#2310=CARTESIAN_POINT('',(-0.165069357276299,0.109808860091026,-0.0342100773498447));
#2311=CARTESIAN_POINT('',(-0.165190395273004,0.109868383056149,-0.0342680564350949));
#2312=CARTESIAN_POINT('',(-0.165347555179897,0.109953403273605,-0.0343430272261187));
#2313=CARTESIAN_POINT('',(-0.165479764047302,0.110034109856684,-0.0344057565354482));
#2314=CARTESIAN_POINT('',(-0.165598297071641,0.110114303764026,-0.0344617628186736));
#2315=CARTESIAN_POINT('',(-0.165670408936418,0.11016495190788,-0.0344957623767687));
#2316=CARTESIAN_POINT('',(-0.165816211760448,0.110276963974299,-0.0345643059966097));
#2317=CARTESIAN_POINT('',(-0.165953182656408,0.110393574033076,-0.0346285148911751));
#2318=CARTESIAN_POINT('',(-0.166093520462814,0.110525976077293,-0.0346940735169482));
#2319=CARTESIAN_POINT('',(-0.16617342741452,0.110609403373416,-0.0347312498176128));
#2320=CARTESIAN_POINT('',(-0.166221456421606,0.110661596743194,-0.0347535889447727));
#2321=CARTESIAN_POINT('',(-0.1662133280544,0.110652125464453,-0.0347497858536965));
#2322=CARTESIAN_POINT('',(-0.166308240338617,0.110758649501001,-0.0347940341866385));
#2323=CARTESIAN_POINT('',(-0.166392902573801,0.110861284285632,-0.034833543816926));
#2324=CARTESIAN_POINT('',(-0.166546417584375,0.111061365119865,-0.0349052908432135));
#2325=CARTESIAN_POINT('',(-0.166722912073788,0.111335492194799,-0.0349881643819745));
#2326=CARTESIAN_POINT('',(-0.166894950104319,0.111670443090595,-0.0350700536665015));
#2327=CARTESIAN_POINT('',(-0.167012303714783,0.111947620440834,-0.0351270304530118));
#2328=CARTESIAN_POINT('',(-0.167142888878606,0.11235029316311,-0.0351934965374924));
#2329=CARTESIAN_POINT('',(-0.167250164338664,0.112854997075603,-0.0352536555094477));
#2330=CARTESIAN_POINT('',(-0.167280068588345,0.113245472878886,-0.0352787666304982));
#2331=CARTESIAN_POINT('',(-0.167276347896826,0.113499997181002,-0.03528606929387));
#2332=CARTESIAN_POINT('',(-0.160148264250649,0.11349999646508,-0.0316542070253006));
#2333=CARTESIAN_POINT('',(-0.1601482642285,0.12850000353492,-0.031654207068766));
#2334=CARTESIAN_POINT('',(-0.160075169776901,0.123500001178307,-0.031797663007369));
#2335=CARTESIAN_POINT('',(-0.160075169776901,0.118499998821693,-0.031797663007369));
#2336=CARTESIAN_POINT('',(-0.1601482642285,0.11349999646508,-0.031654207068766));
#2337=CARTESIAN_POINT('',(-0.160148264250649,0.12850000353492,-0.0316542070253006));
#2338=CARTESIAN_POINT('',(-0.167276347896826,0.128500002818998,-0.03528606929387));
#2339=CARTESIAN_POINT('',(-0.167280071446371,0.128754722632374,-0.0352787610210028));
#2340=CARTESIAN_POINT('',(-0.167250113166559,0.129145519895826,-0.0352536179991063));
#2341=CARTESIAN_POINT('',(-0.167142664017265,0.129650612144708,-0.0351933759397316));
#2342=CARTESIAN_POINT('',(-0.167011827662918,0.1300536614151,-0.0351267939762156));
#2343=CARTESIAN_POINT('',(-0.166894369775821,0.130330819736494,-0.0350697744961509));
#2344=CARTESIAN_POINT('',(-0.166722060518164,0.130665988280382,-0.0349877635211136));
#2345=CARTESIAN_POINT('',(-0.166545318331429,0.130940243141857,-0.0349047775373913));
#2346=CARTESIAN_POINT('',(-0.166391436558549,0.13114055255422,-0.0348328604925517));
#2347=CARTESIAN_POINT('',(-0.166306744539301,0.131243111933217,-0.0347933371756417));
#2348=CARTESIAN_POINT('',(-0.166211239104454,0.13135014920961,-0.0347488122196504));
#2349=CARTESIAN_POINT('',(-0.166220907440361,0.131339002102689,-0.03475333310922));
#2350=CARTESIAN_POINT('',(-0.166173657339164,0.131390336153639,-0.0347313577318917));
#2351=CARTESIAN_POINT('',(-0.16609428378959,0.131473276082212,-0.034694432718338));
#2352=CARTESIAN_POINT('',(-0.165953119777918,0.131606504977017,-0.034628488864558));
#2353=CARTESIAN_POINT('',(-0.165815005998711,0.131724059222687,-0.034563742451562));
#2354=CARTESIAN_POINT('',(-0.165667114821232,0.131837479259598,-0.034494211920611));
#2355=CARTESIAN_POINT('',(-0.165595463641162,0.131887655517518,-0.0344604258984186));
#2356=CARTESIAN_POINT('',(-0.165476630227506,0.131967898589748,-0.0344042729854508));
#2357=CARTESIAN_POINT('',(-0.16534430156584,0.132048475316165,-0.0343414798050349));
#2358=CARTESIAN_POINT('',(-0.165186841747139,0.13213344435374,-0.0342663570036807));
#2359=CARTESIAN_POINT('',(-0.16506528814938,0.132193027830035,-0.0342081220205103));
#2360=CARTESIAN_POINT('',(-0.164874207929073,0.132275181073888,-0.0341159495980345));
#2361=CARTESIAN_POINT('',(-0.164644067401413,0.132357436312716,-0.0340040198420021));
#2362=CARTESIAN_POINT('',(-0.164231858807287,0.132468272288462,-0.0338014523751373));
#2363=CARTESIAN_POINT('',(-0.163681056788511,0.132521409656467,-0.0335249349759679));
#2364=CARTESIAN_POINT('',(-0.163134576470864,0.132467494015722,-0.0332423160508985));
#2365=CARTESIAN_POINT('',(-0.162728587256141,0.132356135868974,-0.0330279680020204));
#2366=CARTESIAN_POINT('',(-0.162502930149985,0.132273605759892,-0.032907647510317));
#2367=CARTESIAN_POINT('',(-0.162316022856277,0.132191143349295,-0.0328072141440056));
#2368=CARTESIAN_POINT('',(-0.16219795303336,0.132131611482064,-0.0327433638000615));
#2369=CARTESIAN_POINT('',(-0.162044919550466,0.132046587826263,-0.0326602864173318));
#2370=CARTESIAN_POINT('',(-0.161916467668788,0.131965887068552,-0.0325902056164919));
#2371=CARTESIAN_POINT('',(-0.161801478151623,0.131885686817998,-0.0325272284795361));
#2372=CARTESIAN_POINT('',(-0.161731628713916,0.131835073508504,-0.0324888984634124));
#2373=CARTESIAN_POINT('',(-0.161590339041411,0.131722952635629,-0.0324111588046596));
#2374=CARTESIAN_POINT('',(-0.161457817270795,0.131606271600878,-0.0323380543743226));
#2375=CARTESIAN_POINT('',(-0.161322249400571,0.131473810253046,-0.0322630330319929));
#2376=CARTESIAN_POINT('',(-0.161245257349167,0.131390425538716,-0.0322202691527059));
#2377=CARTESIAN_POINT('',(-0.161199019339046,0.131338301780716,-0.0321945807673057));
#2378=CARTESIAN_POINT('',(-0.161206989614238,0.131347904589394,-0.0321989853791429));
#2379=CARTESIAN_POINT('',(-0.161115369294921,0.131241342108573,-0.0321481910998943));
#2380=CARTESIAN_POINT('',(-0.161033649186021,0.131138715724626,-0.0321029268447763));
#2381=CARTESIAN_POINT('',(-0.160885360079918,0.130938622794422,-0.0320208998436397));
#2382=CARTESIAN_POINT('',(-0.160714574567415,0.130664496719377,-0.0319268292768896));
#2383=CARTESIAN_POINT('',(-0.160547202921847,0.130329545395929,-0.0318357844017877));
#2384=CARTESIAN_POINT('',(-0.160432135362426,0.130052385484036,-0.0317743393113751));
#2385=CARTESIAN_POINT('',(-0.160301603404572,0.129649706767413,-0.0317077622744695));
#2386=CARTESIAN_POINT('',(-0.160189878473104,0.129145004108302,-0.0316563372936923));
#2387=CARTESIAN_POINT('',(-0.160151985368526,0.128754528399851,-0.0316469046280512));
#2388=CARTESIAN_POINT('',(-0.16014826425065,0.128500005049875,-0.0316542070253019));
#2389=CARTESIAN_POINT('',(-0.179899999279944,0.0937891895770474,0.0327203437000986));
#2390=CARTESIAN_POINT('',(-0.180819362712685,0.0937899493687055,0.0327204311285741));
#2391=CARTESIAN_POINT('',(-0.18264626051294,0.0941753618794557,0.0326886612698316));
#2392=CARTESIAN_POINT('',(-0.184978817568074,0.095825065665506,0.0325954484435782));
#2393=CARTESIAN_POINT('',(-0.186534209580831,0.0983067972679887,0.0325748804388597));
#2394=CARTESIAN_POINT('',(-0.186903225968417,0.100229623029737,0.0326755151983656));
#2395=CARTESIAN_POINT('',(-0.186902660076409,0.101210326971829,0.032760129296826));
#2396=CARTESIAN_POINT('',(-0.186903832399158,0.101210341220139,0.0327599752885073));
#2397=CARTESIAN_POINT('',(-0.1799,0.093788321136464,0.032720319004646));
#2398=CARTESIAN_POINT('',(-0.186903816310949,0.101210348040421,0.0327598961321981));
#2399=CARTESIAN_POINT('',(-0.186905334248851,0.102813546555795,0.0328977226953033));
#2400=CARTESIAN_POINT('',(-0.186907981787262,0.106038545091527,0.0331419295089558));
#2401=CARTESIAN_POINT('',(-0.186910925666549,0.111016779079472,0.0334114793718859));
#2402=CARTESIAN_POINT('',(-0.186912544751786,0.115880954243574,0.033570516252324));
#2403=CARTESIAN_POINT('',(-0.186912955013438,0.119163086471294,0.0336087585433199));
#2404=CARTESIAN_POINT('',(-0.186912970280508,0.12080502682711,0.0336101480970517));
#2405=CARTESIAN_POINT('',(-0.186912981421795,0.120805026722532,0.0336102078955786));
#2406=CARTESIAN_POINT('',(-0.186912971184471,0.120999999999996,0.0336102305992295));
#2407=CARTESIAN_POINT('',(-0.18691297617739,0.120935008919884,0.0336102296075818));
#2408=CARTESIAN_POINT('',(-0.186912981170308,0.120870017839772,0.0336102286159331));
#2409=CARTESIAN_POINT('',(-0.186912986163227,0.12080502675966,0.0336102276242833));
#2410=CARTESIAN_POINT('',(-0.1869129751416,0.120999999999998,0.0336102505232659));
#2411=CARTESIAN_POINT('',(-0.186912986163227,0.12119497324036,0.0336102276242833));
#2412=CARTESIAN_POINT('',(-0.186912981170308,0.121129982160239,0.0336102286159331));
#2413=CARTESIAN_POINT('',(-0.18691297617739,0.121064991080117,0.0336102296075818));
#2414=CARTESIAN_POINT('',(-0.186912971184471,0.120999999999996,0.0336102305992295));
#2415=CARTESIAN_POINT('',(-0.186912981418178,0.121194973277504,0.0336102078962966));
#2416=CARTESIAN_POINT('',(-0.186912970266048,0.121194973172912,0.0336101480999235));
#2417=CARTESIAN_POINT('',(-0.186912954884908,0.122836881291662,0.0336087585961885));
#2418=CARTESIAN_POINT('',(-0.186912544835887,0.126118969456322,0.0335705183689722));
#2419=CARTESIAN_POINT('',(-0.186910925671461,0.130983252051665,0.0334114781815017));
#2420=CARTESIAN_POINT('',(-0.186907981633946,0.135961412746452,0.0331419318999133));
#2421=CARTESIAN_POINT('',(-0.186905334263742,0.139186437717327,0.0328977240473388));
#2422=CARTESIAN_POINT('',(-0.186903816310949,0.14078965195957,0.0327598961321988));
#2423=CARTESIAN_POINT('',(-0.172896181323044,0.140789652962553,0.0327599077727146));
#2424=CARTESIAN_POINT('',(-0.172894648372207,0.139170590532,0.0328990981162874));
#2425=CARTESIAN_POINT('',(-0.172891978076023,0.135913739015361,0.0331454058815727));
#2426=CARTESIAN_POINT('',(-0.172889022268365,0.130883466276143,0.0334161366492972));
#2427=CARTESIAN_POINT('',(-0.17288741779608,0.125974644565654,0.033574024803146));
#2428=CARTESIAN_POINT('',(-0.172886830908104,0.120999975943077,0.0336283502385044));
#2429=CARTESIAN_POINT('',(-0.17288741778764,0.116025451662065,0.0335740266982259));
#2430=CARTESIAN_POINT('',(-0.17288902222959,0.111116498488075,0.0334161355661777));
#2431=CARTESIAN_POINT('',(-0.172891978239565,0.106086305700099,0.0331454083189728));
#2432=CARTESIAN_POINT('',(-0.172894648356898,0.102829425637114,0.0328990995063415));
#2433=CARTESIAN_POINT('',(-0.172896181323044,0.101210347037456,0.0327599077727154));
#2434=CARTESIAN_POINT('',(-0.172896167600842,0.10121034122015,0.0327599752885082));
#2435=CARTESIAN_POINT('',(-0.172896181323044,0.10121034703746,0.0327599077727158));
#2436=CARTESIAN_POINT('',(-0.172897113553433,0.100225749773399,0.0326752622217603));
#2437=CARTESIAN_POINT('',(-0.173262887851006,0.0983067852178781,0.0325742700742577));
#2438=CARTESIAN_POINT('',(-0.174821249779537,0.0958243082202429,0.0325955760153884));
#2439=CARTESIAN_POINT('',(-0.17715777028284,0.0941773666088143,0.0326889030229876));
#2440=CARTESIAN_POINT('',(-0.178973151500302,0.0937884236471374,0.0327202555561659));
#2441=CARTESIAN_POINT('',(-0.179899998938914,0.0937891895767656,0.0327203437000661));
#2442=CARTESIAN_POINT('',(-0.18665739505971,0.1585,0.0308317264618257));
#2443=CARTESIAN_POINT('',(-0.180105483181531,0.1585,0.0315137260161791));
#2444=CARTESIAN_POINT('',(-0.173659148891903,0.1585,0.0309098564084603));
#2445=CARTESIAN_POINT('',(-0.167484063527668,0.1585,0.0291037750763969));
#2446=CARTESIAN_POINT('',(-0.161758246705976,0.1585,0.0261198678443203));
#2447=CARTESIAN_POINT('',(-0.156648128725254,0.1585,0.0220172209233658));
#2448=CARTESIAN_POINT('',(-0.15249052551106,0.1585,0.0170535467987851));
#2449=CARTESIAN_POINT('',(-0.149349565775554,0.1585,0.0113348009663723));
#2450=CARTESIAN_POINT('',(-0.147395138735462,0.1585,0.00511179511988145));
#2451=CARTESIAN_POINT('',(-0.146688465671489,0.1585,-0.00132637991788869));
#2452=CARTESIAN_POINT('',(-0.147262605188044,0.1585,-0.00785398628689466));
#2453=CARTESIAN_POINT('',(-0.149073100215541,0.1585,-0.0140583058001726));
#2454=CARTESIAN_POINT('',(-0.152092713079889,0.1585,-0.0198646880980176));
#2455=CARTESIAN_POINT('',(-0.156161580546927,0.1585,-0.0249260474551317));
#2456=CARTESIAN_POINT('',(-0.16114025330175,0.1585,-0.0291097057832432));
#2457=CARTESIAN_POINT('',(-0.16687628525781,0.1585,-0.0322514529920875));
#2458=CARTESIAN_POINT('',(-0.173041773939685,0.1585,-0.0341970195603347));
#2459=CARTESIAN_POINT('',(-0.179556788106657,0.1585,-0.0349115666443043));
#2460=CARTESIAN_POINT('',(-0.186003637652839,0.1585,-0.0343453776497674));
#2461=CARTESIAN_POINT('',(-0.192273415979182,0.1585,-0.0325241874647714));
#2462=CARTESIAN_POINT('',(-0.198052809281709,0.1585,-0.029510872261643));
#2463=CARTESIAN_POINT('',(-0.20311028780833,0.1585,-0.0254582247659302));
#2464=CARTESIAN_POINT('',(-0.207320927546608,0.1585,-0.0204392380625053));
#2465=CARTESIAN_POINT('',(-0.210430419002018,0.1585,-0.0147741148620041));
#2466=CARTESIAN_POINT('',(-0.212404078214239,0.1585,-0.00853127891096066));
#2467=CARTESIAN_POINT('',(-0.21310852673694,0.1585,-0.00208084565019259));
#2468=CARTESIAN_POINT('',(-0.212549110549734,0.1585,0.00440363358927006));
#2469=CARTESIAN_POINT('',(-0.210718240247534,0.1585,0.0106784352397815));
#2470=CARTESIAN_POINT('',(-0.207736611298011,0.1585,0.0164171698869942));
#2471=CARTESIAN_POINT('',(-0.203636280020797,0.1585,0.0215311233682898));
#2472=CARTESIAN_POINT('',(-0.198683350039579,0.1585,0.0256901409332602));
#2473=CARTESIAN_POINT('',(-0.192953362821985,0.1585,0.028840086764522));
#2474=CARTESIAN_POINT('',(-0.18665739505971,0.1585,0.0308317264618257));
#2475=CARTESIAN_POINT('',(-0.180105483181531,0.1585,0.0315137260161791));
#2476=CARTESIAN_POINT('',(-0.173659148891903,0.1585,0.0309098564084603));
#2477=CARTESIAN_POINT('',(-0.1799,0.1585,0.0313));
#2478=CARTESIAN_POINT('',(-0.173142604967652,0.0835,0.0308317511574075));
#2479=CARTESIAN_POINT('',(-0.179694517686646,0.0835,0.0315137257861061));
#2480=CARTESIAN_POINT('',(-0.18614084795298,0.0835,0.0309098371407286));
#2481=CARTESIAN_POINT('',(-0.192315916224563,0.0835,0.0291036874734222));
#2482=CARTESIAN_POINT('',(-0.19804170880457,0.0835,0.0261197213219668));
#2483=CARTESIAN_POINT('',(-0.203151801037994,0.0835,0.0220170486665933));
#2484=CARTESIAN_POINT('',(-0.207309409596973,0.0835,0.0170533724478877));
#2485=CARTESIAN_POINT('',(-0.210450394383748,0.0835,0.0113346492468373));
#2486=CARTESIAN_POINT('',(-0.212404863167832,0.0835,0.00511165707593413));
#2487=CARTESIAN_POINT('',(-0.213111542359727,0.0835,-0.00132651703385993));
#2488=CARTESIAN_POINT('',(-0.212537368976161,0.0835,-0.00785411463525855));
#2489=CARTESIAN_POINT('',(-0.210726848652448,0.0835,-0.0140584350867117));
#2490=CARTESIAN_POINT('',(-0.207707213503223,0.0835,-0.0198648002234866));
#2491=CARTESIAN_POINT('',(-0.203638322645479,0.0835,-0.0249261464116586));
#2492=CARTESIAN_POINT('',(-0.198659637493604,0.0835,-0.0291097802152715));
#2493=CARTESIAN_POINT('',(-0.192923591155705,0.0835,-0.0322515057289139));
#2494=CARTESIAN_POINT('',(-0.186758097076801,0.0835,-0.0341970464714141));
#2495=CARTESIAN_POINT('',(-0.180243081719475,0.0835,-0.0349115680969413));
#2496=CARTESIAN_POINT('',(-0.17379623273634,0.0835,-0.0343453532824883));
#2497=CARTESIAN_POINT('',(-0.167526466127205,0.0835,-0.0325241401687631));
#2498=CARTESIAN_POINT('',(-0.161747081407538,0.0835,-0.0295108009534829));
#2499=CARTESIAN_POINT('',(-0.156689622488019,0.0835,-0.0254581367845642));
#2500=CARTESIAN_POINT('',(-0.152479001096339,0.0835,-0.0204391338987855));
#2501=CARTESIAN_POINT('',(-0.149369532203413,0.0835,-0.0147739994555911));
#2502=CARTESIAN_POINT('',(-0.147395895221297,0.0835,-0.00853115874864138));
#2503=CARTESIAN_POINT('',(-0.146691477006582,0.0835,-0.00208072163146514));
#2504=CARTESIAN_POINT('',(-0.147250892640613,0.0835,0.00440375793166924));
#2505=CARTESIAN_POINT('',(-0.149081722058106,0.0835,0.0106785783520744));
#2506=CARTESIAN_POINT('',(-0.152063312818371,0.0835,0.0164173220086397));
#2507=CARTESIAN_POINT('',(-0.156163637773785,0.0835,0.0215312861205107));
#2508=CARTESIAN_POINT('',(-0.161116587504581,0.0835,0.0256902825144571));
#2509=CARTESIAN_POINT('',(-0.166846606048436,0.0835,0.0288401790111934));
#2510=CARTESIAN_POINT('',(-0.173142604967652,0.0835,0.0308317511574075));
#2511=CARTESIAN_POINT('',(-0.179694517686646,0.0835,0.0315137257861061));
#2512=CARTESIAN_POINT('',(-0.18614084795298,0.0835,0.0309098371407286));
#2513=CARTESIAN_POINT('',(-0.1799,0.0835,0.0313));
#2514=CARTESIAN_POINT('',(-0.157979689783217,0.1285,0.020220310216783));
#2515=CARTESIAN_POINT('',(-0.15533450775597,0.1285,0.017208637994538));
#2516=CARTESIAN_POINT('',(-0.15533450775597,0.129558100760509,0.017208637994538));
#2517=CARTESIAN_POINT('',(-0.155855438032474,0.131628163237495,0.017913629103165));
#2518=CARTESIAN_POINT('',(-0.157931132477696,0.132935162450327,0.0202628695530743));
#2519=CARTESIAN_POINT('',(-0.160285754700246,0.131631180537323,0.0223443367572153));
#2520=CARTESIAN_POINT('',(-0.160991362005462,0.129558098935342,0.0228654922440303));
#2521=CARTESIAN_POINT('',(-0.160991362005462,0.1285,0.0228654922440303));
#2522=CARTESIAN_POINT('',(-0.15533450775597,0.1285,0.017208637994538));
#2523=CARTESIAN_POINT('',(-0.160991362005462,0.1285,0.0228654922440304));
#2524=CARTESIAN_POINT('',(-0.155151262658471,0.1285,0.0173918830920368));
#2525=CARTESIAN_POINT('',(-0.160808116907963,0.1285,0.0230487373415292));
#2526=CARTESIAN_POINT('',(-0.160808116907963,0.1285,0.0230487373415292));
#2527=CARTESIAN_POINT('',(-0.160991362005462,0.0835,0.0228654922440304));
#2528=CARTESIAN_POINT('',(-0.160991362005462,0.1135,0.0228654922440304));
#2529=CARTESIAN_POINT('',(-0.160808116907963,0.1135,0.0230487373415292));
#2530=CARTESIAN_POINT('',(-0.157979689783217,0.1135,0.020220310216783));
#2531=CARTESIAN_POINT('',(-0.160991362005462,0.1135,0.0228654922440303));
#2532=CARTESIAN_POINT('',(-0.160991362005462,0.112441899239491,0.0228654922440303));
#2533=CARTESIAN_POINT('',(-0.160286370896835,0.110371836762505,0.0223445619675257));
#2534=CARTESIAN_POINT('',(-0.157937130446926,0.109064837549673,0.0202688675223037));
#2535=CARTESIAN_POINT('',(-0.155855663242785,0.110368819462678,0.0179142452997544));
#2536=CARTESIAN_POINT('',(-0.15533450775597,0.112441901064658,0.017208637994538));
#2537=CARTESIAN_POINT('',(-0.15533450775597,0.1135,0.017208637994538));
#2538=CARTESIAN_POINT('',(-0.15533450775597,0.1135,0.017208637994538));
#2539=CARTESIAN_POINT('',(-0.155151262658471,0.1135,0.0173918830920368));
#2540=CARTESIAN_POINT('',(-0.155151262658471,0.1135,0.0173918830920368));
#2541=CARTESIAN_POINT('',(-0.15533450775597,0.0835,0.017208637994538));
#2542=CARTESIAN_POINT('',(-0.1799,0.0835,-0.0017));
#2543=CARTESIAN_POINT('',(-0.150163356465589,0.0835,-0.01045968214648));
#2544=CARTESIAN_POINT('',(-0.150163356465589,0.1135,-0.01045968214648));
#2545=CARTESIAN_POINT('',(-0.150163356465589,0.1285,-0.01045968214648));
#2546=CARTESIAN_POINT('',(-0.150163356465589,0.1285,-0.01045968214648));
#2547=CARTESIAN_POINT('',(-0.150163356465589,0.129558100760509,-0.01045968214648));
#2548=CARTESIAN_POINT('',(-0.149899201811828,0.131628163237495,-0.00962385732325491));
#2549=CARTESIAN_POINT('',(-0.149218688947146,0.132935162450327,-0.00656373635139507));
#2550=CARTESIAN_POINT('',(-0.148918758822896,0.131631180537323,-0.0034353512322952));
#2551=CARTESIAN_POINT('',(-0.148911880745267,0.129558098935342,-0.00255817542171886));
#2552=CARTESIAN_POINT('',(-0.148911880745267,0.1285,-0.00255817542171886));
#2553=CARTESIAN_POINT('',(-0.148911880745267,0.1285,-0.00255817542171886));
#2554=CARTESIAN_POINT('',(-0.148911880745267,0.0835,-0.00255817542171886));
#2555=CARTESIAN_POINT('',(-0.148911880745267,0.1135,-0.00255817542171886));
#2556=CARTESIAN_POINT('',(-0.148911880745267,0.1135,-0.00255817542171886));
#2557=CARTESIAN_POINT('',(-0.148911880745267,0.112441899239491,-0.00255817542171886));
#2558=CARTESIAN_POINT('',(-0.148918938815195,0.110371836762505,-0.00343472034348345));
#2559=CARTESIAN_POINT('',(-0.149217362005964,0.109064837549673,-0.00655535837449999));
#2560=CARTESIAN_POINT('',(-0.149898835673615,0.110368819462678,-0.00962331293301875));
#2561=CARTESIAN_POINT('',(-0.150163356465589,0.112441901064658,-0.01045968214648));
#2562=CARTESIAN_POINT('',(-0.150163356465589,0.1135,-0.01045968214648));
#2563=CARTESIAN_POINT('',(-0.16950797119962,0.0835,-0.0309062619554792));
#2564=CARTESIAN_POINT('',(-0.16950797119962,0.1135,-0.0309062619554792));
#2565=CARTESIAN_POINT('',(-0.16950797119962,0.1285,-0.0309062619554792));
#2566=CARTESIAN_POINT('',(-0.16950797119962,0.1285,-0.0309062619554791));
#2567=CARTESIAN_POINT('',(-0.16950797119962,0.129558100760509,-0.0309062619554791));
#2568=CARTESIAN_POINT('',(-0.168676508503506,0.131628163237495,-0.0306286820549229));
#2569=CARTESIAN_POINT('',(-0.165800823206572,0.132935162450327,-0.029380534549852));
#2570=CARTESIAN_POINT('',(-0.163093611976518,0.131631180537322,-0.0277843644809966));
#2571=CARTESIAN_POINT('',(-0.162379919006113,0.129558098935342,-0.0272743379575628));
#2572=CARTESIAN_POINT('',(-0.162379919006113,0.1285,-0.0272743379575628));
#2573=CARTESIAN_POINT('',(-0.162379919006113,0.1285,-0.0272743379575628));
#2574=CARTESIAN_POINT('',(-0.162379919006113,0.0835,-0.0272743379575628));
#2575=CARTESIAN_POINT('',(-0.162379919006113,0.1135,-0.0272743379575628));
#2576=CARTESIAN_POINT('',(-0.162379919006113,0.1135,-0.0272743379575628));
#2577=CARTESIAN_POINT('',(-0.162379919006113,0.112441899239491,-0.0272743379575628));
#2578=CARTESIAN_POINT('',(-0.163093207373567,0.110371836762505,-0.0277838480370283));
#2579=CARTESIAN_POINT('',(-0.165793265324428,0.109064837549673,-0.0293766836165554));
#2580=CARTESIAN_POINT('',(-0.168675852871911,0.110368819462678,-0.0306286582824076));
#2581=CARTESIAN_POINT('',(-0.16950797119962,0.112441901064658,-0.0309062619554791));
#2582=CARTESIAN_POINT('',(-0.16950797119962,0.1135,-0.0309062619554791));
#2583=CARTESIAN_POINT('',(-0.197420080993887,0.0835,-0.0272743379575628));
#2584=CARTESIAN_POINT('',(-0.197420080993887,0.1135,-0.0272743379575628));
#2585=CARTESIAN_POINT('',(-0.197420080993887,0.1285,-0.0272743379575628));
#2586=CARTESIAN_POINT('',(-0.197420080993887,0.1285,-0.0272743379575629));
#2587=CARTESIAN_POINT('',(-0.197420080993887,0.129558100760509,-0.0272743379575629));
#2588=CARTESIAN_POINT('',(-0.196706792626433,0.131628163237495,-0.0277838480370282));
#2589=CARTESIAN_POINT('',(-0.194006734675572,0.132935162450327,-0.0293766836165554));
#2590=CARTESIAN_POINT('',(-0.191124147128089,0.131631180537322,-0.0306286582824076));
#2591=CARTESIAN_POINT('',(-0.19029202880038,0.129558098935342,-0.0309062619554792));
#2592=CARTESIAN_POINT('',(-0.19029202880038,0.1285,-0.0309062619554792));
#2593=CARTESIAN_POINT('',(-0.19029202880038,0.1285,-0.0309062619554792));
#2594=CARTESIAN_POINT('',(-0.19029202880038,0.0835,-0.0309062619554792));
#2595=CARTESIAN_POINT('',(-0.19029202880038,0.1135,-0.0309062619554792));
#2596=CARTESIAN_POINT('',(-0.19029202880038,0.1135,-0.0309062619554792));
#2597=CARTESIAN_POINT('',(-0.19029202880038,0.112441899239491,-0.0309062619554792));
#2598=CARTESIAN_POINT('',(-0.191123491496494,0.110371836762505,-0.0306286820549229));
#2599=CARTESIAN_POINT('',(-0.193999176793428,0.109064837549673,-0.029380534549852));
#2600=CARTESIAN_POINT('',(-0.196706388023482,0.110368819462678,-0.0277843644809966));
#2601=CARTESIAN_POINT('',(-0.197420080993887,0.112441901064658,-0.0272743379575629));
#2602=CARTESIAN_POINT('',(-0.197420080993887,0.1135,-0.0272743379575629));
#2603=CARTESIAN_POINT('',(-0.210888119254733,0.0835,-0.00255817542171888));
#2604=CARTESIAN_POINT('',(-0.210888119254733,0.1135,-0.00255817542171888));
#2605=CARTESIAN_POINT('',(-0.210888119254733,0.1285,-0.00255817542171888));
#2606=CARTESIAN_POINT('',(-0.210888119254733,0.1285,-0.00255817542171888));
#2607=CARTESIAN_POINT('',(-0.210888119254733,0.129558100760509,-0.00255817542171888));
#2608=CARTESIAN_POINT('',(-0.210881061184805,0.131628163237495,-0.00343472034348347));
#2609=CARTESIAN_POINT('',(-0.210582637994036,0.132935162450327,-0.00655535837450001));
#2610=CARTESIAN_POINT('',(-0.209901164326385,0.131631180537322,-0.00962331293301875));
#2611=CARTESIAN_POINT('',(-0.209636643534411,0.129558098935342,-0.01045968214648));
#2612=CARTESIAN_POINT('',(-0.209636643534411,0.1285,-0.01045968214648));
#2613=CARTESIAN_POINT('',(-0.209636643534411,0.1285,-0.01045968214648));
#2614=CARTESIAN_POINT('',(-0.209636643534411,0.0835,-0.01045968214648));
#2615=CARTESIAN_POINT('',(-0.209636643534411,0.1135,-0.01045968214648));
#2616=CARTESIAN_POINT('',(-0.209636643534411,0.1135,-0.01045968214648));
#2617=CARTESIAN_POINT('',(-0.209636643534411,0.112441899239491,-0.01045968214648));
#2618=CARTESIAN_POINT('',(-0.209900798188172,0.110371836762505,-0.00962385732325491));
#2619=CARTESIAN_POINT('',(-0.210581311052854,0.109064837549673,-0.00656373635139507));
#2620=CARTESIAN_POINT('',(-0.210881241177104,0.110368819462678,-0.00343535123229519));
#2621=CARTESIAN_POINT('',(-0.210888119254733,0.112441901064658,-0.00255817542171888));
#2622=CARTESIAN_POINT('',(-0.210888119254733,0.1135,-0.00255817542171888));
#2623=CARTESIAN_POINT('',(-0.198808637994538,0.0835,0.0228654922440303));
#2624=CARTESIAN_POINT('',(-0.198808637994538,0.1135,0.0228654922440303));
#2625=CARTESIAN_POINT('',(-0.198808637994538,0.1285,0.0228654922440303));
#2626=CARTESIAN_POINT('',(-0.198808637994538,0.1285,0.0228654922440303));
#2627=CARTESIAN_POINT('',(-0.198808637994538,0.129558100760509,0.0228654922440303));
#2628=CARTESIAN_POINT('',(-0.199513629103165,0.131628163237495,0.0223445619675257));
#2629=CARTESIAN_POINT('',(-0.201862869553074,0.132935162450327,0.0202688675223037));
#2630=CARTESIAN_POINT('',(-0.203944336757215,0.131631180537322,0.0179142452997543));
#2631=CARTESIAN_POINT('',(-0.20446549224403,0.129558098935342,0.017208637994538));
#2632=CARTESIAN_POINT('',(-0.20446549224403,0.1285,0.017208637994538));
#2633=CARTESIAN_POINT('',(-0.20446549224403,0.1285,0.017208637994538));
#2634=CARTESIAN_POINT('',(-0.20446549224403,0.0835,0.017208637994538));
#2635=CARTESIAN_POINT('',(-0.20446549224403,0.1135,0.017208637994538));
#2636=CARTESIAN_POINT('',(-0.20446549224403,0.1135,0.017208637994538));
#2637=CARTESIAN_POINT('',(-0.20446549224403,0.112441899239491,0.017208637994538));
#2638=CARTESIAN_POINT('',(-0.203944561967526,0.110371836762505,0.017913629103165));
#2639=CARTESIAN_POINT('',(-0.201868867522304,0.109064837549673,0.0202628695530743));
#2640=CARTESIAN_POINT('',(-0.199514245299754,0.110368819462678,0.0223443367572153));
#2641=CARTESIAN_POINT('',(-0.198808637994538,0.112441901064658,0.0228654922440303));
#2642=CARTESIAN_POINT('',(-0.198808637994538,0.1135,0.0228654922440303));
#2643=CARTESIAN_POINT('',(-0.1799,0.1585,-0.0017));
#2644=CARTESIAN_POINT('',(-0.163119117688933,0.1585,-0.0277653407586031));
#2645=CARTESIAN_POINT('',(-0.163119117688933,0.1585,0.0243653407586031));
#2646=CARTESIAN_POINT('',(-0.163119117688933,0.0835,-0.0277653407586031));
#2647=CARTESIAN_POINT('',(-0.163119117688933,0.1435,-0.0277653407586031));
#2648=CARTESIAN_POINT('',(-0.1799,0.1435,-0.0017));
#2649=CARTESIAN_POINT('',(-0.165717193900285,0.1435,-0.0292653407586031));
#2650=CARTESIAN_POINT('',(-0.165717193900285,0.0835,-0.0292653407586031));
#2651=CARTESIAN_POINT('',(-0.165717193900285,0.1585,-0.0292653407586031));
#2652=CARTESIAN_POINT('',(-0.1799,0.1585,-0.0017));
#2653=CARTESIAN_POINT('',(-0.210863688410782,0.1585,-0.0032));
#2654=CARTESIAN_POINT('',(-0.210863688410782,0.0835,-0.0032));
#2655=CARTESIAN_POINT('',(-0.210863688410782,0.1435,-0.0032));
#2656=CARTESIAN_POINT('',(-0.1799,0.1435,-0.0017));
#2657=CARTESIAN_POINT('',(-0.210863688410782,0.1435,-0.0002));
#2658=CARTESIAN_POINT('',(-0.210863688410782,0.0835,-0.0002));
#2659=CARTESIAN_POINT('',(-0.210863688410782,0.1585,-0.0002));
#2660=CARTESIAN_POINT('',(-0.1799,0.1585,-0.0017));
#2661=CARTESIAN_POINT('',(-0.165717193900285,0.1585,0.0258653407586031));
#2662=CARTESIAN_POINT('',(-0.165717193900285,0.0835,0.0258653407586031));
#2663=CARTESIAN_POINT('',(-0.165717193900285,0.1435,0.0258653407586031));
#2664=CARTESIAN_POINT('',(-0.1799,0.1435,-0.0017));
#2665=CARTESIAN_POINT('',(-0.163119117688933,0.1435,0.0243653407586031));
#2666=CARTESIAN_POINT('',(-0.163119117688933,0.0835,0.0243653407586031));
#2667=CARTESIAN_POINT('',(-0.1799,0.0835,-0.0017));
#2668=CARTESIAN_POINT('',(-0.149281661441551,0.0835,0.00314946841624719));
#2669=CARTESIAN_POINT('',(-0.1799,0.0835,-0.0017));
#2670=CARTESIAN_POINT('',(-0.1799,0.1585,-0.0017));
#2671=CARTESIAN_POINT('',(-0.2109,0.1585,-0.0002));
#2672=CARTESIAN_POINT('',(-0.193819410907075,0.1585,-0.0002));
#2673=CARTESIAN_POINT('',(-0.1799,0.1585,-0.0017));
#2674=CARTESIAN_POINT('',(-0.174239332652139,0.1585,0.0111045634512412));
#2675=CARTESIAN_POINT('',(-0.181199038105676,0.1585,-0.00095));
#2676=CARTESIAN_POINT('',(-0.163100961894323,0.1585,0.0243967875173176));
#2677=CARTESIAN_POINT('',(-0.171641256440786,0.1585,0.0096045634512412));
#2678=CARTESIAN_POINT('',(-0.1799,0.1585,-0.0017));
#2679=CARTESIAN_POINT('',(-0.171641256440786,0.1585,-0.0130045634512412));
#2680=CARTESIAN_POINT('',(-0.178600961894324,0.1585,-0.00095));
#2681=CARTESIAN_POINT('',(-0.165699038105676,0.1585,-0.0292967875173176));
#2682=CARTESIAN_POINT('',(-0.174239332652139,0.1585,-0.0145045634512412));
#2683=CARTESIAN_POINT('',(-0.1799,0.1585,-0.0017));
#2684=CARTESIAN_POINT('',(-0.193819410907075,0.1585,-0.0032));
#2685=CARTESIAN_POINT('',(-0.1799,0.1585,-0.0032));
#2686=CARTESIAN_POINT('',(-0.210863688410782,0.1585,-0.0032));
#2687=CARTESIAN_POINT('',(-0.193819410907075,0.1585,-0.0032));
#2688=CARTESIAN_POINT('',(-0.193819410907075,0.1435,-0.0032));
#2689=CARTESIAN_POINT('',(-0.1799,0.1435,-0.0032));
#2690=CARTESIAN_POINT('',(-0.187009558844466,0.1435,-0.0017));
#2691=CARTESIAN_POINT('',(-0.1799,0.1435,-0.0017));
#2692=CARTESIAN_POINT('',(-0.1674,0.1435,-0.0017));
#2693=CARTESIAN_POINT('',(-0.181199038105676,0.1435,-0.00095));
#2694=CARTESIAN_POINT('',(-0.174239332652139,0.1435,0.0111045634512412));
#2695=CARTESIAN_POINT('',(-0.1799,0.1435,-0.0017));
#2696=CARTESIAN_POINT('',(-0.193819410907075,0.1435,-0.0002));
#2697=CARTESIAN_POINT('',(-0.2109,0.1435,-0.0002));
#2698=CARTESIAN_POINT('',(-0.1799,0.1435,-0.0017));
#2699=CARTESIAN_POINT('',(-0.174239332652139,0.1435,-0.0145045634512412));
#2700=CARTESIAN_POINT('',(-0.165699038105676,0.1435,-0.0292967875173176));
#2701=CARTESIAN_POINT('',(-0.178600961894324,0.1435,-0.00095));
#2702=CARTESIAN_POINT('',(-0.171641256440786,0.1435,-0.0130045634512412));
#2703=CARTESIAN_POINT('',(-0.1799,0.1435,-0.0017));
#2704=CARTESIAN_POINT('',(-0.171641256440786,0.1435,0.00960456345124118));
#2705=CARTESIAN_POINT('',(-0.163100961894323,0.1435,0.0243967875173176));
#2706=CARTESIAN_POINT('',(-0.171641256440786,0.1585,0.0096045634512412));
#2707=CARTESIAN_POINT('',(-0.171641256440786,0.1585,0.0096045634512412));
#2708=CARTESIAN_POINT('',(-0.1799,0.1585,-0.0017));
#2709=CARTESIAN_POINT('',(-0.171641256440786,0.1585,-0.0130045634512412));
#2710=CARTESIAN_POINT('',(-0.163119117688933,0.1585,-0.0277653407586031));
#2711=CARTESIAN_POINT('',(-0.174239332652139,0.1585,-0.0145045634512412));
#2712=CARTESIAN_POINT('',(-0.174239332652139,0.1585,-0.0145045634512412));
#2713=CARTESIAN_POINT('',(-0.1799,0.1585,-0.0017));
#2714=CARTESIAN_POINT('',(-0.193819410907075,0.1585,-0.0002));
#2715=CARTESIAN_POINT('',(-0.193819410907075,0.1585,-0.0002));
#2716=CARTESIAN_POINT('',(-0.1799,0.1585,-0.0017));
#2717=CARTESIAN_POINT('',(-0.174239332652139,0.1585,0.0111045634512412));
#2718=CARTESIAN_POINT('',(-0.165717193900285,0.1585,0.0258653407586031));
#2719=CARTESIAN_POINT('',(-0.1799,0.1435,-0.0017));
#2720=CARTESIAN_POINT('',(-0.1799,0.1135,-0.0017));
#2721=CARTESIAN_POINT('',(-0.1674,0.1135,-0.0017));
#2722=CARTESIAN_POINT('',(-0.1799,0.1135,-0.0017));
#2723=CARTESIAN_POINT('',(-0.201820310216783,0.1135,0.020220310216783));
#2724=CARTESIAN_POINT('',(-0.204648737341529,0.1135,0.0173918830920368));
#2725=CARTESIAN_POINT('',(-0.198991883092037,0.1135,0.0230487373415292));
#2726=CARTESIAN_POINT('',(-0.198991883092037,0.1135,0.0230487373415292));
#2727=CARTESIAN_POINT('',(-0.198991883092037,0.1285,0.0230487373415292));
#2728=CARTESIAN_POINT('',(-0.201820310216783,0.1285,0.020220310216783));
#2729=CARTESIAN_POINT('',(-0.204648737341529,0.1285,0.0173918830920368));
#2730=CARTESIAN_POINT('',(-0.204648737341529,0.1285,0.0173918830920368));
#2731=CARTESIAN_POINT('',(-0.21051833855845,0.1135,-0.00654946841624717));
#2732=CARTESIAN_POINT('',(-0.209892600698288,0.1135,-0.0105002217786277));
#2733=CARTESIAN_POINT('',(-0.21114407641861,0.1135,-0.00259871505386661));
#2734=CARTESIAN_POINT('',(-0.21114407641861,0.1135,-0.00259871505386661));
#2735=CARTESIAN_POINT('',(-0.21114407641861,0.1285,-0.00259871505386661));
#2736=CARTESIAN_POINT('',(-0.21051833855845,0.1285,-0.00654946841624717));
#2737=CARTESIAN_POINT('',(-0.209892600698288,0.1285,-0.0105002217786277));
#2738=CARTESIAN_POINT('',(-0.209892600698288,0.1285,-0.0105002217786277));
#2739=CARTESIAN_POINT('',(-0.193973705491926,0.1135,-0.0293212022498394));
#2740=CARTESIAN_POINT('',(-0.190409679395173,0.1135,-0.0311371642487976));
#2741=CARTESIAN_POINT('',(-0.19753773158868,0.1135,-0.0275052402508812));
#2742=CARTESIAN_POINT('',(-0.19753773158868,0.1135,-0.0275052402508812));
#2743=CARTESIAN_POINT('',(-0.19753773158868,0.1285,-0.0275052402508812));
#2744=CARTESIAN_POINT('',(-0.193973705491926,0.1285,-0.0293212022498394));
#2745=CARTESIAN_POINT('',(-0.190409679395173,0.1285,-0.0311371642487976));
#2746=CARTESIAN_POINT('',(-0.190409679395173,0.1285,-0.0311371642487976));
#2747=CARTESIAN_POINT('',(-0.165826294508074,0.1135,-0.0293212022498394));
#2748=CARTESIAN_POINT('',(-0.16226226841132,0.1135,-0.0275052402508812));
#2749=CARTESIAN_POINT('',(-0.169390320604828,0.1135,-0.0311371642487976));
#2750=CARTESIAN_POINT('',(-0.169390320604828,0.1135,-0.0311371642487976));
#2751=CARTESIAN_POINT('',(-0.169390320604828,0.1285,-0.0311371642487976));
#2752=CARTESIAN_POINT('',(-0.165826294508074,0.1285,-0.0293212022498394));
#2753=CARTESIAN_POINT('',(-0.16226226841132,0.1285,-0.0275052402508812));
#2754=CARTESIAN_POINT('',(-0.16226226841132,0.1285,-0.0275052402508812));
#2755=CARTESIAN_POINT('',(-0.149281661441551,0.1135,-0.00654946841624715));
#2756=CARTESIAN_POINT('',(-0.14865592358139,0.1135,-0.0025987150538666));
#2757=CARTESIAN_POINT('',(-0.149907399301712,0.1135,-0.0105002217786277));
#2758=CARTESIAN_POINT('',(-0.149907399301712,0.1135,-0.0105002217786277));
#2759=CARTESIAN_POINT('',(-0.149907399301712,0.1285,-0.0105002217786277));
#2760=CARTESIAN_POINT('',(-0.149281661441551,0.1285,-0.00654946841624715));
#2761=CARTESIAN_POINT('',(-0.14865592358139,0.1285,-0.0025987150538666));
#2762=CARTESIAN_POINT('',(-0.14865592358139,0.1285,-0.0025987150538666));
#2763=CARTESIAN_POINT('',(-0.172896167600842,0.101210341220154,0.0327599752885085));
#2764=CARTESIAN_POINT('',(-0.172896628872189,0.100723162794654,0.0327180926757585));
#2765=CARTESIAN_POINT('',(-0.172942543668345,0.100235232857945,0.032683901927536));
#2766=CARTESIAN_POINT('',(-0.173178516665074,0.0989900078092015,0.0326159641593175));
#2767=CARTESIAN_POINT('',(-0.173439081081106,0.0982472659571231,0.0325951292520436));
#2768=CARTESIAN_POINT('',(-0.174274160458882,0.0966795606566957,0.0325844219962162));
#2769=CARTESIAN_POINT('',(-0.174919726077205,0.0958982024698506,0.0326053664867689));
#2770=CARTESIAN_POINT('',(-0.176592063264723,0.0945604970362324,0.0326628014361963));
#2771=CARTESIAN_POINT('',(-0.177666899003691,0.0940742515043139,0.0326992372136756));
#2772=CARTESIAN_POINT('',(-0.179940099191013,0.0936858472956253,0.0327277435478227));
#2773=CARTESIAN_POINT('',(-0.181138656029472,0.0938014519910745,0.0327174759746711));
#2774=CARTESIAN_POINT('',(-0.18339906039065,0.0946519337960106,0.0326611796120079));
#2775=CARTESIAN_POINT('',(-0.184447085898959,0.0954198887599384,0.0326152461382623));
#2776=CARTESIAN_POINT('',(-0.186093777387001,0.0974820391225085,0.0325775945222371));
#2777=CARTESIAN_POINT('',(-0.186653125533723,0.0988069646330453,0.0325951358393389));
#2778=CARTESIAN_POINT('',(-0.186880799960545,0.100525574823175,0.0327049068361174));
#2779=CARTESIAN_POINT('',(-0.186902924342517,0.100867942373645,0.0327309194727893));
#2780=CARTESIAN_POINT('',(-0.186902768493136,0.101209962959169,0.0327606344639191));
#2781=CARTESIAN_POINT('',(-0.186902733207955,0.101287398353732,0.0327673621059383));
#2782=CARTESIAN_POINT('',(-0.186902697922774,0.101364833748296,0.0327740897479575));
#2783=CARTESIAN_POINT('',(-0.186902662637592,0.10144226914286,0.0327808173899767));
#2784=CARTESIAN_POINT('',(-0.173176111380239,0.101205474951129,0.0328164532931108));
#2785=CARTESIAN_POINT('',(-0.173175372927725,0.100737182323374,0.0327760091483835));
#2786=CARTESIAN_POINT('',(-0.173218742968902,0.100268031463061,0.0327427077442759));
#2787=CARTESIAN_POINT('',(-0.173444654643168,0.0990709144901124,0.0326757151621324));
#2788=CARTESIAN_POINT('',(-0.173695642451517,0.0983570920751294,0.0326540982825889));
#2789=CARTESIAN_POINT('',(-0.174500442594062,0.0968521984663752,0.0326393447518357));
#2790=CARTESIAN_POINT('',(-0.175122691845111,0.0961036660848307,0.0326563376762696));
#2791=CARTESIAN_POINT('',(-0.176730639727297,0.0948247294315132,0.0327050619494623));
#2792=CARTESIAN_POINT('',(-0.177761577093508,0.0943616928175672,0.0327369056422622));
#2793=CARTESIAN_POINT('',(-0.179938643277785,0.0939918844631839,0.0327617521037027));
#2794=CARTESIAN_POINT('',(-0.181085441465231,0.094101692816586,0.0327527554919665));
#2795=CARTESIAN_POINT('',(-0.183252668964247,0.0949123622267811,0.032703845970648));
#2796=CARTESIAN_POINT('',(-0.18426042969654,0.0956454591672189,0.032663963303708));
#2797=CARTESIAN_POINT('',(-0.185846589461936,0.0976216754515464,0.0326355293136686));
#2798=CARTESIAN_POINT('',(-0.18638647590352,0.0988948879003654,0.0326557743900117));
#2799=CARTESIAN_POINT('',(-0.186603206694684,0.100547186504544,0.0327631358491585));
#2800=CARTESIAN_POINT('',(-0.186623798957336,0.100876334419224,0.032788388040534));
#2801=CARTESIAN_POINT('',(-0.186622780409762,0.101205080280038,0.0328170755080151));
#2802=CARTESIAN_POINT('',(-0.186622549804832,0.101279510201864,0.03282357051287));
#2803=CARTESIAN_POINT('',(-0.186622319199901,0.10135394012369,0.0328300655177248));
#2804=CARTESIAN_POINT('',(-0.186622088594972,0.101428370045516,0.0328365605225797));
#2805=CARTESIAN_POINT('',(-0.173716302988609,0.101187425882619,0.0330259311023272));
#2806=CARTESIAN_POINT('',(-0.173713316769017,0.100756767784411,0.0329875144444685));
#2807=CARTESIAN_POINT('',(-0.173751809769319,0.100325015922818,0.0329554866082599));
#2808=CARTESIAN_POINT('',(-0.173958305808222,0.099223639853141,0.0328899409348822));
#2809=CARTESIAN_POINT('',(-0.174190724886277,0.0985673013047508,0.0328673561099032));
#2810=CARTESIAN_POINT('',(-0.174936824886484,0.0971871166083403,0.032847277817033));
#2811=CARTESIAN_POINT('',(-0.175513891392352,0.096503645235369,0.0328589568146159));
#2812=CARTESIAN_POINT('',(-0.176997441889721,0.0953410803252543,0.0328958261236909));
#2813=CARTESIAN_POINT('',(-0.177943783933265,0.0949239266327381,0.0329213334493125));
#2814=CARTESIAN_POINT('',(-0.179935824551254,0.0945908828744951,0.0329411203525056));
#2815=CARTESIAN_POINT('',(-0.180983079940036,0.0946892400014528,0.0329338917816248));
#2816=CARTESIAN_POINT('',(-0.182970802916698,0.0954211703698366,0.0328951554622117));
#2817=CARTESIAN_POINT('',(-0.183900777081245,0.0960852993938093,0.0328635441296882));
#2818=CARTESIAN_POINT('',(-0.18536972177752,0.0978911264510648,0.0328474893575434));
#2819=CARTESIAN_POINT('',(-0.185871789560805,0.0990616140371391,0.0328712337808398));
#2820=CARTESIAN_POINT('',(-0.186067472661019,0.10058188996962,0.0329750913394074));
#2821=CARTESIAN_POINT('',(-0.186085142865834,0.100884705063638,0.0329992645169566));
#2822=CARTESIAN_POINT('',(-0.186082509684407,0.101186997322065,0.0330265055761045));
#2823=CARTESIAN_POINT('',(-0.186081913517242,0.101255437998726,0.0330326731059338));
#2824=CARTESIAN_POINT('',(-0.186081317350076,0.101323878675386,0.0330388406357631));
#2825=CARTESIAN_POINT('',(-0.186080721182912,0.101392319352046,0.0330450081655924));
#2826=CARTESIAN_POINT('',(-0.174373521130295,0.101138547937849,0.0335932093961419));
#2827=CARTESIAN_POINT('',(-0.174368797424798,0.10075735573771,0.0335552399268828));
#2828=CARTESIAN_POINT('',(-0.174401931771515,0.100374865373063,0.0335235820899153));
#2829=CARTESIAN_POINT('',(-0.174585228998817,0.0993993609578247,0.0334588235203451));
#2830=CARTESIAN_POINT('',(-0.174794236480718,0.0988183209496938,0.0334365510439922));
#2831=CARTESIAN_POINT('',(-0.175466040093871,0.0975996988944544,0.0334168089117773));
#2832=CARTESIAN_POINT('',(-0.175985887443303,0.0969990208311543,0.033428375575843));
#2833=CARTESIAN_POINT('',(-0.177315945731216,0.095982156967278,0.0334646109445966));
#2834=CARTESIAN_POINT('',(-0.178160306744104,0.0956207984974649,0.033489552485675));
#2835=CARTESIAN_POINT('',(-0.179932262405973,0.0953324116348757,0.0335088706994673));
#2836=CARTESIAN_POINT('',(-0.180862047698303,0.0954170754450719,0.0335018316880967));
#2837=CARTESIAN_POINT('',(-0.182634146309148,0.0960526139863827,0.0334639475885526));
#2838=CARTESIAN_POINT('',(-0.183468067630548,0.0966313914845488,0.0334328945437238));
#2839=CARTESIAN_POINT('',(-0.184789609647824,0.0982197266880742,0.0334169998019009));
#2840=CARTESIAN_POINT('',(-0.185242959587727,0.099255829316923,0.0334403241616436));
#2841=CARTESIAN_POINT('',(-0.185414482437741,0.10060240107014,0.0335429595816155));
#2842=CARTESIAN_POINT('',(-0.185429134903975,0.100870564582139,0.0335668575156146));
#2843=CARTESIAN_POINT('',(-0.18542527289987,0.101138100222463,0.0335937843992713));
#2844=CARTESIAN_POINT('',(-0.185424398520302,0.101198671804249,0.0335998807979929));
#2845=CARTESIAN_POINT('',(-0.185423524140734,0.101259243386034,0.0336059771967144));
#2846=CARTESIAN_POINT('',(-0.185422649761166,0.10131981496782,0.0336120735954359));
#2847=CARTESIAN_POINT('',(-0.174801138748112,0.101073551250482,0.0343475621024019));
#2848=CARTESIAN_POINT('',(-0.174797158683911,0.10072903189238,0.0343079483105796));
#2849=CARTESIAN_POINT('',(-0.174827902943318,0.100383346034402,0.034275419700049));
#2850=CARTESIAN_POINT('',(-0.174996977409937,0.0995016073457313,0.0342103214012269));
#2851=CARTESIAN_POINT('',(-0.175189293346471,0.0989763076305612,0.034189760640498));
#2852=CARTESIAN_POINT('',(-0.175807541531191,0.0978740754799625,0.0341770128312816));
#2853=CARTESIAN_POINT('',(-0.176286046478985,0.0973303248955647,0.0341947847251264));
#2854=CARTESIAN_POINT('',(-0.177512256268322,0.0964090697172421,0.0342442841262939));
#2855=CARTESIAN_POINT('',(-0.178291918679945,0.0960811194186079,0.0342759767593881));
#2856=CARTESIAN_POINT('',(-0.17992970108295,0.095819369073712,0.0343006665099493));
#2857=CARTESIAN_POINT('',(-0.180789611089197,0.0958962983212266,0.0342917868062416));
#2858=CARTESIAN_POINT('',(-0.182426334471039,0.096472839707462,0.034242975320415));
#2859=CARTESIAN_POINT('',(-0.183195129261119,0.0969975310690527,0.0342028568490792));
#2860=CARTESIAN_POINT('',(-0.184412002505418,0.0984351316053858,0.0341723102813105));
#2861=CARTESIAN_POINT('',(-0.18482876305303,0.0993719177135366,0.0341907100495425));
#2862=CARTESIAN_POINT('',(-0.184987361468357,0.100588988294464,0.0342953821392085));
#2863=CARTESIAN_POINT('',(-0.185001066615945,0.100831349701892,0.0343200850183134));
#2864=CARTESIAN_POINT('',(-0.184997786272358,0.101073147801134,0.0343481922340871));
#2865=CARTESIAN_POINT('',(-0.184997043584022,0.101127892258082,0.0343545558666743));
#2866=CARTESIAN_POINT('',(-0.184996300895685,0.10118263671503,0.0343609194992615));
#2867=CARTESIAN_POINT('',(-0.184995558207347,0.101237381171978,0.0343672831318486));
#2868=CARTESIAN_POINT('',(-0.1749,0.101024519280466,0.0349166280159592));
#2869=CARTESIAN_POINT('',(-0.174898390489327,0.100693033484619,0.0348751443629521));
#2870=CARTESIAN_POINT('',(-0.174929876192187,0.100360770853372,0.0348415765192321));
#2871=CARTESIAN_POINT('',(-0.175096709019806,0.0995129990069904,0.0347758328839959));
#2872=CARTESIAN_POINT('',(-0.175283473173031,0.099007575012931,0.0347569267084864));
#2873=CARTESIAN_POINT('',(-0.175883276669586,0.0979434273340708,0.0347512951664382));
#2874=CARTESIAN_POINT('',(-0.176347446520794,0.0974153281590449,0.0347755375268965));
#2875=CARTESIAN_POINT('',(-0.17754504677317,0.096515118154778,0.0348390344292052));
#2876=CARTESIAN_POINT('',(-0.178311676834402,0.0961906923392265,0.034877955183626));
#2877=CARTESIAN_POINT('',(-0.179928830977092,0.0959316276837471,0.0349084050961883));
#2878=CARTESIAN_POINT('',(-0.180780127698956,0.096008342434836,0.0348975387673349));
#2879=CARTESIAN_POINT('',(-0.182391234432665,0.0965769749718494,0.0348370539961688));
#2880=CARTESIAN_POINT('',(-0.183141948587175,0.0970920727838636,0.0347873185615031));
#2881=CARTESIAN_POINT('',(-0.184324448389321,0.098486862713554,0.0347415302882477));
#2882=CARTESIAN_POINT('',(-0.184727049453274,0.0993883548286688,0.0347549928634433));
#2883=CARTESIAN_POINT('',(-0.184885966589569,0.100558459199045,0.0348622292646755));
#2884=CARTESIAN_POINT('',(-0.184900648646593,0.100791515939434,0.0348878677798678));
#2885=CARTESIAN_POINT('',(-0.18489912258963,0.101024203877193,0.0349173144136673));
#2886=CARTESIAN_POINT('',(-0.184898777081704,0.101076885742066,0.0349239812980695));
#2887=CARTESIAN_POINT('',(-0.184898431573778,0.10112956760694,0.0349306481824716));
#2888=CARTESIAN_POINT('',(-0.184898086065852,0.101182249471814,0.0349373150668737));
#2889=CARTESIAN_POINT('',(-0.1749,0.101000000000003,0.0352011992198554));
#2890=CARTESIAN_POINT('',(-0.1749,0.10067178672416,0.0351587798538827));
#2891=CARTESIAN_POINT('',(-0.174932434907747,0.10034306987937,0.0351246919322545));
#2892=CARTESIAN_POINT('',(-0.1751000367403,0.0995041729257089,0.0350586251862574));
#2893=CARTESIAN_POINT('',(-0.175285560969671,0.0990038017664417,0.0350405467826634));
#2894=CARTESIAN_POINT('',(-0.175880929337197,0.0979476818847384,0.0350384757656731));
#2895=CARTESIAN_POINT('',(-0.176341612578386,0.0974213132101439,0.035065955690183));
#2896=CARTESIAN_POINT('',(-0.177535872189386,0.0965201662236284,0.0351364566988138));
#2897=CARTESIAN_POINT('',(-0.178303917110628,0.096192613327058,0.0351789944809006));
#2898=CARTESIAN_POINT('',(-0.179928630703773,0.0959309697489554,0.0352123268665763));
#2899=CARTESIAN_POINT('',(-0.180785406548632,0.0960088445556032,0.0352004663721643));
#2900=CARTESIAN_POINT('',(-0.18240066008323,0.0965817637216256,0.035134140209067));
#2901=CARTESIAN_POINT('',(-0.183149187761637,0.0970990919725385,0.035079592542311));
#2902=CARTESIAN_POINT('',(-0.184324260826685,0.0984882843608469,0.0350261779245447));
#2903=CARTESIAN_POINT('',(-0.18472268430498,0.0993808543765046,0.0350371703466154));
#2904=CARTESIAN_POINT('',(-0.184884026765344,0.100538672568319,0.0351456901336313));
#2905=CARTESIAN_POINT('',(-0.184899585434892,0.100769325194589,0.0351717968647624));
#2906=CARTESIAN_POINT('',(-0.184899245026675,0.100999745380171,0.0352019137634571));
#2907=CARTESIAN_POINT('',(-0.18489916795633,0.101051913813129,0.0352087323996216));
#2908=CARTESIAN_POINT('',(-0.184899090885985,0.101104082246086,0.0352155510357861));
#2909=CARTESIAN_POINT('',(-0.18489901381564,0.101156250679044,0.0352223696719506));
#2910=CARTESIAN_POINT('',(-0.184899244896648,0.100999776783366,0.0352015483556323));
#2911=CARTESIAN_POINT('',(-0.184899084700267,0.101048688566071,0.0346324106288981));
#2912=CARTESIAN_POINT('',(-0.18530639284489,0.101146429426988,0.0334967047654913));
#2913=CARTESIAN_POINT('',(-0.186342852240933,0.10120019864575,0.0328735044743133));
#2914=CARTESIAN_POINT('',(-0.186902768493136,0.101209962959169,0.0327606344639191));
#2915=CARTESIAN_POINT('',(-0.18489962251334,0.100999872688422,0.0352015564914388));
#2916=CARTESIAN_POINT('',(-0.172896167600842,0.101210341220154,0.0327599752885085));
#2917=CARTESIAN_POINT('',(-0.173456055159636,0.101200608682104,0.0328729312977131));
#2918=CARTESIAN_POINT('',(-0.174492481172815,0.101146899339982,0.0334962828748775));
#2919=CARTESIAN_POINT('',(-0.1749,0.10104903856093,0.034632056812063));
#2920=CARTESIAN_POINT('',(-0.1749,0.101000000000003,0.0352011992198554));
#2921=CARTESIAN_POINT('',(-0.1749,0.100999999999472,0.0352011992194992));
#2922=CARTESIAN_POINT('',(-0.184899999999363,0.100999920188967,0.0352011889049785));
#2923=CARTESIAN_POINT('',(-0.184899979177468,0.0996954705303078,0.0350326029068458));
#2924=CARTESIAN_POINT('',(-0.183819333465248,0.097082646549531,0.0350179817335615));
#2925=CARTESIAN_POINT('',(-0.17989989911411,0.0954586603033209,0.0352955939721818));
#2926=CARTESIAN_POINT('',(-0.175980806413996,0.0970827122383441,0.0350181946566971));
#2927=CARTESIAN_POINT('',(-0.174899999999999,0.0996951461407567,0.0350325556046506));
#2928=CARTESIAN_POINT('',(-0.1749,0.101000000000003,0.0352011992198554));
#2929=CARTESIAN_POINT('',(-0.1799,0.101,0.0293));
#2930=CARTESIAN_POINT('',(-0.1749,0.101,0.0293));
#2931=CARTESIAN_POINT('',(-0.1749,0.101,0.0388));
#2932=CARTESIAN_POINT('',(-0.1799,0.101,0.0388));
#2933=CARTESIAN_POINT('',(-0.1849,0.101,0.0388));
#2934=CARTESIAN_POINT('',(-0.1849,0.101,0.0293));
#2935=CARTESIAN_POINT('',(-0.1849,0.141,0.0293));
#2936=CARTESIAN_POINT('',(-0.1849,0.120997852402947,-0.196728235633998));
#2937=CARTESIAN_POINT('',(-0.1849,0.131,0.0388));
#2938=CARTESIAN_POINT('',(-0.1849,0.141,0.0388));
#2939=CARTESIAN_POINT('',(-0.1849,0.141,0.0293));
#2940=CARTESIAN_POINT('',(-0.1799,0.141,0.0293));
#2941=CARTESIAN_POINT('',(-0.1799,0.141,0.0388));
#2942=CARTESIAN_POINT('',(-0.1749,0.141,0.0388));
#2943=CARTESIAN_POINT('',(-0.1749,0.141,0.0293));
#2944=CARTESIAN_POINT('',(-0.1749,0.101,0.0293));
#2945=CARTESIAN_POINT('',(-0.1749,0.121002147597053,-0.196728235634006));
#2946=CARTESIAN_POINT('',(-0.1749,0.111,0.0388));
#2947=CARTESIAN_POINT('',(-0.1764,0.111,0.0388));
#2948=CARTESIAN_POINT('',(-0.1764,0.141,0.0388));
#2949=CARTESIAN_POINT('',(-0.1764,0.141,0.0403));
#2950=CARTESIAN_POINT('',(-0.1764,0.111,0.0403));
#2951=CARTESIAN_POINT('',(-0.1764,0.101,0.0403));
#2952=CARTESIAN_POINT('',(-0.1764,0.101,0.0388));
#2953=CARTESIAN_POINT('',(-0.1799,0.101,0.0388));
#2954=CARTESIAN_POINT('',(-0.1834,0.101,0.0388));
#2955=CARTESIAN_POINT('',(-0.1834,0.101,0.0403));
#2956=CARTESIAN_POINT('',(-0.1799,0.101,0.0403));
#2957=CARTESIAN_POINT('',(-0.1799,0.121,0.0403));
#2958=CARTESIAN_POINT('',(-0.1799,0.101,0.0403));
#2959=CARTESIAN_POINT('',(-0.1784,0.101,0.0403));
#2960=CARTESIAN_POINT('',(-0.1799,0.141,0.0403));
#2961=CARTESIAN_POINT('',(-0.1784,0.141,0.0403));
#2962=CARTESIAN_POINT('',(-0.1799,0.121,0.0403));
#2963=CARTESIAN_POINT('',(-0.1784,0.121,0.0403));
#2964=CARTESIAN_POINT('',(-0.1799,0.141,0.0403));
#2965=CARTESIAN_POINT('',(-0.1834,0.141,0.0403));
#2966=CARTESIAN_POINT('',(-0.1834,0.131,0.0403));
#2967=CARTESIAN_POINT('',(-0.1834,0.131,0.0388));
#2968=CARTESIAN_POINT('',(-0.1834,0.141,0.0388));
#2969=CARTESIAN_POINT('',(-0.1799,0.141,0.0388));
#2970=CARTESIAN_POINT('',(-0.1799,0.121,0.0293));
#2971=CARTESIAN_POINT('',(-0.178725395982035,0.119823647932425,0.0342826306032154));
#2972=CARTESIAN_POINT('',(-0.178237624551647,0.121000340163792,0.0342591444356631));
#2973=CARTESIAN_POINT('',(-0.178724106529368,0.122174991412406,0.0342825973837948));
#2974=CARTESIAN_POINT('',(-0.179900921745169,0.122662588483452,0.0343060486096438));
#2975=CARTESIAN_POINT('',(-0.181075620269516,0.122174654006347,0.0342825931144272));
#2976=CARTESIAN_POINT('',(-0.181561868252568,0.121001446206985,0.0342591682628326));
#2977=CARTESIAN_POINT('',(-0.181076904638863,0.119825681971032,0.0342825600407948));
#2978=CARTESIAN_POINT('',(-0.179900271741659,0.119337667683521,0.0343060485733032));
#2979=CARTESIAN_POINT('',(-0.178725395982035,0.119823647932425,0.0342826306032154));
#2980=CARTESIAN_POINT('',(-0.178237624551647,0.121000340163792,0.0342591444356631));
#2981=CARTESIAN_POINT('',(-0.178724106529368,0.122174991412406,0.0342825973837948));
#2982=CARTESIAN_POINT('',(-0.178400000119665,0.121,0.0342669676216104));
#2983=CARTESIAN_POINT('',(-0.179900039371317,0.121000000000596,-0.00170421605343741));
#2984=CARTESIAN_POINT('',(-0.1799,0.141,0.0293));
#2985=CARTESIAN_POINT('',(-0.178723134073634,0.13982654837775,0.0335290042507842));
#2986=CARTESIAN_POINT('',(-0.178238455200909,0.140999486788833,0.0334049399952022));
#2987=CARTESIAN_POINT('',(-0.178723045858692,0.142174607596379,0.033328589371432));
#2988=CARTESIAN_POINT('',(-0.179902774729277,0.142663417168256,0.0333109492691651));
#2989=CARTESIAN_POINT('',(-0.18107923461036,0.142171713785702,0.0333287239005706));
#2990=CARTESIAN_POINT('',(-0.181561055616725,0.140996836454447,0.0334051869451716));
#2991=CARTESIAN_POINT('',(-0.181076530572007,0.139826030230268,0.0335290788989672));
#2992=CARTESIAN_POINT('',(-0.17989855690371,0.139336855866113,0.0335948915347206));
#2993=CARTESIAN_POINT('',(-0.178723134073634,0.13982654837775,0.0335290042507842));
#2994=CARTESIAN_POINT('',(-0.178238455200909,0.140999486788833,0.0334049399952022));
#2995=CARTESIAN_POINT('',(-0.178723045858692,0.142174607596379,0.033328589371432));
#2996=CARTESIAN_POINT('',(-0.178400000122661,0.140999850521577,0.0334128922671709));
#2997=CARTESIAN_POINT('',(-0.179899997495005,0.141000661866235,-0.00196474925964787));
#2998=CARTESIAN_POINT('',(-0.1799,0.101,0.0293));
#2999=CARTESIAN_POINT('',(-0.17872438722221,0.0998239557965739,0.0333285026114258));
#3000=CARTESIAN_POINT('',(-0.178238441811187,0.101001239194883,0.0334050021553673));
#3001=CARTESIAN_POINT('',(-0.178721846269062,0.102171984328093,0.0335288419719489));
#3002=CARTESIAN_POINT('',(-0.179898859548657,0.102663411702431,0.0335949148972771));
#3003=CARTESIAN_POINT('',(-0.181075300234214,0.102174365807365,0.0335291476012775));
#3004=CARTESIAN_POINT('',(-0.181561002667326,0.101005982657658,0.0334054289207431));
#3005=CARTESIAN_POINT('',(-0.181080648336935,0.0998287899082255,0.033328728310225));
#3006=CARTESIAN_POINT('',(-0.179902209344211,0.0993368162468344,0.0333109698647065));
#3007=CARTESIAN_POINT('',(-0.17872438722221,0.0998239557965739,0.0333285026114258));
#3008=CARTESIAN_POINT('',(-0.178238441811187,0.101001239194883,0.0334050021553673));
#3009=CARTESIAN_POINT('',(-0.178721846269062,0.102171984328093,0.0335288419719489));
#3010=CARTESIAN_POINT('',(-0.17840000012267,0.101000149484033,0.0334128922008073));
#3011=CARTESIAN_POINT('',(-0.179899996868485,0.100999338133323,-0.00196474925961987));
#3012=CARTESIAN_POINT('',(-0.172896541450507,0.141184505527697,0.0327260304080084));
#3013=CARTESIAN_POINT('',(-0.172896416833952,0.141052889945084,0.0327373453681747));
#3014=CARTESIAN_POINT('',(-0.172896292217397,0.140921274362472,0.0327486603283411));
#3015=CARTESIAN_POINT('',(-0.172896167600842,0.140789658779859,0.0327599752885074));
#3016=CARTESIAN_POINT('',(-0.172889936773088,0.134208879649219,0.0333257232968253));
#3017=CARTESIAN_POINT('',(-0.172887012987013,0.127604452137762,0.033610310295375));
#3018=CARTESIAN_POINT('',(-0.172887012987013,0.114395547862246,0.0336103102953753));
#3019=CARTESIAN_POINT('',(-0.172889936773088,0.10779112035079,0.0333257232968258));
#3020=CARTESIAN_POINT('',(-0.172896167600842,0.10121034122015,0.0327599752885082));
#3021=CARTESIAN_POINT('',(-0.173176445426709,0.141189471477466,0.0327825363626253));
#3022=CARTESIAN_POINT('',(-0.173176334077886,0.141057822667939,0.0327938420061202));
#3023=CARTESIAN_POINT('',(-0.173176222729062,0.140926173858411,0.032805147649615));
#3024=CARTESIAN_POINT('',(-0.173176111380239,0.140794525048884,0.0328164532931098));
#3025=CARTESIAN_POINT('',(-0.173170543939069,0.134212084572511,0.0333817354678504));
#3026=CARTESIAN_POINT('',(-0.173167929696343,0.127606055034526,0.0336661032130182));
#3027=CARTESIAN_POINT('',(-0.173167929696343,0.114393944965483,0.0336661032130184));
#3028=CARTESIAN_POINT('',(-0.173170543939069,0.107787915427497,0.0333817354678509));
#3029=CARTESIAN_POINT('',(-0.173176111380239,0.101205474951125,0.0328164532931105));
#3030=CARTESIAN_POINT('',(-0.173716547099319,0.141207882795971,0.0329920311714728));
#3031=CARTESIAN_POINT('',(-0.173716465729082,0.141076113236445,0.033003331148424));
#3032=CARTESIAN_POINT('',(-0.173716384358846,0.140944343676919,0.033014631125375));
#3033=CARTESIAN_POINT('',(-0.173716302988609,0.140812574117394,0.0330259311023261));
#3034=CARTESIAN_POINT('',(-0.173712234476769,0.134224096141096,0.0335909299498805));
#3035=CARTESIAN_POINT('',(-0.173710321980879,0.127612061551095,0.0338751753703385));
#3036=CARTESIAN_POINT('',(-0.173710321980879,0.114387938448914,0.0338751753703387));
#3037=CARTESIAN_POINT('',(-0.173712234476769,0.107775903858912,0.033590929949881));
#3038=CARTESIAN_POINT('',(-0.173716302988609,0.101187425882615,0.0330259311023269));
#3039=CARTESIAN_POINT('',(-0.174373635652719,0.14125773034965,0.0335592233610035));
#3040=CARTESIAN_POINT('',(-0.174373597478578,0.141125637587154,0.0335705520393826));
#3041=CARTESIAN_POINT('',(-0.174373559304436,0.140993544824659,0.0335818807177617));
#3042=CARTESIAN_POINT('',(-0.174373521130295,0.140861452062163,0.0335932093961409));
#3043=CARTESIAN_POINT('',(-0.174371612423212,0.134256813937369,0.0341596433150987));
#3044=CARTESIAN_POINT('',(-0.174370714361687,0.127628421128529,0.0344446122656658));
#3045=CARTESIAN_POINT('',(-0.174370714361687,0.11437157887148,0.034444612265666));
#3046=CARTESIAN_POINT('',(-0.174371612423212,0.107743186062639,0.0341596433150991));
#3047=CARTESIAN_POINT('',(-0.174373521130295,0.101138547937846,0.0335932093961416));
#3048=CARTESIAN_POINT('',(-0.174801160967325,0.141324011344521,0.0343134029047291));
#3049=CARTESIAN_POINT('',(-0.174801153560921,0.141191490479524,0.0343247893039531));
#3050=CARTESIAN_POINT('',(-0.174801146154517,0.141058969614527,0.0343361757031769));
#3051=CARTESIAN_POINT('',(-0.174801138748112,0.140926448749529,0.0343475621024008));
#3052=CARTESIAN_POINT('',(-0.174800768427907,0.134300405499671,0.0349168820635949));
#3053=CARTESIAN_POINT('',(-0.174800594091619,0.127650217253315,0.035203282083295));
#3054=CARTESIAN_POINT('',(-0.174800594091619,0.114349782746694,0.0352032820832952));
#3055=CARTESIAN_POINT('',(-0.174800768427907,0.107699594500338,0.0349168820635954));
#3056=CARTESIAN_POINT('',(-0.174801138748112,0.101073551250479,0.0343475621024016));
#3057=CARTESIAN_POINT('',(-0.1749,0.141374010744932,0.0348823216971547));
#3058=CARTESIAN_POINT('',(-0.1749,0.141241167403137,0.0348937571367558));
#3059=CARTESIAN_POINT('',(-0.1749,0.141108324061341,0.0349051925763569));
#3060=CARTESIAN_POINT('',(-0.1749,0.140975480719545,0.0349166280159581));
#3061=CARTESIAN_POINT('',(-0.1749,0.134333313629761,0.0354883999960152));
#3062=CARTESIAN_POINT('',(-0.1749,0.127666671423847,0.0357760115330966));
#3063=CARTESIAN_POINT('',(-0.1749,0.114333328576162,0.0357760115330969));
#3064=CARTESIAN_POINT('',(-0.1749,0.107666686370248,0.0354883999960157));
#3065=CARTESIAN_POINT('',(-0.1749,0.101024519280464,0.0349166280159589));
#3066=CARTESIAN_POINT('',(-0.1749,0.141399013804132,0.0351668193133909));
#3067=CARTESIAN_POINT('',(-0.1749,0.141266009202758,0.035178279282212));
#3068=CARTESIAN_POINT('',(-0.1749,0.141133004601383,0.0351897392510332));
#3069=CARTESIAN_POINT('',(-0.1749,0.141000000000009,0.0352011992198543));
#3070=CARTESIAN_POINT('',(-0.1749,0.134349769931281,0.0357741976609114));
#3071=CARTESIAN_POINT('',(-0.1749,0.127674899627232,0.0360624151769983));
#3072=CARTESIAN_POINT('',(-0.1749,0.114325100372777,0.0360624151769985));
#3073=CARTESIAN_POINT('',(-0.1749,0.107650230068727,0.0357741976609119));
#3074=CARTESIAN_POINT('',(-0.1749,0.101,0.0352011992198551));
#3075=CARTESIAN_POINT('',(-0.1749,0.1414000139265,0.0351781992180403));
#3076=CARTESIAN_POINT('',(-0.1749,0.141267002874743,0.0351896601680302));
#3077=CARTESIAN_POINT('',(-0.1749,0.141133991822985,0.0352011211180202));
#3078=CARTESIAN_POINT('',(-0.1749,0.141000980771227,0.0352125820680102));
#3079=CARTESIAN_POINT('',(-0.1749,0.134350428183342,0.0357856295675072));
#3080=CARTESIAN_POINT('',(-0.1749,0.127675228755367,0.0360738713227543));
#3081=CARTESIAN_POINT('',(-0.1749,0.114324771244641,0.0360738713227545));
#3082=CARTESIAN_POINT('',(-0.1749,0.107649571816666,0.0357856295675077));
#3083=CARTESIAN_POINT('',(-0.1749,0.100999019228781,0.035212582068011));
#3084=CARTESIAN_POINT('',(-0.1749,0.141401014048868,0.0351895791226898));
#3085=CARTESIAN_POINT('',(-0.1749,0.141267996546727,0.0352010410538485));
#3086=CARTESIAN_POINT('',(-0.1749,0.141134979044587,0.0352125029850072));
#3087=CARTESIAN_POINT('',(-0.1749,0.141001961542446,0.035223964916166));
#3088=CARTESIAN_POINT('',(-0.1749,0.134351086435403,0.0357970614741031));
#3089=CARTESIAN_POINT('',(-0.1749,0.127675557883503,0.0360853274685104));
#3090=CARTESIAN_POINT('',(-0.1749,0.114324442116506,0.0360853274685106));
#3091=CARTESIAN_POINT('',(-0.1749,0.107648913564606,0.0357970614741036));
#3092=CARTESIAN_POINT('',(-0.1749,0.100998038457563,0.0352239649161668));
#3093=CARTESIAN_POINT('',(-0.1749,0.141402014171236,0.0352009590273392));
#3094=CARTESIAN_POINT('',(-0.1749,0.141268990218712,0.0352124219396667));
#3095=CARTESIAN_POINT('',(-0.1749,0.141135966266188,0.0352238848519943));
#3096=CARTESIAN_POINT('',(-0.1749,0.141002942313664,0.0352353477643219));
#3097=CARTESIAN_POINT('',(-0.1749,0.134351744687464,0.0358084933806989));
#3098=CARTESIAN_POINT('',(-0.1749,0.127675887011638,0.0360967836142665));
#3099=CARTESIAN_POINT('',(-0.1749,0.114324112988371,0.0360967836142667));
#3100=CARTESIAN_POINT('',(-0.1749,0.107648255312545,0.0358084933806994));
#3101=CARTESIAN_POINT('',(-0.1749,0.100997057686344,0.0352353477643227));
#3102=CARTESIAN_POINT('',(-0.186903458549493,0.100815494472303,0.0327260304080084));
#3103=CARTESIAN_POINT('',(-0.186903583166048,0.100947110054915,0.0327373453681747));
#3104=CARTESIAN_POINT('',(-0.186903707782603,0.101078725637528,0.0327486603283411));
#3105=CARTESIAN_POINT('',(-0.186903832399158,0.101210341220141,0.0327599752885074));
#3106=CARTESIAN_POINT('',(-0.186910063226912,0.107791120350781,0.0333257232968253));
#3107=CARTESIAN_POINT('',(-0.186912987012987,0.114395547862238,0.033610310295375));
#3108=CARTESIAN_POINT('',(-0.186912987012987,0.127604452137754,0.0336103102953753));
#3109=CARTESIAN_POINT('',(-0.186910063226912,0.13420887964921,0.0333257232968258));
#3110=CARTESIAN_POINT('',(-0.186903832399158,0.14078965877985,0.0327599752885082));
#3111=CARTESIAN_POINT('',(-0.186623554573291,0.100810528522534,0.0327825363626253));
#3112=CARTESIAN_POINT('',(-0.186623665922114,0.100942177332061,0.0327938420061202));
#3113=CARTESIAN_POINT('',(-0.186623777270938,0.101073826141589,0.032805147649615));
#3114=CARTESIAN_POINT('',(-0.186623888619761,0.101205474951116,0.0328164532931098));
#3115=CARTESIAN_POINT('',(-0.186629456060931,0.107787915427489,0.0333817354678504));
#3116=CARTESIAN_POINT('',(-0.186632070303656,0.114393944965474,0.0336661032130182));
#3117=CARTESIAN_POINT('',(-0.186632070303656,0.127606055034517,0.0336661032130184));
#3118=CARTESIAN_POINT('',(-0.186629456060931,0.134212084572503,0.0333817354678509));
#3119=CARTESIAN_POINT('',(-0.186623888619761,0.140794525048875,0.0328164532931105));
#3120=CARTESIAN_POINT('',(-0.186083452900681,0.100792117204029,0.0329920311714728));
#3121=CARTESIAN_POINT('',(-0.186083534270918,0.100923886763554,0.033003331148424));
#3122=CARTESIAN_POINT('',(-0.186083615641154,0.10105565632308,0.033014631125375));
#3123=CARTESIAN_POINT('',(-0.186083697011391,0.101187425882606,0.0330259311023261));
#3124=CARTESIAN_POINT('',(-0.186087765523231,0.107775903858903,0.0335909299498805));
#3125=CARTESIAN_POINT('',(-0.186089678019121,0.114387938448905,0.0338751753703385));
#3126=CARTESIAN_POINT('',(-0.186089678019121,0.127612061551086,0.0338751753703387));
#3127=CARTESIAN_POINT('',(-0.186087765523231,0.134224096141088,0.033590929949881));
#3128=CARTESIAN_POINT('',(-0.186083697011391,0.140812574117385,0.0330259311023269));
#3129=CARTESIAN_POINT('',(-0.185426364347281,0.10074226965035,0.0335592233610035));
#3130=CARTESIAN_POINT('',(-0.185426402521423,0.100874362412845,0.0335705520393826));
#3131=CARTESIAN_POINT('',(-0.185426440695564,0.101006455175341,0.0335818807177617));
#3132=CARTESIAN_POINT('',(-0.185426478869705,0.101138547937837,0.0335932093961409));
#3133=CARTESIAN_POINT('',(-0.185428387576788,0.10774318606263,0.0341596433150986));
#3134=CARTESIAN_POINT('',(-0.185429285638313,0.114371578871471,0.0344446122656658));
#3135=CARTESIAN_POINT('',(-0.185429285638313,0.12762842112852,0.034444612265666));
#3136=CARTESIAN_POINT('',(-0.185428387576788,0.134256813937361,0.0341596433150991));
#3137=CARTESIAN_POINT('',(-0.185426478869705,0.140861452062154,0.0335932093961416));
#3138=CARTESIAN_POINT('',(-0.184998839032675,0.100675988655479,0.0343134029047291));
#3139=CARTESIAN_POINT('',(-0.184998846439079,0.100808509520476,0.0343247893039531));
#3140=CARTESIAN_POINT('',(-0.184998853845484,0.100941030385473,0.0343361757031769));
#3141=CARTESIAN_POINT('',(-0.184998861251887,0.10107355125047,0.0343475621024008));
#3142=CARTESIAN_POINT('',(-0.184999231572093,0.107699594500329,0.0349168820635949));
#3143=CARTESIAN_POINT('',(-0.18499940590838,0.114349782746685,0.035203282083295));
#3144=CARTESIAN_POINT('',(-0.18499940590838,0.127650217253306,0.0352032820832952));
#3145=CARTESIAN_POINT('',(-0.184999231572093,0.134300405499662,0.0349168820635954));
#3146=CARTESIAN_POINT('',(-0.184998861251887,0.140926448749521,0.0343475621024016));
#3147=CARTESIAN_POINT('',(-0.1849,0.100625989255068,0.0348823216971547));
#3148=CARTESIAN_POINT('',(-0.1849,0.100758832596863,0.0348937571367558));
#3149=CARTESIAN_POINT('',(-0.1849,0.100891675938659,0.0349051925763569));
#3150=CARTESIAN_POINT('',(-0.1849,0.101024519280455,0.0349166280159581));
#3151=CARTESIAN_POINT('',(-0.1849,0.107666686370239,0.0354883999960152));
#3152=CARTESIAN_POINT('',(-0.1849,0.114333328576153,0.0357760115330966));
#3153=CARTESIAN_POINT('',(-0.1849,0.127666671423838,0.0357760115330969));
#3154=CARTESIAN_POINT('',(-0.1849,0.134333313629752,0.0354883999960157));
#3155=CARTESIAN_POINT('',(-0.1849,0.140975480719536,0.0349166280159589));
#3156=CARTESIAN_POINT('',(-0.1849,0.100600986195868,0.0351668193133909));
#3157=CARTESIAN_POINT('',(-0.1849,0.100733990797242,0.035178279282212));
#3158=CARTESIAN_POINT('',(-0.1849,0.100866995398617,0.0351897392510332));
#3159=CARTESIAN_POINT('',(-0.1849,0.100999999999991,0.0352011992198543));
#3160=CARTESIAN_POINT('',(-0.1849,0.107650230068718,0.0357741976609114));
#3161=CARTESIAN_POINT('',(-0.1849,0.114325100372768,0.0360624151769983));
#3162=CARTESIAN_POINT('',(-0.1849,0.127674899627223,0.0360624151769985));
#3163=CARTESIAN_POINT('',(-0.1849,0.134349769931273,0.035774197660912));
#3164=CARTESIAN_POINT('',(-0.1849,0.141,0.0352011992198551));
#3165=CARTESIAN_POINT('',(-0.1849,0.1005999860735,0.0351781992180403));
#3166=CARTESIAN_POINT('',(-0.1849,0.100732997125257,0.0351896601680302));
#3167=CARTESIAN_POINT('',(-0.1849,0.100866008177015,0.0352011211180202));
#3168=CARTESIAN_POINT('',(-0.1849,0.100999019228773,0.0352125820680102));
#3169=CARTESIAN_POINT('',(-0.1849,0.107649571816658,0.0357856295675072));
#3170=CARTESIAN_POINT('',(-0.1849,0.114324771244633,0.0360738713227543));
#3171=CARTESIAN_POINT('',(-0.1849,0.127675228755358,0.0360738713227545));
#3172=CARTESIAN_POINT('',(-0.1849,0.134350428183333,0.0357856295675078));
#3173=CARTESIAN_POINT('',(-0.1849,0.141000980771219,0.035212582068011));
#3174=CARTESIAN_POINT('',(-0.1849,0.100598985951132,0.0351895791226898));
#3175=CARTESIAN_POINT('',(-0.1849,0.100732003453272,0.0352010410538485));
#3176=CARTESIAN_POINT('',(-0.1849,0.100865020955413,0.0352125029850072));
#3177=CARTESIAN_POINT('',(-0.1849,0.100998038457554,0.035223964916166));
#3178=CARTESIAN_POINT('',(-0.1849,0.107648913564597,0.0357970614741031));
#3179=CARTESIAN_POINT('',(-0.1849,0.114324442116497,0.0360853274685104));
#3180=CARTESIAN_POINT('',(-0.1849,0.127675557883494,0.0360853274685106));
#3181=CARTESIAN_POINT('',(-0.1849,0.134351086435394,0.0357970614741037));
#3182=CARTESIAN_POINT('',(-0.1849,0.141001961542437,0.0352239649161668));
#3183=CARTESIAN_POINT('',(-0.1849,0.100597985828764,0.0352009590273392));
#3184=CARTESIAN_POINT('',(-0.1849,0.100731009781288,0.0352124219396667));
#3185=CARTESIAN_POINT('',(-0.1849,0.100864033733812,0.0352238848519943));
#3186=CARTESIAN_POINT('',(-0.1849,0.100997057686336,0.0352353477643219));
#3187=CARTESIAN_POINT('',(-0.1849,0.107648255312536,0.0358084933806989));
#3188=CARTESIAN_POINT('',(-0.1849,0.114324112988362,0.0360967836142665));
#3189=CARTESIAN_POINT('',(-0.1849,0.127675887011629,0.0360967836142667));
#3190=CARTESIAN_POINT('',(-0.1849,0.134351744687455,0.0358084933806996));
#3191=CARTESIAN_POINT('',(-0.1849,0.141002942313656,0.0352353477643227));
#3192=CARTESIAN_POINT('',(-0.186768853588385,0.12249648325253,0.0336385484518927));
#3193=CARTESIAN_POINT('',(-0.186779453806193,0.122387717379611,0.0336364880507944));
#3194=CARTESIAN_POINT('',(-0.186800741579875,0.122170231418127,0.0336323402832578));
#3195=CARTESIAN_POINT('',(-0.186827496466581,0.121898209434924,0.0336271024996251));
#3196=CARTESIAN_POINT('',(-0.186849479897444,0.121681034326206,0.0336227824832424));
#3197=CARTESIAN_POINT('',(-0.186865720216889,0.121517096289928,0.0336195842758099));
#3198=CARTESIAN_POINT('',(-0.186881811194518,0.121384033502705,0.033616404833573));
#3199=CARTESIAN_POINT('',(-0.186890556869385,0.12128418927025,0.0336146764522742));
#3200=CARTESIAN_POINT('',(-0.186902945421855,0.121237971489759,0.0336122193564955));
#3201=CARTESIAN_POINT('',(-0.186899511746027,0.12119497432365,0.033612903794587));
#3202=CARTESIAN_POINT('',(-0.186912984621715,0.121194973348269,0.0336102279304448));
#3203=CARTESIAN_POINT('',(-0.186768853588385,0.12249648325253,0.0336385484518927));
#3204=CARTESIAN_POINT('',(-0.186768853588385,0.119503516747476,0.0336385484518927));
#3205=CARTESIAN_POINT('',(-0.186757544870517,0.120501172249161,0.0336480064517351));
#3206=CARTESIAN_POINT('',(-0.186757544870517,0.121498827750846,0.0336480064517352));
#3207=CARTESIAN_POINT('',(-0.186768853588385,0.12249648325253,0.0336385484518927));
#3208=CARTESIAN_POINT('',(-0.186768853588385,0.119503516747476,0.0336385484518927));
#3209=CARTESIAN_POINT('',(-0.186768853588385,0.119503516747476,0.0336385484518927));
#3210=CARTESIAN_POINT('',(-0.186779453806193,0.119612282620394,0.0336364880507944));
#3211=CARTESIAN_POINT('',(-0.18680074157987,0.119829768581876,0.0336323402832589));
#3212=CARTESIAN_POINT('',(-0.186827496466592,0.120101790565075,0.0336271024996224));
#3213=CARTESIAN_POINT('',(-0.186849479897439,0.120318965673793,0.0336227824832436));
#3214=CARTESIAN_POINT('',(-0.186865720216897,0.120482903710068,0.0336195842758084));
#3215=CARTESIAN_POINT('',(-0.186881811194494,0.120615966497291,0.033616404833578));
#3216=CARTESIAN_POINT('',(-0.186890556869409,0.120715810729742,0.0336146764522693));
#3217=CARTESIAN_POINT('',(-0.186902945421814,0.120762028510236,0.0336122193565037));
#3218=CARTESIAN_POINT('',(-0.186899511746126,0.120805025676334,0.0336129037945673));
#3219=CARTESIAN_POINT('',(-0.186912984621714,0.120805026651722,0.0336102279304449));
#3220=CARTESIAN_POINT('',(-0.179899969967769,0.0635,-0.00170003806581262));
#3221=CARTESIAN_POINT('',(-0.186768853588385,0.0635,0.0336385484518927));
#3222=CARTESIAN_POINT('',(-0.186334426794192,0.0635,0.0340018795208097));
#3223=MECHANICAL_DESIGN_GEOMETRIC_PRESENTATION_REPRESENTATION('',(#1110),
#3224);
#3224=(
GEOMETRIC_REPRESENTATION_CONTEXT(3)
GLOBAL_UNCERTAINTY_ASSIGNED_CONTEXT((#3225))
GLOBAL_UNIT_ASSIGNED_CONTEXT((#3228,#3227,#3226))
REPRESENTATION_CONTEXT('Part 1','TOP_LEVEL_ASSEMBLY_PART')
);
#3225=UNCERTAINTY_MEASURE_WITH_UNIT(LENGTH_MEASURE(2.E-5),#3228,
'DISTANCE_ACCURACY_VALUE','Maximum Tolerance applied to model');
#3226=(
NAMED_UNIT(*)
SI_UNIT($,.STERADIAN.)
SOLID_ANGLE_UNIT()
);
#3227=(
NAMED_UNIT(*)
PLANE_ANGLE_UNIT()
SI_UNIT($,.RADIAN.)
);
#3228=(
LENGTH_UNIT()
NAMED_UNIT(*)
SI_UNIT($,.METRE.)
);
#3229=PRODUCT_DEFINITION_SHAPE('','',#3230);
#3230=PRODUCT_DEFINITION('','',#3232,#3231);
#3231=PRODUCT_DEFINITION_CONTEXT('',#3238,'design');
#3232=PRODUCT_DEFINITION_FORMATION_WITH_SPECIFIED_SOURCE('','',#3234,
 .NOT_KNOWN.);
#3233=PRODUCT_RELATED_PRODUCT_CATEGORY('','',(#3234));
#3234=PRODUCT('Part 1','Part 1','Part 1',(#3236));
#3235=PRODUCT_CATEGORY('','');
#3236=PRODUCT_CONTEXT('',#3238,'mechanical');
#3237=APPLICATION_PROTOCOL_DEFINITION('international standard',
'ap242_managed_model_based_3d_engineering',2020,#3238);
#3238=APPLICATION_CONTEXT('managed model based 3d engineering');
ENDSEC;
END-ISO-10303-21;
