ISO-10303-21;
HEADER;
/* Generated by software containing ST-Developer
 * from STEP Tools, Inc. (www.steptools.com) 
 */
/* OPTION: using custom renumber hook */

FILE_DESCRIPTION(
/* description */ ('STEP AP242 Edition 2',
'CAx-IF Rec.Pracs.---Representation and Presentation of Product Manufa
cturing Information (PMI)---4.0---2014-10-13',
'CAx-IF Rec.Pracs.---3D Tessellated Geometry---0.4---2014-09-14','2;1',
'CAx-IF Rec.Pracs.---User Defined Attributes---1.5---2016-08-15'),
/* implementation_level */ '2;1');

FILE_NAME(
/* name */ 'landedConcept v4 parts - hullcover3',
/* time_stamp */ '2026-01-03T01:02:40Z',
/* author */ (''),
/* organization */ (''),
/* preprocessor_version */ 'ST-DEVELOPER v20',
/* originating_system */ 'ONSHAPE BY PTC INC, 1.208',
/* authorisation */ '  ');

FILE_SCHEMA (('AP242_MANAGED_MODEL_BASED_3D_ENGINEERING_MIM_LF { 1 0 10303 442 3 1 4 }'));
ENDSEC;

DATA;
#10=SHAPE_REPRESENTATION_RELATIONSHIP('','',#2554,#11);
#11=ADVANCED_BREP_SHAPE_REPRESENTATION('',(#2552),#4512);
#12=TOROIDAL_SURFACE('',#2756,0.07454,0.002);
#13=TOROIDAL_SURFACE('',#2770,0.07454,0.002);
#14=TOROIDAL_SURFACE('',#2775,0.07454,0.002);
#15=PLANE('',#2574);
#16=PLANE('',#2582);
#17=PLANE('',#2589);
#18=PLANE('',#2595);
#19=PLANE('',#2599);
#20=PLANE('',#2602);
#21=PLANE('',#2606);
#22=PLANE('',#2609);
#23=PLANE('',#2612);
#24=PLANE('',#2622);
#25=PLANE('',#2629);
#26=PLANE('',#2635);
#27=PLANE('',#2639);
#28=PLANE('',#2644);
#29=PLANE('',#2658);
#30=PLANE('',#2659);
#31=PLANE('',#2664);
#32=PLANE('',#2669);
#33=PLANE('',#2672);
#34=PLANE('',#2678);
#35=PLANE('',#2686);
#36=PLANE('',#2702);
#37=PLANE('',#2707);
#38=PLANE('',#2712);
#39=PLANE('',#2715);
#40=PLANE('',#2721);
#41=PLANE('',#2729);
#42=PLANE('',#2746);
#43=PLANE('',#2748);
#44=PLANE('',#2752);
#45=PLANE('',#2753);
#46=PLANE('',#2760);
#47=PLANE('',#2762);
#48=PLANE('',#2766);
#49=PLANE('',#2767);
#50=PLANE('',#2778);
#51=PLANE('',#2779);
#52=PLANE('',#2783);
#53=PLANE('',#2785);
#54=PLANE('',#2790);
#55=PLANE('',#2795);
#56=PLANE('',#2800);
#57=PLANE('',#2805);
#58=PLANE('',#2810);
#59=PLANE('',#2819);
#60=PLANE('',#2820);
#61=PLANE('',#2821);
#62=PLANE('',#2822);
#63=PLANE('',#2824);
#64=PLANE('',#2826);
#65=PLANE('',#2828);
#66=PLANE('',#2830);
#67=PLANE('',#2832);
#68=B_SPLINE_CURVE_WITH_KNOTS('',3,(#3602,#3603,#3604,#3605,#3606,#3607,
#3608),.UNSPECIFIED.,.F.,.F.,(4,1,1,1,4),(0.,0.0039129505253555,0.007825901050711,
0.0117388515760665,0.015651802101422),.UNSPECIFIED.);
#69=B_SPLINE_CURVE_WITH_KNOTS('',3,(#3612,#3613,#3614,#3615,#3616),
 .UNSPECIFIED.,.F.,.F.,(4,1,4),(0.,0.000781094800366538,0.00156218960073308),
 .UNSPECIFIED.);
#70=B_SPLINE_CURVE_WITH_KNOTS('',3,(#3634,#3635,#3636,#3637,#3638,#3639),
 .UNSPECIFIED.,.F.,.F.,(4,1,1,4),(0.,0.00233796896975995,0.0046759379395199,
0.00935187587903981),.UNSPECIFIED.);
#71=B_SPLINE_CURVE_WITH_KNOTS('',3,(#3643,#3644,#3645,#3646,#3647,#3648),
 .UNSPECIFIED.,.F.,.F.,(4,1,1,4),(0.,0.00233796896975995,0.0046759379395199,
0.00935187587903981),.UNSPECIFIED.);
#72=B_SPLINE_CURVE_WITH_KNOTS('',3,(#3666,#3667,#3668,#3669,#3670),
 .UNSPECIFIED.,.F.,.F.,(4,1,4),(0.,0.000781094800366538,0.00156218960073308),
 .UNSPECIFIED.);
#73=B_SPLINE_CURVE_WITH_KNOTS('',3,(#3674,#3675,#3676,#3677,#3678,#3679,
#3680),.UNSPECIFIED.,.F.,.F.,(4,1,1,1,4),(0.,0.0039129505253555,0.007825901050711,
0.0117388515760665,0.015651802101422),.UNSPECIFIED.);
#74=B_SPLINE_CURVE_WITH_KNOTS('',3,(#3684,#3685,#3686,#3687,#3688,#3689),
 .UNSPECIFIED.,.F.,.F.,(4,1,1,4),(0.,0.00233796896975995,0.00467593793951989,
0.00935187587903979),.UNSPECIFIED.);
#75=B_SPLINE_CURVE_WITH_KNOTS('',3,(#3707,#3708,#3709,#3710,#3711),
 .UNSPECIFIED.,.F.,.F.,(4,1,4),(0.,0.00078109480036656,0.00156218960073312),
 .UNSPECIFIED.);
#76=B_SPLINE_CURVE_WITH_KNOTS('',3,(#3715,#3716,#3717,#3718,#3719,#3720,
#3721),.UNSPECIFIED.,.F.,.F.,(4,1,1,1,4),(3.4897033624851E-18,0.00391295052535551,
0.00782590105071102,0.0117388515760665,0.015651802101422),.UNSPECIFIED.);
#77=B_SPLINE_CURVE_WITH_KNOTS('',3,(#3738,#3739,#3740,#3741,#3742),
 .UNSPECIFIED.,.F.,.F.,(4,1,4),(0.,0.000781097929300059,0.00156219585860012),
 .UNSPECIFIED.);
#78=B_SPLINE_CURVE_WITH_KNOTS('',3,(#3746,#3747,#3748,#3749,#3750),
 .UNSPECIFIED.,.F.,.F.,(4,1,4),(0.,0.000781094617806247,0.00156218923561249),
 .UNSPECIFIED.);
#79=B_SPLINE_CURVE_WITH_KNOTS('',3,(#3752,#3753,#3754,#3755,#3756),
 .UNSPECIFIED.,.F.,.F.,(4,1,4),(0.,0.000781097929300059,0.00156219585860012),
 .UNSPECIFIED.);
#80=B_SPLINE_CURVE_WITH_KNOTS('',3,(#3761,#3762,#3763,#3764,#3765),
 .UNSPECIFIED.,.F.,.F.,(4,1,4),(0.,0.000781094617806247,0.00156218923561249),
 .UNSPECIFIED.);
#81=B_SPLINE_CURVE_WITH_KNOTS('',3,(#3781,#3782,#3783,#3784,#3785),
 .UNSPECIFIED.,.F.,.F.,(4,1,4),(0.,0.000781097929300054,0.00156219585860011),
 .UNSPECIFIED.);
#82=B_SPLINE_CURVE_WITH_KNOTS('',3,(#3790,#3791,#3792,#3793,#3794),
 .UNSPECIFIED.,.F.,.F.,(4,1,4),(0.,0.000781094617806217,0.00156218923561243),
 .UNSPECIFIED.);
#83=B_SPLINE_CURVE_WITH_KNOTS('',3,(#3883,#3884,#3885,#3886,#3887),
 .UNSPECIFIED.,.F.,.F.,(4,1,4),(1.38777878078145E-17,0.000781097709015624,
0.00156219541803123),.UNSPECIFIED.);
#84=B_SPLINE_CURVE_WITH_KNOTS('',3,(#3984,#3985,#3986,#3987,#3988,#3989,
#3990),.UNSPECIFIED.,.F.,.F.,(4,1,1,1,4),(7.152448122691E-18,0.00391452815499665,
0.0078290563099933,0.0117435844649899,0.0156581126199866),.UNSPECIFIED.);
#85=B_SPLINE_CURVE_WITH_KNOTS('',3,(#3992,#3993,#3994,#3995,#3996,#3997,
#3998),.UNSPECIFIED.,.F.,.F.,(4,1,1,1,4),(7.152448122691E-18,0.00391452815499665,
0.0078290563099933,0.0117435844649899,0.0156581126199866),.UNSPECIFIED.);
#86=B_SPLINE_CURVE_WITH_KNOTS('',3,(#4105,#4106,#4107,#4108,#4109),
 .UNSPECIFIED.,.F.,.F.,(4,1,4),(1.38777878078145E-17,0.000781097709015624,
0.00156219541803123),.UNSPECIFIED.);
#87=B_SPLINE_CURVE_WITH_KNOTS('',3,(#4127,#4128,#4129,#4130,#4131,#4132,
#4133),.UNSPECIFIED.,.F.,.F.,(4,1,1,1,4),(0.,0.00391464365414292,0.00782928730828584,
0.0117439309624288,0.0156585746165717),.UNSPECIFIED.);
#88=B_SPLINE_CURVE_WITH_KNOTS('',3,(#4135,#4136,#4137,#4138,#4139,#4140,
#4141),.UNSPECIFIED.,.F.,.F.,(4,1,1,1,4),(6.93889390390723E-18,0.00391452815499665,
0.00782905630999328,0.0117435844649899,0.0156581126199866),
 .UNSPECIFIED.);
#89=B_SPLINE_CURVE_WITH_KNOTS('',3,(#4241,#4242,#4243,#4244,#4245),
 .UNSPECIFIED.,.F.,.F.,(4,1,4),(3.41928052873576E-19,0.000781097709015567,
0.00156219541803113),.UNSPECIFIED.);
#90=B_SPLINE_CURVE_WITH_KNOTS('',3,(#4258,#4259,#4260,#4261,#4262,#4263,
#4264),.UNSPECIFIED.,.F.,.F.,(4,1,1,1,4),(0.,0.00391464365414292,0.00782928730828584,
0.0117439309624288,0.0156585746165717),.UNSPECIFIED.);
#91=B_SPLINE_CURVE_WITH_KNOTS('',3,(#4276,#4277,#4278,#4279,#4280,#4281,
#4282),.UNSPECIFIED.,.F.,.F.,(4,1,1,1,4),(0.,0.00391464365414293,0.00782928730828587,
0.0117439309624288,0.0156585746165717),.UNSPECIFIED.);
#92=B_SPLINE_CURVE_WITH_KNOTS('',3,(#4305,#4306,#4307,#4308,#4309,#4310),
 .UNSPECIFIED.,.F.,.F.,(4,1,1,4),(0.,0.000939246085426909,0.00187849217085382,
0.00375698434170764),.UNSPECIFIED.);
#93=B_SPLINE_CURVE_WITH_KNOTS('',3,(#4312,#4313,#4314,#4315,#4316,#4317),
 .UNSPECIFIED.,.F.,.F.,(4,1,1,4),(0.,0.000939246085426914,0.00187849217085383,
0.00375698434170766),.UNSPECIFIED.);
#94=B_SPLINE_CURVE_WITH_KNOTS('',3,(#4319,#4320,#4321,#4322,#4323),
 .UNSPECIFIED.,.F.,.F.,(4,1,4),(0.,0.00334091653832241,0.00668183307664482),
 .UNSPECIFIED.);
#95=B_SPLINE_CURVE_WITH_KNOTS('',3,(#4348,#4349,#4350,#4351,#4352,#4353),
 .UNSPECIFIED.,.F.,.F.,(4,1,1,4),(0.,0.000939246085426908,0.00187849217085382,
0.00375698434170763),.UNSPECIFIED.);
#96=B_SPLINE_CURVE_WITH_KNOTS('',3,(#4355,#4356,#4357,#4358,#4359,#4360),
 .UNSPECIFIED.,.F.,.F.,(4,1,1,4),(0.,0.00093924608542691,0.00187849217085382,
0.00375698434170764),.UNSPECIFIED.);
#97=B_SPLINE_CURVE_WITH_KNOTS('',3,(#4362,#4363,#4364,#4365,#4366),
 .UNSPECIFIED.,.F.,.F.,(4,1,4),(0.,0.00334091653832242,0.00668183307664484),
 .UNSPECIFIED.);
#98=B_SPLINE_CURVE_WITH_KNOTS('',3,(#4371,#4372,#4373,#4374,#4375),
 .UNSPECIFIED.,.F.,.F.,(4,1,4),(0.,0.00334091653832242,0.00668183307664484),
 .UNSPECIFIED.);
#99=B_SPLINE_CURVE_WITH_KNOTS('',3,(#4377,#4378,#4379,#4380,#4381,#4382),
 .UNSPECIFIED.,.F.,.F.,(4,1,1,4),(0.,0.00093924608542691,0.00187849217085382,
0.00375698434170764),.UNSPECIFIED.);
#100=B_SPLINE_CURVE_WITH_KNOTS('',3,(#4384,#4385,#4386,#4387,#4388,#4389),
 .UNSPECIFIED.,.F.,.F.,(4,1,1,4),(0.,0.000939246085426908,0.00187849217085382,
0.00375698434170763),.UNSPECIFIED.);
#101=LINE('',#3594,#298);
#102=LINE('',#3598,#299);
#103=LINE('',#3610,#300);
#104=LINE('',#3620,#301);
#105=LINE('',#3624,#302);
#106=LINE('',#3628,#303);
#107=LINE('',#3632,#304);
#108=LINE('',#3650,#305);
#109=LINE('',#3654,#306);
#110=LINE('',#3658,#307);
#111=LINE('',#3662,#308);
#112=LINE('',#3672,#309);
#113=LINE('',#3691,#310);
#114=LINE('',#3695,#311);
#115=LINE('',#3699,#312);
#116=LINE('',#3703,#313);
#117=LINE('',#3713,#314);
#118=LINE('',#3728,#315);
#119=LINE('',#3734,#316);
#120=LINE('',#3744,#317);
#121=LINE('',#3759,#318);
#122=LINE('',#3767,#319);
#123=LINE('',#3775,#320);
#124=LINE('',#3788,#321);
#125=LINE('',#3796,#322);
#126=LINE('',#3804,#323);
#127=LINE('',#3810,#324);
#128=LINE('',#3815,#325);
#129=LINE('',#3821,#326);
#130=LINE('',#3824,#327);
#131=LINE('',#3828,#328);
#132=LINE('',#3832,#329);
#133=LINE('',#3837,#330);
#134=LINE('',#3843,#331);
#135=LINE('',#3846,#332);
#136=LINE('',#3850,#333);
#137=LINE('',#3854,#334);
#138=LINE('',#3859,#335);
#139=LINE('',#3863,#336);
#140=LINE('',#3865,#337);
#141=LINE('',#3872,#338);
#142=LINE('',#3879,#339);
#143=LINE('',#3889,#340);
#144=LINE('',#3895,#341);
#145=LINE('',#3897,#342);
#146=LINE('',#3899,#343);
#147=LINE('',#3901,#344);
#148=LINE('',#3906,#345);
#149=LINE('',#3910,#346);
#150=LINE('',#3914,#347);
#151=LINE('',#3918,#348);
#152=LINE('',#3920,#349);
#153=LINE('',#3922,#350);
#154=LINE('',#3925,#351);
#155=LINE('',#3929,#352);
#156=LINE('',#3933,#353);
#157=LINE('',#3935,#354);
#158=LINE('',#3937,#355);
#159=LINE('',#3938,#356);
#160=LINE('',#3944,#357);
#161=LINE('',#3946,#358);
#162=LINE('',#3948,#359);
#163=LINE('',#3950,#360);
#164=LINE('',#3953,#361);
#165=LINE('',#3957,#362);
#166=LINE('',#3959,#363);
#167=LINE('',#3961,#364);
#168=LINE('',#3965,#365);
#169=LINE('',#3967,#366);
#170=LINE('',#3979,#367);
#171=LINE('',#4003,#368);
#172=LINE('',#4005,#369);
#173=LINE('',#4007,#370);
#174=LINE('',#4008,#371);
#175=LINE('',#4010,#372);
#176=LINE('',#4012,#373);
#177=LINE('',#4015,#374);
#178=LINE('',#4016,#375);
#179=LINE('',#4017,#376);
#180=LINE('',#4018,#377);
#181=LINE('',#4020,#378);
#182=LINE('',#4024,#379);
#183=LINE('',#4028,#380);
#184=LINE('',#4030,#381);
#185=LINE('',#4032,#382);
#186=LINE('',#4036,#383);
#187=LINE('',#4040,#384);
#188=LINE('',#4042,#385);
#189=LINE('',#4044,#386);
#190=LINE('',#4046,#387);
#191=LINE('',#4052,#388);
#192=LINE('',#4053,#389);
#193=LINE('',#4055,#390);
#194=LINE('',#4059,#391);
#195=LINE('',#4063,#392);
#196=LINE('',#4065,#393);
#197=LINE('',#4068,#394);
#198=LINE('',#4071,#395);
#199=LINE('',#4073,#396);
#200=LINE('',#4075,#397);
#201=LINE('',#4085,#398);
#202=LINE('',#4087,#399);
#203=LINE('',#4090,#400);
#204=LINE('',#4092,#401);
#205=LINE('',#4094,#402);
#206=LINE('',#4100,#403);
#207=LINE('',#4102,#404);
#208=LINE('',#4122,#405);
#209=LINE('',#4146,#406);
#210=LINE('',#4148,#407);
#211=LINE('',#4151,#408);
#212=LINE('',#4152,#409);
#213=LINE('',#4153,#410);
#214=LINE('',#4154,#411);
#215=LINE('',#4156,#412);
#216=LINE('',#4160,#413);
#217=LINE('',#4164,#414);
#218=LINE('',#4166,#415);
#219=LINE('',#4168,#416);
#220=LINE('',#4172,#417);
#221=LINE('',#4176,#418);
#222=LINE('',#4178,#419);
#223=LINE('',#4180,#420);
#224=LINE('',#4182,#421);
#225=LINE('',#4188,#422);
#226=LINE('',#4189,#423);
#227=LINE('',#4191,#424);
#228=LINE('',#4195,#425);
#229=LINE('',#4199,#426);
#230=LINE('',#4201,#427);
#231=LINE('',#4204,#428);
#232=LINE('',#4207,#429);
#233=LINE('',#4209,#430);
#234=LINE('',#4211,#431);
#235=LINE('',#4221,#432);
#236=LINE('',#4223,#433);
#237=LINE('',#4226,#434);
#238=LINE('',#4228,#435);
#239=LINE('',#4230,#436);
#240=LINE('',#4236,#437);
#241=LINE('',#4238,#438);
#242=LINE('',#4269,#439);
#243=LINE('',#4271,#440);
#244=LINE('',#4284,#441);
#245=LINE('',#4285,#442);
#246=LINE('',#4287,#443);
#247=LINE('',#4289,#444);
#248=LINE('',#4290,#445);
#249=LINE('',#4292,#446);
#250=LINE('',#4294,#447);
#251=LINE('',#4300,#448);
#252=LINE('',#4301,#449);
#253=LINE('',#4325,#450);
#254=LINE('',#4327,#451);
#255=LINE('',#4328,#452);
#256=LINE('',#4330,#453);
#257=LINE('',#4332,#454);
#258=LINE('',#4333,#455);
#259=LINE('',#4335,#456);
#260=LINE('',#4337,#457);
#261=LINE('',#4343,#458);
#262=LINE('',#4344,#459);
#263=LINE('',#4368,#460);
#264=LINE('',#4370,#461);
#265=LINE('',#4393,#462);
#266=LINE('',#4395,#463);
#267=LINE('',#4400,#464);
#268=LINE('',#4402,#465);
#269=LINE('',#4404,#466);
#270=LINE('',#4406,#467);
#271=LINE('',#4407,#468);
#272=LINE('',#4409,#469);
#273=LINE('',#4411,#470);
#274=LINE('',#4417,#471);
#275=LINE('',#4423,#472);
#276=LINE('',#4433,#473);
#277=LINE('',#4439,#474);
#278=LINE('',#4449,#475);
#279=LINE('',#4455,#476);
#280=LINE('',#4462,#477);
#281=LINE('',#4467,#478);
#282=LINE('',#4469,#479);
#283=LINE('',#4471,#480);
#284=LINE('',#4473,#481);
#285=LINE('',#4475,#482);
#286=LINE('',#4476,#483);
#287=LINE('',#4478,#484);
#288=LINE('',#4480,#485);
#289=LINE('',#4482,#486);
#290=LINE('',#4484,#487);
#291=LINE('',#4486,#488);
#292=LINE('',#4488,#489);
#293=LINE('',#4490,#490);
#294=LINE('',#4492,#491);
#295=LINE('',#4496,#492);
#296=LINE('',#4502,#493);
#297=LINE('',#4508,#494);
#298=VECTOR('',#2840,1.);
#299=VECTOR('',#2843,1.);
#300=VECTOR('',#2846,1.);
#301=VECTOR('',#2849,1.);
#302=VECTOR('',#2852,1.);
#303=VECTOR('',#2855,1.);
#304=VECTOR('',#2858,1.);
#305=VECTOR('',#2861,1.);
#306=VECTOR('',#2864,1.);
#307=VECTOR('',#2867,1.);
#308=VECTOR('',#2870,1.);
#309=VECTOR('',#2873,1.);
#310=VECTOR('',#2876,1.);
#311=VECTOR('',#2879,1.);
#312=VECTOR('',#2882,1.);
#313=VECTOR('',#2885,1.);
#314=VECTOR('',#2888,1.);
#315=VECTOR('',#2895,1.);
#316=VECTOR('',#2900,1.);
#317=VECTOR('',#2905,1.);
#318=VECTOR('',#2908,1.);
#319=VECTOR('',#2909,1.);
#320=VECTOR('',#2918,1.);
#321=VECTOR('',#2925,1.);
#322=VECTOR('',#2926,1.);
#323=VECTOR('',#2935,1.);
#324=VECTOR('',#2942,1.);
#325=VECTOR('',#2945,1.);
#326=VECTOR('',#2952,1.);
#327=VECTOR('',#2953,1.);
#328=VECTOR('',#2956,1.);
#329=VECTOR('',#2961,1.);
#330=VECTOR('',#2964,1.);
#331=VECTOR('',#2971,1.);
#332=VECTOR('',#2972,1.);
#333=VECTOR('',#2975,1.);
#334=VECTOR('',#2980,1.);
#335=VECTOR('',#2983,1.);
#336=VECTOR('',#2986,1.);
#337=VECTOR('',#2989,1.);
#338=VECTOR('',#2994,1.);
#339=VECTOR('',#3001,1.);
#340=VECTOR('',#3004,1.);
#341=VECTOR('',#3011,1.);
#342=VECTOR('',#3014,1.);
#343=VECTOR('',#3015,1.);
#344=VECTOR('',#3016,1.);
#345=VECTOR('',#3021,1.);
#346=VECTOR('',#3024,1.);
#347=VECTOR('',#3029,1.);
#348=VECTOR('',#3034,1.);
#349=VECTOR('',#3035,1.);
#350=VECTOR('',#3036,1.);
#351=VECTOR('',#3039,1.);
#352=VECTOR('',#3044,1.);
#353=VECTOR('',#3049,1.);
#354=VECTOR('',#3052,1.);
#355=VECTOR('',#3053,1.);
#356=VECTOR('',#3054,1.);
#357=VECTOR('',#3061,1.);
#358=VECTOR('',#3064,1.);
#359=VECTOR('',#3065,1.);
#360=VECTOR('',#3068,1.);
#361=VECTOR('',#3071,1.);
#362=VECTOR('',#3076,1.);
#363=VECTOR('',#3079,1.);
#364=VECTOR('',#3080,1.);
#365=VECTOR('',#3085,1.);
#366=VECTOR('',#3088,1.);
#367=VECTOR('',#3103,1.);
#368=VECTOR('',#3110,1.);
#369=VECTOR('',#3113,1.);
#370=VECTOR('',#3114,1.);
#371=VECTOR('',#3115,1.);
#372=VECTOR('',#3116,1.);
#373=VECTOR('',#3119,1.);
#374=VECTOR('',#3120,1.);
#375=VECTOR('',#3121,1.);
#376=VECTOR('',#3122,1.);
#377=VECTOR('',#3123,1.);
#378=VECTOR('',#3124,1.);
#379=VECTOR('',#3129,1.);
#380=VECTOR('',#3134,1.);
#381=VECTOR('',#3137,1.);
#382=VECTOR('',#3138,1.);
#383=VECTOR('',#3143,1.);
#384=VECTOR('',#3148,1.);
#385=VECTOR('',#3151,1.);
#386=VECTOR('',#3152,1.);
#387=VECTOR('',#3155,1.);
#388=VECTOR('',#3162,1.);
#389=VECTOR('',#3163,1.);
#390=VECTOR('',#3164,1.);
#391=VECTOR('',#3169,1.);
#392=VECTOR('',#3174,1.);
#393=VECTOR('',#3177,1.);
#394=VECTOR('',#3178,1.);
#395=VECTOR('',#3181,1.);
#396=VECTOR('',#3182,1.);
#397=VECTOR('',#3185,1.);
#398=VECTOR('',#3196,1.);
#399=VECTOR('',#3199,1.);
#400=VECTOR('',#3200,1.);
#401=VECTOR('',#3201,1.);
#402=VECTOR('',#3202,1.);
#403=VECTOR('',#3209,1.);
#404=VECTOR('',#3212,1.);
#405=VECTOR('',#3229,1.);
#406=VECTOR('',#3236,1.);
#407=VECTOR('',#3239,1.);
#408=VECTOR('',#3240,1.);
#409=VECTOR('',#3241,1.);
#410=VECTOR('',#3242,1.);
#411=VECTOR('',#3243,1.);
#412=VECTOR('',#3244,1.);
#413=VECTOR('',#3249,1.);
#414=VECTOR('',#3254,1.);
#415=VECTOR('',#3257,1.);
#416=VECTOR('',#3258,1.);
#417=VECTOR('',#3263,1.);
#418=VECTOR('',#3268,1.);
#419=VECTOR('',#3271,1.);
#420=VECTOR('',#3272,1.);
#421=VECTOR('',#3275,1.);
#422=VECTOR('',#3282,1.);
#423=VECTOR('',#3283,1.);
#424=VECTOR('',#3284,1.);
#425=VECTOR('',#3289,1.);
#426=VECTOR('',#3294,1.);
#427=VECTOR('',#3297,1.);
#428=VECTOR('',#3298,1.);
#429=VECTOR('',#3301,1.);
#430=VECTOR('',#3302,1.);
#431=VECTOR('',#3305,1.);
#432=VECTOR('',#3316,1.);
#433=VECTOR('',#3319,1.);
#434=VECTOR('',#3320,1.);
#435=VECTOR('',#3321,1.);
#436=VECTOR('',#3322,1.);
#437=VECTOR('',#3329,1.);
#438=VECTOR('',#3332,1.);
#439=VECTOR('',#3351,1.);
#440=VECTOR('',#3354,1.);
#441=VECTOR('',#3359,1.);
#442=VECTOR('',#3360,1.);
#443=VECTOR('',#3363,1.);
#444=VECTOR('',#3364,1.);
#445=VECTOR('',#3365,1.);
#446=VECTOR('',#3366,1.);
#447=VECTOR('',#3369,1.);
#448=VECTOR('',#3380,1.);
#449=VECTOR('',#3381,1.);
#450=VECTOR('',#3394,1.);
#451=VECTOR('',#3397,1.);
#452=VECTOR('',#3398,1.);
#453=VECTOR('',#3401,1.);
#454=VECTOR('',#3402,1.);
#455=VECTOR('',#3403,1.);
#456=VECTOR('',#3404,1.);
#457=VECTOR('',#3407,1.);
#458=VECTOR('',#3418,1.);
#459=VECTOR('',#3419,1.);
#460=VECTOR('',#3432,1.);
#461=VECTOR('',#3435,1.);
#462=VECTOR('',#3446,1.);
#463=VECTOR('',#3449,1.);
#464=VECTOR('',#3458,1.);
#465=VECTOR('',#3461,1.);
#466=VECTOR('',#3464,1.);
#467=VECTOR('',#3465,1.);
#468=VECTOR('',#3466,1.);
#469=VECTOR('',#3467,1.);
#470=VECTOR('',#3470,1.);
#471=VECTOR('',#3477,1.);
#472=VECTOR('',#3486,1.);
#473=VECTOR('',#3499,1.);
#474=VECTOR('',#3508,1.);
#475=VECTOR('',#3521,1.);
#476=VECTOR('',#3530,1.);
#477=VECTOR('',#3537,1.);
#478=VECTOR('',#3542,1.);
#479=VECTOR('',#3545,1.);
#480=VECTOR('',#3546,1.);
#481=VECTOR('',#3547,1.);
#482=VECTOR('',#3548,1.);
#483=VECTOR('',#3549,1.);
#484=VECTOR('',#3550,1.);
#485=VECTOR('',#3553,1.);
#486=VECTOR('',#3554,1.);
#487=VECTOR('',#3555,1.);
#488=VECTOR('',#3558,1.);
#489=VECTOR('',#3559,1.);
#490=VECTOR('',#3560,1.);
#491=VECTOR('',#3563,1.);
#492=VECTOR('',#3568,1.);
#493=VECTOR('',#3575,1.);
#494=VECTOR('',#3584,1.);
#495=ORIENTED_EDGE('',*,*,#1247,.F.);
#496=ORIENTED_EDGE('',*,*,#1248,.T.);
#497=ORIENTED_EDGE('',*,*,#1249,.T.);
#498=ORIENTED_EDGE('',*,*,#1250,.T.);
#499=ORIENTED_EDGE('',*,*,#1251,.F.);
#500=ORIENTED_EDGE('',*,*,#1252,.F.);
#501=ORIENTED_EDGE('',*,*,#1253,.F.);
#502=ORIENTED_EDGE('',*,*,#1254,.F.);
#503=ORIENTED_EDGE('',*,*,#1255,.T.);
#504=ORIENTED_EDGE('',*,*,#1256,.F.);
#505=ORIENTED_EDGE('',*,*,#1257,.F.);
#506=ORIENTED_EDGE('',*,*,#1258,.F.);
#507=ORIENTED_EDGE('',*,*,#1259,.T.);
#508=ORIENTED_EDGE('',*,*,#1260,.F.);
#509=ORIENTED_EDGE('',*,*,#1261,.F.);
#510=ORIENTED_EDGE('',*,*,#1262,.F.);
#511=ORIENTED_EDGE('',*,*,#1263,.F.);
#512=ORIENTED_EDGE('',*,*,#1264,.F.);
#513=ORIENTED_EDGE('',*,*,#1265,.T.);
#514=ORIENTED_EDGE('',*,*,#1266,.T.);
#515=ORIENTED_EDGE('',*,*,#1267,.T.);
#516=ORIENTED_EDGE('',*,*,#1268,.T.);
#517=ORIENTED_EDGE('',*,*,#1269,.F.);
#518=ORIENTED_EDGE('',*,*,#1270,.T.);
#519=ORIENTED_EDGE('',*,*,#1271,.T.);
#520=ORIENTED_EDGE('',*,*,#1272,.T.);
#521=ORIENTED_EDGE('',*,*,#1273,.F.);
#522=ORIENTED_EDGE('',*,*,#1274,.T.);
#523=ORIENTED_EDGE('',*,*,#1275,.T.);
#524=ORIENTED_EDGE('',*,*,#1276,.T.);
#525=ORIENTED_EDGE('',*,*,#1277,.F.);
#526=ORIENTED_EDGE('',*,*,#1278,.T.);
#527=ORIENTED_EDGE('',*,*,#1279,.T.);
#528=ORIENTED_EDGE('',*,*,#1280,.T.);
#529=ORIENTED_EDGE('',*,*,#1281,.T.);
#530=ORIENTED_EDGE('',*,*,#1282,.F.);
#531=ORIENTED_EDGE('',*,*,#1283,.T.);
#532=ORIENTED_EDGE('',*,*,#1284,.T.);
#533=ORIENTED_EDGE('',*,*,#1285,.T.);
#534=ORIENTED_EDGE('',*,*,#1286,.F.);
#535=ORIENTED_EDGE('',*,*,#1287,.T.);
#536=ORIENTED_EDGE('',*,*,#1288,.T.);
#537=ORIENTED_EDGE('',*,*,#1289,.T.);
#538=ORIENTED_EDGE('',*,*,#1290,.T.);
#539=ORIENTED_EDGE('',*,*,#1291,.F.);
#540=ORIENTED_EDGE('',*,*,#1292,.F.);
#541=ORIENTED_EDGE('',*,*,#1293,.T.);
#542=ORIENTED_EDGE('',*,*,#1294,.F.);
#543=ORIENTED_EDGE('',*,*,#1295,.T.);
#544=ORIENTED_EDGE('',*,*,#1296,.F.);
#545=ORIENTED_EDGE('',*,*,#1297,.T.);
#546=ORIENTED_EDGE('',*,*,#1298,.T.);
#547=ORIENTED_EDGE('',*,*,#1299,.T.);
#548=ORIENTED_EDGE('',*,*,#1292,.T.);
#549=ORIENTED_EDGE('',*,*,#1300,.F.);
#550=ORIENTED_EDGE('',*,*,#1301,.F.);
#551=ORIENTED_EDGE('',*,*,#1302,.F.);
#552=ORIENTED_EDGE('',*,*,#1303,.F.);
#553=ORIENTED_EDGE('',*,*,#1304,.F.);
#554=ORIENTED_EDGE('',*,*,#1305,.T.);
#555=ORIENTED_EDGE('',*,*,#1306,.T.);
#556=ORIENTED_EDGE('',*,*,#1307,.F.);
#557=ORIENTED_EDGE('',*,*,#1308,.T.);
#558=ORIENTED_EDGE('',*,*,#1309,.F.);
#559=ORIENTED_EDGE('',*,*,#1301,.T.);
#560=ORIENTED_EDGE('',*,*,#1310,.F.);
#561=ORIENTED_EDGE('',*,*,#1311,.F.);
#562=ORIENTED_EDGE('',*,*,#1312,.F.);
#563=ORIENTED_EDGE('',*,*,#1313,.F.);
#564=ORIENTED_EDGE('',*,*,#1314,.F.);
#565=ORIENTED_EDGE('',*,*,#1315,.T.);
#566=ORIENTED_EDGE('',*,*,#1316,.T.);
#567=ORIENTED_EDGE('',*,*,#1317,.F.);
#568=ORIENTED_EDGE('',*,*,#1318,.T.);
#569=ORIENTED_EDGE('',*,*,#1319,.F.);
#570=ORIENTED_EDGE('',*,*,#1311,.T.);
#571=ORIENTED_EDGE('',*,*,#1320,.F.);
#572=ORIENTED_EDGE('',*,*,#1321,.T.);
#573=ORIENTED_EDGE('',*,*,#1322,.T.);
#574=ORIENTED_EDGE('',*,*,#1323,.F.);
#575=ORIENTED_EDGE('',*,*,#1324,.T.);
#576=ORIENTED_EDGE('',*,*,#1325,.T.);
#577=ORIENTED_EDGE('',*,*,#1326,.F.);
#578=ORIENTED_EDGE('',*,*,#1327,.T.);
#579=ORIENTED_EDGE('',*,*,#1328,.T.);
#580=ORIENTED_EDGE('',*,*,#1329,.F.);
#581=ORIENTED_EDGE('',*,*,#1330,.F.);
#582=ORIENTED_EDGE('',*,*,#1331,.T.);
#583=ORIENTED_EDGE('',*,*,#1332,.T.);
#584=ORIENTED_EDGE('',*,*,#1333,.F.);
#585=ORIENTED_EDGE('',*,*,#1334,.T.);
#586=ORIENTED_EDGE('',*,*,#1335,.T.);
#587=ORIENTED_EDGE('',*,*,#1336,.F.);
#588=ORIENTED_EDGE('',*,*,#1337,.T.);
#589=ORIENTED_EDGE('',*,*,#1338,.T.);
#590=ORIENTED_EDGE('',*,*,#1339,.F.);
#591=ORIENTED_EDGE('',*,*,#1340,.F.);
#592=ORIENTED_EDGE('',*,*,#1341,.T.);
#593=ORIENTED_EDGE('',*,*,#1342,.F.);
#594=ORIENTED_EDGE('',*,*,#1343,.F.);
#595=ORIENTED_EDGE('',*,*,#1344,.T.);
#596=ORIENTED_EDGE('',*,*,#1345,.T.);
#597=ORIENTED_EDGE('',*,*,#1346,.F.);
#598=ORIENTED_EDGE('',*,*,#1347,.T.);
#599=ORIENTED_EDGE('',*,*,#1348,.F.);
#600=ORIENTED_EDGE('',*,*,#1349,.F.);
#601=ORIENTED_EDGE('',*,*,#1350,.T.);
#602=ORIENTED_EDGE('',*,*,#1351,.F.);
#603=ORIENTED_EDGE('',*,*,#1352,.T.);
#604=ORIENTED_EDGE('',*,*,#1353,.F.);
#605=ORIENTED_EDGE('',*,*,#1354,.F.);
#606=ORIENTED_EDGE('',*,*,#1355,.T.);
#607=ORIENTED_EDGE('',*,*,#1351,.T.);
#608=ORIENTED_EDGE('',*,*,#1356,.T.);
#609=ORIENTED_EDGE('',*,*,#1357,.T.);
#610=ORIENTED_EDGE('',*,*,#1358,.F.);
#611=ORIENTED_EDGE('',*,*,#1359,.F.);
#612=ORIENTED_EDGE('',*,*,#1360,.T.);
#613=ORIENTED_EDGE('',*,*,#1357,.F.);
#614=ORIENTED_EDGE('',*,*,#1361,.T.);
#615=ORIENTED_EDGE('',*,*,#1362,.T.);
#616=ORIENTED_EDGE('',*,*,#1363,.T.);
#617=ORIENTED_EDGE('',*,*,#1364,.T.);
#618=ORIENTED_EDGE('',*,*,#1364,.F.);
#619=ORIENTED_EDGE('',*,*,#1365,.F.);
#620=ORIENTED_EDGE('',*,*,#1366,.F.);
#621=ORIENTED_EDGE('',*,*,#1367,.F.);
#622=ORIENTED_EDGE('',*,*,#1368,.F.);
#623=ORIENTED_EDGE('',*,*,#1366,.T.);
#624=ORIENTED_EDGE('',*,*,#1369,.F.);
#625=ORIENTED_EDGE('',*,*,#1370,.F.);
#626=ORIENTED_EDGE('',*,*,#1345,.F.);
#627=ORIENTED_EDGE('',*,*,#1371,.F.);
#628=ORIENTED_EDGE('',*,*,#1372,.F.);
#629=ORIENTED_EDGE('',*,*,#1346,.T.);
#630=ORIENTED_EDGE('',*,*,#1370,.T.);
#631=ORIENTED_EDGE('',*,*,#1373,.T.);
#632=ORIENTED_EDGE('',*,*,#1374,.T.);
#633=ORIENTED_EDGE('',*,*,#1375,.F.);
#634=ORIENTED_EDGE('',*,*,#1376,.F.);
#635=ORIENTED_EDGE('',*,*,#1347,.F.);
#636=ORIENTED_EDGE('',*,*,#1374,.F.);
#637=ORIENTED_EDGE('',*,*,#1348,.T.);
#638=ORIENTED_EDGE('',*,*,#1376,.T.);
#639=ORIENTED_EDGE('',*,*,#1377,.T.);
#640=ORIENTED_EDGE('',*,*,#1378,.F.);
#641=ORIENTED_EDGE('',*,*,#1340,.T.);
#642=ORIENTED_EDGE('',*,*,#1379,.F.);
#643=ORIENTED_EDGE('',*,*,#1380,.F.);
#644=ORIENTED_EDGE('',*,*,#1378,.T.);
#645=ORIENTED_EDGE('',*,*,#1381,.F.);
#646=ORIENTED_EDGE('',*,*,#1382,.F.);
#647=ORIENTED_EDGE('',*,*,#1341,.F.);
#648=ORIENTED_EDGE('',*,*,#1342,.T.);
#649=ORIENTED_EDGE('',*,*,#1382,.T.);
#650=ORIENTED_EDGE('',*,*,#1383,.T.);
#651=ORIENTED_EDGE('',*,*,#1384,.F.);
#652=ORIENTED_EDGE('',*,*,#1293,.F.);
#653=ORIENTED_EDGE('',*,*,#1299,.F.);
#654=ORIENTED_EDGE('',*,*,#1385,.F.);
#655=ORIENTED_EDGE('',*,*,#1343,.T.);
#656=ORIENTED_EDGE('',*,*,#1384,.T.);
#657=ORIENTED_EDGE('',*,*,#1386,.T.);
#658=ORIENTED_EDGE('',*,*,#1387,.F.);
#659=ORIENTED_EDGE('',*,*,#1294,.T.);
#660=ORIENTED_EDGE('',*,*,#1387,.T.);
#661=ORIENTED_EDGE('',*,*,#1388,.T.);
#662=ORIENTED_EDGE('',*,*,#1389,.T.);
#663=ORIENTED_EDGE('',*,*,#1295,.F.);
#664=ORIENTED_EDGE('',*,*,#1389,.F.);
#665=ORIENTED_EDGE('',*,*,#1390,.T.);
#666=ORIENTED_EDGE('',*,*,#1391,.F.);
#667=ORIENTED_EDGE('',*,*,#1296,.T.);
#668=ORIENTED_EDGE('',*,*,#1391,.T.);
#669=ORIENTED_EDGE('',*,*,#1392,.T.);
#670=ORIENTED_EDGE('',*,*,#1393,.T.);
#671=ORIENTED_EDGE('',*,*,#1394,.T.);
#672=ORIENTED_EDGE('',*,*,#1297,.F.);
#673=ORIENTED_EDGE('',*,*,#1291,.T.);
#674=ORIENTED_EDGE('',*,*,#1393,.F.);
#675=ORIENTED_EDGE('',*,*,#1395,.T.);
#676=ORIENTED_EDGE('',*,*,#1396,.F.);
#677=ORIENTED_EDGE('',*,*,#1397,.T.);
#678=ORIENTED_EDGE('',*,*,#1290,.F.);
#679=ORIENTED_EDGE('',*,*,#1398,.T.);
#680=ORIENTED_EDGE('',*,*,#1399,.T.);
#681=ORIENTED_EDGE('',*,*,#1400,.F.);
#682=ORIENTED_EDGE('',*,*,#1401,.F.);
#683=ORIENTED_EDGE('',*,*,#1402,.T.);
#684=ORIENTED_EDGE('',*,*,#1403,.F.);
#685=ORIENTED_EDGE('',*,*,#1404,.F.);
#686=ORIENTED_EDGE('',*,*,#1405,.F.);
#687=ORIENTED_EDGE('',*,*,#1399,.F.);
#688=ORIENTED_EDGE('',*,*,#1406,.F.);
#689=ORIENTED_EDGE('',*,*,#1385,.T.);
#690=ORIENTED_EDGE('',*,*,#1298,.F.);
#691=ORIENTED_EDGE('',*,*,#1394,.F.);
#692=ORIENTED_EDGE('',*,*,#1407,.F.);
#693=ORIENTED_EDGE('',*,*,#1408,.F.);
#694=ORIENTED_EDGE('',*,*,#1409,.T.);
#695=ORIENTED_EDGE('',*,*,#1410,.T.);
#696=ORIENTED_EDGE('',*,*,#1303,.T.);
#697=ORIENTED_EDGE('',*,*,#1411,.F.);
#698=ORIENTED_EDGE('',*,*,#1412,.T.);
#699=ORIENTED_EDGE('',*,*,#1404,.T.);
#700=ORIENTED_EDGE('',*,*,#1413,.T.);
#701=ORIENTED_EDGE('',*,*,#1414,.F.);
#702=ORIENTED_EDGE('',*,*,#1415,.F.);
#703=ORIENTED_EDGE('',*,*,#1416,.T.);
#704=ORIENTED_EDGE('',*,*,#1305,.F.);
#705=ORIENTED_EDGE('',*,*,#1300,.T.);
#706=ORIENTED_EDGE('',*,*,#1410,.F.);
#707=ORIENTED_EDGE('',*,*,#1306,.F.);
#708=ORIENTED_EDGE('',*,*,#1416,.F.);
#709=ORIENTED_EDGE('',*,*,#1417,.F.);
#710=ORIENTED_EDGE('',*,*,#1418,.F.);
#711=ORIENTED_EDGE('',*,*,#1307,.T.);
#712=ORIENTED_EDGE('',*,*,#1418,.T.);
#713=ORIENTED_EDGE('',*,*,#1419,.F.);
#714=ORIENTED_EDGE('',*,*,#1420,.T.);
#715=ORIENTED_EDGE('',*,*,#1308,.F.);
#716=ORIENTED_EDGE('',*,*,#1420,.F.);
#717=ORIENTED_EDGE('',*,*,#1421,.F.);
#718=ORIENTED_EDGE('',*,*,#1422,.F.);
#719=ORIENTED_EDGE('',*,*,#1309,.T.);
#720=ORIENTED_EDGE('',*,*,#1422,.T.);
#721=ORIENTED_EDGE('',*,*,#1423,.F.);
#722=ORIENTED_EDGE('',*,*,#1424,.F.);
#723=ORIENTED_EDGE('',*,*,#1337,.F.);
#724=ORIENTED_EDGE('',*,*,#1411,.T.);
#725=ORIENTED_EDGE('',*,*,#1302,.T.);
#726=ORIENTED_EDGE('',*,*,#1338,.F.);
#727=ORIENTED_EDGE('',*,*,#1424,.T.);
#728=ORIENTED_EDGE('',*,*,#1425,.F.);
#729=ORIENTED_EDGE('',*,*,#1426,.F.);
#730=ORIENTED_EDGE('',*,*,#1427,.F.);
#731=ORIENTED_EDGE('',*,*,#1339,.T.);
#732=ORIENTED_EDGE('',*,*,#1426,.T.);
#733=ORIENTED_EDGE('',*,*,#1428,.T.);
#734=ORIENTED_EDGE('',*,*,#1332,.F.);
#735=ORIENTED_EDGE('',*,*,#1429,.T.);
#736=ORIENTED_EDGE('',*,*,#1430,.T.);
#737=ORIENTED_EDGE('',*,*,#1335,.F.);
#738=ORIENTED_EDGE('',*,*,#1427,.T.);
#739=ORIENTED_EDGE('',*,*,#1431,.F.);
#740=ORIENTED_EDGE('',*,*,#1432,.F.);
#741=ORIENTED_EDGE('',*,*,#1433,.T.);
#742=ORIENTED_EDGE('',*,*,#1434,.T.);
#743=ORIENTED_EDGE('',*,*,#1333,.T.);
#744=ORIENTED_EDGE('',*,*,#1432,.T.);
#745=ORIENTED_EDGE('',*,*,#1334,.F.);
#746=ORIENTED_EDGE('',*,*,#1434,.F.);
#747=ORIENTED_EDGE('',*,*,#1435,.F.);
#748=ORIENTED_EDGE('',*,*,#1436,.F.);
#749=ORIENTED_EDGE('',*,*,#1437,.T.);
#750=ORIENTED_EDGE('',*,*,#1438,.T.);
#751=ORIENTED_EDGE('',*,*,#1439,.T.);
#752=ORIENTED_EDGE('',*,*,#1330,.T.);
#753=ORIENTED_EDGE('',*,*,#1436,.T.);
#754=ORIENTED_EDGE('',*,*,#1440,.T.);
#755=ORIENTED_EDGE('',*,*,#1441,.F.);
#756=ORIENTED_EDGE('',*,*,#1442,.T.);
#757=ORIENTED_EDGE('',*,*,#1443,.T.);
#758=ORIENTED_EDGE('',*,*,#1441,.T.);
#759=ORIENTED_EDGE('',*,*,#1444,.T.);
#760=ORIENTED_EDGE('',*,*,#1445,.F.);
#761=ORIENTED_EDGE('',*,*,#1442,.F.);
#762=ORIENTED_EDGE('',*,*,#1446,.F.);
#763=ORIENTED_EDGE('',*,*,#1447,.F.);
#764=ORIENTED_EDGE('',*,*,#1448,.T.);
#765=ORIENTED_EDGE('',*,*,#1449,.T.);
#766=ORIENTED_EDGE('',*,*,#1450,.F.);
#767=ORIENTED_EDGE('',*,*,#1451,.T.);
#768=ORIENTED_EDGE('',*,*,#1452,.F.);
#769=ORIENTED_EDGE('',*,*,#1449,.F.);
#770=ORIENTED_EDGE('',*,*,#1453,.F.);
#771=ORIENTED_EDGE('',*,*,#1454,.F.);
#772=ORIENTED_EDGE('',*,*,#1455,.T.);
#773=ORIENTED_EDGE('',*,*,#1456,.T.);
#774=ORIENTED_EDGE('',*,*,#1457,.F.);
#775=ORIENTED_EDGE('',*,*,#1454,.T.);
#776=ORIENTED_EDGE('',*,*,#1458,.F.);
#777=ORIENTED_EDGE('',*,*,#1459,.T.);
#778=ORIENTED_EDGE('',*,*,#1460,.F.);
#779=ORIENTED_EDGE('',*,*,#1304,.T.);
#780=ORIENTED_EDGE('',*,*,#1461,.F.);
#781=ORIENTED_EDGE('',*,*,#1462,.T.);
#782=ORIENTED_EDGE('',*,*,#1463,.F.);
#783=ORIENTED_EDGE('',*,*,#1464,.T.);
#784=ORIENTED_EDGE('',*,*,#1465,.T.);
#785=ORIENTED_EDGE('',*,*,#1466,.F.);
#786=ORIENTED_EDGE('',*,*,#1467,.F.);
#787=ORIENTED_EDGE('',*,*,#1468,.T.);
#788=ORIENTED_EDGE('',*,*,#1469,.T.);
#789=ORIENTED_EDGE('',*,*,#1313,.T.);
#790=ORIENTED_EDGE('',*,*,#1470,.F.);
#791=ORIENTED_EDGE('',*,*,#1471,.T.);
#792=ORIENTED_EDGE('',*,*,#1467,.T.);
#793=ORIENTED_EDGE('',*,*,#1472,.T.);
#794=ORIENTED_EDGE('',*,*,#1473,.F.);
#795=ORIENTED_EDGE('',*,*,#1474,.F.);
#796=ORIENTED_EDGE('',*,*,#1475,.T.);
#797=ORIENTED_EDGE('',*,*,#1315,.F.);
#798=ORIENTED_EDGE('',*,*,#1310,.T.);
#799=ORIENTED_EDGE('',*,*,#1469,.F.);
#800=ORIENTED_EDGE('',*,*,#1316,.F.);
#801=ORIENTED_EDGE('',*,*,#1475,.F.);
#802=ORIENTED_EDGE('',*,*,#1476,.F.);
#803=ORIENTED_EDGE('',*,*,#1477,.F.);
#804=ORIENTED_EDGE('',*,*,#1317,.T.);
#805=ORIENTED_EDGE('',*,*,#1477,.T.);
#806=ORIENTED_EDGE('',*,*,#1478,.F.);
#807=ORIENTED_EDGE('',*,*,#1479,.T.);
#808=ORIENTED_EDGE('',*,*,#1318,.F.);
#809=ORIENTED_EDGE('',*,*,#1479,.F.);
#810=ORIENTED_EDGE('',*,*,#1480,.F.);
#811=ORIENTED_EDGE('',*,*,#1481,.F.);
#812=ORIENTED_EDGE('',*,*,#1319,.T.);
#813=ORIENTED_EDGE('',*,*,#1481,.T.);
#814=ORIENTED_EDGE('',*,*,#1482,.F.);
#815=ORIENTED_EDGE('',*,*,#1483,.F.);
#816=ORIENTED_EDGE('',*,*,#1327,.F.);
#817=ORIENTED_EDGE('',*,*,#1470,.T.);
#818=ORIENTED_EDGE('',*,*,#1312,.T.);
#819=ORIENTED_EDGE('',*,*,#1328,.F.);
#820=ORIENTED_EDGE('',*,*,#1483,.T.);
#821=ORIENTED_EDGE('',*,*,#1484,.F.);
#822=ORIENTED_EDGE('',*,*,#1485,.F.);
#823=ORIENTED_EDGE('',*,*,#1486,.F.);
#824=ORIENTED_EDGE('',*,*,#1329,.T.);
#825=ORIENTED_EDGE('',*,*,#1485,.T.);
#826=ORIENTED_EDGE('',*,*,#1487,.T.);
#827=ORIENTED_EDGE('',*,*,#1322,.F.);
#828=ORIENTED_EDGE('',*,*,#1488,.T.);
#829=ORIENTED_EDGE('',*,*,#1489,.T.);
#830=ORIENTED_EDGE('',*,*,#1325,.F.);
#831=ORIENTED_EDGE('',*,*,#1486,.T.);
#832=ORIENTED_EDGE('',*,*,#1490,.F.);
#833=ORIENTED_EDGE('',*,*,#1491,.F.);
#834=ORIENTED_EDGE('',*,*,#1492,.T.);
#835=ORIENTED_EDGE('',*,*,#1493,.T.);
#836=ORIENTED_EDGE('',*,*,#1323,.T.);
#837=ORIENTED_EDGE('',*,*,#1491,.T.);
#838=ORIENTED_EDGE('',*,*,#1324,.F.);
#839=ORIENTED_EDGE('',*,*,#1493,.F.);
#840=ORIENTED_EDGE('',*,*,#1494,.F.);
#841=ORIENTED_EDGE('',*,*,#1495,.F.);
#842=ORIENTED_EDGE('',*,*,#1496,.T.);
#843=ORIENTED_EDGE('',*,*,#1497,.T.);
#844=ORIENTED_EDGE('',*,*,#1498,.T.);
#845=ORIENTED_EDGE('',*,*,#1320,.T.);
#846=ORIENTED_EDGE('',*,*,#1495,.T.);
#847=ORIENTED_EDGE('',*,*,#1499,.T.);
#848=ORIENTED_EDGE('',*,*,#1500,.F.);
#849=ORIENTED_EDGE('',*,*,#1501,.T.);
#850=ORIENTED_EDGE('',*,*,#1502,.T.);
#851=ORIENTED_EDGE('',*,*,#1500,.T.);
#852=ORIENTED_EDGE('',*,*,#1503,.T.);
#853=ORIENTED_EDGE('',*,*,#1504,.F.);
#854=ORIENTED_EDGE('',*,*,#1501,.F.);
#855=ORIENTED_EDGE('',*,*,#1505,.F.);
#856=ORIENTED_EDGE('',*,*,#1506,.F.);
#857=ORIENTED_EDGE('',*,*,#1507,.T.);
#858=ORIENTED_EDGE('',*,*,#1508,.T.);
#859=ORIENTED_EDGE('',*,*,#1509,.F.);
#860=ORIENTED_EDGE('',*,*,#1510,.T.);
#861=ORIENTED_EDGE('',*,*,#1511,.F.);
#862=ORIENTED_EDGE('',*,*,#1508,.F.);
#863=ORIENTED_EDGE('',*,*,#1512,.F.);
#864=ORIENTED_EDGE('',*,*,#1513,.F.);
#865=ORIENTED_EDGE('',*,*,#1514,.T.);
#866=ORIENTED_EDGE('',*,*,#1515,.T.);
#867=ORIENTED_EDGE('',*,*,#1516,.F.);
#868=ORIENTED_EDGE('',*,*,#1513,.T.);
#869=ORIENTED_EDGE('',*,*,#1517,.F.);
#870=ORIENTED_EDGE('',*,*,#1518,.T.);
#871=ORIENTED_EDGE('',*,*,#1519,.F.);
#872=ORIENTED_EDGE('',*,*,#1314,.T.);
#873=ORIENTED_EDGE('',*,*,#1520,.F.);
#874=ORIENTED_EDGE('',*,*,#1521,.F.);
#875=ORIENTED_EDGE('',*,*,#1522,.F.);
#876=ORIENTED_EDGE('',*,*,#1523,.F.);
#877=ORIENTED_EDGE('',*,*,#1524,.T.);
#878=ORIENTED_EDGE('',*,*,#1525,.F.);
#879=ORIENTED_EDGE('',*,*,#1526,.T.);
#880=ORIENTED_EDGE('',*,*,#1526,.F.);
#881=ORIENTED_EDGE('',*,*,#1527,.F.);
#882=ORIENTED_EDGE('',*,*,#1289,.F.);
#883=ORIENTED_EDGE('',*,*,#1528,.F.);
#884=ORIENTED_EDGE('',*,*,#1529,.F.);
#885=ORIENTED_EDGE('',*,*,#1524,.F.);
#886=ORIENTED_EDGE('',*,*,#1528,.T.);
#887=ORIENTED_EDGE('',*,*,#1288,.F.);
#888=ORIENTED_EDGE('',*,*,#1530,.T.);
#889=ORIENTED_EDGE('',*,*,#1514,.F.);
#890=ORIENTED_EDGE('',*,*,#1531,.F.);
#891=ORIENTED_EDGE('',*,*,#1532,.F.);
#892=ORIENTED_EDGE('',*,*,#1287,.F.);
#893=ORIENTED_EDGE('',*,*,#1533,.F.);
#894=ORIENTED_EDGE('',*,*,#1515,.F.);
#895=ORIENTED_EDGE('',*,*,#1530,.F.);
#896=ORIENTED_EDGE('',*,*,#1518,.F.);
#897=ORIENTED_EDGE('',*,*,#1509,.T.);
#898=ORIENTED_EDGE('',*,*,#1511,.T.);
#899=ORIENTED_EDGE('',*,*,#1516,.T.);
#900=ORIENTED_EDGE('',*,*,#1533,.T.);
#901=ORIENTED_EDGE('',*,*,#1286,.T.);
#902=ORIENTED_EDGE('',*,*,#1534,.T.);
#903=ORIENTED_EDGE('',*,*,#1534,.F.);
#904=ORIENTED_EDGE('',*,*,#1285,.F.);
#905=ORIENTED_EDGE('',*,*,#1535,.F.);
#906=ORIENTED_EDGE('',*,*,#1510,.F.);
#907=ORIENTED_EDGE('',*,*,#1283,.F.);
#908=ORIENTED_EDGE('',*,*,#1536,.T.);
#909=ORIENTED_EDGE('',*,*,#1506,.T.);
#910=ORIENTED_EDGE('',*,*,#1537,.T.);
#911=ORIENTED_EDGE('',*,*,#1502,.F.);
#912=ORIENTED_EDGE('',*,*,#1504,.T.);
#913=ORIENTED_EDGE('',*,*,#1536,.F.);
#914=ORIENTED_EDGE('',*,*,#1282,.T.);
#915=ORIENTED_EDGE('',*,*,#1538,.T.);
#916=ORIENTED_EDGE('',*,*,#1496,.F.);
#917=ORIENTED_EDGE('',*,*,#1538,.F.);
#918=ORIENTED_EDGE('',*,*,#1281,.F.);
#919=ORIENTED_EDGE('',*,*,#1539,.F.);
#920=ORIENTED_EDGE('',*,*,#1497,.F.);
#921=ORIENTED_EDGE('',*,*,#1539,.T.);
#922=ORIENTED_EDGE('',*,*,#1280,.F.);
#923=ORIENTED_EDGE('',*,*,#1540,.F.);
#924=ORIENTED_EDGE('',*,*,#1488,.F.);
#925=ORIENTED_EDGE('',*,*,#1321,.F.);
#926=ORIENTED_EDGE('',*,*,#1498,.F.);
#927=ORIENTED_EDGE('',*,*,#1540,.T.);
#928=ORIENTED_EDGE('',*,*,#1279,.F.);
#929=ORIENTED_EDGE('',*,*,#1541,.F.);
#930=ORIENTED_EDGE('',*,*,#1489,.F.);
#931=ORIENTED_EDGE('',*,*,#1465,.F.);
#932=ORIENTED_EDGE('',*,*,#1471,.F.);
#933=ORIENTED_EDGE('',*,*,#1326,.T.);
#934=ORIENTED_EDGE('',*,*,#1541,.T.);
#935=ORIENTED_EDGE('',*,*,#1278,.F.);
#936=ORIENTED_EDGE('',*,*,#1542,.F.);
#937=ORIENTED_EDGE('',*,*,#1464,.F.);
#938=ORIENTED_EDGE('',*,*,#1543,.F.);
#939=ORIENTED_EDGE('',*,*,#1276,.F.);
#940=ORIENTED_EDGE('',*,*,#1544,.F.);
#941=ORIENTED_EDGE('',*,*,#1545,.F.);
#942=ORIENTED_EDGE('',*,*,#1462,.F.);
#943=ORIENTED_EDGE('',*,*,#1544,.T.);
#944=ORIENTED_EDGE('',*,*,#1275,.F.);
#945=ORIENTED_EDGE('',*,*,#1546,.T.);
#946=ORIENTED_EDGE('',*,*,#1455,.F.);
#947=ORIENTED_EDGE('',*,*,#1547,.F.);
#948=ORIENTED_EDGE('',*,*,#1548,.F.);
#949=ORIENTED_EDGE('',*,*,#1274,.F.);
#950=ORIENTED_EDGE('',*,*,#1549,.F.);
#951=ORIENTED_EDGE('',*,*,#1456,.F.);
#952=ORIENTED_EDGE('',*,*,#1546,.F.);
#953=ORIENTED_EDGE('',*,*,#1459,.F.);
#954=ORIENTED_EDGE('',*,*,#1450,.T.);
#955=ORIENTED_EDGE('',*,*,#1452,.T.);
#956=ORIENTED_EDGE('',*,*,#1457,.T.);
#957=ORIENTED_EDGE('',*,*,#1549,.T.);
#958=ORIENTED_EDGE('',*,*,#1273,.T.);
#959=ORIENTED_EDGE('',*,*,#1550,.T.);
#960=ORIENTED_EDGE('',*,*,#1550,.F.);
#961=ORIENTED_EDGE('',*,*,#1272,.F.);
#962=ORIENTED_EDGE('',*,*,#1551,.F.);
#963=ORIENTED_EDGE('',*,*,#1451,.F.);
#964=ORIENTED_EDGE('',*,*,#1270,.F.);
#965=ORIENTED_EDGE('',*,*,#1552,.T.);
#966=ORIENTED_EDGE('',*,*,#1447,.T.);
#967=ORIENTED_EDGE('',*,*,#1553,.T.);
#968=ORIENTED_EDGE('',*,*,#1443,.F.);
#969=ORIENTED_EDGE('',*,*,#1445,.T.);
#970=ORIENTED_EDGE('',*,*,#1552,.F.);
#971=ORIENTED_EDGE('',*,*,#1269,.T.);
#972=ORIENTED_EDGE('',*,*,#1554,.T.);
#973=ORIENTED_EDGE('',*,*,#1437,.F.);
#974=ORIENTED_EDGE('',*,*,#1554,.F.);
#975=ORIENTED_EDGE('',*,*,#1268,.F.);
#976=ORIENTED_EDGE('',*,*,#1555,.F.);
#977=ORIENTED_EDGE('',*,*,#1438,.F.);
#978=ORIENTED_EDGE('',*,*,#1555,.T.);
#979=ORIENTED_EDGE('',*,*,#1267,.F.);
#980=ORIENTED_EDGE('',*,*,#1556,.F.);
#981=ORIENTED_EDGE('',*,*,#1429,.F.);
#982=ORIENTED_EDGE('',*,*,#1331,.F.);
#983=ORIENTED_EDGE('',*,*,#1439,.F.);
#984=ORIENTED_EDGE('',*,*,#1556,.T.);
#985=ORIENTED_EDGE('',*,*,#1266,.F.);
#986=ORIENTED_EDGE('',*,*,#1557,.F.);
#987=ORIENTED_EDGE('',*,*,#1430,.F.);
#988=ORIENTED_EDGE('',*,*,#1402,.F.);
#989=ORIENTED_EDGE('',*,*,#1412,.F.);
#990=ORIENTED_EDGE('',*,*,#1336,.T.);
#991=ORIENTED_EDGE('',*,*,#1557,.T.);
#992=ORIENTED_EDGE('',*,*,#1265,.F.);
#993=ORIENTED_EDGE('',*,*,#1558,.F.);
#994=ORIENTED_EDGE('',*,*,#1401,.T.);
#995=ORIENTED_EDGE('',*,*,#1559,.T.);
#996=ORIENTED_EDGE('',*,*,#1263,.T.);
#997=ORIENTED_EDGE('',*,*,#1560,.F.);
#998=ORIENTED_EDGE('',*,*,#1344,.F.);
#999=ORIENTED_EDGE('',*,*,#1406,.T.);
#1000=ORIENTED_EDGE('',*,*,#1561,.F.);
#1001=ORIENTED_EDGE('',*,*,#1379,.T.);
#1002=ORIENTED_EDGE('',*,*,#1560,.T.);
#1003=ORIENTED_EDGE('',*,*,#1262,.T.);
#1004=ORIENTED_EDGE('',*,*,#1562,.F.);
#1005=ORIENTED_EDGE('',*,*,#1371,.T.);
#1006=ORIENTED_EDGE('',*,*,#1349,.T.);
#1007=ORIENTED_EDGE('',*,*,#1380,.T.);
#1008=ORIENTED_EDGE('',*,*,#1561,.T.);
#1009=ORIENTED_EDGE('',*,*,#1261,.T.);
#1010=ORIENTED_EDGE('',*,*,#1563,.T.);
#1011=ORIENTED_EDGE('',*,*,#1372,.T.);
#1012=ORIENTED_EDGE('',*,*,#1562,.T.);
#1013=ORIENTED_EDGE('',*,*,#1260,.T.);
#1014=ORIENTED_EDGE('',*,*,#1367,.T.);
#1015=ORIENTED_EDGE('',*,*,#1368,.T.);
#1016=ORIENTED_EDGE('',*,*,#1563,.F.);
#1017=ORIENTED_EDGE('',*,*,#1259,.F.);
#1018=ORIENTED_EDGE('',*,*,#1564,.T.);
#1019=ORIENTED_EDGE('',*,*,#1361,.F.);
#1020=ORIENTED_EDGE('',*,*,#1258,.T.);
#1021=ORIENTED_EDGE('',*,*,#1565,.F.);
#1022=ORIENTED_EDGE('',*,*,#1362,.F.);
#1023=ORIENTED_EDGE('',*,*,#1564,.F.);
#1024=ORIENTED_EDGE('',*,*,#1566,.T.);
#1025=ORIENTED_EDGE('',*,*,#1359,.T.);
#1026=ORIENTED_EDGE('',*,*,#1567,.T.);
#1027=ORIENTED_EDGE('',*,*,#1256,.T.);
#1028=ORIENTED_EDGE('',*,*,#1396,.T.);
#1029=ORIENTED_EDGE('',*,*,#1360,.F.);
#1030=ORIENTED_EDGE('',*,*,#1566,.F.);
#1031=ORIENTED_EDGE('',*,*,#1255,.F.);
#1032=ORIENTED_EDGE('',*,*,#1568,.F.);
#1033=ORIENTED_EDGE('',*,*,#1352,.F.);
#1034=ORIENTED_EDGE('',*,*,#1355,.F.);
#1035=ORIENTED_EDGE('',*,*,#1254,.T.);
#1036=ORIENTED_EDGE('',*,*,#1569,.T.);
#1037=ORIENTED_EDGE('',*,*,#1353,.T.);
#1038=ORIENTED_EDGE('',*,*,#1568,.T.);
#1039=ORIENTED_EDGE('',*,*,#1570,.T.);
#1040=ORIENTED_EDGE('',*,*,#1354,.T.);
#1041=ORIENTED_EDGE('',*,*,#1569,.F.);
#1042=ORIENTED_EDGE('',*,*,#1253,.T.);
#1043=ORIENTED_EDGE('',*,*,#1571,.F.);
#1044=ORIENTED_EDGE('',*,*,#1523,.T.);
#1045=ORIENTED_EDGE('',*,*,#1572,.T.);
#1046=ORIENTED_EDGE('',*,*,#1573,.F.);
#1047=ORIENTED_EDGE('',*,*,#1521,.T.);
#1048=ORIENTED_EDGE('',*,*,#1571,.T.);
#1049=ORIENTED_EDGE('',*,*,#1252,.T.);
#1050=ORIENTED_EDGE('',*,*,#1574,.T.);
#1051=ORIENTED_EDGE('',*,*,#1575,.T.);
#1052=ORIENTED_EDGE('',*,*,#1573,.T.);
#1053=ORIENTED_EDGE('',*,*,#1576,.T.);
#1054=ORIENTED_EDGE('',*,*,#1577,.T.);
#1055=ORIENTED_EDGE('',*,*,#1398,.F.);
#1056=ORIENTED_EDGE('',*,*,#1397,.F.);
#1057=ORIENTED_EDGE('',*,*,#1407,.T.);
#1058=ORIENTED_EDGE('',*,*,#1395,.F.);
#1059=ORIENTED_EDGE('',*,*,#1392,.F.);
#1060=ORIENTED_EDGE('',*,*,#1390,.F.);
#1061=ORIENTED_EDGE('',*,*,#1388,.F.);
#1062=ORIENTED_EDGE('',*,*,#1386,.F.);
#1063=ORIENTED_EDGE('',*,*,#1383,.F.);
#1064=ORIENTED_EDGE('',*,*,#1381,.T.);
#1065=ORIENTED_EDGE('',*,*,#1377,.F.);
#1066=ORIENTED_EDGE('',*,*,#1375,.T.);
#1067=ORIENTED_EDGE('',*,*,#1373,.F.);
#1068=ORIENTED_EDGE('',*,*,#1369,.T.);
#1069=ORIENTED_EDGE('',*,*,#1365,.T.);
#1070=ORIENTED_EDGE('',*,*,#1363,.F.);
#1071=ORIENTED_EDGE('',*,*,#1565,.T.);
#1072=ORIENTED_EDGE('',*,*,#1257,.T.);
#1073=ORIENTED_EDGE('',*,*,#1567,.F.);
#1074=ORIENTED_EDGE('',*,*,#1358,.T.);
#1075=ORIENTED_EDGE('',*,*,#1356,.F.);
#1076=ORIENTED_EDGE('',*,*,#1350,.F.);
#1077=ORIENTED_EDGE('',*,*,#1570,.F.);
#1078=ORIENTED_EDGE('',*,*,#1575,.F.);
#1079=ORIENTED_EDGE('',*,*,#1578,.T.);
#1080=ORIENTED_EDGE('',*,*,#1579,.F.);
#1081=ORIENTED_EDGE('',*,*,#1579,.T.);
#1082=ORIENTED_EDGE('',*,*,#1580,.T.);
#1083=ORIENTED_EDGE('',*,*,#1581,.T.);
#1084=ORIENTED_EDGE('',*,*,#1408,.T.);
#1085=ORIENTED_EDGE('',*,*,#1405,.T.);
#1086=ORIENTED_EDGE('',*,*,#1581,.F.);
#1087=ORIENTED_EDGE('',*,*,#1582,.F.);
#1088=ORIENTED_EDGE('',*,*,#1583,.F.);
#1089=ORIENTED_EDGE('',*,*,#1413,.F.);
#1090=ORIENTED_EDGE('',*,*,#1403,.T.);
#1091=ORIENTED_EDGE('',*,*,#1558,.T.);
#1092=ORIENTED_EDGE('',*,*,#1264,.T.);
#1093=ORIENTED_EDGE('',*,*,#1559,.F.);
#1094=ORIENTED_EDGE('',*,*,#1400,.T.);
#1095=ORIENTED_EDGE('',*,*,#1584,.T.);
#1096=ORIENTED_EDGE('',*,*,#1414,.T.);
#1097=ORIENTED_EDGE('',*,*,#1583,.T.);
#1098=ORIENTED_EDGE('',*,*,#1585,.T.);
#1099=ORIENTED_EDGE('',*,*,#1461,.T.);
#1100=ORIENTED_EDGE('',*,*,#1460,.T.);
#1101=ORIENTED_EDGE('',*,*,#1547,.T.);
#1102=ORIENTED_EDGE('',*,*,#1458,.T.);
#1103=ORIENTED_EDGE('',*,*,#1453,.T.);
#1104=ORIENTED_EDGE('',*,*,#1448,.F.);
#1105=ORIENTED_EDGE('',*,*,#1551,.T.);
#1106=ORIENTED_EDGE('',*,*,#1271,.F.);
#1107=ORIENTED_EDGE('',*,*,#1553,.F.);
#1108=ORIENTED_EDGE('',*,*,#1446,.T.);
#1109=ORIENTED_EDGE('',*,*,#1444,.F.);
#1110=ORIENTED_EDGE('',*,*,#1440,.F.);
#1111=ORIENTED_EDGE('',*,*,#1435,.T.);
#1112=ORIENTED_EDGE('',*,*,#1433,.F.);
#1113=ORIENTED_EDGE('',*,*,#1431,.T.);
#1114=ORIENTED_EDGE('',*,*,#1428,.F.);
#1115=ORIENTED_EDGE('',*,*,#1425,.T.);
#1116=ORIENTED_EDGE('',*,*,#1423,.T.);
#1117=ORIENTED_EDGE('',*,*,#1421,.T.);
#1118=ORIENTED_EDGE('',*,*,#1419,.T.);
#1119=ORIENTED_EDGE('',*,*,#1417,.T.);
#1120=ORIENTED_EDGE('',*,*,#1415,.T.);
#1121=ORIENTED_EDGE('',*,*,#1409,.F.);
#1122=ORIENTED_EDGE('',*,*,#1584,.F.);
#1123=ORIENTED_EDGE('',*,*,#1586,.T.);
#1124=ORIENTED_EDGE('',*,*,#1587,.F.);
#1125=ORIENTED_EDGE('',*,*,#1587,.T.);
#1126=ORIENTED_EDGE('',*,*,#1588,.T.);
#1127=ORIENTED_EDGE('',*,*,#1589,.T.);
#1128=ORIENTED_EDGE('',*,*,#1548,.T.);
#1129=ORIENTED_EDGE('',*,*,#1466,.T.);
#1130=ORIENTED_EDGE('',*,*,#1542,.T.);
#1131=ORIENTED_EDGE('',*,*,#1277,.T.);
#1132=ORIENTED_EDGE('',*,*,#1543,.T.);
#1133=ORIENTED_EDGE('',*,*,#1463,.T.);
#1134=ORIENTED_EDGE('',*,*,#1545,.T.);
#1135=ORIENTED_EDGE('',*,*,#1589,.F.);
#1136=ORIENTED_EDGE('',*,*,#1590,.F.);
#1137=ORIENTED_EDGE('',*,*,#1591,.F.);
#1138=ORIENTED_EDGE('',*,*,#1472,.F.);
#1139=ORIENTED_EDGE('',*,*,#1592,.T.);
#1140=ORIENTED_EDGE('',*,*,#1473,.T.);
#1141=ORIENTED_EDGE('',*,*,#1591,.T.);
#1142=ORIENTED_EDGE('',*,*,#1593,.T.);
#1143=ORIENTED_EDGE('',*,*,#1520,.T.);
#1144=ORIENTED_EDGE('',*,*,#1519,.T.);
#1145=ORIENTED_EDGE('',*,*,#1531,.T.);
#1146=ORIENTED_EDGE('',*,*,#1517,.T.);
#1147=ORIENTED_EDGE('',*,*,#1512,.T.);
#1148=ORIENTED_EDGE('',*,*,#1507,.F.);
#1149=ORIENTED_EDGE('',*,*,#1535,.T.);
#1150=ORIENTED_EDGE('',*,*,#1284,.F.);
#1151=ORIENTED_EDGE('',*,*,#1537,.F.);
#1152=ORIENTED_EDGE('',*,*,#1505,.T.);
#1153=ORIENTED_EDGE('',*,*,#1503,.F.);
#1154=ORIENTED_EDGE('',*,*,#1499,.F.);
#1155=ORIENTED_EDGE('',*,*,#1494,.T.);
#1156=ORIENTED_EDGE('',*,*,#1492,.F.);
#1157=ORIENTED_EDGE('',*,*,#1490,.T.);
#1158=ORIENTED_EDGE('',*,*,#1487,.F.);
#1159=ORIENTED_EDGE('',*,*,#1484,.T.);
#1160=ORIENTED_EDGE('',*,*,#1482,.T.);
#1161=ORIENTED_EDGE('',*,*,#1480,.T.);
#1162=ORIENTED_EDGE('',*,*,#1478,.T.);
#1163=ORIENTED_EDGE('',*,*,#1476,.T.);
#1164=ORIENTED_EDGE('',*,*,#1474,.T.);
#1165=ORIENTED_EDGE('',*,*,#1468,.F.);
#1166=ORIENTED_EDGE('',*,*,#1592,.F.);
#1167=ORIENTED_EDGE('',*,*,#1594,.T.);
#1168=ORIENTED_EDGE('',*,*,#1595,.F.);
#1169=ORIENTED_EDGE('',*,*,#1595,.T.);
#1170=ORIENTED_EDGE('',*,*,#1596,.T.);
#1171=ORIENTED_EDGE('',*,*,#1597,.T.);
#1172=ORIENTED_EDGE('',*,*,#1532,.T.);
#1173=ORIENTED_EDGE('',*,*,#1598,.F.);
#1174=ORIENTED_EDGE('',*,*,#1599,.T.);
#1175=ORIENTED_EDGE('',*,*,#1600,.T.);
#1176=ORIENTED_EDGE('',*,*,#1596,.F.);
#1177=ORIENTED_EDGE('',*,*,#1594,.F.);
#1178=ORIENTED_EDGE('',*,*,#1593,.F.);
#1179=ORIENTED_EDGE('',*,*,#1590,.T.);
#1180=ORIENTED_EDGE('',*,*,#1588,.F.);
#1181=ORIENTED_EDGE('',*,*,#1586,.F.);
#1182=ORIENTED_EDGE('',*,*,#1585,.F.);
#1183=ORIENTED_EDGE('',*,*,#1582,.T.);
#1184=ORIENTED_EDGE('',*,*,#1580,.F.);
#1185=ORIENTED_EDGE('',*,*,#1578,.F.);
#1186=ORIENTED_EDGE('',*,*,#1577,.F.);
#1187=ORIENTED_EDGE('',*,*,#1601,.T.);
#1188=ORIENTED_EDGE('',*,*,#1602,.T.);
#1189=ORIENTED_EDGE('',*,*,#1603,.T.);
#1190=ORIENTED_EDGE('',*,*,#1598,.T.);
#1191=ORIENTED_EDGE('',*,*,#1604,.T.);
#1192=ORIENTED_EDGE('',*,*,#1605,.F.);
#1193=ORIENTED_EDGE('',*,*,#1606,.F.);
#1194=ORIENTED_EDGE('',*,*,#1249,.F.);
#1195=ORIENTED_EDGE('',*,*,#1607,.T.);
#1196=ORIENTED_EDGE('',*,*,#1608,.T.);
#1197=ORIENTED_EDGE('',*,*,#1609,.F.);
#1198=ORIENTED_EDGE('',*,*,#1247,.T.);
#1199=ORIENTED_EDGE('',*,*,#1527,.T.);
#1200=ORIENTED_EDGE('',*,*,#1525,.T.);
#1201=ORIENTED_EDGE('',*,*,#1529,.T.);
#1202=ORIENTED_EDGE('',*,*,#1597,.F.);
#1203=ORIENTED_EDGE('',*,*,#1600,.F.);
#1204=ORIENTED_EDGE('',*,*,#1610,.F.);
#1205=ORIENTED_EDGE('',*,*,#1611,.F.);
#1206=ORIENTED_EDGE('',*,*,#1612,.F.);
#1207=ORIENTED_EDGE('',*,*,#1601,.F.);
#1208=ORIENTED_EDGE('',*,*,#1576,.F.);
#1209=ORIENTED_EDGE('',*,*,#1572,.F.);
#1210=ORIENTED_EDGE('',*,*,#1522,.T.);
#1211=ORIENTED_EDGE('',*,*,#1574,.F.);
#1212=ORIENTED_EDGE('',*,*,#1251,.T.);
#1213=ORIENTED_EDGE('',*,*,#1613,.F.);
#1214=ORIENTED_EDGE('',*,*,#1614,.T.);
#1215=ORIENTED_EDGE('',*,*,#1612,.T.);
#1216=ORIENTED_EDGE('',*,*,#1615,.F.);
#1217=ORIENTED_EDGE('',*,*,#1604,.F.);
#1218=ORIENTED_EDGE('',*,*,#1602,.F.);
#1219=ORIENTED_EDGE('',*,*,#1616,.T.);
#1220=ORIENTED_EDGE('',*,*,#1610,.T.);
#1221=ORIENTED_EDGE('',*,*,#1599,.F.);
#1222=ORIENTED_EDGE('',*,*,#1603,.F.);
#1223=ORIENTED_EDGE('',*,*,#1617,.T.);
#1224=ORIENTED_EDGE('',*,*,#1618,.T.);
#1225=ORIENTED_EDGE('',*,*,#1619,.F.);
#1226=ORIENTED_EDGE('',*,*,#1250,.F.);
#1227=ORIENTED_EDGE('',*,*,#1606,.T.);
#1228=ORIENTED_EDGE('',*,*,#1620,.T.);
#1229=ORIENTED_EDGE('',*,*,#1613,.T.);
#1230=ORIENTED_EDGE('',*,*,#1615,.T.);
#1231=ORIENTED_EDGE('',*,*,#1614,.F.);
#1232=ORIENTED_EDGE('',*,*,#1620,.F.);
#1233=ORIENTED_EDGE('',*,*,#1605,.T.);
#1234=ORIENTED_EDGE('',*,*,#1619,.T.);
#1235=ORIENTED_EDGE('',*,*,#1616,.F.);
#1236=ORIENTED_EDGE('',*,*,#1621,.F.);
#1237=ORIENTED_EDGE('',*,*,#1248,.F.);
#1238=ORIENTED_EDGE('',*,*,#1609,.T.);
#1239=ORIENTED_EDGE('',*,*,#1622,.F.);
#1240=ORIENTED_EDGE('',*,*,#1607,.F.);
#1241=ORIENTED_EDGE('',*,*,#1617,.F.);
#1242=ORIENTED_EDGE('',*,*,#1608,.F.);
#1243=ORIENTED_EDGE('',*,*,#1622,.T.);
#1244=ORIENTED_EDGE('',*,*,#1611,.T.);
#1245=ORIENTED_EDGE('',*,*,#1621,.T.);
#1246=ORIENTED_EDGE('',*,*,#1618,.F.);
#1247=EDGE_CURVE('',#1623,#1624,#1877,.T.);
#1248=EDGE_CURVE('',#1623,#1625,#101,.T.);
#1249=EDGE_CURVE('',#1625,#1626,#1878,.T.);
#1250=EDGE_CURVE('',#1626,#1627,#102,.F.);
#1251=EDGE_CURVE('',#1628,#1627,#1879,.T.);
#1252=EDGE_CURVE('',#1629,#1628,#68,.T.);
#1253=EDGE_CURVE('',#1630,#1629,#103,.T.);
#1254=EDGE_CURVE('',#1631,#1630,#69,.T.);
#1255=EDGE_CURVE('',#1631,#1632,#1880,.T.);
#1256=EDGE_CURVE('',#1633,#1632,#104,.T.);
#1257=EDGE_CURVE('',#1634,#1633,#1881,.T.);
#1258=EDGE_CURVE('',#1635,#1634,#105,.T.);
#1259=EDGE_CURVE('',#1635,#1636,#1882,.T.);
#1260=EDGE_CURVE('',#1637,#1636,#106,.F.);
#1261=EDGE_CURVE('',#1638,#1637,#1883,.F.);
#1262=EDGE_CURVE('',#1639,#1638,#107,.T.);
#1263=EDGE_CURVE('',#1640,#1639,#70,.T.);
#1264=EDGE_CURVE('',#1641,#1640,#1884,.T.);
#1265=EDGE_CURVE('',#1641,#1642,#71,.T.);
#1266=EDGE_CURVE('',#1642,#1643,#108,.T.);
#1267=EDGE_CURVE('',#1643,#1644,#1885,.F.);
#1268=EDGE_CURVE('',#1644,#1645,#109,.F.);
#1269=EDGE_CURVE('',#1646,#1645,#1886,.T.);
#1270=EDGE_CURVE('',#1646,#1647,#110,.T.);
#1271=EDGE_CURVE('',#1647,#1648,#1887,.T.);
#1272=EDGE_CURVE('',#1648,#1649,#111,.T.);
#1273=EDGE_CURVE('',#1650,#1649,#1888,.T.);
#1274=EDGE_CURVE('',#1650,#1651,#72,.T.);
#1275=EDGE_CURVE('',#1651,#1652,#112,.T.);
#1276=EDGE_CURVE('',#1652,#1653,#73,.T.);
#1277=EDGE_CURVE('',#1654,#1653,#1889,.T.);
#1278=EDGE_CURVE('',#1654,#1655,#74,.T.);
#1279=EDGE_CURVE('',#1655,#1656,#113,.T.);
#1280=EDGE_CURVE('',#1656,#1657,#1890,.F.);
#1281=EDGE_CURVE('',#1657,#1658,#114,.F.);
#1282=EDGE_CURVE('',#1659,#1658,#1891,.T.);
#1283=EDGE_CURVE('',#1659,#1660,#115,.T.);
#1284=EDGE_CURVE('',#1660,#1661,#1892,.T.);
#1285=EDGE_CURVE('',#1661,#1662,#116,.T.);
#1286=EDGE_CURVE('',#1663,#1662,#1893,.T.);
#1287=EDGE_CURVE('',#1663,#1664,#75,.T.);
#1288=EDGE_CURVE('',#1664,#1665,#117,.T.);
#1289=EDGE_CURVE('',#1665,#1624,#76,.T.);
#1290=EDGE_CURVE('',#1666,#1666,#1894,.T.);
#1291=EDGE_CURVE('',#1667,#1668,#1895,.T.);
#1292=EDGE_CURVE('',#1669,#1667,#118,.F.);
#1293=EDGE_CURVE('',#1669,#1670,#1896,.T.);
#1294=EDGE_CURVE('',#1671,#1670,#1897,.F.);
#1295=EDGE_CURVE('',#1671,#1672,#119,.T.);
#1296=EDGE_CURVE('',#1668,#1672,#1898,.F.);
#1297=EDGE_CURVE('',#1667,#1673,#77,.T.);
#1298=EDGE_CURVE('',#1673,#1674,#120,.T.);
#1299=EDGE_CURVE('',#1674,#1669,#78,.T.);
#1300=EDGE_CURVE('',#1675,#1676,#79,.T.);
#1301=EDGE_CURVE('',#1677,#1675,#121,.F.);
#1302=EDGE_CURVE('',#1678,#1677,#80,.T.);
#1303=EDGE_CURVE('',#1676,#1678,#122,.T.);
#1304=EDGE_CURVE('',#1679,#1679,#1899,.T.);
#1305=EDGE_CURVE('',#1675,#1680,#1900,.T.);
#1306=EDGE_CURVE('',#1680,#1681,#1901,.F.);
#1307=EDGE_CURVE('',#1682,#1681,#123,.T.);
#1308=EDGE_CURVE('',#1682,#1683,#1902,.F.);
#1309=EDGE_CURVE('',#1677,#1683,#1903,.T.);
#1310=EDGE_CURVE('',#1684,#1685,#81,.T.);
#1311=EDGE_CURVE('',#1686,#1684,#124,.F.);
#1312=EDGE_CURVE('',#1687,#1686,#82,.T.);
#1313=EDGE_CURVE('',#1685,#1687,#125,.T.);
#1314=EDGE_CURVE('',#1688,#1688,#1904,.T.);
#1315=EDGE_CURVE('',#1684,#1689,#1905,.T.);
#1316=EDGE_CURVE('',#1689,#1690,#1906,.F.);
#1317=EDGE_CURVE('',#1691,#1690,#126,.T.);
#1318=EDGE_CURVE('',#1691,#1692,#1907,.F.);
#1319=EDGE_CURVE('',#1686,#1692,#1908,.T.);
#1320=EDGE_CURVE('',#1693,#1694,#127,.T.);
#1321=EDGE_CURVE('',#1693,#1695,#1909,.T.);
#1322=EDGE_CURVE('',#1695,#1696,#128,.T.);
#1323=EDGE_CURVE('',#1697,#1696,#1910,.T.);
#1324=EDGE_CURVE('',#1697,#1694,#1911,.F.);
#1325=EDGE_CURVE('',#1698,#1699,#129,.T.);
#1326=EDGE_CURVE('',#1700,#1699,#130,.F.);
#1327=EDGE_CURVE('',#1700,#1701,#1912,.T.);
#1328=EDGE_CURVE('',#1701,#1702,#131,.T.);
#1329=EDGE_CURVE('',#1698,#1702,#1913,.F.);
#1330=EDGE_CURVE('',#1703,#1704,#132,.T.);
#1331=EDGE_CURVE('',#1703,#1705,#1914,.T.);
#1332=EDGE_CURVE('',#1705,#1706,#133,.T.);
#1333=EDGE_CURVE('',#1707,#1706,#1915,.T.);
#1334=EDGE_CURVE('',#1707,#1704,#1916,.F.);
#1335=EDGE_CURVE('',#1708,#1709,#134,.T.);
#1336=EDGE_CURVE('',#1710,#1709,#135,.F.);
#1337=EDGE_CURVE('',#1710,#1711,#1917,.T.);
#1338=EDGE_CURVE('',#1711,#1712,#136,.T.);
#1339=EDGE_CURVE('',#1708,#1712,#1918,.F.);
#1340=EDGE_CURVE('',#1713,#1714,#137,.T.);
#1341=EDGE_CURVE('',#1713,#1715,#1919,.F.);
#1342=EDGE_CURVE('',#1716,#1715,#138,.T.);
#1343=EDGE_CURVE('',#1717,#1716,#1920,.T.);
#1344=EDGE_CURVE('',#1717,#1714,#139,.F.);
#1345=EDGE_CURVE('',#1718,#1719,#140,.T.);
#1346=EDGE_CURVE('',#1720,#1719,#1921,.F.);
#1347=EDGE_CURVE('',#1720,#1721,#1922,.T.);
#1348=EDGE_CURVE('',#1722,#1721,#141,.T.);
#1349=EDGE_CURVE('',#1718,#1722,#1923,.T.);
#1350=EDGE_CURVE('',#1723,#1724,#1924,.T.);
#1351=EDGE_CURVE('',#1725,#1724,#142,.F.);
#1352=EDGE_CURVE('',#1725,#1726,#1925,.T.);
#1353=EDGE_CURVE('',#1727,#1726,#83,.T.);
#1354=EDGE_CURVE('',#1723,#1727,#143,.T.);
#1355=EDGE_CURVE('',#1728,#1725,#1926,.F.);
#1356=EDGE_CURVE('',#1724,#1729,#1927,.F.);
#1357=EDGE_CURVE('',#1729,#1728,#144,.F.);
#1358=EDGE_CURVE('',#1730,#1729,#145,.T.);
#1359=EDGE_CURVE('',#1731,#1730,#146,.F.);
#1360=EDGE_CURVE('',#1731,#1728,#147,.T.);
#1361=EDGE_CURVE('',#1732,#1733,#1928,.T.);
#1362=EDGE_CURVE('',#1733,#1734,#148,.F.);
#1363=EDGE_CURVE('',#1734,#1735,#1929,.T.);
#1364=EDGE_CURVE('',#1735,#1732,#149,.F.);
#1365=EDGE_CURVE('',#1736,#1735,#1930,.T.);
#1366=EDGE_CURVE('',#1737,#1736,#150,.T.);
#1367=EDGE_CURVE('',#1732,#1737,#1931,.F.);
#1368=EDGE_CURVE('',#1737,#1738,#151,.T.);
#1369=EDGE_CURVE('',#1739,#1736,#152,.T.);
#1370=EDGE_CURVE('',#1719,#1739,#153,.T.);
#1371=EDGE_CURVE('',#1740,#1718,#1932,.T.);
#1372=EDGE_CURVE('',#1738,#1740,#154,.F.);
#1373=EDGE_CURVE('',#1739,#1741,#1933,.F.);
#1374=EDGE_CURVE('',#1741,#1720,#155,.F.);
#1375=EDGE_CURVE('',#1742,#1741,#1934,.T.);
#1376=EDGE_CURVE('',#1721,#1742,#156,.T.);
#1377=EDGE_CURVE('',#1742,#1743,#157,.T.);
#1378=EDGE_CURVE('',#1713,#1743,#158,.T.);
#1379=EDGE_CURVE('',#1744,#1714,#159,.F.);
#1380=EDGE_CURVE('',#1722,#1744,#1935,.F.);
#1381=EDGE_CURVE('',#1745,#1743,#1936,.T.);
#1382=EDGE_CURVE('',#1715,#1745,#160,.T.);
#1383=EDGE_CURVE('',#1745,#1746,#161,.T.);
#1384=EDGE_CURVE('',#1716,#1746,#162,.T.);
#1385=EDGE_CURVE('',#1717,#1674,#163,.T.);
#1386=EDGE_CURVE('',#1746,#1747,#1937,.T.);
#1387=EDGE_CURVE('',#1670,#1747,#164,.F.);
#1388=EDGE_CURVE('',#1747,#1748,#1938,.F.);
#1389=EDGE_CURVE('',#1748,#1671,#165,.F.);
#1390=EDGE_CURVE('',#1748,#1749,#166,.T.);
#1391=EDGE_CURVE('',#1672,#1749,#167,.F.);
#1392=EDGE_CURVE('',#1749,#1750,#1939,.F.);
#1393=EDGE_CURVE('',#1750,#1668,#168,.T.);
#1394=EDGE_CURVE('',#1751,#1673,#169,.T.);
#1395=EDGE_CURVE('',#1750,#1751,#1940,.T.);
#1396=EDGE_CURVE('',#1752,#1752,#1941,.T.);
#1397=EDGE_CURVE('',#1753,#1753,#1942,.T.);
#1398=EDGE_CURVE('',#1754,#1754,#1943,.T.);
#1399=EDGE_CURVE('',#1755,#1756,#170,.T.);
#1400=EDGE_CURVE('',#1757,#1756,#1944,.F.);
#1401=EDGE_CURVE('',#1755,#1757,#84,.T.);
#1402=EDGE_CURVE('',#1758,#1759,#85,.T.);
#1403=EDGE_CURVE('',#1760,#1759,#1945,.F.);
#1404=EDGE_CURVE('',#1758,#1760,#171,.T.);
#1405=EDGE_CURVE('',#1756,#1761,#172,.T.);
#1406=EDGE_CURVE('',#1717,#1755,#173,.F.);
#1407=EDGE_CURVE('',#1762,#1751,#174,.T.);
#1408=EDGE_CURVE('',#1761,#1762,#175,.T.);
#1409=EDGE_CURVE('',#1763,#1764,#176,.T.);
#1410=EDGE_CURVE('',#1764,#1676,#177,.T.);
#1411=EDGE_CURVE('',#1710,#1678,#178,.T.);
#1412=EDGE_CURVE('',#1710,#1758,#179,.F.);
#1413=EDGE_CURVE('',#1760,#1765,#180,.T.);
#1414=EDGE_CURVE('',#1763,#1765,#181,.F.);
#1415=EDGE_CURVE('',#1766,#1764,#1946,.T.);
#1416=EDGE_CURVE('',#1766,#1680,#182,.T.);
#1417=EDGE_CURVE('',#1767,#1766,#1947,.F.);
#1418=EDGE_CURVE('',#1681,#1767,#183,.F.);
#1419=EDGE_CURVE('',#1768,#1767,#184,.T.);
#1420=EDGE_CURVE('',#1768,#1682,#185,.F.);
#1421=EDGE_CURVE('',#1769,#1768,#1948,.F.);
#1422=EDGE_CURVE('',#1683,#1769,#186,.F.);
#1423=EDGE_CURVE('',#1770,#1769,#1949,.T.);
#1424=EDGE_CURVE('',#1711,#1770,#187,.T.);
#1425=EDGE_CURVE('',#1771,#1770,#188,.T.);
#1426=EDGE_CURVE('',#1712,#1771,#189,.T.);
#1427=EDGE_CURVE('',#1708,#1772,#190,.T.);
#1428=EDGE_CURVE('',#1771,#1772,#1950,.T.);
#1429=EDGE_CURVE('',#1705,#1773,#1951,.F.);
#1430=EDGE_CURVE('',#1773,#1709,#191,.F.);
#1431=EDGE_CURVE('',#1774,#1772,#192,.T.);
#1432=EDGE_CURVE('',#1706,#1774,#193,.T.);
#1433=EDGE_CURVE('',#1774,#1775,#1952,.T.);
#1434=EDGE_CURVE('',#1775,#1707,#194,.F.);
#1435=EDGE_CURVE('',#1776,#1775,#1953,.F.);
#1436=EDGE_CURVE('',#1704,#1776,#195,.T.);
#1437=EDGE_CURVE('',#1777,#1778,#196,.T.);
#1438=EDGE_CURVE('',#1778,#1779,#197,.F.);
#1439=EDGE_CURVE('',#1779,#1703,#1954,.T.);
#1440=EDGE_CURVE('',#1776,#1780,#198,.T.);
#1441=EDGE_CURVE('',#1777,#1780,#199,.T.);
#1442=EDGE_CURVE('',#1781,#1782,#200,.F.);
#1443=EDGE_CURVE('',#1782,#1777,#1955,.F.);
#1444=EDGE_CURVE('',#1780,#1781,#1956,.T.);
#1445=EDGE_CURVE('',#1782,#1783,#1957,.T.);
#1446=EDGE_CURVE('',#1784,#1781,#1958,.T.);
#1447=EDGE_CURVE('',#1783,#1784,#201,.F.);
#1448=EDGE_CURVE('',#1785,#1786,#202,.T.);
#1449=EDGE_CURVE('',#1786,#1787,#203,.F.);
#1450=EDGE_CURVE('',#1788,#1787,#204,.T.);
#1451=EDGE_CURVE('',#1788,#1785,#205,.F.);
#1452=EDGE_CURVE('',#1787,#1789,#1959,.F.);
#1453=EDGE_CURVE('',#1790,#1786,#1960,.F.);
#1454=EDGE_CURVE('',#1789,#1790,#206,.F.);
#1455=EDGE_CURVE('',#1791,#1792,#207,.T.);
#1456=EDGE_CURVE('',#1792,#1793,#86,.T.);
#1457=EDGE_CURVE('',#1789,#1793,#1961,.T.);
#1458=EDGE_CURVE('',#1791,#1790,#1962,.T.);
#1459=EDGE_CURVE('',#1794,#1794,#1963,.T.);
#1460=EDGE_CURVE('',#1795,#1795,#1964,.T.);
#1461=EDGE_CURVE('',#1796,#1796,#1965,.T.);
#1462=EDGE_CURVE('',#1797,#1798,#208,.T.);
#1463=EDGE_CURVE('',#1799,#1798,#1966,.F.);
#1464=EDGE_CURVE('',#1799,#1797,#87,.T.);
#1465=EDGE_CURVE('',#1800,#1801,#88,.T.);
#1466=EDGE_CURVE('',#1802,#1801,#1967,.F.);
#1467=EDGE_CURVE('',#1800,#1802,#209,.T.);
#1468=EDGE_CURVE('',#1803,#1804,#210,.T.);
#1469=EDGE_CURVE('',#1804,#1685,#211,.T.);
#1470=EDGE_CURVE('',#1700,#1687,#212,.T.);
#1471=EDGE_CURVE('',#1700,#1800,#213,.F.);
#1472=EDGE_CURVE('',#1802,#1805,#214,.T.);
#1473=EDGE_CURVE('',#1803,#1805,#215,.F.);
#1474=EDGE_CURVE('',#1806,#1804,#1968,.T.);
#1475=EDGE_CURVE('',#1806,#1689,#216,.T.);
#1476=EDGE_CURVE('',#1807,#1806,#1969,.F.);
#1477=EDGE_CURVE('',#1690,#1807,#217,.F.);
#1478=EDGE_CURVE('',#1808,#1807,#218,.T.);
#1479=EDGE_CURVE('',#1808,#1691,#219,.F.);
#1480=EDGE_CURVE('',#1809,#1808,#1970,.F.);
#1481=EDGE_CURVE('',#1692,#1809,#220,.F.);
#1482=EDGE_CURVE('',#1810,#1809,#1971,.T.);
#1483=EDGE_CURVE('',#1701,#1810,#221,.T.);
#1484=EDGE_CURVE('',#1811,#1810,#222,.T.);
#1485=EDGE_CURVE('',#1702,#1811,#223,.T.);
#1486=EDGE_CURVE('',#1698,#1812,#224,.T.);
#1487=EDGE_CURVE('',#1811,#1812,#1972,.T.);
#1488=EDGE_CURVE('',#1695,#1813,#1973,.F.);
#1489=EDGE_CURVE('',#1813,#1699,#225,.F.);
#1490=EDGE_CURVE('',#1814,#1812,#226,.T.);
#1491=EDGE_CURVE('',#1696,#1814,#227,.T.);
#1492=EDGE_CURVE('',#1814,#1815,#1974,.T.);
#1493=EDGE_CURVE('',#1815,#1697,#228,.F.);
#1494=EDGE_CURVE('',#1816,#1815,#1975,.F.);
#1495=EDGE_CURVE('',#1694,#1816,#229,.T.);
#1496=EDGE_CURVE('',#1817,#1818,#230,.T.);
#1497=EDGE_CURVE('',#1818,#1819,#231,.F.);
#1498=EDGE_CURVE('',#1819,#1693,#1976,.T.);
#1499=EDGE_CURVE('',#1816,#1820,#232,.T.);
#1500=EDGE_CURVE('',#1817,#1820,#233,.T.);
#1501=EDGE_CURVE('',#1821,#1822,#234,.F.);
#1502=EDGE_CURVE('',#1822,#1817,#1977,.F.);
#1503=EDGE_CURVE('',#1820,#1821,#1978,.T.);
#1504=EDGE_CURVE('',#1822,#1823,#1979,.T.);
#1505=EDGE_CURVE('',#1824,#1821,#1980,.T.);
#1506=EDGE_CURVE('',#1823,#1824,#235,.F.);
#1507=EDGE_CURVE('',#1825,#1826,#236,.T.);
#1508=EDGE_CURVE('',#1826,#1827,#237,.F.);
#1509=EDGE_CURVE('',#1828,#1827,#238,.T.);
#1510=EDGE_CURVE('',#1828,#1825,#239,.F.);
#1511=EDGE_CURVE('',#1827,#1829,#1981,.F.);
#1512=EDGE_CURVE('',#1830,#1826,#1982,.F.);
#1513=EDGE_CURVE('',#1829,#1830,#240,.F.);
#1514=EDGE_CURVE('',#1831,#1832,#241,.T.);
#1515=EDGE_CURVE('',#1832,#1833,#89,.T.);
#1516=EDGE_CURVE('',#1829,#1833,#1983,.T.);
#1517=EDGE_CURVE('',#1831,#1830,#1984,.T.);
#1518=EDGE_CURVE('',#1834,#1834,#1985,.T.);
#1519=EDGE_CURVE('',#1835,#1835,#1986,.T.);
#1520=EDGE_CURVE('',#1836,#1836,#1987,.T.);
#1521=EDGE_CURVE('',#1837,#1838,#90,.T.);
#1522=EDGE_CURVE('',#1839,#1837,#1988,.F.);
#1523=EDGE_CURVE('',#1838,#1839,#242,.T.);
#1524=EDGE_CURVE('',#1840,#1841,#243,.T.);
#1525=EDGE_CURVE('',#1842,#1841,#1989,.F.);
#1526=EDGE_CURVE('',#1842,#1840,#91,.T.);
#1527=EDGE_CURVE('',#1624,#1842,#244,.F.);
#1528=EDGE_CURVE('',#1840,#1665,#245,.T.);
#1529=EDGE_CURVE('',#1841,#1843,#246,.T.);
#1530=EDGE_CURVE('',#1664,#1832,#247,.T.);
#1531=EDGE_CURVE('',#1844,#1831,#248,.T.);
#1532=EDGE_CURVE('',#1843,#1844,#249,.F.);
#1533=EDGE_CURVE('',#1833,#1663,#250,.F.);
#1534=EDGE_CURVE('',#1662,#1828,#1990,.F.);
#1535=EDGE_CURVE('',#1825,#1661,#1991,.F.);
#1536=EDGE_CURVE('',#1659,#1823,#251,.T.);
#1537=EDGE_CURVE('',#1824,#1660,#252,.T.);
#1538=EDGE_CURVE('',#1658,#1818,#1992,.T.);
#1539=EDGE_CURVE('',#1819,#1657,#92,.T.);
#1540=EDGE_CURVE('',#1813,#1656,#93,.T.);
#1541=EDGE_CURVE('',#1699,#1655,#94,.F.);
#1542=EDGE_CURVE('',#1801,#1654,#253,.T.);
#1543=EDGE_CURVE('',#1653,#1799,#254,.F.);
#1544=EDGE_CURVE('',#1797,#1652,#255,.T.);
#1545=EDGE_CURVE('',#1798,#1845,#256,.T.);
#1546=EDGE_CURVE('',#1651,#1792,#257,.T.);
#1547=EDGE_CURVE('',#1846,#1791,#258,.T.);
#1548=EDGE_CURVE('',#1845,#1846,#259,.F.);
#1549=EDGE_CURVE('',#1793,#1650,#260,.F.);
#1550=EDGE_CURVE('',#1649,#1788,#1993,.F.);
#1551=EDGE_CURVE('',#1785,#1648,#1994,.F.);
#1552=EDGE_CURVE('',#1646,#1783,#261,.T.);
#1553=EDGE_CURVE('',#1784,#1647,#262,.T.);
#1554=EDGE_CURVE('',#1645,#1778,#1995,.T.);
#1555=EDGE_CURVE('',#1779,#1644,#95,.T.);
#1556=EDGE_CURVE('',#1773,#1643,#96,.T.);
#1557=EDGE_CURVE('',#1709,#1642,#97,.F.);
#1558=EDGE_CURVE('',#1759,#1641,#263,.T.);
#1559=EDGE_CURVE('',#1757,#1640,#264,.T.);
#1560=EDGE_CURVE('',#1714,#1639,#98,.F.);
#1561=EDGE_CURVE('',#1744,#1638,#99,.T.);
#1562=EDGE_CURVE('',#1740,#1637,#100,.T.);
#1563=EDGE_CURVE('',#1636,#1738,#1996,.T.);
#1564=EDGE_CURVE('',#1635,#1733,#265,.T.);
#1565=EDGE_CURVE('',#1734,#1634,#266,.T.);
#1566=EDGE_CURVE('',#1632,#1731,#1997,.F.);
#1567=EDGE_CURVE('',#1730,#1633,#1998,.F.);
#1568=EDGE_CURVE('',#1726,#1631,#267,.F.);
#1569=EDGE_CURVE('',#1630,#1727,#268,.T.);
#1570=EDGE_CURVE('',#1847,#1723,#269,.T.);
#1571=EDGE_CURVE('',#1838,#1629,#270,.T.);
#1572=EDGE_CURVE('',#1839,#1848,#271,.T.);
#1573=EDGE_CURVE('',#1847,#1848,#272,.T.);
#1574=EDGE_CURVE('',#1628,#1837,#273,.F.);
#1575=EDGE_CURVE('',#1849,#1847,#1999,.F.);
#1576=EDGE_CURVE('',#1848,#1850,#2000,.F.);
#1577=EDGE_CURVE('',#1850,#1849,#274,.F.);
#1578=EDGE_CURVE('',#1849,#1851,#2001,.F.);
#1579=EDGE_CURVE('',#1762,#1851,#2002,.F.);
#1580=EDGE_CURVE('',#1851,#1852,#275,.T.);
#1581=EDGE_CURVE('',#1852,#1761,#2003,.F.);
#1582=EDGE_CURVE('',#1853,#1852,#2004,.F.);
#1583=EDGE_CURVE('',#1765,#1853,#2005,.F.);
#1584=EDGE_CURVE('',#1854,#1763,#2006,.F.);
#1585=EDGE_CURVE('',#1853,#1854,#276,.F.);
#1586=EDGE_CURVE('',#1854,#1855,#2007,.F.);
#1587=EDGE_CURVE('',#1846,#1855,#2008,.F.);
#1588=EDGE_CURVE('',#1855,#1856,#277,.T.);
#1589=EDGE_CURVE('',#1856,#1845,#2009,.F.);
#1590=EDGE_CURVE('',#1857,#1856,#2010,.F.);
#1591=EDGE_CURVE('',#1805,#1857,#2011,.F.);
#1592=EDGE_CURVE('',#1858,#1803,#2012,.F.);
#1593=EDGE_CURVE('',#1857,#1858,#278,.F.);
#1594=EDGE_CURVE('',#1858,#1859,#2013,.F.);
#1595=EDGE_CURVE('',#1844,#1859,#2014,.F.);
#1596=EDGE_CURVE('',#1859,#1860,#279,.T.);
#1597=EDGE_CURVE('',#1860,#1843,#2015,.F.);
#1598=EDGE_CURVE('',#1861,#1862,#2016,.T.);
#1599=EDGE_CURVE('',#1861,#1863,#280,.F.);
#1600=EDGE_CURVE('',#1863,#1860,#2017,.F.);
#1601=EDGE_CURVE('',#1850,#1864,#2018,.F.);
#1602=EDGE_CURVE('',#1864,#1862,#281,.T.);
#1603=EDGE_CURVE('',#1865,#1861,#282,.T.);
#1604=EDGE_CURVE('',#1862,#1866,#283,.T.);
#1605=EDGE_CURVE('',#1867,#1866,#284,.T.);
#1606=EDGE_CURVE('',#1626,#1867,#285,.T.);
#1607=EDGE_CURVE('',#1625,#1868,#286,.T.);
#1608=EDGE_CURVE('',#1868,#1865,#287,.T.);
#1609=EDGE_CURVE('',#1623,#1869,#288,.T.);
#1610=EDGE_CURVE('',#1870,#1863,#289,.T.);
#1611=EDGE_CURVE('',#1869,#1870,#290,.T.);
#1612=EDGE_CURVE('',#1864,#1871,#291,.T.);
#1613=EDGE_CURVE('',#1872,#1627,#292,.T.);
#1614=EDGE_CURVE('',#1872,#1871,#293,.T.);
#1615=EDGE_CURVE('',#1866,#1871,#294,.T.);
#1616=EDGE_CURVE('',#1873,#1873,#2019,.T.);
#1617=EDGE_CURVE('',#1865,#1870,#295,.T.);
#1618=EDGE_CURVE('',#1874,#1874,#2020,.T.);
#1619=EDGE_CURVE('',#1875,#1875,#2021,.T.);
#1620=EDGE_CURVE('',#1867,#1872,#296,.T.);
#1621=EDGE_CURVE('',#1876,#1876,#2022,.T.);
#1622=EDGE_CURVE('',#1868,#1869,#297,.T.);
#1623=VERTEX_POINT('',#3592);
#1624=VERTEX_POINT('',#3593);
#1625=VERTEX_POINT('',#3595);
#1626=VERTEX_POINT('',#3597);
#1627=VERTEX_POINT('',#3599);
#1628=VERTEX_POINT('',#3601);
#1629=VERTEX_POINT('',#3609);
#1630=VERTEX_POINT('',#3611);
#1631=VERTEX_POINT('',#3617);
#1632=VERTEX_POINT('',#3619);
#1633=VERTEX_POINT('',#3621);
#1634=VERTEX_POINT('',#3623);
#1635=VERTEX_POINT('',#3625);
#1636=VERTEX_POINT('',#3627);
#1637=VERTEX_POINT('',#3629);
#1638=VERTEX_POINT('',#3631);
#1639=VERTEX_POINT('',#3633);
#1640=VERTEX_POINT('',#3640);
#1641=VERTEX_POINT('',#3642);
#1642=VERTEX_POINT('',#3649);
#1643=VERTEX_POINT('',#3651);
#1644=VERTEX_POINT('',#3653);
#1645=VERTEX_POINT('',#3655);
#1646=VERTEX_POINT('',#3657);
#1647=VERTEX_POINT('',#3659);
#1648=VERTEX_POINT('',#3661);
#1649=VERTEX_POINT('',#3663);
#1650=VERTEX_POINT('',#3665);
#1651=VERTEX_POINT('',#3671);
#1652=VERTEX_POINT('',#3673);
#1653=VERTEX_POINT('',#3681);
#1654=VERTEX_POINT('',#3683);
#1655=VERTEX_POINT('',#3690);
#1656=VERTEX_POINT('',#3692);
#1657=VERTEX_POINT('',#3694);
#1658=VERTEX_POINT('',#3696);
#1659=VERTEX_POINT('',#3698);
#1660=VERTEX_POINT('',#3700);
#1661=VERTEX_POINT('',#3702);
#1662=VERTEX_POINT('',#3704);
#1663=VERTEX_POINT('',#3706);
#1664=VERTEX_POINT('',#3712);
#1665=VERTEX_POINT('',#3714);
#1666=VERTEX_POINT('',#3724);
#1667=VERTEX_POINT('',#3726);
#1668=VERTEX_POINT('',#3727);
#1669=VERTEX_POINT('',#3729);
#1670=VERTEX_POINT('',#3731);
#1671=VERTEX_POINT('',#3733);
#1672=VERTEX_POINT('',#3735);
#1673=VERTEX_POINT('',#3743);
#1674=VERTEX_POINT('',#3745);
#1675=VERTEX_POINT('',#3757);
#1676=VERTEX_POINT('',#3758);
#1677=VERTEX_POINT('',#3760);
#1678=VERTEX_POINT('',#3766);
#1679=VERTEX_POINT('',#3770);
#1680=VERTEX_POINT('',#3772);
#1681=VERTEX_POINT('',#3774);
#1682=VERTEX_POINT('',#3776);
#1683=VERTEX_POINT('',#3778);
#1684=VERTEX_POINT('',#3786);
#1685=VERTEX_POINT('',#3787);
#1686=VERTEX_POINT('',#3789);
#1687=VERTEX_POINT('',#3795);
#1688=VERTEX_POINT('',#3799);
#1689=VERTEX_POINT('',#3801);
#1690=VERTEX_POINT('',#3803);
#1691=VERTEX_POINT('',#3805);
#1692=VERTEX_POINT('',#3807);
#1693=VERTEX_POINT('',#3811);
#1694=VERTEX_POINT('',#3812);
#1695=VERTEX_POINT('',#3814);
#1696=VERTEX_POINT('',#3816);
#1697=VERTEX_POINT('',#3818);
#1698=VERTEX_POINT('',#3822);
#1699=VERTEX_POINT('',#3823);
#1700=VERTEX_POINT('',#3825);
#1701=VERTEX_POINT('',#3827);
#1702=VERTEX_POINT('',#3829);
#1703=VERTEX_POINT('',#3833);
#1704=VERTEX_POINT('',#3834);
#1705=VERTEX_POINT('',#3836);
#1706=VERTEX_POINT('',#3838);
#1707=VERTEX_POINT('',#3840);
#1708=VERTEX_POINT('',#3844);
#1709=VERTEX_POINT('',#3845);
#1710=VERTEX_POINT('',#3847);
#1711=VERTEX_POINT('',#3849);
#1712=VERTEX_POINT('',#3851);
#1713=VERTEX_POINT('',#3855);
#1714=VERTEX_POINT('',#3856);
#1715=VERTEX_POINT('',#3858);
#1716=VERTEX_POINT('',#3860);
#1717=VERTEX_POINT('',#3862);
#1718=VERTEX_POINT('',#3866);
#1719=VERTEX_POINT('',#3867);
#1720=VERTEX_POINT('',#3869);
#1721=VERTEX_POINT('',#3871);
#1722=VERTEX_POINT('',#3873);
#1723=VERTEX_POINT('',#3877);
#1724=VERTEX_POINT('',#3878);
#1725=VERTEX_POINT('',#3880);
#1726=VERTEX_POINT('',#3882);
#1727=VERTEX_POINT('',#3888);
#1728=VERTEX_POINT('',#3892);
#1729=VERTEX_POINT('',#3894);
#1730=VERTEX_POINT('',#3898);
#1731=VERTEX_POINT('',#3900);
#1732=VERTEX_POINT('',#3904);
#1733=VERTEX_POINT('',#3905);
#1734=VERTEX_POINT('',#3907);
#1735=VERTEX_POINT('',#3909);
#1736=VERTEX_POINT('',#3913);
#1737=VERTEX_POINT('',#3915);
#1738=VERTEX_POINT('',#3919);
#1739=VERTEX_POINT('',#3921);
#1740=VERTEX_POINT('',#3924);
#1741=VERTEX_POINT('',#3928);
#1742=VERTEX_POINT('',#3932);
#1743=VERTEX_POINT('',#3936);
#1744=VERTEX_POINT('',#3939);
#1745=VERTEX_POINT('',#3943);
#1746=VERTEX_POINT('',#3947);
#1747=VERTEX_POINT('',#3952);
#1748=VERTEX_POINT('',#3956);
#1749=VERTEX_POINT('',#3960);
#1750=VERTEX_POINT('',#3964);
#1751=VERTEX_POINT('',#3968);
#1752=VERTEX_POINT('',#3972);
#1753=VERTEX_POINT('',#3974);
#1754=VERTEX_POINT('',#3977);
#1755=VERTEX_POINT('',#3980);
#1756=VERTEX_POINT('',#3981);
#1757=VERTEX_POINT('',#3983);
#1758=VERTEX_POINT('',#3999);
#1759=VERTEX_POINT('',#4000);
#1760=VERTEX_POINT('',#4002);
#1761=VERTEX_POINT('',#4006);
#1762=VERTEX_POINT('',#4009);
#1763=VERTEX_POINT('',#4013);
#1764=VERTEX_POINT('',#4014);
#1765=VERTEX_POINT('',#4019);
#1766=VERTEX_POINT('',#4023);
#1767=VERTEX_POINT('',#4027);
#1768=VERTEX_POINT('',#4031);
#1769=VERTEX_POINT('',#4035);
#1770=VERTEX_POINT('',#4039);
#1771=VERTEX_POINT('',#4043);
#1772=VERTEX_POINT('',#4047);
#1773=VERTEX_POINT('',#4051);
#1774=VERTEX_POINT('',#4054);
#1775=VERTEX_POINT('',#4058);
#1776=VERTEX_POINT('',#4062);
#1777=VERTEX_POINT('',#4066);
#1778=VERTEX_POINT('',#4067);
#1779=VERTEX_POINT('',#4069);
#1780=VERTEX_POINT('',#4072);
#1781=VERTEX_POINT('',#4076);
#1782=VERTEX_POINT('',#4077);
#1783=VERTEX_POINT('',#4082);
#1784=VERTEX_POINT('',#4084);
#1785=VERTEX_POINT('',#4088);
#1786=VERTEX_POINT('',#4089);
#1787=VERTEX_POINT('',#4091);
#1788=VERTEX_POINT('',#4093);
#1789=VERTEX_POINT('',#4097);
#1790=VERTEX_POINT('',#4099);
#1791=VERTEX_POINT('',#4103);
#1792=VERTEX_POINT('',#4104);
#1793=VERTEX_POINT('',#4110);
#1794=VERTEX_POINT('',#4115);
#1795=VERTEX_POINT('',#4117);
#1796=VERTEX_POINT('',#4120);
#1797=VERTEX_POINT('',#4123);
#1798=VERTEX_POINT('',#4124);
#1799=VERTEX_POINT('',#4126);
#1800=VERTEX_POINT('',#4142);
#1801=VERTEX_POINT('',#4143);
#1802=VERTEX_POINT('',#4145);
#1803=VERTEX_POINT('',#4149);
#1804=VERTEX_POINT('',#4150);
#1805=VERTEX_POINT('',#4155);
#1806=VERTEX_POINT('',#4159);
#1807=VERTEX_POINT('',#4163);
#1808=VERTEX_POINT('',#4167);
#1809=VERTEX_POINT('',#4171);
#1810=VERTEX_POINT('',#4175);
#1811=VERTEX_POINT('',#4179);
#1812=VERTEX_POINT('',#4183);
#1813=VERTEX_POINT('',#4187);
#1814=VERTEX_POINT('',#4190);
#1815=VERTEX_POINT('',#4194);
#1816=VERTEX_POINT('',#4198);
#1817=VERTEX_POINT('',#4202);
#1818=VERTEX_POINT('',#4203);
#1819=VERTEX_POINT('',#4205);
#1820=VERTEX_POINT('',#4208);
#1821=VERTEX_POINT('',#4212);
#1822=VERTEX_POINT('',#4213);
#1823=VERTEX_POINT('',#4218);
#1824=VERTEX_POINT('',#4220);
#1825=VERTEX_POINT('',#4224);
#1826=VERTEX_POINT('',#4225);
#1827=VERTEX_POINT('',#4227);
#1828=VERTEX_POINT('',#4229);
#1829=VERTEX_POINT('',#4233);
#1830=VERTEX_POINT('',#4235);
#1831=VERTEX_POINT('',#4239);
#1832=VERTEX_POINT('',#4240);
#1833=VERTEX_POINT('',#4246);
#1834=VERTEX_POINT('',#4251);
#1835=VERTEX_POINT('',#4253);
#1836=VERTEX_POINT('',#4256);
#1837=VERTEX_POINT('',#4265);
#1838=VERTEX_POINT('',#4266);
#1839=VERTEX_POINT('',#4268);
#1840=VERTEX_POINT('',#4272);
#1841=VERTEX_POINT('',#4273);
#1842=VERTEX_POINT('',#4275);
#1843=VERTEX_POINT('',#4288);
#1844=VERTEX_POINT('',#4291);
#1845=VERTEX_POINT('',#4331);
#1846=VERTEX_POINT('',#4334);
#1847=VERTEX_POINT('',#4405);
#1848=VERTEX_POINT('',#4408);
#1849=VERTEX_POINT('',#4414);
#1850=VERTEX_POINT('',#4416);
#1851=VERTEX_POINT('',#4420);
#1852=VERTEX_POINT('',#4424);
#1853=VERTEX_POINT('',#4428);
#1854=VERTEX_POINT('',#4432);
#1855=VERTEX_POINT('',#4436);
#1856=VERTEX_POINT('',#4440);
#1857=VERTEX_POINT('',#4444);
#1858=VERTEX_POINT('',#4448);
#1859=VERTEX_POINT('',#4452);
#1860=VERTEX_POINT('',#4456);
#1861=VERTEX_POINT('',#4460);
#1862=VERTEX_POINT('',#4461);
#1863=VERTEX_POINT('',#4463);
#1864=VERTEX_POINT('',#4466);
#1865=VERTEX_POINT('',#4470);
#1866=VERTEX_POINT('',#4472);
#1867=VERTEX_POINT('',#4474);
#1868=VERTEX_POINT('',#4477);
#1869=VERTEX_POINT('',#4481);
#1870=VERTEX_POINT('',#4483);
#1871=VERTEX_POINT('',#4487);
#1872=VERTEX_POINT('',#4489);
#1873=VERTEX_POINT('',#4494);
#1874=VERTEX_POINT('',#4498);
#1875=VERTEX_POINT('',#4501);
#1876=VERTEX_POINT('',#4507);
#1877=CIRCLE('',#2557,0.07254);
#1878=CIRCLE('',#2558,0.07254);
#1879=CIRCLE('',#2559,0.07254);
#1880=CIRCLE('',#2560,0.0725400000000014);
#1881=CIRCLE('',#2561,0.07254);
#1882=CIRCLE('',#2562,0.07254);
#1883=CIRCLE('',#2563,0.07254);
#1884=CIRCLE('',#2564,0.07254);
#1885=CIRCLE('',#2565,0.07254);
#1886=CIRCLE('',#2566,0.07254);
#1887=CIRCLE('',#2567,0.07254);
#1888=CIRCLE('',#2568,0.0725400000000014);
#1889=CIRCLE('',#2569,0.07254);
#1890=CIRCLE('',#2570,0.07254);
#1891=CIRCLE('',#2571,0.07254);
#1892=CIRCLE('',#2572,0.07254);
#1893=CIRCLE('',#2573,0.0725400000000014);
#1894=CIRCLE('',#2575,0.001525);
#1895=CIRCLE('',#2576,0.06604);
#1896=CIRCLE('',#2577,0.0725399999999973);
#1897=CIRCLE('',#2578,0.001);
#1898=CIRCLE('',#2579,0.001);
#1899=CIRCLE('',#2583,0.001525);
#1900=CIRCLE('',#2584,0.06604);
#1901=CIRCLE('',#2585,0.001);
#1902=CIRCLE('',#2586,0.001);
#1903=CIRCLE('',#2587,0.0725399999999973);
#1904=CIRCLE('',#2590,0.001525);
#1905=CIRCLE('',#2591,0.06604);
#1906=CIRCLE('',#2592,0.001);
#1907=CIRCLE('',#2593,0.001);
#1908=CIRCLE('',#2594,0.0725399999999973);
#1909=CIRCLE('',#2596,0.07454);
#1910=CIRCLE('',#2597,0.08254);
#1911=CIRCLE('',#2598,0.002);
#1912=CIRCLE('',#2600,0.07254);
#1913=CIRCLE('',#2601,0.07754);
#1914=CIRCLE('',#2603,0.07454);
#1915=CIRCLE('',#2604,0.08254);
#1916=CIRCLE('',#2605,0.002);
#1917=CIRCLE('',#2607,0.07254);
#1918=CIRCLE('',#2608,0.07754);
#1919=CIRCLE('',#2610,0.07754);
#1920=CIRCLE('',#2611,0.07254);
#1921=CIRCLE('',#2613,0.002);
#1922=CIRCLE('',#2614,0.08254);
#1923=CIRCLE('',#2615,0.07454);
#1924=CIRCLE('',#2617,0.06604);
#1925=CIRCLE('',#2618,0.066040000000006);
#1926=CIRCLE('',#2620,0.001);
#1927=CIRCLE('',#2621,0.001);
#1928=CIRCLE('',#2624,0.001);
#1929=CIRCLE('',#2625,0.001);
#1930=CIRCLE('',#2627,0.0775400000000016);
#1931=CIRCLE('',#2628,0.0775400000000016);
#1932=CIRCLE('',#2630,0.002);
#1933=CIRCLE('',#2632,0.002);
#1934=CIRCLE('',#2634,0.08254);
#1935=CIRCLE('',#2636,0.002);
#1936=CIRCLE('',#2638,0.07754);
#1937=CIRCLE('',#2641,0.07254);
#1938=CIRCLE('',#2643,0.001);
#1939=CIRCLE('',#2646,0.001);
#1940=CIRCLE('',#2648,0.06604);
#1941=CIRCLE('',#2650,0.001525);
#1942=CIRCLE('',#2651,0.001525);
#1943=CIRCLE('',#2653,0.001525);
#1944=CIRCLE('',#2655,0.06604);
#1945=CIRCLE('',#2657,0.06604);
#1946=CIRCLE('',#2661,0.06604);
#1947=CIRCLE('',#2663,0.001);
#1948=CIRCLE('',#2666,0.001);
#1949=CIRCLE('',#2668,0.07254);
#1950=CIRCLE('',#2671,0.07754);
#1951=CIRCLE('',#2673,0.002);
#1952=CIRCLE('',#2675,0.08254);
#1953=CIRCLE('',#2677,0.002);
#1954=CIRCLE('',#2679,0.002);
#1955=CIRCLE('',#2681,0.0775400000000016);
#1956=CIRCLE('',#2682,0.0775400000000016);
#1957=CIRCLE('',#2684,0.001);
#1958=CIRCLE('',#2685,0.001);
#1959=CIRCLE('',#2688,0.001);
#1960=CIRCLE('',#2689,0.001);
#1961=CIRCLE('',#2691,0.066040000000006);
#1962=CIRCLE('',#2692,0.06604);
#1963=CIRCLE('',#2694,0.001525);
#1964=CIRCLE('',#2695,0.001525);
#1965=CIRCLE('',#2697,0.001525);
#1966=CIRCLE('',#2699,0.06604);
#1967=CIRCLE('',#2701,0.06604);
#1968=CIRCLE('',#2704,0.06604);
#1969=CIRCLE('',#2706,0.001);
#1970=CIRCLE('',#2709,0.001);
#1971=CIRCLE('',#2711,0.07254);
#1972=CIRCLE('',#2714,0.07754);
#1973=CIRCLE('',#2716,0.002);
#1974=CIRCLE('',#2718,0.08254);
#1975=CIRCLE('',#2720,0.002);
#1976=CIRCLE('',#2722,0.002);
#1977=CIRCLE('',#2724,0.0775400000000016);
#1978=CIRCLE('',#2725,0.0775400000000016);
#1979=CIRCLE('',#2727,0.001);
#1980=CIRCLE('',#2728,0.001);
#1981=CIRCLE('',#2731,0.001);
#1982=CIRCLE('',#2732,0.001);
#1983=CIRCLE('',#2734,0.066040000000006);
#1984=CIRCLE('',#2735,0.06604);
#1985=CIRCLE('',#2737,0.001525);
#1986=CIRCLE('',#2738,0.001525);
#1987=CIRCLE('',#2740,0.001525);
#1988=CIRCLE('',#2742,0.06604);
#1989=CIRCLE('',#2744,0.06604);
#1990=CIRCLE('',#2749,0.001);
#1991=CIRCLE('',#2751,0.001);
#1992=CIRCLE('',#2754,0.002);
#1993=CIRCLE('',#2763,0.001);
#1994=CIRCLE('',#2765,0.001);
#1995=CIRCLE('',#2768,0.002);
#1996=CIRCLE('',#2777,0.002);
#1997=CIRCLE('',#2781,0.001);
#1998=CIRCLE('',#2782,0.001);
#1999=CIRCLE('',#2788,0.003);
#2000=CIRCLE('',#2789,0.003);
#2001=CIRCLE('',#2791,0.0576);
#2002=CIRCLE('',#2792,0.003);
#2003=CIRCLE('',#2794,0.003);
#2004=CIRCLE('',#2796,0.0576);
#2005=CIRCLE('',#2797,0.003);
#2006=CIRCLE('',#2799,0.003);
#2007=CIRCLE('',#2801,0.0576);
#2008=CIRCLE('',#2802,0.003);
#2009=CIRCLE('',#2804,0.003);
#2010=CIRCLE('',#2806,0.0576);
#2011=CIRCLE('',#2807,0.003);
#2012=CIRCLE('',#2809,0.003);
#2013=CIRCLE('',#2811,0.0576);
#2014=CIRCLE('',#2812,0.003);
#2015=CIRCLE('',#2814,0.003);
#2016=CIRCLE('',#2816,0.0576);
#2017=CIRCLE('',#2817,0.0576);
#2018=CIRCLE('',#2818,0.0576);
#2019=CIRCLE('',#2823,0.00155);
#2020=CIRCLE('',#2825,0.00155);
#2021=CIRCLE('',#2827,0.00155);
#2022=CIRCLE('',#2831,0.00155);
#2023=EDGE_LOOP('',(#495,#496,#497,#498,#499,#500,#501,#502,#503,#504,#505,
#506,#507,#508,#509,#510,#511,#512,#513,#514,#515,#516,#517,#518,#519,#520,
#521,#522,#523,#524,#525,#526,#527,#528,#529,#530,#531,#532,#533,#534,#535,
#536,#537));
#2024=EDGE_LOOP('',(#538));
#2025=EDGE_LOOP('',(#539,#540,#541,#542,#543,#544));
#2026=EDGE_LOOP('',(#545,#546,#547,#548));
#2027=EDGE_LOOP('',(#549,#550,#551,#552));
#2028=EDGE_LOOP('',(#553));
#2029=EDGE_LOOP('',(#554,#555,#556,#557,#558,#559));
#2030=EDGE_LOOP('',(#560,#561,#562,#563));
#2031=EDGE_LOOP('',(#564));
#2032=EDGE_LOOP('',(#565,#566,#567,#568,#569,#570));
#2033=EDGE_LOOP('',(#571,#572,#573,#574,#575));
#2034=EDGE_LOOP('',(#576,#577,#578,#579,#580));
#2035=EDGE_LOOP('',(#581,#582,#583,#584,#585));
#2036=EDGE_LOOP('',(#586,#587,#588,#589,#590));
#2037=EDGE_LOOP('',(#591,#592,#593,#594,#595));
#2038=EDGE_LOOP('',(#596,#597,#598,#599,#600));
#2039=EDGE_LOOP('',(#601,#602,#603,#604,#605));
#2040=EDGE_LOOP('',(#606,#607,#608,#609));
#2041=EDGE_LOOP('',(#610,#611,#612,#613));
#2042=EDGE_LOOP('',(#614,#615,#616,#617));
#2043=EDGE_LOOP('',(#618,#619,#620,#621));
#2044=EDGE_LOOP('',(#622,#623,#624,#625,#626,#627,#628));
#2045=EDGE_LOOP('',(#629,#630,#631,#632));
#2046=EDGE_LOOP('',(#633,#634,#635,#636));
#2047=EDGE_LOOP('',(#637,#638,#639,#640,#641,#642,#643));
#2048=EDGE_LOOP('',(#644,#645,#646,#647));
#2049=EDGE_LOOP('',(#648,#649,#650,#651));
#2050=EDGE_LOOP('',(#652,#653,#654,#655,#656,#657,#658));
#2051=EDGE_LOOP('',(#659,#660,#661,#662));
#2052=EDGE_LOOP('',(#663,#664,#665,#666));
#2053=EDGE_LOOP('',(#667,#668,#669,#670));
#2054=EDGE_LOOP('',(#671,#672,#673,#674,#675));
#2055=EDGE_LOOP('',(#676));
#2056=EDGE_LOOP('',(#677));
#2057=EDGE_LOOP('',(#678));
#2058=EDGE_LOOP('',(#679));
#2059=EDGE_LOOP('',(#680,#681,#682));
#2060=EDGE_LOOP('',(#683,#684,#685));
#2061=EDGE_LOOP('',(#686,#687,#688,#689,#690,#691,#692,#693));
#2062=EDGE_LOOP('',(#694,#695,#696,#697,#698,#699,#700,#701));
#2063=EDGE_LOOP('',(#702,#703,#704,#705,#706));
#2064=EDGE_LOOP('',(#707,#708,#709,#710));
#2065=EDGE_LOOP('',(#711,#712,#713,#714));
#2066=EDGE_LOOP('',(#715,#716,#717,#718));
#2067=EDGE_LOOP('',(#719,#720,#721,#722,#723,#724,#725));
#2068=EDGE_LOOP('',(#726,#727,#728,#729));
#2069=EDGE_LOOP('',(#730,#731,#732,#733));
#2070=EDGE_LOOP('',(#734,#735,#736,#737,#738,#739,#740));
#2071=EDGE_LOOP('',(#741,#742,#743,#744));
#2072=EDGE_LOOP('',(#745,#746,#747,#748));
#2073=EDGE_LOOP('',(#749,#750,#751,#752,#753,#754,#755));
#2074=EDGE_LOOP('',(#756,#757,#758,#759));
#2075=EDGE_LOOP('',(#760,#761,#762,#763));
#2076=EDGE_LOOP('',(#764,#765,#766,#767));
#2077=EDGE_LOOP('',(#768,#769,#770,#771));
#2078=EDGE_LOOP('',(#772,#773,#774,#775,#776));
#2079=EDGE_LOOP('',(#777));
#2080=EDGE_LOOP('',(#778));
#2081=EDGE_LOOP('',(#779));
#2082=EDGE_LOOP('',(#780));
#2083=EDGE_LOOP('',(#781,#782,#783));
#2084=EDGE_LOOP('',(#784,#785,#786));
#2085=EDGE_LOOP('',(#787,#788,#789,#790,#791,#792,#793,#794));
#2086=EDGE_LOOP('',(#795,#796,#797,#798,#799));
#2087=EDGE_LOOP('',(#800,#801,#802,#803));
#2088=EDGE_LOOP('',(#804,#805,#806,#807));
#2089=EDGE_LOOP('',(#808,#809,#810,#811));
#2090=EDGE_LOOP('',(#812,#813,#814,#815,#816,#817,#818));
#2091=EDGE_LOOP('',(#819,#820,#821,#822));
#2092=EDGE_LOOP('',(#823,#824,#825,#826));
#2093=EDGE_LOOP('',(#827,#828,#829,#830,#831,#832,#833));
#2094=EDGE_LOOP('',(#834,#835,#836,#837));
#2095=EDGE_LOOP('',(#838,#839,#840,#841));
#2096=EDGE_LOOP('',(#842,#843,#844,#845,#846,#847,#848));
#2097=EDGE_LOOP('',(#849,#850,#851,#852));
#2098=EDGE_LOOP('',(#853,#854,#855,#856));
#2099=EDGE_LOOP('',(#857,#858,#859,#860));
#2100=EDGE_LOOP('',(#861,#862,#863,#864));
#2101=EDGE_LOOP('',(#865,#866,#867,#868,#869));
#2102=EDGE_LOOP('',(#870));
#2103=EDGE_LOOP('',(#871));
#2104=EDGE_LOOP('',(#872));
#2105=EDGE_LOOP('',(#873));
#2106=EDGE_LOOP('',(#874,#875,#876));
#2107=EDGE_LOOP('',(#877,#878,#879));
#2108=EDGE_LOOP('',(#880,#881,#882,#883));
#2109=EDGE_LOOP('',(#884,#885,#886,#887,#888,#889,#890,#891));
#2110=EDGE_LOOP('',(#892,#893,#894,#895));
#2111=EDGE_LOOP('',(#896));
#2112=EDGE_LOOP('',(#897,#898,#899,#900,#901,#902));
#2113=EDGE_LOOP('',(#903,#904,#905,#906));
#2114=EDGE_LOOP('',(#907,#908,#909,#910));
#2115=EDGE_LOOP('',(#911,#912,#913,#914,#915,#916));
#2116=EDGE_LOOP('',(#917,#918,#919,#920));
#2117=EDGE_LOOP('',(#921,#922,#923,#924,#925,#926));
#2118=EDGE_LOOP('',(#927,#928,#929,#930));
#2119=EDGE_LOOP('',(#931,#932,#933,#934,#935,#936));
#2120=EDGE_LOOP('',(#937,#938,#939,#940));
#2121=EDGE_LOOP('',(#941,#942,#943,#944,#945,#946,#947,#948));
#2122=EDGE_LOOP('',(#949,#950,#951,#952));
#2123=EDGE_LOOP('',(#953));
#2124=EDGE_LOOP('',(#954,#955,#956,#957,#958,#959));
#2125=EDGE_LOOP('',(#960,#961,#962,#963));
#2126=EDGE_LOOP('',(#964,#965,#966,#967));
#2127=EDGE_LOOP('',(#968,#969,#970,#971,#972,#973));
#2128=EDGE_LOOP('',(#974,#975,#976,#977));
#2129=EDGE_LOOP('',(#978,#979,#980,#981,#982,#983));
#2130=EDGE_LOOP('',(#984,#985,#986,#987));
#2131=EDGE_LOOP('',(#988,#989,#990,#991,#992,#993));
#2132=EDGE_LOOP('',(#994,#995,#996,#997,#998,#999));
#2133=EDGE_LOOP('',(#1000,#1001,#1002,#1003));
#2134=EDGE_LOOP('',(#1004,#1005,#1006,#1007,#1008,#1009));
#2135=EDGE_LOOP('',(#1010,#1011,#1012,#1013));
#2136=EDGE_LOOP('',(#1014,#1015,#1016,#1017,#1018,#1019));
#2137=EDGE_LOOP('',(#1020,#1021,#1022,#1023));
#2138=EDGE_LOOP('',(#1024,#1025,#1026,#1027));
#2139=EDGE_LOOP('',(#1028));
#2140=EDGE_LOOP('',(#1029,#1030,#1031,#1032,#1033,#1034));
#2141=EDGE_LOOP('',(#1035,#1036,#1037,#1038));
#2142=EDGE_LOOP('',(#1039,#1040,#1041,#1042,#1043,#1044,#1045,#1046));
#2143=EDGE_LOOP('',(#1047,#1048,#1049,#1050));
#2144=EDGE_LOOP('',(#1051,#1052,#1053,#1054));
#2145=EDGE_LOOP('',(#1055));
#2146=EDGE_LOOP('',(#1056));
#2147=EDGE_LOOP('',(#1057,#1058,#1059,#1060,#1061,#1062,#1063,#1064,#1065,
#1066,#1067,#1068,#1069,#1070,#1071,#1072,#1073,#1074,#1075,#1076,#1077,
#1078,#1079,#1080));
#2148=EDGE_LOOP('',(#1081,#1082,#1083,#1084));
#2149=EDGE_LOOP('',(#1085,#1086,#1087,#1088,#1089,#1090,#1091,#1092,#1093,
#1094));
#2150=EDGE_LOOP('',(#1095,#1096,#1097,#1098));
#2151=EDGE_LOOP('',(#1099));
#2152=EDGE_LOOP('',(#1100));
#2153=EDGE_LOOP('',(#1101,#1102,#1103,#1104,#1105,#1106,#1107,#1108,#1109,
#1110,#1111,#1112,#1113,#1114,#1115,#1116,#1117,#1118,#1119,#1120,#1121,
#1122,#1123,#1124));
#2154=EDGE_LOOP('',(#1125,#1126,#1127,#1128));
#2155=EDGE_LOOP('',(#1129,#1130,#1131,#1132,#1133,#1134,#1135,#1136,#1137,
#1138));
#2156=EDGE_LOOP('',(#1139,#1140,#1141,#1142));
#2157=EDGE_LOOP('',(#1143));
#2158=EDGE_LOOP('',(#1144));
#2159=EDGE_LOOP('',(#1145,#1146,#1147,#1148,#1149,#1150,#1151,#1152,#1153,
#1154,#1155,#1156,#1157,#1158,#1159,#1160,#1161,#1162,#1163,#1164,#1165,
#1166,#1167,#1168));
#2160=EDGE_LOOP('',(#1169,#1170,#1171,#1172));
#2161=EDGE_LOOP('',(#1173,#1174,#1175,#1176,#1177,#1178,#1179,#1180,#1181,
#1182,#1183,#1184,#1185,#1186,#1187,#1188));
#2162=EDGE_LOOP('',(#1189,#1190,#1191,#1192,#1193,#1194,#1195,#1196));
#2163=EDGE_LOOP('',(#1197,#1198,#1199,#1200,#1201,#1202,#1203,#1204,#1205));
#2164=EDGE_LOOP('',(#1206,#1207,#1208,#1209,#1210,#1211,#1212,#1213,#1214));
#2165=EDGE_LOOP('',(#1215,#1216,#1217,#1218));
#2166=EDGE_LOOP('',(#1219));
#2167=EDGE_LOOP('',(#1220,#1221,#1222,#1223));
#2168=EDGE_LOOP('',(#1224));
#2169=EDGE_LOOP('',(#1225));
#2170=EDGE_LOOP('',(#1226,#1227,#1228,#1229));
#2171=EDGE_LOOP('',(#1230,#1231,#1232,#1233));
#2172=EDGE_LOOP('',(#1234));
#2173=EDGE_LOOP('',(#1235));
#2174=EDGE_LOOP('',(#1236));
#2175=EDGE_LOOP('',(#1237,#1238,#1239,#1240));
#2176=EDGE_LOOP('',(#1241,#1242,#1243,#1244));
#2177=EDGE_LOOP('',(#1245));
#2178=EDGE_LOOP('',(#1246));
#2179=FACE_BOUND('',#2023,.T.);
#2180=FACE_BOUND('',#2024,.T.);
#2181=FACE_BOUND('',#2025,.T.);
#2182=FACE_BOUND('',#2026,.T.);
#2183=FACE_BOUND('',#2027,.T.);
#2184=FACE_BOUND('',#2028,.T.);
#2185=FACE_BOUND('',#2029,.T.);
#2186=FACE_BOUND('',#2030,.T.);
#2187=FACE_BOUND('',#2031,.T.);
#2188=FACE_BOUND('',#2032,.T.);
#2189=FACE_BOUND('',#2033,.T.);
#2190=FACE_BOUND('',#2034,.T.);
#2191=FACE_BOUND('',#2035,.T.);
#2192=FACE_BOUND('',#2036,.T.);
#2193=FACE_BOUND('',#2037,.T.);
#2194=FACE_BOUND('',#2038,.T.);
#2195=FACE_BOUND('',#2039,.T.);
#2196=FACE_BOUND('',#2040,.T.);
#2197=FACE_BOUND('',#2041,.T.);
#2198=FACE_BOUND('',#2042,.T.);
#2199=FACE_BOUND('',#2043,.T.);
#2200=FACE_BOUND('',#2044,.T.);
#2201=FACE_BOUND('',#2045,.T.);
#2202=FACE_BOUND('',#2046,.T.);
#2203=FACE_BOUND('',#2047,.T.);
#2204=FACE_BOUND('',#2048,.T.);
#2205=FACE_BOUND('',#2049,.T.);
#2206=FACE_BOUND('',#2050,.T.);
#2207=FACE_BOUND('',#2051,.T.);
#2208=FACE_BOUND('',#2052,.T.);
#2209=FACE_BOUND('',#2053,.T.);
#2210=FACE_BOUND('',#2054,.T.);
#2211=FACE_BOUND('',#2055,.T.);
#2212=FACE_BOUND('',#2056,.T.);
#2213=FACE_BOUND('',#2057,.T.);
#2214=FACE_BOUND('',#2058,.T.);
#2215=FACE_BOUND('',#2059,.T.);
#2216=FACE_BOUND('',#2060,.T.);
#2217=FACE_BOUND('',#2061,.T.);
#2218=FACE_BOUND('',#2062,.T.);
#2219=FACE_BOUND('',#2063,.T.);
#2220=FACE_BOUND('',#2064,.T.);
#2221=FACE_BOUND('',#2065,.T.);
#2222=FACE_BOUND('',#2066,.T.);
#2223=FACE_BOUND('',#2067,.T.);
#2224=FACE_BOUND('',#2068,.T.);
#2225=FACE_BOUND('',#2069,.T.);
#2226=FACE_BOUND('',#2070,.T.);
#2227=FACE_BOUND('',#2071,.T.);
#2228=FACE_BOUND('',#2072,.T.);
#2229=FACE_BOUND('',#2073,.T.);
#2230=FACE_BOUND('',#2074,.T.);
#2231=FACE_BOUND('',#2075,.T.);
#2232=FACE_BOUND('',#2076,.T.);
#2233=FACE_BOUND('',#2077,.T.);
#2234=FACE_BOUND('',#2078,.T.);
#2235=FACE_BOUND('',#2079,.T.);
#2236=FACE_BOUND('',#2080,.T.);
#2237=FACE_BOUND('',#2081,.T.);
#2238=FACE_BOUND('',#2082,.T.);
#2239=FACE_BOUND('',#2083,.T.);
#2240=FACE_BOUND('',#2084,.T.);
#2241=FACE_BOUND('',#2085,.T.);
#2242=FACE_BOUND('',#2086,.T.);
#2243=FACE_BOUND('',#2087,.T.);
#2244=FACE_BOUND('',#2088,.T.);
#2245=FACE_BOUND('',#2089,.T.);
#2246=FACE_BOUND('',#2090,.T.);
#2247=FACE_BOUND('',#2091,.T.);
#2248=FACE_BOUND('',#2092,.T.);
#2249=FACE_BOUND('',#2093,.T.);
#2250=FACE_BOUND('',#2094,.T.);
#2251=FACE_BOUND('',#2095,.T.);
#2252=FACE_BOUND('',#2096,.T.);
#2253=FACE_BOUND('',#2097,.T.);
#2254=FACE_BOUND('',#2098,.T.);
#2255=FACE_BOUND('',#2099,.T.);
#2256=FACE_BOUND('',#2100,.T.);
#2257=FACE_BOUND('',#2101,.T.);
#2258=FACE_BOUND('',#2102,.T.);
#2259=FACE_BOUND('',#2103,.T.);
#2260=FACE_BOUND('',#2104,.T.);
#2261=FACE_BOUND('',#2105,.T.);
#2262=FACE_BOUND('',#2106,.T.);
#2263=FACE_BOUND('',#2107,.T.);
#2264=FACE_BOUND('',#2108,.T.);
#2265=FACE_BOUND('',#2109,.T.);
#2266=FACE_BOUND('',#2110,.T.);
#2267=FACE_BOUND('',#2111,.T.);
#2268=FACE_BOUND('',#2112,.T.);
#2269=FACE_BOUND('',#2113,.T.);
#2270=FACE_BOUND('',#2114,.T.);
#2271=FACE_BOUND('',#2115,.T.);
#2272=FACE_BOUND('',#2116,.T.);
#2273=FACE_BOUND('',#2117,.T.);
#2274=FACE_BOUND('',#2118,.T.);
#2275=FACE_BOUND('',#2119,.T.);
#2276=FACE_BOUND('',#2120,.T.);
#2277=FACE_BOUND('',#2121,.T.);
#2278=FACE_BOUND('',#2122,.T.);
#2279=FACE_BOUND('',#2123,.T.);
#2280=FACE_BOUND('',#2124,.T.);
#2281=FACE_BOUND('',#2125,.T.);
#2282=FACE_BOUND('',#2126,.T.);
#2283=FACE_BOUND('',#2127,.T.);
#2284=FACE_BOUND('',#2128,.T.);
#2285=FACE_BOUND('',#2129,.T.);
#2286=FACE_BOUND('',#2130,.T.);
#2287=FACE_BOUND('',#2131,.T.);
#2288=FACE_BOUND('',#2132,.T.);
#2289=FACE_BOUND('',#2133,.T.);
#2290=FACE_BOUND('',#2134,.T.);
#2291=FACE_BOUND('',#2135,.T.);
#2292=FACE_BOUND('',#2136,.T.);
#2293=FACE_BOUND('',#2137,.T.);
#2294=FACE_BOUND('',#2138,.T.);
#2295=FACE_BOUND('',#2139,.T.);
#2296=FACE_BOUND('',#2140,.T.);
#2297=FACE_BOUND('',#2141,.T.);
#2298=FACE_BOUND('',#2142,.T.);
#2299=FACE_BOUND('',#2143,.T.);
#2300=FACE_BOUND('',#2144,.T.);
#2301=FACE_BOUND('',#2145,.T.);
#2302=FACE_BOUND('',#2146,.T.);
#2303=FACE_BOUND('',#2147,.T.);
#2304=FACE_BOUND('',#2148,.T.);
#2305=FACE_BOUND('',#2149,.T.);
#2306=FACE_BOUND('',#2150,.T.);
#2307=FACE_BOUND('',#2151,.T.);
#2308=FACE_BOUND('',#2152,.T.);
#2309=FACE_BOUND('',#2153,.T.);
#2310=FACE_BOUND('',#2154,.T.);
#2311=FACE_BOUND('',#2155,.T.);
#2312=FACE_BOUND('',#2156,.T.);
#2313=FACE_BOUND('',#2157,.T.);
#2314=FACE_BOUND('',#2158,.T.);
#2315=FACE_BOUND('',#2159,.T.);
#2316=FACE_BOUND('',#2160,.T.);
#2317=FACE_BOUND('',#2161,.T.);
#2318=FACE_BOUND('',#2162,.T.);
#2319=FACE_BOUND('',#2163,.T.);
#2320=FACE_BOUND('',#2164,.T.);
#2321=FACE_BOUND('',#2165,.T.);
#2322=FACE_BOUND('',#2166,.T.);
#2323=FACE_BOUND('',#2167,.T.);
#2324=FACE_BOUND('',#2168,.T.);
#2325=FACE_BOUND('',#2169,.T.);
#2326=FACE_BOUND('',#2170,.T.);
#2327=FACE_BOUND('',#2171,.T.);
#2328=FACE_BOUND('',#2172,.T.);
#2329=FACE_BOUND('',#2173,.T.);
#2330=FACE_BOUND('',#2174,.T.);
#2331=FACE_BOUND('',#2175,.T.);
#2332=FACE_BOUND('',#2176,.T.);
#2333=FACE_BOUND('',#2177,.T.);
#2334=FACE_BOUND('',#2178,.T.);
#2335=CYLINDRICAL_SURFACE('',#2556,0.07254);
#2336=CYLINDRICAL_SURFACE('',#2580,0.001);
#2337=CYLINDRICAL_SURFACE('',#2581,0.001);
#2338=CYLINDRICAL_SURFACE('',#2588,0.001);
#2339=CYLINDRICAL_SURFACE('',#2616,0.06604);
#2340=CYLINDRICAL_SURFACE('',#2619,0.001);
#2341=CYLINDRICAL_SURFACE('',#2623,0.001);
#2342=CYLINDRICAL_SURFACE('',#2626,0.0775400000000016);
#2343=CYLINDRICAL_SURFACE('',#2631,0.002);
#2344=CYLINDRICAL_SURFACE('',#2633,0.08254);
#2345=CYLINDRICAL_SURFACE('',#2637,0.07754);
#2346=CYLINDRICAL_SURFACE('',#2640,0.07254);
#2347=CYLINDRICAL_SURFACE('',#2642,0.001);
#2348=CYLINDRICAL_SURFACE('',#2645,0.001);
#2349=CYLINDRICAL_SURFACE('',#2647,0.06604);
#2350=CYLINDRICAL_SURFACE('',#2649,0.001525);
#2351=CYLINDRICAL_SURFACE('',#2652,0.001525);
#2352=CYLINDRICAL_SURFACE('',#2654,0.06604);
#2353=CYLINDRICAL_SURFACE('',#2656,0.06604);
#2354=CYLINDRICAL_SURFACE('',#2660,0.06604);
#2355=CYLINDRICAL_SURFACE('',#2662,0.001);
#2356=CYLINDRICAL_SURFACE('',#2665,0.001);
#2357=CYLINDRICAL_SURFACE('',#2667,0.07254);
#2358=CYLINDRICAL_SURFACE('',#2670,0.07754);
#2359=CYLINDRICAL_SURFACE('',#2674,0.08254);
#2360=CYLINDRICAL_SURFACE('',#2676,0.002);
#2361=CYLINDRICAL_SURFACE('',#2680,0.0775400000000016);
#2362=CYLINDRICAL_SURFACE('',#2683,0.001);
#2363=CYLINDRICAL_SURFACE('',#2687,0.001);
#2364=CYLINDRICAL_SURFACE('',#2690,0.06604);
#2365=CYLINDRICAL_SURFACE('',#2693,0.001525);
#2366=CYLINDRICAL_SURFACE('',#2696,0.001525);
#2367=CYLINDRICAL_SURFACE('',#2698,0.06604);
#2368=CYLINDRICAL_SURFACE('',#2700,0.06604);
#2369=CYLINDRICAL_SURFACE('',#2703,0.06604);
#2370=CYLINDRICAL_SURFACE('',#2705,0.001);
#2371=CYLINDRICAL_SURFACE('',#2708,0.001);
#2372=CYLINDRICAL_SURFACE('',#2710,0.07254);
#2373=CYLINDRICAL_SURFACE('',#2713,0.07754);
#2374=CYLINDRICAL_SURFACE('',#2717,0.08254);
#2375=CYLINDRICAL_SURFACE('',#2719,0.002);
#2376=CYLINDRICAL_SURFACE('',#2723,0.0775400000000016);
#2377=CYLINDRICAL_SURFACE('',#2726,0.001);
#2378=CYLINDRICAL_SURFACE('',#2730,0.001);
#2379=CYLINDRICAL_SURFACE('',#2733,0.06604);
#2380=CYLINDRICAL_SURFACE('',#2736,0.001525);
#2381=CYLINDRICAL_SURFACE('',#2739,0.001525);
#2382=CYLINDRICAL_SURFACE('',#2741,0.06604);
#2383=CYLINDRICAL_SURFACE('',#2743,0.06604);
#2384=CYLINDRICAL_SURFACE('',#2745,0.01);
#2385=CYLINDRICAL_SURFACE('',#2747,0.001);
#2386=CYLINDRICAL_SURFACE('',#2750,0.001);
#2387=CYLINDRICAL_SURFACE('',#2755,0.002);
#2388=CYLINDRICAL_SURFACE('',#2757,0.002);
#2389=CYLINDRICAL_SURFACE('',#2758,0.01);
#2390=CYLINDRICAL_SURFACE('',#2759,0.01);
#2391=CYLINDRICAL_SURFACE('',#2761,0.001);
#2392=CYLINDRICAL_SURFACE('',#2764,0.001);
#2393=CYLINDRICAL_SURFACE('',#2769,0.002);
#2394=CYLINDRICAL_SURFACE('',#2771,0.002);
#2395=CYLINDRICAL_SURFACE('',#2772,0.01);
#2396=CYLINDRICAL_SURFACE('',#2773,0.01);
#2397=CYLINDRICAL_SURFACE('',#2774,0.002);
#2398=CYLINDRICAL_SURFACE('',#2776,0.002);
#2399=CYLINDRICAL_SURFACE('',#2780,0.001);
#2400=CYLINDRICAL_SURFACE('',#2784,0.001);
#2401=CYLINDRICAL_SURFACE('',#2786,0.01);
#2402=CYLINDRICAL_SURFACE('',#2787,0.003);
#2403=CYLINDRICAL_SURFACE('',#2793,0.003);
#2404=CYLINDRICAL_SURFACE('',#2798,0.003);
#2405=CYLINDRICAL_SURFACE('',#2803,0.003);
#2406=CYLINDRICAL_SURFACE('',#2808,0.003);
#2407=CYLINDRICAL_SURFACE('',#2813,0.003);
#2408=CYLINDRICAL_SURFACE('',#2815,0.0576);
#2409=CYLINDRICAL_SURFACE('',#2829,0.00155);
#2410=CYLINDRICAL_SURFACE('',#2833,0.00155);
#2411=ADVANCED_FACE('',(#2179),#2335,.T.);
#2412=ADVANCED_FACE('',(#2180,#2181),#15,.F.);
#2413=ADVANCED_FACE('',(#2182),#2336,.F.);
#2414=ADVANCED_FACE('',(#2183),#2337,.F.);
#2415=ADVANCED_FACE('',(#2184,#2185),#16,.F.);
#2416=ADVANCED_FACE('',(#2186),#2338,.F.);
#2417=ADVANCED_FACE('',(#2187,#2188),#17,.F.);
#2418=ADVANCED_FACE('',(#2189),#18,.F.);
#2419=ADVANCED_FACE('',(#2190),#19,.F.);
#2420=ADVANCED_FACE('',(#2191),#20,.F.);
#2421=ADVANCED_FACE('',(#2192),#21,.F.);
#2422=ADVANCED_FACE('',(#2193),#22,.F.);
#2423=ADVANCED_FACE('',(#2194),#23,.F.);
#2424=ADVANCED_FACE('',(#2195),#2339,.F.);
#2425=ADVANCED_FACE('',(#2196),#2340,.T.);
#2426=ADVANCED_FACE('',(#2197),#24,.F.);
#2427=ADVANCED_FACE('',(#2198),#2341,.F.);
#2428=ADVANCED_FACE('',(#2199),#2342,.F.);
#2429=ADVANCED_FACE('',(#2200),#25,.F.);
#2430=ADVANCED_FACE('',(#2201),#2343,.T.);
#2431=ADVANCED_FACE('',(#2202),#2344,.T.);
#2432=ADVANCED_FACE('',(#2203),#26,.T.);
#2433=ADVANCED_FACE('',(#2204),#2345,.F.);
#2434=ADVANCED_FACE('',(#2205),#27,.T.);
#2435=ADVANCED_FACE('',(#2206),#2346,.T.);
#2436=ADVANCED_FACE('',(#2207),#2347,.T.);
#2437=ADVANCED_FACE('',(#2208),#28,.T.);
#2438=ADVANCED_FACE('',(#2209),#2348,.T.);
#2439=ADVANCED_FACE('',(#2210),#2349,.F.);
#2440=ADVANCED_FACE('',(#2211,#2212),#2350,.F.);
#2441=ADVANCED_FACE('',(#2213,#2214),#2351,.F.);
#2442=ADVANCED_FACE('',(#2215),#2352,.F.);
#2443=ADVANCED_FACE('',(#2216),#2353,.F.);
#2444=ADVANCED_FACE('',(#2217),#29,.T.);
#2445=ADVANCED_FACE('',(#2218),#30,.T.);
#2446=ADVANCED_FACE('',(#2219),#2354,.F.);
#2447=ADVANCED_FACE('',(#2220),#2355,.T.);
#2448=ADVANCED_FACE('',(#2221),#31,.T.);
#2449=ADVANCED_FACE('',(#2222),#2356,.T.);
#2450=ADVANCED_FACE('',(#2223),#2357,.T.);
#2451=ADVANCED_FACE('',(#2224),#32,.T.);
#2452=ADVANCED_FACE('',(#2225),#2358,.F.);
#2453=ADVANCED_FACE('',(#2226),#33,.T.);
#2454=ADVANCED_FACE('',(#2227),#2359,.T.);
#2455=ADVANCED_FACE('',(#2228),#2360,.T.);
#2456=ADVANCED_FACE('',(#2229),#34,.F.);
#2457=ADVANCED_FACE('',(#2230),#2361,.F.);
#2458=ADVANCED_FACE('',(#2231),#2362,.F.);
#2459=ADVANCED_FACE('',(#2232),#35,.F.);
#2460=ADVANCED_FACE('',(#2233),#2363,.T.);
#2461=ADVANCED_FACE('',(#2234),#2364,.F.);
#2462=ADVANCED_FACE('',(#2235,#2236),#2365,.F.);
#2463=ADVANCED_FACE('',(#2237,#2238),#2366,.F.);
#2464=ADVANCED_FACE('',(#2239),#2367,.F.);
#2465=ADVANCED_FACE('',(#2240),#2368,.F.);
#2466=ADVANCED_FACE('',(#2241),#36,.T.);
#2467=ADVANCED_FACE('',(#2242),#2369,.F.);
#2468=ADVANCED_FACE('',(#2243),#2370,.T.);
#2469=ADVANCED_FACE('',(#2244),#37,.T.);
#2470=ADVANCED_FACE('',(#2245),#2371,.T.);
#2471=ADVANCED_FACE('',(#2246),#2372,.T.);
#2472=ADVANCED_FACE('',(#2247),#38,.T.);
#2473=ADVANCED_FACE('',(#2248),#2373,.F.);
#2474=ADVANCED_FACE('',(#2249),#39,.T.);
#2475=ADVANCED_FACE('',(#2250),#2374,.T.);
#2476=ADVANCED_FACE('',(#2251),#2375,.T.);
#2477=ADVANCED_FACE('',(#2252),#40,.F.);
#2478=ADVANCED_FACE('',(#2253),#2376,.F.);
#2479=ADVANCED_FACE('',(#2254),#2377,.F.);
#2480=ADVANCED_FACE('',(#2255),#41,.F.);
#2481=ADVANCED_FACE('',(#2256),#2378,.T.);
#2482=ADVANCED_FACE('',(#2257),#2379,.F.);
#2483=ADVANCED_FACE('',(#2258,#2259),#2380,.F.);
#2484=ADVANCED_FACE('',(#2260,#2261),#2381,.F.);
#2485=ADVANCED_FACE('',(#2262),#2382,.F.);
#2486=ADVANCED_FACE('',(#2263),#2383,.F.);
#2487=ADVANCED_FACE('',(#2264),#2384,.F.);
#2488=ADVANCED_FACE('',(#2265),#42,.F.);
#2489=ADVANCED_FACE('',(#2266),#2385,.F.);
#2490=ADVANCED_FACE('',(#2267,#2268),#43,.F.);
#2491=ADVANCED_FACE('',(#2269),#2386,.T.);
#2492=ADVANCED_FACE('',(#2270),#44,.F.);
#2493=ADVANCED_FACE('',(#2271),#45,.F.);
#2494=ADVANCED_FACE('',(#2272),#2387,.F.);
#2495=ADVANCED_FACE('',(#2273),#12,.F.);
#2496=ADVANCED_FACE('',(#2274),#2388,.F.);
#2497=ADVANCED_FACE('',(#2275),#2389,.F.);
#2498=ADVANCED_FACE('',(#2276),#2390,.F.);
#2499=ADVANCED_FACE('',(#2277),#46,.F.);
#2500=ADVANCED_FACE('',(#2278),#2391,.F.);
#2501=ADVANCED_FACE('',(#2279,#2280),#47,.F.);
#2502=ADVANCED_FACE('',(#2281),#2392,.T.);
#2503=ADVANCED_FACE('',(#2282),#48,.F.);
#2504=ADVANCED_FACE('',(#2283),#49,.F.);
#2505=ADVANCED_FACE('',(#2284),#2393,.F.);
#2506=ADVANCED_FACE('',(#2285),#13,.F.);
#2507=ADVANCED_FACE('',(#2286),#2394,.F.);
#2508=ADVANCED_FACE('',(#2287),#2395,.F.);
#2509=ADVANCED_FACE('',(#2288),#2396,.F.);
#2510=ADVANCED_FACE('',(#2289),#2397,.F.);
#2511=ADVANCED_FACE('',(#2290),#14,.F.);
#2512=ADVANCED_FACE('',(#2291),#2398,.F.);
#2513=ADVANCED_FACE('',(#2292),#50,.F.);
#2514=ADVANCED_FACE('',(#2293),#51,.F.);
#2515=ADVANCED_FACE('',(#2294),#2399,.T.);
#2516=ADVANCED_FACE('',(#2295,#2296),#52,.F.);
#2517=ADVANCED_FACE('',(#2297),#2400,.F.);
#2518=ADVANCED_FACE('',(#2298),#53,.F.);
#2519=ADVANCED_FACE('',(#2299),#2401,.F.);
#2520=ADVANCED_FACE('',(#2300),#2402,.T.);
#2521=ADVANCED_FACE('',(#2301,#2302,#2303),#54,.F.);
#2522=ADVANCED_FACE('',(#2304),#2403,.T.);
#2523=ADVANCED_FACE('',(#2305),#55,.T.);
#2524=ADVANCED_FACE('',(#2306),#2404,.T.);
#2525=ADVANCED_FACE('',(#2307,#2308,#2309),#56,.F.);
#2526=ADVANCED_FACE('',(#2310),#2405,.T.);
#2527=ADVANCED_FACE('',(#2311),#57,.T.);
#2528=ADVANCED_FACE('',(#2312),#2406,.T.);
#2529=ADVANCED_FACE('',(#2313,#2314,#2315),#58,.F.);
#2530=ADVANCED_FACE('',(#2316),#2407,.T.);
#2531=ADVANCED_FACE('',(#2317),#2408,.F.);
#2532=ADVANCED_FACE('',(#2318),#59,.F.);
#2533=ADVANCED_FACE('',(#2319),#60,.T.);
#2534=ADVANCED_FACE('',(#2320),#61,.T.);
#2535=ADVANCED_FACE('',(#2321,#2322),#62,.F.);
#2536=ADVANCED_FACE('',(#2323,#2324),#63,.F.);
#2537=ADVANCED_FACE('',(#2325,#2326),#64,.T.);
#2538=ADVANCED_FACE('',(#2327),#65,.F.);
#2539=ADVANCED_FACE('',(#2328,#2329),#2409,.F.);
#2540=ADVANCED_FACE('',(#2330,#2331),#66,.T.);
#2541=ADVANCED_FACE('',(#2332),#67,.T.);
#2542=ADVANCED_FACE('',(#2333,#2334),#2410,.F.);
#2543=CLOSED_SHELL('',(#2411,#2412,#2413,#2414,#2415,#2416,#2417,#2418,
#2419,#2420,#2421,#2422,#2423,#2424,#2425,#2426,#2427,#2428,#2429,#2430,
#2431,#2432,#2433,#2434,#2435,#2436,#2437,#2438,#2439,#2440,#2441,#2442,
#2443,#2444,#2445,#2446,#2447,#2448,#2449,#2450,#2451,#2452,#2453,#2454,
#2455,#2456,#2457,#2458,#2459,#2460,#2461,#2462,#2463,#2464,#2465,#2466,
#2467,#2468,#2469,#2470,#2471,#2472,#2473,#2474,#2475,#2476,#2477,#2478,
#2479,#2480,#2481,#2482,#2483,#2484,#2485,#2486,#2487,#2488,#2489,#2490,
#2491,#2492,#2493,#2494,#2495,#2496,#2497,#2498,#2499,#2500,#2501,#2502,
#2503,#2504,#2505,#2506,#2507,#2508,#2509,#2510,#2511,#2512,#2513,#2514,
#2515,#2516,#2517,#2518,#2519,#2520,#2521,#2522,#2523,#2524,#2525,#2526,
#2527,#2528,#2529,#2530,#2531,#2532,#2533,#2534,#2535,#2536,#2537,#2538,
#2539,#2540,#2541,#2542));
#2544=STYLED_ITEM('',(#2545),#2552);
#2545=PRESENTATION_STYLE_ASSIGNMENT((#2546));
#2546=SURFACE_STYLE_USAGE(.BOTH.,#2547);
#2547=SURFACE_SIDE_STYLE('',(#2548));
#2548=SURFACE_STYLE_FILL_AREA(#2549);
#2549=FILL_AREA_STYLE('',(#2550));
#2550=FILL_AREA_STYLE_COLOUR('',#2551);
#2551=COLOUR_RGB('',0.615686274509804,0.811764705882353,0.929411764705882);
#2552=MANIFOLD_SOLID_BREP('hullcover3',#2543);
#2553=SHAPE_DEFINITION_REPRESENTATION(#4517,#2554);
#2554=SHAPE_REPRESENTATION('hullcover3',(#2555),#4512);
#2555=AXIS2_PLACEMENT_3D('',#3589,#2834,#2835);
#2556=AXIS2_PLACEMENT_3D('',#3590,#2836,#2837);
#2557=AXIS2_PLACEMENT_3D('',#3591,#2838,#2839);
#2558=AXIS2_PLACEMENT_3D('',#3596,#2841,#2842);
#2559=AXIS2_PLACEMENT_3D('',#3600,#2844,#2845);
#2560=AXIS2_PLACEMENT_3D('',#3618,#2847,#2848);
#2561=AXIS2_PLACEMENT_3D('',#3622,#2850,#2851);
#2562=AXIS2_PLACEMENT_3D('',#3626,#2853,#2854);
#2563=AXIS2_PLACEMENT_3D('',#3630,#2856,#2857);
#2564=AXIS2_PLACEMENT_3D('',#3641,#2859,#2860);
#2565=AXIS2_PLACEMENT_3D('',#3652,#2862,#2863);
#2566=AXIS2_PLACEMENT_3D('',#3656,#2865,#2866);
#2567=AXIS2_PLACEMENT_3D('',#3660,#2868,#2869);
#2568=AXIS2_PLACEMENT_3D('',#3664,#2871,#2872);
#2569=AXIS2_PLACEMENT_3D('',#3682,#2874,#2875);
#2570=AXIS2_PLACEMENT_3D('',#3693,#2877,#2878);
#2571=AXIS2_PLACEMENT_3D('',#3697,#2880,#2881);
#2572=AXIS2_PLACEMENT_3D('',#3701,#2883,#2884);
#2573=AXIS2_PLACEMENT_3D('',#3705,#2886,#2887);
#2574=AXIS2_PLACEMENT_3D('',#3722,#2889,#2890);
#2575=AXIS2_PLACEMENT_3D('',#3723,#2891,#2892);
#2576=AXIS2_PLACEMENT_3D('',#3725,#2893,#2894);
#2577=AXIS2_PLACEMENT_3D('',#3730,#2896,#2897);
#2578=AXIS2_PLACEMENT_3D('',#3732,#2898,#2899);
#2579=AXIS2_PLACEMENT_3D('',#3736,#2901,#2902);
#2580=AXIS2_PLACEMENT_3D('',#3737,#2903,#2904);
#2581=AXIS2_PLACEMENT_3D('',#3751,#2906,#2907);
#2582=AXIS2_PLACEMENT_3D('',#3768,#2910,#2911);
#2583=AXIS2_PLACEMENT_3D('',#3769,#2912,#2913);
#2584=AXIS2_PLACEMENT_3D('',#3771,#2914,#2915);
#2585=AXIS2_PLACEMENT_3D('',#3773,#2916,#2917);
#2586=AXIS2_PLACEMENT_3D('',#3777,#2919,#2920);
#2587=AXIS2_PLACEMENT_3D('',#3779,#2921,#2922);
#2588=AXIS2_PLACEMENT_3D('',#3780,#2923,#2924);
#2589=AXIS2_PLACEMENT_3D('',#3797,#2927,#2928);
#2590=AXIS2_PLACEMENT_3D('',#3798,#2929,#2930);
#2591=AXIS2_PLACEMENT_3D('',#3800,#2931,#2932);
#2592=AXIS2_PLACEMENT_3D('',#3802,#2933,#2934);
#2593=AXIS2_PLACEMENT_3D('',#3806,#2936,#2937);
#2594=AXIS2_PLACEMENT_3D('',#3808,#2938,#2939);
#2595=AXIS2_PLACEMENT_3D('',#3809,#2940,#2941);
#2596=AXIS2_PLACEMENT_3D('',#3813,#2943,#2944);
#2597=AXIS2_PLACEMENT_3D('',#3817,#2946,#2947);
#2598=AXIS2_PLACEMENT_3D('',#3819,#2948,#2949);
#2599=AXIS2_PLACEMENT_3D('',#3820,#2950,#2951);
#2600=AXIS2_PLACEMENT_3D('',#3826,#2954,#2955);
#2601=AXIS2_PLACEMENT_3D('',#3830,#2957,#2958);
#2602=AXIS2_PLACEMENT_3D('',#3831,#2959,#2960);
#2603=AXIS2_PLACEMENT_3D('',#3835,#2962,#2963);
#2604=AXIS2_PLACEMENT_3D('',#3839,#2965,#2966);
#2605=AXIS2_PLACEMENT_3D('',#3841,#2967,#2968);
#2606=AXIS2_PLACEMENT_3D('',#3842,#2969,#2970);
#2607=AXIS2_PLACEMENT_3D('',#3848,#2973,#2974);
#2608=AXIS2_PLACEMENT_3D('',#3852,#2976,#2977);
#2609=AXIS2_PLACEMENT_3D('',#3853,#2978,#2979);
#2610=AXIS2_PLACEMENT_3D('',#3857,#2981,#2982);
#2611=AXIS2_PLACEMENT_3D('',#3861,#2984,#2985);
#2612=AXIS2_PLACEMENT_3D('',#3864,#2987,#2988);
#2613=AXIS2_PLACEMENT_3D('',#3868,#2990,#2991);
#2614=AXIS2_PLACEMENT_3D('',#3870,#2992,#2993);
#2615=AXIS2_PLACEMENT_3D('',#3874,#2995,#2996);
#2616=AXIS2_PLACEMENT_3D('',#3875,#2997,#2998);
#2617=AXIS2_PLACEMENT_3D('',#3876,#2999,#3000);
#2618=AXIS2_PLACEMENT_3D('',#3881,#3002,#3003);
#2619=AXIS2_PLACEMENT_3D('',#3890,#3005,#3006);
#2620=AXIS2_PLACEMENT_3D('',#3891,#3007,#3008);
#2621=AXIS2_PLACEMENT_3D('',#3893,#3009,#3010);
#2622=AXIS2_PLACEMENT_3D('',#3896,#3012,#3013);
#2623=AXIS2_PLACEMENT_3D('',#3902,#3017,#3018);
#2624=AXIS2_PLACEMENT_3D('',#3903,#3019,#3020);
#2625=AXIS2_PLACEMENT_3D('',#3908,#3022,#3023);
#2626=AXIS2_PLACEMENT_3D('',#3911,#3025,#3026);
#2627=AXIS2_PLACEMENT_3D('',#3912,#3027,#3028);
#2628=AXIS2_PLACEMENT_3D('',#3916,#3030,#3031);
#2629=AXIS2_PLACEMENT_3D('',#3917,#3032,#3033);
#2630=AXIS2_PLACEMENT_3D('',#3923,#3037,#3038);
#2631=AXIS2_PLACEMENT_3D('',#3926,#3040,#3041);
#2632=AXIS2_PLACEMENT_3D('',#3927,#3042,#3043);
#2633=AXIS2_PLACEMENT_3D('',#3930,#3045,#3046);
#2634=AXIS2_PLACEMENT_3D('',#3931,#3047,#3048);
#2635=AXIS2_PLACEMENT_3D('',#3934,#3050,#3051);
#2636=AXIS2_PLACEMENT_3D('',#3940,#3055,#3056);
#2637=AXIS2_PLACEMENT_3D('',#3941,#3057,#3058);
#2638=AXIS2_PLACEMENT_3D('',#3942,#3059,#3060);
#2639=AXIS2_PLACEMENT_3D('',#3945,#3062,#3063);
#2640=AXIS2_PLACEMENT_3D('',#3949,#3066,#3067);
#2641=AXIS2_PLACEMENT_3D('',#3951,#3069,#3070);
#2642=AXIS2_PLACEMENT_3D('',#3954,#3072,#3073);
#2643=AXIS2_PLACEMENT_3D('',#3955,#3074,#3075);
#2644=AXIS2_PLACEMENT_3D('',#3958,#3077,#3078);
#2645=AXIS2_PLACEMENT_3D('',#3962,#3081,#3082);
#2646=AXIS2_PLACEMENT_3D('',#3963,#3083,#3084);
#2647=AXIS2_PLACEMENT_3D('',#3966,#3086,#3087);
#2648=AXIS2_PLACEMENT_3D('',#3969,#3089,#3090);
#2649=AXIS2_PLACEMENT_3D('',#3970,#3091,#3092);
#2650=AXIS2_PLACEMENT_3D('',#3971,#3093,#3094);
#2651=AXIS2_PLACEMENT_3D('',#3973,#3095,#3096);
#2652=AXIS2_PLACEMENT_3D('',#3975,#3097,#3098);
#2653=AXIS2_PLACEMENT_3D('',#3976,#3099,#3100);
#2654=AXIS2_PLACEMENT_3D('',#3978,#3101,#3102);
#2655=AXIS2_PLACEMENT_3D('',#3982,#3104,#3105);
#2656=AXIS2_PLACEMENT_3D('',#3991,#3106,#3107);
#2657=AXIS2_PLACEMENT_3D('',#4001,#3108,#3109);
#2658=AXIS2_PLACEMENT_3D('',#4004,#3111,#3112);
#2659=AXIS2_PLACEMENT_3D('',#4011,#3117,#3118);
#2660=AXIS2_PLACEMENT_3D('',#4021,#3125,#3126);
#2661=AXIS2_PLACEMENT_3D('',#4022,#3127,#3128);
#2662=AXIS2_PLACEMENT_3D('',#4025,#3130,#3131);
#2663=AXIS2_PLACEMENT_3D('',#4026,#3132,#3133);
#2664=AXIS2_PLACEMENT_3D('',#4029,#3135,#3136);
#2665=AXIS2_PLACEMENT_3D('',#4033,#3139,#3140);
#2666=AXIS2_PLACEMENT_3D('',#4034,#3141,#3142);
#2667=AXIS2_PLACEMENT_3D('',#4037,#3144,#3145);
#2668=AXIS2_PLACEMENT_3D('',#4038,#3146,#3147);
#2669=AXIS2_PLACEMENT_3D('',#4041,#3149,#3150);
#2670=AXIS2_PLACEMENT_3D('',#4045,#3153,#3154);
#2671=AXIS2_PLACEMENT_3D('',#4048,#3156,#3157);
#2672=AXIS2_PLACEMENT_3D('',#4049,#3158,#3159);
#2673=AXIS2_PLACEMENT_3D('',#4050,#3160,#3161);
#2674=AXIS2_PLACEMENT_3D('',#4056,#3165,#3166);
#2675=AXIS2_PLACEMENT_3D('',#4057,#3167,#3168);
#2676=AXIS2_PLACEMENT_3D('',#4060,#3170,#3171);
#2677=AXIS2_PLACEMENT_3D('',#4061,#3172,#3173);
#2678=AXIS2_PLACEMENT_3D('',#4064,#3175,#3176);
#2679=AXIS2_PLACEMENT_3D('',#4070,#3179,#3180);
#2680=AXIS2_PLACEMENT_3D('',#4074,#3183,#3184);
#2681=AXIS2_PLACEMENT_3D('',#4078,#3186,#3187);
#2682=AXIS2_PLACEMENT_3D('',#4079,#3188,#3189);
#2683=AXIS2_PLACEMENT_3D('',#4080,#3190,#3191);
#2684=AXIS2_PLACEMENT_3D('',#4081,#3192,#3193);
#2685=AXIS2_PLACEMENT_3D('',#4083,#3194,#3195);
#2686=AXIS2_PLACEMENT_3D('',#4086,#3197,#3198);
#2687=AXIS2_PLACEMENT_3D('',#4095,#3203,#3204);
#2688=AXIS2_PLACEMENT_3D('',#4096,#3205,#3206);
#2689=AXIS2_PLACEMENT_3D('',#4098,#3207,#3208);
#2690=AXIS2_PLACEMENT_3D('',#4101,#3210,#3211);
#2691=AXIS2_PLACEMENT_3D('',#4111,#3213,#3214);
#2692=AXIS2_PLACEMENT_3D('',#4112,#3215,#3216);
#2693=AXIS2_PLACEMENT_3D('',#4113,#3217,#3218);
#2694=AXIS2_PLACEMENT_3D('',#4114,#3219,#3220);
#2695=AXIS2_PLACEMENT_3D('',#4116,#3221,#3222);
#2696=AXIS2_PLACEMENT_3D('',#4118,#3223,#3224);
#2697=AXIS2_PLACEMENT_3D('',#4119,#3225,#3226);
#2698=AXIS2_PLACEMENT_3D('',#4121,#3227,#3228);
#2699=AXIS2_PLACEMENT_3D('',#4125,#3230,#3231);
#2700=AXIS2_PLACEMENT_3D('',#4134,#3232,#3233);
#2701=AXIS2_PLACEMENT_3D('',#4144,#3234,#3235);
#2702=AXIS2_PLACEMENT_3D('',#4147,#3237,#3238);
#2703=AXIS2_PLACEMENT_3D('',#4157,#3245,#3246);
#2704=AXIS2_PLACEMENT_3D('',#4158,#3247,#3248);
#2705=AXIS2_PLACEMENT_3D('',#4161,#3250,#3251);
#2706=AXIS2_PLACEMENT_3D('',#4162,#3252,#3253);
#2707=AXIS2_PLACEMENT_3D('',#4165,#3255,#3256);
#2708=AXIS2_PLACEMENT_3D('',#4169,#3259,#3260);
#2709=AXIS2_PLACEMENT_3D('',#4170,#3261,#3262);
#2710=AXIS2_PLACEMENT_3D('',#4173,#3264,#3265);
#2711=AXIS2_PLACEMENT_3D('',#4174,#3266,#3267);
#2712=AXIS2_PLACEMENT_3D('',#4177,#3269,#3270);
#2713=AXIS2_PLACEMENT_3D('',#4181,#3273,#3274);
#2714=AXIS2_PLACEMENT_3D('',#4184,#3276,#3277);
#2715=AXIS2_PLACEMENT_3D('',#4185,#3278,#3279);
#2716=AXIS2_PLACEMENT_3D('',#4186,#3280,#3281);
#2717=AXIS2_PLACEMENT_3D('',#4192,#3285,#3286);
#2718=AXIS2_PLACEMENT_3D('',#4193,#3287,#3288);
#2719=AXIS2_PLACEMENT_3D('',#4196,#3290,#3291);
#2720=AXIS2_PLACEMENT_3D('',#4197,#3292,#3293);
#2721=AXIS2_PLACEMENT_3D('',#4200,#3295,#3296);
#2722=AXIS2_PLACEMENT_3D('',#4206,#3299,#3300);
#2723=AXIS2_PLACEMENT_3D('',#4210,#3303,#3304);
#2724=AXIS2_PLACEMENT_3D('',#4214,#3306,#3307);
#2725=AXIS2_PLACEMENT_3D('',#4215,#3308,#3309);
#2726=AXIS2_PLACEMENT_3D('',#4216,#3310,#3311);
#2727=AXIS2_PLACEMENT_3D('',#4217,#3312,#3313);
#2728=AXIS2_PLACEMENT_3D('',#4219,#3314,#3315);
#2729=AXIS2_PLACEMENT_3D('',#4222,#3317,#3318);
#2730=AXIS2_PLACEMENT_3D('',#4231,#3323,#3324);
#2731=AXIS2_PLACEMENT_3D('',#4232,#3325,#3326);
#2732=AXIS2_PLACEMENT_3D('',#4234,#3327,#3328);
#2733=AXIS2_PLACEMENT_3D('',#4237,#3330,#3331);
#2734=AXIS2_PLACEMENT_3D('',#4247,#3333,#3334);
#2735=AXIS2_PLACEMENT_3D('',#4248,#3335,#3336);
#2736=AXIS2_PLACEMENT_3D('',#4249,#3337,#3338);
#2737=AXIS2_PLACEMENT_3D('',#4250,#3339,#3340);
#2738=AXIS2_PLACEMENT_3D('',#4252,#3341,#3342);
#2739=AXIS2_PLACEMENT_3D('',#4254,#3343,#3344);
#2740=AXIS2_PLACEMENT_3D('',#4255,#3345,#3346);
#2741=AXIS2_PLACEMENT_3D('',#4257,#3347,#3348);
#2742=AXIS2_PLACEMENT_3D('',#4267,#3349,#3350);
#2743=AXIS2_PLACEMENT_3D('',#4270,#3352,#3353);
#2744=AXIS2_PLACEMENT_3D('',#4274,#3355,#3356);
#2745=AXIS2_PLACEMENT_3D('',#4283,#3357,#3358);
#2746=AXIS2_PLACEMENT_3D('',#4286,#3361,#3362);
#2747=AXIS2_PLACEMENT_3D('',#4293,#3367,#3368);
#2748=AXIS2_PLACEMENT_3D('',#4295,#3370,#3371);
#2749=AXIS2_PLACEMENT_3D('',#4296,#3372,#3373);
#2750=AXIS2_PLACEMENT_3D('',#4297,#3374,#3375);
#2751=AXIS2_PLACEMENT_3D('',#4298,#3376,#3377);
#2752=AXIS2_PLACEMENT_3D('',#4299,#3378,#3379);
#2753=AXIS2_PLACEMENT_3D('',#4302,#3382,#3383);
#2754=AXIS2_PLACEMENT_3D('',#4303,#3384,#3385);
#2755=AXIS2_PLACEMENT_3D('',#4304,#3386,#3387);
#2756=AXIS2_PLACEMENT_3D('',#4311,#3388,#3389);
#2757=AXIS2_PLACEMENT_3D('',#4318,#3390,#3391);
#2758=AXIS2_PLACEMENT_3D('',#4324,#3392,#3393);
#2759=AXIS2_PLACEMENT_3D('',#4326,#3395,#3396);
#2760=AXIS2_PLACEMENT_3D('',#4329,#3399,#3400);
#2761=AXIS2_PLACEMENT_3D('',#4336,#3405,#3406);
#2762=AXIS2_PLACEMENT_3D('',#4338,#3408,#3409);
#2763=AXIS2_PLACEMENT_3D('',#4339,#3410,#3411);
#2764=AXIS2_PLACEMENT_3D('',#4340,#3412,#3413);
#2765=AXIS2_PLACEMENT_3D('',#4341,#3414,#3415);
#2766=AXIS2_PLACEMENT_3D('',#4342,#3416,#3417);
#2767=AXIS2_PLACEMENT_3D('',#4345,#3420,#3421);
#2768=AXIS2_PLACEMENT_3D('',#4346,#3422,#3423);
#2769=AXIS2_PLACEMENT_3D('',#4347,#3424,#3425);
#2770=AXIS2_PLACEMENT_3D('',#4354,#3426,#3427);
#2771=AXIS2_PLACEMENT_3D('',#4361,#3428,#3429);
#2772=AXIS2_PLACEMENT_3D('',#4367,#3430,#3431);
#2773=AXIS2_PLACEMENT_3D('',#4369,#3433,#3434);
#2774=AXIS2_PLACEMENT_3D('',#4376,#3436,#3437);
#2775=AXIS2_PLACEMENT_3D('',#4383,#3438,#3439);
#2776=AXIS2_PLACEMENT_3D('',#4390,#3440,#3441);
#2777=AXIS2_PLACEMENT_3D('',#4391,#3442,#3443);
#2778=AXIS2_PLACEMENT_3D('',#4392,#3444,#3445);
#2779=AXIS2_PLACEMENT_3D('',#4394,#3447,#3448);
#2780=AXIS2_PLACEMENT_3D('',#4396,#3450,#3451);
#2781=AXIS2_PLACEMENT_3D('',#4397,#3452,#3453);
#2782=AXIS2_PLACEMENT_3D('',#4398,#3454,#3455);
#2783=AXIS2_PLACEMENT_3D('',#4399,#3456,#3457);
#2784=AXIS2_PLACEMENT_3D('',#4401,#3459,#3460);
#2785=AXIS2_PLACEMENT_3D('',#4403,#3462,#3463);
#2786=AXIS2_PLACEMENT_3D('',#4410,#3468,#3469);
#2787=AXIS2_PLACEMENT_3D('',#4412,#3471,#3472);
#2788=AXIS2_PLACEMENT_3D('',#4413,#3473,#3474);
#2789=AXIS2_PLACEMENT_3D('',#4415,#3475,#3476);
#2790=AXIS2_PLACEMENT_3D('',#4418,#3478,#3479);
#2791=AXIS2_PLACEMENT_3D('',#4419,#3480,#3481);
#2792=AXIS2_PLACEMENT_3D('',#4421,#3482,#3483);
#2793=AXIS2_PLACEMENT_3D('',#4422,#3484,#3485);
#2794=AXIS2_PLACEMENT_3D('',#4425,#3487,#3488);
#2795=AXIS2_PLACEMENT_3D('',#4426,#3489,#3490);
#2796=AXIS2_PLACEMENT_3D('',#4427,#3491,#3492);
#2797=AXIS2_PLACEMENT_3D('',#4429,#3493,#3494);
#2798=AXIS2_PLACEMENT_3D('',#4430,#3495,#3496);
#2799=AXIS2_PLACEMENT_3D('',#4431,#3497,#3498);
#2800=AXIS2_PLACEMENT_3D('',#4434,#3500,#3501);
#2801=AXIS2_PLACEMENT_3D('',#4435,#3502,#3503);
#2802=AXIS2_PLACEMENT_3D('',#4437,#3504,#3505);
#2803=AXIS2_PLACEMENT_3D('',#4438,#3506,#3507);
#2804=AXIS2_PLACEMENT_3D('',#4441,#3509,#3510);
#2805=AXIS2_PLACEMENT_3D('',#4442,#3511,#3512);
#2806=AXIS2_PLACEMENT_3D('',#4443,#3513,#3514);
#2807=AXIS2_PLACEMENT_3D('',#4445,#3515,#3516);
#2808=AXIS2_PLACEMENT_3D('',#4446,#3517,#3518);
#2809=AXIS2_PLACEMENT_3D('',#4447,#3519,#3520);
#2810=AXIS2_PLACEMENT_3D('',#4450,#3522,#3523);
#2811=AXIS2_PLACEMENT_3D('',#4451,#3524,#3525);
#2812=AXIS2_PLACEMENT_3D('',#4453,#3526,#3527);
#2813=AXIS2_PLACEMENT_3D('',#4454,#3528,#3529);
#2814=AXIS2_PLACEMENT_3D('',#4457,#3531,#3532);
#2815=AXIS2_PLACEMENT_3D('',#4458,#3533,#3534);
#2816=AXIS2_PLACEMENT_3D('',#4459,#3535,#3536);
#2817=AXIS2_PLACEMENT_3D('',#4464,#3538,#3539);
#2818=AXIS2_PLACEMENT_3D('',#4465,#3540,#3541);
#2819=AXIS2_PLACEMENT_3D('',#4468,#3543,#3544);
#2820=AXIS2_PLACEMENT_3D('',#4479,#3551,#3552);
#2821=AXIS2_PLACEMENT_3D('',#4485,#3556,#3557);
#2822=AXIS2_PLACEMENT_3D('',#4491,#3561,#3562);
#2823=AXIS2_PLACEMENT_3D('',#4493,#3564,#3565);
#2824=AXIS2_PLACEMENT_3D('',#4495,#3566,#3567);
#2825=AXIS2_PLACEMENT_3D('',#4497,#3569,#3570);
#2826=AXIS2_PLACEMENT_3D('',#4499,#3571,#3572);
#2827=AXIS2_PLACEMENT_3D('',#4500,#3573,#3574);
#2828=AXIS2_PLACEMENT_3D('',#4503,#3576,#3577);
#2829=AXIS2_PLACEMENT_3D('',#4504,#3578,#3579);
#2830=AXIS2_PLACEMENT_3D('',#4505,#3580,#3581);
#2831=AXIS2_PLACEMENT_3D('',#4506,#3582,#3583);
#2832=AXIS2_PLACEMENT_3D('',#4509,#3585,#3586);
#2833=AXIS2_PLACEMENT_3D('',#4510,#3587,#3588);
#2834=DIRECTION('',(0.,0.,1.));
#2835=DIRECTION('',(1.,0.,0.));
#2836=DIRECTION('',(0.,-1.,0.));
#2837=DIRECTION('',(0.,0.,-1.));
#2838=DIRECTION('',(0.,1.,0.));
#2839=DIRECTION('',(0.,0.,1.));
#2840=DIRECTION('',(0.,-1.,0.));
#2841=DIRECTION('',(0.,1.,0.));
#2842=DIRECTION('',(0.,0.,1.));
#2843=DIRECTION('',(0.,-1.,0.));
#2844=DIRECTION('',(0.,-1.,0.));
#2845=DIRECTION('',(0.,0.,-1.));
#2846=DIRECTION('',(0.,-1.,0.));
#2847=DIRECTION('',(0.,1.,0.));
#2848=DIRECTION('',(-0.766044443118979,0.,0.642787609686539));
#2849=DIRECTION('',(0.,-1.,0.));
#2850=DIRECTION('',(0.,1.,0.));
#2851=DIRECTION('',(0.766044443118979,0.,-0.642787609686539));
#2852=DIRECTION('',(0.,1.,0.));
#2853=DIRECTION('',(0.,1.,0.));
#2854=DIRECTION('',(0.766044443118979,0.,-0.642787609686539));
#2855=DIRECTION('',(0.,-1.,0.));
#2856=DIRECTION('',(0.,-1.,0.));
#2857=DIRECTION('',(-0.766044443118979,0.,0.642787609686539));
#2858=DIRECTION('',(0.,-1.,0.));
#2859=DIRECTION('',(0.,1.,0.));
#2860=DIRECTION('',(0.,0.,1.));
#2861=DIRECTION('',(0.,-1.,0.));
#2862=DIRECTION('',(0.,1.,0.));
#2863=DIRECTION('',(0.766044443118979,0.,0.642787609686539));
#2864=DIRECTION('',(0.,-1.,0.));
#2865=DIRECTION('',(0.,-1.,0.));
#2866=DIRECTION('',(-0.766044443118979,0.,-0.642787609686539));
#2867=DIRECTION('',(0.,1.,0.));
#2868=DIRECTION('',(0.,-1.,0.));
#2869=DIRECTION('',(-0.766044443118979,0.,-0.642787609686539));
#2870=DIRECTION('',(0.,-1.,0.));
#2871=DIRECTION('',(0.,-1.,0.));
#2872=DIRECTION('',(0.766044443118979,0.,0.642787609686539));
#2873=DIRECTION('',(0.,-1.,0.));
#2874=DIRECTION('',(0.,1.,0.));
#2875=DIRECTION('',(0.,0.,1.));
#2876=DIRECTION('',(0.,-1.,0.));
#2877=DIRECTION('',(0.,1.,0.));
#2878=DIRECTION('',(0.,0.,1.));
#2879=DIRECTION('',(0.,-1.,0.));
#2880=DIRECTION('',(0.,-1.,0.));
#2881=DIRECTION('',(0.,0.,-1.));
#2882=DIRECTION('',(0.,1.,0.));
#2883=DIRECTION('',(0.,-1.,0.));
#2884=DIRECTION('',(0.,0.,-1.));
#2885=DIRECTION('',(0.,-1.,0.));
#2886=DIRECTION('',(0.,-1.,0.));
#2887=DIRECTION('',(0.,0.,1.));
#2888=DIRECTION('',(0.,-1.,0.));
#2889=DIRECTION('',(0.,1.,0.));
#2890=DIRECTION('',(0.642787609686539,0.,0.766044443118979));
#2891=DIRECTION('',(0.,1.,0.));
#2892=DIRECTION('',(0.766044443118979,0.,-0.642787609686539));
#2893=DIRECTION('',(0.,-1.,0.));
#2894=DIRECTION('',(-0.766044443118979,0.,0.642787609686539));
#2895=DIRECTION('',(-0.207911690817758,0.,-0.978147600733806));
#2896=DIRECTION('',(0.,-1.,0.));
#2897=DIRECTION('',(-0.766044443118979,0.,0.642787609686539));
#2898=DIRECTION('',(0.,-1.,0.));
#2899=DIRECTION('',(-0.766044443118979,0.,0.642787609686539));
#2900=DIRECTION('',(0.0348994967024994,0.,0.999390827019096));
#2901=DIRECTION('',(0.,-1.,0.));
#2902=DIRECTION('',(-0.766044443118979,0.,0.642787609686539));
#2903=DIRECTION('',(-0.207911690817758,0.,-0.978147600733806));
#2904=DIRECTION('',(0.978147600733806,0.,-0.207911690817758));
#2905=DIRECTION('',(-0.207911690817758,0.,-0.978147600733806));
#2906=DIRECTION('',(0.207911690817758,0.,-0.978147600733806));
#2907=DIRECTION('',(-0.978147600733806,0.,-0.207911690817758));
#2908=DIRECTION('',(0.207911690817758,0.,-0.978147600733806));
#2909=DIRECTION('',(0.207911690817758,0.,-0.978147600733806));
#2910=DIRECTION('',(0.,1.,0.));
#2911=DIRECTION('',(-0.642787609686539,0.,0.766044443118979));
#2912=DIRECTION('',(0.,-1.,0.));
#2913=DIRECTION('',(-0.766044443118979,0.,-0.642787609686539));
#2914=DIRECTION('',(0.,1.,0.));
#2915=DIRECTION('',(0.766044443118979,0.,0.642787609686539));
#2916=DIRECTION('',(0.,1.,0.));
#2917=DIRECTION('',(0.766044443118979,0.,0.642787609686539));
#2918=DIRECTION('',(-0.0348994967024994,0.,0.999390827019096));
#2919=DIRECTION('',(0.,1.,0.));
#2920=DIRECTION('',(0.766044443118979,0.,0.642787609686539));
#2921=DIRECTION('',(0.,1.,0.));
#2922=DIRECTION('',(0.766044443118979,0.,0.642787609686539));
#2923=DIRECTION('',(0.882947592858927,0.,-0.469471562785891));
#2924=DIRECTION('',(-0.469471562785891,0.,-0.882947592858927));
#2925=DIRECTION('',(0.882947592858927,0.,-0.469471562785891));
#2926=DIRECTION('',(0.882947592858927,0.,-0.469471562785891));
#2927=DIRECTION('',(0.,1.,0.));
#2928=DIRECTION('',(-1.,0.,0.));
#2929=DIRECTION('',(0.,-1.,0.));
#2930=DIRECTION('',(0.,0.,-1.));
#2931=DIRECTION('',(0.,1.,0.));
#2932=DIRECTION('',(0.,0.,1.));
#2933=DIRECTION('',(0.,1.,0.));
#2934=DIRECTION('',(0.,0.,1.));
#2935=DIRECTION('',(-0.788010753606722,0.,0.615661475325659));
#2936=DIRECTION('',(0.,1.,0.));
#2937=DIRECTION('',(0.,0.,1.));
#2938=DIRECTION('',(0.,1.,0.));
#2939=DIRECTION('',(0.,0.,1.));
#2940=DIRECTION('',(0.,1.,0.));
#2941=DIRECTION('',(-1.,0.,0.));
#2942=DIRECTION('',(0.99026806874157,0.,-0.139173100960065));
#2943=DIRECTION('',(0.,1.,0.));
#2944=DIRECTION('',(0.,0.,1.));
#2945=DIRECTION('',(0.882947592858927,0.,-0.469471562785891));
#2946=DIRECTION('',(0.,1.,0.));
#2947=DIRECTION('',(0.,0.,1.));
#2948=DIRECTION('',(0.,1.,0.));
#2949=DIRECTION('',(0.,0.,1.));
#2950=DIRECTION('',(0.,-1.,0.));
#2951=DIRECTION('',(1.,0.,0.));
#2952=DIRECTION('',(-0.882947592858927,0.,0.469471562785891));
#2953=DIRECTION('',(-0.882947592858927,0.,0.469471562785891));
#2954=DIRECTION('',(0.,-1.,0.));
#2955=DIRECTION('',(0.,0.,-1.));
#2956=DIRECTION('',(0.92050485345244,0.,-0.390731128489274));
#2957=DIRECTION('',(0.,1.,0.));
#2958=DIRECTION('',(0.,0.,1.));
#2959=DIRECTION('',(0.,1.,0.));
#2960=DIRECTION('',(-0.642787609686539,0.,0.766044443118979));
#2961=DIRECTION('',(0.529919264233204,0.,-0.848048096156426));
#2962=DIRECTION('',(0.,1.,0.));
#2963=DIRECTION('',(0.766044443118979,0.,0.642787609686539));
#2964=DIRECTION('',(0.207911690817758,0.,-0.978147600733806));
#2965=DIRECTION('',(0.,1.,0.));
#2966=DIRECTION('',(0.766044443118979,0.,0.642787609686539));
#2967=DIRECTION('',(0.,1.,0.));
#2968=DIRECTION('',(0.766044443118979,0.,0.642787609686539));
#2969=DIRECTION('',(0.,-1.,0.));
#2970=DIRECTION('',(0.642787609686539,0.,-0.766044443118979));
#2971=DIRECTION('',(-0.207911690817758,0.,0.978147600733806));
#2972=DIRECTION('',(-0.207911690817758,0.,0.978147600733806));
#2973=DIRECTION('',(0.,-1.,0.));
#2974=DIRECTION('',(-0.766044443118979,0.,-0.642787609686539));
#2975=DIRECTION('',(0.292371704722736,0.,-0.956304755963036));
#2976=DIRECTION('',(0.,1.,0.));
#2977=DIRECTION('',(0.766044443118979,0.,0.642787609686539));
#2978=DIRECTION('',(0.,-1.,0.));
#2979=DIRECTION('',(-0.642787609686539,0.,-0.766044443118979));
#2980=DIRECTION('',(0.207911690817758,0.,0.978147600733806));
#2981=DIRECTION('',(0.,-1.,0.));
#2982=DIRECTION('',(-0.766044443118979,0.,0.642787609686539));
#2983=DIRECTION('',(-0.292371704722736,0.,-0.956304755963036));
#2984=DIRECTION('',(0.,1.,0.));
#2985=DIRECTION('',(0.766044443118979,0.,-0.642787609686539));
#2986=DIRECTION('',(0.207911690817758,0.,0.978147600733806));
#2987=DIRECTION('',(0.,1.,0.));
#2988=DIRECTION('',(0.642787609686539,0.,0.766044443118979));
#2989=DIRECTION('',(-0.529919264233204,0.,-0.848048096156426));
#2990=DIRECTION('',(0.,-1.,0.));
#2991=DIRECTION('',(-0.766044443118979,0.,0.642787609686539));
#2992=DIRECTION('',(0.,-1.,0.));
#2993=DIRECTION('',(-0.766044443118979,0.,0.642787609686539));
#2994=DIRECTION('',(-0.207911690817758,0.,-0.978147600733806));
#2995=DIRECTION('',(0.,-1.,0.));
#2996=DIRECTION('',(-0.766044443118979,0.,0.642787609686539));
#2997=DIRECTION('',(0.,-1.,0.));
#2998=DIRECTION('',(0.,0.,-1.));
#2999=DIRECTION('',(0.,1.,0.));
#3000=DIRECTION('',(0.766044443118979,0.,-0.642787609686539));
#3001=DIRECTION('',(0.,-1.,0.));
#3002=DIRECTION('',(0.,-1.,0.));
#3003=DIRECTION('',(-0.766044443118979,0.,0.642787609686539));
#3004=DIRECTION('',(0.,-1.,0.));
#3005=DIRECTION('',(0.,-1.,0.));
#3006=DIRECTION('',(0.766044443118979,0.,-0.642787609686539));
#3007=DIRECTION('',(0.,-1.,0.));
#3008=DIRECTION('',(-0.766044443118979,0.,0.642787609686539));
#3009=DIRECTION('',(0.,1.,0.));
#3010=DIRECTION('',(0.766044443118979,0.,-0.642787609686539));
#3011=DIRECTION('',(0.,1.,0.));
#3012=DIRECTION('',(0.681998360062499,0.,-0.73135370161917));
#3013=DIRECTION('',(0.73135370161917,0.,0.681998360062499));
#3014=DIRECTION('',(0.73135370161917,0.,0.681998360062499));
#3015=DIRECTION('',(0.,-1.,0.));
#3016=DIRECTION('',(0.73135370161917,0.,0.681998360062499));
#3017=DIRECTION('',(0.,1.,0.));
#3018=DIRECTION('',(-0.766044443118979,0.,0.642787609686539));
#3019=DIRECTION('',(0.,-1.,0.));
#3020=DIRECTION('',(-0.766044443118979,0.,0.642787609686539));
#3021=DIRECTION('',(0.,-1.,0.));
#3022=DIRECTION('',(0.,1.,0.));
#3023=DIRECTION('',(0.766044443118979,0.,-0.642787609686539));
#3024=DIRECTION('',(0.,1.,0.));
#3025=DIRECTION('',(0.,1.,0.));
#3026=DIRECTION('',(-0.766044443118979,0.,0.642787609686539));
#3027=DIRECTION('',(0.,-1.,0.));
#3028=DIRECTION('',(-0.766044443118979,0.,0.642787609686539));
#3029=DIRECTION('',(0.,1.,0.));
#3030=DIRECTION('',(0.,-1.,0.));
#3031=DIRECTION('',(-0.766044443118979,0.,0.642787609686539));
#3032=DIRECTION('',(0.848048096156426,0.,-0.529919264233204));
#3033=DIRECTION('',(0.529919264233204,0.,0.848048096156426));
#3034=DIRECTION('',(0.529919264233205,0.,0.848048096156426));
#3035=DIRECTION('',(0.529919264233204,0.,0.848048096156426));
#3036=DIRECTION('',(0.,1.,0.));
#3037=DIRECTION('',(-0.848048096156426,0.,0.529919264233204));
#3038=DIRECTION('',(0.529919264233204,0.,0.848048096156426));
#3039=DIRECTION('',(0.,1.,0.));
#3040=DIRECTION('',(0.,1.,0.));
#3041=DIRECTION('',(-0.766044443118979,0.,0.642787609686539));
#3042=DIRECTION('',(0.,1.,0.));
#3043=DIRECTION('',(0.766044443118979,0.,-0.642787609686539));
#3044=DIRECTION('',(0.,1.,0.));
#3045=DIRECTION('',(0.,1.,0.));
#3046=DIRECTION('',(-0.766044443118979,0.,0.642787609686539));
#3047=DIRECTION('',(0.,1.,0.));
#3048=DIRECTION('',(-0.766044443118979,0.,0.642787609686539));
#3049=DIRECTION('',(0.,1.,0.));
#3050=DIRECTION('',(0.978147600733806,0.,-0.207911690817758));
#3051=DIRECTION('',(0.207911690817758,0.,0.978147600733806));
#3052=DIRECTION('',(0.207911690817758,0.,0.978147600733806));
#3053=DIRECTION('',(0.,1.,0.));
#3054=DIRECTION('',(0.,-1.,0.));
#3055=DIRECTION('',(-0.978147600733806,0.,0.207911690817758));
#3056=DIRECTION('',(0.207911690817758,0.,0.978147600733806));
#3057=DIRECTION('',(0.,1.,0.));
#3058=DIRECTION('',(-0.766044443118979,0.,0.642787609686539));
#3059=DIRECTION('',(0.,-1.,0.));
#3060=DIRECTION('',(-0.766044443118979,0.,0.642787609686539));
#3061=DIRECTION('',(0.,1.,0.));
#3062=DIRECTION('',(0.956304755963036,0.,-0.292371704722736));
#3063=DIRECTION('',(0.292371704722736,0.,0.956304755963036));
#3064=DIRECTION('',(0.292371704722736,0.,0.956304755963036));
#3065=DIRECTION('',(0.,1.,0.));
#3066=DIRECTION('',(0.,-1.,0.));
#3067=DIRECTION('',(0.766044443118979,0.,-0.642787609686539));
#3068=DIRECTION('',(0.,1.,0.));
#3069=DIRECTION('',(0.,-1.,0.));
#3070=DIRECTION('',(-0.766044443118979,0.,0.642787609686539));
#3071=DIRECTION('',(0.,-1.,0.));
#3072=DIRECTION('',(0.,-1.,0.));
#3073=DIRECTION('',(0.766044443118979,0.,-0.642787609686539));
#3074=DIRECTION('',(0.,1.,0.));
#3075=DIRECTION('',(0.766044443118979,0.,-0.642787609686539));
#3076=DIRECTION('',(0.,1.,0.));
#3077=DIRECTION('',(0.999390827019096,0.,-0.0348994967024994));
#3078=DIRECTION('',(0.0348994967024994,0.,0.999390827019096));
#3079=DIRECTION('',(0.0348994967024994,0.,0.999390827019096));
#3080=DIRECTION('',(0.,-1.,0.));
#3081=DIRECTION('',(0.,-1.,0.));
#3082=DIRECTION('',(0.766044443118979,0.,-0.642787609686539));
#3083=DIRECTION('',(0.,1.,0.));
#3084=DIRECTION('',(0.766044443118979,0.,-0.642787609686539));
#3085=DIRECTION('',(0.,-1.,0.));
#3086=DIRECTION('',(0.,-1.,0.));
#3087=DIRECTION('',(0.,0.,-1.));
#3088=DIRECTION('',(0.,-1.,0.));
#3089=DIRECTION('',(0.,1.,0.));
#3090=DIRECTION('',(0.766044443118979,0.,-0.642787609686539));
#3091=DIRECTION('',(0.,-1.,0.));
#3092=DIRECTION('',(0.766044443118979,0.,-0.642787609686539));
#3093=DIRECTION('',(0.,1.,0.));
#3094=DIRECTION('',(0.766044443118979,0.,-0.642787609686539));
#3095=DIRECTION('',(0.,1.,0.));
#3096=DIRECTION('',(0.766044443118979,0.,-0.642787609686539));
#3097=DIRECTION('',(0.,-1.,0.));
#3098=DIRECTION('',(0.766044443118979,0.,-0.642787609686539));
#3099=DIRECTION('',(0.,1.,0.));
#3100=DIRECTION('',(0.766044443118979,0.,-0.642787609686539));
#3101=DIRECTION('',(0.,-1.,0.));
#3102=DIRECTION('',(0.,0.,-1.));
#3103=DIRECTION('',(0.,-1.,0.));
#3104=DIRECTION('',(0.,-1.,0.));
#3105=DIRECTION('',(0.,0.,-1.));
#3106=DIRECTION('',(0.,-1.,0.));
#3107=DIRECTION('',(0.,0.,-1.));
#3108=DIRECTION('',(0.,-1.,0.));
#3109=DIRECTION('',(0.,0.,-1.));
#3110=DIRECTION('',(0.,-1.,0.));
#3111=DIRECTION('',(0.978147600733806,0.,-0.207911690817758));
#3112=DIRECTION('',(0.207911690817758,0.,0.978147600733806));
#3113=DIRECTION('',(0.207911690817759,0.,0.978147600733806));
#3114=DIRECTION('',(-0.207911690817758,0.,-0.978147600733806));
#3115=DIRECTION('',(-0.207911690817759,0.,-0.978147600733806));
#3116=DIRECTION('',(0.,1.,0.));
#3117=DIRECTION('',(-0.978147600733806,0.,-0.207911690817758));
#3118=DIRECTION('',(-0.207911690817758,0.,0.978147600733806));
#3119=DIRECTION('',(0.207911690817759,0.,-0.978147600733806));
#3120=DIRECTION('',(0.,-1.,0.));
#3121=DIRECTION('',(0.,1.,0.));
#3122=DIRECTION('',(0.207911690817758,0.,-0.978147600733806));
#3123=DIRECTION('',(-0.207911690817759,0.,0.978147600733806));
#3124=DIRECTION('',(0.,1.,0.));
#3125=DIRECTION('',(0.,-1.,0.));
#3126=DIRECTION('',(0.,0.,-1.));
#3127=DIRECTION('',(0.,-1.,0.));
#3128=DIRECTION('',(-0.766044443118979,0.,-0.642787609686539));
#3129=DIRECTION('',(0.,-1.,0.));
#3130=DIRECTION('',(0.,-1.,0.));
#3131=DIRECTION('',(-0.766044443118979,0.,-0.642787609686539));
#3132=DIRECTION('',(0.,-1.,0.));
#3133=DIRECTION('',(-0.766044443118979,0.,-0.642787609686539));
#3134=DIRECTION('',(0.,-1.,0.));
#3135=DIRECTION('',(-0.999390827019096,0.,-0.0348994967024994));
#3136=DIRECTION('',(-0.0348994967024994,0.,0.999390827019096));
#3137=DIRECTION('',(-0.0348994967024994,0.,0.999390827019096));
#3138=DIRECTION('',(0.,1.,0.));
#3139=DIRECTION('',(0.,-1.,0.));
#3140=DIRECTION('',(-0.766044443118979,0.,-0.642787609686539));
#3141=DIRECTION('',(0.,-1.,0.));
#3142=DIRECTION('',(-0.766044443118979,0.,-0.642787609686539));
#3143=DIRECTION('',(0.,-1.,0.));
#3144=DIRECTION('',(0.,-1.,0.));
#3145=DIRECTION('',(-0.766044443118979,0.,-0.642787609686539));
#3146=DIRECTION('',(0.,1.,0.));
#3147=DIRECTION('',(0.766044443118979,0.,0.642787609686539));
#3148=DIRECTION('',(0.,1.,0.));
#3149=DIRECTION('',(-0.956304755963036,0.,-0.292371704722736));
#3150=DIRECTION('',(-0.292371704722736,0.,0.956304755963036));
#3151=DIRECTION('',(-0.292371704722736,0.,0.956304755963036));
#3152=DIRECTION('',(0.,1.,0.));
#3153=DIRECTION('',(0.,1.,0.));
#3154=DIRECTION('',(0.766044443118979,0.,0.642787609686539));
#3155=DIRECTION('',(0.,1.,0.));
#3156=DIRECTION('',(0.,1.,0.));
#3157=DIRECTION('',(0.766044443118979,0.,0.642787609686539));
#3158=DIRECTION('',(-0.978147600733806,0.,-0.207911690817758));
#3159=DIRECTION('',(-0.207911690817758,0.,0.978147600733806));
#3160=DIRECTION('',(-0.978147600733806,0.,-0.207911690817758));
#3161=DIRECTION('',(-0.207911690817758,0.,0.978147600733806));
#3162=DIRECTION('',(0.,-1.,0.));
#3163=DIRECTION('',(-0.207911690817758,0.,0.978147600733806));
#3164=DIRECTION('',(0.,1.,0.));
#3165=DIRECTION('',(0.,1.,0.));
#3166=DIRECTION('',(0.766044443118979,0.,0.642787609686539));
#3167=DIRECTION('',(0.,-1.,0.));
#3168=DIRECTION('',(0.766044443118979,0.,0.642787609686539));
#3169=DIRECTION('',(0.,1.,0.));
#3170=DIRECTION('',(0.,1.,0.));
#3171=DIRECTION('',(0.766044443118979,0.,0.642787609686539));
#3172=DIRECTION('',(0.,-1.,0.));
#3173=DIRECTION('',(-0.766044443118979,0.,-0.642787609686539));
#3174=DIRECTION('',(0.,1.,0.));
#3175=DIRECTION('',(-0.848048096156426,0.,-0.529919264233204));
#3176=DIRECTION('',(-0.529919264233204,0.,0.848048096156426));
#3177=DIRECTION('',(-0.529919264233205,0.,0.848048096156426));
#3178=DIRECTION('',(0.,1.,0.));
#3179=DIRECTION('',(-0.848048096156426,0.,-0.529919264233204));
#3180=DIRECTION('',(-0.529919264233204,0.,0.848048096156426));
#3181=DIRECTION('',(-0.529919264233204,0.,0.848048096156426));
#3182=DIRECTION('',(0.,1.,0.));
#3183=DIRECTION('',(0.,1.,0.));
#3184=DIRECTION('',(0.766044443118979,0.,0.642787609686539));
#3185=DIRECTION('',(0.,1.,0.));
#3186=DIRECTION('',(0.,1.,0.));
#3187=DIRECTION('',(0.766044443118979,0.,0.642787609686539));
#3188=DIRECTION('',(0.,1.,0.));
#3189=DIRECTION('',(0.766044443118979,0.,0.642787609686539));
#3190=DIRECTION('',(0.,1.,0.));
#3191=DIRECTION('',(0.766044443118979,0.,0.642787609686539));
#3192=DIRECTION('',(0.,1.,0.));
#3193=DIRECTION('',(0.766044443118979,0.,0.642787609686539));
#3194=DIRECTION('',(0.,-1.,0.));
#3195=DIRECTION('',(-0.766044443118979,0.,-0.642787609686539));
#3196=DIRECTION('',(0.,-1.,0.));
#3197=DIRECTION('',(-0.681998360062499,0.,-0.73135370161917));
#3198=DIRECTION('',(-0.73135370161917,0.,0.681998360062499));
#3199=DIRECTION('',(-0.73135370161917,0.,0.681998360062499));
#3200=DIRECTION('',(0.,1.,0.));
#3201=DIRECTION('',(-0.73135370161917,0.,0.681998360062499));
#3202=DIRECTION('',(0.,-1.,0.));
#3203=DIRECTION('',(0.,-1.,0.));
#3204=DIRECTION('',(-0.766044443118979,0.,-0.642787609686539));
#3205=DIRECTION('',(0.,1.,0.));
#3206=DIRECTION('',(0.766044443118979,0.,0.642787609686539));
#3207=DIRECTION('',(0.,-1.,0.));
#3208=DIRECTION('',(-0.766044443118979,0.,-0.642787609686539));
#3209=DIRECTION('',(0.,-1.,0.));
#3210=DIRECTION('',(0.,-1.,0.));
#3211=DIRECTION('',(0.,0.,-1.));
#3212=DIRECTION('',(0.,-1.,0.));
#3213=DIRECTION('',(0.,1.,0.));
#3214=DIRECTION('',(0.766044443118979,0.,0.642787609686539));
#3215=DIRECTION('',(0.,-1.,0.));
#3216=DIRECTION('',(-0.766044443118979,0.,-0.642787609686539));
#3217=DIRECTION('',(0.,-1.,0.));
#3218=DIRECTION('',(-0.766044443118979,0.,-0.642787609686539));
#3219=DIRECTION('',(0.,-1.,0.));
#3220=DIRECTION('',(-0.766044443118979,0.,-0.642787609686539));
#3221=DIRECTION('',(0.,-1.,0.));
#3222=DIRECTION('',(-0.766044443118979,0.,-0.642787609686539));
#3223=DIRECTION('',(0.,-1.,0.));
#3224=DIRECTION('',(-0.766044443118979,0.,-0.642787609686539));
#3225=DIRECTION('',(0.,-1.,0.));
#3226=DIRECTION('',(-0.766044443118979,0.,-0.642787609686539));
#3227=DIRECTION('',(0.,-1.,0.));
#3228=DIRECTION('',(0.,0.,-1.));
#3229=DIRECTION('',(0.,-1.,0.));
#3230=DIRECTION('',(0.,-1.,0.));
#3231=DIRECTION('',(0.,0.,-1.));
#3232=DIRECTION('',(0.,-1.,0.));
#3233=DIRECTION('',(0.,0.,-1.));
#3234=DIRECTION('',(0.,-1.,0.));
#3235=DIRECTION('',(0.,0.,-1.));
#3236=DIRECTION('',(0.,-1.,0.));
#3237=DIRECTION('',(-0.469471562785891,0.,-0.882947592858927));
#3238=DIRECTION('',(-0.882947592858927,0.,0.469471562785891));
#3239=DIRECTION('',(0.882947592858927,0.,-0.469471562785891));
#3240=DIRECTION('',(0.,-1.,0.));
#3241=DIRECTION('',(0.,1.,0.));
#3242=DIRECTION('',(0.882947592858927,0.,-0.469471562785891));
#3243=DIRECTION('',(-0.882947592858927,0.,0.469471562785891));
#3244=DIRECTION('',(0.,1.,0.));
#3245=DIRECTION('',(0.,-1.,0.));
#3246=DIRECTION('',(0.,0.,-1.));
#3247=DIRECTION('',(0.,-1.,0.));
#3248=DIRECTION('',(0.,0.,-1.));
#3249=DIRECTION('',(0.,-1.,0.));
#3250=DIRECTION('',(0.,-1.,0.));
#3251=DIRECTION('',(0.,0.,-1.));
#3252=DIRECTION('',(0.,-1.,0.));
#3253=DIRECTION('',(0.,0.,-1.));
#3254=DIRECTION('',(0.,-1.,0.));
#3255=DIRECTION('',(-0.615661475325659,0.,-0.788010753606722));
#3256=DIRECTION('',(-0.788010753606722,0.,0.615661475325659));
#3257=DIRECTION('',(-0.788010753606722,0.,0.615661475325659));
#3258=DIRECTION('',(0.,1.,0.));
#3259=DIRECTION('',(0.,-1.,0.));
#3260=DIRECTION('',(0.,0.,-1.));
#3261=DIRECTION('',(0.,-1.,0.));
#3262=DIRECTION('',(0.,0.,-1.));
#3263=DIRECTION('',(0.,-1.,0.));
#3264=DIRECTION('',(0.,-1.,0.));
#3265=DIRECTION('',(0.,0.,-1.));
#3266=DIRECTION('',(0.,1.,0.));
#3267=DIRECTION('',(0.,0.,1.));
#3268=DIRECTION('',(0.,1.,0.));
#3269=DIRECTION('',(-0.390731128489274,0.,-0.92050485345244));
#3270=DIRECTION('',(-0.92050485345244,0.,0.390731128489274));
#3271=DIRECTION('',(-0.92050485345244,0.,0.390731128489274));
#3272=DIRECTION('',(0.,1.,0.));
#3273=DIRECTION('',(0.,1.,0.));
#3274=DIRECTION('',(0.,0.,1.));
#3275=DIRECTION('',(0.,1.,0.));
#3276=DIRECTION('',(0.,1.,0.));
#3277=DIRECTION('',(0.,0.,1.));
#3278=DIRECTION('',(-0.469471562785891,0.,-0.882947592858927));
#3279=DIRECTION('',(-0.882947592858927,0.,0.469471562785891));
#3280=DIRECTION('',(-0.469471562785891,0.,-0.882947592858927));
#3281=DIRECTION('',(-0.882947592858927,0.,0.469471562785891));
#3282=DIRECTION('',(0.,-1.,0.));
#3283=DIRECTION('',(-0.882947592858927,0.,0.469471562785891));
#3284=DIRECTION('',(0.,1.,0.));
#3285=DIRECTION('',(0.,1.,0.));
#3286=DIRECTION('',(0.,0.,1.));
#3287=DIRECTION('',(0.,-1.,0.));
#3288=DIRECTION('',(0.,0.,1.));
#3289=DIRECTION('',(0.,1.,0.));
#3290=DIRECTION('',(0.,1.,0.));
#3291=DIRECTION('',(0.,0.,1.));
#3292=DIRECTION('',(0.,-1.,0.));
#3293=DIRECTION('',(0.,0.,-1.));
#3294=DIRECTION('',(0.,1.,0.));
#3295=DIRECTION('',(-0.139173100960065,0.,-0.99026806874157));
#3296=DIRECTION('',(-0.99026806874157,0.,0.139173100960065));
#3297=DIRECTION('',(-0.99026806874157,0.,0.139173100960065));
#3298=DIRECTION('',(0.,1.,0.));
#3299=DIRECTION('',(-0.139173100960065,0.,-0.99026806874157));
#3300=DIRECTION('',(-0.99026806874157,0.,0.139173100960065));
#3301=DIRECTION('',(-0.99026806874157,0.,0.139173100960065));
#3302=DIRECTION('',(0.,1.,0.));
#3303=DIRECTION('',(0.,1.,0.));
#3304=DIRECTION('',(0.,0.,1.));
#3305=DIRECTION('',(0.,1.,0.));
#3306=DIRECTION('',(0.,1.,0.));
#3307=DIRECTION('',(0.,0.,1.));
#3308=DIRECTION('',(0.,1.,0.));
#3309=DIRECTION('',(0.,0.,1.));
#3310=DIRECTION('',(0.,1.,0.));
#3311=DIRECTION('',(0.,0.,1.));
#3312=DIRECTION('',(0.,1.,0.));
#3313=DIRECTION('',(0.,0.,1.));
#3314=DIRECTION('',(0.,-1.,0.));
#3315=DIRECTION('',(0.,0.,-1.));
#3316=DIRECTION('',(0.,-1.,0.));
#3317=DIRECTION('',(0.121869343405148,0.,-0.992546151641322));
#3318=DIRECTION('',(-0.992546151641322,0.,-0.121869343405148));
#3319=DIRECTION('',(-0.992546151641322,0.,-0.121869343405148));
#3320=DIRECTION('',(0.,1.,0.));
#3321=DIRECTION('',(-0.992546151641322,0.,-0.121869343405148));
#3322=DIRECTION('',(0.,-1.,0.));
#3323=DIRECTION('',(0.,-1.,0.));
#3324=DIRECTION('',(0.,0.,-1.));
#3325=DIRECTION('',(0.,1.,0.));
#3326=DIRECTION('',(0.,0.,1.));
#3327=DIRECTION('',(0.,-1.,0.));
#3328=DIRECTION('',(0.,0.,-1.));
#3329=DIRECTION('',(0.,-1.,0.));
#3330=DIRECTION('',(0.,-1.,0.));
#3331=DIRECTION('',(0.,0.,-1.));
#3332=DIRECTION('',(0.,-1.,0.));
#3333=DIRECTION('',(0.,1.,0.));
#3334=DIRECTION('',(0.,0.,1.));
#3335=DIRECTION('',(0.,-1.,0.));
#3336=DIRECTION('',(0.,0.,-1.));
#3337=DIRECTION('',(0.,-1.,0.));
#3338=DIRECTION('',(0.,0.,-1.));
#3339=DIRECTION('',(0.,-1.,0.));
#3340=DIRECTION('',(0.,0.,-1.));
#3341=DIRECTION('',(0.,-1.,0.));
#3342=DIRECTION('',(0.,0.,-1.));
#3343=DIRECTION('',(0.,-1.,0.));
#3344=DIRECTION('',(0.,0.,-1.));
#3345=DIRECTION('',(0.,-1.,0.));
#3346=DIRECTION('',(0.,0.,-1.));
#3347=DIRECTION('',(0.,-1.,0.));
#3348=DIRECTION('',(0.,0.,-1.));
#3349=DIRECTION('',(0.,-1.,0.));
#3350=DIRECTION('',(0.,0.,-1.));
#3351=DIRECTION('',(0.,-1.,0.));
#3352=DIRECTION('',(0.,-1.,0.));
#3353=DIRECTION('',(0.,0.,-1.));
#3354=DIRECTION('',(0.,-1.,0.));
#3355=DIRECTION('',(0.,-1.,0.));
#3356=DIRECTION('',(0.,0.,-1.));
#3357=DIRECTION('',(1.,0.,0.));
#3358=DIRECTION('',(0.,0.,-1.));
#3359=DIRECTION('',(1.,0.,0.));
#3360=DIRECTION('',(1.,0.,0.));
#3361=DIRECTION('',(0.,0.,-1.));
#3362=DIRECTION('',(-1.,0.,0.));
#3363=DIRECTION('',(-1.,0.,0.));
#3364=DIRECTION('',(-1.,0.,0.));
#3365=DIRECTION('',(1.,0.,0.));
#3366=DIRECTION('',(0.,-1.,0.));
#3367=DIRECTION('',(1.,0.,0.));
#3368=DIRECTION('',(0.,0.,-1.));
#3369=DIRECTION('',(-1.,0.,0.));
#3370=DIRECTION('',(0.,1.,0.));
#3371=DIRECTION('',(-1.,0.,0.));
#3372=DIRECTION('',(0.,1.,0.));
#3373=DIRECTION('',(0.,0.,1.));
#3374=DIRECTION('',(0.,-1.,0.));
#3375=DIRECTION('',(0.,0.,-1.));
#3376=DIRECTION('',(0.,-1.,0.));
#3377=DIRECTION('',(0.,0.,-1.));
#3378=DIRECTION('',(-0.224951054343865,0.,-0.974370064785235));
#3379=DIRECTION('',(-0.974370064785235,0.,0.224951054343865));
#3380=DIRECTION('',(0.974370064785235,0.,-0.224951054343865));
#3381=DIRECTION('',(-0.974370064785235,0.,0.224951054343866));
#3382=DIRECTION('',(0.,-1.,0.));
#3383=DIRECTION('',(1.,0.,0.));
#3384=DIRECTION('',(0.,-1.,0.));
#3385=DIRECTION('',(0.,0.,-1.));
#3386=DIRECTION('',(0.,-1.,0.));
#3387=DIRECTION('',(0.,0.,-1.));
#3388=DIRECTION('',(0.,1.,0.));
#3389=DIRECTION('',(0.,0.,1.));
#3390=DIRECTION('',(0.,-1.,0.));
#3391=DIRECTION('',(0.,0.,-1.));
#3392=DIRECTION('',(-0.882947592858927,0.,0.469471562785891));
#3393=DIRECTION('',(0.469471562785891,0.,0.882947592858927));
#3394=DIRECTION('',(0.882947592858927,0.,-0.469471562785891));
#3395=DIRECTION('',(0.642787609686539,0.,-0.766044443118979));
#3396=DIRECTION('',(-0.766044443118979,0.,-0.642787609686539));
#3397=DIRECTION('',(0.642787609686539,0.,-0.766044443118979));
#3398=DIRECTION('',(0.642787609686539,0.,-0.766044443118979));
#3399=DIRECTION('',(-0.766044443118979,0.,-0.642787609686539));
#3400=DIRECTION('',(-0.642787609686539,0.,0.766044443118979));
#3401=DIRECTION('',(-0.642787609686539,0.,0.766044443118979));
#3402=DIRECTION('',(-0.642787609686539,0.,0.766044443118979));
#3403=DIRECTION('',(0.642787609686539,0.,-0.766044443118979));
#3404=DIRECTION('',(0.,-1.,0.));
#3405=DIRECTION('',(0.642787609686539,0.,-0.766044443118979));
#3406=DIRECTION('',(-0.766044443118979,0.,-0.642787609686539));
#3407=DIRECTION('',(-0.642787609686539,0.,0.766044443118979));
#3408=DIRECTION('',(0.,1.,0.));
#3409=DIRECTION('',(-0.642787609686539,0.,0.766044443118979));
#3410=DIRECTION('',(0.,1.,0.));
#3411=DIRECTION('',(0.766044443118979,0.,0.642787609686539));
#3412=DIRECTION('',(0.,-1.,0.));
#3413=DIRECTION('',(-0.766044443118979,0.,-0.642787609686539));
#3414=DIRECTION('',(0.,-1.,0.));
#3415=DIRECTION('',(-0.766044443118979,0.,-0.642787609686539));
#3416=DIRECTION('',(-0.891006524188368,0.,-0.453990499739546));
#3417=DIRECTION('',(-0.453990499739546,0.,0.891006524188368));
#3418=DIRECTION('',(0.453990499739546,0.,-0.891006524188368));
#3419=DIRECTION('',(-0.453990499739546,0.,0.891006524188369));
#3420=DIRECTION('',(0.,-1.,0.));
#3421=DIRECTION('',(0.642787609686539,0.,-0.766044443118979));
#3422=DIRECTION('',(0.,-1.,0.));
#3423=DIRECTION('',(-0.766044443118979,0.,-0.642787609686539));
#3424=DIRECTION('',(0.,-1.,0.));
#3425=DIRECTION('',(-0.766044443118979,0.,-0.642787609686539));
#3426=DIRECTION('',(0.,1.,0.));
#3427=DIRECTION('',(0.766044443118979,0.,0.642787609686539));
#3428=DIRECTION('',(0.,-1.,0.));
#3429=DIRECTION('',(-0.766044443118979,0.,-0.642787609686539));
#3430=DIRECTION('',(-0.207911690817758,0.,0.978147600733806));
#3431=DIRECTION('',(0.978147600733806,0.,0.207911690817758));
#3432=DIRECTION('',(0.207911690817758,0.,-0.978147600733806));
#3433=DIRECTION('',(0.207911690817758,0.,0.978147600733806));
#3434=DIRECTION('',(-0.978147600733806,0.,0.207911690817758));
#3435=DIRECTION('',(-0.207911690817758,0.,-0.978147600733806));
#3436=DIRECTION('',(0.,-1.,0.));
#3437=DIRECTION('',(0.766044443118979,0.,-0.642787609686539));
#3438=DIRECTION('',(0.,1.,0.));
#3439=DIRECTION('',(-0.766044443118979,0.,0.642787609686539));
#3440=DIRECTION('',(0.,-1.,0.));
#3441=DIRECTION('',(0.766044443118979,0.,-0.642787609686539));
#3442=DIRECTION('',(0.,1.,0.));
#3443=DIRECTION('',(0.766044443118979,0.,-0.642787609686539));
#3444=DIRECTION('',(0.,-1.,0.));
#3445=DIRECTION('',(-0.642787609686539,0.,-0.766044443118979));
#3446=DIRECTION('',(-0.453990499739546,0.,-0.891006524188368));
#3447=DIRECTION('',(0.891006524188368,0.,-0.453990499739546));
#3448=DIRECTION('',(0.453990499739546,0.,0.891006524188368));
#3449=DIRECTION('',(0.453990499739546,0.,0.891006524188369));
#3450=DIRECTION('',(0.,-1.,0.));
#3451=DIRECTION('',(0.766044443118979,0.,-0.642787609686539));
#3452=DIRECTION('',(0.,-1.,0.));
#3453=DIRECTION('',(-0.766044443118979,0.,0.642787609686539));
#3454=DIRECTION('',(0.,1.,0.));
#3455=DIRECTION('',(0.766044443118979,0.,-0.642787609686539));
#3456=DIRECTION('',(0.,1.,0.));
#3457=DIRECTION('',(0.642787609686539,0.,0.766044443118979));
#3458=DIRECTION('',(0.642787609686539,0.,0.766044443118979));
#3459=DIRECTION('',(-0.642787609686539,0.,-0.766044443118979));
#3460=DIRECTION('',(0.766044443118979,0.,-0.642787609686539));
#3461=DIRECTION('',(0.642787609686539,0.,0.766044443118979));
#3462=DIRECTION('',(0.766044443118979,0.,-0.642787609686539));
#3463=DIRECTION('',(0.642787609686539,0.,0.766044443118979));
#3464=DIRECTION('',(-0.642787609686539,0.,-0.766044443118979));
#3465=DIRECTION('',(-0.642787609686539,0.,-0.766044443118979));
#3466=DIRECTION('',(0.642787609686539,0.,0.766044443118978));
#3467=DIRECTION('',(0.,-1.,0.));
#3468=DIRECTION('',(-0.642787609686539,0.,-0.766044443118979));
#3469=DIRECTION('',(0.766044443118979,0.,-0.642787609686539));
#3470=DIRECTION('',(-0.642787609686539,0.,-0.766044443118979));
#3471=DIRECTION('',(0.,-1.,0.));
#3472=DIRECTION('',(0.,0.,1.));
#3473=DIRECTION('',(0.,1.,0.));
#3474=DIRECTION('',(0.,0.,1.));
#3475=DIRECTION('',(0.,-1.,0.));
#3476=DIRECTION('',(0.,0.,-1.));
#3477=DIRECTION('',(0.,-1.,0.));
#3478=DIRECTION('',(0.,-1.,0.));
#3479=DIRECTION('',(-0.642787609686539,0.,-0.766044443118979));
#3480=DIRECTION('',(0.,1.,0.));
#3481=DIRECTION('',(0.,0.,1.));
#3482=DIRECTION('',(0.,1.,0.));
#3483=DIRECTION('',(0.,0.,1.));
#3484=DIRECTION('',(0.,-1.,0.));
#3485=DIRECTION('',(0.,0.,1.));
#3486=DIRECTION('',(0.,-1.,0.));
#3487=DIRECTION('',(0.,-1.,0.));
#3488=DIRECTION('',(0.,0.,-1.));
#3489=DIRECTION('',(0.,1.,0.));
#3490=DIRECTION('',(-1.,0.,0.));
#3491=DIRECTION('',(0.,-1.,0.));
#3492=DIRECTION('',(0.,0.,-1.));
#3493=DIRECTION('',(0.,-1.,0.));
#3494=DIRECTION('',(0.,0.,-1.));
#3495=DIRECTION('',(0.,-1.,0.));
#3496=DIRECTION('',(0.,0.,1.));
#3497=DIRECTION('',(0.,1.,0.));
#3498=DIRECTION('',(0.,0.,1.));
#3499=DIRECTION('',(0.,-1.,0.));
#3500=DIRECTION('',(0.,-1.,0.));
#3501=DIRECTION('',(0.642787609686539,0.,-0.766044443118979));
#3502=DIRECTION('',(0.,1.,0.));
#3503=DIRECTION('',(0.,0.,1.));
#3504=DIRECTION('',(0.,1.,0.));
#3505=DIRECTION('',(0.,0.,1.));
#3506=DIRECTION('',(0.,-1.,0.));
#3507=DIRECTION('',(0.,0.,1.));
#3508=DIRECTION('',(0.,-1.,0.));
#3509=DIRECTION('',(0.,-1.,0.));
#3510=DIRECTION('',(0.,0.,-1.));
#3511=DIRECTION('',(0.,1.,0.));
#3512=DIRECTION('',(-1.,0.,0.));
#3513=DIRECTION('',(0.,-1.,0.));
#3514=DIRECTION('',(0.,0.,-1.));
#3515=DIRECTION('',(0.,-1.,0.));
#3516=DIRECTION('',(0.,0.,-1.));
#3517=DIRECTION('',(0.,-1.,0.));
#3518=DIRECTION('',(0.,0.,1.));
#3519=DIRECTION('',(0.,1.,0.));
#3520=DIRECTION('',(0.,0.,1.));
#3521=DIRECTION('',(0.,-1.,0.));
#3522=DIRECTION('',(0.,-1.,0.));
#3523=DIRECTION('',(1.,0.,0.));
#3524=DIRECTION('',(0.,1.,0.));
#3525=DIRECTION('',(0.,0.,1.));
#3526=DIRECTION('',(0.,1.,0.));
#3527=DIRECTION('',(0.,0.,1.));
#3528=DIRECTION('',(0.,-1.,0.));
#3529=DIRECTION('',(0.,0.,1.));
#3530=DIRECTION('',(0.,-1.,0.));
#3531=DIRECTION('',(0.,-1.,0.));
#3532=DIRECTION('',(0.,0.,-1.));
#3533=DIRECTION('',(0.,-1.,0.));
#3534=DIRECTION('',(0.,0.,1.));
#3535=DIRECTION('',(0.,1.,0.));
#3536=DIRECTION('',(0.,0.,1.));
#3537=DIRECTION('',(0.,-1.,0.));
#3538=DIRECTION('',(0.,-1.,0.));
#3539=DIRECTION('',(0.,0.,-1.));
#3540=DIRECTION('',(0.,-1.,0.));
#3541=DIRECTION('',(0.,0.,-1.));
#3542=DIRECTION('',(0.,-1.,0.));
#3543=DIRECTION('',(0.,1.,0.));
#3544=DIRECTION('',(-1.,0.,0.));
#3545=DIRECTION('',(-0.766044443118978,0.,-0.642787609686539));
#3546=DIRECTION('',(-0.766044443118978,0.,-0.642787609686539));
#3547=DIRECTION('',(-0.642787609686539,0.,0.766044443118978));
#3548=DIRECTION('',(-0.766044443118978,0.,-0.642787609686539));
#3549=DIRECTION('',(0.766044443118978,0.,0.642787609686539));
#3550=DIRECTION('',(-0.642787609686539,0.,0.766044443118978));
#3551=DIRECTION('',(0.,1.,0.));
#3552=DIRECTION('',(-1.,0.,0.));
#3553=DIRECTION('',(0.766044443118978,0.,0.642787609686539));
#3554=DIRECTION('',(-0.766044443118978,0.,-0.642787609686539));
#3555=DIRECTION('',(-0.642787609686539,0.,0.766044443118978));
#3556=DIRECTION('',(0.,1.,0.));
#3557=DIRECTION('',(-1.,0.,0.));
#3558=DIRECTION('',(-0.766044443118978,0.,-0.642787609686539));
#3559=DIRECTION('',(0.766044443118978,0.,0.642787609686539));
#3560=DIRECTION('',(-0.642787609686539,0.,0.766044443118978));
#3561=DIRECTION('',(0.642787609686539,0.,-0.766044443118978));
#3562=DIRECTION('',(0.766044443118978,0.,0.642787609686539));
#3563=DIRECTION('',(0.,1.,0.));
#3564=DIRECTION('',(0.642787609686539,0.,-0.766044443118978));
#3565=DIRECTION('',(-0.766044443118978,0.,-0.642787609686539));
#3566=DIRECTION('',(0.642787609686539,0.,-0.766044443118978));
#3567=DIRECTION('',(0.766044443118978,0.,0.642787609686539));
#3568=DIRECTION('',(0.,1.,0.));
#3569=DIRECTION('',(0.642787609686539,0.,-0.766044443118978));
#3570=DIRECTION('',(-0.766044443118978,0.,-0.642787609686539));
#3571=DIRECTION('',(0.642787609686539,0.,-0.766044443118978));
#3572=DIRECTION('',(0.766044443118978,0.,0.642787609686539));
#3573=DIRECTION('',(0.642787609686539,0.,-0.766044443118978));
#3574=DIRECTION('',(-0.766044443118978,0.,-0.642787609686539));
#3575=DIRECTION('',(0.,1.,0.));
#3576=DIRECTION('',(0.766044443118978,0.,0.642787609686539));
#3577=DIRECTION('',(0.642787609686539,0.,-0.766044443118978));
#3578=DIRECTION('',(-0.642787609686539,0.,0.766044443118978));
#3579=DIRECTION('',(0.766044443118978,0.,0.642787609686539));
#3580=DIRECTION('',(0.642787609686539,0.,-0.766044443118978));
#3581=DIRECTION('',(0.766044443118978,0.,0.642787609686539));
#3582=DIRECTION('',(0.642787609686539,0.,-0.766044443118978));
#3583=DIRECTION('',(-0.766044443118978,0.,-0.642787609686539));
#3584=DIRECTION('',(0.,1.,0.));
#3585=DIRECTION('',(0.766044443118978,0.,0.642787609686539));
#3586=DIRECTION('',(0.642787609686539,0.,-0.766044443118978));
#3587=DIRECTION('',(-0.642787609686539,0.,0.766044443118978));
#3588=DIRECTION('',(0.766044443118978,0.,0.642787609686539));
#3589=CARTESIAN_POINT('',(0.,0.,0.));
#3590=CARTESIAN_POINT('',(0.,0.015,4.44179394050745E-18));
#3591=CARTESIAN_POINT('',(0.,0.015,4.44179394050745E-18));
#3592=CARTESIAN_POINT('',(0.0580554675936265,0.015,0.0434926922883073));
#3593=CARTESIAN_POINT('',(0.0718474188819613,0.015,0.01));
#3594=CARTESIAN_POINT('',(0.0580554675936265,0.015,0.0434926922883073));
#3595=CARTESIAN_POINT('',(0.0580554675936264,0.,0.0434926922883073));
#3596=CARTESIAN_POINT('',(0.,0.,4.44179394050745E-18));
#3597=CARTESIAN_POINT('',(-0.0529131667161341,0.,-0.0496210478332592));
#3598=CARTESIAN_POINT('',(-0.0529131667161341,0.015,-0.0496210478332592));
#3599=CARTESIAN_POINT('',(-0.0529131667161341,0.015,-0.0496210478332592));
#3600=CARTESIAN_POINT('',(0.,0.015,4.44179394050745E-18));
#3601=CARTESIAN_POINT('',(-0.0538430750764731,0.015,-0.0486104398901026));
#3602=CARTESIAN_POINT('',(-0.0466278132066615,0.025,-0.0555688639038507));
#3603=CARTESIAN_POINT('',(-0.0466278132066615,0.0236769099844849,-0.0555688639038507));
#3604=CARTESIAN_POINT('',(-0.0470304047208473,0.021070714038043,-0.0552347122777937));
#3605=CARTESIAN_POINT('',(-0.0487151871796873,0.0177343682120673,-0.0537730090955676));
#3606=CARTESIAN_POINT('',(-0.0511442631974534,0.0155188016876581,-0.05148702077243));
#3607=CARTESIAN_POINT('',(-0.05295647546202,0.015,-0.0495924768704651));
#3608=CARTESIAN_POINT('',(-0.0538430750764731,0.015,-0.0486104398901026));
#3609=CARTESIAN_POINT('',(-0.0466278132066615,0.025,-0.0555688639038507));
#3610=CARTESIAN_POINT('',(-0.0466278132066615,0.125002,-0.0555688639038507));
#3611=CARTESIAN_POINT('',(-0.0466278132066615,0.121,-0.0555688639038507));
#3612=CARTESIAN_POINT('',(-0.0473894268657205,0.122,-0.0549207958913427));
#3613=CARTESIAN_POINT('',(-0.0471894639259929,0.122,-0.055093337620833));
#3614=CARTESIAN_POINT('',(-0.0467953680253944,0.121782683037272,-0.0554288448346951));
#3615=CARTESIAN_POINT('',(-0.0466278132066615,0.121264113519658,-0.0555688639038507));
#3616=CARTESIAN_POINT('',(-0.0466278132066615,0.121,-0.0555688639038507));
#3617=CARTESIAN_POINT('',(-0.0473894268657205,0.122,-0.0549207958913427));
#3618=CARTESIAN_POINT('',(1.1652656911124E-15,0.122,8.79132938187126E-16));
#3619=CARTESIAN_POINT('',(-0.0523556828452623,0.122,-0.050208904327881));
#3620=CARTESIAN_POINT('',(-0.0523556828452623,0.015,-0.050208904327881));
#3621=CARTESIAN_POINT('',(-0.0523556828452623,0.125,-0.050208904327881));
#3622=CARTESIAN_POINT('',(-3.40261156560528E-18,0.125,2.85513010973894E-18));
#3623=CARTESIAN_POINT('',(-0.0329324708511066,0.125,-0.0646336132646242));
#3624=CARTESIAN_POINT('',(-0.0329324708511066,0.014998,-0.0646336132646242));
#3625=CARTESIAN_POINT('',(-0.0329324708511066,0.025,-0.0646336132646242));
#3626=CARTESIAN_POINT('',(-1.57349032744981E-17,0.025,-1.86074667471162E-16));
#3627=CARTESIAN_POINT('',(-0.0400770918892103,0.025,-0.0604638595005628));
#3628=CARTESIAN_POINT('',(-0.0400770918892103,0.015,-0.0604638595005628));
#3629=CARTESIAN_POINT('',(-0.0400770918892103,0.013,-0.0604638595005628));
#3630=CARTESIAN_POINT('',(-3.40261156560528E-18,0.013,2.85513010973894E-18));
#3631=CARTESIAN_POINT('',(-0.0131726788345842,0.013,-0.0713339479653334));
#3632=CARTESIAN_POINT('',(-0.0131726788345842,0.015,-0.0713339479653335));
#3633=CARTESIAN_POINT('',(-0.0131726788345842,0.019072224622142,-0.0713339479653334));
#3634=CARTESIAN_POINT('',(-0.00515644233330224,0.015,-0.0723564973064847));
#3635=CARTESIAN_POINT('',(-0.00594488099671545,0.015,-0.0723003096985631));
#3636=CARTESIAN_POINT('',(-0.00748890631300148,0.0151799760362727,-0.0721645724473583));
#3637=CARTESIAN_POINT('',(-0.0104499286568085,0.0162601286529168,-0.0718088365657114));
#3638=CARTESIAN_POINT('',(-0.0122595118866784,0.0178110454904484,-0.0715025753197729));
#3639=CARTESIAN_POINT('',(-0.0131726788345842,0.019072224622142,-0.0713339479653334));
#3640=CARTESIAN_POINT('',(-0.00515644233330224,0.015,-0.0723564973064847));
#3641=CARTESIAN_POINT('',(0.,0.015,4.44179394050745E-18));
#3642=CARTESIAN_POINT('',(0.00515644233330224,0.015,-0.0723564973064847));
#3643=CARTESIAN_POINT('',(0.00515644233330224,0.015,-0.0723564973064847));
#3644=CARTESIAN_POINT('',(0.00594488099671545,0.015,-0.0723003096985631));
#3645=CARTESIAN_POINT('',(0.00748890631300148,0.0151799760362727,-0.0721645724473583));
#3646=CARTESIAN_POINT('',(0.0104499286568085,0.0162601286529168,-0.0718088365657114));
#3647=CARTESIAN_POINT('',(0.0122595118866784,0.0178110454904484,-0.0715025753197729));
#3648=CARTESIAN_POINT('',(0.0131726788345842,0.019072224622142,-0.0713339479653334));
#3649=CARTESIAN_POINT('',(0.0131726788345842,0.019072224622142,-0.0713339479653334));
#3650=CARTESIAN_POINT('',(0.0131726788345842,0.015,-0.0713339479653335));
#3651=CARTESIAN_POINT('',(0.0131726788345842,0.013,-0.0713339479653334));
#3652=CARTESIAN_POINT('',(3.40261156560528E-18,0.013,2.85513010973894E-18));
#3653=CARTESIAN_POINT('',(0.0400770918892103,0.013,-0.0604638595005628));
#3654=CARTESIAN_POINT('',(0.0400770918892103,0.015,-0.0604638595005628));
#3655=CARTESIAN_POINT('',(0.0400770918892103,0.025,-0.0604638595005628));
#3656=CARTESIAN_POINT('',(1.57349032744981E-17,0.025,-1.86074667471162E-16));
#3657=CARTESIAN_POINT('',(0.0329324708511066,0.025,-0.0646336132646242));
#3658=CARTESIAN_POINT('',(0.0329324708511066,0.014998,-0.0646336132646242));
#3659=CARTESIAN_POINT('',(0.0329324708511066,0.125,-0.0646336132646242));
#3660=CARTESIAN_POINT('',(3.40261156560528E-18,0.125,2.85513010973894E-18));
#3661=CARTESIAN_POINT('',(0.0523556828452623,0.125,-0.050208904327881));
#3662=CARTESIAN_POINT('',(0.0523556828452623,0.015,-0.050208904327881));
#3663=CARTESIAN_POINT('',(0.0523556828452623,0.122,-0.050208904327881));
#3664=CARTESIAN_POINT('',(-1.1652656911124E-15,0.122,8.79132938187126E-16));
#3665=CARTESIAN_POINT('',(0.0473894268657205,0.122,-0.0549207958913427));
#3666=CARTESIAN_POINT('',(0.0473894268657205,0.122,-0.0549207958913427));
#3667=CARTESIAN_POINT('',(0.0471894639259929,0.122,-0.055093337620833));
#3668=CARTESIAN_POINT('',(0.0467953680253944,0.121782683037272,-0.0554288448346951));
#3669=CARTESIAN_POINT('',(0.0466278132066615,0.121264113519658,-0.0555688639038507));
#3670=CARTESIAN_POINT('',(0.0466278132066615,0.121,-0.0555688639038507));
#3671=CARTESIAN_POINT('',(0.0466278132066615,0.121,-0.0555688639038507));
#3672=CARTESIAN_POINT('',(0.0466278132066615,0.125002,-0.0555688639038507));
#3673=CARTESIAN_POINT('',(0.0466278132066615,0.025,-0.0555688639038507));
#3674=CARTESIAN_POINT('',(0.0466278132066615,0.025,-0.0555688639038507));
#3675=CARTESIAN_POINT('',(0.0466278132066615,0.0236769099844849,-0.0555688639038507));
#3676=CARTESIAN_POINT('',(0.0470304047208473,0.021070714038043,-0.0552347122777937));
#3677=CARTESIAN_POINT('',(0.0487151871796873,0.0177343682120673,-0.0537730090955676));
#3678=CARTESIAN_POINT('',(0.0511442631974534,0.0155188016876581,-0.05148702077243));
#3679=CARTESIAN_POINT('',(0.05295647546202,0.015,-0.0495924768704651));
#3680=CARTESIAN_POINT('',(0.0538430750764731,0.015,-0.0486104398901026));
#3681=CARTESIAN_POINT('',(0.0538430750764731,0.015,-0.0486104398901026));
#3682=CARTESIAN_POINT('',(0.,0.015,4.44179394050745E-18));
#3683=CARTESIAN_POINT('',(0.0587427899270958,0.015,-0.0425597959532362));
#3684=CARTESIAN_POINT('',(0.0587427899270958,0.015,-0.0425597959532362));
#3685=CARTESIAN_POINT('',(0.0592065463261151,0.015,-0.0419197001981984));
#3686=CARTESIAN_POINT('',(0.0600950459014564,0.0151799760362727,-0.0406496579613751));
#3687=CARTESIAN_POINT('',(0.0617258448807069,0.0162601286529168,-0.038152720631907));
#3688=CARTESIAN_POINT('',(0.06265441283397,0.0178110454904484,-0.0365696385200875));
#3689=CARTESIAN_POINT('',(0.0631122091858329,0.0190722246221419,-0.0357617204799164));
#3690=CARTESIAN_POINT('',(0.0631122091858329,0.019072224622142,-0.0357617204799164));
#3691=CARTESIAN_POINT('',(0.0631122091858329,0.015,-0.0357617204799164));
#3692=CARTESIAN_POINT('',(0.0631122091858329,0.013,-0.0357617204799164));
#3693=CARTESIAN_POINT('',(0.,0.013,4.44179394050745E-18));
#3694=CARTESIAN_POINT('',(0.072079061678586,0.013,-0.00816458618269117));
#3695=CARTESIAN_POINT('',(0.072079061678586,0.015,-0.00816458618269117));
#3696=CARTESIAN_POINT('',(0.072079061678586,0.025,-0.00816458618269117));
#3697=CARTESIAN_POINT('',(1.52655665885959E-16,0.025,-1.07552855510562E-16));
#3698=CARTESIAN_POINT('',(0.070680804499521,0.025,-0.0163179494821039));
#3699=CARTESIAN_POINT('',(0.070680804499521,0.014998,-0.0163179494821039));
#3700=CARTESIAN_POINT('',(0.070680804499521,0.125,-0.0163179494821039));
#3701=CARTESIAN_POINT('',(0.,0.125,4.44179394050745E-18));
#3702=CARTESIAN_POINT('',(0.0721158363850784,0.125,0.00783311831141409));
#3703=CARTESIAN_POINT('',(0.0721158363850784,0.015,0.00783311831141409));
#3704=CARTESIAN_POINT('',(0.0721158363850783,0.122,0.00783311831141409));
#3705=CARTESIAN_POINT('',(-1.42247325030098E-15,0.122,-3.27549547499846E-16));
#3706=CARTESIAN_POINT('',(0.0725331069236662,0.122,0.001));
#3707=CARTESIAN_POINT('',(0.0725331069236662,0.122,0.001));
#3708=CARTESIAN_POINT('',(0.072536747856695,0.122,0.000735911815321685));
#3709=CARTESIAN_POINT('',(0.0725404413315675,0.121782683037272,0.000218356960581159));
#3710=CARTESIAN_POINT('',(0.07254,0.121264113519658,-1.89887582557577E-19));
#3711=CARTESIAN_POINT('',(0.07254,0.121,-1.89887582557577E-19));
#3712=CARTESIAN_POINT('',(0.07254,0.121,1.33253818215223E-17));
#3713=CARTESIAN_POINT('',(0.07254,0.125002,1.33253818215223E-17));
#3714=CARTESIAN_POINT('',(0.07254,0.025,1.33253818215223E-17));
#3715=CARTESIAN_POINT('',(0.07254,0.025,0.));
#3716=CARTESIAN_POINT('',(0.07254,0.0236769099844849,0.));
#3717=CARTESIAN_POINT('',(0.0725428058407834,0.021070714038043,0.000523191517274908));
#3718=CARTESIAN_POINT('',(0.0725060335301094,0.0177343682120673,0.00275337445230799));
#3719=CARTESIAN_POINT('',(0.0723162448453418,0.0155188016876581,0.00608355960763223));
#3720=CARTESIAN_POINT('',(0.0720298076067819,0.015,0.00868958408884577));
#3721=CARTESIAN_POINT('',(0.0718474188819612,0.015,0.01));
#3722=CARTESIAN_POINT('',(0.,0.122,0.));
#3723=CARTESIAN_POINT('',(-0.00839368664137109,0.122,-0.0683610918151889));
#3724=CARTESIAN_POINT('',(-0.00722546886561465,0.122,-0.0693413429199609));
#3725=CARTESIAN_POINT('',(-7.55525714796643E-17,0.122,-4.03095123263204E-16));
#3726=CARTESIAN_POINT('',(-0.0127507662360813,0.122,-0.0647973730979336));
#3727=CARTESIAN_POINT('',(-0.00328898978789428,0.122,-0.0659580483805815));
#3728=CARTESIAN_POINT('',(0.000978147600733803,0.122,-0.000207911690817758));
#3729=CARTESIAN_POINT('',(-0.0141023333000309,0.122,-0.0711559962019705));
#3730=CARTESIAN_POINT('',(-9.77586363905586E-16,0.122,-2.57648864837681E-15));
#3731=CARTESIAN_POINT('',(-0.00354472265914252,0.122,-0.0724533404424513));
#3732=CARTESIAN_POINT('',(-0.0034958568932321,0.122,-0.0714545350875789));
#3733=CARTESIAN_POINT('',(-0.00249646606621301,0.122,-0.0714894345842814));
#3734=CARTESIAN_POINT('',(-0.00241818612651624,0.122,-0.0692477904041532));
#3735=CARTESIAN_POINT('',(-0.00233940195584633,0.122,-0.066991706938165));
#3736=CARTESIAN_POINT('',(-0.00333879278286542,0.122,-0.0669568074414625));
#3737=CARTESIAN_POINT('',(-0.0156631041323196,0.121,-0.0784988456535516));
#3738=CARTESIAN_POINT('',(-0.0127507662360813,0.122,-0.0647973730979336));
#3739=CARTESIAN_POINT('',(-0.0130099108553167,0.122,-0.0647463788630868));
#3740=CARTESIAN_POINT('',(-0.0135170013755467,0.121782686805148,-0.0646427411579523));
#3741=CARTESIAN_POINT('',(-0.0137304880616048,0.121264114553153,-0.0645968675524605));
#3742=CARTESIAN_POINT('',(-0.0137304880616048,0.121,-0.0645968675524605));
#3743=CARTESIAN_POINT('',(-0.0137304880616048,0.121,-0.0645968675524605));
#3744=CARTESIAN_POINT('',(-0.0166412517330534,0.121,-0.0782909339627338));
#3745=CARTESIAN_POINT('',(-0.0150819140519202,0.121,-0.0709548269572303));
#3746=CARTESIAN_POINT('',(-0.0150819140519202,0.121,-0.0709548269572303));
#3747=CARTESIAN_POINT('',(-0.0150819140519202,0.121264113564113,-0.0709548269572303));
#3748=CARTESIAN_POINT('',(-0.0148694106369288,0.121781671528094,-0.0710004513178443));
#3749=CARTESIAN_POINT('',(-0.0143614077116102,0.122,-0.071104650512266));
#3750=CARTESIAN_POINT('',(-0.0141023333000309,0.122,-0.0711559962019705));
#3751=CARTESIAN_POINT('',(0.0156631041323196,0.121,-0.0784988456535516));
#3752=CARTESIAN_POINT('',(0.0127507662360813,0.122,-0.0647973730979336));
#3753=CARTESIAN_POINT('',(0.0130099108553167,0.122,-0.0647463788630868));
#3754=CARTESIAN_POINT('',(0.0135170013755467,0.121782686805148,-0.0646427411579523));
#3755=CARTESIAN_POINT('',(0.0137304880616048,0.121264114553153,-0.0645968675524605));
#3756=CARTESIAN_POINT('',(0.0137304880616048,0.121,-0.0645968675524605));
#3757=CARTESIAN_POINT('',(0.0127507662360813,0.122,-0.0647973730979336));
#3758=CARTESIAN_POINT('',(0.0137304880616048,0.121,-0.0645968675524605));
#3759=CARTESIAN_POINT('',(-0.000978147600733803,0.122,-0.000207911690817758));
#3760=CARTESIAN_POINT('',(0.0141023333000309,0.122,-0.0711559962019705));
#3761=CARTESIAN_POINT('',(0.0150819140519202,0.121,-0.0709548269572303));
#3762=CARTESIAN_POINT('',(0.0150819140519202,0.121264113564113,-0.0709548269572303));
#3763=CARTESIAN_POINT('',(0.0148694106369288,0.121781671528094,-0.0710004513178443));
#3764=CARTESIAN_POINT('',(0.0143614077116102,0.122,-0.071104650512266));
#3765=CARTESIAN_POINT('',(0.0141023333000309,0.122,-0.0711559962019705));
#3766=CARTESIAN_POINT('',(0.0150819140519202,0.121,-0.0709548269572303));
#3767=CARTESIAN_POINT('',(0.0166412517330534,0.121,-0.0782909339627338));
#3768=CARTESIAN_POINT('',(0.,0.122,0.));
#3769=CARTESIAN_POINT('',(0.00839368664137109,0.122,-0.0683610918151889));
#3770=CARTESIAN_POINT('',(0.00722546886561465,0.122,-0.0693413429199609));
#3771=CARTESIAN_POINT('',(7.55525714796643E-17,0.122,-4.03095123263204E-16));
#3772=CARTESIAN_POINT('',(0.00328898978789428,0.122,-0.0659580483805815));
#3773=CARTESIAN_POINT('',(0.00333879278286542,0.122,-0.0669568074414625));
#3774=CARTESIAN_POINT('',(0.00233940195584633,0.122,-0.066991706938165));
#3775=CARTESIAN_POINT('',(0.00241818612651624,0.122,-0.0692477904041532));
#3776=CARTESIAN_POINT('',(0.00249646606621301,0.122,-0.0714894345842814));
#3777=CARTESIAN_POINT('',(0.0034958568932321,0.122,-0.0714545350875789));
#3778=CARTESIAN_POINT('',(0.00354472265914252,0.122,-0.0724533404424513));
#3779=CARTESIAN_POINT('',(9.77586363905586E-16,0.122,-2.57648864837681E-15));
#3780=CARTESIAN_POINT('',(0.0702016537696426,0.121,-0.0384594514782416));
#3781=CARTESIAN_POINT('',(0.0578337021409418,0.122,-0.0318832949469284));
#3782=CARTESIAN_POINT('',(0.0579612132410678,0.122,-0.031652000189074));
#3783=CARTESIAN_POINT('',(0.0582077736563452,0.121782686805148,-0.0311969292811366));
#3784=CARTESIAN_POINT('',(0.0583098590324035,0.121264114553153,-0.0310039020063803));
#3785=CARTESIAN_POINT('',(0.0583098590324035,0.121,-0.0310039020063803));
#3786=CARTESIAN_POINT('',(0.0578337021409418,0.122,-0.0318832949469284));
#3787=CARTESIAN_POINT('',(0.0583098590324035,0.121,-0.0310039020063802));
#3788=CARTESIAN_POINT('',(-0.00046947156278589,0.122,-0.000882947592858925));
#3789=CARTESIAN_POINT('',(0.0635734605980444,0.122,-0.0349351786540286));
#3790=CARTESIAN_POINT('',(0.0640490183859866,0.121,-0.0340554671644886));
#3791=CARTESIAN_POINT('',(0.0640490183859866,0.121264113564113,-0.0340554671644886));
#3792=CARTESIAN_POINT('',(0.0639473741117332,0.121781671528094,-0.034247580998389));
#3793=CARTESIAN_POINT('',(0.0637006573395182,0.122,-0.0347037117675312));
#3794=CARTESIAN_POINT('',(0.0635734605980444,0.122,-0.0349351786540286));
#3795=CARTESIAN_POINT('',(0.0640490183859866,0.121,-0.0340554671644886));
#3796=CARTESIAN_POINT('',(0.0706711253324285,0.121,-0.0375765038853827));
#3797=CARTESIAN_POINT('',(0.,0.122,0.));
#3798=CARTESIAN_POINT('',(0.0577629922832365,0.122,-0.0375117257945429));
#3799=CARTESIAN_POINT('',(0.0577629922832365,0.122,-0.0390367257945429));
#3800=CARTESIAN_POINT('',(3.57353036051223E-16,0.122,-2.01227923213309E-16));
#3801=CARTESIAN_POINT('',(0.0526409183249612,0.122,-0.0398775039076516));
#3802=CARTESIAN_POINT('',(0.0534380249016565,0.122,-0.0404813425494997));
#3803=CARTESIAN_POINT('',(0.0528223634263309,0.122,-0.0412693533031065));
#3804=CARTESIAN_POINT('',(0.0546012651174098,0.122,-0.0426591836253148));
#3805=CARTESIAN_POINT('',(0.0563687815603711,0.122,-0.0440401188168148));
#3806=CARTESIAN_POINT('',(0.0569844430356968,0.122,-0.0432521080632081));
#3807=CARTESIAN_POINT('',(0.0577809826364193,0.122,-0.0438566944213742));
#3808=CARTESIAN_POINT('',(2.60208521396521E-15,0.122,-9.0726037793587E-16));
#3809=CARTESIAN_POINT('',(0.,0.015,0.));
#3810=CARTESIAN_POINT('',(0.0792610562220753,0.015,-0.0111394150008436));
#3811=CARTESIAN_POINT('',(0.0738145818439967,0.015,-0.0103739629455633));
#3812=CARTESIAN_POINT('',(0.0797315957499318,0.015,-0.0112055450188491));
#3813=CARTESIAN_POINT('',(0.,0.015,4.44179394050745E-18));
#3814=CARTESIAN_POINT('',(0.0658149135717044,0.015,-0.0349944102900603));
#3815=CARTESIAN_POINT('',(0.0706711253324285,0.015,-0.0375765038853827));
#3816=CARTESIAN_POINT('',(0.0728784943145758,0.015,-0.0387501827923474));
#3817=CARTESIAN_POINT('',(-1.87350135405495E-16,0.015,-3.72965547335013E-17));
#3818=CARTESIAN_POINT('',(0.0814262629462737,0.015,-0.0135135229531122));
#3819=CARTESIAN_POINT('',(0.0794532495480117,0.015,-0.0131860811563322));
#3820=CARTESIAN_POINT('',(0.00445662477400584,0.025,0.));
#3821=CARTESIAN_POINT('',(0.0662563873681339,0.025,-0.0352291460714533));
#3822=CARTESIAN_POINT('',(0.0684637563502812,0.025,-0.036402824978418));
#3823=CARTESIAN_POINT('',(0.065791215228367,0.025,-0.034981809657393));
#3824=CARTESIAN_POINT('',(0.0640490183859866,0.025,-0.0340554671644886));
#3825=CARTESIAN_POINT('',(0.0640490183859866,0.025,-0.0340554671644886));
#3826=CARTESIAN_POINT('',(1.52655665885959E-16,0.025,-1.07552855510562E-16));
#3827=CARTESIAN_POINT('',(0.06677342206944,0.025,-0.0283436360606119));
#3828=CARTESIAN_POINT('',(0.0690746842030711,0.025,-0.0293204638818351));
#3829=CARTESIAN_POINT('',(0.0713759463367022,0.025,-0.0302972917030583));
#3830=CARTESIAN_POINT('',(1.45716771982052E-16,0.025,-1.54390389361936E-16));
#3831=CARTESIAN_POINT('',(0.,0.015,0.));
#3832=CARTESIAN_POINT('',(0.0424147379092257,0.015,-0.0678777696163604));
#3833=CARTESIAN_POINT('',(0.039500181955943,0.015,-0.0632135050875));
#3834=CARTESIAN_POINT('',(0.0426665363547832,0.015,-0.0682807313631449));
#3835=CARTESIAN_POINT('',(3.40261156560528E-18,0.015,2.85513010973894E-18));
#3836=CARTESIAN_POINT('',(0.0154977374335557,0.015,-0.0729111221586979));
#3837=CARTESIAN_POINT('',(0.0166412517330534,0.015,-0.0782909339627338));
#3838=CARTESIAN_POINT('',(0.0171610309600978,0.015,-0.0807363029645683));
#3839=CARTESIAN_POINT('',(-1.48997164212829E-16,0.015,1.19544766878277E-16));
#3840=CARTESIAN_POINT('',(0.0419878337597504,0.015,-0.071062461371413));
#3841=CARTESIAN_POINT('',(0.0409704401624703,0.015,-0.0693405698916113));
#3842=CARTESIAN_POINT('',(0.00286466318575302,0.025,-0.00341397264319354));
#3843=CARTESIAN_POINT('',(0.0156016932789646,0.025,-0.0734001959590648));
#3844=CARTESIAN_POINT('',(0.016121472506009,0.025,-0.0758455649608993));
#3845=CARTESIAN_POINT('',(0.0154921570767228,0.025,-0.0728848686439204));
#3846=CARTESIAN_POINT('',(0.0150819140519202,0.025,-0.0709548269572303));
#3847=CARTESIAN_POINT('',(0.0150819140519202,0.025,-0.0709548269572303));
#3848=CARTESIAN_POINT('',(1.57349032744981E-17,0.025,-1.86074667471162E-16));
#3849=CARTESIAN_POINT('',(0.0212086434605872,0.025,-0.0693703469975586));
#3850=CARTESIAN_POINT('',(0.0219395727223941,0.025,-0.0717611088874662));
#3851=CARTESIAN_POINT('',(0.0226705019842009,0.025,-0.0741518707773738));
#3852=CARTESIAN_POINT('',(-2.46049642881049E-17,0.025,-2.10865752782619E-16));
#3853=CARTESIAN_POINT('',(-0.00286466318575302,0.025,-0.00341397264319354));
#3854=CARTESIAN_POINT('',(-0.0156016932789646,0.025,-0.0734001959590648));
#3855=CARTESIAN_POINT('',(-0.016121472506009,0.025,-0.0758455649608993));
#3856=CARTESIAN_POINT('',(-0.0154921570767228,0.025,-0.0728848686439204));
#3857=CARTESIAN_POINT('',(2.46049642881049E-17,0.025,-2.10865752782619E-16));
#3858=CARTESIAN_POINT('',(-0.0226705019842009,0.025,-0.0741518707773738));
#3859=CARTESIAN_POINT('',(-0.0219395727223941,0.025,-0.0717611088874662));
#3860=CARTESIAN_POINT('',(-0.0212086434605872,0.025,-0.0693703469975586));
#3861=CARTESIAN_POINT('',(-1.57349032744981E-17,0.025,-1.86074667471162E-16));
#3862=CARTESIAN_POINT('',(-0.0150819140519202,0.025,-0.0709548269572303));
#3863=CARTESIAN_POINT('',(-0.0150819140519202,0.025,-0.0709548269572303));
#3864=CARTESIAN_POINT('',(0.,0.015,0.));
#3865=CARTESIAN_POINT('',(-0.0424147379092257,0.015,-0.0678777696163604));
#3866=CARTESIAN_POINT('',(-0.039500181955943,0.015,-0.0632135050875));
#3867=CARTESIAN_POINT('',(-0.0426665363547832,0.015,-0.0682807313631449));
#3868=CARTESIAN_POINT('',(-0.0409704401624703,0.015,-0.0693405698916113));
#3869=CARTESIAN_POINT('',(-0.0419878337597504,0.015,-0.071062461371413));
#3870=CARTESIAN_POINT('',(1.48997164212829E-16,0.015,1.19544766878277E-16));
#3871=CARTESIAN_POINT('',(-0.0171610309600978,0.015,-0.0807363029645683));
#3872=CARTESIAN_POINT('',(-0.0166412517330534,0.015,-0.0782909339627338));
#3873=CARTESIAN_POINT('',(-0.0154977374335557,0.015,-0.0729111221586979));
#3874=CARTESIAN_POINT('',(-3.40261156560528E-18,0.015,2.85513010973894E-18));
#3875=CARTESIAN_POINT('',(0.,0.015,4.04378373078456E-18));
#3876=CARTESIAN_POINT('',(-3.09771805614245E-18,0.125,2.59929407840032E-18));
#3877=CARTESIAN_POINT('',(-0.0424496937436991,0.125,-0.0505895750235774));
#3878=CARTESIAN_POINT('',(-0.0476213995590163,0.125,-0.0457546052768519));
#3879=CARTESIAN_POINT('',(-0.0476213995590163,0.015,-0.0457546052768519));
#3880=CARTESIAN_POINT('',(-0.0476213995590163,0.122,-0.0457546052768519));
#3881=CARTESIAN_POINT('',(4.08939027031071E-15,0.122,4.35854523901721E-15));
#3882=CARTESIAN_POINT('',(-0.0432108712542001,0.122,-0.0499409872294585));
#3883=CARTESIAN_POINT('',(-0.042449693743699,0.121,-0.0505895750235774));
#3884=CARTESIAN_POINT('',(-0.042449693743699,0.121264114606781,-0.0505895750235774));
#3885=CARTESIAN_POINT('',(-0.0426165062185894,0.121781675224706,-0.0504502414264628));
#3886=CARTESIAN_POINT('',(-0.0430111417089748,0.122,-0.0501138009470718));
#3887=CARTESIAN_POINT('',(-0.0432108712542002,0.122,-0.0499409872294586));
#3888=CARTESIAN_POINT('',(-0.0424496937436991,0.121,-0.0505895750235773));
#3889=CARTESIAN_POINT('',(-0.042449693743699,0.125002,-0.0505895750235773));
#3890=CARTESIAN_POINT('',(-0.0483424988860759,0.015,-0.0464474369739575));
#3891=CARTESIAN_POINT('',(-0.0483424988860759,0.122,-0.0464474369739575));
#3892=CARTESIAN_POINT('',(-0.0490244972461384,0.122,-0.0457160832723383));
#3893=CARTESIAN_POINT('',(-0.0483424988860759,0.125,-0.0464474369739575));
#3894=CARTESIAN_POINT('',(-0.0490244972461384,0.125,-0.0457160832723383));
#3895=CARTESIAN_POINT('',(-0.0490244972461384,0.122,-0.0457160832723383));
#3896=CARTESIAN_POINT('',(-0.0506754979851923,0.122,-0.0472556663687306));
#3897=CARTESIAN_POINT('',(-0.0506754979851923,0.125,-0.0472556663687306));
#3898=CARTESIAN_POINT('',(-0.0523159320621588,0.125,-0.0487853958933161));
#3899=CARTESIAN_POINT('',(-0.0523159320621588,0.122,-0.0487853958933161));
#3900=CARTESIAN_POINT('',(-0.0523159320621588,0.122,-0.0487853958933161));
#3901=CARTESIAN_POINT('',(-0.0506754979851923,0.122,-0.0472556663687306));
#3902=CARTESIAN_POINT('',(-0.0356364735402124,0.014998,-0.067737828084592));
#3903=CARTESIAN_POINT('',(-0.0356364735402124,0.025,-0.067737828084592));
#3904=CARTESIAN_POINT('',(-0.0361020663484201,0.025,-0.0686228271450127));
#3905=CARTESIAN_POINT('',(-0.0347454670160241,0.025,-0.0681918185843316));
#3906=CARTESIAN_POINT('',(-0.0347454670160241,0.125,-0.0681918185843316));
#3907=CARTESIAN_POINT('',(-0.0347454670160241,0.125,-0.0681918185843316));
#3908=CARTESIAN_POINT('',(-0.0356364735402124,0.125,-0.067737828084592));
#3909=CARTESIAN_POINT('',(-0.0361020663484201,0.125,-0.0686228271450127));
#3910=CARTESIAN_POINT('',(-0.03610206634842,0.014998,-0.0686228271450126));
#3911=CARTESIAN_POINT('',(9.36246927010313E-16,0.014998,1.32492881377565E-15));
#3912=CARTESIAN_POINT('',(9.36246927010313E-16,0.125,1.32492881377565E-15));
#3913=CARTESIAN_POINT('',(-0.0410899397486427,0.125,-0.0657576493759693));
#3914=CARTESIAN_POINT('',(-0.0410899397486427,0.014998,-0.0657576493759693));
#3915=CARTESIAN_POINT('',(-0.0410899397486427,0.025,-0.0657576493759693));
#3916=CARTESIAN_POINT('',(9.36246927010313E-16,0.025,1.32492881377565E-15));
#3917=CARTESIAN_POINT('',(-0.0424147379092257,0.014998,-0.0678777696163604));
#3918=CARTESIAN_POINT('',(-0.0397651415880597,0.025,-0.0636375291355782));
#3919=CARTESIAN_POINT('',(-0.0394859610095308,0.025,-0.0631907468159209));
#3920=CARTESIAN_POINT('',(-0.0424147379092257,0.125,-0.0678777696163604));
#3921=CARTESIAN_POINT('',(-0.0426665363547832,0.125,-0.0682807313631449));
#3922=CARTESIAN_POINT('',(-0.0426665363547832,0.014998,-0.0682807313631449));
#3923=CARTESIAN_POINT('',(-0.039500181955943,0.013,-0.0632135050875));
#3924=CARTESIAN_POINT('',(-0.0394859610095308,0.0149998199483348,-0.0631907468159209));
#3925=CARTESIAN_POINT('',(-0.0394859610095308,0.015,-0.0631907468159209));
#3926=CARTESIAN_POINT('',(-0.0409704401624703,0.014998,-0.0693405698916113));
#3927=CARTESIAN_POINT('',(-0.0409704401624703,0.125,-0.0693405698916113));
#3928=CARTESIAN_POINT('',(-0.0419878337597504,0.125,-0.071062461371413));
#3929=CARTESIAN_POINT('',(-0.0419878337597504,0.014998,-0.071062461371413));
#3930=CARTESIAN_POINT('',(1.48997164212829E-16,0.014998,1.19544766878277E-16));
#3931=CARTESIAN_POINT('',(1.48997164212829E-16,0.125,1.19544766878277E-16));
#3932=CARTESIAN_POINT('',(-0.0171610309600978,0.125,-0.0807363029645683));
#3933=CARTESIAN_POINT('',(-0.0171610309600978,0.014998,-0.0807363029645683));
#3934=CARTESIAN_POINT('',(-0.0166412517330534,0.014998,-0.0782909339627338));
#3935=CARTESIAN_POINT('',(-0.0166412517330534,0.125,-0.0782909339627338));
#3936=CARTESIAN_POINT('',(-0.016121472506009,0.125,-0.0758455649608993));
#3937=CARTESIAN_POINT('',(-0.016121472506009,0.014998,-0.0758455649608993));
#3938=CARTESIAN_POINT('',(-0.0154921579024589,0.014998,-0.072884872528703));
#3939=CARTESIAN_POINT('',(-0.0154921579024589,0.0149998199483348,-0.072884872528703));
#3940=CARTESIAN_POINT('',(-0.0154977374335557,0.013,-0.0729111221586979));
#3941=CARTESIAN_POINT('',(2.46049642881049E-17,0.014998,-2.10865752782619E-16));
#3942=CARTESIAN_POINT('',(2.46049642881049E-17,0.125,-2.10865752782619E-16));
#3943=CARTESIAN_POINT('',(-0.0226705019842009,0.125,-0.0741518707773738));
#3944=CARTESIAN_POINT('',(-0.0226705019842009,0.014998,-0.0741518707773738));
#3945=CARTESIAN_POINT('',(-0.0219395727223941,0.014998,-0.0717611088874662));
#3946=CARTESIAN_POINT('',(-0.0219395727223941,0.125,-0.0717611088874662));
#3947=CARTESIAN_POINT('',(-0.0212086434605872,0.125,-0.0693703469975586));
#3948=CARTESIAN_POINT('',(-0.0212086434605872,0.014998,-0.0693703469975586));
#3949=CARTESIAN_POINT('',(-3.40261156560528E-18,0.015,2.85513010973894E-18));
#3950=CARTESIAN_POINT('',(-0.0150819140519202,0.014998,-0.0709548269572303));
#3951=CARTESIAN_POINT('',(-1.05588251776136E-16,0.125,4.32806205040434E-16));
#3952=CARTESIAN_POINT('',(-0.00354472265914253,0.125,-0.0724533404424514));
#3953=CARTESIAN_POINT('',(-0.00354472265914253,0.015,-0.0724533404424514));
#3954=CARTESIAN_POINT('',(-0.0034958568932321,0.015,-0.0714545350875789));
#3955=CARTESIAN_POINT('',(-0.0034958568932321,0.125,-0.0714545350875789));
#3956=CARTESIAN_POINT('',(-0.00249646606621301,0.125,-0.0714894345842814));
#3957=CARTESIAN_POINT('',(-0.00249646606621301,0.122,-0.0714894345842814));
#3958=CARTESIAN_POINT('',(-0.00241818612651624,0.122,-0.0692477904041532));
#3959=CARTESIAN_POINT('',(-0.00241818612651624,0.125,-0.0692477904041532));
#3960=CARTESIAN_POINT('',(-0.00233940195584633,0.125,-0.066991706938165));
#3961=CARTESIAN_POINT('',(-0.00233940195584633,0.122,-0.066991706938165));
#3962=CARTESIAN_POINT('',(-0.00333879278286542,0.015,-0.0669568074414625));
#3963=CARTESIAN_POINT('',(-0.00333879278286542,0.125,-0.0669568074414625));
#3964=CARTESIAN_POINT('',(-0.00328898978789427,0.125,-0.0659580483805815));
#3965=CARTESIAN_POINT('',(-0.00328898978789427,0.015,-0.0659580483805815));
#3966=CARTESIAN_POINT('',(0.,0.015,4.04378373078456E-18));
#3967=CARTESIAN_POINT('',(-0.0137304880616048,0.125002,-0.0645968675524605));
#3968=CARTESIAN_POINT('',(-0.0137304880616048,0.125,-0.0645968675524605));
#3969=CARTESIAN_POINT('',(-3.09771805614245E-18,0.125,2.59929407840032E-18));
#3970=CARTESIAN_POINT('',(-0.0475023893497514,0.1301,-0.0500570738001262));
#3971=CARTESIAN_POINT('',(-0.0475023893497514,0.122,-0.0500570738001262));
#3972=CARTESIAN_POINT('',(-0.046334171573995,0.122,-0.0510373249048982));
#3973=CARTESIAN_POINT('',(-0.0475023893497514,0.125,-0.0500570738001262));
#3974=CARTESIAN_POINT('',(-0.046334171573995,0.125,-0.0510373249048982));
#3975=CARTESIAN_POINT('',(-0.00839368664137109,0.1309,-0.0683610918151889));
#3976=CARTESIAN_POINT('',(-0.00839368664137109,0.125,-0.0683610918151889));
#3977=CARTESIAN_POINT('',(-0.00722546886561465,0.125,-0.0693413429199609));
#3978=CARTESIAN_POINT('',(0.,0.015,4.04378373078456E-18));
#3979=CARTESIAN_POINT('',(-0.0137304880616048,0.125002,-0.0645968675524605));
#3980=CARTESIAN_POINT('',(-0.0137304880616048,0.025,-0.0645968675524605));
#3981=CARTESIAN_POINT('',(-0.0137304880616048,0.015,-0.0645968675524605));
#3982=CARTESIAN_POINT('',(0.,0.015,4.04378373078456E-18));
#3983=CARTESIAN_POINT('',(-0.00379068576932822,0.015,-0.0659311178533946));
#3984=CARTESIAN_POINT('',(-0.0137304880616048,0.025,-0.0645968675524605));
#3985=CARTESIAN_POINT('',(-0.0137304880616048,0.0236763778265613,-0.0645968675524605));
#3986=CARTESIAN_POINT('',(-0.0132189548056864,0.0210691309732397,-0.0647087523154931));
#3987=CARTESIAN_POINT('',(-0.0110274025272971,0.017731923242354,-0.0651332251244404));
#3988=CARTESIAN_POINT('',(-0.00772490485452427,0.0155172745305507,-0.065621729548104));
#3989=CARTESIAN_POINT('',(-0.0051120746889865,0.015,-0.0658551450754927));
#3990=CARTESIAN_POINT('',(-0.00379068576932822,0.015,-0.0659311178533946));
#3991=CARTESIAN_POINT('',(0.,0.015,4.04378373078456E-18));
#3992=CARTESIAN_POINT('',(0.0137304880616048,0.025,-0.0645968675524605));
#3993=CARTESIAN_POINT('',(0.0137304880616048,0.0236763778265613,-0.0645968675524605));
#3994=CARTESIAN_POINT('',(0.0132189548056864,0.0210691309732397,-0.0647087523154931));
#3995=CARTESIAN_POINT('',(0.0110274025272971,0.017731923242354,-0.0651332251244404));
#3996=CARTESIAN_POINT('',(0.00772490485452427,0.0155172745305507,-0.065621729548104));
#3997=CARTESIAN_POINT('',(0.0051120746889865,0.015,-0.0658551450754927));
#3998=CARTESIAN_POINT('',(0.00379068576932822,0.015,-0.0659311178533946));
#3999=CARTESIAN_POINT('',(0.0137304880616048,0.025,-0.0645968675524605));
#4000=CARTESIAN_POINT('',(0.00379068576932822,0.015,-0.0659311178533946));
#4001=CARTESIAN_POINT('',(0.,0.015,4.04378373078456E-18));
#4002=CARTESIAN_POINT('',(0.0137304880616048,0.015,-0.0645968675524605));
#4003=CARTESIAN_POINT('',(0.0137304880616048,0.125002,-0.0645968675524605));
#4004=CARTESIAN_POINT('',(-0.0166412517330534,0.014998,-0.0782909339627338));
#4005=CARTESIAN_POINT('',(-0.0128063205959199,0.015,-0.0602490014671988));
#4006=CARTESIAN_POINT('',(-0.0125840000057692,0.015,-0.0592030653248191));
#4007=CARTESIAN_POINT('',(-0.0137304880616048,0.025,-0.0645968675524606));
#4008=CARTESIAN_POINT('',(-0.0128063205959199,0.125,-0.0602490014671988));
#4009=CARTESIAN_POINT('',(-0.0125840000057692,0.125,-0.0592030653248191));
#4010=CARTESIAN_POINT('',(-0.0125840000057692,0.125,-0.0592030653248191));
#4011=CARTESIAN_POINT('',(0.0166412517330534,0.014998,-0.0782909339627338));
#4012=CARTESIAN_POINT('',(0.0128063205959199,0.125,-0.0602490014671988));
#4013=CARTESIAN_POINT('',(0.0125840000057692,0.125,-0.0592030653248191));
#4014=CARTESIAN_POINT('',(0.0137304880616048,0.125,-0.0645968675524605));
#4015=CARTESIAN_POINT('',(0.0137304880616048,0.125002,-0.0645968675524605));
#4016=CARTESIAN_POINT('',(0.0150819140519202,0.014998,-0.0709548269572303));
#4017=CARTESIAN_POINT('',(0.0137304880616048,0.025,-0.0645968675524606));
#4018=CARTESIAN_POINT('',(0.0128063205959199,0.015,-0.0602490014671988));
#4019=CARTESIAN_POINT('',(0.0125840000057692,0.015,-0.0592030653248191));
#4020=CARTESIAN_POINT('',(0.0125840000057692,0.015,-0.0592030653248191));
#4021=CARTESIAN_POINT('',(0.,0.015,4.04378373078456E-18));
#4022=CARTESIAN_POINT('',(3.09771805614245E-18,0.125,2.59929407840032E-18));
#4023=CARTESIAN_POINT('',(0.00328898978789427,0.125,-0.0659580483805815));
#4024=CARTESIAN_POINT('',(0.00328898978789427,0.015,-0.0659580483805815));
#4025=CARTESIAN_POINT('',(0.00333879278286542,0.015,-0.0669568074414625));
#4026=CARTESIAN_POINT('',(0.00333879278286542,0.125,-0.0669568074414625));
#4027=CARTESIAN_POINT('',(0.00233940195584633,0.125,-0.066991706938165));
#4028=CARTESIAN_POINT('',(0.00233940195584633,0.122,-0.066991706938165));
#4029=CARTESIAN_POINT('',(0.00241818612651624,0.122,-0.0692477904041532));
#4030=CARTESIAN_POINT('',(0.00241818612651624,0.125,-0.0692477904041532));
#4031=CARTESIAN_POINT('',(0.00249646606621301,0.125,-0.0714894345842814));
#4032=CARTESIAN_POINT('',(0.00249646606621301,0.122,-0.0714894345842814));
#4033=CARTESIAN_POINT('',(0.0034958568932321,0.015,-0.0714545350875789));
#4034=CARTESIAN_POINT('',(0.0034958568932321,0.125,-0.0714545350875789));
#4035=CARTESIAN_POINT('',(0.00354472265914253,0.125,-0.0724533404424514));
#4036=CARTESIAN_POINT('',(0.00354472265914253,0.015,-0.0724533404424514));
#4037=CARTESIAN_POINT('',(3.40261156560528E-18,0.015,2.85513010973894E-18));
#4038=CARTESIAN_POINT('',(1.05588251776136E-16,0.125,4.32806205040434E-16));
#4039=CARTESIAN_POINT('',(0.0212086434605872,0.125,-0.0693703469975586));
#4040=CARTESIAN_POINT('',(0.0212086434605872,0.014998,-0.0693703469975586));
#4041=CARTESIAN_POINT('',(0.0219395727223941,0.014998,-0.0717611088874662));
#4042=CARTESIAN_POINT('',(0.0219395727223941,0.125,-0.0717611088874662));
#4043=CARTESIAN_POINT('',(0.0226705019842009,0.125,-0.0741518707773738));
#4044=CARTESIAN_POINT('',(0.0226705019842009,0.014998,-0.0741518707773738));
#4045=CARTESIAN_POINT('',(-2.46049642881049E-17,0.014998,-2.10865752782619E-16));
#4046=CARTESIAN_POINT('',(0.016121472506009,0.014998,-0.0758455649608993));
#4047=CARTESIAN_POINT('',(0.016121472506009,0.125,-0.0758455649608993));
#4048=CARTESIAN_POINT('',(-2.46049642881049E-17,0.125,-2.10865752782619E-16));
#4049=CARTESIAN_POINT('',(0.0166412517330534,0.014998,-0.0782909339627338));
#4050=CARTESIAN_POINT('',(0.0154977374335557,0.013,-0.0729111221586979));
#4051=CARTESIAN_POINT('',(0.0154921579024589,0.0149998199483348,-0.072884872528703));
#4052=CARTESIAN_POINT('',(0.0154921579024589,0.014998,-0.072884872528703));
#4053=CARTESIAN_POINT('',(0.0166412517330534,0.125,-0.0782909339627338));
#4054=CARTESIAN_POINT('',(0.0171610309600978,0.125,-0.0807363029645683));
#4055=CARTESIAN_POINT('',(0.0171610309600978,0.014998,-0.0807363029645683));
#4056=CARTESIAN_POINT('',(-1.48997164212829E-16,0.014998,1.19544766878277E-16));
#4057=CARTESIAN_POINT('',(-1.48997164212829E-16,0.125,1.19544766878277E-16));
#4058=CARTESIAN_POINT('',(0.0419878337597504,0.125,-0.071062461371413));
#4059=CARTESIAN_POINT('',(0.0419878337597504,0.014998,-0.071062461371413));
#4060=CARTESIAN_POINT('',(0.0409704401624703,0.014998,-0.0693405698916113));
#4061=CARTESIAN_POINT('',(0.0409704401624703,0.125,-0.0693405698916113));
#4062=CARTESIAN_POINT('',(0.0426665363547832,0.125,-0.0682807313631449));
#4063=CARTESIAN_POINT('',(0.0426665363547832,0.014998,-0.0682807313631449));
#4064=CARTESIAN_POINT('',(0.0424147379092257,0.014998,-0.0678777696163604));
#4065=CARTESIAN_POINT('',(0.0397651415880597,0.025,-0.0636375291355782));
#4066=CARTESIAN_POINT('',(0.0410899397486427,0.025,-0.0657576493759693));
#4067=CARTESIAN_POINT('',(0.0394859610095308,0.025,-0.0631907468159209));
#4068=CARTESIAN_POINT('',(0.0394859610095308,0.015,-0.0631907468159209));
#4069=CARTESIAN_POINT('',(0.0394859610095308,0.0149998199483348,-0.0631907468159209));
#4070=CARTESIAN_POINT('',(0.039500181955943,0.013,-0.0632135050875));
#4071=CARTESIAN_POINT('',(0.0424147379092257,0.125,-0.0678777696163604));
#4072=CARTESIAN_POINT('',(0.0410899397486427,0.125,-0.0657576493759693));
#4073=CARTESIAN_POINT('',(0.0410899397486427,0.014998,-0.0657576493759693));
#4074=CARTESIAN_POINT('',(-9.36246927010313E-16,0.014998,1.32492881377565E-15));
#4075=CARTESIAN_POINT('',(0.03610206634842,0.014998,-0.0686228271450126));
#4076=CARTESIAN_POINT('',(0.0361020663484201,0.125,-0.0686228271450127));
#4077=CARTESIAN_POINT('',(0.0361020663484201,0.025,-0.0686228271450127));
#4078=CARTESIAN_POINT('',(-9.36246927010313E-16,0.025,1.32492881377565E-15));
#4079=CARTESIAN_POINT('',(-9.36246927010313E-16,0.125,1.32492881377565E-15));
#4080=CARTESIAN_POINT('',(0.0356364735402124,0.014998,-0.067737828084592));
#4081=CARTESIAN_POINT('',(0.0356364735402124,0.025,-0.067737828084592));
#4082=CARTESIAN_POINT('',(0.0347454670160241,0.025,-0.0681918185843316));
#4083=CARTESIAN_POINT('',(0.0356364735402124,0.125,-0.067737828084592));
#4084=CARTESIAN_POINT('',(0.0347454670160241,0.125,-0.0681918185843316));
#4085=CARTESIAN_POINT('',(0.0347454670160241,0.125,-0.0681918185843316));
#4086=CARTESIAN_POINT('',(0.0506754979851923,0.122,-0.0472556663687306));
#4087=CARTESIAN_POINT('',(0.0506754979851923,0.125,-0.0472556663687306));
#4088=CARTESIAN_POINT('',(0.0523159320621588,0.125,-0.0487853958933161));
#4089=CARTESIAN_POINT('',(0.0490244972461384,0.125,-0.0457160832723383));
#4090=CARTESIAN_POINT('',(0.0490244972461384,0.122,-0.0457160832723383));
#4091=CARTESIAN_POINT('',(0.0490244972461384,0.122,-0.0457160832723383));
#4092=CARTESIAN_POINT('',(0.0506754979851923,0.122,-0.0472556663687306));
#4093=CARTESIAN_POINT('',(0.0523159320621588,0.122,-0.0487853958933161));
#4094=CARTESIAN_POINT('',(0.0523159320621588,0.122,-0.0487853958933161));
#4095=CARTESIAN_POINT('',(0.0483424988860759,0.015,-0.0464474369739575));
#4096=CARTESIAN_POINT('',(0.0483424988860759,0.122,-0.0464474369739575));
#4097=CARTESIAN_POINT('',(0.0476213995590163,0.122,-0.0457546052768519));
#4098=CARTESIAN_POINT('',(0.0483424988860759,0.125,-0.0464474369739575));
#4099=CARTESIAN_POINT('',(0.0476213995590163,0.125,-0.0457546052768519));
#4100=CARTESIAN_POINT('',(0.0476213995590163,0.015,-0.0457546052768519));
#4101=CARTESIAN_POINT('',(0.,0.015,4.04378373078456E-18));
#4102=CARTESIAN_POINT('',(0.0424496937436991,0.125002,-0.0505895750235773));
#4103=CARTESIAN_POINT('',(0.0424496937436991,0.125,-0.0505895750235774));
#4104=CARTESIAN_POINT('',(0.0424496937436991,0.121,-0.0505895750235773));
#4105=CARTESIAN_POINT('',(0.042449693743699,0.121,-0.0505895750235774));
#4106=CARTESIAN_POINT('',(0.042449693743699,0.121264114606781,-0.0505895750235774));
#4107=CARTESIAN_POINT('',(0.0426165062185894,0.121781675224706,-0.0504502414264628));
#4108=CARTESIAN_POINT('',(0.0430111417089748,0.122,-0.0501138009470718));
#4109=CARTESIAN_POINT('',(0.0432108712542002,0.122,-0.0499409872294586));
#4110=CARTESIAN_POINT('',(0.0432108712542001,0.122,-0.0499409872294585));
#4111=CARTESIAN_POINT('',(-4.08939027031071E-15,0.122,4.35854523901721E-15));
#4112=CARTESIAN_POINT('',(3.09771805614245E-18,0.125,2.59929407840032E-18));
#4113=CARTESIAN_POINT('',(0.0475023893497514,0.1301,-0.0500570738001262));
#4114=CARTESIAN_POINT('',(0.0475023893497514,0.122,-0.0500570738001262));
#4115=CARTESIAN_POINT('',(0.046334171573995,0.122,-0.0510373249048982));
#4116=CARTESIAN_POINT('',(0.0475023893497514,0.125,-0.0500570738001262));
#4117=CARTESIAN_POINT('',(0.046334171573995,0.125,-0.0510373249048982));
#4118=CARTESIAN_POINT('',(0.00839368664137109,0.1309,-0.0683610918151889));
#4119=CARTESIAN_POINT('',(0.00839368664137109,0.125,-0.0683610918151889));
#4120=CARTESIAN_POINT('',(0.00722546886561465,0.125,-0.0693413429199609));
#4121=CARTESIAN_POINT('',(0.,0.015,4.04378373078456E-18));
#4122=CARTESIAN_POINT('',(0.0424496937436991,0.125002,-0.0505895750235773));
#4123=CARTESIAN_POINT('',(0.0424496937436991,0.025,-0.0505895750235773));
#4124=CARTESIAN_POINT('',(0.0424496937436991,0.015,-0.0505895750235773));
#4125=CARTESIAN_POINT('',(0.,0.015,4.04378373078456E-18));
#4126=CARTESIAN_POINT('',(0.0496206506725464,0.015,-0.0435783504372655));
#4127=CARTESIAN_POINT('',(0.0496206506725464,0.015,-0.0435783504372655));
#4128=CARTESIAN_POINT('',(0.0487473307551963,0.015,-0.0445727594066135));
#4129=CARTESIAN_POINT('',(0.0469639744049081,0.0155123524904119,-0.0464785619089271));
#4130=CARTESIAN_POINT('',(0.0445390888745355,0.0177286215471313,-0.0487875840299635));
#4131=CARTESIAN_POINT('',(0.0428565439044698,0.0210558540076272,-0.0502521268843647));
#4132=CARTESIAN_POINT('',(0.042449693743699,0.0236764022639464,-0.0505895750235774));
#4133=CARTESIAN_POINT('',(0.042449693743699,0.025,-0.0505895750235774));
#4134=CARTESIAN_POINT('',(0.,0.015,4.04378373078456E-18));
#4135=CARTESIAN_POINT('',(0.0583098590324035,0.025,-0.0310039020063803));
#4136=CARTESIAN_POINT('',(0.0583098590324035,0.0236763778265613,-0.0310039020063803));
#4137=CARTESIAN_POINT('',(0.0580667604945474,0.0210691309732397,-0.0314676773539371));
#4138=CARTESIAN_POINT('',(0.0569832228805677,0.017731923242354,-0.0334193496608422));
#4139=CARTESIAN_POINT('',(0.0552346343946771,0.0155172745305506,-0.0362632142422911));
#4140=CARTESIAN_POINT('',(0.0537339462057481,0.015,-0.038414794880329));
#4141=CARTESIAN_POINT('',(0.0529427723049547,0.015,-0.0394758718797409));
#4142=CARTESIAN_POINT('',(0.0583098590324035,0.025,-0.0310039020063802));
#4143=CARTESIAN_POINT('',(0.0529427723049547,0.015,-0.0394758718797409));
#4144=CARTESIAN_POINT('',(0.,0.015,4.04378373078456E-18));
#4145=CARTESIAN_POINT('',(0.0583098590324035,0.015,-0.0310039020063802));
#4146=CARTESIAN_POINT('',(0.0583098590324035,0.125002,-0.0310039020063802));
#4147=CARTESIAN_POINT('',(0.0706711253324285,0.014998,-0.0375765038853827));
#4148=CARTESIAN_POINT('',(0.0543851569821456,0.125,-0.028917100909797));
#4149=CARTESIAN_POINT('',(0.0534410184916914,0.125,-0.0284150935696278));
#4150=CARTESIAN_POINT('',(0.0583098590324036,0.125,-0.0310039020063802));
#4151=CARTESIAN_POINT('',(0.0583098590324035,0.125002,-0.0310039020063802));
#4152=CARTESIAN_POINT('',(0.0640490183859866,0.014998,-0.0340554671644886));
#4153=CARTESIAN_POINT('',(0.0583098590324035,0.025,-0.0310039020063803));
#4154=CARTESIAN_POINT('',(0.0543851569821456,0.015,-0.028917100909797));
#4155=CARTESIAN_POINT('',(0.0534410184916914,0.015,-0.0284150935696278));
#4156=CARTESIAN_POINT('',(0.0534410184916914,0.015,-0.0284150935696278));
#4157=CARTESIAN_POINT('',(0.,0.015,4.04378373078456E-18));
#4158=CARTESIAN_POINT('',(0.,0.125,4.04378373078456E-18));
#4159=CARTESIAN_POINT('',(0.0526409183249612,0.125,-0.0398775039076516));
#4160=CARTESIAN_POINT('',(0.0526409183249612,0.015,-0.0398775039076516));
#4161=CARTESIAN_POINT('',(0.0534380249016565,0.015,-0.0404813425494997));
#4162=CARTESIAN_POINT('',(0.0534380249016565,0.125,-0.0404813425494997));
#4163=CARTESIAN_POINT('',(0.0528223634263309,0.125,-0.0412693533031065));
#4164=CARTESIAN_POINT('',(0.0528223634263309,0.122,-0.0412693533031065));
#4165=CARTESIAN_POINT('',(0.0546012651174098,0.122,-0.0426591836253148));
#4166=CARTESIAN_POINT('',(0.0546012651174098,0.125,-0.0426591836253148));
#4167=CARTESIAN_POINT('',(0.0563687815603711,0.125,-0.0440401188168148));
#4168=CARTESIAN_POINT('',(0.0563687815603711,0.122,-0.0440401188168148));
#4169=CARTESIAN_POINT('',(0.0569844430356968,0.015,-0.0432521080632081));
#4170=CARTESIAN_POINT('',(0.0569844430356968,0.125,-0.0432521080632081));
#4171=CARTESIAN_POINT('',(0.0577809826364194,0.125,-0.0438566944213743));
#4172=CARTESIAN_POINT('',(0.0577809826364194,0.015,-0.0438566944213743));
#4173=CARTESIAN_POINT('',(0.,0.015,4.44179394050745E-18));
#4174=CARTESIAN_POINT('',(-2.63677968348475E-16,0.125,3.59087759527199E-16));
#4175=CARTESIAN_POINT('',(0.06677342206944,0.125,-0.0283436360606119));
#4176=CARTESIAN_POINT('',(0.06677342206944,0.014998,-0.0283436360606119));
#4177=CARTESIAN_POINT('',(0.0690746842030711,0.014998,-0.0293204638818351));
#4178=CARTESIAN_POINT('',(0.0690746842030711,0.125,-0.0293204638818351));
#4179=CARTESIAN_POINT('',(0.0713759463367022,0.125,-0.0302972917030583));
#4180=CARTESIAN_POINT('',(0.0713759463367022,0.014998,-0.0302972917030583));
#4181=CARTESIAN_POINT('',(1.45716771982052E-16,0.014998,-1.54390389361936E-16));
#4182=CARTESIAN_POINT('',(0.0684637563502812,0.014998,-0.036402824978418));
#4183=CARTESIAN_POINT('',(0.0684637563502812,0.125,-0.036402824978418));
#4184=CARTESIAN_POINT('',(1.45716771982052E-16,0.125,-1.54390389361936E-16));
#4185=CARTESIAN_POINT('',(0.0706711253324285,0.014998,-0.0375765038853827));
#4186=CARTESIAN_POINT('',(0.0658149135717044,0.013,-0.0349944102900603));
#4187=CARTESIAN_POINT('',(0.065791218735056,0.0149998199483348,-0.0349818115219327));
#4188=CARTESIAN_POINT('',(0.065791218735056,0.014998,-0.0349818115219327));
#4189=CARTESIAN_POINT('',(0.0706711253324285,0.125,-0.0375765038853827));
#4190=CARTESIAN_POINT('',(0.0728784943145758,0.125,-0.0387501827923474));
#4191=CARTESIAN_POINT('',(0.0728784943145758,0.014998,-0.0387501827923474));
#4192=CARTESIAN_POINT('',(-1.87350135405495E-16,0.014998,-3.72965547335013E-17));
#4193=CARTESIAN_POINT('',(-1.87350135405495E-16,0.125,-3.72965547335013E-17));
#4194=CARTESIAN_POINT('',(0.0814262629462737,0.125,-0.0135135229531122));
#4195=CARTESIAN_POINT('',(0.0814262629462737,0.014998,-0.0135135229531122));
#4196=CARTESIAN_POINT('',(0.0794532495480117,0.014998,-0.0131860811563322));
#4197=CARTESIAN_POINT('',(0.0794532495480117,0.125,-0.0131860811563322));
#4198=CARTESIAN_POINT('',(0.0797315957499318,0.125,-0.0112055450188491));
#4199=CARTESIAN_POINT('',(0.0797315957499318,0.014998,-0.0112055450188491));
#4200=CARTESIAN_POINT('',(0.0792610562220753,0.014998,-0.0111394150008436));
#4201=CARTESIAN_POINT('',(0.0743097158783675,0.025,-0.0104435494960433));
#4202=CARTESIAN_POINT('',(0.0767853860502214,0.025,-0.0107914822484435));
#4203=CARTESIAN_POINT('',(0.0737880069483667,0.025,-0.0103702280875493));
#4204=CARTESIAN_POINT('',(0.0737880069483667,0.015,-0.0103702280875493));
#4205=CARTESIAN_POINT('',(0.0737880069483667,0.0149998199483348,-0.0103702280875493));
#4206=CARTESIAN_POINT('',(0.0738145818439967,0.013,-0.0103739629455633));
#4207=CARTESIAN_POINT('',(0.0792610562220753,0.125,-0.0111394150008436));
#4208=CARTESIAN_POINT('',(0.0767853860502214,0.125,-0.0107914822484435));
#4209=CARTESIAN_POINT('',(0.0767853860502214,0.014998,-0.0107914822484435));
#4210=CARTESIAN_POINT('',(-1.61676227961039E-15,0.014998,1.34441069388203E-16));
#4211=CARTESIAN_POINT('',(0.0757740963383969,0.014998,-0.0164541157191554));
#4212=CARTESIAN_POINT('',(0.0757740963383969,0.125,-0.0164541157191554));
#4213=CARTESIAN_POINT('',(0.0757740963383969,0.025,-0.0164541157191554));
#4214=CARTESIAN_POINT('',(-1.61676227961039E-15,0.025,1.34441069388203E-16));
#4215=CARTESIAN_POINT('',(-1.61676227961039E-15,0.125,1.34441069388203E-16));
#4216=CARTESIAN_POINT('',(0.0747968704377211,0.014998,-0.0162419140720164));
#4217=CARTESIAN_POINT('',(0.0747968704377211,0.025,-0.0162419140720164));
#4218=CARTESIAN_POINT('',(0.0745719193833773,0.025,-0.0172162841368016));
#4219=CARTESIAN_POINT('',(0.0747968704377211,0.125,-0.0162419140720164));
#4220=CARTESIAN_POINT('',(0.0745719193833773,0.125,-0.0172162841368016));
#4221=CARTESIAN_POINT('',(0.0745719193833773,0.125,-0.0172162841368016));
#4222=CARTESIAN_POINT('',(0.0687735228472272,0.122,0.00844432680454268));
#4223=CARTESIAN_POINT('',(0.0687735228472272,0.125,0.00844432680454268));
#4224=CARTESIAN_POINT('',(0.0709998143481927,0.125,0.0087176810289306));
#4225=CARTESIAN_POINT('',(0.0665328909528688,0.125,0.00816921180124885));
#4226=CARTESIAN_POINT('',(0.0665328909528688,0.122,0.00816921180124885));
#4227=CARTESIAN_POINT('',(0.0665328909528688,0.122,0.00816921180124885));
#4228=CARTESIAN_POINT('',(0.0687735228472272,0.122,0.00844432680454268));
#4229=CARTESIAN_POINT('',(0.0709998143481927,0.122,0.0087176810289306));
#4230=CARTESIAN_POINT('',(0.0709998143481927,0.122,0.0087176810289306));
#4231=CARTESIAN_POINT('',(0.066654760296274,0.015,0.00717666564960753));
#4232=CARTESIAN_POINT('',(0.066654760296274,0.122,0.00717666564960753));
#4233=CARTESIAN_POINT('',(0.0656605067119024,0.122,0.00706961514767424));
#4234=CARTESIAN_POINT('',(0.066654760296274,0.125,0.00717666564960753));
#4235=CARTESIAN_POINT('',(0.0656605067119024,0.125,0.00706961514767424));
#4236=CARTESIAN_POINT('',(0.0656605067119024,0.015,0.00706961514767424));
#4237=CARTESIAN_POINT('',(0.,0.015,4.04378373078456E-18));
#4238=CARTESIAN_POINT('',(0.06604,0.125002,1.21313511923537E-17));
#4239=CARTESIAN_POINT('',(0.06604,0.125,1.21313511923537E-17));
#4240=CARTESIAN_POINT('',(0.06604,0.121,1.21313511923537E-17));
#4241=CARTESIAN_POINT('',(0.06604,0.121,0.));
#4242=CARTESIAN_POINT('',(0.06604,0.121264114606781,0.));
#4243=CARTESIAN_POINT('',(0.0660404892641913,0.121781675224706,0.000217347679270898));
#4244=CARTESIAN_POINT('',(0.0660364277080758,0.122,0.000735915775287805));
#4245=CARTESIAN_POINT('',(0.0660324283969627,0.122,0.001));
#4246=CARTESIAN_POINT('',(0.0660324283969627,0.122,0.001));
#4247=CARTESIAN_POINT('',(-5.96744875736022E-15,0.122,-3.31035816417821E-16));
#4248=CARTESIAN_POINT('',(0.,0.125,4.04378373078456E-18));
#4249=CARTESIAN_POINT('',(0.0688798905279092,0.1301,0.00421287458036545));
#4250=CARTESIAN_POINT('',(0.0688798905279092,0.122,0.00421287458036545));
#4251=CARTESIAN_POINT('',(0.0688798905279092,0.122,0.00268787458036544));
#4252=CARTESIAN_POINT('',(0.0688798905279092,0.125,0.00421287458036545));
#4253=CARTESIAN_POINT('',(0.0688798905279092,0.125,0.00268787458036544));
#4254=CARTESIAN_POINT('',(0.0577629922832365,0.1309,-0.0375117257945429));
#4255=CARTESIAN_POINT('',(0.0577629922832365,0.125,-0.0375117257945429));
#4256=CARTESIAN_POINT('',(0.0577629922832365,0.125,-0.0390367257945429));
#4257=CARTESIAN_POINT('',(0.,0.015,4.04378373078456E-18));
#4258=CARTESIAN_POINT('',(-0.0496206506725464,0.015,-0.0435783504372655));
#4259=CARTESIAN_POINT('',(-0.0487473307551963,0.015,-0.0445727594066135));
#4260=CARTESIAN_POINT('',(-0.0469639744049081,0.0155123524904119,-0.0464785619089271));
#4261=CARTESIAN_POINT('',(-0.0445390888745355,0.0177286215471313,-0.0487875840299635));
#4262=CARTESIAN_POINT('',(-0.0428565439044698,0.0210558540076272,-0.0502521268843647));
#4263=CARTESIAN_POINT('',(-0.042449693743699,0.0236764022639464,-0.0505895750235774));
#4264=CARTESIAN_POINT('',(-0.042449693743699,0.025,-0.0505895750235774));
#4265=CARTESIAN_POINT('',(-0.0496206506725464,0.015,-0.0435783504372655));
#4266=CARTESIAN_POINT('',(-0.0424496937436991,0.025,-0.0505895750235773));
#4267=CARTESIAN_POINT('',(0.,0.015,4.04378373078456E-18));
#4268=CARTESIAN_POINT('',(-0.042449693743699,0.015,-0.0505895750235774));
#4269=CARTESIAN_POINT('',(-0.042449693743699,0.125002,-0.0505895750235773));
#4270=CARTESIAN_POINT('',(0.,0.015,4.04378373078456E-18));
#4271=CARTESIAN_POINT('',(0.06604,0.125002,1.21313511923537E-17));
#4272=CARTESIAN_POINT('',(0.06604,0.025,1.21313511923537E-17));
#4273=CARTESIAN_POINT('',(0.06604,0.015,1.21313511923537E-17));
#4274=CARTESIAN_POINT('',(0.,0.015,4.04378373078456E-18));
#4275=CARTESIAN_POINT('',(0.0652784926296556,0.015,0.01));
#4276=CARTESIAN_POINT('',(0.0652784926296556,0.015,0.01));
#4277=CARTESIAN_POINT('',(0.0654788948726472,0.015,0.00869180436579072));
#4278=CARTESIAN_POINT('',(0.0657925049236057,0.0155123524904119,0.00610064790855477));
#4279=CARTESIAN_POINT('',(0.0660026321146328,0.0177286215471313,0.00275886701291887));
#4280=CARTESIAN_POINT('',(0.0660430179704578,0.0210558540076272,0.000528572787638139));
#4281=CARTESIAN_POINT('',(0.06604,0.0236764022639464,-1.19550762896902E-18));
#4282=CARTESIAN_POINT('',(0.06604,0.025,-1.19550762896902E-18));
#4283=CARTESIAN_POINT('',(0.06929,0.025,0.01));
#4284=CARTESIAN_POINT('',(0.,0.015,0.01));
#4285=CARTESIAN_POINT('',(0.06929,0.025,0.));
#4286=CARTESIAN_POINT('',(0.06929,0.125002,0.));
#4287=CARTESIAN_POINT('',(0.061595,0.015,1.21313511923537E-17));
#4288=CARTESIAN_POINT('',(0.0605256970220088,0.015,1.21313511923537E-17));
#4289=CARTESIAN_POINT('',(0.06604,0.121,0.));
#4290=CARTESIAN_POINT('',(0.061595,0.125,1.21313511923537E-17));
#4291=CARTESIAN_POINT('',(0.0605256970220088,0.125,1.21313511923537E-17));
#4292=CARTESIAN_POINT('',(0.0605256970220088,0.125002,0.));
#4293=CARTESIAN_POINT('',(0.06929,0.121,0.001));
#4294=CARTESIAN_POINT('',(0.07254,0.122,0.001));
#4295=CARTESIAN_POINT('',(0.,0.122,0.));
#4296=CARTESIAN_POINT('',(0.0711216836915978,0.122,0.00772513487728927));
#4297=CARTESIAN_POINT('',(0.0711216836915978,0.015,0.00772513487728927));
#4298=CARTESIAN_POINT('',(0.0711216836915978,0.125,0.00772513487728927));
#4299=CARTESIAN_POINT('',(0.0731167296614841,0.014998,-0.0168803271179636));
#4300=CARTESIAN_POINT('',(0.0731167296614841,0.025,-0.0168803271179636));
#4301=CARTESIAN_POINT('',(0.0731167296614841,0.125,-0.0168803271179636));
#4302=CARTESIAN_POINT('',(0.00445662477400584,0.025,0.));
#4303=CARTESIAN_POINT('',(0.0740663531502868,0.025,-0.00838969195006617));
#4304=CARTESIAN_POINT('',(0.0740663531502868,0.015,-0.00838969195006617));
#4305=CARTESIAN_POINT('',(0.0737880069483667,0.0149998199483348,-0.0103702280875493));
#4306=CARTESIAN_POINT('',(0.0734725198343276,0.014995544745289,-0.0103258892652044));
#4307=CARTESIAN_POINT('',(0.0728893347033658,0.0148284238917289,-0.0100837446473339));
#4308=CARTESIAN_POINT('',(0.0721593918698276,0.0141239688148244,-0.00928956478798907));
#4309=CARTESIAN_POINT('',(0.0720295671712951,0.0134457653095156,-0.00860153639228506));
#4310=CARTESIAN_POINT('',(0.072079061678586,0.013,-0.00816458618269117));
#4311=CARTESIAN_POINT('',(0.,0.013,4.44179394050745E-18));
#4312=CARTESIAN_POINT('',(0.065791218735056,0.0149998199483348,-0.0349818115219327));
#4313=CARTESIAN_POINT('',(0.0655099225924137,0.014995544745289,-0.0348322437097997));
#4314=CARTESIAN_POINT('',(0.0648957868752931,0.0148284238917279,-0.034685355201417));
#4315=CARTESIAN_POINT('',(0.0638384435090448,0.0141239688148294,-0.0348988105716522));
#4316=CARTESIAN_POINT('',(0.0633290001775028,0.0134457653094935,-0.0353791281931846));
#4317=CARTESIAN_POINT('',(0.0631122091858329,0.013,-0.0357617204799164));
#4318=CARTESIAN_POINT('',(0.0648522756094842,0.015,-0.0367477067076505));
#4319=CARTESIAN_POINT('',(0.0631122091858329,0.019072224622142,-0.0357617204799164));
#4320=CARTESIAN_POINT('',(0.0634421081063879,0.0199810602484618,-0.0351795155578701));
#4321=CARTESIAN_POINT('',(0.0644421921796851,0.021940944858619,-0.0346120465386898));
#4322=CARTESIAN_POINT('',(0.065389794839667,0.0239833908364139,-0.03476837065066));
#4323=CARTESIAN_POINT('',(0.065791218735056,0.025,-0.0349818115219327));
#4324=CARTESIAN_POINT('',(-0.00469471562785891,0.025,-0.00882947592858927));
#4325=CARTESIAN_POINT('',(0.0593543027581277,0.015,-0.0428849430930778));
#4326=CARTESIAN_POINT('',(0.0521991979063701,0.025,-0.0466513433668487));
#4327=CARTESIAN_POINT('',(0.00766044443118978,0.015,0.00642787609686539));
#4328=CARTESIAN_POINT('',(0.0445387534751802,0.025,-0.053079219463714));
#4329=CARTESIAN_POINT('',(0.0445387534751802,0.125002,-0.053079219463714));
#4330=CARTESIAN_POINT('',(0.0395925028186423,0.015,-0.0471845074739135));
#4331=CARTESIAN_POINT('',(0.0389051681133886,0.015,-0.0463653738696127));
#4332=CARTESIAN_POINT('',(0.042449693743699,0.121,-0.0505895750235774));
#4333=CARTESIAN_POINT('',(0.0395925028186423,0.125,-0.0471845074739135));
#4334=CARTESIAN_POINT('',(0.0389051681133886,0.125,-0.0463653738696127));
#4335=CARTESIAN_POINT('',(0.0389051681133886,0.125002,-0.0463653738696127));
#4336=CARTESIAN_POINT('',(0.0453047979182993,0.121,-0.0524364318540275));
#4337=CARTESIAN_POINT('',(0.0473938576497805,0.122,-0.0549260762941642));
#4338=CARTESIAN_POINT('',(0.,0.122,0.));
#4339=CARTESIAN_POINT('',(0.0516339337020963,0.122,-0.0495167495949353));
#4340=CARTESIAN_POINT('',(0.0516339337020963,0.015,-0.0495167495949353));
#4341=CARTESIAN_POINT('',(0.0516339337020963,0.125,-0.0495167495949353));
#4342=CARTESIAN_POINT('',(0.0340674471004556,0.014998,-0.0668611295750952));
#4343=CARTESIAN_POINT('',(0.0340674471004556,0.025,-0.0668611295750952));
#4344=CARTESIAN_POINT('',(0.0340674471004556,0.125,-0.0668611295750952));
#4345=CARTESIAN_POINT('',(0.00286466318575302,0.025,-0.00341397264319354));
#4346=CARTESIAN_POINT('',(0.0411820572018436,0.025,-0.0621309082874545));
#4347=CARTESIAN_POINT('',(0.0411820572018436,0.015,-0.0621309082874545));
#4348=CARTESIAN_POINT('',(0.0394859610095308,0.0149998199483348,-0.0631907468159209));
#4349=CARTESIAN_POINT('',(0.0393171353100824,0.014995544745289,-0.0629205692197042));
#4350=CARTESIAN_POINT('',(0.0391277646726977,0.0148284238917289,-0.0623181759307019));
#4351=CARTESIAN_POINT('',(0.0392669435316079,0.0141239688148243,-0.061248518305826));
#4352=CARTESIAN_POINT('',(0.0397105541531974,0.013445765309516,-0.0607068106890644));
#4353=CARTESIAN_POINT('',(0.0400770918892103,0.013,-0.0604638595005628));
#4354=CARTESIAN_POINT('',(3.40261156560528E-18,0.013,2.85513010973894E-18));
#4355=CARTESIAN_POINT('',(0.0154921579024589,0.0149998199483348,-0.072884872528703));
#4356=CARTESIAN_POINT('',(0.0154259198186697,0.014995544745289,-0.0725732468453141));
#4357=CARTESIAN_POINT('',(0.0151436841146433,0.0148284238917279,-0.0720083734786992));
#4358=CARTESIAN_POINT('',(0.0143005205994121,0.0141239688148294,-0.0713356079357242));
#4359=CARTESIAN_POINT('',(0.0136051120931522,0.0134457653094936,-0.0712540939183476));
#4360=CARTESIAN_POINT('',(0.0131726788345842,0.013,-0.0713339479653334));
#4361=CARTESIAN_POINT('',(0.0135358627009913,0.015,-0.0733006959103385));
#4362=CARTESIAN_POINT('',(0.0131726788345842,0.019072224622142,-0.0713339479653334));
#4363=CARTESIAN_POINT('',(0.013830728618456,0.0199810602484618,-0.0712124310900257));
#4364=CARTESIAN_POINT('',(0.0149082767582015,0.0219409448586192,-0.0716137778826165));
#4365=CARTESIAN_POINT('',(0.0153976327896437,0.0239833908364137,-0.0724401668368508));
#4366=CARTESIAN_POINT('',(0.0154921579024589,0.025,-0.072884872528703));
#4367=CARTESIAN_POINT('',(-0.00978147600733806,0.025,-0.00207911690817758));
#4368=CARTESIAN_POINT('',(0.00530043804458214,0.015,-0.0730339438654079));
#4369=CARTESIAN_POINT('',(0.00978147600733806,0.025,-0.00207911690817758));
#4370=CARTESIAN_POINT('',(-0.00530043804458214,0.015,-0.0730339438654079));
#4371=CARTESIAN_POINT('',(-0.0131726788345842,0.019072224622142,-0.0713339479653334));
#4372=CARTESIAN_POINT('',(-0.013830728618456,0.0199810602484618,-0.0712124310900257));
#4373=CARTESIAN_POINT('',(-0.0149082767582015,0.0219409448586192,-0.0716137778826165));
#4374=CARTESIAN_POINT('',(-0.0153976327896437,0.0239833908364137,-0.0724401668368508));
#4375=CARTESIAN_POINT('',(-0.0154921579024589,0.025,-0.072884872528703));
#4376=CARTESIAN_POINT('',(-0.0135358627009913,0.015,-0.0733006959103385));
#4377=CARTESIAN_POINT('',(-0.0154921579024589,0.0149998199483348,-0.072884872528703));
#4378=CARTESIAN_POINT('',(-0.0154259198186697,0.014995544745289,-0.0725732468453141));
#4379=CARTESIAN_POINT('',(-0.0151436841146433,0.0148284238917279,-0.0720083734786992));
#4380=CARTESIAN_POINT('',(-0.0143005205994121,0.0141239688148294,-0.0713356079357242));
#4381=CARTESIAN_POINT('',(-0.0136051120931522,0.0134457653094936,-0.0712540939183476));
#4382=CARTESIAN_POINT('',(-0.0131726788345842,0.013,-0.0713339479653334));
#4383=CARTESIAN_POINT('',(-3.40261156560528E-18,0.013,2.85513010973894E-18));
#4384=CARTESIAN_POINT('',(-0.0394859610095308,0.0149998199483348,-0.0631907468159209));
#4385=CARTESIAN_POINT('',(-0.0393171353100824,0.014995544745289,-0.0629205692197042));
#4386=CARTESIAN_POINT('',(-0.0391277646726977,0.0148284238917289,-0.0623181759307019));
#4387=CARTESIAN_POINT('',(-0.0392669435316079,0.0141239688148243,-0.061248518305826));
#4388=CARTESIAN_POINT('',(-0.0397105541531974,0.013445765309516,-0.0607068106890644));
#4389=CARTESIAN_POINT('',(-0.0400770918892103,0.013,-0.0604638595005628));
#4390=CARTESIAN_POINT('',(-0.0411820572018436,0.015,-0.0621309082874545));
#4391=CARTESIAN_POINT('',(-0.0411820572018436,0.025,-0.0621309082874545));
#4392=CARTESIAN_POINT('',(-0.00286466318575302,0.025,-0.00341397264319354));
#4393=CARTESIAN_POINT('',(-0.0340674471004556,0.025,-0.0668611295750952));
#4394=CARTESIAN_POINT('',(-0.0340674471004556,0.014998,-0.0668611295750952));
#4395=CARTESIAN_POINT('',(-0.0340674471004556,0.125,-0.0668611295750952));
#4396=CARTESIAN_POINT('',(-0.0516339337020963,0.015,-0.0495167495949353));
#4397=CARTESIAN_POINT('',(-0.0516339337020963,0.122,-0.0495167495949353));
#4398=CARTESIAN_POINT('',(-0.0516339337020963,0.125,-0.0495167495949353));
#4399=CARTESIAN_POINT('',(0.,0.122,0.));
#4400=CARTESIAN_POINT('',(-0.0473938576497805,0.122,-0.0549260762941642));
#4401=CARTESIAN_POINT('',(-0.0453047979182993,0.121,-0.0524364318540275));
#4402=CARTESIAN_POINT('',(-0.042449693743699,0.121,-0.0505895750235774));
#4403=CARTESIAN_POINT('',(-0.0445387534751802,0.125002,-0.053079219463714));
#4404=CARTESIAN_POINT('',(-0.0395925028186423,0.125,-0.0471845074739135));
#4405=CARTESIAN_POINT('',(-0.0389051681133886,0.125,-0.0463653738696127));
#4406=CARTESIAN_POINT('',(-0.0445387534751802,0.025,-0.053079219463714));
#4407=CARTESIAN_POINT('',(-0.0395925028186423,0.015,-0.0471845074739135));
#4408=CARTESIAN_POINT('',(-0.0389051681133886,0.015,-0.0463653738696127));
#4409=CARTESIAN_POINT('',(-0.0389051681133886,0.125002,-0.0463653738696127));
#4410=CARTESIAN_POINT('',(-0.0521991979063701,0.025,-0.0466513433668487));
#4411=CARTESIAN_POINT('',(-0.00766044443118978,0.015,0.00642787609686539));
#4412=CARTESIAN_POINT('',(-0.0366070347840317,0.015002,-0.0482937366986723));
#4413=CARTESIAN_POINT('',(-0.0366070347840317,0.125,-0.0482937366986723));
#4414=CARTESIAN_POINT('',(-0.0347948053392777,0.125,-0.0459029576541836));
#4415=CARTESIAN_POINT('',(-0.0366070347840317,0.015,-0.0482937366986723));
#4416=CARTESIAN_POINT('',(-0.0347948053392777,0.015,-0.0459029576541836));
#4417=CARTESIAN_POINT('',(-0.0347948053392777,0.015002,-0.0459029576541836));
#4418=CARTESIAN_POINT('',(0.,0.125,0.));
#4419=CARTESIAN_POINT('',(0.,0.125,6.80903620325928E-18));
#4420=CARTESIAN_POINT('',(-0.0147502030650018,0.125,-0.0556793634081893));
#4421=CARTESIAN_POINT('',(-0.0155184428079707,0.125,-0.0585793302523658));
#4422=CARTESIAN_POINT('',(-0.0155184428079707,0.015002,-0.0585793302523658));
#4423=CARTESIAN_POINT('',(-0.0147502030650018,0.015002,-0.0556793634081893));
#4424=CARTESIAN_POINT('',(-0.0147502030650018,0.015,-0.0556793634081893));
#4425=CARTESIAN_POINT('',(-0.0155184428079707,0.015,-0.0585793302523658));
#4426=CARTESIAN_POINT('',(0.,0.015,0.));
#4427=CARTESIAN_POINT('',(0.,0.015,6.80903620325928E-18));
#4428=CARTESIAN_POINT('',(0.0147502030650018,0.015,-0.0556793634081893));
#4429=CARTESIAN_POINT('',(0.0155184428079707,0.015,-0.0585793302523658));
#4430=CARTESIAN_POINT('',(0.0155184428079707,0.015002,-0.0585793302523658));
#4431=CARTESIAN_POINT('',(0.0155184428079707,0.125,-0.0585793302523658));
#4432=CARTESIAN_POINT('',(0.0147502030650018,0.125,-0.0556793634081893));
#4433=CARTESIAN_POINT('',(0.0147502030650018,0.015002,-0.0556793634081893));
#4434=CARTESIAN_POINT('',(0.,0.125,0.));
#4435=CARTESIAN_POINT('',(0.,0.125,6.80903620325928E-18));
#4436=CARTESIAN_POINT('',(0.0347948053392777,0.125,-0.0459029576541836));
#4437=CARTESIAN_POINT('',(0.0366070347840317,0.125,-0.0482937366986723));
#4438=CARTESIAN_POINT('',(0.0366070347840317,0.015002,-0.0482937366986723));
#4439=CARTESIAN_POINT('',(0.0347948053392777,0.015002,-0.0459029576541836));
#4440=CARTESIAN_POINT('',(0.0347948053392777,0.015,-0.0459029576541836));
#4441=CARTESIAN_POINT('',(0.0366070347840317,0.015,-0.0482937366986723));
#4442=CARTESIAN_POINT('',(0.,0.015,0.));
#4443=CARTESIAN_POINT('',(0.,0.015,6.80903620325928E-18));
#4444=CARTESIAN_POINT('',(0.0521341147057892,0.015,-0.024490693821197));
#4445=CARTESIAN_POINT('',(0.054849433180049,0.015,-0.025766250791051));
#4446=CARTESIAN_POINT('',(0.054849433180049,0.015002,-0.025766250791051));
#4447=CARTESIAN_POINT('',(0.054849433180049,0.125,-0.025766250791051));
#4448=CARTESIAN_POINT('',(0.0521341147057892,0.125,-0.024490693821197));
#4449=CARTESIAN_POINT('',(0.0521341147057892,0.015002,-0.024490693821197));
#4450=CARTESIAN_POINT('',(0.,0.125,0.));
#4451=CARTESIAN_POINT('',(0.,0.125,6.80903620325928E-18));
#4452=CARTESIAN_POINT('',(0.0575293753872559,0.125,-0.00285148514851485));
#4453=CARTESIAN_POINT('',(0.0605256970220088,0.125,-0.003));
#4454=CARTESIAN_POINT('',(0.0605256970220088,0.015002,-0.003));
#4455=CARTESIAN_POINT('',(0.0575293753872559,0.015002,-0.00285148514851485));
#4456=CARTESIAN_POINT('',(0.0575293753872559,0.015,-0.00285148514851485));
#4457=CARTESIAN_POINT('',(0.0605256970220088,0.015,-0.003));
#4458=CARTESIAN_POINT('',(0.,0.015002,6.80903620325928E-18));
#4459=CARTESIAN_POINT('',(0.,0.,6.80903620325928E-18));
#4460=CARTESIAN_POINT('',(0.0441241599236532,0.,0.0370245663179447));
#4461=CARTESIAN_POINT('',(-0.0441241599236532,0.,-0.0370245663179447));
#4462=CARTESIAN_POINT('',(0.0441241599236532,0.015002,0.0370245663179447));
#4463=CARTESIAN_POINT('',(0.0441241599236532,0.015,0.0370245663179447));
#4464=CARTESIAN_POINT('',(0.,0.015,6.80903620325928E-18));
#4465=CARTESIAN_POINT('',(0.,0.015,6.80903620325928E-18));
#4466=CARTESIAN_POINT('',(-0.0441241599236532,0.015,-0.0370245663179447));
#4467=CARTESIAN_POINT('',(-0.0441241599236532,0.015002,-0.0370245663179447));
#4468=CARTESIAN_POINT('',(0.,0.,0.));
#4469=CARTESIAN_POINT('',(0.,0.,0.));
#4470=CARTESIAN_POINT('',(0.0632293083350405,0.,0.053055689303527));
#4471=CARTESIAN_POINT('',(0.,0.,0.));
#4472=CARTESIAN_POINT('',(-0.0632293083350405,8.67361737988404E-19,-0.053055689303527));
#4473=CARTESIAN_POINT('',(-0.0606581578962943,8.67361737988404E-19,-0.0561198670760029));
#4474=CARTESIAN_POINT('',(-0.0606581578962943,8.67361737988404E-19,-0.0561198670760029));
#4475=CARTESIAN_POINT('',(-0.0472753614750058,0.,-0.0448903675347791));
#4476=CARTESIAN_POINT('',(0.0619702365581917,0.,0.0467775734826184));
#4477=CARTESIAN_POINT('',(0.0658004587737866,0.,0.0499915115310511));
#4478=CARTESIAN_POINT('',(0.0658004587737866,0.,0.0499915115310511));
#4479=CARTESIAN_POINT('',(0.,0.015,0.));
#4480=CARTESIAN_POINT('',(0.0619702365581918,0.015,0.0467775734826184));
#4481=CARTESIAN_POINT('',(0.0658004587737866,0.015,0.0499915115310511));
#4482=CARTESIAN_POINT('',(0.,0.015,0.));
#4483=CARTESIAN_POINT('',(0.0632293083350405,0.015,0.053055689303527));
#4484=CARTESIAN_POINT('',(0.0658004587737866,0.015,0.0499915115310511));
#4485=CARTESIAN_POINT('',(0.,0.015,0.));
#4486=CARTESIAN_POINT('',(0.,0.015,0.));
#4487=CARTESIAN_POINT('',(-0.0632293083350405,0.015,-0.053055689303527));
#4488=CARTESIAN_POINT('',(-0.0472753614750058,0.015,-0.0448903675347791));
#4489=CARTESIAN_POINT('',(-0.0606581578962943,0.015,-0.0561198670760029));
#4490=CARTESIAN_POINT('',(-0.0606581578962943,0.015,-0.0561198670760029));
#4491=CARTESIAN_POINT('',(0.,-0.0325325626825815,0.));
#4492=CARTESIAN_POINT('',(-0.0632293083350405,0.0075,-0.053055689303527));
#4493=CARTESIAN_POINT('',(-0.0593990861194456,0.0075,-0.0498417512550943));
#4494=CARTESIAN_POINT('',(-0.06058645500628,0.0075,-0.0508380720501084));
#4495=CARTESIAN_POINT('',(0.,-0.0325325626825815,0.));
#4496=CARTESIAN_POINT('',(0.0632293083350405,0.0075,0.053055689303527));
#4497=CARTESIAN_POINT('',(0.0593990861194456,0.0075,0.0498417512550943));
#4498=CARTESIAN_POINT('',(0.0582117172326112,0.0075,0.0488454304600802));
#4499=CARTESIAN_POINT('',(0.00257115043874616,0.125,-0.00306417777247591));
#4500=CARTESIAN_POINT('',(-0.0568279356806994,0.0075,-0.0529059290275702));
#4501=CARTESIAN_POINT('',(-0.0580153045675338,0.0075,-0.0539022498225843));
#4502=CARTESIAN_POINT('',(-0.0606581578962943,0.0075,-0.0561198670760029));
#4503=CARTESIAN_POINT('',(-0.0606581578962943,0.0075,-0.0561198670760029));
#4504=CARTESIAN_POINT('',(-0.0568279356806994,0.0075,-0.0529059290275702));
#4505=CARTESIAN_POINT('',(0.00257115043874616,0.125,-0.00306417777247591));
#4506=CARTESIAN_POINT('',(0.0619702365581917,0.0075,0.0467775734826184));
#4507=CARTESIAN_POINT('',(0.0607828676713573,0.0075,0.0457812526876043));
#4508=CARTESIAN_POINT('',(0.0658004587737866,0.0075,0.0499915115310511));
#4509=CARTESIAN_POINT('',(0.0658004587737866,0.0075,0.0499915115310511));
#4510=CARTESIAN_POINT('',(0.0619702365581917,0.0075,0.0467775734826184));
#4511=MECHANICAL_DESIGN_GEOMETRIC_PRESENTATION_REPRESENTATION('',(#2544),
#4512);
#4512=(
GEOMETRIC_REPRESENTATION_CONTEXT(3)
GLOBAL_UNCERTAINTY_ASSIGNED_CONTEXT((#4513))
GLOBAL_UNIT_ASSIGNED_CONTEXT((#4516,#4515,#4514))
REPRESENTATION_CONTEXT('hullcover3','TOP_LEVEL_ASSEMBLY_PART')
);
#4513=UNCERTAINTY_MEASURE_WITH_UNIT(LENGTH_MEASURE(2.E-5),#4516,
'DISTANCE_ACCURACY_VALUE','Maximum Tolerance applied to model');
#4514=(
NAMED_UNIT(*)
SI_UNIT($,.STERADIAN.)
SOLID_ANGLE_UNIT()
);
#4515=(
NAMED_UNIT(*)
PLANE_ANGLE_UNIT()
SI_UNIT($,.RADIAN.)
);
#4516=(
LENGTH_UNIT()
NAMED_UNIT(*)
SI_UNIT($,.METRE.)
);
#4517=PRODUCT_DEFINITION_SHAPE('','',#4518);
#4518=PRODUCT_DEFINITION('','',#4520,#4519);
#4519=PRODUCT_DEFINITION_CONTEXT('',#4526,'design');
#4520=PRODUCT_DEFINITION_FORMATION_WITH_SPECIFIED_SOURCE('','',#4522,
 .NOT_KNOWN.);
#4521=PRODUCT_RELATED_PRODUCT_CATEGORY('','',(#4522));
#4522=PRODUCT('hullcover3','hullcover3','hullcover3',(#4524));
#4523=PRODUCT_CATEGORY('','');
#4524=PRODUCT_CONTEXT('',#4526,'mechanical');
#4525=APPLICATION_PROTOCOL_DEFINITION('international standard',
'ap242_managed_model_based_3d_engineering',2020,#4526);
#4526=APPLICATION_CONTEXT('managed model based 3d engineering');
ENDSEC;
END-ISO-10303-21;
