ISO-10303-21;
HEADER;
/* Generated by software containing ST-Developer
 * from STEP Tools, Inc. (www.steptools.com) 
 */
/* OPTION: using custom renumber hook */

FILE_DESCRIPTION(
/* description */ ('STEP AP242 Edition 2',
'CAx-IF Rec.Pracs.---Representation and Presentation of Product Manufa
cturing Information (PMI)---4.0---2014-10-13',
'CAx-IF Rec.Pracs.---3D Tessellated Geometry---0.4---2014-09-14','2;1',
'CAx-IF Rec.Pracs.---User Defined Attributes---1.5---2016-08-15'),
/* implementation_level */ '2;1');

FILE_NAME(
/* name */ 'landedConcept v4 parts - hullcover2',
/* time_stamp */ '2026-01-03T01:02:40Z',
/* author */ (''),
/* organization */ (''),
/* preprocessor_version */ 'ST-DEVELOPER v20',
/* originating_system */ 'ONSHAPE BY PTC INC, 1.208',
/* authorisation */ '  ');

FILE_SCHEMA (('AP242_MANAGED_MODEL_BASED_3D_ENGINEERING_MIM_LF { 1 0 10303 442 3 1 4 }'));
ENDSEC;

DATA;
#10=SHAPE_REPRESENTATION_RELATIONSHIP('','',#1674,#11);
#11=ADVANCED_BREP_SHAPE_REPRESENTATION('',(#1672),#2938);
#12=TOROIDAL_SURFACE('',#1795,0.07454,0.002);
#13=TOROIDAL_SURFACE('',#1841,0.07754,0.005);
#14=PLANE('',#1692);
#15=PLANE('',#1696);
#16=PLANE('',#1699);
#17=PLANE('',#1705);
#18=PLANE('',#1723);
#19=PLANE('',#1724);
#20=PLANE('',#1731);
#21=PLANE('',#1732);
#22=PLANE('',#1733);
#23=PLANE('',#1742);
#24=PLANE('',#1755);
#25=PLANE('',#1757);
#26=PLANE('',#1761);
#27=PLANE('',#1764);
#28=PLANE('',#1767);
#29=PLANE('',#1770);
#30=PLANE('',#1771);
#31=PLANE('',#1772);
#32=PLANE('',#1776);
#33=PLANE('',#1777);
#34=PLANE('',#1782);
#35=PLANE('',#1784);
#36=PLANE('',#1797);
#37=PLANE('',#1808);
#38=PLANE('',#1811);
#39=PLANE('',#1817);
#40=PLANE('',#1820);
#41=PLANE('',#1826);
#42=PLANE('',#1830);
#43=PLANE('',#1833);
#44=PLANE('',#1835);
#45=PLANE('',#1838);
#46=PLANE('',#1848);
#47=PLANE('',#1850);
#48=PLANE('',#1852);
#49=PLANE('',#1854);
#50=PLANE('',#1856);
#51=PLANE('',#1858);
#52=B_SPLINE_CURVE_WITH_KNOTS('',3,(#2370,#2371,#2372,#2373,#2374,#2375),
 .UNSPECIFIED.,.F.,.F.,(4,1,1,4),(0.,0.00233796896975996,0.00467593793951991,
0.00935187587903983),.UNSPECIFIED.);
#53=B_SPLINE_CURVE_WITH_KNOTS('',3,(#2393,#2394,#2395,#2396,#2397),
 .UNSPECIFIED.,.F.,.F.,(4,1,4),(0.,0.000781094800366558,0.00156218960073312),
 .UNSPECIFIED.);
#54=B_SPLINE_CURVE_WITH_KNOTS('',3,(#2401,#2402,#2403,#2404,#2405,#2406,
#2407),.UNSPECIFIED.,.F.,.F.,(4,1,1,1,4),(3.75456263391022E-19,0.00391295052535551,
0.00782590105071103,0.0117388515760665,0.0156518021014221),
 .UNSPECIFIED.);
#55=B_SPLINE_CURVE_WITH_KNOTS('',3,(#2413,#2414,#2415,#2416,#2417),
 .UNSPECIFIED.,.F.,.F.,(4,1,4),(0.,0.0015622790596803,0.0031245581193606),
 .UNSPECIFIED.);
#56=B_SPLINE_CURVE_WITH_KNOTS('',3,(#2445,#2446,#2447,#2448,#2449),
 .UNSPECIFIED.,.F.,.F.,(4,1,4),(0.,0.0015622790596803,0.0031245581193606),
 .UNSPECIFIED.);
#57=B_SPLINE_CURVE_WITH_KNOTS('',3,(#2529,#2530,#2531,#2532,#2533),
 .UNSPECIFIED.,.F.,.F.,(4,1,4),(3.41928052873994E-19,0.000781097709015553,
0.00156219541803111),.UNSPECIFIED.);
#58=B_SPLINE_CURVE_WITH_KNOTS('',3,(#2539,#2540,#2541,#2542,#2543,#2544,
#2545),.UNSPECIFIED.,.F.,.F.,(4,1,1,1,4),(0.,0.00391464365414297,0.00782928730828593,
0.0117439309624289,0.0156585746165719),.UNSPECIFIED.);
#59=B_SPLINE_CURVE_WITH_KNOTS('',3,(#2558,#2559,#2560,#2561,#2562),
 .UNSPECIFIED.,.F.,.F.,(4,1,4),(0.,0.000781097929300049,0.0015621958586001),
 .UNSPECIFIED.);
#60=B_SPLINE_CURVE_WITH_KNOTS('',3,(#2569,#2570,#2571,#2572,#2573),
 .UNSPECIFIED.,.F.,.F.,(4,1,4),(0.,0.00156230556946233,0.00312461113892466),
 .UNSPECIFIED.);
#61=B_SPLINE_CURVE_WITH_KNOTS('',3,(#2581,#2582,#2583,#2584,#2585,#2586,
#2587),.UNSPECIFIED.,.F.,.F.,(4,1,1,1,4),(0.,0.00391452815499664,0.00782905630999327,
0.0117435844649899,0.0156581126199865),.UNSPECIFIED.);
#62=B_SPLINE_CURVE_WITH_KNOTS('',3,(#2598,#2599,#2600,#2601,#2602),
 .UNSPECIFIED.,.F.,.F.,(4,1,4),(0.,0.00156230556946233,0.00312461113892466),
 .UNSPECIFIED.);
#63=B_SPLINE_CURVE_WITH_KNOTS('',3,(#2666,#2667,#2668,#2669,#2670),
 .UNSPECIFIED.,.F.,.F.,(4,1,4),(0.,0.000781094617806228,0.00156218923561246),
 .UNSPECIFIED.);
#64=B_SPLINE_CURVE_WITH_KNOTS('',3,(#2780,#2781,#2782,#2783,#2784),
 .UNSPECIFIED.,.F.,.F.,(4,1,4),(0.,0.00334091653832238,0.00668183307664476),
 .UNSPECIFIED.);
#65=B_SPLINE_CURVE_WITH_KNOTS('',3,(#2794,#2795,#2796,#2797,#2798,#2799),
 .UNSPECIFIED.,.F.,.F.,(4,1,1,4),(0.,0.000939246085426918,0.00187849217085384,
0.00375698434170767),.UNSPECIFIED.);
#66=B_SPLINE_CURVE_WITH_KNOTS('',3,(#2801,#2802,#2803,#2804,#2805,#2806),
 .UNSPECIFIED.,.F.,.F.,(4,1,1,4),(0.,0.000939246085426924,0.00187849217085385,
0.00375698434170769),.UNSPECIFIED.);
#67=B_SPLINE_CURVE_WITH_KNOTS('',3,(#2896,#2897,#2898,#2899,#2900,#2901,
#2902),.UNSPECIFIED.,.F.,.F.,(4,1,1,1,4),(0.,0.00230602593919147,0.00461205187838295,
0.00691807781757442,0.00922410375676589),.UNSPECIFIED.);
#68=B_SPLINE_CURVE_WITH_KNOTS('',3,(#2904,#2905,#2906,#2907,#2908,#2909,
#2910),.UNSPECIFIED.,.F.,.F.,(4,1,1,1,4),(0.,0.00230602593919146,0.00461205187838293,
0.00691807781757439,0.00922410375676585),.UNSPECIFIED.);
#69=CIRCLE('',#1677,0.07254);
#70=CIRCLE('',#1678,0.07254);
#71=CIRCLE('',#1679,0.07254);
#72=CIRCLE('',#1680,0.07254);
#73=CIRCLE('',#1681,0.07254);
#74=CIRCLE('',#1682,0.0725400000000014);
#75=CIRCLE('',#1683,0.07254);
#76=CIRCLE('',#1684,0.07254);
#77=CIRCLE('',#1685,0.07254);
#78=CIRCLE('',#1686,0.07254);
#79=CIRCLE('',#1687,0.07254);
#80=CIRCLE('',#1688,0.07254);
#81=CIRCLE('',#1689,0.07254);
#82=CIRCLE('',#1690,0.07254);
#83=CIRCLE('',#1691,0.07254);
#84=CIRCLE('',#1693,0.0576);
#85=CIRCLE('',#1694,0.003);
#86=CIRCLE('',#1695,0.06604);
#87=CIRCLE('',#1697,0.003);
#88=CIRCLE('',#1698,0.0576);
#89=CIRCLE('',#1700,0.0576);
#90=CIRCLE('',#1702,0.0576);
#91=CIRCLE('',#1703,0.0576);
#92=CIRCLE('',#1704,0.0576);
#93=CIRCLE('',#1706,0.06604);
#94=CIRCLE('',#1707,0.003);
#95=CIRCLE('',#1708,0.003);
#96=CIRCLE('',#1710,0.06604);
#97=CIRCLE('',#1711,0.066040000000006);
#98=CIRCLE('',#1714,0.06604);
#99=CIRCLE('',#1715,0.06604);
#100=CIRCLE('',#1717,0.06604);
#101=CIRCLE('',#1718,0.066039999999999);
#102=CIRCLE('',#1721,0.06604);
#103=CIRCLE('',#1722,0.066039999999999);
#104=CIRCLE('',#1726,0.0799999999999987);
#105=CIRCLE('',#1727,0.0799999999999987);
#106=CIRCLE('',#1729,0.0799999999999991);
#107=CIRCLE('',#1730,0.0799999999999991);
#108=CIRCLE('',#1734,0.002);
#109=CIRCLE('',#1736,0.0725399999999973);
#110=CIRCLE('',#1737,0.07254);
#111=CIRCLE('',#1738,0.07254);
#112=CIRCLE('',#1740,0.001);
#113=CIRCLE('',#1741,0.001);
#114=CIRCLE('',#1743,0.001525);
#115=CIRCLE('',#1744,0.001525);
#116=CIRCLE('',#1745,0.003);
#117=CIRCLE('',#1746,0.001);
#118=CIRCLE('',#1747,0.001);
#119=CIRCLE('',#1748,0.0775400000000016);
#120=CIRCLE('',#1749,0.002);
#121=CIRCLE('',#1750,0.08254);
#122=CIRCLE('',#1751,0.07754);
#123=CIRCLE('',#1752,0.001);
#124=CIRCLE('',#1753,0.001);
#125=CIRCLE('',#1754,0.003);
#126=CIRCLE('',#1758,0.07454);
#127=CIRCLE('',#1759,0.08254);
#128=CIRCLE('',#1760,0.002);
#129=CIRCLE('',#1763,0.0775400000000016);
#130=CIRCLE('',#1765,0.002);
#131=CIRCLE('',#1769,0.07754);
#132=CIRCLE('',#1773,0.001525);
#133=CIRCLE('',#1774,0.001);
#134=CIRCLE('',#1775,0.001);
#135=CIRCLE('',#1778,0.001525);
#136=CIRCLE('',#1779,0.001);
#137=CIRCLE('',#1780,0.001);
#138=CIRCLE('',#1783,0.002);
#139=CIRCLE('',#1798,0.003);
#140=CIRCLE('',#1799,0.003);
#141=CIRCLE('',#1800,0.001);
#142=CIRCLE('',#1801,0.001);
#143=CIRCLE('',#1802,0.085);
#144=CIRCLE('',#1803,0.005);
#145=CIRCLE('',#1804,0.001);
#146=CIRCLE('',#1805,0.001);
#147=CIRCLE('',#1806,0.001525);
#148=CIRCLE('',#1807,0.001525);
#149=CIRCLE('',#1810,0.001525);
#150=CIRCLE('',#1812,0.001);
#151=CIRCLE('',#1813,0.001);
#152=CIRCLE('',#1819,0.001525);
#153=CIRCLE('',#1821,0.001);
#154=CIRCLE('',#1822,0.001);
#155=CIRCLE('',#1827,0.005);
#156=CIRCLE('',#1828,0.085);
#157=CIRCLE('',#1829,0.07754);
#158=CIRCLE('',#1831,0.005);
#159=CIRCLE('',#1834,0.005);
#160=CIRCLE('',#1836,0.005);
#161=CIRCLE('',#1837,0.005);
#162=CIRCLE('',#1839,0.005);
#163=CIRCLE('',#1849,0.00155);
#164=CIRCLE('',#1851,0.00155);
#165=CIRCLE('',#1853,0.00155);
#166=CIRCLE('',#1857,0.00155);
#167=ORIENTED_EDGE('',*,*,#655,.F.);
#168=ORIENTED_EDGE('',*,*,#656,.F.);
#169=ORIENTED_EDGE('',*,*,#657,.F.);
#170=ORIENTED_EDGE('',*,*,#658,.T.);
#171=ORIENTED_EDGE('',*,*,#659,.T.);
#172=ORIENTED_EDGE('',*,*,#660,.T.);
#173=ORIENTED_EDGE('',*,*,#661,.T.);
#174=ORIENTED_EDGE('',*,*,#662,.T.);
#175=ORIENTED_EDGE('',*,*,#663,.F.);
#176=ORIENTED_EDGE('',*,*,#664,.T.);
#177=ORIENTED_EDGE('',*,*,#665,.T.);
#178=ORIENTED_EDGE('',*,*,#666,.T.);
#179=ORIENTED_EDGE('',*,*,#667,.F.);
#180=ORIENTED_EDGE('',*,*,#668,.T.);
#181=ORIENTED_EDGE('',*,*,#669,.T.);
#182=ORIENTED_EDGE('',*,*,#670,.T.);
#183=ORIENTED_EDGE('',*,*,#671,.T.);
#184=ORIENTED_EDGE('',*,*,#672,.F.);
#185=ORIENTED_EDGE('',*,*,#673,.T.);
#186=ORIENTED_EDGE('',*,*,#674,.F.);
#187=ORIENTED_EDGE('',*,*,#675,.T.);
#188=ORIENTED_EDGE('',*,*,#676,.T.);
#189=ORIENTED_EDGE('',*,*,#677,.F.);
#190=ORIENTED_EDGE('',*,*,#678,.T.);
#191=ORIENTED_EDGE('',*,*,#679,.T.);
#192=ORIENTED_EDGE('',*,*,#680,.T.);
#193=ORIENTED_EDGE('',*,*,#681,.T.);
#194=ORIENTED_EDGE('',*,*,#682,.T.);
#195=ORIENTED_EDGE('',*,*,#683,.T.);
#196=ORIENTED_EDGE('',*,*,#684,.T.);
#197=ORIENTED_EDGE('',*,*,#685,.F.);
#198=ORIENTED_EDGE('',*,*,#686,.T.);
#199=ORIENTED_EDGE('',*,*,#687,.F.);
#200=ORIENTED_EDGE('',*,*,#688,.T.);
#201=ORIENTED_EDGE('',*,*,#689,.T.);
#202=ORIENTED_EDGE('',*,*,#690,.T.);
#203=ORIENTED_EDGE('',*,*,#691,.T.);
#204=ORIENTED_EDGE('',*,*,#692,.T.);
#205=ORIENTED_EDGE('',*,*,#693,.F.);
#206=ORIENTED_EDGE('',*,*,#694,.F.);
#207=ORIENTED_EDGE('',*,*,#695,.T.);
#208=ORIENTED_EDGE('',*,*,#658,.F.);
#209=ORIENTED_EDGE('',*,*,#696,.F.);
#210=ORIENTED_EDGE('',*,*,#697,.T.);
#211=ORIENTED_EDGE('',*,*,#698,.F.);
#212=ORIENTED_EDGE('',*,*,#689,.F.);
#213=ORIENTED_EDGE('',*,*,#699,.T.);
#214=ORIENTED_EDGE('',*,*,#700,.T.);
#215=ORIENTED_EDGE('',*,*,#701,.T.);
#216=ORIENTED_EDGE('',*,*,#702,.T.);
#217=ORIENTED_EDGE('',*,*,#703,.F.);
#218=ORIENTED_EDGE('',*,*,#704,.F.);
#219=ORIENTED_EDGE('',*,*,#705,.F.);
#220=ORIENTED_EDGE('',*,*,#706,.F.);
#221=ORIENTED_EDGE('',*,*,#707,.F.);
#222=ORIENTED_EDGE('',*,*,#708,.F.);
#223=ORIENTED_EDGE('',*,*,#656,.T.);
#224=ORIENTED_EDGE('',*,*,#709,.T.);
#225=ORIENTED_EDGE('',*,*,#710,.T.);
#226=ORIENTED_EDGE('',*,*,#711,.F.);
#227=ORIENTED_EDGE('',*,*,#705,.T.);
#228=ORIENTED_EDGE('',*,*,#712,.F.);
#229=ORIENTED_EDGE('',*,*,#701,.F.);
#230=ORIENTED_EDGE('',*,*,#713,.T.);
#231=ORIENTED_EDGE('',*,*,#714,.F.);
#232=ORIENTED_EDGE('',*,*,#715,.T.);
#233=ORIENTED_EDGE('',*,*,#716,.F.);
#234=ORIENTED_EDGE('',*,*,#717,.T.);
#235=ORIENTED_EDGE('',*,*,#718,.T.);
#236=ORIENTED_EDGE('',*,*,#719,.T.);
#237=ORIENTED_EDGE('',*,*,#691,.F.);
#238=ORIENTED_EDGE('',*,*,#720,.F.);
#239=ORIENTED_EDGE('',*,*,#721,.T.);
#240=ORIENTED_EDGE('',*,*,#722,.T.);
#241=ORIENTED_EDGE('',*,*,#716,.T.);
#242=ORIENTED_EDGE('',*,*,#723,.T.);
#243=ORIENTED_EDGE('',*,*,#724,.F.);
#244=ORIENTED_EDGE('',*,*,#671,.F.);
#245=ORIENTED_EDGE('',*,*,#725,.T.);
#246=ORIENTED_EDGE('',*,*,#726,.F.);
#247=ORIENTED_EDGE('',*,*,#727,.T.);
#248=ORIENTED_EDGE('',*,*,#728,.T.);
#249=ORIENTED_EDGE('',*,*,#729,.F.);
#250=ORIENTED_EDGE('',*,*,#730,.T.);
#251=ORIENTED_EDGE('',*,*,#731,.T.);
#252=ORIENTED_EDGE('',*,*,#732,.T.);
#253=ORIENTED_EDGE('',*,*,#720,.T.);
#254=ORIENTED_EDGE('',*,*,#733,.F.);
#255=ORIENTED_EDGE('',*,*,#734,.F.);
#256=ORIENTED_EDGE('',*,*,#735,.T.);
#257=ORIENTED_EDGE('',*,*,#736,.F.);
#258=ORIENTED_EDGE('',*,*,#737,.T.);
#259=ORIENTED_EDGE('',*,*,#738,.F.);
#260=ORIENTED_EDGE('',*,*,#739,.T.);
#261=ORIENTED_EDGE('',*,*,#740,.F.);
#262=ORIENTED_EDGE('',*,*,#741,.F.);
#263=ORIENTED_EDGE('',*,*,#742,.F.);
#264=ORIENTED_EDGE('',*,*,#743,.F.);
#265=ORIENTED_EDGE('',*,*,#744,.T.);
#266=ORIENTED_EDGE('',*,*,#694,.T.);
#267=ORIENTED_EDGE('',*,*,#745,.F.);
#268=ORIENTED_EDGE('',*,*,#746,.F.);
#269=ORIENTED_EDGE('',*,*,#747,.T.);
#270=ORIENTED_EDGE('',*,*,#748,.T.);
#271=ORIENTED_EDGE('',*,*,#749,.T.);
#272=ORIENTED_EDGE('',*,*,#750,.F.);
#273=ORIENTED_EDGE('',*,*,#751,.T.);
#274=ORIENTED_EDGE('',*,*,#677,.T.);
#275=ORIENTED_EDGE('',*,*,#752,.F.);
#276=ORIENTED_EDGE('',*,*,#753,.F.);
#277=ORIENTED_EDGE('',*,*,#754,.T.);
#278=ORIENTED_EDGE('',*,*,#755,.T.);
#279=ORIENTED_EDGE('',*,*,#683,.F.);
#280=ORIENTED_EDGE('',*,*,#756,.T.);
#281=ORIENTED_EDGE('',*,*,#757,.T.);
#282=ORIENTED_EDGE('',*,*,#758,.F.);
#283=ORIENTED_EDGE('',*,*,#750,.T.);
#284=ORIENTED_EDGE('',*,*,#754,.F.);
#285=ORIENTED_EDGE('',*,*,#759,.T.);
#286=ORIENTED_EDGE('',*,*,#760,.T.);
#287=ORIENTED_EDGE('',*,*,#761,.F.);
#288=ORIENTED_EDGE('',*,*,#724,.T.);
#289=ORIENTED_EDGE('',*,*,#762,.T.);
#290=ORIENTED_EDGE('',*,*,#763,.F.);
#291=ORIENTED_EDGE('',*,*,#745,.T.);
#292=ORIENTED_EDGE('',*,*,#764,.T.);
#293=ORIENTED_EDGE('',*,*,#672,.T.);
#294=ORIENTED_EDGE('',*,*,#765,.T.);
#295=ORIENTED_EDGE('',*,*,#766,.T.);
#296=ORIENTED_EDGE('',*,*,#699,.F.);
#297=ORIENTED_EDGE('',*,*,#688,.F.);
#298=ORIENTED_EDGE('',*,*,#767,.F.);
#299=ORIENTED_EDGE('',*,*,#739,.F.);
#300=ORIENTED_EDGE('',*,*,#768,.F.);
#301=ORIENTED_EDGE('',*,*,#769,.T.);
#302=ORIENTED_EDGE('',*,*,#770,.T.);
#303=ORIENTED_EDGE('',*,*,#771,.F.);
#304=ORIENTED_EDGE('',*,*,#772,.T.);
#305=ORIENTED_EDGE('',*,*,#773,.F.);
#306=ORIENTED_EDGE('',*,*,#774,.F.);
#307=ORIENTED_EDGE('',*,*,#775,.T.);
#308=ORIENTED_EDGE('',*,*,#776,.T.);
#309=ORIENTED_EDGE('',*,*,#777,.F.);
#310=ORIENTED_EDGE('',*,*,#778,.F.);
#311=ORIENTED_EDGE('',*,*,#779,.F.);
#312=ORIENTED_EDGE('',*,*,#780,.T.);
#313=ORIENTED_EDGE('',*,*,#781,.T.);
#314=ORIENTED_EDGE('',*,*,#782,.F.);
#315=ORIENTED_EDGE('',*,*,#783,.F.);
#316=ORIENTED_EDGE('',*,*,#784,.F.);
#317=ORIENTED_EDGE('',*,*,#785,.F.);
#318=ORIENTED_EDGE('',*,*,#786,.T.);
#319=ORIENTED_EDGE('',*,*,#787,.T.);
#320=ORIENTED_EDGE('',*,*,#718,.F.);
#321=ORIENTED_EDGE('',*,*,#788,.T.);
#322=ORIENTED_EDGE('',*,*,#789,.T.);
#323=ORIENTED_EDGE('',*,*,#726,.T.);
#324=ORIENTED_EDGE('',*,*,#790,.T.);
#325=ORIENTED_EDGE('',*,*,#791,.F.);
#326=ORIENTED_EDGE('',*,*,#792,.T.);
#327=ORIENTED_EDGE('',*,*,#665,.F.);
#328=ORIENTED_EDGE('',*,*,#793,.F.);
#329=ORIENTED_EDGE('',*,*,#784,.T.);
#330=ORIENTED_EDGE('',*,*,#794,.F.);
#331=ORIENTED_EDGE('',*,*,#795,.F.);
#332=ORIENTED_EDGE('',*,*,#796,.T.);
#333=ORIENTED_EDGE('',*,*,#797,.F.);
#334=ORIENTED_EDGE('',*,*,#773,.T.);
#335=ORIENTED_EDGE('',*,*,#798,.F.);
#336=ORIENTED_EDGE('',*,*,#799,.T.);
#337=ORIENTED_EDGE('',*,*,#777,.T.);
#338=ORIENTED_EDGE('',*,*,#800,.T.);
#339=ORIENTED_EDGE('',*,*,#801,.T.);
#340=ORIENTED_EDGE('',*,*,#802,.T.);
#341=ORIENTED_EDGE('',*,*,#734,.T.);
#342=ORIENTED_EDGE('',*,*,#803,.F.);
#343=ORIENTED_EDGE('',*,*,#804,.T.);
#344=ORIENTED_EDGE('',*,*,#789,.F.);
#345=ORIENTED_EDGE('',*,*,#805,.T.);
#346=ORIENTED_EDGE('',*,*,#721,.F.);
#347=ORIENTED_EDGE('',*,*,#732,.F.);
#348=ORIENTED_EDGE('',*,*,#806,.T.);
#349=ORIENTED_EDGE('',*,*,#669,.F.);
#350=ORIENTED_EDGE('',*,*,#807,.T.);
#351=ORIENTED_EDGE('',*,*,#727,.F.);
#352=ORIENTED_EDGE('',*,*,#731,.F.);
#353=ORIENTED_EDGE('',*,*,#725,.F.);
#354=ORIENTED_EDGE('',*,*,#670,.F.);
#355=ORIENTED_EDGE('',*,*,#806,.F.);
#356=ORIENTED_EDGE('',*,*,#808,.F.);
#357=ORIENTED_EDGE('',*,*,#809,.T.);
#358=ORIENTED_EDGE('',*,*,#768,.T.);
#359=ORIENTED_EDGE('',*,*,#810,.F.);
#360=ORIENTED_EDGE('',*,*,#811,.T.);
#361=ORIENTED_EDGE('',*,*,#664,.F.);
#362=ORIENTED_EDGE('',*,*,#812,.T.);
#363=ORIENTED_EDGE('',*,*,#785,.T.);
#364=ORIENTED_EDGE('',*,*,#793,.T.);
#365=ORIENTED_EDGE('',*,*,#783,.T.);
#366=ORIENTED_EDGE('',*,*,#813,.T.);
#367=ORIENTED_EDGE('',*,*,#814,.T.);
#368=ORIENTED_EDGE('',*,*,#794,.T.);
#369=ORIENTED_EDGE('',*,*,#815,.T.);
#370=ORIENTED_EDGE('',*,*,#816,.T.);
#371=ORIENTED_EDGE('',*,*,#817,.T.);
#372=ORIENTED_EDGE('',*,*,#808,.T.);
#373=ORIENTED_EDGE('',*,*,#818,.T.);
#374=ORIENTED_EDGE('',*,*,#795,.T.);
#375=ORIENTED_EDGE('',*,*,#814,.F.);
#376=ORIENTED_EDGE('',*,*,#797,.T.);
#377=ORIENTED_EDGE('',*,*,#819,.T.);
#378=ORIENTED_EDGE('',*,*,#810,.T.);
#379=ORIENTED_EDGE('',*,*,#774,.T.);
#380=ORIENTED_EDGE('',*,*,#693,.T.);
#381=ORIENTED_EDGE('',*,*,#820,.T.);
#382=ORIENTED_EDGE('',*,*,#803,.T.);
#383=ORIENTED_EDGE('',*,*,#733,.T.);
#384=ORIENTED_EDGE('',*,*,#821,.T.);
#385=ORIENTED_EDGE('',*,*,#780,.F.);
#386=ORIENTED_EDGE('',*,*,#822,.T.);
#387=ORIENTED_EDGE('',*,*,#743,.T.);
#388=ORIENTED_EDGE('',*,*,#772,.F.);
#389=ORIENTED_EDGE('',*,*,#823,.T.);
#390=ORIENTED_EDGE('',*,*,#824,.T.);
#391=ORIENTED_EDGE('',*,*,#798,.T.);
#392=ORIENTED_EDGE('',*,*,#825,.F.);
#393=ORIENTED_EDGE('',*,*,#778,.T.);
#394=ORIENTED_EDGE('',*,*,#799,.F.);
#395=ORIENTED_EDGE('',*,*,#824,.F.);
#396=ORIENTED_EDGE('',*,*,#826,.T.);
#397=ORIENTED_EDGE('',*,*,#827,.T.);
#398=ORIENTED_EDGE('',*,*,#801,.F.);
#399=ORIENTED_EDGE('',*,*,#828,.T.);
#400=ORIENTED_EDGE('',*,*,#829,.F.);
#401=ORIENTED_EDGE('',*,*,#736,.T.);
#402=ORIENTED_EDGE('',*,*,#830,.T.);
#403=ORIENTED_EDGE('',*,*,#826,.F.);
#404=ORIENTED_EDGE('',*,*,#831,.T.);
#405=ORIENTED_EDGE('',*,*,#775,.F.);
#406=ORIENTED_EDGE('',*,*,#832,.T.);
#407=ORIENTED_EDGE('',*,*,#791,.T.);
#408=ORIENTED_EDGE('',*,*,#833,.T.);
#409=ORIENTED_EDGE('',*,*,#834,.F.);
#410=ORIENTED_EDGE('',*,*,#835,.T.);
#411=ORIENTED_EDGE('',*,*,#836,.F.);
#412=ORIENTED_EDGE('',*,*,#834,.T.);
#413=ORIENTED_EDGE('',*,*,#837,.T.);
#414=ORIENTED_EDGE('',*,*,#729,.T.);
#415=ORIENTED_EDGE('',*,*,#838,.T.);
#416=ORIENTED_EDGE('',*,*,#667,.T.);
#417=ORIENTED_EDGE('',*,*,#839,.T.);
#418=ORIENTED_EDGE('',*,*,#811,.F.);
#419=ORIENTED_EDGE('',*,*,#819,.F.);
#420=ORIENTED_EDGE('',*,*,#796,.F.);
#421=ORIENTED_EDGE('',*,*,#818,.F.);
#422=ORIENTED_EDGE('',*,*,#813,.F.);
#423=ORIENTED_EDGE('',*,*,#782,.T.);
#424=ORIENTED_EDGE('',*,*,#812,.F.);
#425=ORIENTED_EDGE('',*,*,#663,.T.);
#426=ORIENTED_EDGE('',*,*,#840,.T.);
#427=ORIENTED_EDGE('',*,*,#815,.F.);
#428=ORIENTED_EDGE('',*,*,#771,.T.);
#429=ORIENTED_EDGE('',*,*,#841,.F.);
#430=ORIENTED_EDGE('',*,*,#779,.T.);
#431=ORIENTED_EDGE('',*,*,#825,.T.);
#432=ORIENTED_EDGE('',*,*,#823,.F.);
#433=ORIENTED_EDGE('',*,*,#744,.F.);
#434=ORIENTED_EDGE('',*,*,#822,.F.);
#435=ORIENTED_EDGE('',*,*,#841,.T.);
#436=ORIENTED_EDGE('',*,*,#842,.T.);
#437=ORIENTED_EDGE('',*,*,#659,.F.);
#438=ORIENTED_EDGE('',*,*,#695,.F.);
#439=ORIENTED_EDGE('',*,*,#836,.T.);
#440=ORIENTED_EDGE('',*,*,#787,.F.);
#441=ORIENTED_EDGE('',*,*,#829,.T.);
#442=ORIENTED_EDGE('',*,*,#786,.F.);
#443=ORIENTED_EDGE('',*,*,#737,.F.);
#444=ORIENTED_EDGE('',*,*,#832,.F.);
#445=ORIENTED_EDGE('',*,*,#781,.F.);
#446=ORIENTED_EDGE('',*,*,#821,.F.);
#447=ORIENTED_EDGE('',*,*,#668,.F.);
#448=ORIENTED_EDGE('',*,*,#838,.F.);
#449=ORIENTED_EDGE('',*,*,#728,.F.);
#450=ORIENTED_EDGE('',*,*,#807,.F.);
#451=ORIENTED_EDGE('',*,*,#837,.F.);
#452=ORIENTED_EDGE('',*,*,#833,.F.);
#453=ORIENTED_EDGE('',*,*,#790,.F.);
#454=ORIENTED_EDGE('',*,*,#730,.F.);
#455=ORIENTED_EDGE('',*,*,#839,.F.);
#456=ORIENTED_EDGE('',*,*,#666,.F.);
#457=ORIENTED_EDGE('',*,*,#792,.F.);
#458=ORIENTED_EDGE('',*,*,#835,.F.);
#459=ORIENTED_EDGE('',*,*,#830,.F.);
#460=ORIENTED_EDGE('',*,*,#735,.F.);
#461=ORIENTED_EDGE('',*,*,#802,.F.);
#462=ORIENTED_EDGE('',*,*,#827,.F.);
#463=ORIENTED_EDGE('',*,*,#831,.F.);
#464=ORIENTED_EDGE('',*,*,#828,.F.);
#465=ORIENTED_EDGE('',*,*,#800,.F.);
#466=ORIENTED_EDGE('',*,*,#776,.F.);
#467=ORIENTED_EDGE('',*,*,#840,.F.);
#468=ORIENTED_EDGE('',*,*,#662,.F.);
#469=ORIENTED_EDGE('',*,*,#843,.F.);
#470=ORIENTED_EDGE('',*,*,#816,.F.);
#471=ORIENTED_EDGE('',*,*,#843,.T.);
#472=ORIENTED_EDGE('',*,*,#661,.F.);
#473=ORIENTED_EDGE('',*,*,#844,.F.);
#474=ORIENTED_EDGE('',*,*,#769,.F.);
#475=ORIENTED_EDGE('',*,*,#809,.F.);
#476=ORIENTED_EDGE('',*,*,#817,.F.);
#477=ORIENTED_EDGE('',*,*,#844,.T.);
#478=ORIENTED_EDGE('',*,*,#660,.F.);
#479=ORIENTED_EDGE('',*,*,#842,.F.);
#480=ORIENTED_EDGE('',*,*,#770,.F.);
#481=ORIENTED_EDGE('',*,*,#763,.T.);
#482=ORIENTED_EDGE('',*,*,#845,.T.);
#483=ORIENTED_EDGE('',*,*,#714,.T.);
#484=ORIENTED_EDGE('',*,*,#846,.T.);
#485=ORIENTED_EDGE('',*,*,#765,.F.);
#486=ORIENTED_EDGE('',*,*,#738,.T.);
#487=ORIENTED_EDGE('',*,*,#847,.F.);
#488=ORIENTED_EDGE('',*,*,#848,.F.);
#489=ORIENTED_EDGE('',*,*,#849,.F.);
#490=ORIENTED_EDGE('',*,*,#684,.F.);
#491=ORIENTED_EDGE('',*,*,#755,.F.);
#492=ORIENTED_EDGE('',*,*,#761,.T.);
#493=ORIENTED_EDGE('',*,*,#850,.F.);
#494=ORIENTED_EDGE('',*,*,#851,.F.);
#495=ORIENTED_EDGE('',*,*,#852,.T.);
#496=ORIENTED_EDGE('',*,*,#756,.F.);
#497=ORIENTED_EDGE('',*,*,#752,.T.);
#498=ORIENTED_EDGE('',*,*,#676,.F.);
#499=ORIENTED_EDGE('',*,*,#853,.T.);
#500=ORIENTED_EDGE('',*,*,#854,.T.);
#501=ORIENTED_EDGE('',*,*,#855,.T.);
#502=ORIENTED_EDGE('',*,*,#746,.T.);
#503=ORIENTED_EDGE('',*,*,#856,.T.);
#504=ORIENTED_EDGE('',*,*,#857,.F.);
#505=ORIENTED_EDGE('',*,*,#858,.F.);
#506=ORIENTED_EDGE('',*,*,#859,.F.);
#507=ORIENTED_EDGE('',*,*,#848,.T.);
#508=ORIENTED_EDGE('',*,*,#860,.F.);
#509=ORIENTED_EDGE('',*,*,#861,.T.);
#510=ORIENTED_EDGE('',*,*,#856,.F.);
#511=ORIENTED_EDGE('',*,*,#686,.F.);
#512=ORIENTED_EDGE('',*,*,#862,.F.);
#513=ORIENTED_EDGE('',*,*,#858,.T.);
#514=ORIENTED_EDGE('',*,*,#863,.F.);
#515=ORIENTED_EDGE('',*,*,#741,.T.);
#516=ORIENTED_EDGE('',*,*,#864,.F.);
#517=ORIENTED_EDGE('',*,*,#861,.F.);
#518=ORIENTED_EDGE('',*,*,#863,.T.);
#519=ORIENTED_EDGE('',*,*,#860,.T.);
#520=ORIENTED_EDGE('',*,*,#847,.T.);
#521=ORIENTED_EDGE('',*,*,#742,.T.);
#522=ORIENTED_EDGE('',*,*,#862,.T.);
#523=ORIENTED_EDGE('',*,*,#685,.T.);
#524=ORIENTED_EDGE('',*,*,#849,.T.);
#525=ORIENTED_EDGE('',*,*,#859,.T.);
#526=ORIENTED_EDGE('',*,*,#687,.T.);
#527=ORIENTED_EDGE('',*,*,#864,.T.);
#528=ORIENTED_EDGE('',*,*,#740,.T.);
#529=ORIENTED_EDGE('',*,*,#767,.T.);
#530=ORIENTED_EDGE('',*,*,#865,.T.);
#531=ORIENTED_EDGE('',*,*,#866,.T.);
#532=ORIENTED_EDGE('',*,*,#854,.F.);
#533=ORIENTED_EDGE('',*,*,#867,.T.);
#534=ORIENTED_EDGE('',*,*,#868,.F.);
#535=ORIENTED_EDGE('',*,*,#857,.T.);
#536=ORIENTED_EDGE('',*,*,#674,.T.);
#537=ORIENTED_EDGE('',*,*,#869,.T.);
#538=ORIENTED_EDGE('',*,*,#748,.F.);
#539=ORIENTED_EDGE('',*,*,#870,.T.);
#540=ORIENTED_EDGE('',*,*,#865,.F.);
#541=ORIENTED_EDGE('',*,*,#871,.T.);
#542=ORIENTED_EDGE('',*,*,#868,.T.);
#543=ORIENTED_EDGE('',*,*,#870,.F.);
#544=ORIENTED_EDGE('',*,*,#747,.F.);
#545=ORIENTED_EDGE('',*,*,#855,.F.);
#546=ORIENTED_EDGE('',*,*,#866,.F.);
#547=ORIENTED_EDGE('',*,*,#871,.F.);
#548=ORIENTED_EDGE('',*,*,#867,.F.);
#549=ORIENTED_EDGE('',*,*,#853,.F.);
#550=ORIENTED_EDGE('',*,*,#675,.F.);
#551=ORIENTED_EDGE('',*,*,#673,.F.);
#552=ORIENTED_EDGE('',*,*,#764,.F.);
#553=ORIENTED_EDGE('',*,*,#749,.F.);
#554=ORIENTED_EDGE('',*,*,#869,.F.);
#555=ORIENTED_EDGE('',*,*,#872,.T.);
#556=ORIENTED_EDGE('',*,*,#873,.T.);
#557=ORIENTED_EDGE('',*,*,#874,.F.);
#558=ORIENTED_EDGE('',*,*,#875,.F.);
#559=ORIENTED_EDGE('',*,*,#876,.T.);
#560=ORIENTED_EDGE('',*,*,#877,.T.);
#561=ORIENTED_EDGE('',*,*,#878,.T.);
#562=ORIENTED_EDGE('',*,*,#872,.F.);
#563=ORIENTED_EDGE('',*,*,#879,.T.);
#564=ORIENTED_EDGE('',*,*,#880,.T.);
#565=ORIENTED_EDGE('',*,*,#874,.T.);
#566=ORIENTED_EDGE('',*,*,#881,.T.);
#567=ORIENTED_EDGE('',*,*,#851,.T.);
#568=ORIENTED_EDGE('',*,*,#882,.F.);
#569=ORIENTED_EDGE('',*,*,#883,.F.);
#570=ORIENTED_EDGE('',*,*,#884,.T.);
#571=ORIENTED_EDGE('',*,*,#885,.T.);
#572=ORIENTED_EDGE('',*,*,#875,.T.);
#573=ORIENTED_EDGE('',*,*,#882,.T.);
#574=ORIENTED_EDGE('',*,*,#850,.T.);
#575=ORIENTED_EDGE('',*,*,#760,.F.);
#576=ORIENTED_EDGE('',*,*,#758,.T.);
#577=ORIENTED_EDGE('',*,*,#886,.T.);
#578=ORIENTED_EDGE('',*,*,#877,.F.);
#579=ORIENTED_EDGE('',*,*,#887,.T.);
#580=ORIENTED_EDGE('',*,*,#678,.F.);
#581=ORIENTED_EDGE('',*,*,#751,.F.);
#582=ORIENTED_EDGE('',*,*,#753,.T.);
#583=ORIENTED_EDGE('',*,*,#682,.F.);
#584=ORIENTED_EDGE('',*,*,#888,.T.);
#585=ORIENTED_EDGE('',*,*,#883,.T.);
#586=ORIENTED_EDGE('',*,*,#759,.F.);
#587=ORIENTED_EDGE('',*,*,#888,.F.);
#588=ORIENTED_EDGE('',*,*,#681,.F.);
#589=ORIENTED_EDGE('',*,*,#889,.F.);
#590=ORIENTED_EDGE('',*,*,#884,.F.);
#591=ORIENTED_EDGE('',*,*,#889,.T.);
#592=ORIENTED_EDGE('',*,*,#680,.F.);
#593=ORIENTED_EDGE('',*,*,#890,.F.);
#594=ORIENTED_EDGE('',*,*,#879,.F.);
#595=ORIENTED_EDGE('',*,*,#876,.F.);
#596=ORIENTED_EDGE('',*,*,#885,.F.);
#597=ORIENTED_EDGE('',*,*,#887,.F.);
#598=ORIENTED_EDGE('',*,*,#880,.F.);
#599=ORIENTED_EDGE('',*,*,#890,.T.);
#600=ORIENTED_EDGE('',*,*,#679,.F.);
#601=ORIENTED_EDGE('',*,*,#873,.F.);
#602=ORIENTED_EDGE('',*,*,#878,.F.);
#603=ORIENTED_EDGE('',*,*,#886,.F.);
#604=ORIENTED_EDGE('',*,*,#757,.F.);
#605=ORIENTED_EDGE('',*,*,#852,.F.);
#606=ORIENTED_EDGE('',*,*,#881,.F.);
#607=ORIENTED_EDGE('',*,*,#845,.F.);
#608=ORIENTED_EDGE('',*,*,#762,.F.);
#609=ORIENTED_EDGE('',*,*,#723,.F.);
#610=ORIENTED_EDGE('',*,*,#715,.F.);
#611=ORIENTED_EDGE('',*,*,#846,.F.);
#612=ORIENTED_EDGE('',*,*,#713,.F.);
#613=ORIENTED_EDGE('',*,*,#700,.F.);
#614=ORIENTED_EDGE('',*,*,#766,.F.);
#615=ORIENTED_EDGE('',*,*,#788,.F.);
#616=ORIENTED_EDGE('',*,*,#717,.F.);
#617=ORIENTED_EDGE('',*,*,#722,.F.);
#618=ORIENTED_EDGE('',*,*,#805,.F.);
#619=ORIENTED_EDGE('',*,*,#804,.F.);
#620=ORIENTED_EDGE('',*,*,#820,.F.);
#621=ORIENTED_EDGE('',*,*,#692,.F.);
#622=ORIENTED_EDGE('',*,*,#719,.F.);
#623=ORIENTED_EDGE('',*,*,#702,.F.);
#624=ORIENTED_EDGE('',*,*,#712,.T.);
#625=ORIENTED_EDGE('',*,*,#704,.T.);
#626=ORIENTED_EDGE('',*,*,#891,.T.);
#627=ORIENTED_EDGE('',*,*,#892,.T.);
#628=ORIENTED_EDGE('',*,*,#690,.F.);
#629=ORIENTED_EDGE('',*,*,#893,.F.);
#630=ORIENTED_EDGE('',*,*,#706,.T.);
#631=ORIENTED_EDGE('',*,*,#711,.T.);
#632=ORIENTED_EDGE('',*,*,#894,.T.);
#633=ORIENTED_EDGE('',*,*,#895,.F.);
#634=ORIENTED_EDGE('',*,*,#696,.T.);
#635=ORIENTED_EDGE('',*,*,#657,.T.);
#636=ORIENTED_EDGE('',*,*,#708,.T.);
#637=ORIENTED_EDGE('',*,*,#896,.T.);
#638=ORIENTED_EDGE('',*,*,#893,.T.);
#639=ORIENTED_EDGE('',*,*,#697,.F.);
#640=ORIENTED_EDGE('',*,*,#896,.F.);
#641=ORIENTED_EDGE('',*,*,#707,.T.);
#642=ORIENTED_EDGE('',*,*,#895,.T.);
#643=ORIENTED_EDGE('',*,*,#894,.F.);
#644=ORIENTED_EDGE('',*,*,#897,.F.);
#645=ORIENTED_EDGE('',*,*,#709,.F.);
#646=ORIENTED_EDGE('',*,*,#655,.T.);
#647=ORIENTED_EDGE('',*,*,#698,.T.);
#648=ORIENTED_EDGE('',*,*,#898,.F.);
#649=ORIENTED_EDGE('',*,*,#891,.F.);
#650=ORIENTED_EDGE('',*,*,#710,.F.);
#651=ORIENTED_EDGE('',*,*,#898,.T.);
#652=ORIENTED_EDGE('',*,*,#703,.T.);
#653=ORIENTED_EDGE('',*,*,#897,.T.);
#654=ORIENTED_EDGE('',*,*,#892,.F.);
#655=EDGE_CURVE('',#899,#900,#1065,.F.);
#656=EDGE_CURVE('',#901,#899,#69,.T.);
#657=EDGE_CURVE('',#902,#901,#1066,.T.);
#658=EDGE_CURVE('',#902,#903,#70,.T.);
#659=EDGE_CURVE('',#903,#904,#52,.T.);
#660=EDGE_CURVE('',#904,#905,#1067,.T.);
#661=EDGE_CURVE('',#905,#906,#71,.F.);
#662=EDGE_CURVE('',#906,#907,#1068,.F.);
#663=EDGE_CURVE('',#908,#907,#72,.T.);
#664=EDGE_CURVE('',#908,#909,#1069,.T.);
#665=EDGE_CURVE('',#909,#910,#73,.T.);
#666=EDGE_CURVE('',#910,#911,#1070,.T.);
#667=EDGE_CURVE('',#912,#911,#74,.T.);
#668=EDGE_CURVE('',#912,#913,#53,.T.);
#669=EDGE_CURVE('',#913,#914,#1071,.T.);
#670=EDGE_CURVE('',#914,#915,#54,.T.);
#671=EDGE_CURVE('',#915,#916,#75,.T.);
#672=EDGE_CURVE('',#917,#916,#1072,.T.);
#673=EDGE_CURVE('',#917,#918,#55,.T.);
#674=EDGE_CURVE('',#919,#918,#76,.T.);
#675=EDGE_CURVE('',#919,#920,#1073,.F.);
#676=EDGE_CURVE('',#920,#921,#77,.T.);
#677=EDGE_CURVE('',#922,#921,#1074,.T.);
#678=EDGE_CURVE('',#922,#923,#78,.F.);
#679=EDGE_CURVE('',#923,#924,#1075,.T.);
#680=EDGE_CURVE('',#924,#925,#79,.F.);
#681=EDGE_CURVE('',#925,#926,#1076,.F.);
#682=EDGE_CURVE('',#926,#927,#80,.F.);
#683=EDGE_CURVE('',#927,#928,#1077,.T.);
#684=EDGE_CURVE('',#928,#929,#81,.T.);
#685=EDGE_CURVE('',#930,#929,#1078,.F.);
#686=EDGE_CURVE('',#930,#931,#82,.T.);
#687=EDGE_CURVE('',#932,#931,#56,.T.);
#688=EDGE_CURVE('',#932,#933,#1079,.T.);
#689=EDGE_CURVE('',#933,#900,#83,.T.);
#690=EDGE_CURVE('',#934,#935,#1080,.T.);
#691=EDGE_CURVE('',#935,#936,#84,.F.);
#692=EDGE_CURVE('',#936,#937,#85,.F.);
#693=EDGE_CURVE('',#938,#937,#1081,.T.);
#694=EDGE_CURVE('',#939,#938,#86,.F.);
#695=EDGE_CURVE('',#939,#903,#1082,.T.);
#696=EDGE_CURVE('',#940,#902,#1083,.T.);
#697=EDGE_CURVE('',#940,#934,#1084,.T.);
#698=EDGE_CURVE('',#900,#941,#1085,.T.);
#699=EDGE_CURVE('',#933,#942,#1086,.T.);
#700=EDGE_CURVE('',#942,#943,#87,.F.);
#701=EDGE_CURVE('',#943,#944,#88,.F.);
#702=EDGE_CURVE('',#944,#945,#1087,.T.);
#703=EDGE_CURVE('',#941,#945,#1088,.T.);
#704=EDGE_CURVE('',#946,#947,#1089,.T.);
#705=EDGE_CURVE('',#948,#946,#89,.T.);
#706=EDGE_CURVE('',#949,#948,#1090,.T.);
#707=EDGE_CURVE('',#950,#949,#1091,.T.);
#708=EDGE_CURVE('',#901,#950,#1092,.T.);
#709=EDGE_CURVE('',#899,#951,#1093,.T.);
#710=EDGE_CURVE('',#951,#947,#1094,.T.);
#711=EDGE_CURVE('',#948,#935,#1095,.F.);
#712=EDGE_CURVE('',#944,#946,#1096,.T.);
#713=EDGE_CURVE('',#943,#952,#1097,.F.);
#714=EDGE_CURVE('',#953,#952,#90,.F.);
#715=EDGE_CURVE('',#953,#954,#1098,.T.);
#716=EDGE_CURVE('',#955,#954,#91,.F.);
#717=EDGE_CURVE('',#955,#956,#1099,.F.);
#718=EDGE_CURVE('',#956,#957,#92,.F.);
#719=EDGE_CURVE('',#957,#936,#1100,.T.);
#720=EDGE_CURVE('',#958,#959,#93,.F.);
#721=EDGE_CURVE('',#958,#960,#1101,.T.);
#722=EDGE_CURVE('',#960,#955,#94,.F.);
#723=EDGE_CURVE('',#954,#961,#95,.F.);
#724=EDGE_CURVE('',#916,#961,#1102,.T.);
#725=EDGE_CURVE('',#915,#959,#1103,.F.);
#726=EDGE_CURVE('',#962,#963,#96,.T.);
#727=EDGE_CURVE('',#962,#964,#1104,.T.);
#728=EDGE_CURVE('',#964,#965,#57,.T.);
#729=EDGE_CURVE('',#966,#965,#97,.T.);
#730=EDGE_CURVE('',#966,#963,#1105,.F.);
#731=EDGE_CURVE('',#959,#967,#58,.T.);
#732=EDGE_CURVE('',#967,#958,#1106,.T.);
#733=EDGE_CURVE('',#968,#969,#1107,.T.);
#734=EDGE_CURVE('',#970,#968,#98,.T.);
#735=EDGE_CURVE('',#970,#971,#1108,.T.);
#736=EDGE_CURVE('',#972,#971,#99,.T.);
#737=EDGE_CURVE('',#972,#969,#59,.T.);
#738=EDGE_CURVE('',#973,#974,#100,.T.);
#739=EDGE_CURVE('',#973,#975,#1109,.T.);
#740=EDGE_CURVE('',#976,#975,#60,.T.);
#741=EDGE_CURVE('',#977,#976,#101,.T.);
#742=EDGE_CURVE('',#974,#977,#1110,.T.);
#743=EDGE_CURVE('',#978,#938,#1111,.T.);
#744=EDGE_CURVE('',#978,#939,#61,.T.);
#745=EDGE_CURVE('',#979,#980,#1112,.T.);
#746=EDGE_CURVE('',#981,#979,#102,.T.);
#747=EDGE_CURVE('',#981,#982,#1113,.T.);
#748=EDGE_CURVE('',#982,#983,#103,.T.);
#749=EDGE_CURVE('',#983,#980,#62,.T.);
#750=EDGE_CURVE('',#984,#985,#1114,.T.);
#751=EDGE_CURVE('',#984,#922,#1115,.T.);
#752=EDGE_CURVE('',#985,#921,#1116,.T.);
#753=EDGE_CURVE('',#986,#927,#1117,.T.);
#754=EDGE_CURVE('',#986,#987,#1118,.T.);
#755=EDGE_CURVE('',#987,#928,#1119,.T.);
#756=EDGE_CURVE('',#985,#988,#104,.T.);
#757=EDGE_CURVE('',#988,#989,#1120,.F.);
#758=EDGE_CURVE('',#984,#989,#105,.F.);
#759=EDGE_CURVE('',#986,#990,#106,.T.);
#760=EDGE_CURVE('',#990,#991,#1121,.T.);
#761=EDGE_CURVE('',#987,#991,#107,.T.);
#762=EDGE_CURVE('',#961,#992,#1122,.F.);
#763=EDGE_CURVE('',#979,#992,#1123,.T.);
#764=EDGE_CURVE('',#980,#917,#1124,.F.);
#765=EDGE_CURVE('',#973,#993,#1125,.T.);
#766=EDGE_CURVE('',#993,#942,#1126,.T.);
#767=EDGE_CURVE('',#975,#932,#1127,.F.);
#768=EDGE_CURVE('',#994,#995,#1128,.T.);
#769=EDGE_CURVE('',#994,#996,#108,.F.);
#770=EDGE_CURVE('',#996,#997,#1129,.F.);
#771=EDGE_CURVE('',#998,#997,#1130,.T.);
#772=EDGE_CURVE('',#998,#999,#1131,.T.);
#773=EDGE_CURVE('',#1000,#999,#1132,.T.);
#774=EDGE_CURVE('',#995,#1000,#1133,.T.);
#775=EDGE_CURVE('',#1001,#1002,#109,.T.);
#776=EDGE_CURVE('',#1002,#1003,#1134,.F.);
#777=EDGE_CURVE('',#1004,#1003,#110,.T.);
#778=EDGE_CURVE('',#1005,#1004,#1135,.T.);
#779=EDGE_CURVE('',#1006,#1005,#111,.T.);
#780=EDGE_CURVE('',#1006,#1007,#1136,.T.);
#781=EDGE_CURVE('',#1007,#1001,#63,.T.);
#782=EDGE_CURVE('',#1008,#1009,#112,.T.);
#783=EDGE_CURVE('',#1010,#1008,#1137,.F.);
#784=EDGE_CURVE('',#1011,#1010,#113,.T.);
#785=EDGE_CURVE('',#1009,#1011,#1138,.F.);
#786=EDGE_CURVE('',#1012,#1012,#114,.T.);
#787=EDGE_CURVE('',#1013,#1013,#115,.T.);
#788=EDGE_CURVE('',#956,#1014,#116,.F.);
#789=EDGE_CURVE('',#1014,#962,#1139,.T.);
#790=EDGE_CURVE('',#963,#1015,#117,.F.);
#791=EDGE_CURVE('',#1016,#1015,#1140,.T.);
#792=EDGE_CURVE('',#1016,#910,#118,.F.);
#793=EDGE_CURVE('',#1011,#909,#1141,.T.);
#794=EDGE_CURVE('',#1017,#1010,#119,.T.);
#795=EDGE_CURVE('',#1018,#1017,#1142,.T.);
#796=EDGE_CURVE('',#1018,#1019,#120,.F.);
#797=EDGE_CURVE('',#1000,#1019,#121,.T.);
#798=EDGE_CURVE('',#1020,#999,#122,.T.);
#799=EDGE_CURVE('',#1020,#1004,#1143,.T.);
#800=EDGE_CURVE('',#1003,#1021,#123,.F.);
#801=EDGE_CURVE('',#1021,#1022,#1144,.T.);
#802=EDGE_CURVE('',#1022,#970,#124,.F.);
#803=EDGE_CURVE('',#1023,#968,#1145,.T.);
#804=EDGE_CURVE('',#1023,#957,#125,.F.);
#805=EDGE_CURVE('',#1014,#960,#1146,.T.);
#806=EDGE_CURVE('',#967,#914,#1147,.T.);
#807=EDGE_CURVE('',#913,#964,#1148,.T.);
#808=EDGE_CURVE('',#1024,#1025,#1149,.T.);
#809=EDGE_CURVE('',#1024,#994,#126,.T.);
#810=EDGE_CURVE('',#1026,#995,#127,.T.);
#811=EDGE_CURVE('',#1026,#1025,#128,.F.);
#812=EDGE_CURVE('',#908,#1009,#1150,.T.);
#813=EDGE_CURVE('',#1008,#1027,#129,.F.);
#814=EDGE_CURVE('',#1027,#1017,#1151,.T.);
#815=EDGE_CURVE('',#1027,#1028,#1152,.T.);
#816=EDGE_CURVE('',#1028,#1029,#1153,.F.);
#817=EDGE_CURVE('',#1029,#1024,#130,.T.);
#818=EDGE_CURVE('',#1025,#1018,#1154,.T.);
#819=EDGE_CURVE('',#1019,#1026,#1155,.F.);
#820=EDGE_CURVE('',#937,#1023,#1156,.T.);
#821=EDGE_CURVE('',#969,#1007,#1157,.T.);
#822=EDGE_CURVE('',#1006,#978,#1158,.F.);
#823=EDGE_CURVE('',#998,#1030,#131,.F.);
#824=EDGE_CURVE('',#1030,#1020,#1159,.T.);
#825=EDGE_CURVE('',#1005,#1030,#1160,.T.);
#826=EDGE_CURVE('',#1031,#1032,#1161,.T.);
#827=EDGE_CURVE('',#1032,#1022,#1162,.F.);
#828=EDGE_CURVE('',#1021,#1031,#1163,.F.);
#829=EDGE_CURVE('',#1033,#1033,#132,.T.);
#830=EDGE_CURVE('',#971,#1032,#133,.F.);
#831=EDGE_CURVE('',#1031,#1002,#134,.F.);
#832=EDGE_CURVE('',#1001,#972,#1164,.F.);
#833=EDGE_CURVE('',#1015,#1034,#1165,.F.);
#834=EDGE_CURVE('',#1035,#1034,#1166,.T.);
#835=EDGE_CURVE('',#1035,#1016,#1167,.F.);
#836=EDGE_CURVE('',#1036,#1036,#135,.T.);
#837=EDGE_CURVE('',#1034,#966,#136,.F.);
#838=EDGE_CURVE('',#965,#912,#1168,.F.);
#839=EDGE_CURVE('',#911,#1035,#137,.F.);
#840=EDGE_CURVE('',#907,#1028,#138,.T.);
#841=EDGE_CURVE('',#1006,#997,#1169,.F.);
#842=EDGE_CURVE('',#997,#904,#64,.F.);
#843=EDGE_CURVE('',#1029,#906,#65,.T.);
#844=EDGE_CURVE('',#996,#905,#66,.T.);
#845=EDGE_CURVE('',#992,#953,#139,.T.);
#846=EDGE_CURVE('',#952,#993,#140,.T.);
#847=EDGE_CURVE('',#1037,#974,#141,.T.);
#848=EDGE_CURVE('',#1038,#1037,#1170,.T.);
#849=EDGE_CURVE('',#929,#1038,#142,.T.);
#850=EDGE_CURVE('',#1039,#991,#1171,.T.);
#851=EDGE_CURVE('',#1040,#1039,#143,.T.);
#852=EDGE_CURVE('',#1040,#988,#144,.T.);
#853=EDGE_CURVE('',#920,#1041,#145,.T.);
#854=EDGE_CURVE('',#1041,#1042,#1172,.T.);
#855=EDGE_CURVE('',#1042,#981,#146,.T.);
#856=EDGE_CURVE('',#1043,#1043,#147,.T.);
#857=EDGE_CURVE('',#1044,#1044,#148,.T.);
#858=EDGE_CURVE('',#1045,#1046,#1173,.T.);
#859=EDGE_CURVE('',#1038,#1045,#1174,.F.);
#860=EDGE_CURVE('',#1046,#1037,#1175,.F.);
#861=EDGE_CURVE('',#1047,#1047,#149,.T.);
#862=EDGE_CURVE('',#1045,#930,#150,.F.);
#863=EDGE_CURVE('',#977,#1046,#151,.F.);
#864=EDGE_CURVE('',#931,#976,#1176,.T.);
#865=EDGE_CURVE('',#1048,#1049,#1177,.T.);
#866=EDGE_CURVE('',#1049,#1042,#1178,.F.);
#867=EDGE_CURVE('',#1041,#1048,#1179,.F.);
#868=EDGE_CURVE('',#1050,#1050,#152,.T.);
#869=EDGE_CURVE('',#918,#983,#1180,.T.);
#870=EDGE_CURVE('',#982,#1049,#153,.F.);
#871=EDGE_CURVE('',#1048,#919,#154,.F.);
#872=EDGE_CURVE('',#1051,#1052,#1181,.T.);
#873=EDGE_CURVE('',#1052,#1053,#155,.F.);
#874=EDGE_CURVE('',#1054,#1053,#156,.T.);
#875=EDGE_CURVE('',#1055,#1054,#1182,.T.);
#876=EDGE_CURVE('',#1055,#1051,#157,.T.);
#877=EDGE_CURVE('',#1056,#1057,#1183,.T.);
#878=EDGE_CURVE('',#1057,#1052,#1184,.T.);
#879=EDGE_CURVE('',#1051,#1058,#158,.F.);
#880=EDGE_CURVE('',#1058,#1056,#1185,.F.);
#881=EDGE_CURVE('',#1053,#1040,#1186,.T.);
#882=EDGE_CURVE('',#1054,#1039,#1187,.T.);
#883=EDGE_CURVE('',#1059,#990,#1188,.T.);
#884=EDGE_CURVE('',#1059,#1060,#1189,.F.);
#885=EDGE_CURVE('',#1060,#1055,#159,.T.);
#886=EDGE_CURVE('',#989,#1057,#160,.F.);
#887=EDGE_CURVE('',#1056,#923,#161,.T.);
#888=EDGE_CURVE('',#926,#1059,#162,.T.);
#889=EDGE_CURVE('',#1060,#925,#67,.T.);
#890=EDGE_CURVE('',#1058,#924,#68,.T.);
#891=EDGE_CURVE('',#947,#945,#1190,.T.);
#892=EDGE_CURVE('',#1061,#1061,#163,.T.);
#893=EDGE_CURVE('',#949,#934,#1191,.T.);
#894=EDGE_CURVE('',#1062,#1062,#164,.T.);
#895=EDGE_CURVE('',#1063,#1063,#165,.T.);
#896=EDGE_CURVE('',#950,#940,#1192,.T.);
#897=EDGE_CURVE('',#1064,#1064,#166,.T.);
#898=EDGE_CURVE('',#951,#941,#1193,.T.);
#899=VERTEX_POINT('',#2362);
#900=VERTEX_POINT('',#2363);
#901=VERTEX_POINT('',#2365);
#902=VERTEX_POINT('',#2367);
#903=VERTEX_POINT('',#2369);
#904=VERTEX_POINT('',#2376);
#905=VERTEX_POINT('',#2378);
#906=VERTEX_POINT('',#2380);
#907=VERTEX_POINT('',#2382);
#908=VERTEX_POINT('',#2384);
#909=VERTEX_POINT('',#2386);
#910=VERTEX_POINT('',#2388);
#911=VERTEX_POINT('',#2390);
#912=VERTEX_POINT('',#2392);
#913=VERTEX_POINT('',#2398);
#914=VERTEX_POINT('',#2400);
#915=VERTEX_POINT('',#2408);
#916=VERTEX_POINT('',#2410);
#917=VERTEX_POINT('',#2412);
#918=VERTEX_POINT('',#2418);
#919=VERTEX_POINT('',#2420);
#920=VERTEX_POINT('',#2422);
#921=VERTEX_POINT('',#2424);
#922=VERTEX_POINT('',#2426);
#923=VERTEX_POINT('',#2428);
#924=VERTEX_POINT('',#2430);
#925=VERTEX_POINT('',#2432);
#926=VERTEX_POINT('',#2434);
#927=VERTEX_POINT('',#2436);
#928=VERTEX_POINT('',#2438);
#929=VERTEX_POINT('',#2440);
#930=VERTEX_POINT('',#2442);
#931=VERTEX_POINT('',#2444);
#932=VERTEX_POINT('',#2450);
#933=VERTEX_POINT('',#2452);
#934=VERTEX_POINT('',#2456);
#935=VERTEX_POINT('',#2457);
#936=VERTEX_POINT('',#2459);
#937=VERTEX_POINT('',#2461);
#938=VERTEX_POINT('',#2463);
#939=VERTEX_POINT('',#2465);
#940=VERTEX_POINT('',#2468);
#941=VERTEX_POINT('',#2472);
#942=VERTEX_POINT('',#2474);
#943=VERTEX_POINT('',#2476);
#944=VERTEX_POINT('',#2478);
#945=VERTEX_POINT('',#2480);
#946=VERTEX_POINT('',#2484);
#947=VERTEX_POINT('',#2485);
#948=VERTEX_POINT('',#2487);
#949=VERTEX_POINT('',#2489);
#950=VERTEX_POINT('',#2491);
#951=VERTEX_POINT('',#2494);
#952=VERTEX_POINT('',#2500);
#953=VERTEX_POINT('',#2502);
#954=VERTEX_POINT('',#2504);
#955=VERTEX_POINT('',#2506);
#956=VERTEX_POINT('',#2508);
#957=VERTEX_POINT('',#2510);
#958=VERTEX_POINT('',#2514);
#959=VERTEX_POINT('',#2515);
#960=VERTEX_POINT('',#2517);
#961=VERTEX_POINT('',#2520);
#962=VERTEX_POINT('',#2525);
#963=VERTEX_POINT('',#2526);
#964=VERTEX_POINT('',#2528);
#965=VERTEX_POINT('',#2534);
#966=VERTEX_POINT('',#2536);
#967=VERTEX_POINT('',#2546);
#968=VERTEX_POINT('',#2550);
#969=VERTEX_POINT('',#2551);
#970=VERTEX_POINT('',#2553);
#971=VERTEX_POINT('',#2555);
#972=VERTEX_POINT('',#2557);
#973=VERTEX_POINT('',#2565);
#974=VERTEX_POINT('',#2566);
#975=VERTEX_POINT('',#2568);
#976=VERTEX_POINT('',#2574);
#977=VERTEX_POINT('',#2576);
#978=VERTEX_POINT('',#2580);
#979=VERTEX_POINT('',#2590);
#980=VERTEX_POINT('',#2591);
#981=VERTEX_POINT('',#2593);
#982=VERTEX_POINT('',#2595);
#983=VERTEX_POINT('',#2597);
#984=VERTEX_POINT('',#2605);
#985=VERTEX_POINT('',#2606);
#986=VERTEX_POINT('',#2611);
#987=VERTEX_POINT('',#2613);
#988=VERTEX_POINT('',#2617);
#989=VERTEX_POINT('',#2619);
#990=VERTEX_POINT('',#2623);
#991=VERTEX_POINT('',#2625);
#992=VERTEX_POINT('',#2629);
#993=VERTEX_POINT('',#2634);
#994=VERTEX_POINT('',#2639);
#995=VERTEX_POINT('',#2640);
#996=VERTEX_POINT('',#2642);
#997=VERTEX_POINT('',#2644);
#998=VERTEX_POINT('',#2646);
#999=VERTEX_POINT('',#2648);
#1000=VERTEX_POINT('',#2650);
#1001=VERTEX_POINT('',#2654);
#1002=VERTEX_POINT('',#2655);
#1003=VERTEX_POINT('',#2657);
#1004=VERTEX_POINT('',#2659);
#1005=VERTEX_POINT('',#2661);
#1006=VERTEX_POINT('',#2663);
#1007=VERTEX_POINT('',#2665);
#1008=VERTEX_POINT('',#2673);
#1009=VERTEX_POINT('',#2674);
#1010=VERTEX_POINT('',#2676);
#1011=VERTEX_POINT('',#2678);
#1012=VERTEX_POINT('',#2682);
#1013=VERTEX_POINT('',#2684);
#1014=VERTEX_POINT('',#2686);
#1015=VERTEX_POINT('',#2689);
#1016=VERTEX_POINT('',#2691);
#1017=VERTEX_POINT('',#2695);
#1018=VERTEX_POINT('',#2697);
#1019=VERTEX_POINT('',#2699);
#1020=VERTEX_POINT('',#2702);
#1021=VERTEX_POINT('',#2705);
#1022=VERTEX_POINT('',#2707);
#1023=VERTEX_POINT('',#2710);
#1024=VERTEX_POINT('',#2719);
#1025=VERTEX_POINT('',#2720);
#1026=VERTEX_POINT('',#2723);
#1027=VERTEX_POINT('',#2729);
#1028=VERTEX_POINT('',#2733);
#1029=VERTEX_POINT('',#2735);
#1030=VERTEX_POINT('',#2746);
#1031=VERTEX_POINT('',#2752);
#1032=VERTEX_POINT('',#2753);
#1033=VERTEX_POINT('',#2758);
#1034=VERTEX_POINT('',#2764);
#1035=VERTEX_POINT('',#2766);
#1036=VERTEX_POINT('',#2770);
#1037=VERTEX_POINT('',#2812);
#1038=VERTEX_POINT('',#2814);
#1039=VERTEX_POINT('',#2817);
#1040=VERTEX_POINT('',#2819);
#1041=VERTEX_POINT('',#2822);
#1042=VERTEX_POINT('',#2824);
#1043=VERTEX_POINT('',#2827);
#1044=VERTEX_POINT('',#2829);
#1045=VERTEX_POINT('',#2832);
#1046=VERTEX_POINT('',#2833);
#1047=VERTEX_POINT('',#2838);
#1048=VERTEX_POINT('',#2848);
#1049=VERTEX_POINT('',#2849);
#1050=VERTEX_POINT('',#2854);
#1051=VERTEX_POINT('',#2864);
#1052=VERTEX_POINT('',#2865);
#1053=VERTEX_POINT('',#2867);
#1054=VERTEX_POINT('',#2869);
#1055=VERTEX_POINT('',#2871);
#1056=VERTEX_POINT('',#2875);
#1057=VERTEX_POINT('',#2876);
#1058=VERTEX_POINT('',#2879);
#1059=VERTEX_POINT('',#2886);
#1060=VERTEX_POINT('',#2888);
#1061=VERTEX_POINT('',#2920);
#1062=VERTEX_POINT('',#2924);
#1063=VERTEX_POINT('',#2927);
#1064=VERTEX_POINT('',#2933);
#1065=LINE('',#2361,#1194);
#1066=LINE('',#2366,#1195);
#1067=LINE('',#2377,#1196);
#1068=LINE('',#2381,#1197);
#1069=LINE('',#2385,#1198);
#1070=LINE('',#2389,#1199);
#1071=LINE('',#2399,#1200);
#1072=LINE('',#2411,#1201);
#1073=LINE('',#2421,#1202);
#1074=LINE('',#2425,#1203);
#1075=LINE('',#2429,#1204);
#1076=LINE('',#2433,#1205);
#1077=LINE('',#2437,#1206);
#1078=LINE('',#2441,#1207);
#1079=LINE('',#2451,#1208);
#1080=LINE('',#2455,#1209);
#1081=LINE('',#2462,#1210);
#1082=LINE('',#2466,#1211);
#1083=LINE('',#2467,#1212);
#1084=LINE('',#2469,#1213);
#1085=LINE('',#2471,#1214);
#1086=LINE('',#2473,#1215);
#1087=LINE('',#2479,#1216);
#1088=LINE('',#2481,#1217);
#1089=LINE('',#2483,#1218);
#1090=LINE('',#2488,#1219);
#1091=LINE('',#2490,#1220);
#1092=LINE('',#2492,#1221);
#1093=LINE('',#2493,#1222);
#1094=LINE('',#2495,#1223);
#1095=LINE('',#2497,#1224);
#1096=LINE('',#2498,#1225);
#1097=LINE('',#2499,#1226);
#1098=LINE('',#2503,#1227);
#1099=LINE('',#2507,#1228);
#1100=LINE('',#2511,#1229);
#1101=LINE('',#2516,#1230);
#1102=LINE('',#2521,#1231);
#1103=LINE('',#2522,#1232);
#1104=LINE('',#2527,#1233);
#1105=LINE('',#2537,#1234);
#1106=LINE('',#2547,#1235);
#1107=LINE('',#2549,#1236);
#1108=LINE('',#2554,#1237);
#1109=LINE('',#2567,#1238);
#1110=LINE('',#2577,#1239);
#1111=LINE('',#2579,#1240);
#1112=LINE('',#2589,#1241);
#1113=LINE('',#2594,#1242);
#1114=LINE('',#2604,#1243);
#1115=LINE('',#2607,#1244);
#1116=LINE('',#2608,#1245);
#1117=LINE('',#2610,#1246);
#1118=LINE('',#2612,#1247);
#1119=LINE('',#2614,#1248);
#1120=LINE('',#2618,#1249);
#1121=LINE('',#2624,#1250);
#1122=LINE('',#2628,#1251);
#1123=LINE('',#2630,#1252);
#1124=LINE('',#2631,#1253);
#1125=LINE('',#2633,#1254);
#1126=LINE('',#2635,#1255);
#1127=LINE('',#2636,#1256);
#1128=LINE('',#2638,#1257);
#1129=LINE('',#2643,#1258);
#1130=LINE('',#2645,#1259);
#1131=LINE('',#2647,#1260);
#1132=LINE('',#2649,#1261);
#1133=LINE('',#2651,#1262);
#1134=LINE('',#2656,#1263);
#1135=LINE('',#2660,#1264);
#1136=LINE('',#2664,#1265);
#1137=LINE('',#2675,#1266);
#1138=LINE('',#2679,#1267);
#1139=LINE('',#2687,#1268);
#1140=LINE('',#2690,#1269);
#1141=LINE('',#2693,#1270);
#1142=LINE('',#2696,#1271);
#1143=LINE('',#2703,#1272);
#1144=LINE('',#2706,#1273);
#1145=LINE('',#2709,#1274);
#1146=LINE('',#2713,#1275);
#1147=LINE('',#2714,#1276);
#1148=LINE('',#2715,#1277);
#1149=LINE('',#2718,#1278);
#1150=LINE('',#2726,#1279);
#1151=LINE('',#2730,#1280);
#1152=LINE('',#2732,#1281);
#1153=LINE('',#2734,#1282);
#1154=LINE('',#2737,#1283);
#1155=LINE('',#2739,#1284);
#1156=LINE('',#2741,#1285);
#1157=LINE('',#2742,#1286);
#1158=LINE('',#2743,#1287);
#1159=LINE('',#2747,#1288);
#1160=LINE('',#2749,#1289);
#1161=LINE('',#2751,#1290);
#1162=LINE('',#2754,#1291);
#1163=LINE('',#2755,#1292);
#1164=LINE('',#2761,#1293);
#1165=LINE('',#2763,#1294);
#1166=LINE('',#2765,#1295);
#1167=LINE('',#2767,#1296);
#1168=LINE('',#2772,#1297);
#1169=LINE('',#2778,#1298);
#1170=LINE('',#2813,#1299);
#1171=LINE('',#2816,#1300);
#1172=LINE('',#2823,#1301);
#1173=LINE('',#2831,#1302);
#1174=LINE('',#2834,#1303);
#1175=LINE('',#2835,#1304);
#1176=LINE('',#2842,#1305);
#1177=LINE('',#2847,#1306);
#1178=LINE('',#2850,#1307);
#1179=LINE('',#2851,#1308);
#1180=LINE('',#2856,#1309);
#1181=LINE('',#2863,#1310);
#1182=LINE('',#2870,#1311);
#1183=LINE('',#2874,#1312);
#1184=LINE('',#2877,#1313);
#1185=LINE('',#2880,#1314);
#1186=LINE('',#2882,#1315);
#1187=LINE('',#2883,#1316);
#1188=LINE('',#2885,#1317);
#1189=LINE('',#2887,#1318);
#1190=LINE('',#2918,#1319);
#1191=LINE('',#2922,#1320);
#1192=LINE('',#2928,#1321);
#1193=LINE('',#2934,#1322);
#1194=VECTOR('',#1864,1.);
#1195=VECTOR('',#1867,1.);
#1196=VECTOR('',#1870,1.);
#1197=VECTOR('',#1873,1.);
#1198=VECTOR('',#1876,1.);
#1199=VECTOR('',#1879,1.);
#1200=VECTOR('',#1882,1.);
#1201=VECTOR('',#1885,1.);
#1202=VECTOR('',#1888,1.);
#1203=VECTOR('',#1891,1.);
#1204=VECTOR('',#1894,1.);
#1205=VECTOR('',#1897,1.);
#1206=VECTOR('',#1900,1.);
#1207=VECTOR('',#1903,1.);
#1208=VECTOR('',#1906,1.);
#1209=VECTOR('',#1911,1.);
#1210=VECTOR('',#1916,1.);
#1211=VECTOR('',#1919,1.);
#1212=VECTOR('',#1920,1.);
#1213=VECTOR('',#1921,1.);
#1214=VECTOR('',#1924,1.);
#1215=VECTOR('',#1925,1.);
#1216=VECTOR('',#1930,1.);
#1217=VECTOR('',#1931,1.);
#1218=VECTOR('',#1934,1.);
#1219=VECTOR('',#1937,1.);
#1220=VECTOR('',#1938,1.);
#1221=VECTOR('',#1939,1.);
#1222=VECTOR('',#1940,1.);
#1223=VECTOR('',#1941,1.);
#1224=VECTOR('',#1944,1.);
#1225=VECTOR('',#1945,1.);
#1226=VECTOR('',#1946,1.);
#1227=VECTOR('',#1949,1.);
#1228=VECTOR('',#1952,1.);
#1229=VECTOR('',#1955,1.);
#1230=VECTOR('',#1960,1.);
#1231=VECTOR('',#1965,1.);
#1232=VECTOR('',#1966,1.);
#1233=VECTOR('',#1971,1.);
#1234=VECTOR('',#1974,1.);
#1235=VECTOR('',#1977,1.);
#1236=VECTOR('',#1980,1.);
#1237=VECTOR('',#1983,1.);
#1238=VECTOR('',#1990,1.);
#1239=VECTOR('',#1993,1.);
#1240=VECTOR('',#1996,1.);
#1241=VECTOR('',#1999,1.);
#1242=VECTOR('',#2002,1.);
#1243=VECTOR('',#2007,1.);
#1244=VECTOR('',#2008,1.);
#1245=VECTOR('',#2009,1.);
#1246=VECTOR('',#2012,1.);
#1247=VECTOR('',#2013,1.);
#1248=VECTOR('',#2014,1.);
#1249=VECTOR('',#2019,1.);
#1250=VECTOR('',#2026,1.);
#1251=VECTOR('',#2031,1.);
#1252=VECTOR('',#2032,1.);
#1253=VECTOR('',#2033,1.);
#1254=VECTOR('',#2036,1.);
#1255=VECTOR('',#2037,1.);
#1256=VECTOR('',#2038,1.);
#1257=VECTOR('',#2041,1.);
#1258=VECTOR('',#2044,1.);
#1259=VECTOR('',#2045,1.);
#1260=VECTOR('',#2046,1.);
#1261=VECTOR('',#2047,1.);
#1262=VECTOR('',#2048,1.);
#1263=VECTOR('',#2053,1.);
#1264=VECTOR('',#2056,1.);
#1265=VECTOR('',#2059,1.);
#1266=VECTOR('',#2064,1.);
#1267=VECTOR('',#2067,1.);
#1268=VECTOR('',#2076,1.);
#1269=VECTOR('',#2079,1.);
#1270=VECTOR('',#2082,1.);
#1271=VECTOR('',#2085,1.);
#1272=VECTOR('',#2092,1.);
#1273=VECTOR('',#2095,1.);
#1274=VECTOR('',#2098,1.);
#1275=VECTOR('',#2103,1.);
#1276=VECTOR('',#2104,1.);
#1277=VECTOR('',#2105,1.);
#1278=VECTOR('',#2110,1.);
#1279=VECTOR('',#2119,1.);
#1280=VECTOR('',#2124,1.);
#1281=VECTOR('',#2127,1.);
#1282=VECTOR('',#2128,1.);
#1283=VECTOR('',#2131,1.);
#1284=VECTOR('',#2134,1.);
#1285=VECTOR('',#2137,1.);
#1286=VECTOR('',#2138,1.);
#1287=VECTOR('',#2139,1.);
#1288=VECTOR('',#2144,1.);
#1289=VECTOR('',#2147,1.);
#1290=VECTOR('',#2150,1.);
#1291=VECTOR('',#2151,1.);
#1292=VECTOR('',#2152,1.);
#1293=VECTOR('',#2161,1.);
#1294=VECTOR('',#2164,1.);
#1295=VECTOR('',#2165,1.);
#1296=VECTOR('',#2166,1.);
#1297=VECTOR('',#2173,1.);
#1298=VECTOR('',#2184,1.);
#1299=VECTOR('',#2217,1.);
#1300=VECTOR('',#2220,1.);
#1301=VECTOR('',#2227,1.);
#1302=VECTOR('',#2236,1.);
#1303=VECTOR('',#2237,1.);
#1304=VECTOR('',#2238,1.);
#1305=VECTOR('',#2249,1.);
#1306=VECTOR('',#2258,1.);
#1307=VECTOR('',#2259,1.);
#1308=VECTOR('',#2260,1.);
#1309=VECTOR('',#2267,1.);
#1310=VECTOR('',#2280,1.);
#1311=VECTOR('',#2285,1.);
#1312=VECTOR('',#2290,1.);
#1313=VECTOR('',#2291,1.);
#1314=VECTOR('',#2294,1.);
#1315=VECTOR('',#2297,1.);
#1316=VECTOR('',#2298,1.);
#1317=VECTOR('',#2301,1.);
#1318=VECTOR('',#2302,1.);
#1319=VECTOR('',#2333,1.);
#1320=VECTOR('',#2338,1.);
#1321=VECTOR('',#2345,1.);
#1322=VECTOR('',#2354,1.);
#1323=EDGE_LOOP('',(#167,#168,#169,#170,#171,#172,#173,#174,#175,#176,#177,
#178,#179,#180,#181,#182,#183,#184,#185,#186,#187,#188,#189,#190,#191,#192,
#193,#194,#195,#196,#197,#198,#199,#200,#201));
#1324=EDGE_LOOP('',(#202,#203,#204,#205,#206,#207,#208,#209,#210));
#1325=EDGE_LOOP('',(#211,#212,#213,#214,#215,#216,#217));
#1326=EDGE_LOOP('',(#218,#219,#220,#221,#222,#223,#224,#225));
#1327=EDGE_LOOP('',(#226,#227,#228,#229,#230,#231,#232,#233,#234,#235,#236,
#237));
#1328=EDGE_LOOP('',(#238,#239,#240,#241,#242,#243,#244,#245));
#1329=EDGE_LOOP('',(#246,#247,#248,#249,#250));
#1330=EDGE_LOOP('',(#251,#252,#253));
#1331=EDGE_LOOP('',(#254,#255,#256,#257,#258));
#1332=EDGE_LOOP('',(#259,#260,#261,#262,#263));
#1333=EDGE_LOOP('',(#264,#265,#266));
#1334=EDGE_LOOP('',(#267,#268,#269,#270,#271));
#1335=EDGE_LOOP('',(#272,#273,#274,#275));
#1336=EDGE_LOOP('',(#276,#277,#278,#279));
#1337=EDGE_LOOP('',(#280,#281,#282,#283));
#1338=EDGE_LOOP('',(#284,#285,#286,#287));
#1339=EDGE_LOOP('',(#288,#289,#290,#291,#292,#293));
#1340=EDGE_LOOP('',(#294,#295,#296,#297,#298,#299));
#1341=EDGE_LOOP('',(#300,#301,#302,#303,#304,#305,#306));
#1342=EDGE_LOOP('',(#307,#308,#309,#310,#311,#312,#313));
#1343=EDGE_LOOP('',(#314,#315,#316,#317));
#1344=EDGE_LOOP('',(#318));
#1345=EDGE_LOOP('',(#319));
#1346=EDGE_LOOP('',(#320,#321,#322,#323,#324,#325,#326,#327,#328,#329,#330,
#331,#332,#333,#334,#335,#336,#337,#338,#339,#340,#341,#342,#343));
#1347=EDGE_LOOP('',(#344,#345,#346,#347,#348,#349,#350,#351));
#1348=EDGE_LOOP('',(#352,#353,#354,#355));
#1349=EDGE_LOOP('',(#356,#357,#358,#359,#360));
#1350=EDGE_LOOP('',(#361,#362,#363,#364));
#1351=EDGE_LOOP('',(#365,#366,#367,#368));
#1352=EDGE_LOOP('',(#369,#370,#371,#372,#373,#374,#375));
#1353=EDGE_LOOP('',(#376,#377,#378,#379));
#1354=EDGE_LOOP('',(#380,#381,#382,#383,#384,#385,#386,#387));
#1355=EDGE_LOOP('',(#388,#389,#390,#391));
#1356=EDGE_LOOP('',(#392,#393,#394,#395));
#1357=EDGE_LOOP('',(#396,#397,#398,#399));
#1358=EDGE_LOOP('',(#400));
#1359=EDGE_LOOP('',(#401,#402,#403,#404,#405,#406));
#1360=EDGE_LOOP('',(#407,#408,#409,#410));
#1361=EDGE_LOOP('',(#411));
#1362=EDGE_LOOP('',(#412,#413,#414,#415,#416,#417));
#1363=EDGE_LOOP('',(#418,#419,#420,#421));
#1364=EDGE_LOOP('',(#422,#423,#424,#425,#426,#427));
#1365=EDGE_LOOP('',(#428,#429,#430,#431,#432));
#1366=EDGE_LOOP('',(#433,#434,#435,#436,#437,#438));
#1367=EDGE_LOOP('',(#439));
#1368=EDGE_LOOP('',(#440));
#1369=EDGE_LOOP('',(#441));
#1370=EDGE_LOOP('',(#442));
#1371=EDGE_LOOP('',(#443,#444,#445,#446));
#1372=EDGE_LOOP('',(#447,#448,#449,#450));
#1373=EDGE_LOOP('',(#451,#452,#453,#454));
#1374=EDGE_LOOP('',(#455,#456,#457,#458));
#1375=EDGE_LOOP('',(#459,#460,#461,#462));
#1376=EDGE_LOOP('',(#463,#464,#465,#466));
#1377=EDGE_LOOP('',(#467,#468,#469,#470));
#1378=EDGE_LOOP('',(#471,#472,#473,#474,#475,#476));
#1379=EDGE_LOOP('',(#477,#478,#479,#480));
#1380=EDGE_LOOP('',(#481,#482,#483,#484,#485,#486,#487,#488,#489,#490,#491,
#492,#493,#494,#495,#496,#497,#498,#499,#500,#501,#502));
#1381=EDGE_LOOP('',(#503));
#1382=EDGE_LOOP('',(#504));
#1383=EDGE_LOOP('',(#505,#506,#507,#508));
#1384=EDGE_LOOP('',(#509));
#1385=EDGE_LOOP('',(#510));
#1386=EDGE_LOOP('',(#511,#512,#513,#514,#515,#516));
#1387=EDGE_LOOP('',(#517));
#1388=EDGE_LOOP('',(#518,#519,#520,#521));
#1389=EDGE_LOOP('',(#522,#523,#524,#525));
#1390=EDGE_LOOP('',(#526,#527,#528,#529));
#1391=EDGE_LOOP('',(#530,#531,#532,#533));
#1392=EDGE_LOOP('',(#534));
#1393=EDGE_LOOP('',(#535));
#1394=EDGE_LOOP('',(#536,#537,#538,#539,#540,#541));
#1395=EDGE_LOOP('',(#542));
#1396=EDGE_LOOP('',(#543,#544,#545,#546));
#1397=EDGE_LOOP('',(#547,#548,#549,#550));
#1398=EDGE_LOOP('',(#551,#552,#553,#554));
#1399=EDGE_LOOP('',(#555,#556,#557,#558,#559));
#1400=EDGE_LOOP('',(#560,#561,#562,#563,#564));
#1401=EDGE_LOOP('',(#565,#566,#567,#568));
#1402=EDGE_LOOP('',(#569,#570,#571,#572,#573,#574,#575));
#1403=EDGE_LOOP('',(#576,#577,#578,#579,#580,#581));
#1404=EDGE_LOOP('',(#582,#583,#584,#585,#586));
#1405=EDGE_LOOP('',(#587,#588,#589,#590));
#1406=EDGE_LOOP('',(#591,#592,#593,#594,#595,#596));
#1407=EDGE_LOOP('',(#597,#598,#599,#600));
#1408=EDGE_LOOP('',(#601,#602,#603,#604,#605,#606));
#1409=EDGE_LOOP('',(#607,#608,#609,#610));
#1410=EDGE_LOOP('',(#611,#612,#613,#614));
#1411=EDGE_LOOP('',(#615,#616,#617,#618));
#1412=EDGE_LOOP('',(#619,#620,#621,#622));
#1413=EDGE_LOOP('',(#623,#624,#625,#626));
#1414=EDGE_LOOP('',(#627));
#1415=EDGE_LOOP('',(#628,#629,#630,#631));
#1416=EDGE_LOOP('',(#632));
#1417=EDGE_LOOP('',(#633));
#1418=EDGE_LOOP('',(#634,#635,#636,#637));
#1419=EDGE_LOOP('',(#638,#639,#640,#641));
#1420=EDGE_LOOP('',(#642));
#1421=EDGE_LOOP('',(#643));
#1422=EDGE_LOOP('',(#644));
#1423=EDGE_LOOP('',(#645,#646,#647,#648));
#1424=EDGE_LOOP('',(#649,#650,#651,#652));
#1425=EDGE_LOOP('',(#653));
#1426=EDGE_LOOP('',(#654));
#1427=FACE_BOUND('',#1323,.T.);
#1428=FACE_BOUND('',#1324,.T.);
#1429=FACE_BOUND('',#1325,.T.);
#1430=FACE_BOUND('',#1326,.T.);
#1431=FACE_BOUND('',#1327,.T.);
#1432=FACE_BOUND('',#1328,.T.);
#1433=FACE_BOUND('',#1329,.T.);
#1434=FACE_BOUND('',#1330,.T.);
#1435=FACE_BOUND('',#1331,.T.);
#1436=FACE_BOUND('',#1332,.T.);
#1437=FACE_BOUND('',#1333,.T.);
#1438=FACE_BOUND('',#1334,.T.);
#1439=FACE_BOUND('',#1335,.T.);
#1440=FACE_BOUND('',#1336,.T.);
#1441=FACE_BOUND('',#1337,.T.);
#1442=FACE_BOUND('',#1338,.T.);
#1443=FACE_BOUND('',#1339,.T.);
#1444=FACE_BOUND('',#1340,.T.);
#1445=FACE_BOUND('',#1341,.T.);
#1446=FACE_BOUND('',#1342,.T.);
#1447=FACE_BOUND('',#1343,.T.);
#1448=FACE_BOUND('',#1344,.T.);
#1449=FACE_BOUND('',#1345,.T.);
#1450=FACE_BOUND('',#1346,.T.);
#1451=FACE_BOUND('',#1347,.T.);
#1452=FACE_BOUND('',#1348,.T.);
#1453=FACE_BOUND('',#1349,.T.);
#1454=FACE_BOUND('',#1350,.T.);
#1455=FACE_BOUND('',#1351,.T.);
#1456=FACE_BOUND('',#1352,.T.);
#1457=FACE_BOUND('',#1353,.T.);
#1458=FACE_BOUND('',#1354,.T.);
#1459=FACE_BOUND('',#1355,.T.);
#1460=FACE_BOUND('',#1356,.T.);
#1461=FACE_BOUND('',#1357,.T.);
#1462=FACE_BOUND('',#1358,.T.);
#1463=FACE_BOUND('',#1359,.T.);
#1464=FACE_BOUND('',#1360,.T.);
#1465=FACE_BOUND('',#1361,.T.);
#1466=FACE_BOUND('',#1362,.T.);
#1467=FACE_BOUND('',#1363,.T.);
#1468=FACE_BOUND('',#1364,.T.);
#1469=FACE_BOUND('',#1365,.T.);
#1470=FACE_BOUND('',#1366,.T.);
#1471=FACE_BOUND('',#1367,.T.);
#1472=FACE_BOUND('',#1368,.T.);
#1473=FACE_BOUND('',#1369,.T.);
#1474=FACE_BOUND('',#1370,.T.);
#1475=FACE_BOUND('',#1371,.T.);
#1476=FACE_BOUND('',#1372,.T.);
#1477=FACE_BOUND('',#1373,.T.);
#1478=FACE_BOUND('',#1374,.T.);
#1479=FACE_BOUND('',#1375,.T.);
#1480=FACE_BOUND('',#1376,.T.);
#1481=FACE_BOUND('',#1377,.T.);
#1482=FACE_BOUND('',#1378,.T.);
#1483=FACE_BOUND('',#1379,.T.);
#1484=FACE_BOUND('',#1380,.T.);
#1485=FACE_BOUND('',#1381,.T.);
#1486=FACE_BOUND('',#1382,.T.);
#1487=FACE_BOUND('',#1383,.T.);
#1488=FACE_BOUND('',#1384,.T.);
#1489=FACE_BOUND('',#1385,.T.);
#1490=FACE_BOUND('',#1386,.T.);
#1491=FACE_BOUND('',#1387,.T.);
#1492=FACE_BOUND('',#1388,.T.);
#1493=FACE_BOUND('',#1389,.T.);
#1494=FACE_BOUND('',#1390,.T.);
#1495=FACE_BOUND('',#1391,.T.);
#1496=FACE_BOUND('',#1392,.T.);
#1497=FACE_BOUND('',#1393,.T.);
#1498=FACE_BOUND('',#1394,.T.);
#1499=FACE_BOUND('',#1395,.T.);
#1500=FACE_BOUND('',#1396,.T.);
#1501=FACE_BOUND('',#1397,.T.);
#1502=FACE_BOUND('',#1398,.T.);
#1503=FACE_BOUND('',#1399,.T.);
#1504=FACE_BOUND('',#1400,.T.);
#1505=FACE_BOUND('',#1401,.T.);
#1506=FACE_BOUND('',#1402,.T.);
#1507=FACE_BOUND('',#1403,.T.);
#1508=FACE_BOUND('',#1404,.T.);
#1509=FACE_BOUND('',#1405,.T.);
#1510=FACE_BOUND('',#1406,.T.);
#1511=FACE_BOUND('',#1407,.T.);
#1512=FACE_BOUND('',#1408,.T.);
#1513=FACE_BOUND('',#1409,.T.);
#1514=FACE_BOUND('',#1410,.T.);
#1515=FACE_BOUND('',#1411,.T.);
#1516=FACE_BOUND('',#1412,.T.);
#1517=FACE_BOUND('',#1413,.T.);
#1518=FACE_BOUND('',#1414,.T.);
#1519=FACE_BOUND('',#1415,.T.);
#1520=FACE_BOUND('',#1416,.T.);
#1521=FACE_BOUND('',#1417,.T.);
#1522=FACE_BOUND('',#1418,.T.);
#1523=FACE_BOUND('',#1419,.T.);
#1524=FACE_BOUND('',#1420,.T.);
#1525=FACE_BOUND('',#1421,.T.);
#1526=FACE_BOUND('',#1422,.T.);
#1527=FACE_BOUND('',#1423,.T.);
#1528=FACE_BOUND('',#1424,.T.);
#1529=FACE_BOUND('',#1425,.T.);
#1530=FACE_BOUND('',#1426,.T.);
#1531=CYLINDRICAL_SURFACE('',#1676,0.07254);
#1532=CYLINDRICAL_SURFACE('',#1701,0.0576);
#1533=CYLINDRICAL_SURFACE('',#1709,0.06604);
#1534=CYLINDRICAL_SURFACE('',#1712,0.06604);
#1535=CYLINDRICAL_SURFACE('',#1713,0.06604);
#1536=CYLINDRICAL_SURFACE('',#1716,0.06604);
#1537=CYLINDRICAL_SURFACE('',#1719,0.06604);
#1538=CYLINDRICAL_SURFACE('',#1720,0.06604);
#1539=CYLINDRICAL_SURFACE('',#1725,0.0799999999999987);
#1540=CYLINDRICAL_SURFACE('',#1728,0.0799999999999991);
#1541=CYLINDRICAL_SURFACE('',#1735,0.07254);
#1542=CYLINDRICAL_SURFACE('',#1739,0.001);
#1543=CYLINDRICAL_SURFACE('',#1756,0.01);
#1544=CYLINDRICAL_SURFACE('',#1762,0.0775400000000016);
#1545=CYLINDRICAL_SURFACE('',#1766,0.08254);
#1546=CYLINDRICAL_SURFACE('',#1768,0.07754);
#1547=CYLINDRICAL_SURFACE('',#1781,0.002);
#1548=CYLINDRICAL_SURFACE('',#1785,0.01);
#1549=CYLINDRICAL_SURFACE('',#1786,0.001525);
#1550=CYLINDRICAL_SURFACE('',#1787,0.001525);
#1551=CYLINDRICAL_SURFACE('',#1788,0.001);
#1552=CYLINDRICAL_SURFACE('',#1789,0.001);
#1553=CYLINDRICAL_SURFACE('',#1790,0.001);
#1554=CYLINDRICAL_SURFACE('',#1791,0.001);
#1555=CYLINDRICAL_SURFACE('',#1792,0.001);
#1556=CYLINDRICAL_SURFACE('',#1793,0.001);
#1557=CYLINDRICAL_SURFACE('',#1794,0.002);
#1558=CYLINDRICAL_SURFACE('',#1796,0.002);
#1559=CYLINDRICAL_SURFACE('',#1809,0.001525);
#1560=CYLINDRICAL_SURFACE('',#1814,0.001);
#1561=CYLINDRICAL_SURFACE('',#1815,0.001);
#1562=CYLINDRICAL_SURFACE('',#1816,0.002);
#1563=CYLINDRICAL_SURFACE('',#1818,0.001525);
#1564=CYLINDRICAL_SURFACE('',#1823,0.001);
#1565=CYLINDRICAL_SURFACE('',#1824,0.001);
#1566=CYLINDRICAL_SURFACE('',#1825,0.002);
#1567=CYLINDRICAL_SURFACE('',#1832,0.085);
#1568=CYLINDRICAL_SURFACE('',#1840,0.005);
#1569=CYLINDRICAL_SURFACE('',#1842,0.005);
#1570=CYLINDRICAL_SURFACE('',#1843,0.005);
#1571=CYLINDRICAL_SURFACE('',#1844,0.003);
#1572=CYLINDRICAL_SURFACE('',#1845,0.003);
#1573=CYLINDRICAL_SURFACE('',#1846,0.003);
#1574=CYLINDRICAL_SURFACE('',#1847,0.003);
#1575=CYLINDRICAL_SURFACE('',#1855,0.00155);
#1576=CYLINDRICAL_SURFACE('',#1859,0.00155);
#1577=ADVANCED_FACE('',(#1427),#1531,.T.);
#1578=ADVANCED_FACE('',(#1428),#14,.T.);
#1579=ADVANCED_FACE('',(#1429),#15,.T.);
#1580=ADVANCED_FACE('',(#1430),#16,.F.);
#1581=ADVANCED_FACE('',(#1431),#1532,.F.);
#1582=ADVANCED_FACE('',(#1432),#17,.T.);
#1583=ADVANCED_FACE('',(#1433),#1533,.F.);
#1584=ADVANCED_FACE('',(#1434),#1534,.F.);
#1585=ADVANCED_FACE('',(#1435),#1535,.F.);
#1586=ADVANCED_FACE('',(#1436),#1536,.F.);
#1587=ADVANCED_FACE('',(#1437),#1537,.F.);
#1588=ADVANCED_FACE('',(#1438),#1538,.F.);
#1589=ADVANCED_FACE('',(#1439),#18,.T.);
#1590=ADVANCED_FACE('',(#1440),#19,.F.);
#1591=ADVANCED_FACE('',(#1441),#1539,.F.);
#1592=ADVANCED_FACE('',(#1442),#1540,.F.);
#1593=ADVANCED_FACE('',(#1443),#20,.F.);
#1594=ADVANCED_FACE('',(#1444),#21,.F.);
#1595=ADVANCED_FACE('',(#1445),#22,.T.);
#1596=ADVANCED_FACE('',(#1446),#1541,.T.);
#1597=ADVANCED_FACE('',(#1447),#1542,.F.);
#1598=ADVANCED_FACE('',(#1448,#1449,#1450),#23,.F.);
#1599=ADVANCED_FACE('',(#1451),#24,.F.);
#1600=ADVANCED_FACE('',(#1452),#1543,.F.);
#1601=ADVANCED_FACE('',(#1453),#25,.F.);
#1602=ADVANCED_FACE('',(#1454),#26,.F.);
#1603=ADVANCED_FACE('',(#1455),#1544,.F.);
#1604=ADVANCED_FACE('',(#1456),#27,.F.);
#1605=ADVANCED_FACE('',(#1457),#1545,.T.);
#1606=ADVANCED_FACE('',(#1458),#28,.T.);
#1607=ADVANCED_FACE('',(#1459),#1546,.F.);
#1608=ADVANCED_FACE('',(#1460),#29,.T.);
#1609=ADVANCED_FACE('',(#1461),#30,.T.);
#1610=ADVANCED_FACE('',(#1462,#1463),#31,.F.);
#1611=ADVANCED_FACE('',(#1464),#32,.F.);
#1612=ADVANCED_FACE('',(#1465,#1466),#33,.F.);
#1613=ADVANCED_FACE('',(#1467),#1547,.T.);
#1614=ADVANCED_FACE('',(#1468),#34,.F.);
#1615=ADVANCED_FACE('',(#1469),#35,.F.);
#1616=ADVANCED_FACE('',(#1470),#1548,.F.);
#1617=ADVANCED_FACE('',(#1471,#1472),#1549,.F.);
#1618=ADVANCED_FACE('',(#1473,#1474),#1550,.F.);
#1619=ADVANCED_FACE('',(#1475),#1551,.F.);
#1620=ADVANCED_FACE('',(#1476),#1552,.F.);
#1621=ADVANCED_FACE('',(#1477),#1553,.T.);
#1622=ADVANCED_FACE('',(#1478),#1554,.T.);
#1623=ADVANCED_FACE('',(#1479),#1555,.T.);
#1624=ADVANCED_FACE('',(#1480),#1556,.T.);
#1625=ADVANCED_FACE('',(#1481),#1557,.F.);
#1626=ADVANCED_FACE('',(#1482),#12,.F.);
#1627=ADVANCED_FACE('',(#1483),#1558,.F.);
#1628=ADVANCED_FACE('',(#1484,#1485,#1486),#36,.T.);
#1629=ADVANCED_FACE('',(#1487),#37,.T.);
#1630=ADVANCED_FACE('',(#1488,#1489),#1559,.F.);
#1631=ADVANCED_FACE('',(#1490,#1491),#38,.F.);
#1632=ADVANCED_FACE('',(#1492),#1560,.T.);
#1633=ADVANCED_FACE('',(#1493),#1561,.T.);
#1634=ADVANCED_FACE('',(#1494),#1562,.F.);
#1635=ADVANCED_FACE('',(#1495),#39,.T.);
#1636=ADVANCED_FACE('',(#1496,#1497),#1563,.F.);
#1637=ADVANCED_FACE('',(#1498,#1499),#40,.F.);
#1638=ADVANCED_FACE('',(#1500),#1564,.T.);
#1639=ADVANCED_FACE('',(#1501),#1565,.T.);
#1640=ADVANCED_FACE('',(#1502),#1566,.F.);
#1641=ADVANCED_FACE('',(#1503),#41,.F.);
#1642=ADVANCED_FACE('',(#1504),#42,.T.);
#1643=ADVANCED_FACE('',(#1505),#1567,.T.);
#1644=ADVANCED_FACE('',(#1506),#43,.F.);
#1645=ADVANCED_FACE('',(#1507),#44,.F.);
#1646=ADVANCED_FACE('',(#1508),#45,.F.);
#1647=ADVANCED_FACE('',(#1509),#1568,.F.);
#1648=ADVANCED_FACE('',(#1510),#13,.F.);
#1649=ADVANCED_FACE('',(#1511),#1569,.F.);
#1650=ADVANCED_FACE('',(#1512),#1570,.T.);
#1651=ADVANCED_FACE('',(#1513),#1571,.T.);
#1652=ADVANCED_FACE('',(#1514),#1572,.T.);
#1653=ADVANCED_FACE('',(#1515),#1573,.T.);
#1654=ADVANCED_FACE('',(#1516),#1574,.T.);
#1655=ADVANCED_FACE('',(#1517,#1518),#46,.T.);
#1656=ADVANCED_FACE('',(#1519,#1520),#47,.T.);
#1657=ADVANCED_FACE('',(#1521,#1522),#48,.F.);
#1658=ADVANCED_FACE('',(#1523),#49,.F.);
#1659=ADVANCED_FACE('',(#1524,#1525),#1575,.F.);
#1660=ADVANCED_FACE('',(#1526,#1527),#50,.F.);
#1661=ADVANCED_FACE('',(#1528),#51,.T.);
#1662=ADVANCED_FACE('',(#1529,#1530),#1576,.F.);
#1663=CLOSED_SHELL('',(#1577,#1578,#1579,#1580,#1581,#1582,#1583,#1584,
#1585,#1586,#1587,#1588,#1589,#1590,#1591,#1592,#1593,#1594,#1595,#1596,
#1597,#1598,#1599,#1600,#1601,#1602,#1603,#1604,#1605,#1606,#1607,#1608,
#1609,#1610,#1611,#1612,#1613,#1614,#1615,#1616,#1617,#1618,#1619,#1620,
#1621,#1622,#1623,#1624,#1625,#1626,#1627,#1628,#1629,#1630,#1631,#1632,
#1633,#1634,#1635,#1636,#1637,#1638,#1639,#1640,#1641,#1642,#1643,#1644,
#1645,#1646,#1647,#1648,#1649,#1650,#1651,#1652,#1653,#1654,#1655,#1656,
#1657,#1658,#1659,#1660,#1661,#1662));
#1664=STYLED_ITEM('',(#1665),#1672);
#1665=PRESENTATION_STYLE_ASSIGNMENT((#1666));
#1666=SURFACE_STYLE_USAGE(.BOTH.,#1667);
#1667=SURFACE_SIDE_STYLE('',(#1668));
#1668=SURFACE_STYLE_FILL_AREA(#1669);
#1669=FILL_AREA_STYLE('',(#1670));
#1670=FILL_AREA_STYLE_COLOUR('',#1671);
#1671=COLOUR_RGB('',0.615686274509804,0.811764705882353,0.929411764705882);
#1672=MANIFOLD_SOLID_BREP('hullcover2',#1663);
#1673=SHAPE_DEFINITION_REPRESENTATION(#2943,#1674);
#1674=SHAPE_REPRESENTATION('hullcover2',(#1675),#2938);
#1675=AXIS2_PLACEMENT_3D('',#2359,#1860,#1861);
#1676=AXIS2_PLACEMENT_3D('',#2360,#1862,#1863);
#1677=AXIS2_PLACEMENT_3D('',#2364,#1865,#1866);
#1678=AXIS2_PLACEMENT_3D('',#2368,#1868,#1869);
#1679=AXIS2_PLACEMENT_3D('',#2379,#1871,#1872);
#1680=AXIS2_PLACEMENT_3D('',#2383,#1874,#1875);
#1681=AXIS2_PLACEMENT_3D('',#2387,#1877,#1878);
#1682=AXIS2_PLACEMENT_3D('',#2391,#1880,#1881);
#1683=AXIS2_PLACEMENT_3D('',#2409,#1883,#1884);
#1684=AXIS2_PLACEMENT_3D('',#2419,#1886,#1887);
#1685=AXIS2_PLACEMENT_3D('',#2423,#1889,#1890);
#1686=AXIS2_PLACEMENT_3D('',#2427,#1892,#1893);
#1687=AXIS2_PLACEMENT_3D('',#2431,#1895,#1896);
#1688=AXIS2_PLACEMENT_3D('',#2435,#1898,#1899);
#1689=AXIS2_PLACEMENT_3D('',#2439,#1901,#1902);
#1690=AXIS2_PLACEMENT_3D('',#2443,#1904,#1905);
#1691=AXIS2_PLACEMENT_3D('',#2453,#1907,#1908);
#1692=AXIS2_PLACEMENT_3D('',#2454,#1909,#1910);
#1693=AXIS2_PLACEMENT_3D('',#2458,#1912,#1913);
#1694=AXIS2_PLACEMENT_3D('',#2460,#1914,#1915);
#1695=AXIS2_PLACEMENT_3D('',#2464,#1917,#1918);
#1696=AXIS2_PLACEMENT_3D('',#2470,#1922,#1923);
#1697=AXIS2_PLACEMENT_3D('',#2475,#1926,#1927);
#1698=AXIS2_PLACEMENT_3D('',#2477,#1928,#1929);
#1699=AXIS2_PLACEMENT_3D('',#2482,#1932,#1933);
#1700=AXIS2_PLACEMENT_3D('',#2486,#1935,#1936);
#1701=AXIS2_PLACEMENT_3D('',#2496,#1942,#1943);
#1702=AXIS2_PLACEMENT_3D('',#2501,#1947,#1948);
#1703=AXIS2_PLACEMENT_3D('',#2505,#1950,#1951);
#1704=AXIS2_PLACEMENT_3D('',#2509,#1953,#1954);
#1705=AXIS2_PLACEMENT_3D('',#2512,#1956,#1957);
#1706=AXIS2_PLACEMENT_3D('',#2513,#1958,#1959);
#1707=AXIS2_PLACEMENT_3D('',#2518,#1961,#1962);
#1708=AXIS2_PLACEMENT_3D('',#2519,#1963,#1964);
#1709=AXIS2_PLACEMENT_3D('',#2523,#1967,#1968);
#1710=AXIS2_PLACEMENT_3D('',#2524,#1969,#1970);
#1711=AXIS2_PLACEMENT_3D('',#2535,#1972,#1973);
#1712=AXIS2_PLACEMENT_3D('',#2538,#1975,#1976);
#1713=AXIS2_PLACEMENT_3D('',#2548,#1978,#1979);
#1714=AXIS2_PLACEMENT_3D('',#2552,#1981,#1982);
#1715=AXIS2_PLACEMENT_3D('',#2556,#1984,#1985);
#1716=AXIS2_PLACEMENT_3D('',#2563,#1986,#1987);
#1717=AXIS2_PLACEMENT_3D('',#2564,#1988,#1989);
#1718=AXIS2_PLACEMENT_3D('',#2575,#1991,#1992);
#1719=AXIS2_PLACEMENT_3D('',#2578,#1994,#1995);
#1720=AXIS2_PLACEMENT_3D('',#2588,#1997,#1998);
#1721=AXIS2_PLACEMENT_3D('',#2592,#2000,#2001);
#1722=AXIS2_PLACEMENT_3D('',#2596,#2003,#2004);
#1723=AXIS2_PLACEMENT_3D('',#2603,#2005,#2006);
#1724=AXIS2_PLACEMENT_3D('',#2609,#2010,#2011);
#1725=AXIS2_PLACEMENT_3D('',#2615,#2015,#2016);
#1726=AXIS2_PLACEMENT_3D('',#2616,#2017,#2018);
#1727=AXIS2_PLACEMENT_3D('',#2620,#2020,#2021);
#1728=AXIS2_PLACEMENT_3D('',#2621,#2022,#2023);
#1729=AXIS2_PLACEMENT_3D('',#2622,#2024,#2025);
#1730=AXIS2_PLACEMENT_3D('',#2626,#2027,#2028);
#1731=AXIS2_PLACEMENT_3D('',#2627,#2029,#2030);
#1732=AXIS2_PLACEMENT_3D('',#2632,#2034,#2035);
#1733=AXIS2_PLACEMENT_3D('',#2637,#2039,#2040);
#1734=AXIS2_PLACEMENT_3D('',#2641,#2042,#2043);
#1735=AXIS2_PLACEMENT_3D('',#2652,#2049,#2050);
#1736=AXIS2_PLACEMENT_3D('',#2653,#2051,#2052);
#1737=AXIS2_PLACEMENT_3D('',#2658,#2054,#2055);
#1738=AXIS2_PLACEMENT_3D('',#2662,#2057,#2058);
#1739=AXIS2_PLACEMENT_3D('',#2671,#2060,#2061);
#1740=AXIS2_PLACEMENT_3D('',#2672,#2062,#2063);
#1741=AXIS2_PLACEMENT_3D('',#2677,#2065,#2066);
#1742=AXIS2_PLACEMENT_3D('',#2680,#2068,#2069);
#1743=AXIS2_PLACEMENT_3D('',#2681,#2070,#2071);
#1744=AXIS2_PLACEMENT_3D('',#2683,#2072,#2073);
#1745=AXIS2_PLACEMENT_3D('',#2685,#2074,#2075);
#1746=AXIS2_PLACEMENT_3D('',#2688,#2077,#2078);
#1747=AXIS2_PLACEMENT_3D('',#2692,#2080,#2081);
#1748=AXIS2_PLACEMENT_3D('',#2694,#2083,#2084);
#1749=AXIS2_PLACEMENT_3D('',#2698,#2086,#2087);
#1750=AXIS2_PLACEMENT_3D('',#2700,#2088,#2089);
#1751=AXIS2_PLACEMENT_3D('',#2701,#2090,#2091);
#1752=AXIS2_PLACEMENT_3D('',#2704,#2093,#2094);
#1753=AXIS2_PLACEMENT_3D('',#2708,#2096,#2097);
#1754=AXIS2_PLACEMENT_3D('',#2711,#2099,#2100);
#1755=AXIS2_PLACEMENT_3D('',#2712,#2101,#2102);
#1756=AXIS2_PLACEMENT_3D('',#2716,#2106,#2107);
#1757=AXIS2_PLACEMENT_3D('',#2717,#2108,#2109);
#1758=AXIS2_PLACEMENT_3D('',#2721,#2111,#2112);
#1759=AXIS2_PLACEMENT_3D('',#2722,#2113,#2114);
#1760=AXIS2_PLACEMENT_3D('',#2724,#2115,#2116);
#1761=AXIS2_PLACEMENT_3D('',#2725,#2117,#2118);
#1762=AXIS2_PLACEMENT_3D('',#2727,#2120,#2121);
#1763=AXIS2_PLACEMENT_3D('',#2728,#2122,#2123);
#1764=AXIS2_PLACEMENT_3D('',#2731,#2125,#2126);
#1765=AXIS2_PLACEMENT_3D('',#2736,#2129,#2130);
#1766=AXIS2_PLACEMENT_3D('',#2738,#2132,#2133);
#1767=AXIS2_PLACEMENT_3D('',#2740,#2135,#2136);
#1768=AXIS2_PLACEMENT_3D('',#2744,#2140,#2141);
#1769=AXIS2_PLACEMENT_3D('',#2745,#2142,#2143);
#1770=AXIS2_PLACEMENT_3D('',#2748,#2145,#2146);
#1771=AXIS2_PLACEMENT_3D('',#2750,#2148,#2149);
#1772=AXIS2_PLACEMENT_3D('',#2756,#2153,#2154);
#1773=AXIS2_PLACEMENT_3D('',#2757,#2155,#2156);
#1774=AXIS2_PLACEMENT_3D('',#2759,#2157,#2158);
#1775=AXIS2_PLACEMENT_3D('',#2760,#2159,#2160);
#1776=AXIS2_PLACEMENT_3D('',#2762,#2162,#2163);
#1777=AXIS2_PLACEMENT_3D('',#2768,#2167,#2168);
#1778=AXIS2_PLACEMENT_3D('',#2769,#2169,#2170);
#1779=AXIS2_PLACEMENT_3D('',#2771,#2171,#2172);
#1780=AXIS2_PLACEMENT_3D('',#2773,#2174,#2175);
#1781=AXIS2_PLACEMENT_3D('',#2774,#2176,#2177);
#1782=AXIS2_PLACEMENT_3D('',#2775,#2178,#2179);
#1783=AXIS2_PLACEMENT_3D('',#2776,#2180,#2181);
#1784=AXIS2_PLACEMENT_3D('',#2777,#2182,#2183);
#1785=AXIS2_PLACEMENT_3D('',#2779,#2185,#2186);
#1786=AXIS2_PLACEMENT_3D('',#2785,#2187,#2188);
#1787=AXIS2_PLACEMENT_3D('',#2786,#2189,#2190);
#1788=AXIS2_PLACEMENT_3D('',#2787,#2191,#2192);
#1789=AXIS2_PLACEMENT_3D('',#2788,#2193,#2194);
#1790=AXIS2_PLACEMENT_3D('',#2789,#2195,#2196);
#1791=AXIS2_PLACEMENT_3D('',#2790,#2197,#2198);
#1792=AXIS2_PLACEMENT_3D('',#2791,#2199,#2200);
#1793=AXIS2_PLACEMENT_3D('',#2792,#2201,#2202);
#1794=AXIS2_PLACEMENT_3D('',#2793,#2203,#2204);
#1795=AXIS2_PLACEMENT_3D('',#2800,#2205,#2206);
#1796=AXIS2_PLACEMENT_3D('',#2807,#2207,#2208);
#1797=AXIS2_PLACEMENT_3D('',#2808,#2209,#2210);
#1798=AXIS2_PLACEMENT_3D('',#2809,#2211,#2212);
#1799=AXIS2_PLACEMENT_3D('',#2810,#2213,#2214);
#1800=AXIS2_PLACEMENT_3D('',#2811,#2215,#2216);
#1801=AXIS2_PLACEMENT_3D('',#2815,#2218,#2219);
#1802=AXIS2_PLACEMENT_3D('',#2818,#2221,#2222);
#1803=AXIS2_PLACEMENT_3D('',#2820,#2223,#2224);
#1804=AXIS2_PLACEMENT_3D('',#2821,#2225,#2226);
#1805=AXIS2_PLACEMENT_3D('',#2825,#2228,#2229);
#1806=AXIS2_PLACEMENT_3D('',#2826,#2230,#2231);
#1807=AXIS2_PLACEMENT_3D('',#2828,#2232,#2233);
#1808=AXIS2_PLACEMENT_3D('',#2830,#2234,#2235);
#1809=AXIS2_PLACEMENT_3D('',#2836,#2239,#2240);
#1810=AXIS2_PLACEMENT_3D('',#2837,#2241,#2242);
#1811=AXIS2_PLACEMENT_3D('',#2839,#2243,#2244);
#1812=AXIS2_PLACEMENT_3D('',#2840,#2245,#2246);
#1813=AXIS2_PLACEMENT_3D('',#2841,#2247,#2248);
#1814=AXIS2_PLACEMENT_3D('',#2843,#2250,#2251);
#1815=AXIS2_PLACEMENT_3D('',#2844,#2252,#2253);
#1816=AXIS2_PLACEMENT_3D('',#2845,#2254,#2255);
#1817=AXIS2_PLACEMENT_3D('',#2846,#2256,#2257);
#1818=AXIS2_PLACEMENT_3D('',#2852,#2261,#2262);
#1819=AXIS2_PLACEMENT_3D('',#2853,#2263,#2264);
#1820=AXIS2_PLACEMENT_3D('',#2855,#2265,#2266);
#1821=AXIS2_PLACEMENT_3D('',#2857,#2268,#2269);
#1822=AXIS2_PLACEMENT_3D('',#2858,#2270,#2271);
#1823=AXIS2_PLACEMENT_3D('',#2859,#2272,#2273);
#1824=AXIS2_PLACEMENT_3D('',#2860,#2274,#2275);
#1825=AXIS2_PLACEMENT_3D('',#2861,#2276,#2277);
#1826=AXIS2_PLACEMENT_3D('',#2862,#2278,#2279);
#1827=AXIS2_PLACEMENT_3D('',#2866,#2281,#2282);
#1828=AXIS2_PLACEMENT_3D('',#2868,#2283,#2284);
#1829=AXIS2_PLACEMENT_3D('',#2872,#2286,#2287);
#1830=AXIS2_PLACEMENT_3D('',#2873,#2288,#2289);
#1831=AXIS2_PLACEMENT_3D('',#2878,#2292,#2293);
#1832=AXIS2_PLACEMENT_3D('',#2881,#2295,#2296);
#1833=AXIS2_PLACEMENT_3D('',#2884,#2299,#2300);
#1834=AXIS2_PLACEMENT_3D('',#2889,#2303,#2304);
#1835=AXIS2_PLACEMENT_3D('',#2890,#2305,#2306);
#1836=AXIS2_PLACEMENT_3D('',#2891,#2307,#2308);
#1837=AXIS2_PLACEMENT_3D('',#2892,#2309,#2310);
#1838=AXIS2_PLACEMENT_3D('',#2893,#2311,#2312);
#1839=AXIS2_PLACEMENT_3D('',#2894,#2313,#2314);
#1840=AXIS2_PLACEMENT_3D('',#2895,#2315,#2316);
#1841=AXIS2_PLACEMENT_3D('',#2903,#2317,#2318);
#1842=AXIS2_PLACEMENT_3D('',#2911,#2319,#2320);
#1843=AXIS2_PLACEMENT_3D('',#2912,#2321,#2322);
#1844=AXIS2_PLACEMENT_3D('',#2913,#2323,#2324);
#1845=AXIS2_PLACEMENT_3D('',#2914,#2325,#2326);
#1846=AXIS2_PLACEMENT_3D('',#2915,#2327,#2328);
#1847=AXIS2_PLACEMENT_3D('',#2916,#2329,#2330);
#1848=AXIS2_PLACEMENT_3D('',#2917,#2331,#2332);
#1849=AXIS2_PLACEMENT_3D('',#2919,#2334,#2335);
#1850=AXIS2_PLACEMENT_3D('',#2921,#2336,#2337);
#1851=AXIS2_PLACEMENT_3D('',#2923,#2339,#2340);
#1852=AXIS2_PLACEMENT_3D('',#2925,#2341,#2342);
#1853=AXIS2_PLACEMENT_3D('',#2926,#2343,#2344);
#1854=AXIS2_PLACEMENT_3D('',#2929,#2346,#2347);
#1855=AXIS2_PLACEMENT_3D('',#2930,#2348,#2349);
#1856=AXIS2_PLACEMENT_3D('',#2931,#2350,#2351);
#1857=AXIS2_PLACEMENT_3D('',#2932,#2352,#2353);
#1858=AXIS2_PLACEMENT_3D('',#2935,#2355,#2356);
#1859=AXIS2_PLACEMENT_3D('',#2936,#2357,#2358);
#1860=DIRECTION('',(0.,0.,1.));
#1861=DIRECTION('',(1.,0.,0.));
#1862=DIRECTION('',(0.,1.,0.));
#1863=DIRECTION('',(0.,0.,-1.));
#1864=DIRECTION('',(0.,1.,0.));
#1865=DIRECTION('',(0.,1.,0.));
#1866=DIRECTION('',(0.,0.,1.));
#1867=DIRECTION('',(0.,1.,0.));
#1868=DIRECTION('',(0.,1.,0.));
#1869=DIRECTION('',(0.,0.,1.));
#1870=DIRECTION('',(0.,1.,0.));
#1871=DIRECTION('',(0.,-1.,0.));
#1872=DIRECTION('',(0.,0.,1.));
#1873=DIRECTION('',(0.,1.,0.));
#1874=DIRECTION('',(0.,1.,0.));
#1875=DIRECTION('',(0.,0.,-1.));
#1876=DIRECTION('',(0.,-1.,0.));
#1877=DIRECTION('',(0.,1.,0.));
#1878=DIRECTION('',(0.,0.,-1.));
#1879=DIRECTION('',(0.,1.,0.));
#1880=DIRECTION('',(0.,1.,0.));
#1881=DIRECTION('',(0.,0.,1.));
#1882=DIRECTION('',(0.,1.,0.));
#1883=DIRECTION('',(0.,1.,0.));
#1884=DIRECTION('',(0.,0.,1.));
#1885=DIRECTION('',(0.,1.,0.));
#1886=DIRECTION('',(0.,1.,0.));
#1887=DIRECTION('',(0.,0.,1.));
#1888=DIRECTION('',(0.,1.,0.));
#1889=DIRECTION('',(0.,1.,0.));
#1890=DIRECTION('',(0.,0.,1.));
#1891=DIRECTION('',(0.,-1.,0.));
#1892=DIRECTION('',(0.,1.,0.));
#1893=DIRECTION('',(0.,0.,1.));
#1894=DIRECTION('',(0.,1.,0.));
#1895=DIRECTION('',(0.,-1.,0.));
#1896=DIRECTION('',(0.,0.,-1.));
#1897=DIRECTION('',(0.,1.,0.));
#1898=DIRECTION('',(0.,1.,0.));
#1899=DIRECTION('',(0.,0.,1.));
#1900=DIRECTION('',(0.,-1.,0.));
#1901=DIRECTION('',(0.,1.,0.));
#1902=DIRECTION('',(0.,0.,1.));
#1903=DIRECTION('',(0.,1.,0.));
#1904=DIRECTION('',(0.,-1.,0.));
#1905=DIRECTION('',(0.,0.,1.));
#1906=DIRECTION('',(0.,1.,0.));
#1907=DIRECTION('',(0.,1.,0.));
#1908=DIRECTION('',(0.,0.,1.));
#1909=DIRECTION('',(0.,-1.,0.));
#1910=DIRECTION('',(-1.,0.,0.));
#1911=DIRECTION('',(0.766044443118978,0.,0.642787609686539));
#1912=DIRECTION('',(0.,-1.,0.));
#1913=DIRECTION('',(0.,0.,-1.));
#1914=DIRECTION('',(0.,-1.,0.));
#1915=DIRECTION('',(0.,0.,-1.));
#1916=DIRECTION('',(0.882947592858927,0.,0.469471562785891));
#1917=DIRECTION('',(0.,-1.,0.));
#1918=DIRECTION('',(0.,0.,-1.));
#1919=DIRECTION('',(-0.882947592858927,0.,-0.469471562785891));
#1920=DIRECTION('',(0.766044443118978,0.,0.642787609686539));
#1921=DIRECTION('',(0.642787609686539,0.,-0.766044443118978));
#1922=DIRECTION('',(0.,-1.,0.));
#1923=DIRECTION('',(-1.,0.,0.));
#1924=DIRECTION('',(0.766044443118978,0.,0.642787609686539));
#1925=DIRECTION('',(-0.4226182617407,0.,-0.906307787036649));
#1926=DIRECTION('',(0.,-1.,0.));
#1927=DIRECTION('',(0.,0.,-1.));
#1928=DIRECTION('',(0.,-1.,0.));
#1929=DIRECTION('',(0.,0.,-1.));
#1930=DIRECTION('',(0.766044443118978,0.,0.642787609686539));
#1931=DIRECTION('',(0.642787609686539,0.,-0.766044443118978));
#1932=DIRECTION('',(0.,-1.,0.));
#1933=DIRECTION('',(-1.,0.,0.));
#1934=DIRECTION('',(0.766044443118978,0.,0.642787609686539));
#1935=DIRECTION('',(0.,1.,0.));
#1936=DIRECTION('',(0.,0.,1.));
#1937=DIRECTION('',(0.766044443118978,0.,0.642787609686539));
#1938=DIRECTION('',(0.642787609686539,0.,-0.766044443118978));
#1939=DIRECTION('',(-0.766044443118978,0.,-0.642787609686539));
#1940=DIRECTION('',(0.766044443118978,0.,0.642787609686539));
#1941=DIRECTION('',(0.642787609686539,0.,-0.766044443118978));
#1942=DIRECTION('',(0.,1.,0.));
#1943=DIRECTION('',(0.,0.,1.));
#1944=DIRECTION('',(0.,1.,0.));
#1945=DIRECTION('',(0.,1.,0.));
#1946=DIRECTION('',(0.,1.,0.));
#1947=DIRECTION('',(0.,-1.,0.));
#1948=DIRECTION('',(0.,0.,-1.));
#1949=DIRECTION('',(0.,1.,0.));
#1950=DIRECTION('',(0.,-1.,0.));
#1951=DIRECTION('',(0.,0.,-1.));
#1952=DIRECTION('',(0.,1.,0.));
#1953=DIRECTION('',(0.,1.,0.));
#1954=DIRECTION('',(0.,0.,1.));
#1955=DIRECTION('',(0.,1.,0.));
#1956=DIRECTION('',(0.,-1.,0.));
#1957=DIRECTION('',(-1.,0.,0.));
#1958=DIRECTION('',(0.,-1.,0.));
#1959=DIRECTION('',(0.,0.,-1.));
#1960=DIRECTION('',(1.,0.,0.));
#1961=DIRECTION('',(0.,-1.,0.));
#1962=DIRECTION('',(0.,0.,-1.));
#1963=DIRECTION('',(0.,-1.,0.));
#1964=DIRECTION('',(0.,0.,-1.));
#1965=DIRECTION('',(0.4226182617407,0.,-0.906307787036649));
#1966=DIRECTION('',(-1.,0.,0.));
#1967=DIRECTION('',(0.,1.,0.));
#1968=DIRECTION('',(0.,0.,-1.));
#1969=DIRECTION('',(0.,1.,0.));
#1970=DIRECTION('',(0.,0.,-1.));
#1971=DIRECTION('',(0.,1.,0.));
#1972=DIRECTION('',(0.,-1.,0.));
#1973=DIRECTION('',(0.,0.,1.));
#1974=DIRECTION('',(0.,1.,0.));
#1975=DIRECTION('',(0.,1.,0.));
#1976=DIRECTION('',(0.,0.,-1.));
#1977=DIRECTION('',(0.,1.,0.));
#1978=DIRECTION('',(0.,1.,0.));
#1979=DIRECTION('',(0.,0.,-1.));
#1980=DIRECTION('',(0.,1.,0.));
#1981=DIRECTION('',(0.,1.,0.));
#1982=DIRECTION('',(0.,0.,-1.));
#1983=DIRECTION('',(0.,1.,0.));
#1984=DIRECTION('',(0.,-1.,0.));
#1985=DIRECTION('',(0.,0.,1.));
#1986=DIRECTION('',(0.,1.,0.));
#1987=DIRECTION('',(0.,0.,-1.));
#1988=DIRECTION('',(0.,1.,0.));
#1989=DIRECTION('',(0.,0.,1.));
#1990=DIRECTION('',(0.,1.,0.));
#1991=DIRECTION('',(0.,-1.,0.));
#1992=DIRECTION('',(0.,0.,1.));
#1993=DIRECTION('',(0.,1.,0.));
#1994=DIRECTION('',(0.,1.,0.));
#1995=DIRECTION('',(0.,0.,-1.));
#1996=DIRECTION('',(0.,1.,0.));
#1997=DIRECTION('',(0.,1.,0.));
#1998=DIRECTION('',(0.,0.,-1.));
#1999=DIRECTION('',(0.,1.,0.));
#2000=DIRECTION('',(0.,1.,0.));
#2001=DIRECTION('',(0.,0.,1.));
#2002=DIRECTION('',(0.,1.,0.));
#2003=DIRECTION('',(0.,1.,0.));
#2004=DIRECTION('',(0.,0.,1.));
#2005=DIRECTION('',(-0.996194698091746,0.,-0.0871557427476578));
#2006=DIRECTION('',(-0.0871557427476578,0.,0.996194698091746));
#2007=DIRECTION('',(0.,-1.,0.));
#2008=DIRECTION('',(0.0871557427476578,0.,-0.996194698091746));
#2009=DIRECTION('',(0.0871557427476578,0.,-0.996194698091746));
#2010=DIRECTION('',(-0.996194698091746,0.,0.0871557427476583));
#2011=DIRECTION('',(0.0871557427476583,0.,0.996194698091746));
#2012=DIRECTION('',(-0.0871557427476583,0.,-0.996194698091746));
#2013=DIRECTION('',(0.,-1.,0.));
#2014=DIRECTION('',(-0.0871557427476583,0.,-0.996194698091746));
#2015=DIRECTION('',(0.,-1.,0.));
#2016=DIRECTION('',(0.,0.,-1.));
#2017=DIRECTION('',(0.,-1.,0.));
#2018=DIRECTION('',(0.,0.,-1.));
#2019=DIRECTION('',(0.,-1.,0.));
#2020=DIRECTION('',(0.,1.,0.));
#2021=DIRECTION('',(0.,0.,1.));
#2022=DIRECTION('',(0.,-1.,0.));
#2023=DIRECTION('',(0.,0.,-1.));
#2024=DIRECTION('',(0.,1.,0.));
#2025=DIRECTION('',(0.,0.,1.));
#2026=DIRECTION('',(0.,-1.,0.));
#2027=DIRECTION('',(0.,1.,0.));
#2028=DIRECTION('',(0.,0.,-1.));
#2029=DIRECTION('',(0.906307787036649,0.,0.4226182617407));
#2030=DIRECTION('',(-0.4226182617407,0.,0.906307787036649));
#2031=DIRECTION('',(0.,1.,0.));
#2032=DIRECTION('',(0.4226182617407,0.,-0.906307787036649));
#2033=DIRECTION('',(0.4226182617407,0.,-0.906307787036649));
#2034=DIRECTION('',(-0.906307787036649,0.,0.4226182617407));
#2035=DIRECTION('',(0.4226182617407,0.,0.906307787036649));
#2036=DIRECTION('',(-0.4226182617407,0.,-0.906307787036649));
#2037=DIRECTION('',(0.,1.,0.));
#2038=DIRECTION('',(-0.4226182617407,0.,-0.906307787036649));
#2039=DIRECTION('',(0.469471562785891,0.,-0.882947592858927));
#2040=DIRECTION('',(0.882947592858927,0.,0.469471562785891));
#2041=DIRECTION('',(-0.882947592858927,0.,-0.469471562785891));
#2042=DIRECTION('',(0.469471562785891,0.,-0.882947592858927));
#2043=DIRECTION('',(0.882947592858927,0.,0.469471562785891));
#2044=DIRECTION('',(0.,1.,0.));
#2045=DIRECTION('',(0.882947592858927,0.,0.469471562785891));
#2046=DIRECTION('',(0.,-1.,0.));
#2047=DIRECTION('',(0.882947592858927,0.,0.469471562785891));
#2048=DIRECTION('',(0.,-1.,0.));
#2049=DIRECTION('',(0.,1.,0.));
#2050=DIRECTION('',(0.,0.,-1.));
#2051=DIRECTION('',(0.,-1.,0.));
#2052=DIRECTION('',(0.,0.,1.));
#2053=DIRECTION('',(0.,1.,0.));
#2054=DIRECTION('',(0.,-1.,0.));
#2055=DIRECTION('',(0.,0.,1.));
#2056=DIRECTION('',(0.,-1.,0.));
#2057=DIRECTION('',(0.,1.,0.));
#2058=DIRECTION('',(0.,0.,-1.));
#2059=DIRECTION('',(0.,-1.,0.));
#2060=DIRECTION('',(0.,-1.,0.));
#2061=DIRECTION('',(0.,0.,1.));
#2062=DIRECTION('',(0.,-1.,0.));
#2063=DIRECTION('',(0.,0.,1.));
#2064=DIRECTION('',(0.,-1.,0.));
#2065=DIRECTION('',(0.,1.,0.));
#2066=DIRECTION('',(0.,0.,-1.));
#2067=DIRECTION('',(0.,1.,0.));
#2068=DIRECTION('',(0.,1.,0.));
#2069=DIRECTION('',(-1.,0.,0.));
#2070=DIRECTION('',(0.,1.,0.));
#2071=DIRECTION('',(0.,0.,-1.));
#2072=DIRECTION('',(0.,1.,0.));
#2073=DIRECTION('',(0.,0.,-1.));
#2074=DIRECTION('',(0.,1.,0.));
#2075=DIRECTION('',(0.,0.,1.));
#2076=DIRECTION('',(-1.,0.,0.));
#2077=DIRECTION('',(0.,1.,0.));
#2078=DIRECTION('',(0.,0.,-1.));
#2079=DIRECTION('',(0.992546151641322,0.,-0.121869343405148));
#2080=DIRECTION('',(0.,1.,0.));
#2081=DIRECTION('',(0.,0.,-1.));
#2082=DIRECTION('',(0.974370064785235,0.,0.224951054343866));
#2083=DIRECTION('',(0.,-1.,0.));
#2084=DIRECTION('',(0.,0.,1.));
#2085=DIRECTION('',(0.99026806874157,0.,0.139173100960065));
#2086=DIRECTION('',(0.,1.,0.));
#2087=DIRECTION('',(0.,0.,-1.));
#2088=DIRECTION('',(0.,1.,0.));
#2089=DIRECTION('',(0.,0.,1.));
#2090=DIRECTION('',(0.,-1.,0.));
#2091=DIRECTION('',(0.,0.,1.));
#2092=DIRECTION('',(0.92050485345244,0.,0.390731128489274));
#2093=DIRECTION('',(0.,1.,0.));
#2094=DIRECTION('',(0.,0.,-1.));
#2095=DIRECTION('',(0.788010753606722,0.,0.615661475325659));
#2096=DIRECTION('',(0.,1.,0.));
#2097=DIRECTION('',(0.,0.,-1.));
#2098=DIRECTION('',(-0.882947592858927,0.,-0.469471562785891));
#2099=DIRECTION('',(0.,1.,0.));
#2100=DIRECTION('',(0.,0.,1.));
#2101=DIRECTION('',(0.,0.,-1.));
#2102=DIRECTION('',(1.,0.,0.));
#2103=DIRECTION('',(0.,1.,0.));
#2104=DIRECTION('',(-1.,0.,0.));
#2105=DIRECTION('',(1.,0.,0.));
#2106=DIRECTION('',(-1.,0.,0.));
#2107=DIRECTION('',(0.,0.,-1.));
#2108=DIRECTION('',(0.,-1.,0.));
#2109=DIRECTION('',(1.,0.,0.));
#2110=DIRECTION('',(-0.99026806874157,0.,-0.139173100960065));
#2111=DIRECTION('',(0.,-1.,0.));
#2112=DIRECTION('',(0.,0.,1.));
#2113=DIRECTION('',(0.,-1.,0.));
#2114=DIRECTION('',(0.,0.,1.));
#2115=DIRECTION('',(0.,-1.,0.));
#2116=DIRECTION('',(0.,0.,1.));
#2117=DIRECTION('',(0.224951054343865,0.,-0.974370064785235));
#2118=DIRECTION('',(0.974370064785235,0.,0.224951054343865));
#2119=DIRECTION('',(-0.974370064785235,0.,-0.224951054343865));
#2120=DIRECTION('',(0.,-1.,0.));
#2121=DIRECTION('',(0.,0.,1.));
#2122=DIRECTION('',(0.,-1.,0.));
#2123=DIRECTION('',(0.,0.,1.));
#2124=DIRECTION('',(0.,-1.,0.));
#2125=DIRECTION('',(0.139173100960065,0.,-0.99026806874157));
#2126=DIRECTION('',(0.99026806874157,0.,0.139173100960065));
#2127=DIRECTION('',(0.99026806874157,0.,0.139173100960065));
#2128=DIRECTION('',(0.,-1.,0.));
#2129=DIRECTION('',(0.139173100960065,0.,-0.99026806874157));
#2130=DIRECTION('',(0.99026806874157,0.,0.139173100960065));
#2131=DIRECTION('',(0.,-1.,0.));
#2132=DIRECTION('',(0.,-1.,0.));
#2133=DIRECTION('',(0.,0.,1.));
#2134=DIRECTION('',(0.,-1.,0.));
#2135=DIRECTION('',(0.469471562785891,0.,-0.882947592858927));
#2136=DIRECTION('',(0.882947592858927,0.,0.469471562785891));
#2137=DIRECTION('',(0.,-1.,0.));
#2138=DIRECTION('',(-0.882947592858927,0.,-0.469471562785891));
#2139=DIRECTION('',(-0.882947592858927,0.,-0.469471562785891));
#2140=DIRECTION('',(0.,-1.,0.));
#2141=DIRECTION('',(0.,0.,1.));
#2142=DIRECTION('',(0.,-1.,0.));
#2143=DIRECTION('',(0.,0.,1.));
#2144=DIRECTION('',(0.,-1.,0.));
#2145=DIRECTION('',(0.390731128489274,0.,-0.92050485345244));
#2146=DIRECTION('',(0.92050485345244,0.,0.390731128489274));
#2147=DIRECTION('',(-0.92050485345244,0.,-0.390731128489274));
#2148=DIRECTION('',(0.615661475325659,0.,-0.788010753606722));
#2149=DIRECTION('',(0.788010753606722,0.,0.615661475325659));
#2150=DIRECTION('',(0.788010753606722,0.,0.615661475325659));
#2151=DIRECTION('',(0.,1.,0.));
#2152=DIRECTION('',(0.,-1.,0.));
#2153=DIRECTION('',(0.,-1.,0.));
#2154=DIRECTION('',(1.,0.,0.));
#2155=DIRECTION('',(0.,1.,0.));
#2156=DIRECTION('',(0.,0.,-1.));
#2157=DIRECTION('',(0.,-1.,0.));
#2158=DIRECTION('',(0.,0.,1.));
#2159=DIRECTION('',(0.,-1.,0.));
#2160=DIRECTION('',(0.,0.,1.));
#2161=DIRECTION('',(-0.882947592858927,0.,-0.469471562785891));
#2162=DIRECTION('',(-0.121869343405148,0.,-0.992546151641322));
#2163=DIRECTION('',(0.992546151641322,0.,-0.121869343405148));
#2164=DIRECTION('',(0.,-1.,0.));
#2165=DIRECTION('',(0.992546151641322,0.,-0.121869343405148));
#2166=DIRECTION('',(0.,1.,0.));
#2167=DIRECTION('',(0.,-1.,0.));
#2168=DIRECTION('',(1.,0.,0.));
#2169=DIRECTION('',(0.,1.,0.));
#2170=DIRECTION('',(0.,0.,-1.));
#2171=DIRECTION('',(0.,-1.,0.));
#2172=DIRECTION('',(0.,0.,1.));
#2173=DIRECTION('',(1.,0.,0.));
#2174=DIRECTION('',(0.,-1.,0.));
#2175=DIRECTION('',(0.,0.,1.));
#2176=DIRECTION('',(0.,-1.,0.));
#2177=DIRECTION('',(0.,0.,1.));
#2178=DIRECTION('',(0.,1.,0.));
#2179=DIRECTION('',(-1.,0.,0.));
#2180=DIRECTION('',(0.,1.,0.));
#2181=DIRECTION('',(0.,0.,-1.));
#2182=DIRECTION('',(0.,1.,0.));
#2183=DIRECTION('',(-1.,0.,0.));
#2184=DIRECTION('',(0.882947592858927,0.,0.469471562785891));
#2185=DIRECTION('',(0.882947592858927,0.,0.469471562785891));
#2186=DIRECTION('',(-0.469471562785891,0.,0.882947592858927));
#2187=DIRECTION('',(0.,1.,0.));
#2188=DIRECTION('',(0.,0.,-1.));
#2189=DIRECTION('',(0.,1.,0.));
#2190=DIRECTION('',(0.,0.,-1.));
#2191=DIRECTION('',(-0.882947592858927,0.,-0.469471562785891));
#2192=DIRECTION('',(0.469471562785891,0.,-0.882947592858927));
#2193=DIRECTION('',(-1.,0.,0.));
#2194=DIRECTION('',(0.,0.,-1.));
#2195=DIRECTION('',(0.,1.,0.));
#2196=DIRECTION('',(0.,0.,-1.));
#2197=DIRECTION('',(0.,1.,0.));
#2198=DIRECTION('',(0.,0.,-1.));
#2199=DIRECTION('',(0.,1.,0.));
#2200=DIRECTION('',(0.,0.,-1.));
#2201=DIRECTION('',(0.,1.,0.));
#2202=DIRECTION('',(0.,0.,-1.));
#2203=DIRECTION('',(0.,1.,0.));
#2204=DIRECTION('',(0.,0.,-1.));
#2205=DIRECTION('',(0.,-1.,0.));
#2206=DIRECTION('',(0.,0.,1.));
#2207=DIRECTION('',(0.,1.,0.));
#2208=DIRECTION('',(0.,0.,-1.));
#2209=DIRECTION('',(0.,-1.,0.));
#2210=DIRECTION('',(-1.,0.,0.));
#2211=DIRECTION('',(0.,-1.,0.));
#2212=DIRECTION('',(0.,0.,-1.));
#2213=DIRECTION('',(0.,-1.,0.));
#2214=DIRECTION('',(0.,0.,-1.));
#2215=DIRECTION('',(0.,1.,0.));
#2216=DIRECTION('',(0.,0.,1.));
#2217=DIRECTION('',(-0.573576436351047,0.,-0.819152044288991));
#2218=DIRECTION('',(0.,1.,0.));
#2219=DIRECTION('',(0.,0.,1.));
#2220=DIRECTION('',(-0.258819045102521,0.,-0.965925826289068));
#2221=DIRECTION('',(0.,1.,0.));
#2222=DIRECTION('',(0.,0.,-1.));
#2223=DIRECTION('',(0.,-1.,0.));
#2224=DIRECTION('',(0.,0.,-1.));
#2225=DIRECTION('',(0.,-1.,0.));
#2226=DIRECTION('',(0.,0.,1.));
#2227=DIRECTION('',(0.573576436351047,0.,-0.819152044288991));
#2228=DIRECTION('',(0.,-1.,0.));
#2229=DIRECTION('',(0.,0.,1.));
#2230=DIRECTION('',(0.,1.,0.));
#2231=DIRECTION('',(0.,0.,1.));
#2232=DIRECTION('',(0.,-1.,0.));
#2233=DIRECTION('',(0.,0.,1.));
#2234=DIRECTION('',(0.819152044288991,0.,-0.573576436351047));
#2235=DIRECTION('',(-0.573576436351047,0.,-0.819152044288992));
#2236=DIRECTION('',(-0.573576436351047,0.,-0.819152044288991));
#2237=DIRECTION('',(0.,-1.,0.));
#2238=DIRECTION('',(0.,1.,0.));
#2239=DIRECTION('',(0.,-1.,0.));
#2240=DIRECTION('',(0.,0.,1.));
#2241=DIRECTION('',(0.,1.,0.));
#2242=DIRECTION('',(0.,0.,1.));
#2243=DIRECTION('',(0.,-1.,0.));
#2244=DIRECTION('',(-1.,0.,0.));
#2245=DIRECTION('',(0.,1.,0.));
#2246=DIRECTION('',(0.,0.,1.));
#2247=DIRECTION('',(0.,1.,0.));
#2248=DIRECTION('',(0.,0.,1.));
#2249=DIRECTION('',(-0.4226182617407,0.,-0.906307787036649));
#2250=DIRECTION('',(0.,1.,0.));
#2251=DIRECTION('',(0.,0.,-1.));
#2252=DIRECTION('',(0.,1.,0.));
#2253=DIRECTION('',(0.,0.,-1.));
#2254=DIRECTION('',(0.4226182617407,0.,0.906307787036649));
#2255=DIRECTION('',(0.906307787036649,0.,-0.4226182617407));
#2256=DIRECTION('',(-0.819152044288991,0.,-0.573576436351047));
#2257=DIRECTION('',(0.573576436351047,0.,-0.819152044288992));
#2258=DIRECTION('',(0.573576436351047,0.,-0.819152044288991));
#2259=DIRECTION('',(0.,1.,0.));
#2260=DIRECTION('',(0.,-1.,0.));
#2261=DIRECTION('',(0.,-1.,0.));
#2262=DIRECTION('',(0.,0.,1.));
#2263=DIRECTION('',(0.,-1.,0.));
#2264=DIRECTION('',(0.,0.,1.));
#2265=DIRECTION('',(0.,-1.,0.));
#2266=DIRECTION('',(1.,0.,0.));
#2267=DIRECTION('',(0.4226182617407,0.,-0.906307787036649));
#2268=DIRECTION('',(0.,-1.,0.));
#2269=DIRECTION('',(0.,0.,1.));
#2270=DIRECTION('',(0.,-1.,0.));
#2271=DIRECTION('',(0.,0.,1.));
#2272=DIRECTION('',(0.,1.,0.));
#2273=DIRECTION('',(0.,0.,-1.));
#2274=DIRECTION('',(0.,1.,0.));
#2275=DIRECTION('',(0.,0.,-1.));
#2276=DIRECTION('',(-0.4226182617407,0.,0.906307787036649));
#2277=DIRECTION('',(-0.906307787036649,0.,-0.4226182617407));
#2278=DIRECTION('',(0.,-1.,0.));
#2279=DIRECTION('',(-1.,0.,0.));
#2280=DIRECTION('',(-0.258819045102521,0.,0.965925826289068));
#2281=DIRECTION('',(0.,-1.,0.));
#2282=DIRECTION('',(0.,0.,-1.));
#2283=DIRECTION('',(0.,-1.,0.));
#2284=DIRECTION('',(0.,0.,-1.));
#2285=DIRECTION('',(0.258819045102521,0.,0.965925826289068));
#2286=DIRECTION('',(0.,-1.,0.));
#2287=DIRECTION('',(0.,0.,-1.));
#2288=DIRECTION('',(-0.965925826289068,0.,-0.258819045102521));
#2289=DIRECTION('',(-0.258819045102521,0.,0.965925826289068));
#2290=DIRECTION('',(-0.258819045102521,0.,0.965925826289068));
#2291=DIRECTION('',(0.,1.,0.));
#2292=DIRECTION('',(-0.965925826289068,0.,-0.258819045102521));
#2293=DIRECTION('',(-0.258819045102521,0.,0.965925826289068));
#2294=DIRECTION('',(0.,1.,0.));
#2295=DIRECTION('',(0.,-1.,0.));
#2296=DIRECTION('',(0.,0.,-1.));
#2297=DIRECTION('',(0.,-1.,0.));
#2298=DIRECTION('',(0.,-1.,0.));
#2299=DIRECTION('',(-0.965925826289068,0.,0.258819045102521));
#2300=DIRECTION('',(0.258819045102521,0.,0.965925826289068));
#2301=DIRECTION('',(0.258819045102521,0.,0.965925826289068));
#2302=DIRECTION('',(0.,-1.,0.));
#2303=DIRECTION('',(-0.965925826289068,0.,0.258819045102521));
#2304=DIRECTION('',(0.258819045102521,0.,0.965925826289068));
#2305=DIRECTION('',(0.,1.,0.));
#2306=DIRECTION('',(1.,0.,0.));
#2307=DIRECTION('',(0.,1.,0.));
#2308=DIRECTION('',(0.,0.,1.));
#2309=DIRECTION('',(0.,1.,0.));
#2310=DIRECTION('',(0.,0.,1.));
#2311=DIRECTION('',(0.,1.,0.));
#2312=DIRECTION('',(1.,0.,0.));
#2313=DIRECTION('',(0.,1.,0.));
#2314=DIRECTION('',(0.,0.,1.));
#2315=DIRECTION('',(0.,1.,0.));
#2316=DIRECTION('',(0.,0.,1.));
#2317=DIRECTION('',(0.,-1.,0.));
#2318=DIRECTION('',(0.,0.,-1.));
#2319=DIRECTION('',(0.,1.,0.));
#2320=DIRECTION('',(0.,0.,1.));
#2321=DIRECTION('',(0.,-1.,0.));
#2322=DIRECTION('',(0.,0.,-1.));
#2323=DIRECTION('',(0.,1.,0.));
#2324=DIRECTION('',(0.,0.,1.));
#2325=DIRECTION('',(0.,1.,0.));
#2326=DIRECTION('',(0.,0.,1.));
#2327=DIRECTION('',(0.,1.,0.));
#2328=DIRECTION('',(0.,0.,1.));
#2329=DIRECTION('',(0.,1.,0.));
#2330=DIRECTION('',(0.,0.,1.));
#2331=DIRECTION('',(0.642787609686539,0.,-0.766044443118978));
#2332=DIRECTION('',(0.766044443118978,0.,0.642787609686539));
#2333=DIRECTION('',(0.,-1.,0.));
#2334=DIRECTION('',(-0.642787609686539,0.,0.766044443118978));
#2335=DIRECTION('',(-0.766044443118978,0.,-0.642787609686539));
#2336=DIRECTION('',(0.642787609686539,0.,-0.766044443118978));
#2337=DIRECTION('',(0.766044443118978,0.,0.642787609686539));
#2338=DIRECTION('',(0.,-1.,0.));
#2339=DIRECTION('',(-0.642787609686539,0.,0.766044443118978));
#2340=DIRECTION('',(-0.766044443118978,0.,-0.642787609686539));
#2341=DIRECTION('',(0.642787609686539,0.,-0.766044443118978));
#2342=DIRECTION('',(0.766044443118978,0.,0.642787609686539));
#2343=DIRECTION('',(-0.642787609686539,0.,0.766044443118978));
#2344=DIRECTION('',(-0.766044443118978,0.,-0.642787609686539));
#2345=DIRECTION('',(0.,-1.,0.));
#2346=DIRECTION('',(0.766044443118978,0.,0.642787609686539));
#2347=DIRECTION('',(0.642787609686539,0.,-0.766044443118978));
#2348=DIRECTION('',(0.642787609686539,0.,-0.766044443118978));
#2349=DIRECTION('',(-0.766044443118978,0.,-0.642787609686539));
#2350=DIRECTION('',(0.642787609686539,0.,-0.766044443118978));
#2351=DIRECTION('',(0.766044443118978,0.,0.642787609686539));
#2352=DIRECTION('',(-0.642787609686539,0.,0.766044443118978));
#2353=DIRECTION('',(-0.766044443118978,0.,-0.642787609686539));
#2354=DIRECTION('',(0.,-1.,0.));
#2355=DIRECTION('',(0.766044443118978,0.,0.642787609686539));
#2356=DIRECTION('',(0.642787609686539,0.,-0.766044443118978));
#2357=DIRECTION('',(0.642787609686539,0.,-0.766044443118978));
#2358=DIRECTION('',(-0.766044443118978,0.,-0.642787609686539));
#2359=CARTESIAN_POINT('',(0.,0.,0.));
#2360=CARTESIAN_POINT('',(0.,0.235,4.44179394050745E-18));
#2361=CARTESIAN_POINT('',(0.0529131667161341,0.235,0.0496210478332592));
#2362=CARTESIAN_POINT('',(0.0529131667161341,0.25,0.0496210478332592));
#2363=CARTESIAN_POINT('',(0.0529131667161341,0.235,0.0496210478332592));
#2364=CARTESIAN_POINT('',(0.,0.25,4.44179394050745E-18));
#2365=CARTESIAN_POINT('',(-0.0580554675936265,0.25,-0.0434926922883074));
#2366=CARTESIAN_POINT('',(-0.0580554675936265,0.235,-0.0434926922883073));
#2367=CARTESIAN_POINT('',(-0.0580554675936264,0.235,-0.0434926922883073));
#2368=CARTESIAN_POINT('',(0.,0.235,4.44179394050745E-18));
#2369=CARTESIAN_POINT('',(-0.0587427899270958,0.235,-0.0425597959532362));
#2370=CARTESIAN_POINT('',(-0.0587427899270958,0.235,-0.0425597959532362));
#2371=CARTESIAN_POINT('',(-0.0592065463261152,0.235,-0.0419197001981984));
#2372=CARTESIAN_POINT('',(-0.0600950459014564,0.234820023963727,-0.040649657961375));
#2373=CARTESIAN_POINT('',(-0.0617258448807069,0.233739871347083,-0.038152720631907));
#2374=CARTESIAN_POINT('',(-0.06265441283397,0.232188954509552,-0.0365696385200875));
#2375=CARTESIAN_POINT('',(-0.0631122091858329,0.230927775377858,-0.0357617204799164));
#2376=CARTESIAN_POINT('',(-0.0631122091858329,0.230927775377858,-0.0357617204799164));
#2377=CARTESIAN_POINT('',(-0.0631122091858329,0.235,-0.0357617204799164));
#2378=CARTESIAN_POINT('',(-0.0631122091858329,0.237,-0.0357617204799164));
#2379=CARTESIAN_POINT('',(0.,0.237,4.44179394050745E-18));
#2380=CARTESIAN_POINT('',(-0.072079061678586,0.237,-0.00816458618269117));
#2381=CARTESIAN_POINT('',(-0.072079061678586,0.235,-0.00816458618269117));
#2382=CARTESIAN_POINT('',(-0.072079061678586,0.225,-0.00816458618269117));
#2383=CARTESIAN_POINT('',(-1.52655665885959E-16,0.225,-1.07552855510562E-16));
#2384=CARTESIAN_POINT('',(-0.070680804499521,0.225,-0.0163179494821039));
#2385=CARTESIAN_POINT('',(-0.070680804499521,0.235002,-0.0163179494821039));
#2386=CARTESIAN_POINT('',(-0.070680804499521,0.125,-0.0163179494821039));
#2387=CARTESIAN_POINT('',(0.,0.125,4.44179394050745E-18));
#2388=CARTESIAN_POINT('',(-0.0721158363850784,0.125,0.00783311831141409));
#2389=CARTESIAN_POINT('',(-0.0721158363850784,0.235,0.00783311831141409));
#2390=CARTESIAN_POINT('',(-0.0721158363850783,0.128,0.00783311831141409));
#2391=CARTESIAN_POINT('',(1.42247325030098E-15,0.128,-3.27549547499846E-16));
#2392=CARTESIAN_POINT('',(-0.0725331069236662,0.128,0.001));
#2393=CARTESIAN_POINT('',(-0.0725331069236662,0.128,0.001));
#2394=CARTESIAN_POINT('',(-0.072536747856695,0.128,0.000735911815321685));
#2395=CARTESIAN_POINT('',(-0.0725404413315675,0.128217316962728,0.000218356960581164));
#2396=CARTESIAN_POINT('',(-0.07254,0.128735886480342,-1.89887582557577E-19));
#2397=CARTESIAN_POINT('',(-0.07254,0.129,-1.89887582557577E-19));
#2398=CARTESIAN_POINT('',(-0.07254,0.129,1.33253818215223E-17));
#2399=CARTESIAN_POINT('',(-0.07254,0.124998,1.33253818215223E-17));
#2400=CARTESIAN_POINT('',(-0.07254,0.225,1.33253818215223E-17));
#2401=CARTESIAN_POINT('',(-0.07254,0.225,0.));
#2402=CARTESIAN_POINT('',(-0.07254,0.226323090015515,0.));
#2403=CARTESIAN_POINT('',(-0.0725428058407834,0.228929285961957,0.000523191517274888));
#2404=CARTESIAN_POINT('',(-0.0725060335301094,0.232265631787933,0.002753374452308));
#2405=CARTESIAN_POINT('',(-0.0723162448453417,0.234481198312342,0.00608355960763222));
#2406=CARTESIAN_POINT('',(-0.0720298076067819,0.235,0.00868958408884577));
#2407=CARTESIAN_POINT('',(-0.0718474188819612,0.235,0.01));
#2408=CARTESIAN_POINT('',(-0.0718474188819613,0.235,0.01));
#2409=CARTESIAN_POINT('',(0.,0.235,4.44179394050745E-18));
#2410=CARTESIAN_POINT('',(-0.0306567287066704,0.235,0.0657435668716386));
#2411=CARTESIAN_POINT('',(-0.0306567287066704,0.124998,0.0657435668716386));
#2412=CARTESIAN_POINT('',(-0.0306567287066704,0.13,0.0657435668716386));
#2413=CARTESIAN_POINT('',(-0.0306567287066704,0.13,0.0657435668716386));
#2414=CARTESIAN_POINT('',(-0.0306567287066704,0.129471742573985,0.0657435668716386));
#2415=CARTESIAN_POINT('',(-0.0310515020538489,0.128436549531142,0.0655614474405906));
#2416=CARTESIAN_POINT('',(-0.0319852641008306,0.128,0.0651097038512806));
#2417=CARTESIAN_POINT('',(-0.0324576900594414,0.128,0.0648733377899214));
#2418=CARTESIAN_POINT('',(-0.0324576900594414,0.128,0.0648733377899214));
#2419=CARTESIAN_POINT('',(-2.48065457064684E-16,0.128,5.86336534880161E-16));
#2420=CARTESIAN_POINT('',(-0.0407725673669566,0.128,0.0599970778480668));
#2421=CARTESIAN_POINT('',(-0.0407725673669566,0.235,0.0599970778480668));
#2422=CARTESIAN_POINT('',(-0.0407725673669566,0.125,0.0599970778480668));
#2423=CARTESIAN_POINT('',(0.,0.125,4.44179394050745E-18));
#2424=CARTESIAN_POINT('',(-0.0063222775789151,0.125,0.0722639633995752));
#2425=CARTESIAN_POINT('',(-0.0063222775789151,0.235002,0.0722639633995752));
#2426=CARTESIAN_POINT('',(-0.0063222775789151,0.225,0.0722639633995752));
#2427=CARTESIAN_POINT('',(-1.47451495458029E-17,0.225,3.19189119579733E-16));
#2428=CARTESIAN_POINT('',(-0.0232538607400862,0.225,0.0687117861846181));
#2429=CARTESIAN_POINT('',(-0.0232538607400862,0.235,0.0687117861846181));
#2430=CARTESIAN_POINT('',(-0.0232538607400862,0.24,0.0687117861846181));
#2431=CARTESIAN_POINT('',(0.,0.24,4.44179394050745E-18));
#2432=CARTESIAN_POINT('',(0.0232538607400863,0.24,0.0687117861846181));
#2433=CARTESIAN_POINT('',(0.0232538607400863,0.235,0.0687117861846181));
#2434=CARTESIAN_POINT('',(0.0232538607400863,0.225,0.0687117861846181));
#2435=CARTESIAN_POINT('',(7.02563007770607E-17,0.225,3.12250225675826E-16));
#2436=CARTESIAN_POINT('',(0.00632227757891513,0.225,0.0722639633995752));
#2437=CARTESIAN_POINT('',(0.00632227757891513,0.235002,0.0722639633995752));
#2438=CARTESIAN_POINT('',(0.00632227757891512,0.125,0.0722639633995752));
#2439=CARTESIAN_POINT('',(0.,0.125,4.44179394050745E-18));
#2440=CARTESIAN_POINT('',(0.0407725673669566,0.125,0.0599970778480668));
#2441=CARTESIAN_POINT('',(0.0407725673669566,0.235,0.0599970778480668));
#2442=CARTESIAN_POINT('',(0.0407725673669566,0.128,0.0599970778480668));
#2443=CARTESIAN_POINT('',(2.48065457064684E-16,0.128,5.86336534880161E-16));
#2444=CARTESIAN_POINT('',(0.0324576900594414,0.128,0.0648733377899214));
#2445=CARTESIAN_POINT('',(0.0306567287066704,0.13,0.0657435668716386));
#2446=CARTESIAN_POINT('',(0.0306567287066704,0.129471742573985,0.0657435668716386));
#2447=CARTESIAN_POINT('',(0.0310515020538489,0.128436549531142,0.0655614474405906));
#2448=CARTESIAN_POINT('',(0.0319852641008306,0.128,0.0651097038512806));
#2449=CARTESIAN_POINT('',(0.0324576900594414,0.128,0.0648733377899214));
#2450=CARTESIAN_POINT('',(0.0306567287066704,0.13,0.0657435668716386));
#2451=CARTESIAN_POINT('',(0.0306567287066704,0.124998,0.0657435668716386));
#2452=CARTESIAN_POINT('',(0.0306567287066704,0.235,0.0657435668716386));
#2453=CARTESIAN_POINT('',(0.,0.235,4.44179394050745E-18));
#2454=CARTESIAN_POINT('',(0.,0.235,0.));
#2455=CARTESIAN_POINT('',(0.,0.235,0.));
#2456=CARTESIAN_POINT('',(-0.0632293083350405,0.235,-0.053055689303527));
#2457=CARTESIAN_POINT('',(-0.0441241599236532,0.235,-0.0370245663179447));
#2458=CARTESIAN_POINT('',(0.,0.235,6.80903620325928E-18));
#2459=CARTESIAN_POINT('',(-0.0521341147057892,0.235,-0.024490693821197));
#2460=CARTESIAN_POINT('',(-0.054849433180049,0.235,-0.025766250791051));
#2461=CARTESIAN_POINT('',(-0.0534410184916914,0.235,-0.0284150935696278));
#2462=CARTESIAN_POINT('',(-0.0543851569821456,0.235,-0.028917100909797));
#2463=CARTESIAN_POINT('',(-0.0583098590324035,0.235,-0.0310039020063802));
#2464=CARTESIAN_POINT('',(0.,0.235,4.04378373078456E-18));
#2465=CARTESIAN_POINT('',(-0.0529427723049547,0.235,-0.0394758718797409));
#2466=CARTESIAN_POINT('',(-0.0593543027581277,0.235,-0.0428849430930778));
#2467=CARTESIAN_POINT('',(-0.0524176623524981,0.235,-0.0387620119898272));
#2468=CARTESIAN_POINT('',(-0.0658004587737866,0.235,-0.0499915115310511));
#2469=CARTESIAN_POINT('',(-0.0658004587737866,0.235,-0.0499915115310511));
#2470=CARTESIAN_POINT('',(0.,0.235,0.));
#2471=CARTESIAN_POINT('',(0.0568279356806994,0.235,0.0529059290275702));
#2472=CARTESIAN_POINT('',(0.0606581578962943,0.235,0.0561198670760029));
#2473=CARTESIAN_POINT('',(0.0292832193560131,0.235,0.0627980665637695));
#2474=CARTESIAN_POINT('',(0.0255792648660856,0.235,0.0548549105268675));
#2475=CARTESIAN_POINT('',(0.0228603415049756,0.235,0.0561227653120896));
#2476=CARTESIAN_POINT('',(0.0217286414304719,0.235,0.0533444105936693));
#2477=CARTESIAN_POINT('',(0.,0.235,6.80903620325928E-18));
#2478=CARTESIAN_POINT('',(0.0441241599236532,0.235,0.0370245663179447));
#2479=CARTESIAN_POINT('',(0.,0.235,0.));
#2480=CARTESIAN_POINT('',(0.0632293083350405,0.235,0.053055689303527));
#2481=CARTESIAN_POINT('',(0.0606581578962943,0.235,0.0561198670760029));
#2482=CARTESIAN_POINT('',(0.,0.25,0.));
#2483=CARTESIAN_POINT('',(0.,0.25,0.));
#2484=CARTESIAN_POINT('',(0.0441241599236532,0.25,0.0370245663179447));
#2485=CARTESIAN_POINT('',(0.0632293083350405,0.25,0.053055689303527));
#2486=CARTESIAN_POINT('',(0.,0.25,6.80903620325928E-18));
#2487=CARTESIAN_POINT('',(-0.0441241599236532,0.25,-0.0370245663179447));
#2488=CARTESIAN_POINT('',(0.,0.25,0.));
#2489=CARTESIAN_POINT('',(-0.0632293083350405,0.25,-0.053055689303527));
#2490=CARTESIAN_POINT('',(-0.0658004587737866,0.25,-0.0499915115310511));
#2491=CARTESIAN_POINT('',(-0.0658004587737866,0.25,-0.0499915115310511));
#2492=CARTESIAN_POINT('',(-0.0524176623524981,0.25,-0.0387620119898272));
#2493=CARTESIAN_POINT('',(0.0568279356806994,0.25,0.0529059290275702));
#2494=CARTESIAN_POINT('',(0.0606581578962943,0.25,0.0561198670760029));
#2495=CARTESIAN_POINT('',(0.0606581578962943,0.25,0.0561198670760029));
#2496=CARTESIAN_POINT('',(0.,0.234998,6.80903620325928E-18));
#2497=CARTESIAN_POINT('',(-0.0441241599236532,0.234998,-0.0370245663179447));
#2498=CARTESIAN_POINT('',(0.0441241599236532,0.234998,0.0370245663179447));
#2499=CARTESIAN_POINT('',(0.0217286414304719,0.234998,0.0533444105936693));
#2500=CARTESIAN_POINT('',(0.0217286414304719,0.125,0.0533444105936693));
#2501=CARTESIAN_POINT('',(0.,0.125,6.80903620325928E-18));
#2502=CARTESIAN_POINT('',(-0.0217286414304719,0.125,0.0533444105936693));
#2503=CARTESIAN_POINT('',(-0.0217286414304719,0.234998,0.0533444105936693));
#2504=CARTESIAN_POINT('',(-0.0217286414304719,0.235,0.0533444105936693));
#2505=CARTESIAN_POINT('',(0.,0.235,6.80903620325928E-18));
#2506=CARTESIAN_POINT('',(-0.0575293753872559,0.235,-0.00285148514851485));
#2507=CARTESIAN_POINT('',(-0.0575293753872559,0.234998,-0.00285148514851485));
#2508=CARTESIAN_POINT('',(-0.0575293753872559,0.125,-0.00285148514851485));
#2509=CARTESIAN_POINT('',(0.,0.125,6.80903620325928E-18));
#2510=CARTESIAN_POINT('',(-0.0521341147057892,0.125,-0.024490693821197));
#2511=CARTESIAN_POINT('',(-0.0521341147057892,0.234998,-0.024490693821197));
#2512=CARTESIAN_POINT('',(0.,0.235,0.));
#2513=CARTESIAN_POINT('',(0.,0.235,4.04378373078456E-18));
#2514=CARTESIAN_POINT('',(-0.06604,0.235,1.21313511923537E-17));
#2515=CARTESIAN_POINT('',(-0.0652784926296556,0.235,0.01));
#2516=CARTESIAN_POINT('',(-0.061595,0.235,1.21313511923537E-17));
#2517=CARTESIAN_POINT('',(-0.0605256970220088,0.235,1.21313511923537E-17));
#2518=CARTESIAN_POINT('',(-0.0605256970220088,0.235,-0.003));
#2519=CARTESIAN_POINT('',(-0.0228603415049756,0.235,0.0561227653120896));
#2520=CARTESIAN_POINT('',(-0.0255792648660856,0.235,0.0548549105268675));
#2521=CARTESIAN_POINT('',(-0.0292832193560131,0.235,0.0627980665637695));
#2522=CARTESIAN_POINT('',(0.,0.235,0.01));
#2523=CARTESIAN_POINT('',(0.,0.235,4.04378373078456E-18));
#2524=CARTESIAN_POINT('',(0.,0.125,4.04378373078456E-18));
#2525=CARTESIAN_POINT('',(-0.06604,0.125,1.21313511923537E-17));
#2526=CARTESIAN_POINT('',(-0.0656605067119024,0.125,0.00706961514767424));
#2527=CARTESIAN_POINT('',(-0.06604,0.124998,1.21313511923537E-17));
#2528=CARTESIAN_POINT('',(-0.06604,0.129,1.21313511923537E-17));
#2529=CARTESIAN_POINT('',(-0.06604,0.129,0.));
#2530=CARTESIAN_POINT('',(-0.06604,0.128735885393219,0.));
#2531=CARTESIAN_POINT('',(-0.0660404892641913,0.128218324775294,0.000217347679270903));
#2532=CARTESIAN_POINT('',(-0.0660364277080758,0.128,0.000735915775287806));
#2533=CARTESIAN_POINT('',(-0.0660324283969627,0.128,0.001));
#2534=CARTESIAN_POINT('',(-0.0660324283969627,0.128,0.001));
#2535=CARTESIAN_POINT('',(5.96744875736022E-15,0.128,-3.31035816417821E-16));
#2536=CARTESIAN_POINT('',(-0.0656605067119024,0.128,0.00706961514767424));
#2537=CARTESIAN_POINT('',(-0.0656605067119024,0.235,0.00706961514767424));
#2538=CARTESIAN_POINT('',(0.,0.235,4.04378373078456E-18));
#2539=CARTESIAN_POINT('',(-0.0652784926296556,0.235,0.01));
#2540=CARTESIAN_POINT('',(-0.0654788948726472,0.235,0.00869180436579073));
#2541=CARTESIAN_POINT('',(-0.0657925049236056,0.234487647509588,0.0061006479085548));
#2542=CARTESIAN_POINT('',(-0.0660026321146328,0.232271378452869,0.00275886701291887));
#2543=CARTESIAN_POINT('',(-0.0660430179704578,0.228944145992373,0.00052857278763814));
#2544=CARTESIAN_POINT('',(-0.06604,0.226323597736054,-1.19550762896902E-18));
#2545=CARTESIAN_POINT('',(-0.06604,0.225,-1.19550762896902E-18));
#2546=CARTESIAN_POINT('',(-0.06604,0.225,1.21313511923537E-17));
#2547=CARTESIAN_POINT('',(-0.06604,0.124998,1.21313511923537E-17));
#2548=CARTESIAN_POINT('',(0.,0.235,4.04378373078456E-18));
#2549=CARTESIAN_POINT('',(-0.0583098590324035,0.124998,-0.0310039020063802));
#2550=CARTESIAN_POINT('',(-0.0583098590324036,0.125,-0.0310039020063802));
#2551=CARTESIAN_POINT('',(-0.0583098590324035,0.129,-0.0310039020063802));
#2552=CARTESIAN_POINT('',(0.,0.125,4.04378373078456E-18));
#2553=CARTESIAN_POINT('',(-0.0526409183249612,0.125,-0.0398775039076516));
#2554=CARTESIAN_POINT('',(-0.0526409183249612,0.235,-0.0398775039076516));
#2555=CARTESIAN_POINT('',(-0.0526409183249612,0.128,-0.0398775039076516));
#2556=CARTESIAN_POINT('',(-3.57353036051223E-16,0.128,-2.01227923213309E-16));
#2557=CARTESIAN_POINT('',(-0.0578337021409418,0.128,-0.0318832949469284));
#2558=CARTESIAN_POINT('',(-0.0578337021409418,0.128,-0.0318832949469284));
#2559=CARTESIAN_POINT('',(-0.0579612132410678,0.128,-0.031652000189074));
#2560=CARTESIAN_POINT('',(-0.0582077736563452,0.128217313194852,-0.0311969292811366));
#2561=CARTESIAN_POINT('',(-0.0583098590324035,0.128735885446847,-0.0310039020063803));
#2562=CARTESIAN_POINT('',(-0.0583098590324035,0.129,-0.0310039020063803));
#2563=CARTESIAN_POINT('',(0.,0.235,4.04378373078456E-18));
#2564=CARTESIAN_POINT('',(0.,0.125,4.04378373078456E-18));
#2565=CARTESIAN_POINT('',(0.0279097100053559,0.125,0.0598525662559004));
#2566=CARTESIAN_POINT('',(0.0370678403764283,0.125,0.0546558030754982));
#2567=CARTESIAN_POINT('',(0.0279097100053559,0.124998,0.0598525662559004));
#2568=CARTESIAN_POINT('',(0.0279097100053559,0.13,0.0598525662559004));
#2569=CARTESIAN_POINT('',(0.0297095237863185,0.128,0.0589798761984982));
#2570=CARTESIAN_POINT('',(0.0292377356376104,0.128,0.0592175267689906));
#2571=CARTESIAN_POINT('',(0.0283064005266345,0.128434494289977,0.0596697267472815));
#2572=CARTESIAN_POINT('',(0.0279097100053559,0.129471734655365,0.0598525662559004));
#2573=CARTESIAN_POINT('',(0.0279097100053559,0.13,0.0598525662559004));
#2574=CARTESIAN_POINT('',(0.0297095237863185,0.128,0.0589798761984982));
#2575=CARTESIAN_POINT('',(5.15212872365112E-16,0.128,8.22258927613007E-16));
#2576=CARTESIAN_POINT('',(0.0370678403764283,0.128,0.0546558030754982));
#2577=CARTESIAN_POINT('',(0.0370678403764283,0.235,0.0546558030754982));
#2578=CARTESIAN_POINT('',(0.,0.235,4.04378373078456E-18));
#2579=CARTESIAN_POINT('',(-0.0583098590324035,0.124998,-0.0310039020063802));
#2580=CARTESIAN_POINT('',(-0.0583098590324035,0.225,-0.0310039020063802));
#2581=CARTESIAN_POINT('',(-0.0583098590324035,0.225,-0.0310039020063803));
#2582=CARTESIAN_POINT('',(-0.0583098590324035,0.226323622173439,-0.0310039020063803));
#2583=CARTESIAN_POINT('',(-0.0580667604945474,0.22893086902676,-0.0314676773539371));
#2584=CARTESIAN_POINT('',(-0.0569832228805677,0.232268076757646,-0.0334193496608422));
#2585=CARTESIAN_POINT('',(-0.0552346343946771,0.234482725469449,-0.0362632142422911));
#2586=CARTESIAN_POINT('',(-0.0537339462057481,0.235,-0.038414794880329));
#2587=CARTESIAN_POINT('',(-0.0529427723049547,0.235,-0.0394758718797409));
#2588=CARTESIAN_POINT('',(0.,0.235,4.04378373078456E-18));
#2589=CARTESIAN_POINT('',(-0.0279097100053559,0.124998,0.0598525662559004));
#2590=CARTESIAN_POINT('',(-0.0279097100053559,0.125,0.0598525662559004));
#2591=CARTESIAN_POINT('',(-0.0279097100053559,0.13,0.0598525662559004));
#2592=CARTESIAN_POINT('',(0.,0.125,4.04378373078456E-18));
#2593=CARTESIAN_POINT('',(-0.0370678403764283,0.125,0.0546558030754982));
#2594=CARTESIAN_POINT('',(-0.0370678403764283,0.235,0.0546558030754982));
#2595=CARTESIAN_POINT('',(-0.0370678403764283,0.128,0.0546558030754982));
#2596=CARTESIAN_POINT('',(-5.15212872365112E-16,0.128,8.22258927613007E-16));
#2597=CARTESIAN_POINT('',(-0.0297095237863185,0.128,0.0589798761984982));
#2598=CARTESIAN_POINT('',(-0.0297095237863185,0.128,0.0589798761984982));
#2599=CARTESIAN_POINT('',(-0.0292377356376104,0.128,0.0592175267689906));
#2600=CARTESIAN_POINT('',(-0.0283064005266345,0.128434494289977,0.0596697267472815));
#2601=CARTESIAN_POINT('',(-0.0279097100053559,0.129471734655365,0.0598525662559004));
#2602=CARTESIAN_POINT('',(-0.0279097100053559,0.13,0.0598525662559004));
#2603=CARTESIAN_POINT('',(-0.00664736849936387,0.235002,0.0759797696234574));
#2604=CARTESIAN_POINT('',(-0.00697245941981263,0.235002,0.0796955758473397));
#2605=CARTESIAN_POINT('',(-0.00697245941981263,0.225,0.0796955758473397));
#2606=CARTESIAN_POINT('',(-0.00697245941981263,0.125,0.0796955758473397));
#2607=CARTESIAN_POINT('',(-0.00664736849936387,0.225,0.0759797696234574));
#2608=CARTESIAN_POINT('',(-0.00664736849936387,0.125,0.0759797696234574));
#2609=CARTESIAN_POINT('',(0.00664736849936389,0.235002,0.0759797696234574));
#2610=CARTESIAN_POINT('',(0.00664736849936389,0.225,0.0759797696234574));
#2611=CARTESIAN_POINT('',(0.00697245941981268,0.225,0.0796955758473397));
#2612=CARTESIAN_POINT('',(0.00697245941981268,0.235002,0.0796955758473397));
#2613=CARTESIAN_POINT('',(0.00697245941981268,0.125,0.0796955758473397));
#2614=CARTESIAN_POINT('',(0.00664736849936389,0.125,0.0759797696234574));
#2615=CARTESIAN_POINT('',(-1.29670579829266E-16,0.235002,1.33920652345409E-15));
#2616=CARTESIAN_POINT('',(-1.29670579829266E-16,0.125,1.33920652345409E-15));
#2617=CARTESIAN_POINT('',(-0.0207031601868539,0.125,0.0772746993412298));
#2618=CARTESIAN_POINT('',(-0.0207031601868539,0.125,0.0772746993412298));
#2619=CARTESIAN_POINT('',(-0.0207031601868538,0.225,0.0772746993412299));
#2620=CARTESIAN_POINT('',(-1.29670579829266E-16,0.225,1.33920652345409E-15));
#2621=CARTESIAN_POINT('',(1.25767452008318E-16,0.235002,9.22872889219661E-16));
#2622=CARTESIAN_POINT('',(1.25767452008318E-16,0.225,9.22872889219661E-16));
#2623=CARTESIAN_POINT('',(0.0207055236082017,0.225,0.0772740661031255));
#2624=CARTESIAN_POINT('',(0.0207055236082017,0.235002,0.0772740661031255));
#2625=CARTESIAN_POINT('',(0.0207055236082017,0.125,0.0772740661031255));
#2626=CARTESIAN_POINT('',(1.25767452008318E-16,0.125,9.22872889219661E-16));
#2627=CARTESIAN_POINT('',(-0.0292832193560131,0.124998,0.0627980665637695));
#2628=CARTESIAN_POINT('',(-0.0255792648660856,0.124998,0.0548549105268675));
#2629=CARTESIAN_POINT('',(-0.0255792648660856,0.125,0.0548549105268675));
#2630=CARTESIAN_POINT('',(-0.0260311718319184,0.125,0.0558240281425224));
#2631=CARTESIAN_POINT('',(-0.0306567287066704,0.13,0.0657435668716386));
#2632=CARTESIAN_POINT('',(0.0292832193560131,0.124998,0.0627980665637695));
#2633=CARTESIAN_POINT('',(0.0260311718319184,0.125,0.0558240281425224));
#2634=CARTESIAN_POINT('',(0.0255792648660856,0.125,0.0548549105268675));
#2635=CARTESIAN_POINT('',(0.0255792648660856,0.124998,0.0548549105268675));
#2636=CARTESIAN_POINT('',(0.0306567287066704,0.13,0.0657435668716386));
#2637=CARTESIAN_POINT('',(-0.0706711253324285,0.235002,-0.0375765038853827));
#2638=CARTESIAN_POINT('',(-0.0706711253324285,0.235,-0.0375765038853827));
#2639=CARTESIAN_POINT('',(-0.0658149135717044,0.235,-0.0349944102900603));
#2640=CARTESIAN_POINT('',(-0.0728784943145758,0.235,-0.0387501827923474));
#2641=CARTESIAN_POINT('',(-0.0658149135717044,0.237,-0.0349944102900603));
#2642=CARTESIAN_POINT('',(-0.065791218735056,0.235000180051665,-0.0349818115219327));
#2643=CARTESIAN_POINT('',(-0.065791218735056,0.235002,-0.0349818115219327));
#2644=CARTESIAN_POINT('',(-0.065791215228367,0.225,-0.034981809657393));
#2645=CARTESIAN_POINT('',(-0.0662563873681339,0.225,-0.0352291460714533));
#2646=CARTESIAN_POINT('',(-0.0684637563502812,0.225,-0.036402824978418));
#2647=CARTESIAN_POINT('',(-0.0684637563502812,0.235002,-0.036402824978418));
#2648=CARTESIAN_POINT('',(-0.0684637563502812,0.125,-0.036402824978418));
#2649=CARTESIAN_POINT('',(-0.0706711253324285,0.125,-0.0375765038853827));
#2650=CARTESIAN_POINT('',(-0.0728784943145758,0.125,-0.0387501827923474));
#2651=CARTESIAN_POINT('',(-0.0728784943145758,0.235002,-0.0387501827923474));
#2652=CARTESIAN_POINT('',(0.,0.235,4.44179394050745E-18));
#2653=CARTESIAN_POINT('',(-2.60208521396521E-15,0.128,-9.0726037793587E-16));
#2654=CARTESIAN_POINT('',(-0.0635734605980444,0.128,-0.0349351786540286));
#2655=CARTESIAN_POINT('',(-0.0577809826364193,0.128,-0.0438566944213742));
#2656=CARTESIAN_POINT('',(-0.0577809826364194,0.235,-0.0438566944213743));
#2657=CARTESIAN_POINT('',(-0.0577809826364194,0.125,-0.0438566944213743));
#2658=CARTESIAN_POINT('',(2.63677968348475E-16,0.125,3.59087759527199E-16));
#2659=CARTESIAN_POINT('',(-0.06677342206944,0.125,-0.0283436360606119));
#2660=CARTESIAN_POINT('',(-0.06677342206944,0.235002,-0.0283436360606119));
#2661=CARTESIAN_POINT('',(-0.06677342206944,0.225,-0.0283436360606119));
#2662=CARTESIAN_POINT('',(-1.52655665885959E-16,0.225,-1.07552855510562E-16));
#2663=CARTESIAN_POINT('',(-0.0640490183859866,0.225,-0.0340554671644886));
#2664=CARTESIAN_POINT('',(-0.0640490183859866,0.235002,-0.0340554671644886));
#2665=CARTESIAN_POINT('',(-0.0640490183859866,0.129,-0.0340554671644886));
#2666=CARTESIAN_POINT('',(-0.0640490183859866,0.129,-0.0340554671644886));
#2667=CARTESIAN_POINT('',(-0.0640490183859866,0.128735886435887,-0.0340554671644886));
#2668=CARTESIAN_POINT('',(-0.0639473741117332,0.128218328471906,-0.034247580998389));
#2669=CARTESIAN_POINT('',(-0.0637006573395181,0.128,-0.0347037117675312));
#2670=CARTESIAN_POINT('',(-0.0635734605980444,0.128,-0.0349351786540286));
#2671=CARTESIAN_POINT('',(-0.0747968704377211,0.235002,-0.0162419140720164));
#2672=CARTESIAN_POINT('',(-0.0747968704377211,0.225,-0.0162419140720164));
#2673=CARTESIAN_POINT('',(-0.0757740963383969,0.225,-0.0164541157191554));
#2674=CARTESIAN_POINT('',(-0.0745719193833773,0.225,-0.0172162841368016));
#2675=CARTESIAN_POINT('',(-0.0757740963383969,0.235002,-0.0164541157191554));
#2676=CARTESIAN_POINT('',(-0.0757740963383969,0.125,-0.0164541157191554));
#2677=CARTESIAN_POINT('',(-0.0747968704377211,0.125,-0.0162419140720164));
#2678=CARTESIAN_POINT('',(-0.0745719193833773,0.125,-0.0172162841368016));
#2679=CARTESIAN_POINT('',(-0.0745719193833773,0.125,-0.0172162841368016));
#2680=CARTESIAN_POINT('',(0.,0.125,0.));
#2681=CARTESIAN_POINT('',(-0.0577629922832365,0.125,-0.0375117257945429));
#2682=CARTESIAN_POINT('',(-0.0577629922832365,0.125,-0.0390367257945429));
#2683=CARTESIAN_POINT('',(-0.0688798905279092,0.125,0.00421287458036545));
#2684=CARTESIAN_POINT('',(-0.0688798905279092,0.125,0.00268787458036544));
#2685=CARTESIAN_POINT('',(-0.0605256970220088,0.125,-0.003));
#2686=CARTESIAN_POINT('',(-0.0605256970220088,0.125,1.21313511923537E-17));
#2687=CARTESIAN_POINT('',(-0.061595,0.125,1.21313511923537E-17));
#2688=CARTESIAN_POINT('',(-0.066654760296274,0.125,0.00717666564960753));
#2689=CARTESIAN_POINT('',(-0.0665328909528688,0.125,0.00816921180124885));
#2690=CARTESIAN_POINT('',(-0.0687735228472272,0.125,0.00844432680454268));
#2691=CARTESIAN_POINT('',(-0.0709998143481927,0.125,0.0087176810289306));
#2692=CARTESIAN_POINT('',(-0.0711216836915978,0.125,0.00772513487728927));
#2693=CARTESIAN_POINT('',(-0.0731167296614841,0.125,-0.0168803271179636));
#2694=CARTESIAN_POINT('',(1.61676227961039E-15,0.125,1.34441069388203E-16));
#2695=CARTESIAN_POINT('',(-0.0767853860502214,0.125,-0.0107914822484435));
#2696=CARTESIAN_POINT('',(-0.0792610562220753,0.125,-0.0111394150008436));
#2697=CARTESIAN_POINT('',(-0.0797315957499318,0.125,-0.0112055450188491));
#2698=CARTESIAN_POINT('',(-0.0794532495480117,0.125,-0.0131860811563322));
#2699=CARTESIAN_POINT('',(-0.0814262629462737,0.125,-0.0135135229531122));
#2700=CARTESIAN_POINT('',(1.87350135405495E-16,0.125,-3.72965547335013E-17));
#2701=CARTESIAN_POINT('',(-1.45716771982052E-16,0.125,-1.54390389361936E-16));
#2702=CARTESIAN_POINT('',(-0.0713759463367022,0.125,-0.0302972917030583));
#2703=CARTESIAN_POINT('',(-0.0690746842030711,0.125,-0.0293204638818351));
#2704=CARTESIAN_POINT('',(-0.0569844430356968,0.125,-0.0432521080632081));
#2705=CARTESIAN_POINT('',(-0.0563687815603711,0.125,-0.0440401188168148));
#2706=CARTESIAN_POINT('',(-0.0546012651174098,0.125,-0.0426591836253148));
#2707=CARTESIAN_POINT('',(-0.0528223634263309,0.125,-0.0412693533031065));
#2708=CARTESIAN_POINT('',(-0.0534380249016565,0.125,-0.0404813425494997));
#2709=CARTESIAN_POINT('',(-0.0543851569821456,0.125,-0.028917100909797));
#2710=CARTESIAN_POINT('',(-0.0534410184916914,0.125,-0.0284150935696278));
#2711=CARTESIAN_POINT('',(-0.054849433180049,0.125,-0.025766250791051));
#2712=CARTESIAN_POINT('',(-0.06929,0.124998,0.));
#2713=CARTESIAN_POINT('',(-0.0605256970220088,0.124998,0.));
#2714=CARTESIAN_POINT('',(-0.06929,0.225,0.));
#2715=CARTESIAN_POINT('',(-0.06604,0.129,0.));
#2716=CARTESIAN_POINT('',(-0.06929,0.225,0.01));
#2717=CARTESIAN_POINT('',(0.,0.235,0.));
#2718=CARTESIAN_POINT('',(-0.0792610562220753,0.235,-0.0111394150008436));
#2719=CARTESIAN_POINT('',(-0.0738145818439967,0.235,-0.0103739629455633));
#2720=CARTESIAN_POINT('',(-0.0797315957499318,0.235,-0.0112055450188491));
#2721=CARTESIAN_POINT('',(0.,0.235,4.44179394050745E-18));
#2722=CARTESIAN_POINT('',(1.87350135405495E-16,0.235,-3.72965547335013E-17));
#2723=CARTESIAN_POINT('',(-0.0814262629462737,0.235,-0.0135135229531122));
#2724=CARTESIAN_POINT('',(-0.0794532495480117,0.235,-0.0131860811563322));
#2725=CARTESIAN_POINT('',(-0.0731167296614841,0.235002,-0.0168803271179636));
#2726=CARTESIAN_POINT('',(-0.0731167296614841,0.225,-0.0168803271179636));
#2727=CARTESIAN_POINT('',(1.61676227961039E-15,0.235002,1.34441069388203E-16));
#2728=CARTESIAN_POINT('',(1.61676227961039E-15,0.225,1.34441069388203E-16));
#2729=CARTESIAN_POINT('',(-0.0767853860502214,0.225,-0.0107914822484435));
#2730=CARTESIAN_POINT('',(-0.0767853860502214,0.235002,-0.0107914822484435));
#2731=CARTESIAN_POINT('',(-0.0792610562220753,0.235002,-0.0111394150008436));
#2732=CARTESIAN_POINT('',(-0.0743097158783675,0.225,-0.0104435494960433));
#2733=CARTESIAN_POINT('',(-0.0737880069483667,0.225,-0.0103702280875493));
#2734=CARTESIAN_POINT('',(-0.0737880069483667,0.235,-0.0103702280875493));
#2735=CARTESIAN_POINT('',(-0.0737880069483667,0.235000180051665,-0.0103702280875493));
#2736=CARTESIAN_POINT('',(-0.0738145818439967,0.237,-0.0103739629455633));
#2737=CARTESIAN_POINT('',(-0.0797315957499318,0.235002,-0.0112055450188491));
#2738=CARTESIAN_POINT('',(1.87350135405495E-16,0.235002,-3.72965547335013E-17));
#2739=CARTESIAN_POINT('',(-0.0814262629462737,0.235002,-0.0135135229531122));
#2740=CARTESIAN_POINT('',(-0.0706711253324285,0.235002,-0.0375765038853827));
#2741=CARTESIAN_POINT('',(-0.0534410184916914,0.125,-0.0284150935696278));
#2742=CARTESIAN_POINT('',(-0.0706711253324285,0.129,-0.0375765038853827));
#2743=CARTESIAN_POINT('',(-0.0583098590324035,0.225,-0.0310039020063803));
#2744=CARTESIAN_POINT('',(-1.45716771982052E-16,0.235002,-1.54390389361936E-16));
#2745=CARTESIAN_POINT('',(-1.45716771982052E-16,0.225,-1.54390389361936E-16));
#2746=CARTESIAN_POINT('',(-0.0713759463367022,0.225,-0.0302972917030583));
#2747=CARTESIAN_POINT('',(-0.0713759463367022,0.235002,-0.0302972917030583));
#2748=CARTESIAN_POINT('',(-0.0690746842030711,0.235002,-0.0293204638818351));
#2749=CARTESIAN_POINT('',(-0.0690746842030711,0.225,-0.0293204638818351));
#2750=CARTESIAN_POINT('',(-0.0546012651174098,0.128,-0.0426591836253148));
#2751=CARTESIAN_POINT('',(-0.0546012651174098,0.128,-0.0426591836253148));
#2752=CARTESIAN_POINT('',(-0.0563687815603711,0.128,-0.0440401188168148));
#2753=CARTESIAN_POINT('',(-0.0528223634263309,0.128,-0.0412693533031065));
#2754=CARTESIAN_POINT('',(-0.0528223634263309,0.128,-0.0412693533031065));
#2755=CARTESIAN_POINT('',(-0.0563687815603711,0.128,-0.0440401188168148));
#2756=CARTESIAN_POINT('',(0.,0.128,0.));
#2757=CARTESIAN_POINT('',(-0.0577629922832365,0.128,-0.0375117257945429));
#2758=CARTESIAN_POINT('',(-0.0577629922832365,0.128,-0.0390367257945429));
#2759=CARTESIAN_POINT('',(-0.0534380249016565,0.128,-0.0404813425494997));
#2760=CARTESIAN_POINT('',(-0.0569844430356968,0.128,-0.0432521080632081));
#2761=CARTESIAN_POINT('',(0.00046947156278589,0.128,-0.000882947592858925));
#2762=CARTESIAN_POINT('',(-0.0687735228472272,0.128,0.00844432680454268));
#2763=CARTESIAN_POINT('',(-0.0665328909528688,0.128,0.00816921180124885));
#2764=CARTESIAN_POINT('',(-0.0665328909528688,0.128,0.00816921180124885));
#2765=CARTESIAN_POINT('',(-0.0687735228472272,0.128,0.00844432680454268));
#2766=CARTESIAN_POINT('',(-0.0709998143481927,0.128,0.0087176810289306));
#2767=CARTESIAN_POINT('',(-0.0709998143481927,0.128,0.0087176810289306));
#2768=CARTESIAN_POINT('',(0.,0.128,0.));
#2769=CARTESIAN_POINT('',(-0.0688798905279092,0.128,0.00421287458036545));
#2770=CARTESIAN_POINT('',(-0.0688798905279092,0.128,0.00268787458036544));
#2771=CARTESIAN_POINT('',(-0.066654760296274,0.128,0.00717666564960753));
#2772=CARTESIAN_POINT('',(-0.07254,0.128,0.001));
#2773=CARTESIAN_POINT('',(-0.0711216836915978,0.128,0.00772513487728927));
#2774=CARTESIAN_POINT('',(-0.0794532495480117,0.235002,-0.0131860811563322));
#2775=CARTESIAN_POINT('',(-0.00445662477400584,0.225,0.));
#2776=CARTESIAN_POINT('',(-0.0740663531502868,0.225,-0.00838969195006617));
#2777=CARTESIAN_POINT('',(-0.00445662477400584,0.225,0.));
#2778=CARTESIAN_POINT('',(-0.0640490183859866,0.225,-0.0340554671644886));
#2779=CARTESIAN_POINT('',(0.00469471562785891,0.225,-0.00882947592858927));
#2780=CARTESIAN_POINT('',(-0.0631122091858329,0.230927775377858,-0.0357617204799164));
#2781=CARTESIAN_POINT('',(-0.0634421081063879,0.230018939751538,-0.0351795155578701));
#2782=CARTESIAN_POINT('',(-0.0644421921796842,0.22805905514138,-0.0346120465386894));
#2783=CARTESIAN_POINT('',(-0.0653897948396687,0.226016609163587,-0.0347683706506609));
#2784=CARTESIAN_POINT('',(-0.065791218735056,0.225,-0.0349818115219327));
#2785=CARTESIAN_POINT('',(-0.0688798905279092,0.1199,0.00421287458036545));
#2786=CARTESIAN_POINT('',(-0.0577629922832365,0.1191,-0.0375117257945429));
#2787=CARTESIAN_POINT('',(-0.0702016537696426,0.129,-0.0384594514782416));
#2788=CARTESIAN_POINT('',(-0.06929,0.129,0.001));
#2789=CARTESIAN_POINT('',(-0.066654760296274,0.235,0.00717666564960753));
#2790=CARTESIAN_POINT('',(-0.0711216836915978,0.235,0.00772513487728927));
#2791=CARTESIAN_POINT('',(-0.0534380249016565,0.235,-0.0404813425494997));
#2792=CARTESIAN_POINT('',(-0.0569844430356968,0.235,-0.0432521080632081));
#2793=CARTESIAN_POINT('',(-0.0740663531502868,0.235,-0.00838969195006617));
#2794=CARTESIAN_POINT('',(-0.0737880069483667,0.235000180051665,-0.0103702280875493));
#2795=CARTESIAN_POINT('',(-0.0734725198343275,0.235004455254711,-0.0103258892652044));
#2796=CARTESIAN_POINT('',(-0.0728893347033659,0.235171576108271,-0.0100837446473338));
#2797=CARTESIAN_POINT('',(-0.0721593918698275,0.235876031185176,-0.00928956478798959));
#2798=CARTESIAN_POINT('',(-0.0720295671712953,0.236554234690482,-0.00860153639228277));
#2799=CARTESIAN_POINT('',(-0.072079061678586,0.237,-0.00816458618269117));
#2800=CARTESIAN_POINT('',(0.,0.237,4.44179394050745E-18));
#2801=CARTESIAN_POINT('',(-0.065791218735056,0.235000180051665,-0.0349818115219327));
#2802=CARTESIAN_POINT('',(-0.0655099225924137,0.235004455254711,-0.0348322437097997));
#2803=CARTESIAN_POINT('',(-0.0648957868752931,0.235171576108272,-0.0346853552014168));
#2804=CARTESIAN_POINT('',(-0.0638384435090444,0.23587603118517,-0.0348988105716528));
#2805=CARTESIAN_POINT('',(-0.0633290001775044,0.23655423469051,-0.0353791281931818));
#2806=CARTESIAN_POINT('',(-0.0631122091858329,0.237,-0.0357617204799164));
#2807=CARTESIAN_POINT('',(-0.0648522756094842,0.235,-0.0367477067076505));
#2808=CARTESIAN_POINT('',(0.0669456372248341,0.125,-0.0177634865929594));
#2809=CARTESIAN_POINT('',(-0.0228603415049756,0.125,0.0561227653120896));
#2810=CARTESIAN_POINT('',(0.0228603415049756,0.125,0.0561227653120896));
#2811=CARTESIAN_POINT('',(0.0376291341434851,0.125,0.0554834197180708));
#2812=CARTESIAN_POINT('',(0.0384482861877741,0.125,0.0549098432817198));
#2813=CARTESIAN_POINT('',(0.039743111274764,0.125,0.0567590451487842));
#2814=CARTESIAN_POINT('',(0.0410296492793603,0.125,0.0585964118356464));
#2815=CARTESIAN_POINT('',(0.0402104972350713,0.125,0.0591699882719975));
#2816=CARTESIAN_POINT('',(0.021352571220958,0.125,0.0796888806688482));
#2817=CARTESIAN_POINT('',(0.0219996188337142,0.125,0.0821036952345708));
#2818=CARTESIAN_POINT('',(-1.31432095883474E-16,0.125,-5.41233724504764E-16));
#2819=CARTESIAN_POINT('',(-0.0168251278329205,0.125,0.0833181557249432));
#2820=CARTESIAN_POINT('',(-0.015835414430984,0.125,0.0784170877411231));
#2821=CARTESIAN_POINT('',(-0.0402104972350713,0.125,0.0591699882719975));
#2822=CARTESIAN_POINT('',(-0.0410296492793603,0.125,0.0585964118356464));
#2823=CARTESIAN_POINT('',(-0.039743111274764,0.125,0.0567590451487842));
#2824=CARTESIAN_POINT('',(-0.0384482861877741,0.125,0.0549098432817198));
#2825=CARTESIAN_POINT('',(-0.0376291341434851,0.125,0.0554834197180708));
#2826=CARTESIAN_POINT('',(0.0344372358414487,0.125,0.0596470421496209));
#2827=CARTESIAN_POINT('',(0.0344372358414487,0.125,0.0611720421496209));
#2828=CARTESIAN_POINT('',(-0.0344372358414487,0.125,0.0596470421496209));
#2829=CARTESIAN_POINT('',(-0.0344372358414487,0.125,0.0611720421496209));
#2830=CARTESIAN_POINT('',(0.039743111274764,0.128,0.0567590451487842));
#2831=CARTESIAN_POINT('',(0.039743111274764,0.128,0.0567590451487842));
#2832=CARTESIAN_POINT('',(0.0410296492793603,0.128,0.0585964118356464));
#2833=CARTESIAN_POINT('',(0.0384482861877741,0.128,0.0549098432817198));
#2834=CARTESIAN_POINT('',(0.0410296492793603,0.128,0.0585964118356464));
#2835=CARTESIAN_POINT('',(0.0384482861877741,0.128,0.0549098432817198));
#2836=CARTESIAN_POINT('',(0.0344372358414487,0.128,0.0596470421496209));
#2837=CARTESIAN_POINT('',(0.0344372358414487,0.128,0.0596470421496209));
#2838=CARTESIAN_POINT('',(0.0344372358414487,0.128,0.0611720421496209));
#2839=CARTESIAN_POINT('',(0.00547525299311728,0.128,0.0633184005024225));
#2840=CARTESIAN_POINT('',(0.0402104972350713,0.128,0.0591699882719975));
#2841=CARTESIAN_POINT('',(0.0376291341434851,0.128,0.0554834197180708));
#2842=CARTESIAN_POINT('',(0.0297223255794292,0.128,0.0590073297324189));
#2843=CARTESIAN_POINT('',(0.0376291341434851,0.235,0.0554834197180708));
#2844=CARTESIAN_POINT('',(0.0402104972350713,0.235,0.0591699882719975));
#2845=CARTESIAN_POINT('',(0.0270428841047259,0.13,0.0532612489468174));
#2846=CARTESIAN_POINT('',(-0.039743111274764,0.128,0.0567590451487842));
#2847=CARTESIAN_POINT('',(-0.039743111274764,0.128,0.0567590451487842));
#2848=CARTESIAN_POINT('',(-0.0410296492793603,0.128,0.0585964118356464));
#2849=CARTESIAN_POINT('',(-0.0384482861877741,0.128,0.0549098432817198));
#2850=CARTESIAN_POINT('',(-0.0384482861877741,0.128,0.0549098432817198));
#2851=CARTESIAN_POINT('',(-0.0410296492793603,0.128,0.0585964118356464));
#2852=CARTESIAN_POINT('',(-0.0344372358414487,0.128,0.0596470421496209));
#2853=CARTESIAN_POINT('',(-0.0344372358414487,0.128,0.0596470421496209));
#2854=CARTESIAN_POINT('',(-0.0344372358414487,0.128,0.0611720421496209));
#2855=CARTESIAN_POINT('',(-0.00547525299311728,0.128,0.0633184005024225));
#2856=CARTESIAN_POINT('',(-0.0297223255794292,0.128,0.0590073297324189));
#2857=CARTESIAN_POINT('',(-0.0376291341434851,0.128,0.0554834197180708));
#2858=CARTESIAN_POINT('',(-0.0402104972350713,0.128,0.0591699882719975));
#2859=CARTESIAN_POINT('',(-0.0376291341434851,0.235,0.0554834197180708));
#2860=CARTESIAN_POINT('',(-0.0402104972350713,0.235,0.0591699882719975));
#2861=CARTESIAN_POINT('',(-0.0270428841047259,0.13,0.0532612489468174));
#2862=CARTESIAN_POINT('',(0.,0.235,0.));
#2863=CARTESIAN_POINT('',(-0.021352571220958,0.235,0.0796888806688482));
#2864=CARTESIAN_POINT('',(-0.0200688287572495,0.235,0.0748978885704544));
#2865=CARTESIAN_POINT('',(-0.0206650435624293,0.235,0.0771229925156104));
#2866=CARTESIAN_POINT('',(-0.015835414430984,0.235,0.0784170877411231));
#2867=CARTESIAN_POINT('',(-0.0168251278329205,0.235,0.0833181557249432));
#2868=CARTESIAN_POINT('',(-1.31432095883474E-16,0.235,-5.41233724504764E-16));
#2869=CARTESIAN_POINT('',(0.0219996188337142,0.235,0.0821036952345708));
#2870=CARTESIAN_POINT('',(0.021352571220958,0.235,0.0796888806688482));
#2871=CARTESIAN_POINT('',(0.0200688287572495,0.235,0.0748978885704544));
#2872=CARTESIAN_POINT('',(0.,0.235,4.44179394050745E-18));
#2873=CARTESIAN_POINT('',(-0.021352571220958,0.235002,0.0796888806688482));
#2874=CARTESIAN_POINT('',(-0.0197401285699693,0.225,0.0736711627710673));
#2875=CARTESIAN_POINT('',(-0.020027061822322,0.225,0.0747420122472288));
#2876=CARTESIAN_POINT('',(-0.0206650435624293,0.225,0.0771229925156104));
#2877=CARTESIAN_POINT('',(-0.0206650435624293,0.235,0.0771229925156104));
#2878=CARTESIAN_POINT('',(-0.0200688287572495,0.24,0.0748978885704544));
#2879=CARTESIAN_POINT('',(-0.020027061822322,0.235002604869034,0.0747420122472288));
#2880=CARTESIAN_POINT('',(-0.020027061822322,0.235002,0.0747420122472288));
#2881=CARTESIAN_POINT('',(-1.31432095883474E-16,0.235002,-5.41233724504764E-16));
#2882=CARTESIAN_POINT('',(-0.0168251278329205,0.235002,0.0833181557249433));
#2883=CARTESIAN_POINT('',(0.0219996188337142,0.235002,0.0821036952345708));
#2884=CARTESIAN_POINT('',(0.021352571220958,0.235002,0.0796888806688482));
#2885=CARTESIAN_POINT('',(0.0197401285699693,0.225,0.0736711627710673));
#2886=CARTESIAN_POINT('',(0.020027061822322,0.225,0.0747420122472288));
#2887=CARTESIAN_POINT('',(0.020027061822322,0.235,0.0747420122472288));
#2888=CARTESIAN_POINT('',(0.020027061822322,0.235002604869034,0.0747420122472288));
#2889=CARTESIAN_POINT('',(0.0200688287572495,0.24,0.0748978885704544));
#2890=CARTESIAN_POINT('',(0.00445662477400584,0.225,0.));
#2891=CARTESIAN_POINT('',(-0.015835414430984,0.225,0.0784170877411231));
#2892=CARTESIAN_POINT('',(-0.0248566909537674,0.225,0.0734479170217162));
#2893=CARTESIAN_POINT('',(0.00445662477400584,0.225,0.));
#2894=CARTESIAN_POINT('',(0.0248566909537674,0.225,0.0734479170217162));
#2895=CARTESIAN_POINT('',(0.0248566909537674,0.235,0.0734479170217162));
#2896=CARTESIAN_POINT('',(0.020027061822322,0.235002604869034,0.0747420122472288));
#2897=CARTESIAN_POINT('',(0.0198246754455371,0.235027855819545,0.0739866960063076));
#2898=CARTESIAN_POINT('',(0.0198057640178022,0.235458607535124,0.0724457469693593));
#2899=CARTESIAN_POINT('',(0.0205936424133604,0.236775454035355,0.0706355166975369));
#2900=CARTESIAN_POINT('',(0.0217775317973591,0.238327930872553,0.069394696460062));
#2901=CARTESIAN_POINT('',(0.0227476584525362,0.239447484447416,0.0688830982426306));
#2902=CARTESIAN_POINT('',(0.0232538607400863,0.24,0.0687117861846181));
#2903=CARTESIAN_POINT('',(0.,0.24,4.44179394050745E-18));
#2904=CARTESIAN_POINT('',(-0.020027061822322,0.235002604869034,0.0747420122472288));
#2905=CARTESIAN_POINT('',(-0.0198246754455371,0.235027855819545,0.0739866960063076));
#2906=CARTESIAN_POINT('',(-0.0198057640177993,0.235458607535127,0.0724457469693602));
#2907=CARTESIAN_POINT('',(-0.0205936424133702,0.236775454035345,0.0706355166975336));
#2908=CARTESIAN_POINT('',(-0.0217775317973222,0.238327930872591,0.0693946964600745));
#2909=CARTESIAN_POINT('',(-0.0227476584526155,0.239447484447335,0.0688830982426038));
#2910=CARTESIAN_POINT('',(-0.0232538607400862,0.24,0.0687117861846181));
#2911=CARTESIAN_POINT('',(-0.0248566909537674,0.235,0.0734479170217162));
#2912=CARTESIAN_POINT('',(-0.015835414430984,0.235002,0.0784170877411231));
#2913=CARTESIAN_POINT('',(-0.0228603415049756,0.234998,0.0561227653120896));
#2914=CARTESIAN_POINT('',(0.0228603415049756,0.234998,0.0561227653120896));
#2915=CARTESIAN_POINT('',(-0.0605256970220088,0.234998,-0.003));
#2916=CARTESIAN_POINT('',(-0.054849433180049,0.234998,-0.025766250791051));
#2917=CARTESIAN_POINT('',(0.,-0.0325325626825815,0.));
#2918=CARTESIAN_POINT('',(0.0632293083350405,0.2425,0.053055689303527));
#2919=CARTESIAN_POINT('',(0.0593990861194456,0.2425,0.0498417512550943));
#2920=CARTESIAN_POINT('',(0.0582117172326112,0.2425,0.0488454304600802));
#2921=CARTESIAN_POINT('',(0.,-0.0325325626825815,0.));
#2922=CARTESIAN_POINT('',(-0.0632293083350405,0.2425,-0.053055689303527));
#2923=CARTESIAN_POINT('',(-0.0593990861194456,0.2425,-0.0498417512550943));
#2924=CARTESIAN_POINT('',(-0.06058645500628,0.2425,-0.0508380720501084));
#2925=CARTESIAN_POINT('',(-0.00257115043874616,0.125,0.00306417777247591));
#2926=CARTESIAN_POINT('',(-0.0619702365581917,0.2425,-0.0467775734826184));
#2927=CARTESIAN_POINT('',(-0.0631576054450261,0.2425,-0.0477738942776325));
#2928=CARTESIAN_POINT('',(-0.0658004587737866,0.2425,-0.0499915115310511));
#2929=CARTESIAN_POINT('',(-0.0658004587737866,0.2425,-0.0499915115310511));
#2930=CARTESIAN_POINT('',(-0.0619702365581917,0.2425,-0.0467775734826184));
#2931=CARTESIAN_POINT('',(-0.00257115043874616,0.125,0.00306417777247591));
#2932=CARTESIAN_POINT('',(0.0568279356806994,0.2425,0.0529059290275702));
#2933=CARTESIAN_POINT('',(0.055640566793865,0.2425,0.0519096082325561));
#2934=CARTESIAN_POINT('',(0.0606581578962943,0.2425,0.0561198670760029));
#2935=CARTESIAN_POINT('',(0.0606581578962943,0.2425,0.0561198670760029));
#2936=CARTESIAN_POINT('',(0.0568279356806994,0.2425,0.0529059290275702));
#2937=MECHANICAL_DESIGN_GEOMETRIC_PRESENTATION_REPRESENTATION('',(#1664),
#2938);
#2938=(
GEOMETRIC_REPRESENTATION_CONTEXT(3)
GLOBAL_UNCERTAINTY_ASSIGNED_CONTEXT((#2939))
GLOBAL_UNIT_ASSIGNED_CONTEXT((#2942,#2941,#2940))
REPRESENTATION_CONTEXT('hullcover2','TOP_LEVEL_ASSEMBLY_PART')
);
#2939=UNCERTAINTY_MEASURE_WITH_UNIT(LENGTH_MEASURE(2.E-5),#2942,
'DISTANCE_ACCURACY_VALUE','Maximum Tolerance applied to model');
#2940=(
NAMED_UNIT(*)
SI_UNIT($,.STERADIAN.)
SOLID_ANGLE_UNIT()
);
#2941=(
NAMED_UNIT(*)
PLANE_ANGLE_UNIT()
SI_UNIT($,.RADIAN.)
);
#2942=(
LENGTH_UNIT()
NAMED_UNIT(*)
SI_UNIT($,.METRE.)
);
#2943=PRODUCT_DEFINITION_SHAPE('','',#2944);
#2944=PRODUCT_DEFINITION('','',#2946,#2945);
#2945=PRODUCT_DEFINITION_CONTEXT('',#2952,'design');
#2946=PRODUCT_DEFINITION_FORMATION_WITH_SPECIFIED_SOURCE('','',#2948,
 .NOT_KNOWN.);
#2947=PRODUCT_RELATED_PRODUCT_CATEGORY('','',(#2948));
#2948=PRODUCT('hullcover2','hullcover2','hullcover2',(#2950));
#2949=PRODUCT_CATEGORY('','');
#2950=PRODUCT_CONTEXT('',#2952,'mechanical');
#2951=APPLICATION_PROTOCOL_DEFINITION('international standard',
'ap242_managed_model_based_3d_engineering',2020,#2952);
#2952=APPLICATION_CONTEXT('managed model based 3d engineering');
ENDSEC;
END-ISO-10303-21;
