ISO-10303-21;
HEADER;
/* Generated by software containing ST-Developer
 * from STEP Tools, Inc. (www.steptools.com) 
 */
/* OPTION: using custom renumber hook */

FILE_DESCRIPTION(
/* description */ ('STEP AP242 Edition 2',
'CAx-IF Rec.Pracs.---Representation and Presentation of Product Manufa
cturing Information (PMI)---4.0---2014-10-13',
'CAx-IF Rec.Pracs.---3D Tessellated Geometry---0.4---2014-09-14','2;1',
'CAx-IF Rec.Pracs.---User Defined Attributes---1.5---2016-08-15'),
/* implementation_level */ '2;1');

FILE_NAME(
/* name */ 'landedConcept v4 parts - boost3',
/* time_stamp */ '2026-01-03T01:02:39Z',
/* author */ (''),
/* organization */ (''),
/* preprocessor_version */ 'ST-DEVELOPER v20',
/* originating_system */ 'ONSHAPE BY PTC INC, 1.208',
/* authorisation */ '  ');

FILE_SCHEMA (('AP242_MANAGED_MODEL_BASED_3D_ENGINEERING_MIM_LF { 1 0 10303 442 3 1 4 }'));
ENDSEC;

DATA;
#10=SHAPE_REPRESENTATION_RELATIONSHIP('','',#1549,#11);
#11=ADVANCED_BREP_SHAPE_REPRESENTATION('',(#1547),#2760);
#12=TOROIDAL_SURFACE('',#1570,0.09374,0.003);
#13=TOROIDAL_SURFACE('',#1672,0.093,0.003);
#14=TOROIDAL_SURFACE('',#1673,0.09774,0.005);
#15=TOROIDAL_SURFACE('',#1683,0.012,0.002);
#16=TOROIDAL_SURFACE('',#1686,0.012,0.002);
#17=PLANE('',#1561);
#18=PLANE('',#1572);
#19=PLANE('',#1574);
#20=PLANE('',#1601);
#21=PLANE('',#1629);
#22=PLANE('',#1632);
#23=PLANE('',#1634);
#24=PLANE('',#1636);
#25=PLANE('',#1638);
#26=PLANE('',#1641);
#27=PLANE('',#1644);
#28=PLANE('',#1646);
#29=PLANE('',#1651);
#30=PLANE('',#1654);
#31=PLANE('',#1659);
#32=PLANE('',#1663);
#33=PLANE('',#1664);
#34=PLANE('',#1675);
#35=PLANE('',#1676);
#36=PLANE('',#1677);
#37=PLANE('',#1689);
#38=PLANE('',#1690);
#39=PLANE('',#1693);
#40=PLANE('',#1696);
#41=PLANE('',#1699);
#42=PLANE('',#1700);
#43=PLANE('',#1705);
#44=PLANE('',#1708);
#45=PLANE('',#1718);
#46=PLANE('',#1721);
#47=PLANE('',#1724);
#48=PLANE('',#1727);
#49=B_SPLINE_CURVE_WITH_KNOTS('',3,(#2229,#2230,#2231,#2232,#2233,#2234,
#2235,#2236,#2237,#2238,#2239),.UNSPECIFIED.,.T.,.F.,(1,1,1,1,1,1,1,1,1,
1,1,1,1,1,1),(-0.00586166029478636,-0.00390777352985757,-0.00195388676492879,
0.,0.00195388676492879,0.00390777352985757,0.00586166029478636,0.00781554705971515,
0.00976943382464394,0.0117233205895727,0.0136772073545015,0.0156310941194303,
0.0175849808843591,0.0195388676492879,0.0214927544142167),.UNSPECIFIED.);
#50=B_SPLINE_CURVE_WITH_KNOTS('',3,(#2248,#2249,#2250,#2251,#2252),
 .UNSPECIFIED.,.F.,.F.,(4,1,4),(0.,0.00156221972161816,0.00312443944323632),
 .UNSPECIFIED.);
#51=B_SPLINE_CURVE_WITH_KNOTS('',3,(#2256,#2257,#2258,#2259),
 .UNSPECIFIED.,.F.,.F.,(4,4),(0.,0.000781081517617979),.UNSPECIFIED.);
#52=B_SPLINE_CURVE_WITH_KNOTS('',3,(#2267,#2268,#2269,#2270),
 .UNSPECIFIED.,.F.,.F.,(4,4),(0.,0.000781081540361957),.UNSPECIFIED.);
#53=B_SPLINE_CURVE_WITH_KNOTS('',3,(#2274,#2275,#2276,#2277,#2278),
 .UNSPECIFIED.,.F.,.F.,(4,1,4),(0.,0.00156221899325446,0.00312443798650892),
 .UNSPECIFIED.);
#54=B_SPLINE_CURVE_WITH_KNOTS('',3,(#2293,#2294,#2295,#2296),
 .UNSPECIFIED.,.F.,.F.,(4,4),(0.,0.000781081756126898),.UNSPECIFIED.);
#55=B_SPLINE_CURVE_WITH_KNOTS('',3,(#2304,#2305,#2306,#2307),
 .UNSPECIFIED.,.F.,.F.,(4,4),(0.,0.000781081781779853),.UNSPECIFIED.);
#56=B_SPLINE_CURVE_WITH_KNOTS('',3,(#2308,#2309,#2310,#2311,#2312),
 .UNSPECIFIED.,.F.,.F.,(4,1,4),(2.79715755706988E-17,0.00158598240870319,
0.00317196481740635),.UNSPECIFIED.);
#57=B_SPLINE_CURVE_WITH_KNOTS('',3,(#2318,#2319,#2320,#2321,#2322,#2323,
#2324,#2325,#2326,#2327,#2328),.UNSPECIFIED.,.F.,.F.,(4,1,1,1,1,1,1,1,4),
(0.,0.00159730439584167,0.00319460879168334,0.00479191318752501,0.00638921758336668,
0.00798652197920835,0.00958382637505002,0.0111811307708917,0.0127784351667334),
 .UNSPECIFIED.);
#58=B_SPLINE_CURVE_WITH_KNOTS('',3,(#2334,#2335,#2336,#2337,#2338),
 .UNSPECIFIED.,.F.,.F.,(4,1,4),(3.98609107286759E-17,0.00158602060896913,
0.00317204121793822),.UNSPECIFIED.);
#59=B_SPLINE_CURVE_WITH_KNOTS('',3,(#2340,#2341,#2342,#2343,#2344),
 .UNSPECIFIED.,.F.,.F.,(4,1,4),(0.000405131041975285,0.00183228732676247,
0.00325944361154965),.UNSPECIFIED.);
#60=B_SPLINE_CURVE_WITH_KNOTS('',3,(#2345,#2346,#2347,#2348,#2349,#2350),
 .UNSPECIFIED.,.F.,.F.,(4,1,1,4),(0.,0.00250384202505493,0.0037557630375824,
0.00500768405010987),.UNSPECIFIED.);
#61=B_SPLINE_CURVE_WITH_KNOTS('',3,(#2354,#2355,#2356,#2357,#2358,#2359),
 .UNSPECIFIED.,.F.,.F.,(4,1,1,4),(0.,0.00125112992617215,0.0025022598523443,
0.0050045197046886),.UNSPECIFIED.);
#62=B_SPLINE_CURVE_WITH_KNOTS('',3,(#2612,#2613,#2614,#2615),
 .UNSPECIFIED.,.F.,.F.,(4,4),(0.,0.00179444094982205),.UNSPECIFIED.);
#63=B_SPLINE_CURVE_WITH_KNOTS('',3,(#2616,#2617,#2618,#2619,#2620,#2621),
 .UNSPECIFIED.,.F.,.F.,(4,1,1,4),(0.,0.0020589510246012,0.0041179020492024,
0.0082358040984048),.UNSPECIFIED.);
#64=B_SPLINE_CURVE_WITH_KNOTS('',3,(#2624,#2625,#2626,#2627,#2628,#2629),
 .UNSPECIFIED.,.F.,.F.,(4,1,1,4),(2.94392336003208E-17,0.00205895102460121,
0.00411790204920238,0.00823580409840474),.UNSPECIFIED.);
#65=B_SPLINE_CURVE_WITH_KNOTS('',3,(#2630,#2631,#2632,#2633),
 .UNSPECIFIED.,.F.,.F.,(4,4),(0.,0.0017944409498221),.UNSPECIFIED.);
#66=B_SPLINE_CURVE_WITH_KNOTS('',3,(#2694,#2695,#2696,#2697,#2698,#2699,
#2700,#2701,#2702,#2703),.UNSPECIFIED.,.F.,.F.,(4,1,1,1,1,1,1,4),(0.,0.00748838087991367,
0.0112325713198705,0.0131046665398489,0.0149767617598273,0.0187209521997842,
0.022465142639741,0.0299535235196547),.UNSPECIFIED.);
#67=LINE('',#2215,#175);
#68=LINE('',#2219,#176);
#69=LINE('',#2223,#177);
#70=LINE('',#2227,#178);
#71=LINE('',#2241,#179);
#72=LINE('',#2246,#180);
#73=LINE('',#2261,#181);
#74=LINE('',#2265,#182);
#75=LINE('',#2285,#183);
#76=LINE('',#2286,#184);
#77=LINE('',#2298,#185);
#78=LINE('',#2302,#186);
#79=LINE('',#2314,#187);
#80=LINE('',#2332,#188);
#81=LINE('',#2361,#189);
#82=LINE('',#2365,#190);
#83=LINE('',#2367,#191);
#84=LINE('',#2374,#192);
#85=LINE('',#2380,#193);
#86=LINE('',#2386,#194);
#87=LINE('',#2392,#195);
#88=LINE('',#2396,#196);
#89=LINE('',#2402,#197);
#90=LINE('',#2407,#198);
#91=LINE('',#2409,#199);
#92=LINE('',#2411,#200);
#93=LINE('',#2414,#201);
#94=LINE('',#2419,#202);
#95=LINE('',#2422,#203);
#96=LINE('',#2429,#204);
#97=LINE('',#2439,#205);
#98=LINE('',#2449,#206);
#99=LINE('',#2451,#207);
#100=LINE('',#2454,#208);
#101=LINE('',#2456,#209);
#102=LINE('',#2466,#210);
#103=LINE('',#2472,#211);
#104=LINE('',#2476,#212);
#105=LINE('',#2482,#213);
#106=LINE('',#2488,#214);
#107=LINE('',#2494,#215);
#108=LINE('',#2500,#216);
#109=LINE('',#2503,#217);
#110=LINE('',#2514,#218);
#111=LINE('',#2524,#219);
#112=LINE('',#2530,#220);
#113=LINE('',#2534,#221);
#114=LINE('',#2536,#222);
#115=LINE('',#2541,#223);
#116=LINE('',#2543,#224);
#117=LINE('',#2545,#225);
#118=LINE('',#2546,#226);
#119=LINE('',#2548,#227);
#120=LINE('',#2549,#228);
#121=LINE('',#2551,#229);
#122=LINE('',#2553,#230);
#123=LINE('',#2555,#231);
#124=LINE('',#2557,#232);
#125=LINE('',#2559,#233);
#126=LINE('',#2561,#234);
#127=LINE('',#2563,#235);
#128=LINE('',#2565,#236);
#129=LINE('',#2567,#237);
#130=LINE('',#2569,#238);
#131=LINE('',#2571,#239);
#132=LINE('',#2572,#240);
#133=LINE('',#2575,#241);
#134=LINE('',#2579,#242);
#135=LINE('',#2580,#243);
#136=LINE('',#2582,#244);
#137=LINE('',#2584,#245);
#138=LINE('',#2586,#246);
#139=LINE('',#2588,#247);
#140=LINE('',#2591,#248);
#141=LINE('',#2592,#249);
#142=LINE('',#2594,#250);
#143=LINE('',#2596,#251);
#144=LINE('',#2598,#252);
#145=LINE('',#2600,#253);
#146=LINE('',#2602,#254);
#147=LINE('',#2603,#255);
#148=LINE('',#2639,#256);
#149=LINE('',#2640,#257);
#150=LINE('',#2642,#258);
#151=LINE('',#2643,#259);
#152=LINE('',#2659,#260);
#153=LINE('',#2661,#261);
#154=LINE('',#2663,#262);
#155=LINE('',#2667,#263);
#156=LINE('',#2669,#264);
#157=LINE('',#2671,#265);
#158=LINE('',#2681,#266);
#159=LINE('',#2685,#267);
#160=LINE('',#2689,#268);
#161=LINE('',#2690,#269);
#162=LINE('',#2705,#270);
#163=LINE('',#2716,#271);
#164=LINE('',#2721,#272);
#165=LINE('',#2726,#273);
#166=LINE('',#2729,#274);
#167=LINE('',#2730,#275);
#168=LINE('',#2734,#276);
#169=LINE('',#2740,#277);
#170=LINE('',#2742,#278);
#171=LINE('',#2744,#279);
#172=LINE('',#2748,#280);
#173=LINE('',#2754,#281);
#174=LINE('',#2757,#282);
#175=VECTOR('',#1740,1.);
#176=VECTOR('',#1743,1.);
#177=VECTOR('',#1746,1.);
#178=VECTOR('',#1749,1.);
#179=VECTOR('',#1752,1.);
#180=VECTOR('',#1755,1.);
#181=VECTOR('',#1758,1.);
#182=VECTOR('',#1761,1.);
#183=VECTOR('',#1770,1.);
#184=VECTOR('',#1771,1.);
#185=VECTOR('',#1778,1.);
#186=VECTOR('',#1781,1.);
#187=VECTOR('',#1782,1.);
#188=VECTOR('',#1787,1.);
#189=VECTOR('',#1794,1.);
#190=VECTOR('',#1797,1.);
#191=VECTOR('',#1800,1.);
#192=VECTOR('',#1805,1.);
#193=VECTOR('',#1810,1.);
#194=VECTOR('',#1815,1.);
#195=VECTOR('',#1820,1.);
#196=VECTOR('',#1823,1.);
#197=VECTOR('',#1828,1.);
#198=VECTOR('',#1833,1.);
#199=VECTOR('',#1834,1.);
#200=VECTOR('',#1835,1.);
#201=VECTOR('',#1838,1.);
#202=VECTOR('',#1841,1.);
#203=VECTOR('',#1844,1.);
#204=VECTOR('',#1849,1.);
#205=VECTOR('',#1858,1.);
#206=VECTOR('',#1867,1.);
#207=VECTOR('',#1870,1.);
#208=VECTOR('',#1871,1.);
#209=VECTOR('',#1872,1.);
#210=VECTOR('',#1883,1.);
#211=VECTOR('',#1888,1.);
#212=VECTOR('',#1891,1.);
#213=VECTOR('',#1896,1.);
#214=VECTOR('',#1901,1.);
#215=VECTOR('',#1906,1.);
#216=VECTOR('',#1911,1.);
#217=VECTOR('',#1914,1.);
#218=VECTOR('',#1923,1.);
#219=VECTOR('',#1932,1.);
#220=VECTOR('',#1937,1.);
#221=VECTOR('',#1942,1.);
#222=VECTOR('',#1943,1.);
#223=VECTOR('',#1950,1.);
#224=VECTOR('',#1951,1.);
#225=VECTOR('',#1954,1.);
#226=VECTOR('',#1955,1.);
#227=VECTOR('',#1958,1.);
#228=VECTOR('',#1959,1.);
#229=VECTOR('',#1962,1.);
#230=VECTOR('',#1965,1.);
#231=VECTOR('',#1968,1.);
#232=VECTOR('',#1971,1.);
#233=VECTOR('',#1974,1.);
#234=VECTOR('',#1977,1.);
#235=VECTOR('',#1980,1.);
#236=VECTOR('',#1983,1.);
#237=VECTOR('',#1986,1.);
#238=VECTOR('',#1989,1.);
#239=VECTOR('',#1992,1.);
#240=VECTOR('',#1993,1.);
#241=VECTOR('',#1998,1.);
#242=VECTOR('',#2005,1.);
#243=VECTOR('',#2006,1.);
#244=VECTOR('',#2009,1.);
#245=VECTOR('',#2012,1.);
#246=VECTOR('',#2015,1.);
#247=VECTOR('',#2018,1.);
#248=VECTOR('',#2023,1.);
#249=VECTOR('',#2024,1.);
#250=VECTOR('',#2027,1.);
#251=VECTOR('',#2030,1.);
#252=VECTOR('',#2033,1.);
#253=VECTOR('',#2036,1.);
#254=VECTOR('',#2039,1.);
#255=VECTOR('',#2040,1.);
#256=VECTOR('',#2067,1.);
#257=VECTOR('',#2068,1.);
#258=VECTOR('',#2071,1.);
#259=VECTOR('',#2072,1.);
#260=VECTOR('',#2101,1.);
#261=VECTOR('',#2102,1.);
#262=VECTOR('',#2103,1.);
#263=VECTOR('',#2108,1.);
#264=VECTOR('',#2111,1.);
#265=VECTOR('',#2112,1.);
#266=VECTOR('',#2129,1.);
#267=VECTOR('',#2132,1.);
#268=VECTOR('',#2139,1.);
#269=VECTOR('',#2140,1.);
#270=VECTOR('',#2147,1.);
#271=VECTOR('',#2156,1.);
#272=VECTOR('',#2161,1.);
#273=VECTOR('',#2170,1.);
#274=VECTOR('',#2171,1.);
#275=VECTOR('',#2172,1.);
#276=VECTOR('',#2177,1.);
#277=VECTOR('',#2186,1.);
#278=VECTOR('',#2187,1.);
#279=VECTOR('',#2188,1.);
#280=VECTOR('',#2193,1.);
#281=VECTOR('',#2202,1.);
#282=VECTOR('',#2207,1.);
#283=ORIENTED_EDGE('',*,*,#735,.F.);
#284=ORIENTED_EDGE('',*,*,#736,.F.);
#285=ORIENTED_EDGE('',*,*,#737,.T.);
#286=ORIENTED_EDGE('',*,*,#738,.F.);
#287=ORIENTED_EDGE('',*,*,#739,.F.);
#288=ORIENTED_EDGE('',*,*,#740,.F.);
#289=ORIENTED_EDGE('',*,*,#741,.T.);
#290=ORIENTED_EDGE('',*,*,#742,.F.);
#291=ORIENTED_EDGE('',*,*,#743,.F.);
#292=ORIENTED_EDGE('',*,*,#744,.F.);
#293=ORIENTED_EDGE('',*,*,#745,.F.);
#294=ORIENTED_EDGE('',*,*,#746,.T.);
#295=ORIENTED_EDGE('',*,*,#747,.F.);
#296=ORIENTED_EDGE('',*,*,#748,.T.);
#297=ORIENTED_EDGE('',*,*,#749,.F.);
#298=ORIENTED_EDGE('',*,*,#750,.F.);
#299=ORIENTED_EDGE('',*,*,#751,.T.);
#300=ORIENTED_EDGE('',*,*,#752,.T.);
#301=ORIENTED_EDGE('',*,*,#753,.F.);
#302=ORIENTED_EDGE('',*,*,#754,.T.);
#303=ORIENTED_EDGE('',*,*,#755,.F.);
#304=ORIENTED_EDGE('',*,*,#756,.T.);
#305=ORIENTED_EDGE('',*,*,#757,.T.);
#306=ORIENTED_EDGE('',*,*,#758,.F.);
#307=ORIENTED_EDGE('',*,*,#748,.F.);
#308=ORIENTED_EDGE('',*,*,#759,.F.);
#309=ORIENTED_EDGE('',*,*,#760,.F.);
#310=ORIENTED_EDGE('',*,*,#761,.F.);
#311=ORIENTED_EDGE('',*,*,#762,.F.);
#312=ORIENTED_EDGE('',*,*,#763,.F.);
#313=ORIENTED_EDGE('',*,*,#764,.F.);
#314=ORIENTED_EDGE('',*,*,#765,.T.);
#315=ORIENTED_EDGE('',*,*,#766,.F.);
#316=ORIENTED_EDGE('',*,*,#757,.F.);
#317=ORIENTED_EDGE('',*,*,#767,.F.);
#318=ORIENTED_EDGE('',*,*,#768,.F.);
#319=ORIENTED_EDGE('',*,*,#769,.F.);
#320=ORIENTED_EDGE('',*,*,#770,.T.);
#321=ORIENTED_EDGE('',*,*,#771,.F.);
#322=ORIENTED_EDGE('',*,*,#772,.F.);
#323=ORIENTED_EDGE('',*,*,#773,.F.);
#324=ORIENTED_EDGE('',*,*,#774,.T.);
#325=ORIENTED_EDGE('',*,*,#769,.T.);
#326=ORIENTED_EDGE('',*,*,#775,.T.);
#327=ORIENTED_EDGE('',*,*,#776,.T.);
#328=ORIENTED_EDGE('',*,*,#777,.T.);
#329=ORIENTED_EDGE('',*,*,#771,.T.);
#330=ORIENTED_EDGE('',*,*,#778,.F.);
#331=ORIENTED_EDGE('',*,*,#779,.F.);
#332=ORIENTED_EDGE('',*,*,#744,.T.);
#333=ORIENTED_EDGE('',*,*,#780,.F.);
#334=ORIENTED_EDGE('',*,*,#781,.T.);
#335=ORIENTED_EDGE('',*,*,#782,.F.);
#336=ORIENTED_EDGE('',*,*,#783,.F.);
#337=ORIENTED_EDGE('',*,*,#784,.F.);
#338=ORIENTED_EDGE('',*,*,#785,.F.);
#339=ORIENTED_EDGE('',*,*,#786,.T.);
#340=ORIENTED_EDGE('',*,*,#787,.T.);
#341=ORIENTED_EDGE('',*,*,#788,.F.);
#342=ORIENTED_EDGE('',*,*,#789,.F.);
#343=ORIENTED_EDGE('',*,*,#790,.T.);
#344=ORIENTED_EDGE('',*,*,#791,.T.);
#345=ORIENTED_EDGE('',*,*,#792,.T.);
#346=ORIENTED_EDGE('',*,*,#793,.T.);
#347=ORIENTED_EDGE('',*,*,#794,.F.);
#348=ORIENTED_EDGE('',*,*,#795,.T.);
#349=ORIENTED_EDGE('',*,*,#796,.T.);
#350=ORIENTED_EDGE('',*,*,#797,.F.);
#351=ORIENTED_EDGE('',*,*,#798,.T.);
#352=ORIENTED_EDGE('',*,*,#799,.F.);
#353=ORIENTED_EDGE('',*,*,#735,.T.);
#354=ORIENTED_EDGE('',*,*,#800,.F.);
#355=ORIENTED_EDGE('',*,*,#801,.T.);
#356=ORIENTED_EDGE('',*,*,#802,.F.);
#357=ORIENTED_EDGE('',*,*,#803,.F.);
#358=ORIENTED_EDGE('',*,*,#804,.F.);
#359=ORIENTED_EDGE('',*,*,#805,.T.);
#360=ORIENTED_EDGE('',*,*,#806,.T.);
#361=ORIENTED_EDGE('',*,*,#807,.T.);
#362=ORIENTED_EDGE('',*,*,#808,.F.);
#363=ORIENTED_EDGE('',*,*,#809,.T.);
#364=ORIENTED_EDGE('',*,*,#810,.T.);
#365=ORIENTED_EDGE('',*,*,#811,.T.);
#366=ORIENTED_EDGE('',*,*,#812,.T.);
#367=ORIENTED_EDGE('',*,*,#813,.T.);
#368=ORIENTED_EDGE('',*,*,#814,.T.);
#369=ORIENTED_EDGE('',*,*,#815,.T.);
#370=ORIENTED_EDGE('',*,*,#816,.T.);
#371=ORIENTED_EDGE('',*,*,#817,.T.);
#372=ORIENTED_EDGE('',*,*,#818,.T.);
#373=ORIENTED_EDGE('',*,*,#819,.T.);
#374=ORIENTED_EDGE('',*,*,#820,.F.);
#375=ORIENTED_EDGE('',*,*,#821,.T.);
#376=ORIENTED_EDGE('',*,*,#822,.T.);
#377=ORIENTED_EDGE('',*,*,#823,.T.);
#378=ORIENTED_EDGE('',*,*,#824,.T.);
#379=ORIENTED_EDGE('',*,*,#825,.F.);
#380=ORIENTED_EDGE('',*,*,#826,.F.);
#381=ORIENTED_EDGE('',*,*,#741,.F.);
#382=ORIENTED_EDGE('',*,*,#827,.F.);
#383=ORIENTED_EDGE('',*,*,#828,.F.);
#384=ORIENTED_EDGE('',*,*,#829,.F.);
#385=ORIENTED_EDGE('',*,*,#737,.F.);
#386=ORIENTED_EDGE('',*,*,#830,.F.);
#387=ORIENTED_EDGE('',*,*,#831,.F.);
#388=ORIENTED_EDGE('',*,*,#832,.F.);
#389=ORIENTED_EDGE('',*,*,#833,.F.);
#390=ORIENTED_EDGE('',*,*,#834,.F.);
#391=ORIENTED_EDGE('',*,*,#835,.T.);
#392=ORIENTED_EDGE('',*,*,#836,.F.);
#393=ORIENTED_EDGE('',*,*,#837,.F.);
#394=ORIENTED_EDGE('',*,*,#838,.F.);
#395=ORIENTED_EDGE('',*,*,#839,.F.);
#396=ORIENTED_EDGE('',*,*,#840,.T.);
#397=ORIENTED_EDGE('',*,*,#841,.T.);
#398=ORIENTED_EDGE('',*,*,#842,.F.);
#399=ORIENTED_EDGE('',*,*,#843,.F.);
#400=ORIENTED_EDGE('',*,*,#844,.F.);
#401=ORIENTED_EDGE('',*,*,#845,.T.);
#402=ORIENTED_EDGE('',*,*,#846,.F.);
#403=ORIENTED_EDGE('',*,*,#847,.F.);
#404=ORIENTED_EDGE('',*,*,#848,.F.);
#405=ORIENTED_EDGE('',*,*,#849,.F.);
#406=ORIENTED_EDGE('',*,*,#850,.T.);
#407=ORIENTED_EDGE('',*,*,#851,.T.);
#408=ORIENTED_EDGE('',*,*,#852,.F.);
#409=ORIENTED_EDGE('',*,*,#853,.T.);
#410=ORIENTED_EDGE('',*,*,#854,.T.);
#411=ORIENTED_EDGE('',*,*,#855,.T.);
#412=ORIENTED_EDGE('',*,*,#856,.T.);
#413=ORIENTED_EDGE('',*,*,#857,.T.);
#414=ORIENTED_EDGE('',*,*,#858,.T.);
#415=ORIENTED_EDGE('',*,*,#859,.T.);
#416=ORIENTED_EDGE('',*,*,#860,.T.);
#417=ORIENTED_EDGE('',*,*,#861,.T.);
#418=ORIENTED_EDGE('',*,*,#862,.T.);
#419=ORIENTED_EDGE('',*,*,#863,.T.);
#420=ORIENTED_EDGE('',*,*,#864,.T.);
#421=ORIENTED_EDGE('',*,*,#865,.F.);
#422=ORIENTED_EDGE('',*,*,#754,.F.);
#423=ORIENTED_EDGE('',*,*,#866,.F.);
#424=ORIENTED_EDGE('',*,*,#761,.T.);
#425=ORIENTED_EDGE('',*,*,#867,.F.);
#426=ORIENTED_EDGE('',*,*,#746,.F.);
#427=ORIENTED_EDGE('',*,*,#868,.F.);
#428=ORIENTED_EDGE('',*,*,#869,.F.);
#429=ORIENTED_EDGE('',*,*,#870,.F.);
#430=ORIENTED_EDGE('',*,*,#798,.F.);
#431=ORIENTED_EDGE('',*,*,#871,.F.);
#432=ORIENTED_EDGE('',*,*,#831,.T.);
#433=ORIENTED_EDGE('',*,*,#872,.F.);
#434=ORIENTED_EDGE('',*,*,#796,.F.);
#435=ORIENTED_EDGE('',*,*,#873,.F.);
#436=ORIENTED_EDGE('',*,*,#833,.T.);
#437=ORIENTED_EDGE('',*,*,#874,.F.);
#438=ORIENTED_EDGE('',*,*,#795,.F.);
#439=ORIENTED_EDGE('',*,*,#875,.F.);
#440=ORIENTED_EDGE('',*,*,#834,.T.);
#441=ORIENTED_EDGE('',*,*,#873,.T.);
#442=ORIENTED_EDGE('',*,*,#794,.T.);
#443=ORIENTED_EDGE('',*,*,#876,.F.);
#444=ORIENTED_EDGE('',*,*,#835,.F.);
#445=ORIENTED_EDGE('',*,*,#875,.T.);
#446=ORIENTED_EDGE('',*,*,#793,.F.);
#447=ORIENTED_EDGE('',*,*,#877,.F.);
#448=ORIENTED_EDGE('',*,*,#836,.T.);
#449=ORIENTED_EDGE('',*,*,#876,.T.);
#450=ORIENTED_EDGE('',*,*,#792,.F.);
#451=ORIENTED_EDGE('',*,*,#878,.F.);
#452=ORIENTED_EDGE('',*,*,#837,.T.);
#453=ORIENTED_EDGE('',*,*,#877,.T.);
#454=ORIENTED_EDGE('',*,*,#791,.F.);
#455=ORIENTED_EDGE('',*,*,#879,.F.);
#456=ORIENTED_EDGE('',*,*,#838,.T.);
#457=ORIENTED_EDGE('',*,*,#878,.T.);
#458=ORIENTED_EDGE('',*,*,#790,.F.);
#459=ORIENTED_EDGE('',*,*,#880,.F.);
#460=ORIENTED_EDGE('',*,*,#839,.T.);
#461=ORIENTED_EDGE('',*,*,#879,.T.);
#462=ORIENTED_EDGE('',*,*,#789,.T.);
#463=ORIENTED_EDGE('',*,*,#881,.F.);
#464=ORIENTED_EDGE('',*,*,#840,.F.);
#465=ORIENTED_EDGE('',*,*,#880,.T.);
#466=ORIENTED_EDGE('',*,*,#788,.T.);
#467=ORIENTED_EDGE('',*,*,#882,.F.);
#468=ORIENTED_EDGE('',*,*,#841,.F.);
#469=ORIENTED_EDGE('',*,*,#881,.T.);
#470=ORIENTED_EDGE('',*,*,#787,.F.);
#471=ORIENTED_EDGE('',*,*,#883,.F.);
#472=ORIENTED_EDGE('',*,*,#842,.T.);
#473=ORIENTED_EDGE('',*,*,#882,.T.);
#474=ORIENTED_EDGE('',*,*,#843,.T.);
#475=ORIENTED_EDGE('',*,*,#883,.T.);
#476=ORIENTED_EDGE('',*,*,#786,.F.);
#477=ORIENTED_EDGE('',*,*,#884,.F.);
#478=ORIENTED_EDGE('',*,*,#784,.T.);
#479=ORIENTED_EDGE('',*,*,#885,.F.);
#480=ORIENTED_EDGE('',*,*,#845,.F.);
#481=ORIENTED_EDGE('',*,*,#886,.F.);
#482=ORIENTED_EDGE('',*,*,#844,.T.);
#483=ORIENTED_EDGE('',*,*,#884,.T.);
#484=ORIENTED_EDGE('',*,*,#785,.T.);
#485=ORIENTED_EDGE('',*,*,#886,.T.);
#486=ORIENTED_EDGE('',*,*,#846,.T.);
#487=ORIENTED_EDGE('',*,*,#885,.T.);
#488=ORIENTED_EDGE('',*,*,#783,.T.);
#489=ORIENTED_EDGE('',*,*,#887,.F.);
#490=ORIENTED_EDGE('',*,*,#830,.T.);
#491=ORIENTED_EDGE('',*,*,#736,.T.);
#492=ORIENTED_EDGE('',*,*,#799,.T.);
#493=ORIENTED_EDGE('',*,*,#872,.T.);
#494=ORIENTED_EDGE('',*,*,#832,.T.);
#495=ORIENTED_EDGE('',*,*,#871,.T.);
#496=ORIENTED_EDGE('',*,*,#797,.T.);
#497=ORIENTED_EDGE('',*,*,#874,.T.);
#498=ORIENTED_EDGE('',*,*,#863,.F.);
#499=ORIENTED_EDGE('',*,*,#888,.T.);
#500=ORIENTED_EDGE('',*,*,#809,.F.);
#501=ORIENTED_EDGE('',*,*,#889,.F.);
#502=ORIENTED_EDGE('',*,*,#862,.F.);
#503=ORIENTED_EDGE('',*,*,#890,.T.);
#504=ORIENTED_EDGE('',*,*,#810,.F.);
#505=ORIENTED_EDGE('',*,*,#888,.F.);
#506=ORIENTED_EDGE('',*,*,#861,.F.);
#507=ORIENTED_EDGE('',*,*,#891,.T.);
#508=ORIENTED_EDGE('',*,*,#811,.F.);
#509=ORIENTED_EDGE('',*,*,#890,.F.);
#510=ORIENTED_EDGE('',*,*,#860,.F.);
#511=ORIENTED_EDGE('',*,*,#892,.T.);
#512=ORIENTED_EDGE('',*,*,#812,.F.);
#513=ORIENTED_EDGE('',*,*,#891,.F.);
#514=ORIENTED_EDGE('',*,*,#859,.F.);
#515=ORIENTED_EDGE('',*,*,#893,.T.);
#516=ORIENTED_EDGE('',*,*,#813,.F.);
#517=ORIENTED_EDGE('',*,*,#892,.F.);
#518=ORIENTED_EDGE('',*,*,#858,.F.);
#519=ORIENTED_EDGE('',*,*,#889,.T.);
#520=ORIENTED_EDGE('',*,*,#814,.F.);
#521=ORIENTED_EDGE('',*,*,#893,.F.);
#522=ORIENTED_EDGE('',*,*,#857,.F.);
#523=ORIENTED_EDGE('',*,*,#894,.T.);
#524=ORIENTED_EDGE('',*,*,#815,.F.);
#525=ORIENTED_EDGE('',*,*,#895,.F.);
#526=ORIENTED_EDGE('',*,*,#856,.F.);
#527=ORIENTED_EDGE('',*,*,#896,.T.);
#528=ORIENTED_EDGE('',*,*,#816,.F.);
#529=ORIENTED_EDGE('',*,*,#894,.F.);
#530=ORIENTED_EDGE('',*,*,#855,.F.);
#531=ORIENTED_EDGE('',*,*,#897,.T.);
#532=ORIENTED_EDGE('',*,*,#817,.F.);
#533=ORIENTED_EDGE('',*,*,#896,.F.);
#534=ORIENTED_EDGE('',*,*,#854,.F.);
#535=ORIENTED_EDGE('',*,*,#898,.T.);
#536=ORIENTED_EDGE('',*,*,#818,.F.);
#537=ORIENTED_EDGE('',*,*,#897,.F.);
#538=ORIENTED_EDGE('',*,*,#819,.F.);
#539=ORIENTED_EDGE('',*,*,#898,.F.);
#540=ORIENTED_EDGE('',*,*,#853,.F.);
#541=ORIENTED_EDGE('',*,*,#899,.F.);
#542=ORIENTED_EDGE('',*,*,#851,.F.);
#543=ORIENTED_EDGE('',*,*,#900,.T.);
#544=ORIENTED_EDGE('',*,*,#821,.F.);
#545=ORIENTED_EDGE('',*,*,#901,.F.);
#546=ORIENTED_EDGE('',*,*,#850,.F.);
#547=ORIENTED_EDGE('',*,*,#895,.T.);
#548=ORIENTED_EDGE('',*,*,#822,.F.);
#549=ORIENTED_EDGE('',*,*,#900,.F.);
#550=ORIENTED_EDGE('',*,*,#902,.F.);
#551=ORIENTED_EDGE('',*,*,#776,.F.);
#552=ORIENTED_EDGE('',*,*,#903,.F.);
#553=ORIENTED_EDGE('',*,*,#904,.F.);
#554=ORIENTED_EDGE('',*,*,#869,.T.);
#555=ORIENTED_EDGE('',*,*,#905,.F.);
#556=ORIENTED_EDGE('',*,*,#827,.T.);
#557=ORIENTED_EDGE('',*,*,#740,.T.);
#558=ORIENTED_EDGE('',*,*,#906,.F.);
#559=ORIENTED_EDGE('',*,*,#903,.T.);
#560=ORIENTED_EDGE('',*,*,#775,.F.);
#561=ORIENTED_EDGE('',*,*,#768,.T.);
#562=ORIENTED_EDGE('',*,*,#907,.F.);
#563=ORIENTED_EDGE('',*,*,#772,.T.);
#564=ORIENTED_EDGE('',*,*,#777,.F.);
#565=ORIENTED_EDGE('',*,*,#902,.T.);
#566=ORIENTED_EDGE('',*,*,#908,.F.);
#567=ORIENTED_EDGE('',*,*,#738,.T.);
#568=ORIENTED_EDGE('',*,*,#829,.T.);
#569=ORIENTED_EDGE('',*,*,#909,.F.);
#570=ORIENTED_EDGE('',*,*,#778,.T.);
#571=ORIENTED_EDGE('',*,*,#910,.F.);
#572=ORIENTED_EDGE('',*,*,#908,.T.);
#573=ORIENTED_EDGE('',*,*,#904,.T.);
#574=ORIENTED_EDGE('',*,*,#906,.T.);
#575=ORIENTED_EDGE('',*,*,#739,.T.);
#576=ORIENTED_EDGE('',*,*,#905,.T.);
#577=ORIENTED_EDGE('',*,*,#868,.T.);
#578=ORIENTED_EDGE('',*,*,#745,.T.);
#579=ORIENTED_EDGE('',*,*,#779,.T.);
#580=ORIENTED_EDGE('',*,*,#909,.T.);
#581=ORIENTED_EDGE('',*,*,#828,.T.);
#582=ORIENTED_EDGE('',*,*,#743,.T.);
#583=ORIENTED_EDGE('',*,*,#770,.F.);
#584=ORIENTED_EDGE('',*,*,#774,.F.);
#585=ORIENTED_EDGE('',*,*,#765,.F.);
#586=ORIENTED_EDGE('',*,*,#911,.F.);
#587=ORIENTED_EDGE('',*,*,#750,.T.);
#588=ORIENTED_EDGE('',*,*,#912,.F.);
#589=ORIENTED_EDGE('',*,*,#752,.F.);
#590=ORIENTED_EDGE('',*,*,#913,.T.);
#591=ORIENTED_EDGE('',*,*,#763,.T.);
#592=ORIENTED_EDGE('',*,*,#914,.F.);
#593=ORIENTED_EDGE('',*,*,#911,.T.);
#594=ORIENTED_EDGE('',*,*,#764,.T.);
#595=ORIENTED_EDGE('',*,*,#913,.F.);
#596=ORIENTED_EDGE('',*,*,#751,.F.);
#597=ORIENTED_EDGE('',*,*,#753,.T.);
#598=ORIENTED_EDGE('',*,*,#914,.T.);
#599=ORIENTED_EDGE('',*,*,#762,.T.);
#600=ORIENTED_EDGE('',*,*,#866,.T.);
#601=ORIENTED_EDGE('',*,*,#749,.T.);
#602=ORIENTED_EDGE('',*,*,#758,.T.);
#603=ORIENTED_EDGE('',*,*,#766,.T.);
#604=ORIENTED_EDGE('',*,*,#912,.T.);
#605=ORIENTED_EDGE('',*,*,#852,.T.);
#606=ORIENTED_EDGE('',*,*,#901,.T.);
#607=ORIENTED_EDGE('',*,*,#820,.T.);
#608=ORIENTED_EDGE('',*,*,#899,.T.);
#609=ORIENTED_EDGE('',*,*,#755,.T.);
#610=ORIENTED_EDGE('',*,*,#865,.T.);
#611=ORIENTED_EDGE('',*,*,#915,.T.);
#612=ORIENTED_EDGE('',*,*,#780,.T.);
#613=ORIENTED_EDGE('',*,*,#915,.F.);
#614=ORIENTED_EDGE('',*,*,#867,.T.);
#615=ORIENTED_EDGE('',*,*,#773,.T.);
#616=ORIENTED_EDGE('',*,*,#910,.T.);
#617=ORIENTED_EDGE('',*,*,#747,.T.);
#618=ORIENTED_EDGE('',*,*,#870,.T.);
#619=ORIENTED_EDGE('',*,*,#916,.T.);
#620=ORIENTED_EDGE('',*,*,#759,.T.);
#621=ORIENTED_EDGE('',*,*,#767,.T.);
#622=ORIENTED_EDGE('',*,*,#760,.T.);
#623=ORIENTED_EDGE('',*,*,#916,.F.);
#624=ORIENTED_EDGE('',*,*,#907,.T.);
#625=ORIENTED_EDGE('',*,*,#917,.T.);
#626=ORIENTED_EDGE('',*,*,#864,.F.);
#627=ORIENTED_EDGE('',*,*,#917,.F.);
#628=ORIENTED_EDGE('',*,*,#805,.F.);
#629=ORIENTED_EDGE('',*,*,#918,.F.);
#630=ORIENTED_EDGE('',*,*,#919,.T.);
#631=ORIENTED_EDGE('',*,*,#920,.T.);
#632=ORIENTED_EDGE('',*,*,#806,.F.);
#633=ORIENTED_EDGE('',*,*,#920,.F.);
#634=ORIENTED_EDGE('',*,*,#921,.T.);
#635=ORIENTED_EDGE('',*,*,#922,.T.);
#636=ORIENTED_EDGE('',*,*,#807,.F.);
#637=ORIENTED_EDGE('',*,*,#922,.F.);
#638=ORIENTED_EDGE('',*,*,#923,.T.);
#639=ORIENTED_EDGE('',*,*,#924,.T.);
#640=ORIENTED_EDGE('',*,*,#808,.T.);
#641=ORIENTED_EDGE('',*,*,#924,.F.);
#642=ORIENTED_EDGE('',*,*,#925,.F.);
#643=ORIENTED_EDGE('',*,*,#918,.T.);
#644=ORIENTED_EDGE('',*,*,#919,.F.);
#645=ORIENTED_EDGE('',*,*,#925,.T.);
#646=ORIENTED_EDGE('',*,*,#923,.F.);
#647=ORIENTED_EDGE('',*,*,#921,.F.);
#648=ORIENTED_EDGE('',*,*,#926,.T.);
#649=ORIENTED_EDGE('',*,*,#756,.F.);
#650=ORIENTED_EDGE('',*,*,#926,.F.);
#651=ORIENTED_EDGE('',*,*,#825,.T.);
#652=ORIENTED_EDGE('',*,*,#927,.T.);
#653=ORIENTED_EDGE('',*,*,#801,.F.);
#654=ORIENTED_EDGE('',*,*,#928,.F.);
#655=ORIENTED_EDGE('',*,*,#929,.F.);
#656=ORIENTED_EDGE('',*,*,#930,.F.);
#657=ORIENTED_EDGE('',*,*,#927,.F.);
#658=ORIENTED_EDGE('',*,*,#824,.F.);
#659=ORIENTED_EDGE('',*,*,#931,.T.);
#660=ORIENTED_EDGE('',*,*,#802,.T.);
#661=ORIENTED_EDGE('',*,*,#848,.T.);
#662=ORIENTED_EDGE('',*,*,#932,.F.);
#663=ORIENTED_EDGE('',*,*,#781,.F.);
#664=ORIENTED_EDGE('',*,*,#933,.F.);
#665=ORIENTED_EDGE('',*,*,#934,.F.);
#666=ORIENTED_EDGE('',*,*,#929,.T.);
#667=ORIENTED_EDGE('',*,*,#935,.F.);
#668=ORIENTED_EDGE('',*,*,#936,.T.);
#669=ORIENTED_EDGE('',*,*,#937,.F.);
#670=ORIENTED_EDGE('',*,*,#938,.F.);
#671=ORIENTED_EDGE('',*,*,#939,.F.);
#672=ORIENTED_EDGE('',*,*,#940,.F.);
#673=ORIENTED_EDGE('',*,*,#941,.T.);
#674=ORIENTED_EDGE('',*,*,#942,.F.);
#675=ORIENTED_EDGE('',*,*,#943,.F.);
#676=ORIENTED_EDGE('',*,*,#934,.T.);
#677=ORIENTED_EDGE('',*,*,#803,.T.);
#678=ORIENTED_EDGE('',*,*,#931,.F.);
#679=ORIENTED_EDGE('',*,*,#823,.F.);
#680=ORIENTED_EDGE('',*,*,#944,.F.);
#681=ORIENTED_EDGE('',*,*,#826,.T.);
#682=ORIENTED_EDGE('',*,*,#930,.T.);
#683=ORIENTED_EDGE('',*,*,#935,.T.);
#684=ORIENTED_EDGE('',*,*,#928,.T.);
#685=ORIENTED_EDGE('',*,*,#800,.T.);
#686=ORIENTED_EDGE('',*,*,#742,.T.);
#687=ORIENTED_EDGE('',*,*,#782,.T.);
#688=ORIENTED_EDGE('',*,*,#932,.T.);
#689=ORIENTED_EDGE('',*,*,#847,.T.);
#690=ORIENTED_EDGE('',*,*,#887,.T.);
#691=ORIENTED_EDGE('',*,*,#804,.T.);
#692=ORIENTED_EDGE('',*,*,#944,.T.);
#693=ORIENTED_EDGE('',*,*,#849,.T.);
#694=ORIENTED_EDGE('',*,*,#933,.T.);
#695=ORIENTED_EDGE('',*,*,#945,.T.);
#696=ORIENTED_EDGE('',*,*,#946,.T.);
#697=ORIENTED_EDGE('',*,*,#941,.F.);
#698=ORIENTED_EDGE('',*,*,#947,.F.);
#699=ORIENTED_EDGE('',*,*,#942,.T.);
#700=ORIENTED_EDGE('',*,*,#946,.F.);
#701=ORIENTED_EDGE('',*,*,#948,.F.);
#702=ORIENTED_EDGE('',*,*,#949,.F.);
#703=ORIENTED_EDGE('',*,*,#950,.F.);
#704=ORIENTED_EDGE('',*,*,#948,.T.);
#705=ORIENTED_EDGE('',*,*,#945,.F.);
#706=ORIENTED_EDGE('',*,*,#951,.F.);
#707=ORIENTED_EDGE('',*,*,#936,.F.);
#708=ORIENTED_EDGE('',*,*,#952,.F.);
#709=ORIENTED_EDGE('',*,*,#953,.T.);
#710=ORIENTED_EDGE('',*,*,#954,.F.);
#711=ORIENTED_EDGE('',*,*,#955,.F.);
#712=ORIENTED_EDGE('',*,*,#952,.T.);
#713=ORIENTED_EDGE('',*,*,#939,.T.);
#714=ORIENTED_EDGE('',*,*,#956,.F.);
#715=ORIENTED_EDGE('',*,*,#953,.F.);
#716=ORIENTED_EDGE('',*,*,#955,.T.);
#717=ORIENTED_EDGE('',*,*,#957,.F.);
#718=ORIENTED_EDGE('',*,*,#958,.F.);
#719=ORIENTED_EDGE('',*,*,#959,.T.);
#720=ORIENTED_EDGE('',*,*,#943,.T.);
#721=ORIENTED_EDGE('',*,*,#949,.T.);
#722=ORIENTED_EDGE('',*,*,#950,.T.);
#723=ORIENTED_EDGE('',*,*,#951,.T.);
#724=ORIENTED_EDGE('',*,*,#947,.T.);
#725=ORIENTED_EDGE('',*,*,#940,.T.);
#726=ORIENTED_EDGE('',*,*,#959,.F.);
#727=ORIENTED_EDGE('',*,*,#956,.T.);
#728=ORIENTED_EDGE('',*,*,#938,.T.);
#729=ORIENTED_EDGE('',*,*,#960,.T.);
#730=ORIENTED_EDGE('',*,*,#957,.T.);
#731=ORIENTED_EDGE('',*,*,#958,.T.);
#732=ORIENTED_EDGE('',*,*,#960,.F.);
#733=ORIENTED_EDGE('',*,*,#937,.T.);
#734=ORIENTED_EDGE('',*,*,#954,.T.);
#735=EDGE_CURVE('',#961,#962,#1113,.T.);
#736=EDGE_CURVE('',#963,#961,#67,.T.);
#737=EDGE_CURVE('',#963,#964,#1114,.T.);
#738=EDGE_CURVE('',#965,#964,#68,.F.);
#739=EDGE_CURVE('',#966,#965,#1115,.T.);
#740=EDGE_CURVE('',#967,#966,#69,.T.);
#741=EDGE_CURVE('',#967,#968,#1116,.T.);
#742=EDGE_CURVE('',#962,#968,#70,.F.);
#743=EDGE_CURVE('',#969,#969,#49,.T.);
#744=EDGE_CURVE('',#970,#971,#71,.T.);
#745=EDGE_CURVE('',#972,#970,#1117,.T.);
#746=EDGE_CURVE('',#972,#973,#72,.T.);
#747=EDGE_CURVE('',#974,#973,#50,.T.);
#748=EDGE_CURVE('',#974,#975,#1118,.T.);
#749=EDGE_CURVE('',#976,#975,#51,.T.);
#750=EDGE_CURVE('',#977,#976,#73,.T.);
#751=EDGE_CURVE('',#977,#978,#1119,.T.);
#752=EDGE_CURVE('',#978,#979,#74,.T.);
#753=EDGE_CURVE('',#980,#979,#52,.T.);
#754=EDGE_CURVE('',#980,#981,#1120,.T.);
#755=EDGE_CURVE('',#971,#981,#53,.T.);
#756=EDGE_CURVE('',#982,#982,#1121,.T.);
#757=EDGE_CURVE('',#983,#984,#1122,.T.);
#758=EDGE_CURVE('',#975,#984,#75,.T.);
#759=EDGE_CURVE('',#985,#974,#76,.F.);
#760=EDGE_CURVE('',#983,#985,#1123,.F.);
#761=EDGE_CURVE('',#986,#987,#1124,.T.);
#762=EDGE_CURVE('',#988,#986,#54,.T.);
#763=EDGE_CURVE('',#989,#988,#77,.T.);
#764=EDGE_CURVE('',#990,#989,#1125,.T.);
#765=EDGE_CURVE('',#990,#991,#78,.T.);
#766=EDGE_CURVE('',#984,#991,#55,.T.);
#767=EDGE_CURVE('',#992,#983,#56,.T.);
#768=EDGE_CURVE('',#993,#992,#79,.T.);
#769=EDGE_CURVE('',#994,#993,#1126,.F.);
#770=EDGE_CURVE('',#994,#995,#57,.T.);
#771=EDGE_CURVE('',#996,#995,#1127,.F.);
#772=EDGE_CURVE('',#997,#996,#80,.F.);
#773=EDGE_CURVE('',#987,#997,#58,.T.);
#774=EDGE_CURVE('',#995,#994,#59,.T.);
#775=EDGE_CURVE('',#993,#998,#60,.T.);
#776=EDGE_CURVE('',#998,#999,#1128,.T.);
#777=EDGE_CURVE('',#999,#996,#61,.T.);
#778=EDGE_CURVE('',#1000,#1001,#81,.T.);
#779=EDGE_CURVE('',#970,#1000,#1129,.T.);
#780=EDGE_CURVE('',#1001,#971,#82,.F.);
#781=EDGE_CURVE('',#1002,#1003,#83,.T.);
#782=EDGE_CURVE('',#1004,#1003,#1130,.F.);
#783=EDGE_CURVE('',#1005,#1004,#1131,.T.);
#784=EDGE_CURVE('',#1006,#1005,#84,.T.);
#785=EDGE_CURVE('',#1007,#1006,#1132,.T.);
#786=EDGE_CURVE('',#1007,#1008,#1133,.T.);
#787=EDGE_CURVE('',#1008,#1009,#85,.T.);
#788=EDGE_CURVE('',#1010,#1009,#1134,.T.);
#789=EDGE_CURVE('',#1011,#1010,#1135,.T.);
#790=EDGE_CURVE('',#1011,#1012,#86,.T.);
#791=EDGE_CURVE('',#1012,#1013,#1136,.T.);
#792=EDGE_CURVE('',#1013,#1014,#1137,.T.);
#793=EDGE_CURVE('',#1014,#1015,#87,.T.);
#794=EDGE_CURVE('',#1016,#1015,#1138,.T.);
#795=EDGE_CURVE('',#1016,#1017,#88,.T.);
#796=EDGE_CURVE('',#1017,#1018,#1139,.T.);
#797=EDGE_CURVE('',#1019,#1018,#1140,.T.);
#798=EDGE_CURVE('',#1019,#1020,#89,.T.);
#799=EDGE_CURVE('',#961,#1020,#1141,.T.);
#800=EDGE_CURVE('',#1021,#962,#1142,.F.);
#801=EDGE_CURVE('',#1021,#1022,#90,.T.);
#802=EDGE_CURVE('',#1023,#1022,#91,.T.);
#803=EDGE_CURVE('',#1024,#1023,#92,.T.);
#804=EDGE_CURVE('',#1002,#1024,#1143,.T.);
#805=EDGE_CURVE('',#1025,#1026,#93,.T.);
#806=EDGE_CURVE('',#1026,#1027,#1144,.T.);
#807=EDGE_CURVE('',#1027,#1028,#94,.T.);
#808=EDGE_CURVE('',#1025,#1028,#1145,.T.);
#809=EDGE_CURVE('',#1029,#1030,#95,.T.);
#810=EDGE_CURVE('',#1030,#1031,#1146,.T.);
#811=EDGE_CURVE('',#1031,#1032,#1147,.T.);
#812=EDGE_CURVE('',#1032,#1033,#96,.T.);
#813=EDGE_CURVE('',#1033,#1034,#1148,.T.);
#814=EDGE_CURVE('',#1034,#1029,#1149,.T.);
#815=EDGE_CURVE('',#1035,#1036,#1150,.T.);
#816=EDGE_CURVE('',#1036,#1037,#1151,.T.);
#817=EDGE_CURVE('',#1037,#1038,#97,.T.);
#818=EDGE_CURVE('',#1038,#1039,#1152,.T.);
#819=EDGE_CURVE('',#1039,#1040,#1153,.T.);
#820=EDGE_CURVE('',#1041,#1040,#1154,.F.);
#821=EDGE_CURVE('',#1041,#1042,#1155,.T.);
#822=EDGE_CURVE('',#1042,#1035,#98,.T.);
#823=EDGE_CURVE('',#1043,#1044,#99,.T.);
#824=EDGE_CURVE('',#1044,#1045,#100,.T.);
#825=EDGE_CURVE('',#1046,#1045,#101,.T.);
#826=EDGE_CURVE('',#968,#1046,#1156,.T.);
#827=EDGE_CURVE('',#1047,#967,#1157,.T.);
#828=EDGE_CURVE('',#1048,#1047,#1158,.F.);
#829=EDGE_CURVE('',#964,#1048,#1159,.T.);
#830=EDGE_CURVE('',#1049,#963,#1160,.F.);
#831=EDGE_CURVE('',#1050,#1049,#102,.T.);
#832=EDGE_CURVE('',#1051,#1050,#1161,.F.);
#833=EDGE_CURVE('',#1052,#1051,#1162,.T.);
#834=EDGE_CURVE('',#1053,#1052,#103,.T.);
#835=EDGE_CURVE('',#1053,#1054,#1163,.T.);
#836=EDGE_CURVE('',#1055,#1054,#104,.T.);
#837=EDGE_CURVE('',#1056,#1055,#1164,.T.);
#838=EDGE_CURVE('',#1057,#1056,#1165,.T.);
#839=EDGE_CURVE('',#1058,#1057,#105,.T.);
#840=EDGE_CURVE('',#1058,#1059,#1166,.T.);
#841=EDGE_CURVE('',#1059,#1060,#1167,.T.);
#842=EDGE_CURVE('',#1061,#1060,#106,.T.);
#843=EDGE_CURVE('',#1062,#1061,#1168,.T.);
#844=EDGE_CURVE('',#1063,#1062,#1169,.F.);
#845=EDGE_CURVE('',#1063,#1064,#107,.T.);
#846=EDGE_CURVE('',#1065,#1064,#1170,.F.);
#847=EDGE_CURVE('',#1066,#1065,#1171,.T.);
#848=EDGE_CURVE('',#1067,#1066,#108,.T.);
#849=EDGE_CURVE('',#1043,#1067,#1172,.F.);
#850=EDGE_CURVE('',#1068,#1069,#109,.T.);
#851=EDGE_CURVE('',#1069,#1070,#1173,.T.);
#852=EDGE_CURVE('',#1071,#1070,#1174,.T.);
#853=EDGE_CURVE('',#1071,#1072,#1175,.F.);
#854=EDGE_CURVE('',#1072,#1073,#1176,.F.);
#855=EDGE_CURVE('',#1073,#1074,#110,.T.);
#856=EDGE_CURVE('',#1074,#1075,#1177,.F.);
#857=EDGE_CURVE('',#1075,#1068,#1178,.T.);
#858=EDGE_CURVE('',#1076,#1077,#1179,.T.);
#859=EDGE_CURVE('',#1077,#1078,#1180,.F.);
#860=EDGE_CURVE('',#1078,#1079,#111,.T.);
#861=EDGE_CURVE('',#1079,#1080,#1181,.F.);
#862=EDGE_CURVE('',#1080,#1081,#1182,.F.);
#863=EDGE_CURVE('',#1081,#1076,#112,.T.);
#864=EDGE_CURVE('',#1082,#1082,#1183,.T.);
#865=EDGE_CURVE('',#981,#1083,#113,.T.);
#866=EDGE_CURVE('',#986,#980,#114,.F.);
#867=EDGE_CURVE('',#1083,#987,#1184,.F.);
#868=EDGE_CURVE('',#1084,#972,#1185,.F.);
#869=EDGE_CURVE('',#1085,#1084,#115,.T.);
#870=EDGE_CURVE('',#973,#1085,#116,.T.);
#871=EDGE_CURVE('',#1050,#1019,#117,.T.);
#872=EDGE_CURVE('',#1020,#1049,#118,.F.);
#873=EDGE_CURVE('',#1052,#1017,#119,.T.);
#874=EDGE_CURVE('',#1018,#1051,#120,.F.);
#875=EDGE_CURVE('',#1053,#1016,#121,.T.);
#876=EDGE_CURVE('',#1054,#1015,#122,.T.);
#877=EDGE_CURVE('',#1055,#1014,#123,.T.);
#878=EDGE_CURVE('',#1056,#1013,#124,.T.);
#879=EDGE_CURVE('',#1057,#1012,#125,.T.);
#880=EDGE_CURVE('',#1058,#1011,#126,.T.);
#881=EDGE_CURVE('',#1059,#1010,#127,.T.);
#882=EDGE_CURVE('',#1060,#1009,#128,.T.);
#883=EDGE_CURVE('',#1061,#1008,#129,.T.);
#884=EDGE_CURVE('',#1062,#1007,#130,.T.);
#885=EDGE_CURVE('',#1064,#1005,#131,.F.);
#886=EDGE_CURVE('',#1006,#1063,#132,.T.);
#887=EDGE_CURVE('',#1065,#1004,#133,.T.);
#888=EDGE_CURVE('',#1081,#1030,#134,.T.);
#889=EDGE_CURVE('',#1076,#1029,#135,.T.);
#890=EDGE_CURVE('',#1080,#1031,#136,.T.);
#891=EDGE_CURVE('',#1079,#1032,#137,.T.);
#892=EDGE_CURVE('',#1078,#1033,#138,.T.);
#893=EDGE_CURVE('',#1077,#1034,#139,.T.);
#894=EDGE_CURVE('',#1075,#1036,#140,.T.);
#895=EDGE_CURVE('',#1068,#1035,#141,.T.);
#896=EDGE_CURVE('',#1074,#1037,#142,.T.);
#897=EDGE_CURVE('',#1073,#1038,#143,.T.);
#898=EDGE_CURVE('',#1072,#1039,#144,.T.);
#899=EDGE_CURVE('',#1040,#1071,#145,.F.);
#900=EDGE_CURVE('',#1069,#1042,#146,.T.);
#901=EDGE_CURVE('',#1070,#1041,#147,.T.);
#902=EDGE_CURVE('',#999,#1086,#1186,.F.);
#903=EDGE_CURVE('',#1087,#998,#1187,.F.);
#904=EDGE_CURVE('',#1086,#1087,#1188,.F.);
#905=EDGE_CURVE('',#1047,#1084,#62,.T.);
#906=EDGE_CURVE('',#1087,#966,#63,.T.);
#907=EDGE_CURVE('',#1085,#992,#1189,.T.);
#908=EDGE_CURVE('',#965,#1086,#64,.F.);
#909=EDGE_CURVE('',#1000,#1048,#65,.T.);
#910=EDGE_CURVE('',#997,#1001,#1190,.T.);
#911=EDGE_CURVE('',#977,#990,#148,.T.);
#912=EDGE_CURVE('',#991,#976,#149,.F.);
#913=EDGE_CURVE('',#978,#989,#150,.T.);
#914=EDGE_CURVE('',#979,#988,#151,.T.);
#915=EDGE_CURVE('',#1083,#1001,#1191,.T.);
#916=EDGE_CURVE('',#1085,#985,#1192,.T.);
#917=EDGE_CURVE('',#1088,#1088,#1193,.T.);
#918=EDGE_CURVE('',#1089,#1025,#152,.T.);
#919=EDGE_CURVE('',#1089,#1090,#153,.T.);
#920=EDGE_CURVE('',#1090,#1026,#154,.T.);
#921=EDGE_CURVE('',#1090,#1091,#1194,.T.);
#922=EDGE_CURVE('',#1091,#1027,#155,.T.);
#923=EDGE_CURVE('',#1091,#1092,#156,.T.);
#924=EDGE_CURVE('',#1092,#1028,#157,.T.);
#925=EDGE_CURVE('',#1089,#1092,#1195,.T.);
#926=EDGE_CURVE('',#1093,#1093,#1196,.T.);
#927=EDGE_CURVE('',#1045,#1022,#1197,.T.);
#928=EDGE_CURVE('',#1094,#1021,#158,.F.);
#929=EDGE_CURVE('',#1095,#1094,#1198,.T.);
#930=EDGE_CURVE('',#1046,#1095,#159,.F.);
#931=EDGE_CURVE('',#1044,#1023,#1199,.T.);
#932=EDGE_CURVE('',#1003,#1066,#160,.F.);
#933=EDGE_CURVE('',#1067,#1002,#161,.F.);
#934=EDGE_CURVE('',#1096,#1096,#1200,.T.);
#935=EDGE_CURVE('',#1095,#1094,#66,.T.);
#936=EDGE_CURVE('',#1097,#1098,#162,.T.);
#937=EDGE_CURVE('',#1099,#1098,#1201,.F.);
#938=EDGE_CURVE('',#1100,#1099,#1202,.F.);
#939=EDGE_CURVE('',#1097,#1100,#1203,.T.);
#940=EDGE_CURVE('',#1101,#1102,#1204,.F.);
#941=EDGE_CURVE('',#1101,#1103,#163,.T.);
#942=EDGE_CURVE('',#1104,#1103,#1205,.T.);
#943=EDGE_CURVE('',#1102,#1104,#1206,.F.);
#944=EDGE_CURVE('',#1024,#1043,#164,.T.);
#945=EDGE_CURVE('',#1105,#1106,#165,.T.);
#946=EDGE_CURVE('',#1106,#1103,#166,.T.);
#947=EDGE_CURVE('',#1105,#1101,#167,.T.);
#948=EDGE_CURVE('',#1107,#1106,#1207,.T.);
#949=EDGE_CURVE('',#1104,#1107,#168,.F.);
#950=EDGE_CURVE('',#1107,#1108,#1208,.T.);
#951=EDGE_CURVE('',#1108,#1105,#1209,.T.);
#952=EDGE_CURVE('',#1109,#1097,#169,.T.);
#953=EDGE_CURVE('',#1109,#1110,#170,.T.);
#954=EDGE_CURVE('',#1098,#1110,#171,.F.);
#955=EDGE_CURVE('',#1109,#1111,#1210,.T.);
#956=EDGE_CURVE('',#1111,#1100,#172,.T.);
#957=EDGE_CURVE('',#1112,#1111,#1211,.T.);
#958=EDGE_CURVE('',#1110,#1112,#1212,.T.);
#959=EDGE_CURVE('',#1108,#1102,#173,.F.);
#960=EDGE_CURVE('',#1099,#1112,#174,.T.);
#961=VERTEX_POINT('',#2213);
#962=VERTEX_POINT('',#2214);
#963=VERTEX_POINT('',#2216);
#964=VERTEX_POINT('',#2218);
#965=VERTEX_POINT('',#2220);
#966=VERTEX_POINT('',#2222);
#967=VERTEX_POINT('',#2224);
#968=VERTEX_POINT('',#2226);
#969=VERTEX_POINT('',#2240);
#970=VERTEX_POINT('',#2242);
#971=VERTEX_POINT('',#2243);
#972=VERTEX_POINT('',#2245);
#973=VERTEX_POINT('',#2247);
#974=VERTEX_POINT('',#2253);
#975=VERTEX_POINT('',#2255);
#976=VERTEX_POINT('',#2260);
#977=VERTEX_POINT('',#2262);
#978=VERTEX_POINT('',#2264);
#979=VERTEX_POINT('',#2266);
#980=VERTEX_POINT('',#2271);
#981=VERTEX_POINT('',#2273);
#982=VERTEX_POINT('',#2281);
#983=VERTEX_POINT('',#2283);
#984=VERTEX_POINT('',#2284);
#985=VERTEX_POINT('',#2287);
#986=VERTEX_POINT('',#2291);
#987=VERTEX_POINT('',#2292);
#988=VERTEX_POINT('',#2297);
#989=VERTEX_POINT('',#2299);
#990=VERTEX_POINT('',#2301);
#991=VERTEX_POINT('',#2303);
#992=VERTEX_POINT('',#2313);
#993=VERTEX_POINT('',#2315);
#994=VERTEX_POINT('',#2317);
#995=VERTEX_POINT('',#2329);
#996=VERTEX_POINT('',#2331);
#997=VERTEX_POINT('',#2333);
#998=VERTEX_POINT('',#2351);
#999=VERTEX_POINT('',#2353);
#1000=VERTEX_POINT('',#2362);
#1001=VERTEX_POINT('',#2363);
#1002=VERTEX_POINT('',#2368);
#1003=VERTEX_POINT('',#2369);
#1004=VERTEX_POINT('',#2371);
#1005=VERTEX_POINT('',#2373);
#1006=VERTEX_POINT('',#2375);
#1007=VERTEX_POINT('',#2377);
#1008=VERTEX_POINT('',#2379);
#1009=VERTEX_POINT('',#2381);
#1010=VERTEX_POINT('',#2383);
#1011=VERTEX_POINT('',#2385);
#1012=VERTEX_POINT('',#2387);
#1013=VERTEX_POINT('',#2389);
#1014=VERTEX_POINT('',#2391);
#1015=VERTEX_POINT('',#2393);
#1016=VERTEX_POINT('',#2395);
#1017=VERTEX_POINT('',#2397);
#1018=VERTEX_POINT('',#2399);
#1019=VERTEX_POINT('',#2401);
#1020=VERTEX_POINT('',#2403);
#1021=VERTEX_POINT('',#2406);
#1022=VERTEX_POINT('',#2408);
#1023=VERTEX_POINT('',#2410);
#1024=VERTEX_POINT('',#2412);
#1025=VERTEX_POINT('',#2415);
#1026=VERTEX_POINT('',#2416);
#1027=VERTEX_POINT('',#2418);
#1028=VERTEX_POINT('',#2420);
#1029=VERTEX_POINT('',#2423);
#1030=VERTEX_POINT('',#2424);
#1031=VERTEX_POINT('',#2426);
#1032=VERTEX_POINT('',#2428);
#1033=VERTEX_POINT('',#2430);
#1034=VERTEX_POINT('',#2432);
#1035=VERTEX_POINT('',#2435);
#1036=VERTEX_POINT('',#2436);
#1037=VERTEX_POINT('',#2438);
#1038=VERTEX_POINT('',#2440);
#1039=VERTEX_POINT('',#2442);
#1040=VERTEX_POINT('',#2444);
#1041=VERTEX_POINT('',#2446);
#1042=VERTEX_POINT('',#2448);
#1043=VERTEX_POINT('',#2452);
#1044=VERTEX_POINT('',#2453);
#1045=VERTEX_POINT('',#2455);
#1046=VERTEX_POINT('',#2457);
#1047=VERTEX_POINT('',#2460);
#1048=VERTEX_POINT('',#2462);
#1049=VERTEX_POINT('',#2465);
#1050=VERTEX_POINT('',#2467);
#1051=VERTEX_POINT('',#2469);
#1052=VERTEX_POINT('',#2471);
#1053=VERTEX_POINT('',#2473);
#1054=VERTEX_POINT('',#2475);
#1055=VERTEX_POINT('',#2477);
#1056=VERTEX_POINT('',#2479);
#1057=VERTEX_POINT('',#2481);
#1058=VERTEX_POINT('',#2483);
#1059=VERTEX_POINT('',#2485);
#1060=VERTEX_POINT('',#2487);
#1061=VERTEX_POINT('',#2489);
#1062=VERTEX_POINT('',#2491);
#1063=VERTEX_POINT('',#2493);
#1064=VERTEX_POINT('',#2495);
#1065=VERTEX_POINT('',#2497);
#1066=VERTEX_POINT('',#2499);
#1067=VERTEX_POINT('',#2501);
#1068=VERTEX_POINT('',#2504);
#1069=VERTEX_POINT('',#2505);
#1070=VERTEX_POINT('',#2507);
#1071=VERTEX_POINT('',#2509);
#1072=VERTEX_POINT('',#2511);
#1073=VERTEX_POINT('',#2513);
#1074=VERTEX_POINT('',#2515);
#1075=VERTEX_POINT('',#2517);
#1076=VERTEX_POINT('',#2520);
#1077=VERTEX_POINT('',#2521);
#1078=VERTEX_POINT('',#2523);
#1079=VERTEX_POINT('',#2525);
#1080=VERTEX_POINT('',#2527);
#1081=VERTEX_POINT('',#2529);
#1082=VERTEX_POINT('',#2533);
#1083=VERTEX_POINT('',#2535);
#1084=VERTEX_POINT('',#2540);
#1085=VERTEX_POINT('',#2542);
#1086=VERTEX_POINT('',#2607);
#1087=VERTEX_POINT('',#2609);
#1088=VERTEX_POINT('',#2656);
#1089=VERTEX_POINT('',#2660);
#1090=VERTEX_POINT('',#2662);
#1091=VERTEX_POINT('',#2666);
#1092=VERTEX_POINT('',#2670);
#1093=VERTEX_POINT('',#2677);
#1094=VERTEX_POINT('',#2682);
#1095=VERTEX_POINT('',#2684);
#1096=VERTEX_POINT('',#2693);
#1097=VERTEX_POINT('',#2706);
#1098=VERTEX_POINT('',#2707);
#1099=VERTEX_POINT('',#2709);
#1100=VERTEX_POINT('',#2711);
#1101=VERTEX_POINT('',#2714);
#1102=VERTEX_POINT('',#2715);
#1103=VERTEX_POINT('',#2717);
#1104=VERTEX_POINT('',#2719);
#1105=VERTEX_POINT('',#2727);
#1106=VERTEX_POINT('',#2728);
#1107=VERTEX_POINT('',#2733);
#1108=VERTEX_POINT('',#2737);
#1109=VERTEX_POINT('',#2741);
#1110=VERTEX_POINT('',#2743);
#1111=VERTEX_POINT('',#2747);
#1112=VERTEX_POINT('',#2751);
#1113=CIRCLE('',#1552,0.09);
#1114=CIRCLE('',#1553,0.09);
#1115=CIRCLE('',#1554,0.09);
#1116=CIRCLE('',#1555,0.09);
#1117=CIRCLE('',#1557,0.10274);
#1118=CIRCLE('',#1558,0.10274);
#1119=CIRCLE('',#1559,0.10274);
#1120=CIRCLE('',#1560,0.10274);
#1121=CIRCLE('',#1562,0.002);
#1122=CIRCLE('',#1563,0.09674);
#1123=CIRCLE('',#1564,0.012);
#1124=CIRCLE('',#1566,0.09674);
#1125=CIRCLE('',#1567,0.09674);
#1126=CIRCLE('',#1568,0.09674);
#1127=CIRCLE('',#1569,0.09674);
#1128=CIRCLE('',#1571,0.09374);
#1129=CIRCLE('',#1573,0.005);
#1130=CIRCLE('',#1575,0.004);
#1131=CIRCLE('',#1576,0.005);
#1132=CIRCLE('',#1577,0.005);
#1133=CIRCLE('',#1578,0.07274);
#1134=CIRCLE('',#1579,0.0008);
#1135=CIRCLE('',#1580,0.0773399999999958);
#1136=CIRCLE('',#1581,0.0022);
#1137=CIRCLE('',#1582,0.0827399999999939);
#1138=CIRCLE('',#1583,0.077340000000005);
#1139=CIRCLE('',#1584,0.0727400000000009);
#1140=CIRCLE('',#1585,0.005);
#1141=CIRCLE('',#1586,0.005);
#1142=CIRCLE('',#1587,0.0120710678118654);
#1143=CIRCLE('',#1588,0.004);
#1144=CIRCLE('',#1589,0.087999999999999);
#1145=CIRCLE('',#1590,0.08474);
#1146=CIRCLE('',#1591,0.0859999999999939);
#1147=CIRCLE('',#1592,0.000999999999999895);
#1148=CIRCLE('',#1593,0.000999999999999911);
#1149=CIRCLE('',#1594,0.0767400000000045);
#1150=CIRCLE('',#1595,0.076740000000004);
#1151=CIRCLE('',#1596,0.000999999999999896);
#1152=CIRCLE('',#1597,0.00099999999999989);
#1153=CIRCLE('',#1598,0.0859999999999955);
#1154=CIRCLE('',#1599,0.003);
#1155=CIRCLE('',#1600,0.00620000000000011);
#1156=CIRCLE('',#1602,0.0120710678118654);
#1157=CIRCLE('',#1603,0.01);
#1158=CIRCLE('',#1604,0.09774);
#1159=CIRCLE('',#1605,0.01);
#1160=CIRCLE('',#1606,0.005);
#1161=CIRCLE('',#1607,0.005);
#1162=CIRCLE('',#1608,0.0727400000000009);
#1163=CIRCLE('',#1609,0.077340000000005);
#1164=CIRCLE('',#1610,0.0827399999999939);
#1165=CIRCLE('',#1611,0.0022);
#1166=CIRCLE('',#1612,0.0773399999999958);
#1167=CIRCLE('',#1613,0.0008);
#1168=CIRCLE('',#1614,0.07274);
#1169=CIRCLE('',#1615,0.005);
#1170=CIRCLE('',#1616,0.005);
#1171=CIRCLE('',#1617,0.004);
#1172=CIRCLE('',#1618,0.004);
#1173=CIRCLE('',#1619,0.00620000000000011);
#1174=CIRCLE('',#1620,0.003);
#1175=CIRCLE('',#1621,0.0859999999999955);
#1176=CIRCLE('',#1622,0.00099999999999989);
#1177=CIRCLE('',#1623,0.000999999999999896);
#1178=CIRCLE('',#1624,0.076740000000004);
#1179=CIRCLE('',#1625,0.0767400000000045);
#1180=CIRCLE('',#1626,0.000999999999999911);
#1181=CIRCLE('',#1627,0.000999999999999895);
#1182=CIRCLE('',#1628,0.0859999999999939);
#1183=CIRCLE('',#1630,0.002);
#1184=CIRCLE('',#1631,0.012);
#1185=CIRCLE('',#1633,0.005);
#1186=CIRCLE('',#1665,0.01);
#1187=CIRCLE('',#1666,0.01);
#1188=CIRCLE('',#1667,0.093);
#1189=CIRCLE('',#1669,0.01);
#1190=CIRCLE('',#1671,0.01);
#1191=CIRCLE('',#1682,0.002);
#1192=CIRCLE('',#1685,0.002);
#1193=CIRCLE('',#1688,0.002);
#1194=CIRCLE('',#1692,0.087999999999999);
#1195=CIRCLE('',#1695,0.08474);
#1196=CIRCLE('',#1698,0.002);
#1197=CIRCLE('',#1701,0.02);
#1198=CIRCLE('',#1702,0.01525);
#1199=CIRCLE('',#1704,0.02);
#1200=CIRCLE('',#1707,0.01525);
#1201=CIRCLE('',#1709,0.002);
#1202=CIRCLE('',#1710,0.002);
#1203=CIRCLE('',#1711,0.01825);
#1204=CIRCLE('',#1712,0.002);
#1205=CIRCLE('',#1713,0.01825);
#1206=CIRCLE('',#1714,0.002);
#1207=CIRCLE('',#1720,0.01825);
#1208=CIRCLE('',#1722,0.002);
#1209=CIRCLE('',#1723,0.002);
#1210=CIRCLE('',#1726,0.01825);
#1211=CIRCLE('',#1728,0.002);
#1212=CIRCLE('',#1729,0.002);
#1213=EDGE_LOOP('',(#283,#284,#285,#286,#287,#288,#289,#290));
#1214=EDGE_LOOP('',(#291));
#1215=EDGE_LOOP('',(#292,#293,#294,#295,#296,#297,#298,#299,#300,#301,#302,
#303));
#1216=EDGE_LOOP('',(#304));
#1217=EDGE_LOOP('',(#305,#306,#307,#308,#309));
#1218=EDGE_LOOP('',(#310,#311,#312,#313,#314,#315,#316,#317,#318,#319,#320,
#321,#322,#323));
#1219=EDGE_LOOP('',(#324,#325,#326,#327,#328,#329));
#1220=EDGE_LOOP('',(#330,#331,#332,#333));
#1221=EDGE_LOOP('',(#334,#335,#336,#337,#338,#339,#340,#341,#342,#343,#344,
#345,#346,#347,#348,#349,#350,#351,#352,#353,#354,#355,#356,#357,#358));
#1222=EDGE_LOOP('',(#359,#360,#361,#362));
#1223=EDGE_LOOP('',(#363,#364,#365,#366,#367,#368));
#1224=EDGE_LOOP('',(#369,#370,#371,#372,#373,#374,#375,#376));
#1225=EDGE_LOOP('',(#377,#378,#379,#380,#381,#382,#383,#384,#385,#386,#387,
#388,#389,#390,#391,#392,#393,#394,#395,#396,#397,#398,#399,#400,#401,#402,
#403,#404,#405));
#1226=EDGE_LOOP('',(#406,#407,#408,#409,#410,#411,#412,#413));
#1227=EDGE_LOOP('',(#414,#415,#416,#417,#418,#419));
#1228=EDGE_LOOP('',(#420));
#1229=EDGE_LOOP('',(#421,#422,#423,#424,#425));
#1230=EDGE_LOOP('',(#426,#427,#428,#429));
#1231=EDGE_LOOP('',(#430,#431,#432,#433));
#1232=EDGE_LOOP('',(#434,#435,#436,#437));
#1233=EDGE_LOOP('',(#438,#439,#440,#441));
#1234=EDGE_LOOP('',(#442,#443,#444,#445));
#1235=EDGE_LOOP('',(#446,#447,#448,#449));
#1236=EDGE_LOOP('',(#450,#451,#452,#453));
#1237=EDGE_LOOP('',(#454,#455,#456,#457));
#1238=EDGE_LOOP('',(#458,#459,#460,#461));
#1239=EDGE_LOOP('',(#462,#463,#464,#465));
#1240=EDGE_LOOP('',(#466,#467,#468,#469));
#1241=EDGE_LOOP('',(#470,#471,#472,#473));
#1242=EDGE_LOOP('',(#474,#475,#476,#477));
#1243=EDGE_LOOP('',(#478,#479,#480,#481));
#1244=EDGE_LOOP('',(#482,#483,#484,#485));
#1245=EDGE_LOOP('',(#486,#487,#488,#489));
#1246=EDGE_LOOP('',(#490,#491,#492,#493));
#1247=EDGE_LOOP('',(#494,#495,#496,#497));
#1248=EDGE_LOOP('',(#498,#499,#500,#501));
#1249=EDGE_LOOP('',(#502,#503,#504,#505));
#1250=EDGE_LOOP('',(#506,#507,#508,#509));
#1251=EDGE_LOOP('',(#510,#511,#512,#513));
#1252=EDGE_LOOP('',(#514,#515,#516,#517));
#1253=EDGE_LOOP('',(#518,#519,#520,#521));
#1254=EDGE_LOOP('',(#522,#523,#524,#525));
#1255=EDGE_LOOP('',(#526,#527,#528,#529));
#1256=EDGE_LOOP('',(#530,#531,#532,#533));
#1257=EDGE_LOOP('',(#534,#535,#536,#537));
#1258=EDGE_LOOP('',(#538,#539,#540,#541));
#1259=EDGE_LOOP('',(#542,#543,#544,#545));
#1260=EDGE_LOOP('',(#546,#547,#548,#549));
#1261=EDGE_LOOP('',(#550,#551,#552,#553));
#1262=EDGE_LOOP('',(#554,#555,#556,#557,#558,#559,#560,#561,#562));
#1263=EDGE_LOOP('',(#563,#564,#565,#566,#567,#568,#569,#570,#571));
#1264=EDGE_LOOP('',(#572,#573,#574,#575));
#1265=EDGE_LOOP('',(#576,#577,#578,#579,#580,#581));
#1266=EDGE_LOOP('',(#582));
#1267=EDGE_LOOP('',(#583,#584));
#1268=EDGE_LOOP('',(#585,#586,#587,#588));
#1269=EDGE_LOOP('',(#589,#590,#591,#592));
#1270=EDGE_LOOP('',(#593,#594,#595,#596));
#1271=EDGE_LOOP('',(#597,#598,#599,#600));
#1272=EDGE_LOOP('',(#601,#602,#603,#604));
#1273=EDGE_LOOP('',(#605,#606,#607,#608));
#1274=EDGE_LOOP('',(#609,#610,#611,#612));
#1275=EDGE_LOOP('',(#613,#614,#615,#616));
#1276=EDGE_LOOP('',(#617,#618,#619,#620));
#1277=EDGE_LOOP('',(#621,#622,#623,#624));
#1278=EDGE_LOOP('',(#625));
#1279=EDGE_LOOP('',(#626));
#1280=EDGE_LOOP('',(#627));
#1281=EDGE_LOOP('',(#628,#629,#630,#631));
#1282=EDGE_LOOP('',(#632,#633,#634,#635));
#1283=EDGE_LOOP('',(#636,#637,#638,#639));
#1284=EDGE_LOOP('',(#640,#641,#642,#643));
#1285=EDGE_LOOP('',(#644,#645,#646,#647));
#1286=EDGE_LOOP('',(#648));
#1287=EDGE_LOOP('',(#649));
#1288=EDGE_LOOP('',(#650));
#1289=EDGE_LOOP('',(#651,#652,#653,#654,#655,#656));
#1290=EDGE_LOOP('',(#657,#658,#659,#660));
#1291=EDGE_LOOP('',(#661,#662,#663,#664));
#1292=EDGE_LOOP('',(#665));
#1293=EDGE_LOOP('',(#666,#667));
#1294=EDGE_LOOP('',(#668,#669,#670,#671));
#1295=EDGE_LOOP('',(#672,#673,#674,#675));
#1296=EDGE_LOOP('',(#676));
#1297=EDGE_LOOP('',(#677,#678,#679,#680));
#1298=EDGE_LOOP('',(#681,#682,#683,#684,#685,#686));
#1299=EDGE_LOOP('',(#687,#688,#689,#690));
#1300=EDGE_LOOP('',(#691,#692,#693,#694));
#1301=EDGE_LOOP('',(#695,#696,#697,#698));
#1302=EDGE_LOOP('',(#699,#700,#701,#702));
#1303=EDGE_LOOP('',(#703,#704,#705,#706));
#1304=EDGE_LOOP('',(#707,#708,#709,#710));
#1305=EDGE_LOOP('',(#711,#712,#713,#714));
#1306=EDGE_LOOP('',(#715,#716,#717,#718));
#1307=EDGE_LOOP('',(#719,#720,#721,#722));
#1308=EDGE_LOOP('',(#723,#724,#725,#726));
#1309=EDGE_LOOP('',(#727,#728,#729,#730));
#1310=EDGE_LOOP('',(#731,#732,#733,#734));
#1311=FACE_BOUND('',#1213,.T.);
#1312=FACE_BOUND('',#1214,.T.);
#1313=FACE_BOUND('',#1215,.T.);
#1314=FACE_BOUND('',#1216,.T.);
#1315=FACE_BOUND('',#1217,.T.);
#1316=FACE_BOUND('',#1218,.T.);
#1317=FACE_BOUND('',#1219,.T.);
#1318=FACE_BOUND('',#1220,.T.);
#1319=FACE_BOUND('',#1221,.T.);
#1320=FACE_BOUND('',#1222,.T.);
#1321=FACE_BOUND('',#1223,.T.);
#1322=FACE_BOUND('',#1224,.T.);
#1323=FACE_BOUND('',#1225,.T.);
#1324=FACE_BOUND('',#1226,.T.);
#1325=FACE_BOUND('',#1227,.T.);
#1326=FACE_BOUND('',#1228,.T.);
#1327=FACE_BOUND('',#1229,.T.);
#1328=FACE_BOUND('',#1230,.T.);
#1329=FACE_BOUND('',#1231,.T.);
#1330=FACE_BOUND('',#1232,.T.);
#1331=FACE_BOUND('',#1233,.T.);
#1332=FACE_BOUND('',#1234,.T.);
#1333=FACE_BOUND('',#1235,.T.);
#1334=FACE_BOUND('',#1236,.T.);
#1335=FACE_BOUND('',#1237,.T.);
#1336=FACE_BOUND('',#1238,.T.);
#1337=FACE_BOUND('',#1239,.T.);
#1338=FACE_BOUND('',#1240,.T.);
#1339=FACE_BOUND('',#1241,.T.);
#1340=FACE_BOUND('',#1242,.T.);
#1341=FACE_BOUND('',#1243,.T.);
#1342=FACE_BOUND('',#1244,.T.);
#1343=FACE_BOUND('',#1245,.T.);
#1344=FACE_BOUND('',#1246,.T.);
#1345=FACE_BOUND('',#1247,.T.);
#1346=FACE_BOUND('',#1248,.T.);
#1347=FACE_BOUND('',#1249,.T.);
#1348=FACE_BOUND('',#1250,.T.);
#1349=FACE_BOUND('',#1251,.T.);
#1350=FACE_BOUND('',#1252,.T.);
#1351=FACE_BOUND('',#1253,.T.);
#1352=FACE_BOUND('',#1254,.T.);
#1353=FACE_BOUND('',#1255,.T.);
#1354=FACE_BOUND('',#1256,.T.);
#1355=FACE_BOUND('',#1257,.T.);
#1356=FACE_BOUND('',#1258,.T.);
#1357=FACE_BOUND('',#1259,.T.);
#1358=FACE_BOUND('',#1260,.T.);
#1359=FACE_BOUND('',#1261,.T.);
#1360=FACE_BOUND('',#1262,.T.);
#1361=FACE_BOUND('',#1263,.T.);
#1362=FACE_BOUND('',#1264,.T.);
#1363=FACE_BOUND('',#1265,.T.);
#1364=FACE_BOUND('',#1266,.T.);
#1365=FACE_BOUND('',#1267,.T.);
#1366=FACE_BOUND('',#1268,.T.);
#1367=FACE_BOUND('',#1269,.T.);
#1368=FACE_BOUND('',#1270,.T.);
#1369=FACE_BOUND('',#1271,.T.);
#1370=FACE_BOUND('',#1272,.T.);
#1371=FACE_BOUND('',#1273,.T.);
#1372=FACE_BOUND('',#1274,.T.);
#1373=FACE_BOUND('',#1275,.T.);
#1374=FACE_BOUND('',#1276,.T.);
#1375=FACE_BOUND('',#1277,.T.);
#1376=FACE_BOUND('',#1278,.T.);
#1377=FACE_BOUND('',#1279,.T.);
#1378=FACE_BOUND('',#1280,.T.);
#1379=FACE_BOUND('',#1281,.T.);
#1380=FACE_BOUND('',#1282,.T.);
#1381=FACE_BOUND('',#1283,.T.);
#1382=FACE_BOUND('',#1284,.T.);
#1383=FACE_BOUND('',#1285,.T.);
#1384=FACE_BOUND('',#1286,.T.);
#1385=FACE_BOUND('',#1287,.T.);
#1386=FACE_BOUND('',#1288,.T.);
#1387=FACE_BOUND('',#1289,.T.);
#1388=FACE_BOUND('',#1290,.T.);
#1389=FACE_BOUND('',#1291,.T.);
#1390=FACE_BOUND('',#1292,.T.);
#1391=FACE_BOUND('',#1293,.T.);
#1392=FACE_BOUND('',#1294,.T.);
#1393=FACE_BOUND('',#1295,.T.);
#1394=FACE_BOUND('',#1296,.T.);
#1395=FACE_BOUND('',#1297,.T.);
#1396=FACE_BOUND('',#1298,.T.);
#1397=FACE_BOUND('',#1299,.T.);
#1398=FACE_BOUND('',#1300,.T.);
#1399=FACE_BOUND('',#1301,.T.);
#1400=FACE_BOUND('',#1302,.T.);
#1401=FACE_BOUND('',#1303,.T.);
#1402=FACE_BOUND('',#1304,.T.);
#1403=FACE_BOUND('',#1305,.T.);
#1404=FACE_BOUND('',#1306,.T.);
#1405=FACE_BOUND('',#1307,.T.);
#1406=FACE_BOUND('',#1308,.T.);
#1407=FACE_BOUND('',#1309,.T.);
#1408=FACE_BOUND('',#1310,.T.);
#1409=CYLINDRICAL_SURFACE('',#1551,0.09);
#1410=CYLINDRICAL_SURFACE('',#1556,0.10274);
#1411=CYLINDRICAL_SURFACE('',#1565,0.09674);
#1412=CYLINDRICAL_SURFACE('',#1635,0.0727400000000009);
#1413=CYLINDRICAL_SURFACE('',#1637,0.077340000000005);
#1414=CYLINDRICAL_SURFACE('',#1639,0.0827399999999939);
#1415=CYLINDRICAL_SURFACE('',#1640,0.0022);
#1416=CYLINDRICAL_SURFACE('',#1642,0.0773399999999958);
#1417=CYLINDRICAL_SURFACE('',#1643,0.0008);
#1418=CYLINDRICAL_SURFACE('',#1645,0.07274);
#1419=CYLINDRICAL_SURFACE('',#1647,0.005);
#1420=CYLINDRICAL_SURFACE('',#1648,0.005);
#1421=CYLINDRICAL_SURFACE('',#1649,0.005);
#1422=CYLINDRICAL_SURFACE('',#1650,0.005);
#1423=CYLINDRICAL_SURFACE('',#1652,0.0859999999999939);
#1424=CYLINDRICAL_SURFACE('',#1653,0.000999999999999895);
#1425=CYLINDRICAL_SURFACE('',#1655,0.000999999999999911);
#1426=CYLINDRICAL_SURFACE('',#1656,0.0767400000000045);
#1427=CYLINDRICAL_SURFACE('',#1657,0.076740000000004);
#1428=CYLINDRICAL_SURFACE('',#1658,0.000999999999999896);
#1429=CYLINDRICAL_SURFACE('',#1660,0.00099999999999989);
#1430=CYLINDRICAL_SURFACE('',#1661,0.0859999999999955);
#1431=CYLINDRICAL_SURFACE('',#1662,0.00620000000000011);
#1432=CYLINDRICAL_SURFACE('',#1668,0.01);
#1433=CYLINDRICAL_SURFACE('',#1670,0.01);
#1434=CYLINDRICAL_SURFACE('',#1674,0.0025);
#1435=CYLINDRICAL_SURFACE('',#1678,0.0005);
#1436=CYLINDRICAL_SURFACE('',#1679,0.0005);
#1437=CYLINDRICAL_SURFACE('',#1680,0.003);
#1438=CYLINDRICAL_SURFACE('',#1681,0.002);
#1439=CYLINDRICAL_SURFACE('',#1684,0.002);
#1440=CYLINDRICAL_SURFACE('',#1687,0.002);
#1441=CYLINDRICAL_SURFACE('',#1691,0.087999999999999);
#1442=CYLINDRICAL_SURFACE('',#1694,0.08474);
#1443=CYLINDRICAL_SURFACE('',#1697,0.002);
#1444=CYLINDRICAL_SURFACE('',#1703,0.02);
#1445=CYLINDRICAL_SURFACE('',#1706,0.01525);
#1446=CYLINDRICAL_SURFACE('',#1715,0.0120710678118654);
#1447=CYLINDRICAL_SURFACE('',#1716,0.004);
#1448=CYLINDRICAL_SURFACE('',#1717,0.004);
#1449=CYLINDRICAL_SURFACE('',#1719,0.01825);
#1450=CYLINDRICAL_SURFACE('',#1725,0.01825);
#1451=CYLINDRICAL_SURFACE('',#1730,0.002);
#1452=CYLINDRICAL_SURFACE('',#1731,0.002);
#1453=CYLINDRICAL_SURFACE('',#1732,0.002);
#1454=CYLINDRICAL_SURFACE('',#1733,0.002);
#1455=ADVANCED_FACE('',(#1311),#1409,.T.);
#1456=ADVANCED_FACE('',(#1312,#1313),#1410,.T.);
#1457=ADVANCED_FACE('',(#1314,#1315),#17,.T.);
#1458=ADVANCED_FACE('',(#1316),#1411,.F.);
#1459=ADVANCED_FACE('',(#1317),#12,.F.);
#1460=ADVANCED_FACE('',(#1318),#18,.T.);
#1461=ADVANCED_FACE('',(#1319,#1320,#1321,#1322),#19,.T.);
#1462=ADVANCED_FACE('',(#1323,#1324,#1325),#20,.F.);
#1463=ADVANCED_FACE('',(#1326,#1327),#21,.T.);
#1464=ADVANCED_FACE('',(#1328),#22,.F.);
#1465=ADVANCED_FACE('',(#1329),#23,.F.);
#1466=ADVANCED_FACE('',(#1330),#1412,.F.);
#1467=ADVANCED_FACE('',(#1331),#24,.F.);
#1468=ADVANCED_FACE('',(#1332),#1413,.T.);
#1469=ADVANCED_FACE('',(#1333),#25,.F.);
#1470=ADVANCED_FACE('',(#1334),#1414,.F.);
#1471=ADVANCED_FACE('',(#1335),#1415,.F.);
#1472=ADVANCED_FACE('',(#1336),#26,.F.);
#1473=ADVANCED_FACE('',(#1337),#1416,.T.);
#1474=ADVANCED_FACE('',(#1338),#1417,.T.);
#1475=ADVANCED_FACE('',(#1339),#27,.F.);
#1476=ADVANCED_FACE('',(#1340),#1418,.F.);
#1477=ADVANCED_FACE('',(#1341),#28,.T.);
#1478=ADVANCED_FACE('',(#1342),#1419,.T.);
#1479=ADVANCED_FACE('',(#1343),#1420,.T.);
#1480=ADVANCED_FACE('',(#1344),#1421,.T.);
#1481=ADVANCED_FACE('',(#1345),#1422,.T.);
#1482=ADVANCED_FACE('',(#1346),#29,.F.);
#1483=ADVANCED_FACE('',(#1347),#1423,.F.);
#1484=ADVANCED_FACE('',(#1348),#1424,.F.);
#1485=ADVANCED_FACE('',(#1349),#30,.F.);
#1486=ADVANCED_FACE('',(#1350),#1425,.F.);
#1487=ADVANCED_FACE('',(#1351),#1426,.T.);
#1488=ADVANCED_FACE('',(#1352),#1427,.T.);
#1489=ADVANCED_FACE('',(#1353),#1428,.F.);
#1490=ADVANCED_FACE('',(#1354),#31,.F.);
#1491=ADVANCED_FACE('',(#1355),#1429,.F.);
#1492=ADVANCED_FACE('',(#1356),#1430,.F.);
#1493=ADVANCED_FACE('',(#1357),#1431,.T.);
#1494=ADVANCED_FACE('',(#1358),#32,.F.);
#1495=ADVANCED_FACE('',(#1359),#33,.T.);
#1496=ADVANCED_FACE('',(#1360),#1432,.F.);
#1497=ADVANCED_FACE('',(#1361),#1433,.F.);
#1498=ADVANCED_FACE('',(#1362),#13,.F.);
#1499=ADVANCED_FACE('',(#1363),#14,.T.);
#1500=ADVANCED_FACE('',(#1364,#1365),#1434,.F.);
#1501=ADVANCED_FACE('',(#1366),#34,.T.);
#1502=ADVANCED_FACE('',(#1367),#35,.F.);
#1503=ADVANCED_FACE('',(#1368),#36,.T.);
#1504=ADVANCED_FACE('',(#1369),#1435,.T.);
#1505=ADVANCED_FACE('',(#1370),#1436,.T.);
#1506=ADVANCED_FACE('',(#1371),#1437,.F.);
#1507=ADVANCED_FACE('',(#1372),#1438,.T.);
#1508=ADVANCED_FACE('',(#1373),#15,.T.);
#1509=ADVANCED_FACE('',(#1374),#1439,.T.);
#1510=ADVANCED_FACE('',(#1375),#16,.T.);
#1511=ADVANCED_FACE('',(#1376,#1377),#1440,.F.);
#1512=ADVANCED_FACE('',(#1378),#37,.T.);
#1513=ADVANCED_FACE('',(#1379),#38,.F.);
#1514=ADVANCED_FACE('',(#1380),#1441,.F.);
#1515=ADVANCED_FACE('',(#1381),#39,.F.);
#1516=ADVANCED_FACE('',(#1382),#1442,.T.);
#1517=ADVANCED_FACE('',(#1383),#40,.T.);
#1518=ADVANCED_FACE('',(#1384,#1385),#1443,.F.);
#1519=ADVANCED_FACE('',(#1386),#41,.T.);
#1520=ADVANCED_FACE('',(#1387),#42,.F.);
#1521=ADVANCED_FACE('',(#1388),#1444,.T.);
#1522=ADVANCED_FACE('',(#1389),#43,.F.);
#1523=ADVANCED_FACE('',(#1390,#1391),#1445,.F.);
#1524=ADVANCED_FACE('',(#1392,#1393,#1394,#1395),#44,.T.);
#1525=ADVANCED_FACE('',(#1396),#1446,.F.);
#1526=ADVANCED_FACE('',(#1397),#1447,.F.);
#1527=ADVANCED_FACE('',(#1398),#1448,.T.);
#1528=ADVANCED_FACE('',(#1399),#45,.F.);
#1529=ADVANCED_FACE('',(#1400),#1449,.T.);
#1530=ADVANCED_FACE('',(#1401),#46,.T.);
#1531=ADVANCED_FACE('',(#1402),#47,.F.);
#1532=ADVANCED_FACE('',(#1403),#1450,.T.);
#1533=ADVANCED_FACE('',(#1404),#48,.T.);
#1534=ADVANCED_FACE('',(#1405),#1451,.F.);
#1535=ADVANCED_FACE('',(#1406),#1452,.F.);
#1536=ADVANCED_FACE('',(#1407),#1453,.F.);
#1537=ADVANCED_FACE('',(#1408),#1454,.F.);
#1538=CLOSED_SHELL('',(#1455,#1456,#1457,#1458,#1459,#1460,#1461,#1462,
#1463,#1464,#1465,#1466,#1467,#1468,#1469,#1470,#1471,#1472,#1473,#1474,
#1475,#1476,#1477,#1478,#1479,#1480,#1481,#1482,#1483,#1484,#1485,#1486,
#1487,#1488,#1489,#1490,#1491,#1492,#1493,#1494,#1495,#1496,#1497,#1498,
#1499,#1500,#1501,#1502,#1503,#1504,#1505,#1506,#1507,#1508,#1509,#1510,
#1511,#1512,#1513,#1514,#1515,#1516,#1517,#1518,#1519,#1520,#1521,#1522,
#1523,#1524,#1525,#1526,#1527,#1528,#1529,#1530,#1531,#1532,#1533,#1534,
#1535,#1536,#1537));
#1539=STYLED_ITEM('',(#1540),#1547);
#1540=PRESENTATION_STYLE_ASSIGNMENT((#1541));
#1541=SURFACE_STYLE_USAGE(.BOTH.,#1542);
#1542=SURFACE_SIDE_STYLE('',(#1543));
#1543=SURFACE_STYLE_FILL_AREA(#1544);
#1544=FILL_AREA_STYLE('',(#1545));
#1545=FILL_AREA_STYLE_COLOUR('',#1546);
#1546=COLOUR_RGB('',0.647058823529412,0.647058823529412,0.647058823529412);
#1547=MANIFOLD_SOLID_BREP('boost3',#1538);
#1548=SHAPE_DEFINITION_REPRESENTATION(#2765,#1549);
#1549=SHAPE_REPRESENTATION('boost3',(#1550),#2760);
#1550=AXIS2_PLACEMENT_3D('',#2210,#1734,#1735);
#1551=AXIS2_PLACEMENT_3D('',#2211,#1736,#1737);
#1552=AXIS2_PLACEMENT_3D('',#2212,#1738,#1739);
#1553=AXIS2_PLACEMENT_3D('',#2217,#1741,#1742);
#1554=AXIS2_PLACEMENT_3D('',#2221,#1744,#1745);
#1555=AXIS2_PLACEMENT_3D('',#2225,#1747,#1748);
#1556=AXIS2_PLACEMENT_3D('',#2228,#1750,#1751);
#1557=AXIS2_PLACEMENT_3D('',#2244,#1753,#1754);
#1558=AXIS2_PLACEMENT_3D('',#2254,#1756,#1757);
#1559=AXIS2_PLACEMENT_3D('',#2263,#1759,#1760);
#1560=AXIS2_PLACEMENT_3D('',#2272,#1762,#1763);
#1561=AXIS2_PLACEMENT_3D('',#2279,#1764,#1765);
#1562=AXIS2_PLACEMENT_3D('',#2280,#1766,#1767);
#1563=AXIS2_PLACEMENT_3D('',#2282,#1768,#1769);
#1564=AXIS2_PLACEMENT_3D('',#2288,#1772,#1773);
#1565=AXIS2_PLACEMENT_3D('',#2289,#1774,#1775);
#1566=AXIS2_PLACEMENT_3D('',#2290,#1776,#1777);
#1567=AXIS2_PLACEMENT_3D('',#2300,#1779,#1780);
#1568=AXIS2_PLACEMENT_3D('',#2316,#1783,#1784);
#1569=AXIS2_PLACEMENT_3D('',#2330,#1785,#1786);
#1570=AXIS2_PLACEMENT_3D('',#2339,#1788,#1789);
#1571=AXIS2_PLACEMENT_3D('',#2352,#1790,#1791);
#1572=AXIS2_PLACEMENT_3D('',#2360,#1792,#1793);
#1573=AXIS2_PLACEMENT_3D('',#2364,#1795,#1796);
#1574=AXIS2_PLACEMENT_3D('',#2366,#1798,#1799);
#1575=AXIS2_PLACEMENT_3D('',#2370,#1801,#1802);
#1576=AXIS2_PLACEMENT_3D('',#2372,#1803,#1804);
#1577=AXIS2_PLACEMENT_3D('',#2376,#1806,#1807);
#1578=AXIS2_PLACEMENT_3D('',#2378,#1808,#1809);
#1579=AXIS2_PLACEMENT_3D('',#2382,#1811,#1812);
#1580=AXIS2_PLACEMENT_3D('',#2384,#1813,#1814);
#1581=AXIS2_PLACEMENT_3D('',#2388,#1816,#1817);
#1582=AXIS2_PLACEMENT_3D('',#2390,#1818,#1819);
#1583=AXIS2_PLACEMENT_3D('',#2394,#1821,#1822);
#1584=AXIS2_PLACEMENT_3D('',#2398,#1824,#1825);
#1585=AXIS2_PLACEMENT_3D('',#2400,#1826,#1827);
#1586=AXIS2_PLACEMENT_3D('',#2404,#1829,#1830);
#1587=AXIS2_PLACEMENT_3D('',#2405,#1831,#1832);
#1588=AXIS2_PLACEMENT_3D('',#2413,#1836,#1837);
#1589=AXIS2_PLACEMENT_3D('',#2417,#1839,#1840);
#1590=AXIS2_PLACEMENT_3D('',#2421,#1842,#1843);
#1591=AXIS2_PLACEMENT_3D('',#2425,#1845,#1846);
#1592=AXIS2_PLACEMENT_3D('',#2427,#1847,#1848);
#1593=AXIS2_PLACEMENT_3D('',#2431,#1850,#1851);
#1594=AXIS2_PLACEMENT_3D('',#2433,#1852,#1853);
#1595=AXIS2_PLACEMENT_3D('',#2434,#1854,#1855);
#1596=AXIS2_PLACEMENT_3D('',#2437,#1856,#1857);
#1597=AXIS2_PLACEMENT_3D('',#2441,#1859,#1860);
#1598=AXIS2_PLACEMENT_3D('',#2443,#1861,#1862);
#1599=AXIS2_PLACEMENT_3D('',#2445,#1863,#1864);
#1600=AXIS2_PLACEMENT_3D('',#2447,#1865,#1866);
#1601=AXIS2_PLACEMENT_3D('',#2450,#1868,#1869);
#1602=AXIS2_PLACEMENT_3D('',#2458,#1873,#1874);
#1603=AXIS2_PLACEMENT_3D('',#2459,#1875,#1876);
#1604=AXIS2_PLACEMENT_3D('',#2461,#1877,#1878);
#1605=AXIS2_PLACEMENT_3D('',#2463,#1879,#1880);
#1606=AXIS2_PLACEMENT_3D('',#2464,#1881,#1882);
#1607=AXIS2_PLACEMENT_3D('',#2468,#1884,#1885);
#1608=AXIS2_PLACEMENT_3D('',#2470,#1886,#1887);
#1609=AXIS2_PLACEMENT_3D('',#2474,#1889,#1890);
#1610=AXIS2_PLACEMENT_3D('',#2478,#1892,#1893);
#1611=AXIS2_PLACEMENT_3D('',#2480,#1894,#1895);
#1612=AXIS2_PLACEMENT_3D('',#2484,#1897,#1898);
#1613=AXIS2_PLACEMENT_3D('',#2486,#1899,#1900);
#1614=AXIS2_PLACEMENT_3D('',#2490,#1902,#1903);
#1615=AXIS2_PLACEMENT_3D('',#2492,#1904,#1905);
#1616=AXIS2_PLACEMENT_3D('',#2496,#1907,#1908);
#1617=AXIS2_PLACEMENT_3D('',#2498,#1909,#1910);
#1618=AXIS2_PLACEMENT_3D('',#2502,#1912,#1913);
#1619=AXIS2_PLACEMENT_3D('',#2506,#1915,#1916);
#1620=AXIS2_PLACEMENT_3D('',#2508,#1917,#1918);
#1621=AXIS2_PLACEMENT_3D('',#2510,#1919,#1920);
#1622=AXIS2_PLACEMENT_3D('',#2512,#1921,#1922);
#1623=AXIS2_PLACEMENT_3D('',#2516,#1924,#1925);
#1624=AXIS2_PLACEMENT_3D('',#2518,#1926,#1927);
#1625=AXIS2_PLACEMENT_3D('',#2519,#1928,#1929);
#1626=AXIS2_PLACEMENT_3D('',#2522,#1930,#1931);
#1627=AXIS2_PLACEMENT_3D('',#2526,#1933,#1934);
#1628=AXIS2_PLACEMENT_3D('',#2528,#1935,#1936);
#1629=AXIS2_PLACEMENT_3D('',#2531,#1938,#1939);
#1630=AXIS2_PLACEMENT_3D('',#2532,#1940,#1941);
#1631=AXIS2_PLACEMENT_3D('',#2537,#1944,#1945);
#1632=AXIS2_PLACEMENT_3D('',#2538,#1946,#1947);
#1633=AXIS2_PLACEMENT_3D('',#2539,#1948,#1949);
#1634=AXIS2_PLACEMENT_3D('',#2544,#1952,#1953);
#1635=AXIS2_PLACEMENT_3D('',#2547,#1956,#1957);
#1636=AXIS2_PLACEMENT_3D('',#2550,#1960,#1961);
#1637=AXIS2_PLACEMENT_3D('',#2552,#1963,#1964);
#1638=AXIS2_PLACEMENT_3D('',#2554,#1966,#1967);
#1639=AXIS2_PLACEMENT_3D('',#2556,#1969,#1970);
#1640=AXIS2_PLACEMENT_3D('',#2558,#1972,#1973);
#1641=AXIS2_PLACEMENT_3D('',#2560,#1975,#1976);
#1642=AXIS2_PLACEMENT_3D('',#2562,#1978,#1979);
#1643=AXIS2_PLACEMENT_3D('',#2564,#1981,#1982);
#1644=AXIS2_PLACEMENT_3D('',#2566,#1984,#1985);
#1645=AXIS2_PLACEMENT_3D('',#2568,#1987,#1988);
#1646=AXIS2_PLACEMENT_3D('',#2570,#1990,#1991);
#1647=AXIS2_PLACEMENT_3D('',#2573,#1994,#1995);
#1648=AXIS2_PLACEMENT_3D('',#2574,#1996,#1997);
#1649=AXIS2_PLACEMENT_3D('',#2576,#1999,#2000);
#1650=AXIS2_PLACEMENT_3D('',#2577,#2001,#2002);
#1651=AXIS2_PLACEMENT_3D('',#2578,#2003,#2004);
#1652=AXIS2_PLACEMENT_3D('',#2581,#2007,#2008);
#1653=AXIS2_PLACEMENT_3D('',#2583,#2010,#2011);
#1654=AXIS2_PLACEMENT_3D('',#2585,#2013,#2014);
#1655=AXIS2_PLACEMENT_3D('',#2587,#2016,#2017);
#1656=AXIS2_PLACEMENT_3D('',#2589,#2019,#2020);
#1657=AXIS2_PLACEMENT_3D('',#2590,#2021,#2022);
#1658=AXIS2_PLACEMENT_3D('',#2593,#2025,#2026);
#1659=AXIS2_PLACEMENT_3D('',#2595,#2028,#2029);
#1660=AXIS2_PLACEMENT_3D('',#2597,#2031,#2032);
#1661=AXIS2_PLACEMENT_3D('',#2599,#2034,#2035);
#1662=AXIS2_PLACEMENT_3D('',#2601,#2037,#2038);
#1663=AXIS2_PLACEMENT_3D('',#2604,#2041,#2042);
#1664=AXIS2_PLACEMENT_3D('',#2605,#2043,#2044);
#1665=AXIS2_PLACEMENT_3D('',#2606,#2045,#2046);
#1666=AXIS2_PLACEMENT_3D('',#2608,#2047,#2048);
#1667=AXIS2_PLACEMENT_3D('',#2610,#2049,#2050);
#1668=AXIS2_PLACEMENT_3D('',#2611,#2051,#2052);
#1669=AXIS2_PLACEMENT_3D('',#2622,#2053,#2054);
#1670=AXIS2_PLACEMENT_3D('',#2623,#2055,#2056);
#1671=AXIS2_PLACEMENT_3D('',#2634,#2057,#2058);
#1672=AXIS2_PLACEMENT_3D('',#2635,#2059,#2060);
#1673=AXIS2_PLACEMENT_3D('',#2636,#2061,#2062);
#1674=AXIS2_PLACEMENT_3D('',#2637,#2063,#2064);
#1675=AXIS2_PLACEMENT_3D('',#2638,#2065,#2066);
#1676=AXIS2_PLACEMENT_3D('',#2641,#2069,#2070);
#1677=AXIS2_PLACEMENT_3D('',#2644,#2073,#2074);
#1678=AXIS2_PLACEMENT_3D('',#2645,#2075,#2076);
#1679=AXIS2_PLACEMENT_3D('',#2646,#2077,#2078);
#1680=AXIS2_PLACEMENT_3D('',#2647,#2079,#2080);
#1681=AXIS2_PLACEMENT_3D('',#2648,#2081,#2082);
#1682=AXIS2_PLACEMENT_3D('',#2649,#2083,#2084);
#1683=AXIS2_PLACEMENT_3D('',#2650,#2085,#2086);
#1684=AXIS2_PLACEMENT_3D('',#2651,#2087,#2088);
#1685=AXIS2_PLACEMENT_3D('',#2652,#2089,#2090);
#1686=AXIS2_PLACEMENT_3D('',#2653,#2091,#2092);
#1687=AXIS2_PLACEMENT_3D('',#2654,#2093,#2094);
#1688=AXIS2_PLACEMENT_3D('',#2655,#2095,#2096);
#1689=AXIS2_PLACEMENT_3D('',#2657,#2097,#2098);
#1690=AXIS2_PLACEMENT_3D('',#2658,#2099,#2100);
#1691=AXIS2_PLACEMENT_3D('',#2664,#2104,#2105);
#1692=AXIS2_PLACEMENT_3D('',#2665,#2106,#2107);
#1693=AXIS2_PLACEMENT_3D('',#2668,#2109,#2110);
#1694=AXIS2_PLACEMENT_3D('',#2672,#2113,#2114);
#1695=AXIS2_PLACEMENT_3D('',#2673,#2115,#2116);
#1696=AXIS2_PLACEMENT_3D('',#2674,#2117,#2118);
#1697=AXIS2_PLACEMENT_3D('',#2675,#2119,#2120);
#1698=AXIS2_PLACEMENT_3D('',#2676,#2121,#2122);
#1699=AXIS2_PLACEMENT_3D('',#2678,#2123,#2124);
#1700=AXIS2_PLACEMENT_3D('',#2679,#2125,#2126);
#1701=AXIS2_PLACEMENT_3D('',#2680,#2127,#2128);
#1702=AXIS2_PLACEMENT_3D('',#2683,#2130,#2131);
#1703=AXIS2_PLACEMENT_3D('',#2686,#2133,#2134);
#1704=AXIS2_PLACEMENT_3D('',#2687,#2135,#2136);
#1705=AXIS2_PLACEMENT_3D('',#2688,#2137,#2138);
#1706=AXIS2_PLACEMENT_3D('',#2691,#2141,#2142);
#1707=AXIS2_PLACEMENT_3D('',#2692,#2143,#2144);
#1708=AXIS2_PLACEMENT_3D('',#2704,#2145,#2146);
#1709=AXIS2_PLACEMENT_3D('',#2708,#2148,#2149);
#1710=AXIS2_PLACEMENT_3D('',#2710,#2150,#2151);
#1711=AXIS2_PLACEMENT_3D('',#2712,#2152,#2153);
#1712=AXIS2_PLACEMENT_3D('',#2713,#2154,#2155);
#1713=AXIS2_PLACEMENT_3D('',#2718,#2157,#2158);
#1714=AXIS2_PLACEMENT_3D('',#2720,#2159,#2160);
#1715=AXIS2_PLACEMENT_3D('',#2722,#2162,#2163);
#1716=AXIS2_PLACEMENT_3D('',#2723,#2164,#2165);
#1717=AXIS2_PLACEMENT_3D('',#2724,#2166,#2167);
#1718=AXIS2_PLACEMENT_3D('',#2725,#2168,#2169);
#1719=AXIS2_PLACEMENT_3D('',#2731,#2173,#2174);
#1720=AXIS2_PLACEMENT_3D('',#2732,#2175,#2176);
#1721=AXIS2_PLACEMENT_3D('',#2735,#2178,#2179);
#1722=AXIS2_PLACEMENT_3D('',#2736,#2180,#2181);
#1723=AXIS2_PLACEMENT_3D('',#2738,#2182,#2183);
#1724=AXIS2_PLACEMENT_3D('',#2739,#2184,#2185);
#1725=AXIS2_PLACEMENT_3D('',#2745,#2189,#2190);
#1726=AXIS2_PLACEMENT_3D('',#2746,#2191,#2192);
#1727=AXIS2_PLACEMENT_3D('',#2749,#2194,#2195);
#1728=AXIS2_PLACEMENT_3D('',#2750,#2196,#2197);
#1729=AXIS2_PLACEMENT_3D('',#2752,#2198,#2199);
#1730=AXIS2_PLACEMENT_3D('',#2753,#2200,#2201);
#1731=AXIS2_PLACEMENT_3D('',#2755,#2203,#2204);
#1732=AXIS2_PLACEMENT_3D('',#2756,#2205,#2206);
#1733=AXIS2_PLACEMENT_3D('',#2758,#2208,#2209);
#1734=DIRECTION('',(0.,0.,1.));
#1735=DIRECTION('',(1.,0.,0.));
#1736=DIRECTION('',(0.,1.,0.));
#1737=DIRECTION('',(0.,0.,1.));
#1738=DIRECTION('',(0.,1.,0.));
#1739=DIRECTION('',(0.,0.,1.));
#1740=DIRECTION('',(0.,1.,0.));
#1741=DIRECTION('',(0.,1.,0.));
#1742=DIRECTION('',(0.,0.,1.));
#1743=DIRECTION('',(0.,1.,0.));
#1744=DIRECTION('',(0.,-1.,0.));
#1745=DIRECTION('',(0.,0.,1.));
#1746=DIRECTION('',(0.,1.,0.));
#1747=DIRECTION('',(0.,1.,0.));
#1748=DIRECTION('',(0.,0.,1.));
#1749=DIRECTION('',(0.,1.,0.));
#1750=DIRECTION('',(0.,1.,0.));
#1751=DIRECTION('',(0.,0.,1.));
#1752=DIRECTION('',(0.,1.,0.));
#1753=DIRECTION('',(0.,-1.,0.));
#1754=DIRECTION('',(0.,0.,1.));
#1755=DIRECTION('',(0.,1.,0.));
#1756=DIRECTION('',(0.,-1.,0.));
#1757=DIRECTION('',(0.,0.,1.));
#1758=DIRECTION('',(0.,1.,0.));
#1759=DIRECTION('',(0.,-1.,0.));
#1760=DIRECTION('',(0.,0.,1.));
#1761=DIRECTION('',(0.,1.,0.));
#1762=DIRECTION('',(0.,-1.,0.));
#1763=DIRECTION('',(0.,0.,1.));
#1764=DIRECTION('',(0.,1.,0.));
#1765=DIRECTION('',(1.,0.,0.));
#1766=DIRECTION('',(0.,-1.,0.));
#1767=DIRECTION('',(0.,0.,1.));
#1768=DIRECTION('',(0.,-1.,0.));
#1769=DIRECTION('',(0.,0.,1.));
#1770=DIRECTION('',(0.938749588474691,0.,0.344600072748974));
#1771=DIRECTION('',(0.966084039901459,0.,0.25822786032432));
#1772=DIRECTION('',(0.,-1.,0.));
#1773=DIRECTION('',(0.,0.,1.));
#1774=DIRECTION('',(0.,1.,0.));
#1775=DIRECTION('',(0.,0.,1.));
#1776=DIRECTION('',(0.,-1.,0.));
#1777=DIRECTION('',(0.,0.,1.));
#1778=DIRECTION('',(0.,1.,0.));
#1779=DIRECTION('',(0.,-1.,0.));
#1780=DIRECTION('',(0.,0.,1.));
#1781=DIRECTION('',(0.,1.,0.));
#1782=DIRECTION('',(0.,1.,0.));
#1783=DIRECTION('',(0.,-1.,0.));
#1784=DIRECTION('',(0.,0.,1.));
#1785=DIRECTION('',(0.,-1.,0.));
#1786=DIRECTION('',(0.,0.,1.));
#1787=DIRECTION('',(0.,1.,0.));
#1788=DIRECTION('',(0.,1.,0.));
#1789=DIRECTION('',(0.,0.,1.));
#1790=DIRECTION('',(0.,-1.,0.));
#1791=DIRECTION('',(0.,0.,1.));
#1792=DIRECTION('',(0.471604461471474,0.,-0.881810201755571));
#1793=DIRECTION('',(0.881810201755571,0.,0.471604461471474));
#1794=DIRECTION('',(0.,1.,0.));
#1795=DIRECTION('',(-0.471604461471474,0.,0.881810201755571));
#1796=DIRECTION('',(0.881810201755571,0.,0.471604461471474));
#1797=DIRECTION('',(0.881810201755571,0.,0.471604461471474));
#1798=DIRECTION('',(0.,1.,0.));
#1799=DIRECTION('',(1.,0.,0.));
#1800=DIRECTION('',(0.,0.,-1.));
#1801=DIRECTION('',(0.,-1.,0.));
#1802=DIRECTION('',(0.,0.,1.));
#1803=DIRECTION('',(0.,-1.,0.));
#1804=DIRECTION('',(0.,0.,1.));
#1805=DIRECTION('',(-0.99415269348054,0.,0.107983434124815));
#1806=DIRECTION('',(0.,-1.,0.));
#1807=DIRECTION('',(0.,0.,1.));
#1808=DIRECTION('',(0.,-1.,0.));
#1809=DIRECTION('',(0.,0.,1.));
#1810=DIRECTION('',(-0.974370064785235,0.,-0.224951054343865));
#1811=DIRECTION('',(0.,-1.,0.));
#1812=DIRECTION('',(0.,0.,1.));
#1813=DIRECTION('',(0.,-1.,0.));
#1814=DIRECTION('',(0.,0.,1.));
#1815=DIRECTION('',(-0.99026806874157,0.,-0.139173100960065));
#1816=DIRECTION('',(0.,-1.,0.));
#1817=DIRECTION('',(0.,0.,1.));
#1818=DIRECTION('',(0.,-1.,0.));
#1819=DIRECTION('',(0.,0.,1.));
#1820=DIRECTION('',(0.882947592858927,0.,0.469471562785891));
#1821=DIRECTION('',(0.,-1.,0.));
#1822=DIRECTION('',(0.,0.,1.));
#1823=DIRECTION('',(0.92050485345244,0.,0.390731128489274));
#1824=DIRECTION('',(0.,-1.,0.));
#1825=DIRECTION('',(0.,0.,1.));
#1826=DIRECTION('',(0.,-1.,0.));
#1827=DIRECTION('',(0.,0.,1.));
#1828=DIRECTION('',(-0.76040596560003,0.,-0.649448048330184));
#1829=DIRECTION('',(0.,-1.,0.));
#1830=DIRECTION('',(0.,0.,1.));
#1831=DIRECTION('',(0.,-1.,0.));
#1832=DIRECTION('',(0.,0.,1.));
#1833=DIRECTION('',(-1.,0.,0.));
#1834=DIRECTION('',(0.,0.,-1.));
#1835=DIRECTION('',(-1.,0.,0.));
#1836=DIRECTION('',(0.,-1.,0.));
#1837=DIRECTION('',(0.,0.,1.));
#1838=DIRECTION('',(-0.974407019210772,0.,-0.224790927114015));
#1839=DIRECTION('',(0.,-1.,0.));
#1840=DIRECTION('',(0.,0.,1.));
#1841=DIRECTION('',(0.881810201755571,0.,0.471604461471474));
#1842=DIRECTION('',(0.,-1.,0.));
#1843=DIRECTION('',(0.,0.,1.));
#1844=DIRECTION('',(-0.882947592858927,0.,-0.469471562785891));
#1845=DIRECTION('',(0.,-1.,0.));
#1846=DIRECTION('',(0.,0.,1.));
#1847=DIRECTION('',(0.,-1.,0.));
#1848=DIRECTION('',(0.,0.,1.));
#1849=DIRECTION('',(0.76040596560003,0.,0.649448048330185));
#1850=DIRECTION('',(0.,-1.,0.));
#1851=DIRECTION('',(0.,0.,1.));
#1852=DIRECTION('',(0.,1.,0.));
#1853=DIRECTION('',(0.,0.,1.));
#1854=DIRECTION('',(0.,1.,0.));
#1855=DIRECTION('',(0.,0.,1.));
#1856=DIRECTION('',(0.,-1.,0.));
#1857=DIRECTION('',(0.,0.,1.));
#1858=DIRECTION('',(-0.99415269348054,0.,0.107983434124815));
#1859=DIRECTION('',(0.,-1.,0.));
#1860=DIRECTION('',(0.,0.,1.));
#1861=DIRECTION('',(0.,-1.,0.));
#1862=DIRECTION('',(0.,0.,1.));
#1863=DIRECTION('',(0.,-1.,0.));
#1864=DIRECTION('',(0.,0.,1.));
#1865=DIRECTION('',(0.,1.,0.));
#1866=DIRECTION('',(0.,0.,1.));
#1867=DIRECTION('',(0.99026806874157,0.,0.139173100960065));
#1868=DIRECTION('',(0.,1.,0.));
#1869=DIRECTION('',(1.,0.,0.));
#1870=DIRECTION('',(-1.,-3.46944695195362E-16,0.));
#1871=DIRECTION('',(0.,0.,-1.));
#1872=DIRECTION('',(-1.,-3.46944695195362E-16,0.));
#1873=DIRECTION('',(0.,-1.,0.));
#1874=DIRECTION('',(0.,0.,1.));
#1875=DIRECTION('',(0.,-1.,0.));
#1876=DIRECTION('',(0.,0.,1.));
#1877=DIRECTION('',(0.,-1.,0.));
#1878=DIRECTION('',(0.,0.,1.));
#1879=DIRECTION('',(0.,-1.,0.));
#1880=DIRECTION('',(0.,0.,1.));
#1881=DIRECTION('',(0.,-1.,0.));
#1882=DIRECTION('',(0.,0.,1.));
#1883=DIRECTION('',(-0.76040596560003,0.,-0.649448048330184));
#1884=DIRECTION('',(0.,-1.,0.));
#1885=DIRECTION('',(0.,0.,1.));
#1886=DIRECTION('',(0.,-1.,0.));
#1887=DIRECTION('',(0.,0.,1.));
#1888=DIRECTION('',(0.92050485345244,0.,0.390731128489274));
#1889=DIRECTION('',(0.,-1.,0.));
#1890=DIRECTION('',(0.,0.,1.));
#1891=DIRECTION('',(0.882947592858927,0.,0.469471562785891));
#1892=DIRECTION('',(0.,-1.,0.));
#1893=DIRECTION('',(0.,0.,1.));
#1894=DIRECTION('',(0.,-1.,0.));
#1895=DIRECTION('',(0.,0.,1.));
#1896=DIRECTION('',(-0.99026806874157,0.,-0.139173100960065));
#1897=DIRECTION('',(0.,-1.,0.));
#1898=DIRECTION('',(0.,0.,1.));
#1899=DIRECTION('',(0.,-1.,0.));
#1900=DIRECTION('',(0.,0.,1.));
#1901=DIRECTION('',(-0.974370064785235,0.,-0.224951054343865));
#1902=DIRECTION('',(0.,-1.,0.));
#1903=DIRECTION('',(0.,0.,1.));
#1904=DIRECTION('',(0.,-1.,0.));
#1905=DIRECTION('',(0.,0.,1.));
#1906=DIRECTION('',(-0.99415269348054,0.,0.107983434124815));
#1907=DIRECTION('',(0.,-1.,0.));
#1908=DIRECTION('',(0.,0.,1.));
#1909=DIRECTION('',(0.,-1.,0.));
#1910=DIRECTION('',(0.,0.,1.));
#1911=DIRECTION('',(0.,0.,-1.));
#1912=DIRECTION('',(0.,-1.,0.));
#1913=DIRECTION('',(0.,0.,1.));
#1914=DIRECTION('',(-0.99026806874157,0.,-0.139173100960065));
#1915=DIRECTION('',(0.,-1.,0.));
#1916=DIRECTION('',(0.,0.,1.));
#1917=DIRECTION('',(0.,-1.,0.));
#1918=DIRECTION('',(0.,0.,1.));
#1919=DIRECTION('',(0.,-1.,0.));
#1920=DIRECTION('',(0.,0.,1.));
#1921=DIRECTION('',(0.,-1.,0.));
#1922=DIRECTION('',(0.,0.,1.));
#1923=DIRECTION('',(0.99415269348054,0.,-0.107983434124815));
#1924=DIRECTION('',(0.,-1.,0.));
#1925=DIRECTION('',(0.,0.,1.));
#1926=DIRECTION('',(0.,-1.,0.));
#1927=DIRECTION('',(0.,0.,1.));
#1928=DIRECTION('',(0.,-1.,0.));
#1929=DIRECTION('',(0.,0.,1.));
#1930=DIRECTION('',(0.,-1.,0.));
#1931=DIRECTION('',(0.,0.,1.));
#1932=DIRECTION('',(-0.76040596560003,0.,-0.649448048330185));
#1933=DIRECTION('',(0.,-1.,0.));
#1934=DIRECTION('',(0.,0.,1.));
#1935=DIRECTION('',(0.,-1.,0.));
#1936=DIRECTION('',(0.,0.,1.));
#1937=DIRECTION('',(0.882947592858927,0.,0.469471562785891));
#1938=DIRECTION('',(0.,1.,0.));
#1939=DIRECTION('',(1.,0.,0.));
#1940=DIRECTION('',(0.,-1.,0.));
#1941=DIRECTION('',(0.,0.,1.));
#1942=DIRECTION('',(0.881810201755571,0.,0.471604461471474));
#1943=DIRECTION('',(0.920872379837473,0.,0.389864155895959));
#1944=DIRECTION('',(0.,-1.,0.));
#1945=DIRECTION('',(0.,0.,1.));
#1946=DIRECTION('',(0.25822786032432,0.,-0.966084039901459));
#1947=DIRECTION('',(0.966084039901459,0.,0.25822786032432));
#1948=DIRECTION('',(-0.25822786032432,0.,0.966084039901459));
#1949=DIRECTION('',(0.966084039901459,0.,0.25822786032432));
#1950=DIRECTION('',(0.,-1.,0.));
#1951=DIRECTION('',(0.966084039901459,0.,0.25822786032432));
#1952=DIRECTION('',(-0.649448048330184,0.,0.76040596560003));
#1953=DIRECTION('',(-0.76040596560003,0.,-0.649448048330184));
#1954=DIRECTION('',(0.,1.,0.));
#1955=DIRECTION('',(0.,1.,0.));
#1956=DIRECTION('',(0.,1.,0.));
#1957=DIRECTION('',(0.,0.,1.));
#1958=DIRECTION('',(0.,1.,0.));
#1959=DIRECTION('',(0.,1.,0.));
#1960=DIRECTION('',(0.390731128489274,0.,-0.92050485345244));
#1961=DIRECTION('',(0.92050485345244,0.,0.390731128489274));
#1962=DIRECTION('',(0.,1.,0.));
#1963=DIRECTION('',(0.,1.,0.));
#1964=DIRECTION('',(0.,0.,1.));
#1965=DIRECTION('',(0.,1.,0.));
#1966=DIRECTION('',(0.469471562785891,0.,-0.882947592858927));
#1967=DIRECTION('',(0.882947592858927,0.,0.469471562785891));
#1968=DIRECTION('',(0.,1.,0.));
#1969=DIRECTION('',(0.,1.,0.));
#1970=DIRECTION('',(0.,0.,1.));
#1971=DIRECTION('',(0.,1.,0.));
#1972=DIRECTION('',(0.,1.,0.));
#1973=DIRECTION('',(0.,0.,1.));
#1974=DIRECTION('',(0.,1.,0.));
#1975=DIRECTION('',(-0.139173100960065,0.,0.99026806874157));
#1976=DIRECTION('',(-0.99026806874157,0.,-0.139173100960065));
#1977=DIRECTION('',(0.,1.,0.));
#1978=DIRECTION('',(0.,1.,0.));
#1979=DIRECTION('',(0.,0.,1.));
#1980=DIRECTION('',(0.,1.,0.));
#1981=DIRECTION('',(0.,1.,0.));
#1982=DIRECTION('',(0.,0.,1.));
#1983=DIRECTION('',(0.,1.,0.));
#1984=DIRECTION('',(-0.224951054343865,0.,0.974370064785235));
#1985=DIRECTION('',(-0.974370064785235,0.,-0.224951054343865));
#1986=DIRECTION('',(0.,1.,0.));
#1987=DIRECTION('',(0.,1.,0.));
#1988=DIRECTION('',(0.,0.,1.));
#1989=DIRECTION('',(0.,1.,0.));
#1990=DIRECTION('',(0.107983434124815,0.,0.99415269348054));
#1991=DIRECTION('',(-0.99415269348054,0.,0.107983434124815));
#1992=DIRECTION('',(0.,-1.,0.));
#1993=DIRECTION('',(0.,-1.,0.));
#1994=DIRECTION('',(0.,1.,0.));
#1995=DIRECTION('',(0.,0.,1.));
#1996=DIRECTION('',(0.,1.,0.));
#1997=DIRECTION('',(0.,0.,1.));
#1998=DIRECTION('',(0.,1.,0.));
#1999=DIRECTION('',(0.,1.,0.));
#2000=DIRECTION('',(0.,0.,1.));
#2001=DIRECTION('',(0.,1.,0.));
#2002=DIRECTION('',(0.,0.,1.));
#2003=DIRECTION('',(-0.469471562785891,0.,0.882947592858927));
#2004=DIRECTION('',(-0.882947592858927,0.,-0.469471562785891));
#2005=DIRECTION('',(0.,1.,0.));
#2006=DIRECTION('',(0.,1.,0.));
#2007=DIRECTION('',(0.,1.,0.));
#2008=DIRECTION('',(0.,0.,1.));
#2009=DIRECTION('',(0.,1.,0.));
#2010=DIRECTION('',(0.,1.,0.));
#2011=DIRECTION('',(0.,0.,1.));
#2012=DIRECTION('',(0.,1.,0.));
#2013=DIRECTION('',(0.649448048330185,0.,-0.76040596560003));
#2014=DIRECTION('',(0.76040596560003,0.,0.649448048330185));
#2015=DIRECTION('',(0.,1.,0.));
#2016=DIRECTION('',(0.,1.,0.));
#2017=DIRECTION('',(0.,0.,1.));
#2018=DIRECTION('',(0.,1.,0.));
#2019=DIRECTION('',(0.,1.,0.));
#2020=DIRECTION('',(0.,0.,1.));
#2021=DIRECTION('',(0.,1.,0.));
#2022=DIRECTION('',(0.,0.,1.));
#2023=DIRECTION('',(0.,1.,0.));
#2024=DIRECTION('',(0.,1.,0.));
#2025=DIRECTION('',(0.,1.,0.));
#2026=DIRECTION('',(0.,0.,1.));
#2027=DIRECTION('',(0.,1.,0.));
#2028=DIRECTION('',(0.107983434124815,0.,0.99415269348054));
#2029=DIRECTION('',(-0.99415269348054,0.,0.107983434124815));
#2030=DIRECTION('',(0.,1.,0.));
#2031=DIRECTION('',(0.,1.,0.));
#2032=DIRECTION('',(0.,0.,1.));
#2033=DIRECTION('',(0.,1.,0.));
#2034=DIRECTION('',(0.,1.,0.));
#2035=DIRECTION('',(0.,0.,1.));
#2036=DIRECTION('',(0.,1.,0.));
#2037=DIRECTION('',(0.,1.,0.));
#2038=DIRECTION('',(0.,0.,1.));
#2039=DIRECTION('',(0.,1.,0.));
#2040=DIRECTION('',(0.,1.,0.));
#2041=DIRECTION('',(0.139173100960065,0.,-0.99026806874157));
#2042=DIRECTION('',(0.99026806874157,0.,0.139173100960065));
#2043=DIRECTION('',(0.,1.,0.));
#2044=DIRECTION('',(1.,0.,0.));
#2045=DIRECTION('',(0.,-1.,0.));
#2046=DIRECTION('',(0.,0.,1.));
#2047=DIRECTION('',(0.,-1.,0.));
#2048=DIRECTION('',(0.,0.,1.));
#2049=DIRECTION('',(0.,-1.,0.));
#2050=DIRECTION('',(0.,0.,1.));
#2051=DIRECTION('',(0.,1.,0.));
#2052=DIRECTION('',(0.,0.,1.));
#2053=DIRECTION('',(0.,-1.,0.));
#2054=DIRECTION('',(0.,0.,1.));
#2055=DIRECTION('',(0.,1.,0.));
#2056=DIRECTION('',(0.,0.,1.));
#2057=DIRECTION('',(0.,-1.,0.));
#2058=DIRECTION('',(0.,0.,1.));
#2059=DIRECTION('',(0.,1.,0.));
#2060=DIRECTION('',(0.,0.,1.));
#2061=DIRECTION('',(0.,1.,0.));
#2062=DIRECTION('',(0.,0.,1.));
#2063=DIRECTION('',(-0.930086380701589,0.,-0.367340883149997));
#2064=DIRECTION('',(0.367340883149997,0.,-0.930086380701589));
#2065=DIRECTION('',(0.344600072748974,0.,-0.938749588474691));
#2066=DIRECTION('',(0.938749588474691,0.,0.344600072748974));
#2067=DIRECTION('',(0.938749588474691,0.,0.344600072748974));
#2068=DIRECTION('',(0.938749588474691,0.,0.344600072748974));
#2069=DIRECTION('',(0.389864155895959,0.,-0.920872379837473));
#2070=DIRECTION('',(0.920872379837473,0.,0.389864155895959));
#2071=DIRECTION('',(0.920872379837473,0.,0.389864155895959));
#2072=DIRECTION('',(0.920872379837473,0.,0.389864155895959));
#2073=DIRECTION('',(0.,1.,0.));
#2074=DIRECTION('',(1.,0.,0.));
#2075=DIRECTION('',(-0.920872379837473,0.,-0.389864155895959));
#2076=DIRECTION('',(0.389864155895959,0.,-0.920872379837473));
#2077=DIRECTION('',(0.938749588474691,0.,0.344600072748974));
#2078=DIRECTION('',(-0.344600072748974,0.,0.938749588474691));
#2079=DIRECTION('',(0.,1.,0.));
#2080=DIRECTION('',(0.,0.,1.));
#2081=DIRECTION('',(0.881810201755571,0.,0.471604461471474));
#2082=DIRECTION('',(-0.471604461471474,0.,0.881810201755571));
#2083=DIRECTION('',(-0.881810201755572,0.,-0.471604461471473));
#2084=DIRECTION('',(-0.471604461471473,0.,0.881810201755572));
#2085=DIRECTION('',(0.,1.,0.));
#2086=DIRECTION('',(0.,0.,1.));
#2087=DIRECTION('',(-0.966084039901459,0.,-0.25822786032432));
#2088=DIRECTION('',(0.25822786032432,0.,-0.966084039901459));
#2089=DIRECTION('',(-0.966084039901459,0.,-0.258227860324318));
#2090=DIRECTION('',(-0.258227860324318,0.,0.966084039901459));
#2091=DIRECTION('',(0.,1.,0.));
#2092=DIRECTION('',(0.,0.,1.));
#2093=DIRECTION('',(0.,1.,0.));
#2094=DIRECTION('',(0.,0.,1.));
#2095=DIRECTION('',(0.,-1.,0.));
#2096=DIRECTION('',(0.,0.,1.));
#2097=DIRECTION('',(0.,1.,0.));
#2098=DIRECTION('',(1.,0.,0.));
#2099=DIRECTION('',(-0.224790927114015,0.,0.974407019210772));
#2100=DIRECTION('',(-0.974407019210772,0.,-0.224790927114015));
#2101=DIRECTION('',(0.,1.,0.));
#2102=DIRECTION('',(-0.974407019210772,0.,-0.224790927114015));
#2103=DIRECTION('',(0.,1.,0.));
#2104=DIRECTION('',(0.,1.,0.));
#2105=DIRECTION('',(0.,0.,1.));
#2106=DIRECTION('',(0.,-1.,0.));
#2107=DIRECTION('',(0.,0.,1.));
#2108=DIRECTION('',(0.,1.,0.));
#2109=DIRECTION('',(0.471604461471474,0.,-0.881810201755571));
#2110=DIRECTION('',(0.881810201755571,0.,0.471604461471474));
#2111=DIRECTION('',(0.881810201755571,0.,0.471604461471474));
#2112=DIRECTION('',(0.,1.,0.));
#2113=DIRECTION('',(0.,1.,0.));
#2114=DIRECTION('',(0.,0.,1.));
#2115=DIRECTION('',(0.,-1.,0.));
#2116=DIRECTION('',(0.,0.,1.));
#2117=DIRECTION('',(0.,1.,0.));
#2118=DIRECTION('',(1.,0.,0.));
#2119=DIRECTION('',(0.,1.,0.));
#2120=DIRECTION('',(0.,0.,1.));
#2121=DIRECTION('',(0.,-1.,0.));
#2122=DIRECTION('',(0.,0.,1.));
#2123=DIRECTION('',(0.,1.,0.));
#2124=DIRECTION('',(1.,0.,0.));
#2125=DIRECTION('',(0.,0.,1.));
#2126=DIRECTION('',(-1.,0.,0.));
#2127=DIRECTION('',(0.,0.,-1.));
#2128=DIRECTION('',(-1.,0.,0.));
#2129=DIRECTION('',(0.,-1.,0.));
#2130=DIRECTION('',(0.,0.,-1.));
#2131=DIRECTION('',(-1.,0.,0.));
#2132=DIRECTION('',(0.,-1.,0.));
#2133=DIRECTION('',(0.,0.,-1.));
#2134=DIRECTION('',(1.,0.,0.));
#2135=DIRECTION('',(0.,0.,-1.));
#2136=DIRECTION('',(-1.,0.,0.));
#2137=DIRECTION('',(-1.,0.,0.));
#2138=DIRECTION('',(0.,0.,-1.));
#2139=DIRECTION('',(0.,1.,0.));
#2140=DIRECTION('',(0.,-1.,0.));
#2141=DIRECTION('',(0.,0.,-1.));
#2142=DIRECTION('',(1.,0.,0.));
#2143=DIRECTION('',(0.,0.,-1.));
#2144=DIRECTION('',(-1.,0.,0.));
#2145=DIRECTION('',(0.,0.,1.));
#2146=DIRECTION('',(-1.,0.,0.));
#2147=DIRECTION('',(1.,0.,0.));
#2148=DIRECTION('',(0.,0.,-1.));
#2149=DIRECTION('',(-1.,0.,0.));
#2150=DIRECTION('',(0.,0.,-1.));
#2151=DIRECTION('',(-1.,0.,0.));
#2152=DIRECTION('',(0.,0.,-1.));
#2153=DIRECTION('',(-1.,0.,0.));
#2154=DIRECTION('',(0.,0.,-1.));
#2155=DIRECTION('',(-1.,0.,0.));
#2156=DIRECTION('',(-1.,-3.15702712026016E-16,0.));
#2157=DIRECTION('',(0.,0.,-1.));
#2158=DIRECTION('',(-1.,0.,0.));
#2159=DIRECTION('',(0.,0.,-1.));
#2160=DIRECTION('',(-1.,0.,0.));
#2161=DIRECTION('',(0.,-1.,0.));
#2162=DIRECTION('',(0.,1.,0.));
#2163=DIRECTION('',(0.,0.,1.));
#2164=DIRECTION('',(0.,1.,0.));
#2165=DIRECTION('',(0.,0.,1.));
#2166=DIRECTION('',(0.,1.,0.));
#2167=DIRECTION('',(0.,0.,1.));
#2168=DIRECTION('',(3.15702712026016E-16,-1.,0.));
#2169=DIRECTION('',(-1.,-3.15702712026016E-16,0.));
#2170=DIRECTION('',(-1.,-3.15702712026016E-16,0.));
#2171=DIRECTION('',(0.,0.,1.));
#2172=DIRECTION('',(0.,0.,1.));
#2173=DIRECTION('',(0.,0.,1.));
#2174=DIRECTION('',(-1.,0.,0.));
#2175=DIRECTION('',(0.,0.,-1.));
#2176=DIRECTION('',(-1.,0.,0.));
#2177=DIRECTION('',(0.,0.,1.));
#2178=DIRECTION('',(0.,0.,1.));
#2179=DIRECTION('',(-1.,0.,0.));
#2180=DIRECTION('',(0.,0.,-1.));
#2181=DIRECTION('',(-1.,0.,0.));
#2182=DIRECTION('',(0.,0.,-1.));
#2183=DIRECTION('',(-1.,0.,0.));
#2184=DIRECTION('',(0.,1.,0.));
#2185=DIRECTION('',(0.,0.,1.));
#2186=DIRECTION('',(0.,0.,1.));
#2187=DIRECTION('',(1.,0.,0.));
#2188=DIRECTION('',(0.,0.,1.));
#2189=DIRECTION('',(0.,0.,1.));
#2190=DIRECTION('',(-1.,0.,0.));
#2191=DIRECTION('',(0.,0.,-1.));
#2192=DIRECTION('',(-1.,0.,0.));
#2193=DIRECTION('',(0.,0.,1.));
#2194=DIRECTION('',(0.,0.,1.));
#2195=DIRECTION('',(-1.,0.,0.));
#2196=DIRECTION('',(0.,0.,-1.));
#2197=DIRECTION('',(-1.,0.,0.));
#2198=DIRECTION('',(0.,0.,-1.));
#2199=DIRECTION('',(-1.,0.,0.));
#2200=DIRECTION('',(0.,0.,1.));
#2201=DIRECTION('',(-1.,0.,0.));
#2202=DIRECTION('',(0.,0.,-1.));
#2203=DIRECTION('',(0.,0.,-1.));
#2204=DIRECTION('',(1.,0.,0.));
#2205=DIRECTION('',(0.,0.,1.));
#2206=DIRECTION('',(-1.,0.,0.));
#2207=DIRECTION('',(0.,0.,-1.));
#2208=DIRECTION('',(0.,0.,-1.));
#2209=DIRECTION('',(1.,0.,0.));
#2210=CARTESIAN_POINT('',(0.,0.,0.));
#2211=CARTESIAN_POINT('',(-6.73072708679001E-16,0.027,-3.81639164714898E-16));
#2212=CARTESIAN_POINT('',(-4.30211422042248E-16,0.067,-3.38271077815477E-17));
#2213=CARTESIAN_POINT('',(-0.0743469913458852,0.067,-0.0507200638585449));
#2214=CARTESIAN_POINT('',(-0.0893684247716229,0.067,-0.0106435263817393));
#2215=CARTESIAN_POINT('',(-0.0743469913458852,0.027,-0.0507200638585449));
#2216=CARTESIAN_POINT('',(-0.0743469913458852,0.027,-0.0507200638585449));
#2217=CARTESIAN_POINT('',(-6.73072708679001E-16,0.027,-3.81639164714898E-16));
#2218=CARTESIAN_POINT('',(-0.074720666386089,0.027,-0.0501679381160795));
#2219=CARTESIAN_POINT('',(-0.074720666386089,0.027,-0.0501679381160796));
#2220=CARTESIAN_POINT('',(-0.074720666386089,0.0419,-0.0501679381160796));
#2221=CARTESIAN_POINT('',(-6.73072708679001E-16,0.0419,-3.81639164714898E-16));
#2222=CARTESIAN_POINT('',(-0.0888357842031234,0.0419,-0.0144292565649128));
#2223=CARTESIAN_POINT('',(-0.0888357842031234,0.027,-0.0144292565649128));
#2224=CARTESIAN_POINT('',(-0.0888357842031235,0.027,-0.0144292565649128));
#2225=CARTESIAN_POINT('',(-4.30211422042248E-16,0.027,-3.38271077815477E-17));
#2226=CARTESIAN_POINT('',(-0.0893684247716229,0.027,-0.0106435263817393));
#2227=CARTESIAN_POINT('',(-0.0893684247716228,0.027,-0.0106435263817393));
#2228=CARTESIAN_POINT('',(5.06539254985228E-16,0.027,7.97972798949331E-17));
#2229=CARTESIAN_POINT('',(-0.0948238965867272,0.0459612538717208,-0.0395556732157416));
#2230=CARTESIAN_POINT('',(-0.0945037591203254,0.0439994968284193,-0.0403039842654704));
#2231=CARTESIAN_POINT('',(-0.0948236367589823,0.0420407588146021,-0.0395562499828824));
#2232=CARTESIAN_POINT('',(-0.0955633952524875,0.041229906914175,-0.0377452771370241));
#2233=CARTESIAN_POINT('',(-0.0962622998890252,0.0420396156505577,-0.0359136761139019));
#2234=CARTESIAN_POINT('',(-0.0965393196884452,0.0439996349421696,-0.035150107745621));
#2235=CARTESIAN_POINT('',(-0.0962632173541549,0.0459565298900765,-0.0359111626271948));
#2236=CARTESIAN_POINT('',(-0.0955652348612714,0.0467705521193883,-0.0377406466117297));
#2237=CARTESIAN_POINT('',(-0.0948238965867272,0.0459612538717208,-0.0395556732157416));
#2238=CARTESIAN_POINT('',(-0.0945037591203254,0.0439994968284193,-0.0403039842654704));
#2239=CARTESIAN_POINT('',(-0.0948236367589823,0.0420407588146021,-0.0395562499828824));
#2240=CARTESIAN_POINT('',(-0.0946104283045019,0.044,-0.040054643376751));
#2241=CARTESIAN_POINT('',(-0.0905971801283677,0.027,-0.0484526423715793));
#2242=CARTESIAN_POINT('',(-0.0905971801283677,0.032,-0.0484526423715793));
#2243=CARTESIAN_POINT('',(-0.0905971801283677,0.065,-0.0484526423715793));
#2244=CARTESIAN_POINT('',(5.06539254985228E-16,0.032,7.97972798949331E-17));
#2245=CARTESIAN_POINT('',(-0.0992554742594762,0.032,-0.0265303303697207));
#2246=CARTESIAN_POINT('',(-0.0992554742594762,0.027,-0.0265303303697207));
#2247=CARTESIAN_POINT('',(-0.0992554742594762,0.065,-0.0265303303697207));
#2248=CARTESIAN_POINT('',(-0.0987202103709975,0.067,-0.0284574711509297));
#2249=CARTESIAN_POINT('',(-0.0988665239964381,0.067,-0.0279499027936773));
#2250=CARTESIAN_POINT('',(-0.0991439013756759,0.0665654023454288,-0.0269525749582546));
#2251=CARTESIAN_POINT('',(-0.0992554742594759,0.0655282369883582,-0.0265303303697206));
#2252=CARTESIAN_POINT('',(-0.0992554742594759,0.065,-0.0265303303697206));
#2253=CARTESIAN_POINT('',(-0.0987202103709975,0.067,-0.0284574711509297));
#2254=CARTESIAN_POINT('',(5.06539254985228E-16,0.067,7.97972798949331E-17));
#2255=CARTESIAN_POINT('',(-0.0966182906072145,0.067,-0.0349344174152059));
#2256=CARTESIAN_POINT('',(-0.0964471327198897,0.0665,-0.0354042114742297));
#2257=CARTESIAN_POINT('',(-0.0964471327198897,0.0667641091454031,-0.0354042114742297));
#2258=CARTESIAN_POINT('',(-0.0965284862587162,0.067,-0.0351827897449309));
#2259=CARTESIAN_POINT('',(-0.0966182906072145,0.067,-0.0349344174152059));
#2260=CARTESIAN_POINT('',(-0.0964471327198897,0.0665,-0.0354042114742297));
#2261=CARTESIAN_POINT('',(-0.0964471327198897,0.0645,-0.0354042114742297));
#2262=CARTESIAN_POINT('',(-0.0964471327198897,0.0645,-0.0354042114742297));
#2263=CARTESIAN_POINT('',(5.06539254985228E-16,0.0645,7.97972798949331E-17));
#2264=CARTESIAN_POINT('',(-0.0946104283045019,0.0645,-0.040054643376751));
#2265=CARTESIAN_POINT('',(-0.0946104283045019,0.0645,-0.040054643376751));
#2266=CARTESIAN_POINT('',(-0.0946104283045019,0.0665,-0.040054643376751));
#2267=CARTESIAN_POINT('',(-0.0944143758281789,0.067,-0.040514605230403));
#2268=CARTESIAN_POINT('',(-0.0945185249068099,0.067,-0.0402718984288409));
#2269=CARTESIAN_POINT('',(-0.0946104283045019,0.0667641091398592,-0.040054643376751));
#2270=CARTESIAN_POINT('',(-0.0946104283045019,0.0665,-0.040054643376751));
#2271=CARTESIAN_POINT('',(-0.0944143758281789,0.067,-0.040514605230403));
#2272=CARTESIAN_POINT('',(5.06539254985228E-16,0.067,7.97972798949331E-17));
#2273=CARTESIAN_POINT('',(-0.0915232215652702,0.067,-0.0466798405557951));
#2274=CARTESIAN_POINT('',(-0.0905971801283677,0.065,-0.0484526423715793));
#2275=CARTESIAN_POINT('',(-0.0905971801283677,0.0655282371655177,-0.0484526423715793));
#2276=CARTESIAN_POINT('',(-0.0908033014565883,0.066563378641467,-0.0480699025152399));
#2277=CARTESIAN_POINT('',(-0.0912832175639399,0.067,-0.0471504064173913));
#2278=CARTESIAN_POINT('',(-0.0915232215652702,0.067,-0.0466798405557951));
#2279=CARTESIAN_POINT('',(-0.0496277371297381,0.067,-0.021798019911128));
#2280=CARTESIAN_POINT('',(-0.0947871000503215,0.067,-0.0306996804615209));
#2281=CARTESIAN_POINT('',(-0.0947871000503215,0.067,-0.0286996804615209));
#2282=CARTESIAN_POINT('',(7.28583859910259E-16,0.067,2.27248775352962E-16));
#2283=CARTESIAN_POINT('',(-0.0930123874090298,0.067,-0.0265955520430119));
#2284=CARTESIAN_POINT('',(-0.0909857222371772,0.067,-0.0328667909747703));
#2285=CARTESIAN_POINT('',(-0.0509582932830468,0.067,-0.0181733571784799));
#2286=CARTESIAN_POINT('',(-0.0987390185388276,0.067,-0.0284624984495237));
#2287=CARTESIAN_POINT('',(-0.0956076925684675,0.067,-0.027625515773165));
#2288=CARTESIAN_POINT('',(-0.0987064268923594,0.067,-0.0160325072943476));
#2289=CARTESIAN_POINT('',(7.28583859910259E-16,0.0389,2.27248775352962E-16));
#2290=CARTESIAN_POINT('',(7.28583859910259E-16,0.067,2.27248775352962E-16));
#2291=CARTESIAN_POINT('',(-0.0888890720590008,0.067,-0.0381753908754024));
#2292=CARTESIAN_POINT('',(-0.0860835362329424,0.067,-0.0441390121052987));
#2293=CARTESIAN_POINT('',(-0.0890851940254771,0.0665,-0.0377154584413752));
#2294=CARTESIAN_POINT('',(-0.0890851940254771,0.0667641092258524,-0.0377154584413752));
#2295=CARTESIAN_POINT('',(-0.0889932944332215,0.067,-0.0379327154261188));
#2296=CARTESIAN_POINT('',(-0.0888890720590008,0.067,-0.0381753908754024));
#2297=CARTESIAN_POINT('',(-0.0890851940254771,0.0665,-0.0377154584413752));
#2298=CARTESIAN_POINT('',(-0.0890851940254771,0.0645,-0.0377154584413752));
#2299=CARTESIAN_POINT('',(-0.0890851940254771,0.0645,-0.0377154584413752));
#2300=CARTESIAN_POINT('',(7.28583859910259E-16,0.0645,2.27248775352962E-16));
#2301=CARTESIAN_POINT('',(-0.0908146351890416,0.0645,-0.0333366110377358));
#2302=CARTESIAN_POINT('',(-0.0908146351890416,0.0645,-0.0333366110377358));
#2303=CARTESIAN_POINT('',(-0.0908146351890416,0.0665,-0.0333366110377358));
#2304=CARTESIAN_POINT('',(-0.0909857222371772,0.067,-0.0328667909747703));
#2305=CARTESIAN_POINT('',(-0.0908959928448207,0.067,-0.0331151904481393));
#2306=CARTESIAN_POINT('',(-0.0908146351890416,0.0667641092195996,-0.0333366110377358));
#2307=CARTESIAN_POINT('',(-0.0908146351890416,0.0665,-0.0333366110377358));
#2308=CARTESIAN_POINT('',(-0.0935584836464016,0.065,-0.024605644429399));
#2309=CARTESIAN_POINT('',(-0.0935584836464016,0.0655364321501962,-0.024605644429399));
#2310=CARTESIAN_POINT('',(-0.0934400820409036,0.0665774743487047,-0.0250611521940578));
#2311=CARTESIAN_POINT('',(-0.0931597391327099,0.067,-0.0260802201714959));
#2312=CARTESIAN_POINT('',(-0.0930123874090298,0.067,-0.0265955520430119));
#2313=CARTESIAN_POINT('',(-0.0935584836464015,0.065,-0.0246056444293991));
#2314=CARTESIAN_POINT('',(-0.0935584836464015,0.0389,-0.0246056444293991));
#2315=CARTESIAN_POINT('',(-0.0935584836464015,0.0419,-0.0246056444293991));
#2316=CARTESIAN_POINT('',(7.28583859910259E-16,0.0419,2.27248775352962E-16));
#2317=CARTESIAN_POINT('',(-0.0904659963049534,0.0419,-0.0342714328931861));
#2318=CARTESIAN_POINT('',(-0.0904659963049534,0.0419,-0.0342714328931861));
#2319=CARTESIAN_POINT('',(-0.0906267247310491,0.0421930309084995,-0.0338471594977143));
#2320=CARTESIAN_POINT('',(-0.0908678504779863,0.0430662038549017,-0.0331923308544088));
#2321=CARTESIAN_POINT('',(-0.0908887312545644,0.0447565153850711,-0.0331343728142852));
#2322=CARTESIAN_POINT('',(-0.0905565007366702,0.0461435290443862,-0.0340405012016092));
#2323=CARTESIAN_POINT('',(-0.0899817924533315,0.0466778174833353,-0.0355371067897367));
#2324=CARTESIAN_POINT('',(-0.0893785096332362,0.0461451990278825,-0.037023219529291));
#2325=CARTESIAN_POINT('',(-0.0890013763116158,0.0447587128509665,-0.0379131038175225));
#2326=CARTESIAN_POINT('',(-0.0890249906943917,0.0430682644070039,-0.0378582663309047));
#2327=CARTESIAN_POINT('',(-0.0892968633660079,0.0421930307764201,-0.0372142934146009));
#2328=CARTESIAN_POINT('',(-0.089469425470627,0.0419,-0.0367946939918777));
#2329=CARTESIAN_POINT('',(-0.089469425470627,0.0419,-0.0367946939918777));
#2330=CARTESIAN_POINT('',(7.28583859910259E-16,0.0419,2.27248775352962E-16));
#2331=CARTESIAN_POINT('',(-0.0851225140499356,0.0419,-0.0459650432591825));
#2332=CARTESIAN_POINT('',(-0.0851225140499356,0.067,-0.0459650432591825));
#2333=CARTESIAN_POINT('',(-0.0851225140499356,0.065,-0.0459650432591825));
#2334=CARTESIAN_POINT('',(-0.0860835362329424,0.067,-0.0441390121052986));
#2335=CARTESIAN_POINT('',(-0.0858388458195879,0.067,-0.0446162274995536));
#2336=CARTESIAN_POINT('',(-0.0853482564211505,0.0665790684890147,-0.045549801120613));
#2337=CARTESIAN_POINT('',(-0.0851225140499355,0.065536752475082,-0.0459650432591826));
#2338=CARTESIAN_POINT('',(-0.0851225140499355,0.065,-0.0459650432591826));
#2339=CARTESIAN_POINT('',(7.28583859910259E-16,0.0419,2.27248775352962E-16));
#2340=CARTESIAN_POINT('',(-0.0894694254706263,0.0419,-0.0367946939918774));
#2341=CARTESIAN_POINT('',(-0.0896214197917555,0.0416418957422301,-0.036425106882681));
#2342=CARTESIAN_POINT('',(-0.0899319424272228,0.0413594448019941,-0.0355142357495636));
#2343=CARTESIAN_POINT('',(-0.0903229552559358,0.0416392157096019,-0.0346490170768457));
#2344=CARTESIAN_POINT('',(-0.0904659963049528,0.0419,-0.0342714328931858));
#2345=CARTESIAN_POINT('',(-0.0935584836464015,0.0419,-0.0246056444293991));
#2346=CARTESIAN_POINT('',(-0.0935584836464015,0.0410533584445461,-0.0246056444293991));
#2347=CARTESIAN_POINT('',(-0.0930389710192199,0.0398236920086929,-0.0243194839459333));
#2348=CARTESIAN_POINT('',(-0.0918646943329704,0.0390145916838732,-0.0233605616981241));
#2349=CARTESIAN_POINT('',(-0.0912876465670971,0.0389000000000001,-0.0227511262553438));
#2350=CARTESIAN_POINT('',(-0.0910177712198948,0.0389,-0.0224266119189434));
#2351=CARTESIAN_POINT('',(-0.0910177712198948,0.0389,-0.0224266119189434));
#2352=CARTESIAN_POINT('',(7.28583859910259E-16,0.0389,2.27248775352962E-16));
#2353=CARTESIAN_POINT('',(-0.081778514601927,0.0389,-0.0458198881437135));
#2354=CARTESIAN_POINT('',(-0.081778514601927,0.0389,-0.0458198881437134));
#2355=CARTESIAN_POINT('',(-0.0821975599515229,0.0389000000000001,-0.0457673315801544));
#2356=CARTESIAN_POINT('',(-0.0830338964756832,0.0390150927798196,-0.0457169121007376));
#2357=CARTESIAN_POINT('',(-0.0845408425896556,0.0398172604553505,-0.0458180423098379));
#2358=CARTESIAN_POINT('',(-0.0851225140499355,0.041051934548899,-0.0459650432591826));
#2359=CARTESIAN_POINT('',(-0.0851225140499355,0.0419,-0.0459650432591826));
#2360=CARTESIAN_POINT('',(-0.0879517495231009,0.027,-0.0470378289871648));
#2361=CARTESIAN_POINT('',(-0.0877390072659248,0.027,-0.0469240514447549));
#2362=CARTESIAN_POINT('',(-0.0877390072659248,0.0273195277417544,-0.0469240514447549));
#2363=CARTESIAN_POINT('',(-0.0877390072659248,0.065,-0.0469240514447549));
#2364=CARTESIAN_POINT('',(-0.0861881291195895,0.032,-0.046094620064222));
#2365=CARTESIAN_POINT('',(-0.0879517495231009,0.065,-0.0470378289871648));
#2366=CARTESIAN_POINT('',(-0.0496277371297381,0.067,-0.021798019911128));
#2367=CARTESIAN_POINT('',(-0.0898904864139029,0.067,0.035));
#2368=CARTESIAN_POINT('',(-0.0898904864139029,0.067,0.031));
#2369=CARTESIAN_POINT('',(-0.0898904864139029,0.067,0.0131368847924119));
#2370=CARTESIAN_POINT('',(-0.0858904864139029,0.067,0.0131368847924119));
#2371=CARTESIAN_POINT('',(-0.0854487460086213,0.067,0.00916135144274144));
#2372=CARTESIAN_POINT('',(-0.0848965705020194,0.067,0.00419193475565342));
#2373=CARTESIAN_POINT('',(-0.0843566533313953,0.067,0.00916269822305612));
#2374=CARTESIAN_POINT('',(-0.0808942046685115,0.067,0.00878661203473621));
#2375=CARTESIAN_POINT('',(-0.0771254125518991,0.067,0.00837725126156409));
#2376=CARTESIAN_POINT('',(-0.0776653297225231,0.067,0.00340648779416139));
#2377=CARTESIAN_POINT('',(-0.0726701322873209,0.067,0.00318739287557627));
#2378=CARTESIAN_POINT('',(3.46944695195361E-17,0.067,3.46944695195361E-18));
#2379=CARTESIAN_POINT('',(-0.070920400817956,0.067,-0.0161680038291827));
#2380=CARTESIAN_POINT('',(-0.072768655206101,0.067,-0.0165947069765137));
#2381=CARTESIAN_POINT('',(-0.074616909594246,0.067,-0.0170214101238446));
#2382=CARTESIAN_POINT('',(-0.0747968704377211,0.067,-0.0162419140720164));
#2383=CARTESIAN_POINT('',(-0.0755786511582601,0.067,-0.0164116753897273));
#2384=CARTESIAN_POINT('',(-2.57432963834958E-15,0.067,-5.1087606367517E-16));
#2385=CARTESIAN_POINT('',(-0.0766149109745021,0.067,-0.0105655580245022));
#2386=CARTESIAN_POINT('',(-0.078187170672313,0.067,-0.0107865247148015));
#2387=CARTESIAN_POINT('',(-0.0797594303701238,0.067,-0.0110074914051007));
#2388=CARTESIAN_POINT('',(-0.0794532495480117,0.067,-0.0131860811563322));
#2389=CARTESIAN_POINT('',(-0.0816235642860999,0.067,-0.0135462671327902));
#2390=CARTESIAN_POINT('',(-5.99520433297585E-15,0.067,-1.14925430283463E-15));
#2391=CARTESIAN_POINT('',(-0.072960976093256,0.067,-0.0390205531421497));
#2392=CARTESIAN_POINT('',(-0.0705770101415973,0.067,-0.0377529759608929));
#2393=CARTESIAN_POINT('',(-0.0681930441899387,0.067,-0.0364853987796362));
#2394=CARTESIAN_POINT('',(4.48252546192407E-15,0.067,2.08860706507607E-15));
#2395=CARTESIAN_POINT('',(-0.0711134610988367,0.067,-0.0304031454054387));
#2396=CARTESIAN_POINT('',(-0.0689962924091239,0.067,-0.0295044606149881));
#2397=CARTESIAN_POINT('',(-0.0668791237194112,0.067,-0.0286057758245375));
#2398=CARTESIAN_POINT('',(8.15320033709099E-16,0.067,4.57966997657877E-16));
#2399=CARTESIAN_POINT('',(-0.0605017676779169,0.067,-0.0403812296475401));
#2400=CARTESIAN_POINT('',(-0.0646605364212436,0.067,-0.0431569534341458));
#2401=CARTESIAN_POINT('',(-0.0614132961795927,0.067,-0.046958983262146));
#2402=CARTESIAN_POINT('',(-0.0645043811165852,0.067,-0.0495990192039583));
#2403=CARTESIAN_POINT('',(-0.0669693626961295,0.067,-0.0517043123610704));
#2404=CARTESIAN_POINT('',(-0.0702166029377804,0.067,-0.0479022825330702));
#2405=CARTESIAN_POINT('',(-0.101354783834488,0.067,-0.0120710678118654));
#2406=CARTESIAN_POINT('',(-0.101354783834488,0.067,0.));
#2407=CARTESIAN_POINT('',(-0.0998904864139029,0.067,0.));
#2408=CARTESIAN_POINT('',(-0.109890486413903,0.067,0.));
#2409=CARTESIAN_POINT('',(-0.109890486413903,0.067,0.035));
#2410=CARTESIAN_POINT('',(-0.109890486413903,0.067,0.035));
#2411=CARTESIAN_POINT('',(-0.0998904864139029,0.067,0.035));
#2412=CARTESIAN_POINT('',(-0.0938904864139029,0.067,0.035));
#2413=CARTESIAN_POINT('',(-0.0938904864139029,0.067,0.031));
#2414=CARTESIAN_POINT('',(-0.0848113615832748,0.067,-0.0163342067271538));
#2415=CARTESIAN_POINT('',(-0.0832220212961698,0.067,-0.0159675537068098));
#2416=CARTESIAN_POINT('',(-0.0864007018703799,0.067,-0.0167008597474977));
#2417=CARTESIAN_POINT('',(-1.11022302462516E-16,0.067,-3.19189119579733E-16));
#2418=CARTESIAN_POINT('',(-0.0785224629478577,0.067,-0.0397268525383295));
#2419=CARTESIAN_POINT('',(-0.0770847266662488,0.067,-0.0389579310136337));
#2420=CARTESIAN_POINT('',(-0.0756469903846399,0.067,-0.0381890094889379));
#2421=CARTESIAN_POINT('',(4.16333634234434E-16,0.067,1.07552855510562E-16));
#2422=CARTESIAN_POINT('',(-0.0697775831058635,0.067,-0.0418581932688243));
#2423=CARTESIAN_POINT('',(-0.0656840613106319,0.067,-0.0396816291215879));
#2424=CARTESIAN_POINT('',(-0.0738711049010951,0.067,-0.0440347574160608));
#2425=CARTESIAN_POINT('',(-5.97438765126412E-15,0.067,-8.6389229103645E-16));
#2426=CARTESIAN_POINT('',(-0.0710426806194013,0.067,-0.0484658387981651));
#2427=CARTESIAN_POINT('',(-0.0702166029377805,0.067,-0.0479022825330702));
#2428=CARTESIAN_POINT('',(-0.0695671548894503,0.067,-0.0486626884986702));
#2429=CARTESIAN_POINT('',(-0.0667891216311819,0.067,-0.046290023949208));
#2430=CARTESIAN_POINT('',(-0.0640110883729135,0.067,-0.0439173593997458));
#2431=CARTESIAN_POINT('',(-0.0646605364212436,0.067,-0.0431569534341458));
#2432=CARTESIAN_POINT('',(-0.0638287826725896,0.067,-0.0426018086768322));
#2433=CARTESIAN_POINT('',(-9.0275009689833E-15,0.067,-2.91086599268909E-15));
#2434=CARTESIAN_POINT('',(-8.20177259441834E-15,0.067,-1.08680425769947E-15));
#2435=CARTESIAN_POINT('',(-0.0764637982444747,0.067,-0.00650501022521542));
#2436=CARTESIAN_POINT('',(-0.0766662902354948,0.067,0.00336266881044487));
#2437=CARTESIAN_POINT('',(-0.0776653297225231,0.067,0.0034064877941614));
#2438=CARTESIAN_POINT('',(-0.0775573462883983,0.067,0.00440064048764182));
#2439=CARTESIAN_POINT('',(-0.0811729666781465,0.067,0.00479336396838784));
#2440=CARTESIAN_POINT('',(-0.0847885870678946,0.067,0.00518608744913386));
#2441=CARTESIAN_POINT('',(-0.0848965705020194,0.067,0.00419193475565344));
#2442=CARTESIAN_POINT('',(-0.0858953536843958,0.067,0.0042412516351317));
#2443=CARTESIAN_POINT('',(-4.28129753871076E-15,0.067,-9.32413868337534E-16));
#2444=CARTESIAN_POINT('',(-0.0858652745372095,0.067,-0.00481192566958504));
#2445=CARTESIAN_POINT('',(-0.0828699742626557,0.067,-0.00464406779739023));
#2446=CARTESIAN_POINT('',(-0.0817558248991848,0.067,-0.00742950693617563));
#2447=CARTESIAN_POINT('',(-0.0794532495480117,0.067,-0.0131860811563322));
#2448=CARTESIAN_POINT('',(-0.0803161227739641,0.067,-0.00704641913013437));
#2449=CARTESIAN_POINT('',(-0.0783899605092194,0.067,-0.00677571467767489));
#2450=CARTESIAN_POINT('',(-0.0496277371297381,0.027,-0.021798019911128));
#2451=CARTESIAN_POINT('',(-0.0998904864139029,0.027,0.035));
#2452=CARTESIAN_POINT('',(-0.0938904864139029,0.027,0.035));
#2453=CARTESIAN_POINT('',(-0.109890486413903,0.027,0.035));
#2454=CARTESIAN_POINT('',(-0.109890486413903,0.027,0.035));
#2455=CARTESIAN_POINT('',(-0.109890486413903,0.027,0.));
#2456=CARTESIAN_POINT('',(-0.0998904864139029,0.027,0.));
#2457=CARTESIAN_POINT('',(-0.101354783834488,0.027,0.));
#2458=CARTESIAN_POINT('',(-0.101354783834488,0.027,-0.0120710678118654));
#2459=CARTESIAN_POINT('',(-0.0987064268923594,0.027,-0.0160325072943476));
#2460=CARTESIAN_POINT('',(-0.0944651906439009,0.027,-0.0250885503090843));
#2461=CARTESIAN_POINT('',(5.06539254985228E-16,0.027,7.97972798949331E-17));
#2462=CARTESIAN_POINT('',(-0.086114498228881,0.027,-0.0462320321291207));
#2463=CARTESIAN_POINT('',(-0.08302296265121,0.027,-0.0557421534623106));
#2464=CARTESIAN_POINT('',(-0.0702166029377804,0.027,-0.0479022825330702));
#2465=CARTESIAN_POINT('',(-0.0669693626961295,0.027,-0.0517043123610704));
#2466=CARTESIAN_POINT('',(-0.0645043811165852,0.027,-0.0495990192039583));
#2467=CARTESIAN_POINT('',(-0.0614132961795927,0.027,-0.046958983262146));
#2468=CARTESIAN_POINT('',(-0.0646605364212436,0.027,-0.0431569534341458));
#2469=CARTESIAN_POINT('',(-0.0605017676779169,0.027,-0.0403812296475401));
#2470=CARTESIAN_POINT('',(8.15320033709099E-16,0.027,4.57966997657877E-16));
#2471=CARTESIAN_POINT('',(-0.0668791237194112,0.027,-0.0286057758245375));
#2472=CARTESIAN_POINT('',(-0.0689962924091239,0.027,-0.0295044606149881));
#2473=CARTESIAN_POINT('',(-0.0711134610988367,0.027,-0.0304031454054387));
#2474=CARTESIAN_POINT('',(4.48252546192407E-15,0.027,2.08860706507607E-15));
#2475=CARTESIAN_POINT('',(-0.0681930441899387,0.027,-0.0364853987796362));
#2476=CARTESIAN_POINT('',(-0.0705770101415973,0.027,-0.0377529759608929));
#2477=CARTESIAN_POINT('',(-0.072960976093256,0.027,-0.0390205531421497));
#2478=CARTESIAN_POINT('',(-5.99520433297585E-15,0.027,-1.14925430283463E-15));
#2479=CARTESIAN_POINT('',(-0.0816235642860999,0.027,-0.0135462671327902));
#2480=CARTESIAN_POINT('',(-0.0794532495480117,0.027,-0.0131860811563322));
#2481=CARTESIAN_POINT('',(-0.0797594303701238,0.027,-0.0110074914051007));
#2482=CARTESIAN_POINT('',(-0.078187170672313,0.027,-0.0107865247148015));
#2483=CARTESIAN_POINT('',(-0.0766149109745021,0.027,-0.0105655580245022));
#2484=CARTESIAN_POINT('',(-2.57432963834958E-15,0.027,-5.1087606367517E-16));
#2485=CARTESIAN_POINT('',(-0.0755786511582601,0.027,-0.0164116753897273));
#2486=CARTESIAN_POINT('',(-0.0747968704377211,0.027,-0.0162419140720164));
#2487=CARTESIAN_POINT('',(-0.074616909594246,0.027,-0.0170214101238446));
#2488=CARTESIAN_POINT('',(-0.072768655206101,0.027,-0.0165947069765137));
#2489=CARTESIAN_POINT('',(-0.070920400817956,0.027,-0.0161680038291827));
#2490=CARTESIAN_POINT('',(3.46944695195361E-17,0.027,3.46944695195361E-18));
#2491=CARTESIAN_POINT('',(-0.0726701322873209,0.027,0.00318739287557627));
#2492=CARTESIAN_POINT('',(-0.0776653297225231,0.027,0.00340648779416139));
#2493=CARTESIAN_POINT('',(-0.0771254125518991,0.027,0.00837725126156409));
#2494=CARTESIAN_POINT('',(-0.0808942046685115,0.027,0.00878661203473621));
#2495=CARTESIAN_POINT('',(-0.0843566533313953,0.027,0.00916269822305612));
#2496=CARTESIAN_POINT('',(-0.0848965705020194,0.027,0.00419193475565342));
#2497=CARTESIAN_POINT('',(-0.0854487460086213,0.027,0.00916135144274144));
#2498=CARTESIAN_POINT('',(-0.0858904864139029,0.027,0.0131368847924119));
#2499=CARTESIAN_POINT('',(-0.0898904864139029,0.027,0.0131368847924119));
#2500=CARTESIAN_POINT('',(-0.0898904864139029,0.027,0.035));
#2501=CARTESIAN_POINT('',(-0.0898904864139029,0.027,0.031));
#2502=CARTESIAN_POINT('',(-0.0938904864139029,0.027,0.031));
#2503=CARTESIAN_POINT('',(-0.0783899605092194,0.027,-0.00677571467767489));
#2504=CARTESIAN_POINT('',(-0.0764637982444747,0.027,-0.00650501022521543));
#2505=CARTESIAN_POINT('',(-0.0803161227739641,0.027,-0.00704641913013437));
#2506=CARTESIAN_POINT('',(-0.0794532495480117,0.027,-0.0131860811563322));
#2507=CARTESIAN_POINT('',(-0.0817558248991848,0.027,-0.00742950693617563));
#2508=CARTESIAN_POINT('',(-0.0828699742626557,0.027,-0.00464406779739023));
#2509=CARTESIAN_POINT('',(-0.0858652745372095,0.027,-0.00481192566958504));
#2510=CARTESIAN_POINT('',(-4.28129753871076E-15,0.027,-9.32413868337534E-16));
#2511=CARTESIAN_POINT('',(-0.0858953536843958,0.027,0.0042412516351317));
#2512=CARTESIAN_POINT('',(-0.0848965705020194,0.027,0.00419193475565344));
#2513=CARTESIAN_POINT('',(-0.0847885870678946,0.027,0.00518608744913386));
#2514=CARTESIAN_POINT('',(-0.0811729666781465,0.027,0.00479336396838784));
#2515=CARTESIAN_POINT('',(-0.0775573462883983,0.027,0.00440064048764182));
#2516=CARTESIAN_POINT('',(-0.0776653297225231,0.027,0.0034064877941614));
#2517=CARTESIAN_POINT('',(-0.0766662902354948,0.027,0.00336266881044487));
#2518=CARTESIAN_POINT('',(-8.20177259441834E-15,0.027,-1.08680425769947E-15));
#2519=CARTESIAN_POINT('',(-9.0275009689833E-15,0.027,-2.91086599268909E-15));
#2520=CARTESIAN_POINT('',(-0.065684061310632,0.027,-0.0396816291215879));
#2521=CARTESIAN_POINT('',(-0.0638287826725896,0.027,-0.0426018086768322));
#2522=CARTESIAN_POINT('',(-0.0646605364212436,0.027,-0.0431569534341458));
#2523=CARTESIAN_POINT('',(-0.0640110883729135,0.027,-0.0439173593997458));
#2524=CARTESIAN_POINT('',(-0.0667891216311819,0.027,-0.046290023949208));
#2525=CARTESIAN_POINT('',(-0.0695671548894503,0.027,-0.0486626884986702));
#2526=CARTESIAN_POINT('',(-0.0702166029377805,0.027,-0.0479022825330702));
#2527=CARTESIAN_POINT('',(-0.0710426806194013,0.027,-0.0484658387981651));
#2528=CARTESIAN_POINT('',(-5.97438765126412E-15,0.027,-8.6389229103645E-16));
#2529=CARTESIAN_POINT('',(-0.0738711049010951,0.027,-0.0440347574160608));
#2530=CARTESIAN_POINT('',(-0.0697775831058635,0.027,-0.0418581932688243));
#2531=CARTESIAN_POINT('',(-0.0496277371297381,0.067,-0.021798019911128));
#2532=CARTESIAN_POINT('',(-0.090183714615355,0.067,-0.042355192533738));
#2533=CARTESIAN_POINT('',(-0.090183714615355,0.067,-0.040355192533738));
#2534=CARTESIAN_POINT('',(-0.0485982501006507,0.067,-0.0237229638821664));
#2535=CARTESIAN_POINT('',(-0.0886822161888677,0.067,-0.0451604310412438));
#2536=CARTESIAN_POINT('',(-0.094415496226554,0.067,-0.0405150795666697));
#2537=CARTESIAN_POINT('',(-0.08302296265121,0.067,-0.0557421534623106));
#2538=CARTESIAN_POINT('',(-0.0963572221397717,0.027,-0.0257556467887477));
#2539=CARTESIAN_POINT('',(-0.0944250540599686,0.032,-0.0252391910680991));
#2540=CARTESIAN_POINT('',(-0.0961241482891162,0.0273195277417543,-0.0256933476933622));
#2541=CARTESIAN_POINT('',(-0.0961241482891162,0.027,-0.0256933476933622));
#2542=CARTESIAN_POINT('',(-0.0961241482891162,0.065,-0.0256933476933622));
#2543=CARTESIAN_POINT('',(-0.0961241482891162,0.065,-0.0256933476933622));
#2544=CARTESIAN_POINT('',(-0.0645043811165852,0.027,-0.0495990192039583));
#2545=CARTESIAN_POINT('',(-0.0614132961795927,0.027,-0.046958983262146));
#2546=CARTESIAN_POINT('',(-0.0669693626961295,0.027,-0.0517043123610704));
#2547=CARTESIAN_POINT('',(8.15320033709099E-16,0.027,4.57966997657877E-16));
#2548=CARTESIAN_POINT('',(-0.0668791237194112,0.027,-0.0286057758245375));
#2549=CARTESIAN_POINT('',(-0.0605017676779169,0.027,-0.0403812296475401));
#2550=CARTESIAN_POINT('',(-0.0689962924091239,0.027,-0.0295044606149881));
#2551=CARTESIAN_POINT('',(-0.0711134610988367,0.027,-0.0304031454054387));
#2552=CARTESIAN_POINT('',(4.48252546192407E-15,0.027,2.08860706507607E-15));
#2553=CARTESIAN_POINT('',(-0.0681930441899387,0.027,-0.0364853987796362));
#2554=CARTESIAN_POINT('',(-0.0705770101415973,0.027,-0.0377529759608929));
#2555=CARTESIAN_POINT('',(-0.072960976093256,0.027,-0.0390205531421497));
#2556=CARTESIAN_POINT('',(-5.99520433297585E-15,0.027,-1.14925430283463E-15));
#2557=CARTESIAN_POINT('',(-0.0816235642860999,0.027,-0.0135462671327902));
#2558=CARTESIAN_POINT('',(-0.0794532495480117,0.027,-0.0131860811563322));
#2559=CARTESIAN_POINT('',(-0.0797594303701238,0.027,-0.0110074914051007));
#2560=CARTESIAN_POINT('',(-0.078187170672313,0.027,-0.0107865247148015));
#2561=CARTESIAN_POINT('',(-0.0766149109745021,0.027,-0.0105655580245022));
#2562=CARTESIAN_POINT('',(-2.57432963834958E-15,0.027,-5.1087606367517E-16));
#2563=CARTESIAN_POINT('',(-0.0755786511582601,0.027,-0.0164116753897273));
#2564=CARTESIAN_POINT('',(-0.0747968704377211,0.027,-0.0162419140720164));
#2565=CARTESIAN_POINT('',(-0.074616909594246,0.027,-0.0170214101238446));
#2566=CARTESIAN_POINT('',(-0.072768655206101,0.027,-0.0165947069765137));
#2567=CARTESIAN_POINT('',(-0.070920400817956,0.027,-0.0161680038291827));
#2568=CARTESIAN_POINT('',(3.46944695195361E-17,0.027,3.46944695195361E-18));
#2569=CARTESIAN_POINT('',(-0.0726701322873209,0.027,0.00318739287557627));
#2570=CARTESIAN_POINT('',(-0.0808942046685115,0.027,0.00878661203473621));
#2571=CARTESIAN_POINT('',(-0.0843566533313953,0.067,0.00916269822305612));
#2572=CARTESIAN_POINT('',(-0.0771254125518991,0.027,0.00837725126156409));
#2573=CARTESIAN_POINT('',(-0.0776653297225231,0.027,0.00340648779416139));
#2574=CARTESIAN_POINT('',(-0.0848965705020194,0.027,0.00419193475565342));
#2575=CARTESIAN_POINT('',(-0.0854487460086213,0.027,0.00916135144274144));
#2576=CARTESIAN_POINT('',(-0.0702166029377804,0.027,-0.0479022825330702));
#2577=CARTESIAN_POINT('',(-0.0646605364212436,0.027,-0.0431569534341458));
#2578=CARTESIAN_POINT('',(-0.0697775831058635,0.026998,-0.0418581932688243));
#2579=CARTESIAN_POINT('',(-0.0738711049010951,0.026998,-0.0440347574160608));
#2580=CARTESIAN_POINT('',(-0.0656840613106319,0.026998,-0.0396816291215879));
#2581=CARTESIAN_POINT('',(-5.97438765126412E-15,0.026998,-8.6389229103645E-16));
#2582=CARTESIAN_POINT('',(-0.0710426806194013,0.026998,-0.0484658387981651));
#2583=CARTESIAN_POINT('',(-0.0702166029377805,0.026998,-0.0479022825330702));
#2584=CARTESIAN_POINT('',(-0.0695671548894503,0.026998,-0.0486626884986702));
#2585=CARTESIAN_POINT('',(-0.0667891216311819,0.026998,-0.046290023949208));
#2586=CARTESIAN_POINT('',(-0.0640110883729135,0.026998,-0.0439173593997458));
#2587=CARTESIAN_POINT('',(-0.0646605364212436,0.026998,-0.0431569534341458));
#2588=CARTESIAN_POINT('',(-0.0638287826725896,0.026998,-0.0426018086768322));
#2589=CARTESIAN_POINT('',(-9.0275009689833E-15,0.026998,-2.91086599268909E-15));
#2590=CARTESIAN_POINT('',(-8.20177259441834E-15,0.026998,-1.08680425769947E-15));
#2591=CARTESIAN_POINT('',(-0.0766662902354948,0.026998,0.00336266881044487));
#2592=CARTESIAN_POINT('',(-0.0764637982444747,0.026998,-0.00650501022521542));
#2593=CARTESIAN_POINT('',(-0.0776653297225231,0.026998,0.0034064877941614));
#2594=CARTESIAN_POINT('',(-0.0775573462883983,0.026998,0.00440064048764182));
#2595=CARTESIAN_POINT('',(-0.0811729666781465,0.026998,0.00479336396838784));
#2596=CARTESIAN_POINT('',(-0.0847885870678946,0.026998,0.00518608744913386));
#2597=CARTESIAN_POINT('',(-0.0848965705020194,0.026998,0.00419193475565344));
#2598=CARTESIAN_POINT('',(-0.0858953536843958,0.026998,0.0042412516351317));
#2599=CARTESIAN_POINT('',(-4.28129753871076E-15,0.026998,-9.32413868337534E-16));
#2600=CARTESIAN_POINT('',(-0.0858652745372095,0.026998,-0.00481192566958504));
#2601=CARTESIAN_POINT('',(-0.0794532495480117,0.026998,-0.0131860811563322));
#2602=CARTESIAN_POINT('',(-0.0803161227739641,0.026998,-0.00704641913013437));
#2603=CARTESIAN_POINT('',(-0.0817558248991848,0.026998,-0.00742950693617563));
#2604=CARTESIAN_POINT('',(-0.0783899605092194,0.026998,-0.00677571467767489));
#2605=CARTESIAN_POINT('',(-0.0496277371297381,0.0389,-0.021798019911128));
#2606=CARTESIAN_POINT('',(-0.08302296265121,0.0389,-0.0557421534623106));
#2607=CARTESIAN_POINT('',(-0.0808359452711146,0.0389,-0.0459842359088999));
#2608=CARTESIAN_POINT('',(-0.0987064268923594,0.0389,-0.0160325072943476));
#2609=CARTESIAN_POINT('',(-0.0904418829314025,0.0389,-0.0216625439831633));
#2610=CARTESIAN_POINT('',(-6.73072708679001E-16,0.0389,-3.81639164714898E-16));
#2611=CARTESIAN_POINT('',(-0.0987064268923594,0.027,-0.0160325072943476));
#2612=CARTESIAN_POINT('',(-0.0944651906439009,0.027,-0.0250885503090843));
#2613=CARTESIAN_POINT('',(-0.0950178306335506,0.0270000000000001,-0.025347369392942));
#2614=CARTESIAN_POINT('',(-0.0955722737331731,0.0271048740580125,-0.0255458352825752));
#2615=CARTESIAN_POINT('',(-0.0961241482891162,0.0273195277417543,-0.0256933476933622));
#2616=CARTESIAN_POINT('',(-0.0904418829314025,0.0389,-0.0216625439831633));
#2617=CARTESIAN_POINT('',(-0.0900496149532721,0.0389000000000001,-0.0210867189701265));
#2618=CARTESIAN_POINT('',(-0.0894049759481618,0.0391556992442023,-0.01987920707017));
#2619=CARTESIAN_POINT('',(-0.0886657385886279,0.0401711888831673,-0.0174227983690885));
#2620=CARTESIAN_POINT('',(-0.0886451999349852,0.0412136833094238,-0.0156026159019428));
#2621=CARTESIAN_POINT('',(-0.0888357842031234,0.0419,-0.0144292565649128));
#2622=CARTESIAN_POINT('',(-0.0987064268923594,0.065,-0.0160325072943476));
#2623=CARTESIAN_POINT('',(-0.08302296265121,0.027,-0.0557421534623106));
#2624=CARTESIAN_POINT('',(-0.0808359452711146,0.0389,-0.0459842359089));
#2625=CARTESIAN_POINT('',(-0.0801560707336993,0.0389000000000001,-0.0461366144693329));
#2626=CARTESIAN_POINT('',(-0.078860292013573,0.0391556992441915,-0.0465777515726554));
#2627=CARTESIAN_POINT('',(-0.0766420519689956,0.0401711888832219,-0.0478660941842842));
#2628=CARTESIAN_POINT('',(-0.0753832937172847,0.0412136833091841,-0.0491810138450838));
#2629=CARTESIAN_POINT('',(-0.074720666386089,0.0419,-0.0501679381160796));
#2630=CARTESIAN_POINT('',(-0.0877390072659248,0.0273195277417544,-0.0469240514447549));
#2631=CARTESIAN_POINT('',(-0.0872352740569903,0.0271048740580125,-0.0466546478607955));
#2632=CARTESIAN_POINT('',(-0.0866948480954385,0.0270000000000001,-0.0464206913687981));
#2633=CARTESIAN_POINT('',(-0.086114498228881,0.027,-0.0462320321291207));
#2634=CARTESIAN_POINT('',(-0.08302296265121,0.065,-0.0557421534623106));
#2635=CARTESIAN_POINT('',(-6.73072708679001E-16,0.0419,-3.81639164714898E-16));
#2636=CARTESIAN_POINT('',(5.06539254985228E-16,0.032,7.97972798949331E-17));
#2637=CARTESIAN_POINT('',(-0.0880436879767303,0.044,-0.03477316383534));
#2638=CARTESIAN_POINT('',(-0.0936308839544657,0.0645,-0.0343704112559827));
#2639=CARTESIAN_POINT('',(-0.0936308839544657,0.0645,-0.0343704112559827));
#2640=CARTESIAN_POINT('',(-0.0936308839544657,0.0665,-0.0343704112559827));
#2641=CARTESIAN_POINT('',(-0.0918478111649895,0.0645,-0.0388850509090631));
#2642=CARTESIAN_POINT('',(-0.0918478111649895,0.0645,-0.0388850509090631));
#2643=CARTESIAN_POINT('',(-0.0890851940254771,0.0665,-0.0377154584413752));
#2644=CARTESIAN_POINT('',(-0.0921889941547059,0.0645,-0.0365291434004891));
#2645=CARTESIAN_POINT('',(-0.0916528790870415,0.0665,-0.0393454870989818));
#2646=CARTESIAN_POINT('',(-0.0509582932830468,0.0665,-0.0181733571784799));
#2647=CARTESIAN_POINT('',(-0.0828699742626557,0.026998,-0.00464406779739023));
#2648=CARTESIAN_POINT('',(-0.0485982501006507,0.065,-0.0237229638821664));
#2649=CARTESIAN_POINT('',(-0.0886822161888677,0.065,-0.0451604310412438));
#2650=CARTESIAN_POINT('',(-0.08302296265121,0.065,-0.0557421534623106));
#2651=CARTESIAN_POINT('',(-0.095840766419123,0.065,-0.0276878148685506));
#2652=CARTESIAN_POINT('',(-0.0956076925684675,0.065,-0.027625515773165));
#2653=CARTESIAN_POINT('',(-0.0987064268923594,0.065,-0.0160325072943476));
#2654=CARTESIAN_POINT('',(-0.090183714615355,0.057,-0.042355192533738));
#2655=CARTESIAN_POINT('',(-0.090183714615355,0.057,-0.042355192533738));
#2656=CARTESIAN_POINT('',(-0.090183714615355,0.057,-0.040355192533738));
#2657=CARTESIAN_POINT('',(-0.0791903733961205,0.057,-0.0222625156357531));
#2658=CARTESIAN_POINT('',(-0.0848113615832748,0.057,-0.0163342067271538));
#2659=CARTESIAN_POINT('',(-0.0832220212961698,0.057,-0.0159675537068098));
#2660=CARTESIAN_POINT('',(-0.0832220212961698,0.057,-0.0159675537068098));
#2661=CARTESIAN_POINT('',(-0.0848113615832748,0.057,-0.0163342067271538));
#2662=CARTESIAN_POINT('',(-0.0864007018703799,0.057,-0.0167008597474977));
#2663=CARTESIAN_POINT('',(-0.0864007018703799,0.057,-0.0167008597474977));
#2664=CARTESIAN_POINT('',(-1.11022302462516E-16,0.057,-3.19189119579733E-16));
#2665=CARTESIAN_POINT('',(-1.11022302462516E-16,0.057,-3.19189119579733E-16));
#2666=CARTESIAN_POINT('',(-0.0785224629478577,0.057,-0.0397268525383295));
#2667=CARTESIAN_POINT('',(-0.0785224629478577,0.057,-0.0397268525383295));
#2668=CARTESIAN_POINT('',(-0.0770847266662488,0.057,-0.0389579310136337));
#2669=CARTESIAN_POINT('',(-0.0770847266662488,0.057,-0.0389579310136337));
#2670=CARTESIAN_POINT('',(-0.0756469903846399,0.057,-0.0381890094889379));
#2671=CARTESIAN_POINT('',(-0.0756469903846399,0.057,-0.0381890094889379));
#2672=CARTESIAN_POINT('',(4.16333634234434E-16,0.057,1.07552855510562E-16));
#2673=CARTESIAN_POINT('',(4.16333634234434E-16,0.057,1.07552855510562E-16));
#2674=CARTESIAN_POINT('',(-0.0791903733961205,0.057,-0.0222625156357531));
#2675=CARTESIAN_POINT('',(-0.0947871000503215,0.057,-0.0306996804615209));
#2676=CARTESIAN_POINT('',(-0.0947871000503215,0.057,-0.0306996804615209));
#2677=CARTESIAN_POINT('',(-0.0947871000503215,0.057,-0.0286996804615209));
#2678=CARTESIAN_POINT('',(-0.0791903733961205,0.057,-0.0222625156357531));
#2679=CARTESIAN_POINT('',(-0.109890486413903,0.047,0.));
#2680=CARTESIAN_POINT('',(-0.109890486413903,0.047,0.));
#2681=CARTESIAN_POINT('',(-0.101354783834488,0.067,0.));
#2682=CARTESIAN_POINT('',(-0.101354783834488,0.0596374159334797,0.));
#2683=CARTESIAN_POINT('',(-0.109890486413903,0.047,0.));
#2684=CARTESIAN_POINT('',(-0.101354783834488,0.0343625840665203,0.));
#2685=CARTESIAN_POINT('',(-0.101354783834488,0.067,0.));
#2686=CARTESIAN_POINT('',(-0.109890486413903,0.047,0.035));
#2687=CARTESIAN_POINT('',(-0.109890486413903,0.047,0.035));
#2688=CARTESIAN_POINT('',(-0.0898904864139029,0.057,0.035));
#2689=CARTESIAN_POINT('',(-0.0898904864139029,0.057,0.0131368847924119));
#2690=CARTESIAN_POINT('',(-0.0898904864139029,0.067,0.031));
#2691=CARTESIAN_POINT('',(-0.109890486413903,0.047,0.035));
#2692=CARTESIAN_POINT('',(-0.109890486413903,0.047,0.035));
#2693=CARTESIAN_POINT('',(-0.125140486413903,0.047,0.035));
#2694=CARTESIAN_POINT('',(-0.101354783834488,0.0343625840665203,0.));
#2695=CARTESIAN_POINT('',(-0.099250751327412,0.0357837128631315,0.));
#2696=CARTESIAN_POINT('',(-0.0967450935689685,0.0386020807586103,-0.000802407797750782));
#2697=CARTESIAN_POINT('',(-0.0951768426419876,0.0426724660638871,-0.00169178813490965));
#2698=CARTESIAN_POINT('',(-0.094721490179523,0.04509356654132,-0.00198466805856137));
#2699=CARTESIAN_POINT('',(-0.0945612094810123,0.0476258764433005,-0.00209430212697493));
#2700=CARTESIAN_POINT('',(-0.0949490179924404,0.0507363687285785,-0.00182299195499747));
#2701=CARTESIAN_POINT('',(-0.0967369360532519,0.0553837873246521,-0.000804701064988618));
#2702=CARTESIAN_POINT('',(-0.0992494782030443,0.0582154272291939,-3.44973377594145E-17));
#2703=CARTESIAN_POINT('',(-0.101354783834488,0.0596374159334797,-6.11537935582386E-19));
#2704=CARTESIAN_POINT('',(-0.109890486413903,0.047,0.035));
#2705=CARTESIAN_POINT('',(-0.101385287091554,0.065,0.035));
#2706=CARTESIAN_POINT('',(-0.106880087769205,0.065,0.035));
#2707=CARTESIAN_POINT('',(-0.0978904864139029,0.065,0.035));
#2708=CARTESIAN_POINT('',(-0.0978904864139029,0.063,0.035));
#2709=CARTESIAN_POINT('',(-0.0958965571208764,0.0631557111890993,0.035));
#2710=CARTESIAN_POINT('',(-0.0978904864139029,0.0633114223781987,0.035));
#2711=CARTESIAN_POINT('',(-0.0990756715990881,0.0617004176988704,0.035));
#2712=CARTESIAN_POINT('',(-0.109890486413903,0.047,0.035));
#2713=CARTESIAN_POINT('',(-0.0978904864139029,0.031,0.035));
#2714=CARTESIAN_POINT('',(-0.0978904864139029,0.029,0.035));
#2715=CARTESIAN_POINT('',(-0.0958965571208764,0.0308442888109007,0.035));
#2716=CARTESIAN_POINT('',(-0.101385287091554,0.029,0.035));
#2717=CARTESIAN_POINT('',(-0.106880087769205,0.029,0.035));
#2718=CARTESIAN_POINT('',(-0.109890486413903,0.047,0.035));
#2719=CARTESIAN_POINT('',(-0.0990756715990881,0.0322995823011296,0.035));
#2720=CARTESIAN_POINT('',(-0.0978904864139029,0.0306885776218013,0.035));
#2721=CARTESIAN_POINT('',(-0.0938904864139029,0.027,0.035));
#2722=CARTESIAN_POINT('',(-0.101354783834488,0.027,-0.0120710678118654));
#2723=CARTESIAN_POINT('',(-0.0858904864139029,0.027,0.0131368847924119));
#2724=CARTESIAN_POINT('',(-0.0938904864139029,0.047,0.031));
#2725=CARTESIAN_POINT('',(-0.101385287091554,0.029,0.0028));
#2726=CARTESIAN_POINT('',(-0.101385287091554,0.029,0.0028));
#2727=CARTESIAN_POINT('',(-0.0978904864139029,0.029,0.0028));
#2728=CARTESIAN_POINT('',(-0.106880087769205,0.029,0.0028));
#2729=CARTESIAN_POINT('',(-0.106880087769205,0.029,0.0028));
#2730=CARTESIAN_POINT('',(-0.0978904864139029,0.029,0.035));
#2731=CARTESIAN_POINT('',(-0.109890486413903,0.047,0.0028));
#2732=CARTESIAN_POINT('',(-0.109890486413903,0.047,0.0028));
#2733=CARTESIAN_POINT('',(-0.0990756715990881,0.0322995823011296,0.0028));
#2734=CARTESIAN_POINT('',(-0.0990756715990881,0.0322995823011296,0.0028));
#2735=CARTESIAN_POINT('',(-0.110765486413903,0.047,0.0028));
#2736=CARTESIAN_POINT('',(-0.0978904864139029,0.0306885776218013,0.0028));
#2737=CARTESIAN_POINT('',(-0.0958965571208764,0.0308442888109007,0.0028));
#2738=CARTESIAN_POINT('',(-0.0978904864139029,0.031,0.0028));
#2739=CARTESIAN_POINT('',(-0.101385287091554,0.065,0.0028));
#2740=CARTESIAN_POINT('',(-0.106880087769205,0.065,0.0028));
#2741=CARTESIAN_POINT('',(-0.106880087769205,0.065,0.0028));
#2742=CARTESIAN_POINT('',(-0.101385287091554,0.065,0.0028));
#2743=CARTESIAN_POINT('',(-0.0978904864139029,0.065,0.0028));
#2744=CARTESIAN_POINT('',(-0.0978904864139029,0.065,0.0028));
#2745=CARTESIAN_POINT('',(-0.109890486413903,0.047,0.0028));
#2746=CARTESIAN_POINT('',(-0.109890486413903,0.047,0.0028));
#2747=CARTESIAN_POINT('',(-0.0990756715990881,0.0617004176988704,0.0028));
#2748=CARTESIAN_POINT('',(-0.0990756715990881,0.0617004176988704,0.0028));
#2749=CARTESIAN_POINT('',(-0.110765486413903,0.047,0.0028));
#2750=CARTESIAN_POINT('',(-0.0978904864139029,0.0633114223781987,0.0028));
#2751=CARTESIAN_POINT('',(-0.0958965571208764,0.0631557111890993,0.0028));
#2752=CARTESIAN_POINT('',(-0.0978904864139029,0.063,0.0028));
#2753=CARTESIAN_POINT('',(-0.0978904864139029,0.0306885776218013,0.0028));
#2754=CARTESIAN_POINT('',(-0.0958965571208764,0.0308442888109007,0.0189));
#2755=CARTESIAN_POINT('',(-0.0978904864139029,0.031,0.0028));
#2756=CARTESIAN_POINT('',(-0.0978904864139029,0.0633114223781987,0.0028));
#2757=CARTESIAN_POINT('',(-0.0958965571208764,0.0631557111890993,0.0189));
#2758=CARTESIAN_POINT('',(-0.0978904864139029,0.063,0.0028));
#2759=MECHANICAL_DESIGN_GEOMETRIC_PRESENTATION_REPRESENTATION('',(#1539),
#2760);
#2760=(
GEOMETRIC_REPRESENTATION_CONTEXT(3)
GLOBAL_UNCERTAINTY_ASSIGNED_CONTEXT((#2761))
GLOBAL_UNIT_ASSIGNED_CONTEXT((#2764,#2763,#2762))
REPRESENTATION_CONTEXT('boost3','TOP_LEVEL_ASSEMBLY_PART')
);
#2761=UNCERTAINTY_MEASURE_WITH_UNIT(LENGTH_MEASURE(2.E-5),#2764,
'DISTANCE_ACCURACY_VALUE','Maximum Tolerance applied to model');
#2762=(
NAMED_UNIT(*)
SI_UNIT($,.STERADIAN.)
SOLID_ANGLE_UNIT()
);
#2763=(
NAMED_UNIT(*)
PLANE_ANGLE_UNIT()
SI_UNIT($,.RADIAN.)
);
#2764=(
LENGTH_UNIT()
NAMED_UNIT(*)
SI_UNIT($,.METRE.)
);
#2765=PRODUCT_DEFINITION_SHAPE('','',#2766);
#2766=PRODUCT_DEFINITION('','',#2768,#2767);
#2767=PRODUCT_DEFINITION_CONTEXT('',#2774,'design');
#2768=PRODUCT_DEFINITION_FORMATION_WITH_SPECIFIED_SOURCE('','',#2770,
 .NOT_KNOWN.);
#2769=PRODUCT_RELATED_PRODUCT_CATEGORY('','',(#2770));
#2770=PRODUCT('boost3','boost3','boost3',(#2772));
#2771=PRODUCT_CATEGORY('','');
#2772=PRODUCT_CONTEXT('',#2774,'mechanical');
#2773=APPLICATION_PROTOCOL_DEFINITION('international standard',
'ap242_managed_model_based_3d_engineering',2020,#2774);
#2774=APPLICATION_CONTEXT('managed model based 3d engineering');
ENDSEC;
END-ISO-10303-21;
