[0.206s] DEBUG:colcon:Command line arguments: ['/home/eia/.local/bin/colcon', 'build', '--symlink-install']
[0.206s] DEBUG:colcon:Parsed command line arguments: Namespace(log_base=None, log_level=None, verb_name='build', build_base='build', install_base='install', merge_install=False, symlink_install=True, test_result_base=None, continue_on_error=False, executor='parallel', parallel_workers=12, event_handlers=None, ignore_user_meta=False, metas=['./colcon.meta'], base_paths=['.'], packages_ignore=None, packages_ignore_regex=None, paths=None, packages_up_to=None, packages_up_to_regex=None, packages_above=None, packages_above_and_dependencies=None, packages_above_depth=None, packages_select_by_dep=None, packages_skip_by_dep=None, packages_skip_up_to=None, packages_select_build_failed=False, packages_skip_build_finished=False, packages_select_test_failures=False, packages_skip_test_passed=False, packages_select=None, packages_skip=None, packages_select_regex=None, packages_skip_regex=None, packages_start=None, packages_end=None, allow_overriding=[], cmake_args=None, cmake_target=None, cmake_target_skip_unavailable=False, cmake_clean_cache=False, cmake_clean_first=False, cmake_force_configure=False, ament_cmake_args=None, catkin_cmake_args=None, catkin_skip_building_tests=False, mixin_files=None, mixin=None, verb_parser=<colcon_mixin.mixin.mixin_argument.MixinArgumentDecorator object at 0x798873646740>, verb_extension=<colcon_core.verb.build.BuildVerb object at 0x7988737ced70>, main=<bound method BuildVerb.main of <colcon_core.verb.build.BuildVerb object at 0x7988737ced70>>, mixin_verb=('build',))
[0.459s] Level 1:colcon.colcon_core.package_discovery:discover_packages(colcon_meta) check parameters
[0.459s] Level 1:colcon.colcon_core.package_discovery:discover_packages(recursive) check parameters
[0.459s] Level 1:colcon.colcon_core.package_discovery:discover_packages(ignore) check parameters
[0.459s] Level 1:colcon.colcon_core.package_discovery:discover_packages(path) check parameters
[0.459s] Level 1:colcon.colcon_core.package_discovery:discover_packages(colcon_meta) discover
[0.459s] Level 1:colcon.colcon_core.package_discovery:discover_packages(recursive) discover
[0.459s] INFO:colcon.colcon_core.package_discovery:Crawling recursively for packages in '/home/eia/repo/rbi_2025_2/rov/rov_ws'
[0.459s] Level 1:colcon.colcon_core.package_identification:_identify(.) by extensions ['ignore', 'ignore_ament_install']
[0.459s] Level 1:colcon.colcon_core.package_identification:_identify(.) by extension 'ignore'
[0.459s] Level 1:colcon.colcon_core.package_identification:_identify(.) by extension 'ignore_ament_install'
[0.460s] Level 1:colcon.colcon_core.package_identification:_identify(.) by extensions ['colcon_pkg']
[0.460s] Level 1:colcon.colcon_core.package_identification:_identify(.) by extension 'colcon_pkg'
[0.460s] Level 1:colcon.colcon_core.package_identification:_identify(.) by extensions ['colcon_meta']
[0.460s] Level 1:colcon.colcon_core.package_identification:_identify(.) by extension 'colcon_meta'
[0.460s] Level 1:colcon.colcon_core.package_identification:_identify(.) by extensions ['ros']
[0.460s] Level 1:colcon.colcon_core.package_identification:_identify(.) by extension 'ros'
[0.482s] Level 1:colcon.colcon_core.package_identification:_identify(.) by extensions ['cmake', 'python']
[0.482s] Level 1:colcon.colcon_core.package_identification:_identify(.) by extension 'cmake'
[0.482s] Level 1:colcon.colcon_core.package_identification:_identify(.) by extension 'python'
[0.483s] Level 1:colcon.colcon_core.package_identification:_identify(.) by extensions ['python_setup_py']
[0.483s] Level 1:colcon.colcon_core.package_identification:_identify(.) by extension 'python_setup_py'
[0.483s] Level 1:colcon.colcon_core.package_identification:_identify(build) by extensions ['ignore', 'ignore_ament_install']
[0.483s] Level 1:colcon.colcon_core.package_identification:_identify(build) by extension 'ignore'
[0.483s] Level 1:colcon.colcon_core.package_identification:_identify(build) ignored
[0.483s] Level 1:colcon.colcon_core.package_identification:_identify(install) by extensions ['ignore', 'ignore_ament_install']
[0.483s] Level 1:colcon.colcon_core.package_identification:_identify(install) by extension 'ignore'
[0.483s] Level 1:colcon.colcon_core.package_identification:_identify(install) ignored
[0.483s] Level 1:colcon.colcon_core.package_identification:_identify(log) by extensions ['ignore', 'ignore_ament_install']
[0.483s] Level 1:colcon.colcon_core.package_identification:_identify(log) by extension 'ignore'
[0.483s] Level 1:colcon.colcon_core.package_identification:_identify(log) ignored
[0.483s] Level 1:colcon.colcon_core.package_identification:_identify(mujoco) by extensions ['ignore', 'ignore_ament_install']
[0.483s] Level 1:colcon.colcon_core.package_identification:_identify(mujoco) by extension 'ignore'
[0.483s] Level 1:colcon.colcon_core.package_identification:_identify(mujoco) by extension 'ignore_ament_install'
[0.484s] Level 1:colcon.colcon_core.package_identification:_identify(mujoco) by extensions ['colcon_pkg']
[0.484s] Level 1:colcon.colcon_core.package_identification:_identify(mujoco) by extension 'colcon_pkg'
[0.484s] Level 1:colcon.colcon_core.package_identification:_identify(mujoco) by extensions ['colcon_meta']
[0.484s] Level 1:colcon.colcon_core.package_identification:_identify(mujoco) by extension 'colcon_meta'
[0.484s] Level 1:colcon.colcon_core.package_identification:_identify(mujoco) by extensions ['ros']
[0.484s] Level 1:colcon.colcon_core.package_identification:_identify(mujoco) by extension 'ros'
[0.484s] Level 1:colcon.colcon_core.package_identification:_identify(mujoco) by extensions ['cmake', 'python']
[0.484s] Level 1:colcon.colcon_core.package_identification:_identify(mujoco) by extension 'cmake'
[0.484s] Level 1:colcon.colcon_core.package_identification:_identify(mujoco) by extension 'python'
[0.484s] Level 1:colcon.colcon_core.package_identification:_identify(mujoco) by extensions ['python_setup_py']
[0.484s] Level 1:colcon.colcon_core.package_identification:_identify(mujoco) by extension 'python_setup_py'
[0.484s] Level 1:colcon.colcon_core.package_identification:_identify(mujoco/bin) by extensions ['ignore', 'ignore_ament_install']
[0.484s] Level 1:colcon.colcon_core.package_identification:_identify(mujoco/bin) by extension 'ignore'
[0.484s] Level 1:colcon.colcon_core.package_identification:_identify(mujoco/bin) by extension 'ignore_ament_install'
[0.484s] Level 1:colcon.colcon_core.package_identification:_identify(mujoco/bin) by extensions ['colcon_pkg']
[0.484s] Level 1:colcon.colcon_core.package_identification:_identify(mujoco/bin) by extension 'colcon_pkg'
[0.484s] Level 1:colcon.colcon_core.package_identification:_identify(mujoco/bin) by extensions ['colcon_meta']
[0.484s] Level 1:colcon.colcon_core.package_identification:_identify(mujoco/bin) by extension 'colcon_meta'
[0.484s] Level 1:colcon.colcon_core.package_identification:_identify(mujoco/bin) by extensions ['ros']
[0.484s] Level 1:colcon.colcon_core.package_identification:_identify(mujoco/bin) by extension 'ros'
[0.485s] Level 1:colcon.colcon_core.package_identification:_identify(mujoco/bin) by extensions ['cmake', 'python']
[0.485s] Level 1:colcon.colcon_core.package_identification:_identify(mujoco/bin) by extension 'cmake'
[0.485s] Level 1:colcon.colcon_core.package_identification:_identify(mujoco/bin) by extension 'python'
[0.485s] Level 1:colcon.colcon_core.package_identification:_identify(mujoco/bin) by extensions ['python_setup_py']
[0.485s] Level 1:colcon.colcon_core.package_identification:_identify(mujoco/bin) by extension 'python_setup_py'
[0.485s] Level 1:colcon.colcon_core.package_identification:_identify(mujoco/bin/mujoco_plugin) by extensions ['ignore', 'ignore_ament_install']
[0.485s] Level 1:colcon.colcon_core.package_identification:_identify(mujoco/bin/mujoco_plugin) by extension 'ignore'
[0.485s] Level 1:colcon.colcon_core.package_identification:_identify(mujoco/bin/mujoco_plugin) by extension 'ignore_ament_install'
[0.485s] Level 1:colcon.colcon_core.package_identification:_identify(mujoco/bin/mujoco_plugin) by extensions ['colcon_pkg']
[0.485s] Level 1:colcon.colcon_core.package_identification:_identify(mujoco/bin/mujoco_plugin) by extension 'colcon_pkg'
[0.485s] Level 1:colcon.colcon_core.package_identification:_identify(mujoco/bin/mujoco_plugin) by extensions ['colcon_meta']
[0.485s] Level 1:colcon.colcon_core.package_identification:_identify(mujoco/bin/mujoco_plugin) by extension 'colcon_meta'
[0.485s] Level 1:colcon.colcon_core.package_identification:_identify(mujoco/bin/mujoco_plugin) by extensions ['ros']
[0.485s] Level 1:colcon.colcon_core.package_identification:_identify(mujoco/bin/mujoco_plugin) by extension 'ros'
[0.485s] Level 1:colcon.colcon_core.package_identification:_identify(mujoco/bin/mujoco_plugin) by extensions ['cmake', 'python']
[0.485s] Level 1:colcon.colcon_core.package_identification:_identify(mujoco/bin/mujoco_plugin) by extension 'cmake'
[0.485s] Level 1:colcon.colcon_core.package_identification:_identify(mujoco/bin/mujoco_plugin) by extension 'python'
[0.485s] Level 1:colcon.colcon_core.package_identification:_identify(mujoco/bin/mujoco_plugin) by extensions ['python_setup_py']
[0.485s] Level 1:colcon.colcon_core.package_identification:_identify(mujoco/bin/mujoco_plugin) by extension 'python_setup_py'
[0.486s] Level 1:colcon.colcon_core.package_identification:_identify(mujoco/include) by extensions ['ignore', 'ignore_ament_install']
[0.486s] Level 1:colcon.colcon_core.package_identification:_identify(mujoco/include) by extension 'ignore'
[0.486s] Level 1:colcon.colcon_core.package_identification:_identify(mujoco/include) by extension 'ignore_ament_install'
[0.486s] Level 1:colcon.colcon_core.package_identification:_identify(mujoco/include) by extensions ['colcon_pkg']
[0.486s] Level 1:colcon.colcon_core.package_identification:_identify(mujoco/include) by extension 'colcon_pkg'
[0.486s] Level 1:colcon.colcon_core.package_identification:_identify(mujoco/include) by extensions ['colcon_meta']
[0.486s] Level 1:colcon.colcon_core.package_identification:_identify(mujoco/include) by extension 'colcon_meta'
[0.486s] Level 1:colcon.colcon_core.package_identification:_identify(mujoco/include) by extensions ['ros']
[0.486s] Level 1:colcon.colcon_core.package_identification:_identify(mujoco/include) by extension 'ros'
[0.486s] Level 1:colcon.colcon_core.package_identification:_identify(mujoco/include) by extensions ['cmake', 'python']
[0.486s] Level 1:colcon.colcon_core.package_identification:_identify(mujoco/include) by extension 'cmake'
[0.486s] Level 1:colcon.colcon_core.package_identification:_identify(mujoco/include) by extension 'python'
[0.486s] Level 1:colcon.colcon_core.package_identification:_identify(mujoco/include) by extensions ['python_setup_py']
[0.486s] Level 1:colcon.colcon_core.package_identification:_identify(mujoco/include) by extension 'python_setup_py'
[0.486s] Level 1:colcon.colcon_core.package_identification:_identify(mujoco/include/mujoco) by extensions ['ignore', 'ignore_ament_install']
[0.486s] Level 1:colcon.colcon_core.package_identification:_identify(mujoco/include/mujoco) by extension 'ignore'
[0.486s] Level 1:colcon.colcon_core.package_identification:_identify(mujoco/include/mujoco) by extension 'ignore_ament_install'
[0.486s] Level 1:colcon.colcon_core.package_identification:_identify(mujoco/include/mujoco) by extensions ['colcon_pkg']
[0.487s] Level 1:colcon.colcon_core.package_identification:_identify(mujoco/include/mujoco) by extension 'colcon_pkg'
[0.487s] Level 1:colcon.colcon_core.package_identification:_identify(mujoco/include/mujoco) by extensions ['colcon_meta']
[0.487s] Level 1:colcon.colcon_core.package_identification:_identify(mujoco/include/mujoco) by extension 'colcon_meta'
[0.487s] Level 1:colcon.colcon_core.package_identification:_identify(mujoco/include/mujoco) by extensions ['ros']
[0.487s] Level 1:colcon.colcon_core.package_identification:_identify(mujoco/include/mujoco) by extension 'ros'
[0.487s] Level 1:colcon.colcon_core.package_identification:_identify(mujoco/include/mujoco) by extensions ['cmake', 'python']
[0.487s] Level 1:colcon.colcon_core.package_identification:_identify(mujoco/include/mujoco) by extension 'cmake'
[0.487s] Level 1:colcon.colcon_core.package_identification:_identify(mujoco/include/mujoco) by extension 'python'
[0.487s] Level 1:colcon.colcon_core.package_identification:_identify(mujoco/include/mujoco) by extensions ['python_setup_py']
[0.487s] Level 1:colcon.colcon_core.package_identification:_identify(mujoco/include/mujoco) by extension 'python_setup_py'
[0.487s] Level 1:colcon.colcon_core.package_identification:_identify(mujoco/include/mujoco/experimental) by extensions ['ignore', 'ignore_ament_install']
[0.487s] Level 1:colcon.colcon_core.package_identification:_identify(mujoco/include/mujoco/experimental) by extension 'ignore'
[0.487s] Level 1:colcon.colcon_core.package_identification:_identify(mujoco/include/mujoco/experimental) by extension 'ignore_ament_install'
[0.487s] Level 1:colcon.colcon_core.package_identification:_identify(mujoco/include/mujoco/experimental) by extensions ['colcon_pkg']
[0.487s] Level 1:colcon.colcon_core.package_identification:_identify(mujoco/include/mujoco/experimental) by extension 'colcon_pkg'
[0.487s] Level 1:colcon.colcon_core.package_identification:_identify(mujoco/include/mujoco/experimental) by extensions ['colcon_meta']
[0.487s] Level 1:colcon.colcon_core.package_identification:_identify(mujoco/include/mujoco/experimental) by extension 'colcon_meta'
[0.487s] Level 1:colcon.colcon_core.package_identification:_identify(mujoco/include/mujoco/experimental) by extensions ['ros']
[0.487s] Level 1:colcon.colcon_core.package_identification:_identify(mujoco/include/mujoco/experimental) by extension 'ros'
[0.487s] Level 1:colcon.colcon_core.package_identification:_identify(mujoco/include/mujoco/experimental) by extensions ['cmake', 'python']
[0.487s] Level 1:colcon.colcon_core.package_identification:_identify(mujoco/include/mujoco/experimental) by extension 'cmake'
[0.488s] Level 1:colcon.colcon_core.package_identification:_identify(mujoco/include/mujoco/experimental) by extension 'python'
[0.488s] Level 1:colcon.colcon_core.package_identification:_identify(mujoco/include/mujoco/experimental) by extensions ['python_setup_py']
[0.488s] Level 1:colcon.colcon_core.package_identification:_identify(mujoco/include/mujoco/experimental) by extension 'python_setup_py'
[0.488s] Level 1:colcon.colcon_core.package_identification:_identify(mujoco/include/mujoco/experimental/usd) by extensions ['ignore', 'ignore_ament_install']
[0.488s] Level 1:colcon.colcon_core.package_identification:_identify(mujoco/include/mujoco/experimental/usd) by extension 'ignore'
[0.488s] Level 1:colcon.colcon_core.package_identification:_identify(mujoco/include/mujoco/experimental/usd) by extension 'ignore_ament_install'
[0.488s] Level 1:colcon.colcon_core.package_identification:_identify(mujoco/include/mujoco/experimental/usd) by extensions ['colcon_pkg']
[0.488s] Level 1:colcon.colcon_core.package_identification:_identify(mujoco/include/mujoco/experimental/usd) by extension 'colcon_pkg'
[0.488s] Level 1:colcon.colcon_core.package_identification:_identify(mujoco/include/mujoco/experimental/usd) by extensions ['colcon_meta']
[0.488s] Level 1:colcon.colcon_core.package_identification:_identify(mujoco/include/mujoco/experimental/usd) by extension 'colcon_meta'
[0.488s] Level 1:colcon.colcon_core.package_identification:_identify(mujoco/include/mujoco/experimental/usd) by extensions ['ros']
[0.488s] Level 1:colcon.colcon_core.package_identification:_identify(mujoco/include/mujoco/experimental/usd) by extension 'ros'
[0.488s] Level 1:colcon.colcon_core.package_identification:_identify(mujoco/include/mujoco/experimental/usd) by extensions ['cmake', 'python']
[0.488s] Level 1:colcon.colcon_core.package_identification:_identify(mujoco/include/mujoco/experimental/usd) by extension 'cmake'
[0.488s] Level 1:colcon.colcon_core.package_identification:_identify(mujoco/include/mujoco/experimental/usd) by extension 'python'
[0.488s] Level 1:colcon.colcon_core.package_identification:_identify(mujoco/include/mujoco/experimental/usd) by extensions ['python_setup_py']
[0.488s] Level 1:colcon.colcon_core.package_identification:_identify(mujoco/include/mujoco/experimental/usd) by extension 'python_setup_py'
[0.489s] Level 1:colcon.colcon_core.package_identification:_identify(mujoco/include/mujoco/experimental/usd/mjcPhysics) by extensions ['ignore', 'ignore_ament_install']
[0.489s] Level 1:colcon.colcon_core.package_identification:_identify(mujoco/include/mujoco/experimental/usd/mjcPhysics) by extension 'ignore'
[0.489s] Level 1:colcon.colcon_core.package_identification:_identify(mujoco/include/mujoco/experimental/usd/mjcPhysics) by extension 'ignore_ament_install'
[0.489s] Level 1:colcon.colcon_core.package_identification:_identify(mujoco/include/mujoco/experimental/usd/mjcPhysics) by extensions ['colcon_pkg']
[0.489s] Level 1:colcon.colcon_core.package_identification:_identify(mujoco/include/mujoco/experimental/usd/mjcPhysics) by extension 'colcon_pkg'
[0.489s] Level 1:colcon.colcon_core.package_identification:_identify(mujoco/include/mujoco/experimental/usd/mjcPhysics) by extensions ['colcon_meta']
[0.489s] Level 1:colcon.colcon_core.package_identification:_identify(mujoco/include/mujoco/experimental/usd/mjcPhysics) by extension 'colcon_meta'
[0.489s] Level 1:colcon.colcon_core.package_identification:_identify(mujoco/include/mujoco/experimental/usd/mjcPhysics) by extensions ['ros']
[0.489s] Level 1:colcon.colcon_core.package_identification:_identify(mujoco/include/mujoco/experimental/usd/mjcPhysics) by extension 'ros'
[0.489s] Level 1:colcon.colcon_core.package_identification:_identify(mujoco/include/mujoco/experimental/usd/mjcPhysics) by extensions ['cmake', 'python']
[0.489s] Level 1:colcon.colcon_core.package_identification:_identify(mujoco/include/mujoco/experimental/usd/mjcPhysics) by extension 'cmake'
[0.489s] Level 1:colcon.colcon_core.package_identification:_identify(mujoco/include/mujoco/experimental/usd/mjcPhysics) by extension 'python'
[0.489s] Level 1:colcon.colcon_core.package_identification:_identify(mujoco/include/mujoco/experimental/usd/mjcPhysics) by extensions ['python_setup_py']
[0.489s] Level 1:colcon.colcon_core.package_identification:_identify(mujoco/include/mujoco/experimental/usd/mjcPhysics) by extension 'python_setup_py'
[0.489s] Level 1:colcon.colcon_core.package_identification:_identify(mujoco/lib) by extensions ['ignore', 'ignore_ament_install']
[0.489s] Level 1:colcon.colcon_core.package_identification:_identify(mujoco/lib) by extension 'ignore'
[0.490s] Level 1:colcon.colcon_core.package_identification:_identify(mujoco/lib) by extension 'ignore_ament_install'
[0.490s] Level 1:colcon.colcon_core.package_identification:_identify(mujoco/lib) by extensions ['colcon_pkg']
[0.490s] Level 1:colcon.colcon_core.package_identification:_identify(mujoco/lib) by extension 'colcon_pkg'
[0.490s] Level 1:colcon.colcon_core.package_identification:_identify(mujoco/lib) by extensions ['colcon_meta']
[0.490s] Level 1:colcon.colcon_core.package_identification:_identify(mujoco/lib) by extension 'colcon_meta'
[0.490s] Level 1:colcon.colcon_core.package_identification:_identify(mujoco/lib) by extensions ['ros']
[0.490s] Level 1:colcon.colcon_core.package_identification:_identify(mujoco/lib) by extension 'ros'
[0.490s] Level 1:colcon.colcon_core.package_identification:_identify(mujoco/lib) by extensions ['cmake', 'python']
[0.490s] Level 1:colcon.colcon_core.package_identification:_identify(mujoco/lib) by extension 'cmake'
[0.490s] Level 1:colcon.colcon_core.package_identification:_identify(mujoco/lib) by extension 'python'
[0.490s] Level 1:colcon.colcon_core.package_identification:_identify(mujoco/lib) by extensions ['python_setup_py']
[0.490s] Level 1:colcon.colcon_core.package_identification:_identify(mujoco/lib) by extension 'python_setup_py'
[0.490s] Level 1:colcon.colcon_core.package_identification:_identify(mujoco/model) by extensions ['ignore', 'ignore_ament_install']
[0.490s] Level 1:colcon.colcon_core.package_identification:_identify(mujoco/model) by extension 'ignore'
[0.490s] Level 1:colcon.colcon_core.package_identification:_identify(mujoco/model) by extension 'ignore_ament_install'
[0.490s] Level 1:colcon.colcon_core.package_identification:_identify(mujoco/model) by extensions ['colcon_pkg']
[0.490s] Level 1:colcon.colcon_core.package_identification:_identify(mujoco/model) by extension 'colcon_pkg'
[0.490s] Level 1:colcon.colcon_core.package_identification:_identify(mujoco/model) by extensions ['colcon_meta']
[0.490s] Level 1:colcon.colcon_core.package_identification:_identify(mujoco/model) by extension 'colcon_meta'
[0.490s] Level 1:colcon.colcon_core.package_identification:_identify(mujoco/model) by extensions ['ros']
[0.491s] Level 1:colcon.colcon_core.package_identification:_identify(mujoco/model) by extension 'ros'
[0.491s] Level 1:colcon.colcon_core.package_identification:_identify(mujoco/model) by extensions ['cmake', 'python']
[0.491s] Level 1:colcon.colcon_core.package_identification:_identify(mujoco/model) by extension 'cmake'
[0.491s] Level 1:colcon.colcon_core.package_identification:_identify(mujoco/model) by extension 'python'
[0.491s] Level 1:colcon.colcon_core.package_identification:_identify(mujoco/model) by extensions ['python_setup_py']
[0.491s] Level 1:colcon.colcon_core.package_identification:_identify(mujoco/model) by extension 'python_setup_py'
[0.491s] Level 1:colcon.colcon_core.package_identification:_identify(mujoco/model/adhesion) by extensions ['ignore', 'ignore_ament_install']
[0.491s] Level 1:colcon.colcon_core.package_identification:_identify(mujoco/model/adhesion) by extension 'ignore'
[0.491s] Level 1:colcon.colcon_core.package_identification:_identify(mujoco/model/adhesion) by extension 'ignore_ament_install'
[0.491s] Level 1:colcon.colcon_core.package_identification:_identify(mujoco/model/adhesion) by extensions ['colcon_pkg']
[0.491s] Level 1:colcon.colcon_core.package_identification:_identify(mujoco/model/adhesion) by extension 'colcon_pkg'
[0.491s] Level 1:colcon.colcon_core.package_identification:_identify(mujoco/model/adhesion) by extensions ['colcon_meta']
[0.491s] Level 1:colcon.colcon_core.package_identification:_identify(mujoco/model/adhesion) by extension 'colcon_meta'
[0.491s] Level 1:colcon.colcon_core.package_identification:_identify(mujoco/model/adhesion) by extensions ['ros']
[0.491s] Level 1:colcon.colcon_core.package_identification:_identify(mujoco/model/adhesion) by extension 'ros'
[0.491s] Level 1:colcon.colcon_core.package_identification:_identify(mujoco/model/adhesion) by extensions ['cmake', 'python']
[0.491s] Level 1:colcon.colcon_core.package_identification:_identify(mujoco/model/adhesion) by extension 'cmake'
[0.491s] Level 1:colcon.colcon_core.package_identification:_identify(mujoco/model/adhesion) by extension 'python'
[0.491s] Level 1:colcon.colcon_core.package_identification:_identify(mujoco/model/adhesion) by extensions ['python_setup_py']
[0.492s] Level 1:colcon.colcon_core.package_identification:_identify(mujoco/model/adhesion) by extension 'python_setup_py'
[0.492s] Level 1:colcon.colcon_core.package_identification:_identify(mujoco/model/balloons) by extensions ['ignore', 'ignore_ament_install']
[0.492s] Level 1:colcon.colcon_core.package_identification:_identify(mujoco/model/balloons) by extension 'ignore'
[0.492s] Level 1:colcon.colcon_core.package_identification:_identify(mujoco/model/balloons) by extension 'ignore_ament_install'
[0.492s] Level 1:colcon.colcon_core.package_identification:_identify(mujoco/model/balloons) by extensions ['colcon_pkg']
[0.492s] Level 1:colcon.colcon_core.package_identification:_identify(mujoco/model/balloons) by extension 'colcon_pkg'
[0.492s] Level 1:colcon.colcon_core.package_identification:_identify(mujoco/model/balloons) by extensions ['colcon_meta']
[0.492s] Level 1:colcon.colcon_core.package_identification:_identify(mujoco/model/balloons) by extension 'colcon_meta'
[0.492s] Level 1:colcon.colcon_core.package_identification:_identify(mujoco/model/balloons) by extensions ['ros']
[0.492s] Level 1:colcon.colcon_core.package_identification:_identify(mujoco/model/balloons) by extension 'ros'
[0.492s] Level 1:colcon.colcon_core.package_identification:_identify(mujoco/model/balloons) by extensions ['cmake', 'python']
[0.492s] Level 1:colcon.colcon_core.package_identification:_identify(mujoco/model/balloons) by extension 'cmake'
[0.492s] Level 1:colcon.colcon_core.package_identification:_identify(mujoco/model/balloons) by extension 'python'
[0.492s] Level 1:colcon.colcon_core.package_identification:_identify(mujoco/model/balloons) by extensions ['python_setup_py']
[0.492s] Level 1:colcon.colcon_core.package_identification:_identify(mujoco/model/balloons) by extension 'python_setup_py'
[0.493s] Level 1:colcon.colcon_core.package_identification:_identify(mujoco/model/car) by extensions ['ignore', 'ignore_ament_install']
[0.493s] Level 1:colcon.colcon_core.package_identification:_identify(mujoco/model/car) by extension 'ignore'
[0.493s] Level 1:colcon.colcon_core.package_identification:_identify(mujoco/model/car) by extension 'ignore_ament_install'
[0.493s] Level 1:colcon.colcon_core.package_identification:_identify(mujoco/model/car) by extensions ['colcon_pkg']
[0.493s] Level 1:colcon.colcon_core.package_identification:_identify(mujoco/model/car) by extension 'colcon_pkg'
[0.493s] Level 1:colcon.colcon_core.package_identification:_identify(mujoco/model/car) by extensions ['colcon_meta']
[0.493s] Level 1:colcon.colcon_core.package_identification:_identify(mujoco/model/car) by extension 'colcon_meta'
[0.493s] Level 1:colcon.colcon_core.package_identification:_identify(mujoco/model/car) by extensions ['ros']
[0.493s] Level 1:colcon.colcon_core.package_identification:_identify(mujoco/model/car) by extension 'ros'
[0.493s] Level 1:colcon.colcon_core.package_identification:_identify(mujoco/model/car) by extensions ['cmake', 'python']
[0.493s] Level 1:colcon.colcon_core.package_identification:_identify(mujoco/model/car) by extension 'cmake'
[0.493s] Level 1:colcon.colcon_core.package_identification:_identify(mujoco/model/car) by extension 'python'
[0.493s] Level 1:colcon.colcon_core.package_identification:_identify(mujoco/model/car) by extensions ['python_setup_py']
[0.493s] Level 1:colcon.colcon_core.package_identification:_identify(mujoco/model/car) by extension 'python_setup_py'
[0.493s] Level 1:colcon.colcon_core.package_identification:_identify(mujoco/model/cards) by extensions ['ignore', 'ignore_ament_install']
[0.493s] Level 1:colcon.colcon_core.package_identification:_identify(mujoco/model/cards) by extension 'ignore'
[0.493s] Level 1:colcon.colcon_core.package_identification:_identify(mujoco/model/cards) by extension 'ignore_ament_install'
[0.493s] Level 1:colcon.colcon_core.package_identification:_identify(mujoco/model/cards) by extensions ['colcon_pkg']
[0.493s] Level 1:colcon.colcon_core.package_identification:_identify(mujoco/model/cards) by extension 'colcon_pkg'
[0.493s] Level 1:colcon.colcon_core.package_identification:_identify(mujoco/model/cards) by extensions ['colcon_meta']
[0.494s] Level 1:colcon.colcon_core.package_identification:_identify(mujoco/model/cards) by extension 'colcon_meta'
[0.494s] Level 1:colcon.colcon_core.package_identification:_identify(mujoco/model/cards) by extensions ['ros']
[0.494s] Level 1:colcon.colcon_core.package_identification:_identify(mujoco/model/cards) by extension 'ros'
[0.494s] Level 1:colcon.colcon_core.package_identification:_identify(mujoco/model/cards) by extensions ['cmake', 'python']
[0.494s] Level 1:colcon.colcon_core.package_identification:_identify(mujoco/model/cards) by extension 'cmake'
[0.494s] Level 1:colcon.colcon_core.package_identification:_identify(mujoco/model/cards) by extension 'python'
[0.494s] Level 1:colcon.colcon_core.package_identification:_identify(mujoco/model/cards) by extensions ['python_setup_py']
[0.494s] Level 1:colcon.colcon_core.package_identification:_identify(mujoco/model/cards) by extension 'python_setup_py'
[0.494s] Level 1:colcon.colcon_core.package_identification:_identify(mujoco/model/cards/assets) by extensions ['ignore', 'ignore_ament_install']
[0.494s] Level 1:colcon.colcon_core.package_identification:_identify(mujoco/model/cards/assets) by extension 'ignore'
[0.494s] Level 1:colcon.colcon_core.package_identification:_identify(mujoco/model/cards/assets) by extension 'ignore_ament_install'
[0.494s] Level 1:colcon.colcon_core.package_identification:_identify(mujoco/model/cards/assets) by extensions ['colcon_pkg']
[0.494s] Level 1:colcon.colcon_core.package_identification:_identify(mujoco/model/cards/assets) by extension 'colcon_pkg'
[0.494s] Level 1:colcon.colcon_core.package_identification:_identify(mujoco/model/cards/assets) by extensions ['colcon_meta']
[0.494s] Level 1:colcon.colcon_core.package_identification:_identify(mujoco/model/cards/assets) by extension 'colcon_meta'
[0.494s] Level 1:colcon.colcon_core.package_identification:_identify(mujoco/model/cards/assets) by extensions ['ros']
[0.494s] Level 1:colcon.colcon_core.package_identification:_identify(mujoco/model/cards/assets) by extension 'ros'
[0.495s] Level 1:colcon.colcon_core.package_identification:_identify(mujoco/model/cards/assets) by extensions ['cmake', 'python']
[0.495s] Level 1:colcon.colcon_core.package_identification:_identify(mujoco/model/cards/assets) by extension 'cmake'
[0.495s] Level 1:colcon.colcon_core.package_identification:_identify(mujoco/model/cards/assets) by extension 'python'
[0.495s] Level 1:colcon.colcon_core.package_identification:_identify(mujoco/model/cards/assets) by extensions ['python_setup_py']
[0.495s] Level 1:colcon.colcon_core.package_identification:_identify(mujoco/model/cards/assets) by extension 'python_setup_py'
[0.495s] Level 1:colcon.colcon_core.package_identification:_identify(mujoco/model/cube) by extensions ['ignore', 'ignore_ament_install']
[0.495s] Level 1:colcon.colcon_core.package_identification:_identify(mujoco/model/cube) by extension 'ignore'
[0.495s] Level 1:colcon.colcon_core.package_identification:_identify(mujoco/model/cube) by extension 'ignore_ament_install'
[0.495s] Level 1:colcon.colcon_core.package_identification:_identify(mujoco/model/cube) by extensions ['colcon_pkg']
[0.495s] Level 1:colcon.colcon_core.package_identification:_identify(mujoco/model/cube) by extension 'colcon_pkg'
[0.495s] Level 1:colcon.colcon_core.package_identification:_identify(mujoco/model/cube) by extensions ['colcon_meta']
[0.495s] Level 1:colcon.colcon_core.package_identification:_identify(mujoco/model/cube) by extension 'colcon_meta'
[0.495s] Level 1:colcon.colcon_core.package_identification:_identify(mujoco/model/cube) by extensions ['ros']
[0.495s] Level 1:colcon.colcon_core.package_identification:_identify(mujoco/model/cube) by extension 'ros'
[0.495s] Level 1:colcon.colcon_core.package_identification:_identify(mujoco/model/cube) by extensions ['cmake', 'python']
[0.495s] Level 1:colcon.colcon_core.package_identification:_identify(mujoco/model/cube) by extension 'cmake'
[0.495s] Level 1:colcon.colcon_core.package_identification:_identify(mujoco/model/cube) by extension 'python'
[0.495s] Level 1:colcon.colcon_core.package_identification:_identify(mujoco/model/cube) by extensions ['python_setup_py']
[0.495s] Level 1:colcon.colcon_core.package_identification:_identify(mujoco/model/cube) by extension 'python_setup_py'
[0.496s] Level 1:colcon.colcon_core.package_identification:_identify(mujoco/model/cube/assets) by extensions ['ignore', 'ignore_ament_install']
[0.496s] Level 1:colcon.colcon_core.package_identification:_identify(mujoco/model/cube/assets) by extension 'ignore'
[0.496s] Level 1:colcon.colcon_core.package_identification:_identify(mujoco/model/cube/assets) by extension 'ignore_ament_install'
[0.496s] Level 1:colcon.colcon_core.package_identification:_identify(mujoco/model/cube/assets) by extensions ['colcon_pkg']
[0.496s] Level 1:colcon.colcon_core.package_identification:_identify(mujoco/model/cube/assets) by extension 'colcon_pkg'
[0.496s] Level 1:colcon.colcon_core.package_identification:_identify(mujoco/model/cube/assets) by extensions ['colcon_meta']
[0.496s] Level 1:colcon.colcon_core.package_identification:_identify(mujoco/model/cube/assets) by extension 'colcon_meta'
[0.496s] Level 1:colcon.colcon_core.package_identification:_identify(mujoco/model/cube/assets) by extensions ['ros']
[0.496s] Level 1:colcon.colcon_core.package_identification:_identify(mujoco/model/cube/assets) by extension 'ros'
[0.496s] Level 1:colcon.colcon_core.package_identification:_identify(mujoco/model/cube/assets) by extensions ['cmake', 'python']
[0.496s] Level 1:colcon.colcon_core.package_identification:_identify(mujoco/model/cube/assets) by extension 'cmake'
[0.496s] Level 1:colcon.colcon_core.package_identification:_identify(mujoco/model/cube/assets) by extension 'python'
[0.496s] Level 1:colcon.colcon_core.package_identification:_identify(mujoco/model/cube/assets) by extensions ['python_setup_py']
[0.496s] Level 1:colcon.colcon_core.package_identification:_identify(mujoco/model/cube/assets) by extension 'python_setup_py'
[0.496s] Level 1:colcon.colcon_core.package_identification:_identify(mujoco/model/flex) by extensions ['ignore', 'ignore_ament_install']
[0.496s] Level 1:colcon.colcon_core.package_identification:_identify(mujoco/model/flex) by extension 'ignore'
[0.496s] Level 1:colcon.colcon_core.package_identification:_identify(mujoco/model/flex) by extension 'ignore_ament_install'
[0.496s] Level 1:colcon.colcon_core.package_identification:_identify(mujoco/model/flex) by extensions ['colcon_pkg']
[0.497s] Level 1:colcon.colcon_core.package_identification:_identify(mujoco/model/flex) by extension 'colcon_pkg'
[0.497s] Level 1:colcon.colcon_core.package_identification:_identify(mujoco/model/flex) by extensions ['colcon_meta']
[0.497s] Level 1:colcon.colcon_core.package_identification:_identify(mujoco/model/flex) by extension 'colcon_meta'
[0.497s] Level 1:colcon.colcon_core.package_identification:_identify(mujoco/model/flex) by extensions ['ros']
[0.497s] Level 1:colcon.colcon_core.package_identification:_identify(mujoco/model/flex) by extension 'ros'
[0.497s] Level 1:colcon.colcon_core.package_identification:_identify(mujoco/model/flex) by extensions ['cmake', 'python']
[0.497s] Level 1:colcon.colcon_core.package_identification:_identify(mujoco/model/flex) by extension 'cmake'
[0.497s] Level 1:colcon.colcon_core.package_identification:_identify(mujoco/model/flex) by extension 'python'
[0.497s] Level 1:colcon.colcon_core.package_identification:_identify(mujoco/model/flex) by extensions ['python_setup_py']
[0.497s] Level 1:colcon.colcon_core.package_identification:_identify(mujoco/model/flex) by extension 'python_setup_py'
[0.497s] Level 1:colcon.colcon_core.package_identification:_identify(mujoco/model/flex/asset) by extensions ['ignore', 'ignore_ament_install']
[0.497s] Level 1:colcon.colcon_core.package_identification:_identify(mujoco/model/flex/asset) by extension 'ignore'
[0.497s] Level 1:colcon.colcon_core.package_identification:_identify(mujoco/model/flex/asset) by extension 'ignore_ament_install'
[0.497s] Level 1:colcon.colcon_core.package_identification:_identify(mujoco/model/flex/asset) by extensions ['colcon_pkg']
[0.497s] Level 1:colcon.colcon_core.package_identification:_identify(mujoco/model/flex/asset) by extension 'colcon_pkg'
[0.497s] Level 1:colcon.colcon_core.package_identification:_identify(mujoco/model/flex/asset) by extensions ['colcon_meta']
[0.497s] Level 1:colcon.colcon_core.package_identification:_identify(mujoco/model/flex/asset) by extension 'colcon_meta'
[0.497s] Level 1:colcon.colcon_core.package_identification:_identify(mujoco/model/flex/asset) by extensions ['ros']
[0.497s] Level 1:colcon.colcon_core.package_identification:_identify(mujoco/model/flex/asset) by extension 'ros'
[0.498s] Level 1:colcon.colcon_core.package_identification:_identify(mujoco/model/flex/asset) by extensions ['cmake', 'python']
[0.498s] Level 1:colcon.colcon_core.package_identification:_identify(mujoco/model/flex/asset) by extension 'cmake'
[0.498s] Level 1:colcon.colcon_core.package_identification:_identify(mujoco/model/flex/asset) by extension 'python'
[0.498s] Level 1:colcon.colcon_core.package_identification:_identify(mujoco/model/flex/asset) by extensions ['python_setup_py']
[0.498s] Level 1:colcon.colcon_core.package_identification:_identify(mujoco/model/flex/asset) by extension 'python_setup_py'
[0.498s] Level 1:colcon.colcon_core.package_identification:_identify(mujoco/model/hammock) by extensions ['ignore', 'ignore_ament_install']
[0.498s] Level 1:colcon.colcon_core.package_identification:_identify(mujoco/model/hammock) by extension 'ignore'
[0.498s] Level 1:colcon.colcon_core.package_identification:_identify(mujoco/model/hammock) by extension 'ignore_ament_install'
[0.498s] Level 1:colcon.colcon_core.package_identification:_identify(mujoco/model/hammock) by extensions ['colcon_pkg']
[0.498s] Level 1:colcon.colcon_core.package_identification:_identify(mujoco/model/hammock) by extension 'colcon_pkg'
[0.498s] Level 1:colcon.colcon_core.package_identification:_identify(mujoco/model/hammock) by extensions ['colcon_meta']
[0.498s] Level 1:colcon.colcon_core.package_identification:_identify(mujoco/model/hammock) by extension 'colcon_meta'
[0.498s] Level 1:colcon.colcon_core.package_identification:_identify(mujoco/model/hammock) by extensions ['ros']
[0.498s] Level 1:colcon.colcon_core.package_identification:_identify(mujoco/model/hammock) by extension 'ros'
[0.498s] Level 1:colcon.colcon_core.package_identification:_identify(mujoco/model/hammock) by extensions ['cmake', 'python']
[0.498s] Level 1:colcon.colcon_core.package_identification:_identify(mujoco/model/hammock) by extension 'cmake'
[0.498s] Level 1:colcon.colcon_core.package_identification:_identify(mujoco/model/hammock) by extension 'python'
[0.498s] Level 1:colcon.colcon_core.package_identification:_identify(mujoco/model/hammock) by extensions ['python_setup_py']
[0.499s] Level 1:colcon.colcon_core.package_identification:_identify(mujoco/model/hammock) by extension 'python_setup_py'
[0.499s] Level 1:colcon.colcon_core.package_identification:_identify(mujoco/model/humanoid) by extensions ['ignore', 'ignore_ament_install']
[0.499s] Level 1:colcon.colcon_core.package_identification:_identify(mujoco/model/humanoid) by extension 'ignore'
[0.499s] Level 1:colcon.colcon_core.package_identification:_identify(mujoco/model/humanoid) by extension 'ignore_ament_install'
[0.499s] Level 1:colcon.colcon_core.package_identification:_identify(mujoco/model/humanoid) by extensions ['colcon_pkg']
[0.499s] Level 1:colcon.colcon_core.package_identification:_identify(mujoco/model/humanoid) by extension 'colcon_pkg'
[0.499s] Level 1:colcon.colcon_core.package_identification:_identify(mujoco/model/humanoid) by extensions ['colcon_meta']
[0.499s] Level 1:colcon.colcon_core.package_identification:_identify(mujoco/model/humanoid) by extension 'colcon_meta'
[0.499s] Level 1:colcon.colcon_core.package_identification:_identify(mujoco/model/humanoid) by extensions ['ros']
[0.499s] Level 1:colcon.colcon_core.package_identification:_identify(mujoco/model/humanoid) by extension 'ros'
[0.499s] Level 1:colcon.colcon_core.package_identification:_identify(mujoco/model/humanoid) by extensions ['cmake', 'python']
[0.499s] Level 1:colcon.colcon_core.package_identification:_identify(mujoco/model/humanoid) by extension 'cmake'
[0.499s] Level 1:colcon.colcon_core.package_identification:_identify(mujoco/model/humanoid) by extension 'python'
[0.499s] Level 1:colcon.colcon_core.package_identification:_identify(mujoco/model/humanoid) by extensions ['python_setup_py']
[0.499s] Level 1:colcon.colcon_core.package_identification:_identify(mujoco/model/humanoid) by extension 'python_setup_py'
[0.500s] Level 1:colcon.colcon_core.package_identification:_identify(mujoco/model/mug) by extensions ['ignore', 'ignore_ament_install']
[0.500s] Level 1:colcon.colcon_core.package_identification:_identify(mujoco/model/mug) by extension 'ignore'
[0.500s] Level 1:colcon.colcon_core.package_identification:_identify(mujoco/model/mug) by extension 'ignore_ament_install'
[0.500s] Level 1:colcon.colcon_core.package_identification:_identify(mujoco/model/mug) by extensions ['colcon_pkg']
[0.500s] Level 1:colcon.colcon_core.package_identification:_identify(mujoco/model/mug) by extension 'colcon_pkg'
[0.500s] Level 1:colcon.colcon_core.package_identification:_identify(mujoco/model/mug) by extensions ['colcon_meta']
[0.500s] Level 1:colcon.colcon_core.package_identification:_identify(mujoco/model/mug) by extension 'colcon_meta'
[0.500s] Level 1:colcon.colcon_core.package_identification:_identify(mujoco/model/mug) by extensions ['ros']
[0.500s] Level 1:colcon.colcon_core.package_identification:_identify(mujoco/model/mug) by extension 'ros'
[0.500s] Level 1:colcon.colcon_core.package_identification:_identify(mujoco/model/mug) by extensions ['cmake', 'python']
[0.500s] Level 1:colcon.colcon_core.package_identification:_identify(mujoco/model/mug) by extension 'cmake'
[0.500s] Level 1:colcon.colcon_core.package_identification:_identify(mujoco/model/mug) by extension 'python'
[0.500s] Level 1:colcon.colcon_core.package_identification:_identify(mujoco/model/mug) by extensions ['python_setup_py']
[0.500s] Level 1:colcon.colcon_core.package_identification:_identify(mujoco/model/mug) by extension 'python_setup_py'
[0.500s] Level 1:colcon.colcon_core.package_identification:_identify(mujoco/model/plugin) by extensions ['ignore', 'ignore_ament_install']
[0.500s] Level 1:colcon.colcon_core.package_identification:_identify(mujoco/model/plugin) by extension 'ignore'
[0.500s] Level 1:colcon.colcon_core.package_identification:_identify(mujoco/model/plugin) by extension 'ignore_ament_install'
[0.500s] Level 1:colcon.colcon_core.package_identification:_identify(mujoco/model/plugin) by extensions ['colcon_pkg']
[0.500s] Level 1:colcon.colcon_core.package_identification:_identify(mujoco/model/plugin) by extension 'colcon_pkg'
[0.500s] Level 1:colcon.colcon_core.package_identification:_identify(mujoco/model/plugin) by extensions ['colcon_meta']
[0.500s] Level 1:colcon.colcon_core.package_identification:_identify(mujoco/model/plugin) by extension 'colcon_meta'
[0.501s] Level 1:colcon.colcon_core.package_identification:_identify(mujoco/model/plugin) by extensions ['ros']
[0.501s] Level 1:colcon.colcon_core.package_identification:_identify(mujoco/model/plugin) by extension 'ros'
[0.501s] Level 1:colcon.colcon_core.package_identification:_identify(mujoco/model/plugin) by extensions ['cmake', 'python']
[0.501s] Level 1:colcon.colcon_core.package_identification:_identify(mujoco/model/plugin) by extension 'cmake'
[0.501s] Level 1:colcon.colcon_core.package_identification:_identify(mujoco/model/plugin) by extension 'python'
[0.501s] Level 1:colcon.colcon_core.package_identification:_identify(mujoco/model/plugin) by extensions ['python_setup_py']
[0.501s] Level 1:colcon.colcon_core.package_identification:_identify(mujoco/model/plugin) by extension 'python_setup_py'
[0.501s] Level 1:colcon.colcon_core.package_identification:_identify(mujoco/model/plugin/actuator) by extensions ['ignore', 'ignore_ament_install']
[0.501s] Level 1:colcon.colcon_core.package_identification:_identify(mujoco/model/plugin/actuator) by extension 'ignore'
[0.501s] Level 1:colcon.colcon_core.package_identification:_identify(mujoco/model/plugin/actuator) by extension 'ignore_ament_install'
[0.501s] Level 1:colcon.colcon_core.package_identification:_identify(mujoco/model/plugin/actuator) by extensions ['colcon_pkg']
[0.501s] Level 1:colcon.colcon_core.package_identification:_identify(mujoco/model/plugin/actuator) by extension 'colcon_pkg'
[0.501s] Level 1:colcon.colcon_core.package_identification:_identify(mujoco/model/plugin/actuator) by extensions ['colcon_meta']
[0.501s] Level 1:colcon.colcon_core.package_identification:_identify(mujoco/model/plugin/actuator) by extension 'colcon_meta'
[0.501s] Level 1:colcon.colcon_core.package_identification:_identify(mujoco/model/plugin/actuator) by extensions ['ros']
[0.501s] Level 1:colcon.colcon_core.package_identification:_identify(mujoco/model/plugin/actuator) by extension 'ros'
[0.501s] Level 1:colcon.colcon_core.package_identification:_identify(mujoco/model/plugin/actuator) by extensions ['cmake', 'python']
[0.501s] Level 1:colcon.colcon_core.package_identification:_identify(mujoco/model/plugin/actuator) by extension 'cmake'
[0.502s] Level 1:colcon.colcon_core.package_identification:_identify(mujoco/model/plugin/actuator) by extension 'python'
[0.502s] Level 1:colcon.colcon_core.package_identification:_identify(mujoco/model/plugin/actuator) by extensions ['python_setup_py']
[0.502s] Level 1:colcon.colcon_core.package_identification:_identify(mujoco/model/plugin/actuator) by extension 'python_setup_py'
[0.502s] Level 1:colcon.colcon_core.package_identification:_identify(mujoco/model/plugin/elasticity) by extensions ['ignore', 'ignore_ament_install']
[0.502s] Level 1:colcon.colcon_core.package_identification:_identify(mujoco/model/plugin/elasticity) by extension 'ignore'
[0.502s] Level 1:colcon.colcon_core.package_identification:_identify(mujoco/model/plugin/elasticity) by extension 'ignore_ament_install'
[0.502s] Level 1:colcon.colcon_core.package_identification:_identify(mujoco/model/plugin/elasticity) by extensions ['colcon_pkg']
[0.502s] Level 1:colcon.colcon_core.package_identification:_identify(mujoco/model/plugin/elasticity) by extension 'colcon_pkg'
[0.502s] Level 1:colcon.colcon_core.package_identification:_identify(mujoco/model/plugin/elasticity) by extensions ['colcon_meta']
[0.502s] Level 1:colcon.colcon_core.package_identification:_identify(mujoco/model/plugin/elasticity) by extension 'colcon_meta'
[0.502s] Level 1:colcon.colcon_core.package_identification:_identify(mujoco/model/plugin/elasticity) by extensions ['ros']
[0.502s] Level 1:colcon.colcon_core.package_identification:_identify(mujoco/model/plugin/elasticity) by extension 'ros'
[0.502s] Level 1:colcon.colcon_core.package_identification:_identify(mujoco/model/plugin/elasticity) by extensions ['cmake', 'python']
[0.502s] Level 1:colcon.colcon_core.package_identification:_identify(mujoco/model/plugin/elasticity) by extension 'cmake'
[0.502s] Level 1:colcon.colcon_core.package_identification:_identify(mujoco/model/plugin/elasticity) by extension 'python'
[0.502s] Level 1:colcon.colcon_core.package_identification:_identify(mujoco/model/plugin/elasticity) by extensions ['python_setup_py']
[0.502s] Level 1:colcon.colcon_core.package_identification:_identify(mujoco/model/plugin/elasticity) by extension 'python_setup_py'
[0.503s] Level 1:colcon.colcon_core.package_identification:_identify(mujoco/model/plugin/sdf) by extensions ['ignore', 'ignore_ament_install']
[0.503s] Level 1:colcon.colcon_core.package_identification:_identify(mujoco/model/plugin/sdf) by extension 'ignore'
[0.503s] Level 1:colcon.colcon_core.package_identification:_identify(mujoco/model/plugin/sdf) by extension 'ignore_ament_install'
[0.503s] Level 1:colcon.colcon_core.package_identification:_identify(mujoco/model/plugin/sdf) by extensions ['colcon_pkg']
[0.503s] Level 1:colcon.colcon_core.package_identification:_identify(mujoco/model/plugin/sdf) by extension 'colcon_pkg'
[0.503s] Level 1:colcon.colcon_core.package_identification:_identify(mujoco/model/plugin/sdf) by extensions ['colcon_meta']
[0.503s] Level 1:colcon.colcon_core.package_identification:_identify(mujoco/model/plugin/sdf) by extension 'colcon_meta'
[0.503s] Level 1:colcon.colcon_core.package_identification:_identify(mujoco/model/plugin/sdf) by extensions ['ros']
[0.503s] Level 1:colcon.colcon_core.package_identification:_identify(mujoco/model/plugin/sdf) by extension 'ros'
[0.503s] Level 1:colcon.colcon_core.package_identification:_identify(mujoco/model/plugin/sdf) by extensions ['cmake', 'python']
[0.503s] Level 1:colcon.colcon_core.package_identification:_identify(mujoco/model/plugin/sdf) by extension 'cmake'
[0.503s] Level 1:colcon.colcon_core.package_identification:_identify(mujoco/model/plugin/sdf) by extension 'python'
[0.503s] Level 1:colcon.colcon_core.package_identification:_identify(mujoco/model/plugin/sdf) by extensions ['python_setup_py']
[0.503s] Level 1:colcon.colcon_core.package_identification:_identify(mujoco/model/plugin/sdf) by extension 'python_setup_py'
[0.503s] Level 1:colcon.colcon_core.package_identification:_identify(mujoco/model/plugin/sdf/asset) by extensions ['ignore', 'ignore_ament_install']
[0.503s] Level 1:colcon.colcon_core.package_identification:_identify(mujoco/model/plugin/sdf/asset) by extension 'ignore'
[0.503s] Level 1:colcon.colcon_core.package_identification:_identify(mujoco/model/plugin/sdf/asset) by extension 'ignore_ament_install'
[0.504s] Level 1:colcon.colcon_core.package_identification:_identify(mujoco/model/plugin/sdf/asset) by extensions ['colcon_pkg']
[0.504s] Level 1:colcon.colcon_core.package_identification:_identify(mujoco/model/plugin/sdf/asset) by extension 'colcon_pkg'
[0.504s] Level 1:colcon.colcon_core.package_identification:_identify(mujoco/model/plugin/sdf/asset) by extensions ['colcon_meta']
[0.504s] Level 1:colcon.colcon_core.package_identification:_identify(mujoco/model/plugin/sdf/asset) by extension 'colcon_meta'
[0.504s] Level 1:colcon.colcon_core.package_identification:_identify(mujoco/model/plugin/sdf/asset) by extensions ['ros']
[0.504s] Level 1:colcon.colcon_core.package_identification:_identify(mujoco/model/plugin/sdf/asset) by extension 'ros'
[0.504s] Level 1:colcon.colcon_core.package_identification:_identify(mujoco/model/plugin/sdf/asset) by extensions ['cmake', 'python']
[0.504s] Level 1:colcon.colcon_core.package_identification:_identify(mujoco/model/plugin/sdf/asset) by extension 'cmake'
[0.504s] Level 1:colcon.colcon_core.package_identification:_identify(mujoco/model/plugin/sdf/asset) by extension 'python'
[0.504s] Level 1:colcon.colcon_core.package_identification:_identify(mujoco/model/plugin/sdf/asset) by extensions ['python_setup_py']
[0.504s] Level 1:colcon.colcon_core.package_identification:_identify(mujoco/model/plugin/sdf/asset) by extension 'python_setup_py'
[0.504s] Level 1:colcon.colcon_core.package_identification:_identify(mujoco/model/plugin/sensor) by extensions ['ignore', 'ignore_ament_install']
[0.504s] Level 1:colcon.colcon_core.package_identification:_identify(mujoco/model/plugin/sensor) by extension 'ignore'
[0.504s] Level 1:colcon.colcon_core.package_identification:_identify(mujoco/model/plugin/sensor) by extension 'ignore_ament_install'
[0.504s] Level 1:colcon.colcon_core.package_identification:_identify(mujoco/model/plugin/sensor) by extensions ['colcon_pkg']
[0.504s] Level 1:colcon.colcon_core.package_identification:_identify(mujoco/model/plugin/sensor) by extension 'colcon_pkg'
[0.504s] Level 1:colcon.colcon_core.package_identification:_identify(mujoco/model/plugin/sensor) by extensions ['colcon_meta']
[0.504s] Level 1:colcon.colcon_core.package_identification:_identify(mujoco/model/plugin/sensor) by extension 'colcon_meta'
[0.504s] Level 1:colcon.colcon_core.package_identification:_identify(mujoco/model/plugin/sensor) by extensions ['ros']
[0.505s] Level 1:colcon.colcon_core.package_identification:_identify(mujoco/model/plugin/sensor) by extension 'ros'
[0.505s] Level 1:colcon.colcon_core.package_identification:_identify(mujoco/model/plugin/sensor) by extensions ['cmake', 'python']
[0.505s] Level 1:colcon.colcon_core.package_identification:_identify(mujoco/model/plugin/sensor) by extension 'cmake'
[0.505s] Level 1:colcon.colcon_core.package_identification:_identify(mujoco/model/plugin/sensor) by extension 'python'
[0.505s] Level 1:colcon.colcon_core.package_identification:_identify(mujoco/model/plugin/sensor) by extensions ['python_setup_py']
[0.505s] Level 1:colcon.colcon_core.package_identification:_identify(mujoco/model/plugin/sensor) by extension 'python_setup_py'
[0.505s] Level 1:colcon.colcon_core.package_identification:_identify(mujoco/model/replicate) by extensions ['ignore', 'ignore_ament_install']
[0.505s] Level 1:colcon.colcon_core.package_identification:_identify(mujoco/model/replicate) by extension 'ignore'
[0.505s] Level 1:colcon.colcon_core.package_identification:_identify(mujoco/model/replicate) by extension 'ignore_ament_install'
[0.505s] Level 1:colcon.colcon_core.package_identification:_identify(mujoco/model/replicate) by extensions ['colcon_pkg']
[0.505s] Level 1:colcon.colcon_core.package_identification:_identify(mujoco/model/replicate) by extension 'colcon_pkg'
[0.505s] Level 1:colcon.colcon_core.package_identification:_identify(mujoco/model/replicate) by extensions ['colcon_meta']
[0.505s] Level 1:colcon.colcon_core.package_identification:_identify(mujoco/model/replicate) by extension 'colcon_meta'
[0.505s] Level 1:colcon.colcon_core.package_identification:_identify(mujoco/model/replicate) by extensions ['ros']
[0.505s] Level 1:colcon.colcon_core.package_identification:_identify(mujoco/model/replicate) by extension 'ros'
[0.505s] Level 1:colcon.colcon_core.package_identification:_identify(mujoco/model/replicate) by extensions ['cmake', 'python']
[0.505s] Level 1:colcon.colcon_core.package_identification:_identify(mujoco/model/replicate) by extension 'cmake'
[0.505s] Level 1:colcon.colcon_core.package_identification:_identify(mujoco/model/replicate) by extension 'python'
[0.505s] Level 1:colcon.colcon_core.package_identification:_identify(mujoco/model/replicate) by extensions ['python_setup_py']
[0.505s] Level 1:colcon.colcon_core.package_identification:_identify(mujoco/model/replicate) by extension 'python_setup_py'
[0.506s] Level 1:colcon.colcon_core.package_identification:_identify(mujoco/model/replicate/asset) by extensions ['ignore', 'ignore_ament_install']
[0.506s] Level 1:colcon.colcon_core.package_identification:_identify(mujoco/model/replicate/asset) by extension 'ignore'
[0.506s] Level 1:colcon.colcon_core.package_identification:_identify(mujoco/model/replicate/asset) by extension 'ignore_ament_install'
[0.506s] Level 1:colcon.colcon_core.package_identification:_identify(mujoco/model/replicate/asset) by extensions ['colcon_pkg']
[0.506s] Level 1:colcon.colcon_core.package_identification:_identify(mujoco/model/replicate/asset) by extension 'colcon_pkg'
[0.506s] Level 1:colcon.colcon_core.package_identification:_identify(mujoco/model/replicate/asset) by extensions ['colcon_meta']
[0.506s] Level 1:colcon.colcon_core.package_identification:_identify(mujoco/model/replicate/asset) by extension 'colcon_meta'
[0.506s] Level 1:colcon.colcon_core.package_identification:_identify(mujoco/model/replicate/asset) by extensions ['ros']
[0.506s] Level 1:colcon.colcon_core.package_identification:_identify(mujoco/model/replicate/asset) by extension 'ros'
[0.506s] Level 1:colcon.colcon_core.package_identification:_identify(mujoco/model/replicate/asset) by extensions ['cmake', 'python']
[0.506s] Level 1:colcon.colcon_core.package_identification:_identify(mujoco/model/replicate/asset) by extension 'cmake'
[0.506s] Level 1:colcon.colcon_core.package_identification:_identify(mujoco/model/replicate/asset) by extension 'python'
[0.506s] Level 1:colcon.colcon_core.package_identification:_identify(mujoco/model/replicate/asset) by extensions ['python_setup_py']
[0.506s] Level 1:colcon.colcon_core.package_identification:_identify(mujoco/model/replicate/asset) by extension 'python_setup_py'
[0.506s] Level 1:colcon.colcon_core.package_identification:_identify(mujoco/model/slider_crank) by extensions ['ignore', 'ignore_ament_install']
[0.507s] Level 1:colcon.colcon_core.package_identification:_identify(mujoco/model/slider_crank) by extension 'ignore'
[0.507s] Level 1:colcon.colcon_core.package_identification:_identify(mujoco/model/slider_crank) by extension 'ignore_ament_install'
[0.507s] Level 1:colcon.colcon_core.package_identification:_identify(mujoco/model/slider_crank) by extensions ['colcon_pkg']
[0.507s] Level 1:colcon.colcon_core.package_identification:_identify(mujoco/model/slider_crank) by extension 'colcon_pkg'
[0.507s] Level 1:colcon.colcon_core.package_identification:_identify(mujoco/model/slider_crank) by extensions ['colcon_meta']
[0.507s] Level 1:colcon.colcon_core.package_identification:_identify(mujoco/model/slider_crank) by extension 'colcon_meta'
[0.507s] Level 1:colcon.colcon_core.package_identification:_identify(mujoco/model/slider_crank) by extensions ['ros']
[0.507s] Level 1:colcon.colcon_core.package_identification:_identify(mujoco/model/slider_crank) by extension 'ros'
[0.507s] Level 1:colcon.colcon_core.package_identification:_identify(mujoco/model/slider_crank) by extensions ['cmake', 'python']
[0.507s] Level 1:colcon.colcon_core.package_identification:_identify(mujoco/model/slider_crank) by extension 'cmake'
[0.507s] Level 1:colcon.colcon_core.package_identification:_identify(mujoco/model/slider_crank) by extension 'python'
[0.507s] Level 1:colcon.colcon_core.package_identification:_identify(mujoco/model/slider_crank) by extensions ['python_setup_py']
[0.507s] Level 1:colcon.colcon_core.package_identification:_identify(mujoco/model/slider_crank) by extension 'python_setup_py'
[0.507s] Level 1:colcon.colcon_core.package_identification:_identify(mujoco/model/tendon_arm) by extensions ['ignore', 'ignore_ament_install']
[0.507s] Level 1:colcon.colcon_core.package_identification:_identify(mujoco/model/tendon_arm) by extension 'ignore'
[0.507s] Level 1:colcon.colcon_core.package_identification:_identify(mujoco/model/tendon_arm) by extension 'ignore_ament_install'
[0.507s] Level 1:colcon.colcon_core.package_identification:_identify(mujoco/model/tendon_arm) by extensions ['colcon_pkg']
[0.507s] Level 1:colcon.colcon_core.package_identification:_identify(mujoco/model/tendon_arm) by extension 'colcon_pkg'
[0.508s] Level 1:colcon.colcon_core.package_identification:_identify(mujoco/model/tendon_arm) by extensions ['colcon_meta']
[0.508s] Level 1:colcon.colcon_core.package_identification:_identify(mujoco/model/tendon_arm) by extension 'colcon_meta'
[0.508s] Level 1:colcon.colcon_core.package_identification:_identify(mujoco/model/tendon_arm) by extensions ['ros']
[0.508s] Level 1:colcon.colcon_core.package_identification:_identify(mujoco/model/tendon_arm) by extension 'ros'
[0.508s] Level 1:colcon.colcon_core.package_identification:_identify(mujoco/model/tendon_arm) by extensions ['cmake', 'python']
[0.508s] Level 1:colcon.colcon_core.package_identification:_identify(mujoco/model/tendon_arm) by extension 'cmake'
[0.508s] Level 1:colcon.colcon_core.package_identification:_identify(mujoco/model/tendon_arm) by extension 'python'
[0.508s] Level 1:colcon.colcon_core.package_identification:_identify(mujoco/model/tendon_arm) by extensions ['python_setup_py']
[0.508s] Level 1:colcon.colcon_core.package_identification:_identify(mujoco/model/tendon_arm) by extension 'python_setup_py'
[0.508s] Level 1:colcon.colcon_core.package_identification:_identify(mujoco/sample) by extensions ['ignore', 'ignore_ament_install']
[0.508s] Level 1:colcon.colcon_core.package_identification:_identify(mujoco/sample) by extension 'ignore'
[0.508s] Level 1:colcon.colcon_core.package_identification:_identify(mujoco/sample) by extension 'ignore_ament_install'
[0.508s] Level 1:colcon.colcon_core.package_identification:_identify(mujoco/sample) by extensions ['colcon_pkg']
[0.508s] Level 1:colcon.colcon_core.package_identification:_identify(mujoco/sample) by extension 'colcon_pkg'
[0.508s] Level 1:colcon.colcon_core.package_identification:_identify(mujoco/sample) by extensions ['colcon_meta']
[0.508s] Level 1:colcon.colcon_core.package_identification:_identify(mujoco/sample) by extension 'colcon_meta'
[0.508s] Level 1:colcon.colcon_core.package_identification:_identify(mujoco/sample) by extensions ['ros']
[0.508s] Level 1:colcon.colcon_core.package_identification:_identify(mujoco/sample) by extension 'ros'
[0.508s] Level 1:colcon.colcon_core.package_identification:_identify(mujoco/sample) by extensions ['cmake', 'python']
[0.508s] Level 1:colcon.colcon_core.package_identification:_identify(mujoco/sample) by extension 'cmake'
[0.508s] Level 1:colcon.colcon_core.package_identification:_identify(mujoco/sample) by extension 'python'
[0.509s] Level 1:colcon.colcon_core.package_identification:_identify(mujoco/sample) by extensions ['python_setup_py']
[0.509s] Level 1:colcon.colcon_core.package_identification:_identify(mujoco/sample) by extension 'python_setup_py'
[0.509s] Level 1:colcon.colcon_core.package_identification:_identify(mujoco/sample/cmake) by extensions ['ignore', 'ignore_ament_install']
[0.509s] Level 1:colcon.colcon_core.package_identification:_identify(mujoco/sample/cmake) by extension 'ignore'
[0.509s] Level 1:colcon.colcon_core.package_identification:_identify(mujoco/sample/cmake) by extension 'ignore_ament_install'
[0.509s] Level 1:colcon.colcon_core.package_identification:_identify(mujoco/sample/cmake) by extensions ['colcon_pkg']
[0.509s] Level 1:colcon.colcon_core.package_identification:_identify(mujoco/sample/cmake) by extension 'colcon_pkg'
[0.509s] Level 1:colcon.colcon_core.package_identification:_identify(mujoco/sample/cmake) by extensions ['colcon_meta']
[0.509s] Level 1:colcon.colcon_core.package_identification:_identify(mujoco/sample/cmake) by extension 'colcon_meta'
[0.509s] Level 1:colcon.colcon_core.package_identification:_identify(mujoco/sample/cmake) by extensions ['ros']
[0.509s] Level 1:colcon.colcon_core.package_identification:_identify(mujoco/sample/cmake) by extension 'ros'
[0.509s] Level 1:colcon.colcon_core.package_identification:_identify(mujoco/sample/cmake) by extensions ['cmake', 'python']
[0.509s] Level 1:colcon.colcon_core.package_identification:_identify(mujoco/sample/cmake) by extension 'cmake'
[0.509s] Level 1:colcon.colcon_core.package_identification:_identify(mujoco/sample/cmake) by extension 'python'
[0.509s] Level 1:colcon.colcon_core.package_identification:_identify(mujoco/sample/cmake) by extensions ['python_setup_py']
[0.509s] Level 1:colcon.colcon_core.package_identification:_identify(mujoco/sample/cmake) by extension 'python_setup_py'
[0.509s] Level 1:colcon.colcon_core.package_identification:_identify(mujoco/simulate) by extensions ['ignore', 'ignore_ament_install']
[0.510s] Level 1:colcon.colcon_core.package_identification:_identify(mujoco/simulate) by extension 'ignore'
[0.510s] Level 1:colcon.colcon_core.package_identification:_identify(mujoco/simulate) by extension 'ignore_ament_install'
[0.510s] Level 1:colcon.colcon_core.package_identification:_identify(mujoco/simulate) by extensions ['colcon_pkg']
[0.510s] Level 1:colcon.colcon_core.package_identification:_identify(mujoco/simulate) by extension 'colcon_pkg'
[0.510s] Level 1:colcon.colcon_core.package_identification:_identify(mujoco/simulate) by extensions ['colcon_meta']
[0.510s] Level 1:colcon.colcon_core.package_identification:_identify(mujoco/simulate) by extension 'colcon_meta'
[0.510s] Level 1:colcon.colcon_core.package_identification:_identify(mujoco/simulate) by extensions ['ros']
[0.510s] Level 1:colcon.colcon_core.package_identification:_identify(mujoco/simulate) by extension 'ros'
[0.510s] Level 1:colcon.colcon_core.package_identification:_identify(mujoco/simulate) by extensions ['cmake', 'python']
[0.510s] Level 1:colcon.colcon_core.package_identification:_identify(mujoco/simulate) by extension 'cmake'
[0.510s] Level 1:colcon.colcon_core.package_identification:_identify(mujoco/simulate) by extension 'python'
[0.510s] Level 1:colcon.colcon_core.package_identification:_identify(mujoco/simulate) by extensions ['python_setup_py']
[0.510s] Level 1:colcon.colcon_core.package_identification:_identify(mujoco/simulate) by extension 'python_setup_py'
[0.510s] Level 1:colcon.colcon_core.package_identification:_identify(mujoco/simulate/cmake) by extensions ['ignore', 'ignore_ament_install']
[0.510s] Level 1:colcon.colcon_core.package_identification:_identify(mujoco/simulate/cmake) by extension 'ignore'
[0.510s] Level 1:colcon.colcon_core.package_identification:_identify(mujoco/simulate/cmake) by extension 'ignore_ament_install'
[0.510s] Level 1:colcon.colcon_core.package_identification:_identify(mujoco/simulate/cmake) by extensions ['colcon_pkg']
[0.510s] Level 1:colcon.colcon_core.package_identification:_identify(mujoco/simulate/cmake) by extension 'colcon_pkg'
[0.511s] Level 1:colcon.colcon_core.package_identification:_identify(mujoco/simulate/cmake) by extensions ['colcon_meta']
[0.511s] Level 1:colcon.colcon_core.package_identification:_identify(mujoco/simulate/cmake) by extension 'colcon_meta'
[0.511s] Level 1:colcon.colcon_core.package_identification:_identify(mujoco/simulate/cmake) by extensions ['ros']
[0.511s] Level 1:colcon.colcon_core.package_identification:_identify(mujoco/simulate/cmake) by extension 'ros'
[0.511s] Level 1:colcon.colcon_core.package_identification:_identify(mujoco/simulate/cmake) by extensions ['cmake', 'python']
[0.511s] Level 1:colcon.colcon_core.package_identification:_identify(mujoco/simulate/cmake) by extension 'cmake'
[0.511s] Level 1:colcon.colcon_core.package_identification:_identify(mujoco/simulate/cmake) by extension 'python'
[0.511s] Level 1:colcon.colcon_core.package_identification:_identify(mujoco/simulate/cmake) by extensions ['python_setup_py']
[0.511s] Level 1:colcon.colcon_core.package_identification:_identify(mujoco/simulate/cmake) by extension 'python_setup_py'
[0.511s] Level 1:colcon.colcon_core.package_identification:_identify(src) by extensions ['ignore', 'ignore_ament_install']
[0.511s] Level 1:colcon.colcon_core.package_identification:_identify(src) by extension 'ignore'
[0.511s] Level 1:colcon.colcon_core.package_identification:_identify(src) by extension 'ignore_ament_install'
[0.511s] Level 1:colcon.colcon_core.package_identification:_identify(src) by extensions ['colcon_pkg']
[0.511s] Level 1:colcon.colcon_core.package_identification:_identify(src) by extension 'colcon_pkg'
[0.511s] Level 1:colcon.colcon_core.package_identification:_identify(src) by extensions ['colcon_meta']
[0.511s] Level 1:colcon.colcon_core.package_identification:_identify(src) by extension 'colcon_meta'
[0.511s] Level 1:colcon.colcon_core.package_identification:_identify(src) by extensions ['ros']
[0.511s] Level 1:colcon.colcon_core.package_identification:_identify(src) by extension 'ros'
[0.511s] Level 1:colcon.colcon_core.package_identification:_identify(src) by extensions ['cmake', 'python']
[0.511s] Level 1:colcon.colcon_core.package_identification:_identify(src) by extension 'cmake'
[0.511s] Level 1:colcon.colcon_core.package_identification:_identify(src) by extension 'python'
[0.512s] Level 1:colcon.colcon_core.package_identification:_identify(src) by extensions ['python_setup_py']
[0.512s] Level 1:colcon.colcon_core.package_identification:_identify(src) by extension 'python_setup_py'
[0.512s] Level 1:colcon.colcon_core.package_identification:_identify(src/direct_control) by extensions ['ignore', 'ignore_ament_install']
[0.512s] Level 1:colcon.colcon_core.package_identification:_identify(src/direct_control) by extension 'ignore'
[0.512s] Level 1:colcon.colcon_core.package_identification:_identify(src/direct_control) by extension 'ignore_ament_install'
[0.512s] Level 1:colcon.colcon_core.package_identification:_identify(src/direct_control) by extensions ['colcon_pkg']
[0.512s] Level 1:colcon.colcon_core.package_identification:_identify(src/direct_control) by extension 'colcon_pkg'
[0.512s] Level 1:colcon.colcon_core.package_identification:_identify(src/direct_control) by extensions ['colcon_meta']
[0.512s] Level 1:colcon.colcon_core.package_identification:_identify(src/direct_control) by extension 'colcon_meta'
[0.512s] Level 1:colcon.colcon_core.package_identification:_identify(src/direct_control) by extensions ['ros']
[0.512s] Level 1:colcon.colcon_core.package_identification:_identify(src/direct_control) by extension 'ros'
[0.515s] DEBUG:colcon.colcon_core.package_identification:Package 'src/direct_control' with type 'ros.ament_python' and name 'direct_control'
[0.515s] Level 1:colcon.colcon_core.package_identification:_identify(src/rov_attitude_controller) by extensions ['ignore', 'ignore_ament_install']
[0.515s] Level 1:colcon.colcon_core.package_identification:_identify(src/rov_attitude_controller) by extension 'ignore'
[0.515s] Level 1:colcon.colcon_core.package_identification:_identify(src/rov_attitude_controller) by extension 'ignore_ament_install'
[0.515s] Level 1:colcon.colcon_core.package_identification:_identify(src/rov_attitude_controller) by extensions ['colcon_pkg']
[0.515s] Level 1:colcon.colcon_core.package_identification:_identify(src/rov_attitude_controller) by extension 'colcon_pkg'
[0.515s] Level 1:colcon.colcon_core.package_identification:_identify(src/rov_attitude_controller) by extensions ['colcon_meta']
[0.515s] Level 1:colcon.colcon_core.package_identification:_identify(src/rov_attitude_controller) by extension 'colcon_meta'
[0.515s] Level 1:colcon.colcon_core.package_identification:_identify(src/rov_attitude_controller) by extensions ['ros']
[0.515s] Level 1:colcon.colcon_core.package_identification:_identify(src/rov_attitude_controller) by extension 'ros'
[0.516s] DEBUG:colcon.colcon_core.package_identification:Package 'src/rov_attitude_controller' with type 'ros.ament_python' and name 'rov_attitude_controller'
[0.516s] Level 1:colcon.colcon_core.package_identification:_identify(src/rov_controllers) by extensions ['ignore', 'ignore_ament_install']
[0.516s] Level 1:colcon.colcon_core.package_identification:_identify(src/rov_controllers) by extension 'ignore'
[0.516s] Level 1:colcon.colcon_core.package_identification:_identify(src/rov_controllers) by extension 'ignore_ament_install'
[0.516s] Level 1:colcon.colcon_core.package_identification:_identify(src/rov_controllers) by extensions ['colcon_pkg']
[0.516s] Level 1:colcon.colcon_core.package_identification:_identify(src/rov_controllers) by extension 'colcon_pkg'
[0.516s] Level 1:colcon.colcon_core.package_identification:_identify(src/rov_controllers) by extensions ['colcon_meta']
[0.516s] Level 1:colcon.colcon_core.package_identification:_identify(src/rov_controllers) by extension 'colcon_meta'
[0.516s] Level 1:colcon.colcon_core.package_identification:_identify(src/rov_controllers) by extensions ['ros']
[0.516s] Level 1:colcon.colcon_core.package_identification:_identify(src/rov_controllers) by extension 'ros'
[0.517s] DEBUG:colcon.colcon_core.package_identification:Package 'src/rov_controllers' with type 'ros.ament_cmake' and name 'rov_controllers'
[0.517s] Level 1:colcon.colcon_core.package_identification:_identify(src/rov_hardware_interface) by extensions ['ignore', 'ignore_ament_install']
[0.517s] Level 1:colcon.colcon_core.package_identification:_identify(src/rov_hardware_interface) by extension 'ignore'
[0.517s] Level 1:colcon.colcon_core.package_identification:_identify(src/rov_hardware_interface) by extension 'ignore_ament_install'
[0.517s] Level 1:colcon.colcon_core.package_identification:_identify(src/rov_hardware_interface) by extensions ['colcon_pkg']
[0.517s] Level 1:colcon.colcon_core.package_identification:_identify(src/rov_hardware_interface) by extension 'colcon_pkg'
[0.517s] Level 1:colcon.colcon_core.package_identification:_identify(src/rov_hardware_interface) by extensions ['colcon_meta']
[0.517s] Level 1:colcon.colcon_core.package_identification:_identify(src/rov_hardware_interface) by extension 'colcon_meta'
[0.517s] Level 1:colcon.colcon_core.package_identification:_identify(src/rov_hardware_interface) by extensions ['ros']
[0.517s] Level 1:colcon.colcon_core.package_identification:_identify(src/rov_hardware_interface) by extension 'ros'
[0.518s] DEBUG:colcon.colcon_core.package_identification:Package 'src/rov_hardware_interface' with type 'ros.ament_cmake' and name 'rov_hardware_interface'
[0.518s] Level 1:colcon.colcon_core.package_identification:_identify(src/rov_mujoco_bringup) by extensions ['ignore', 'ignore_ament_install']
[0.518s] Level 1:colcon.colcon_core.package_identification:_identify(src/rov_mujoco_bringup) by extension 'ignore'
[0.518s] Level 1:colcon.colcon_core.package_identification:_identify(src/rov_mujoco_bringup) by extension 'ignore_ament_install'
[0.519s] Level 1:colcon.colcon_core.package_identification:_identify(src/rov_mujoco_bringup) by extensions ['colcon_pkg']
[0.519s] Level 1:colcon.colcon_core.package_identification:_identify(src/rov_mujoco_bringup) by extension 'colcon_pkg'
[0.519s] Level 1:colcon.colcon_core.package_identification:_identify(src/rov_mujoco_bringup) by extensions ['colcon_meta']
[0.519s] Level 1:colcon.colcon_core.package_identification:_identify(src/rov_mujoco_bringup) by extension 'colcon_meta'
[0.519s] Level 1:colcon.colcon_core.package_identification:_identify(src/rov_mujoco_bringup) by extensions ['ros']
[0.519s] Level 1:colcon.colcon_core.package_identification:_identify(src/rov_mujoco_bringup) by extension 'ros'
[0.519s] DEBUG:colcon.colcon_core.package_identification:Package 'src/rov_mujoco_bringup' with type 'ros.ament_cmake' and name 'rov_mujoco_bringup'
[0.519s] Level 1:colcon.colcon_core.package_identification:_identify(src/rov_mujoco_description) by extensions ['ignore', 'ignore_ament_install']
[0.520s] Level 1:colcon.colcon_core.package_identification:_identify(src/rov_mujoco_description) by extension 'ignore'
[0.520s] Level 1:colcon.colcon_core.package_identification:_identify(src/rov_mujoco_description) by extension 'ignore_ament_install'
[0.520s] Level 1:colcon.colcon_core.package_identification:_identify(src/rov_mujoco_description) by extensions ['colcon_pkg']
[0.520s] Level 1:colcon.colcon_core.package_identification:_identify(src/rov_mujoco_description) by extension 'colcon_pkg'
[0.520s] Level 1:colcon.colcon_core.package_identification:_identify(src/rov_mujoco_description) by extensions ['colcon_meta']
[0.520s] Level 1:colcon.colcon_core.package_identification:_identify(src/rov_mujoco_description) by extension 'colcon_meta'
[0.520s] Level 1:colcon.colcon_core.package_identification:_identify(src/rov_mujoco_description) by extensions ['ros']
[0.520s] Level 1:colcon.colcon_core.package_identification:_identify(src/rov_mujoco_description) by extension 'ros'
[0.520s] DEBUG:colcon.colcon_core.package_identification:Package 'src/rov_mujoco_description' with type 'ros.ament_cmake' and name 'rov_mujoco_description'
[0.520s] Level 1:colcon.colcon_core.package_identification:_identify(src/rov_mujoco_sim) by extensions ['ignore', 'ignore_ament_install']
[0.521s] Level 1:colcon.colcon_core.package_identification:_identify(src/rov_mujoco_sim) by extension 'ignore'
[0.521s] Level 1:colcon.colcon_core.package_identification:_identify(src/rov_mujoco_sim) by extension 'ignore_ament_install'
[0.521s] Level 1:colcon.colcon_core.package_identification:_identify(src/rov_mujoco_sim) by extensions ['colcon_pkg']
[0.521s] Level 1:colcon.colcon_core.package_identification:_identify(src/rov_mujoco_sim) by extension 'colcon_pkg'
[0.521s] Level 1:colcon.colcon_core.package_identification:_identify(src/rov_mujoco_sim) by extensions ['colcon_meta']
[0.521s] Level 1:colcon.colcon_core.package_identification:_identify(src/rov_mujoco_sim) by extension 'colcon_meta'
[0.521s] Level 1:colcon.colcon_core.package_identification:_identify(src/rov_mujoco_sim) by extensions ['ros']
[0.521s] Level 1:colcon.colcon_core.package_identification:_identify(src/rov_mujoco_sim) by extension 'ros'
[0.522s] DEBUG:colcon.colcon_core.package_identification:Package 'src/rov_mujoco_sim' with type 'ros.ament_cmake' and name 'rov_mujoco_sim'
[0.522s] Level 1:colcon.colcon_core.package_identification:_identify(src/rov_path_follower) by extensions ['ignore', 'ignore_ament_install']
[0.522s] Level 1:colcon.colcon_core.package_identification:_identify(src/rov_path_follower) by extension 'ignore'
[0.523s] Level 1:colcon.colcon_core.package_identification:_identify(src/rov_path_follower) by extension 'ignore_ament_install'
[0.523s] Level 1:colcon.colcon_core.package_identification:_identify(src/rov_path_follower) by extensions ['colcon_pkg']
[0.523s] Level 1:colcon.colcon_core.package_identification:_identify(src/rov_path_follower) by extension 'colcon_pkg'
[0.523s] Level 1:colcon.colcon_core.package_identification:_identify(src/rov_path_follower) by extensions ['colcon_meta']
[0.523s] Level 1:colcon.colcon_core.package_identification:_identify(src/rov_path_follower) by extension 'colcon_meta'
[0.523s] Level 1:colcon.colcon_core.package_identification:_identify(src/rov_path_follower) by extensions ['ros']
[0.523s] Level 1:colcon.colcon_core.package_identification:_identify(src/rov_path_follower) by extension 'ros'
[0.523s] DEBUG:colcon.colcon_core.package_identification:Package 'src/rov_path_follower' with type 'ros.ament_python' and name 'rov_path_follower'
[0.523s] Level 1:colcon.colcon_core.package_identification:_identify(src/rov_path_generator) by extensions ['ignore', 'ignore_ament_install']
[0.524s] Level 1:colcon.colcon_core.package_identification:_identify(src/rov_path_generator) by extension 'ignore'
[0.524s] Level 1:colcon.colcon_core.package_identification:_identify(src/rov_path_generator) by extension 'ignore_ament_install'
[0.524s] Level 1:colcon.colcon_core.package_identification:_identify(src/rov_path_generator) by extensions ['colcon_pkg']
[0.524s] Level 1:colcon.colcon_core.package_identification:_identify(src/rov_path_generator) by extension 'colcon_pkg'
[0.524s] Level 1:colcon.colcon_core.package_identification:_identify(src/rov_path_generator) by extensions ['colcon_meta']
[0.524s] Level 1:colcon.colcon_core.package_identification:_identify(src/rov_path_generator) by extension 'colcon_meta'
[0.524s] Level 1:colcon.colcon_core.package_identification:_identify(src/rov_path_generator) by extensions ['ros']
[0.524s] Level 1:colcon.colcon_core.package_identification:_identify(src/rov_path_generator) by extension 'ros'
[0.524s] DEBUG:colcon.colcon_core.package_identification:Package 'src/rov_path_generator' with type 'ros.ament_python' and name 'rov_path_generator'
[0.524s] Level 1:colcon.colcon_core.package_identification:_identify(src/rov_position_controller) by extensions ['ignore', 'ignore_ament_install']
[0.525s] Level 1:colcon.colcon_core.package_identification:_identify(src/rov_position_controller) by extension 'ignore'
[0.525s] Level 1:colcon.colcon_core.package_identification:_identify(src/rov_position_controller) by extension 'ignore_ament_install'
[0.525s] Level 1:colcon.colcon_core.package_identification:_identify(src/rov_position_controller) by extensions ['colcon_pkg']
[0.525s] Level 1:colcon.colcon_core.package_identification:_identify(src/rov_position_controller) by extension 'colcon_pkg'
[0.525s] Level 1:colcon.colcon_core.package_identification:_identify(src/rov_position_controller) by extensions ['colcon_meta']
[0.525s] Level 1:colcon.colcon_core.package_identification:_identify(src/rov_position_controller) by extension 'colcon_meta'
[0.525s] Level 1:colcon.colcon_core.package_identification:_identify(src/rov_position_controller) by extensions ['ros']
[0.525s] Level 1:colcon.colcon_core.package_identification:_identify(src/rov_position_controller) by extension 'ros'
[0.525s] DEBUG:colcon.colcon_core.package_identification:Package 'src/rov_position_controller' with type 'ros.ament_python' and name 'rov_position_controller'
[0.526s] Level 1:colcon.colcon_core.package_identification:_identify(src/rov_real_bringup) by extensions ['ignore', 'ignore_ament_install']
[0.526s] Level 1:colcon.colcon_core.package_identification:_identify(src/rov_real_bringup) by extension 'ignore'
[0.526s] Level 1:colcon.colcon_core.package_identification:_identify(src/rov_real_bringup) by extension 'ignore_ament_install'
[0.526s] Level 1:colcon.colcon_core.package_identification:_identify(src/rov_real_bringup) by extensions ['colcon_pkg']
[0.526s] Level 1:colcon.colcon_core.package_identification:_identify(src/rov_real_bringup) by extension 'colcon_pkg'
[0.526s] Level 1:colcon.colcon_core.package_identification:_identify(src/rov_real_bringup) by extensions ['colcon_meta']
[0.526s] Level 1:colcon.colcon_core.package_identification:_identify(src/rov_real_bringup) by extension 'colcon_meta'
[0.526s] Level 1:colcon.colcon_core.package_identification:_identify(src/rov_real_bringup) by extensions ['ros']
[0.526s] Level 1:colcon.colcon_core.package_identification:_identify(src/rov_real_bringup) by extension 'ros'
[0.527s] DEBUG:colcon.colcon_core.package_identification:Package 'src/rov_real_bringup' with type 'ros.ament_cmake' and name 'rov_real_bringup'
[0.527s] Level 1:colcon.colcon_core.package_identification:_identify(src/rov_real_description) by extensions ['ignore', 'ignore_ament_install']
[0.527s] Level 1:colcon.colcon_core.package_identification:_identify(src/rov_real_description) by extension 'ignore'
[0.527s] Level 1:colcon.colcon_core.package_identification:_identify(src/rov_real_description) by extension 'ignore_ament_install'
[0.527s] Level 1:colcon.colcon_core.package_identification:_identify(src/rov_real_description) by extensions ['colcon_pkg']
[0.527s] Level 1:colcon.colcon_core.package_identification:_identify(src/rov_real_description) by extension 'colcon_pkg'
[0.527s] Level 1:colcon.colcon_core.package_identification:_identify(src/rov_real_description) by extensions ['colcon_meta']
[0.527s] Level 1:colcon.colcon_core.package_identification:_identify(src/rov_real_description) by extension 'colcon_meta'
[0.527s] Level 1:colcon.colcon_core.package_identification:_identify(src/rov_real_description) by extensions ['ros']
[0.527s] Level 1:colcon.colcon_core.package_identification:_identify(src/rov_real_description) by extension 'ros'
[0.528s] DEBUG:colcon.colcon_core.package_identification:Package 'src/rov_real_description' with type 'ros.ament_cmake' and name 'rov_real_description'
[0.528s] Level 1:colcon.colcon_core.package_discovery:discover_packages(recursive) using defaults
[0.528s] Level 1:colcon.colcon_core.package_discovery:discover_packages(ignore) discover
[0.528s] Level 1:colcon.colcon_core.package_discovery:discover_packages(ignore) using defaults
[0.528s] Level 1:colcon.colcon_core.package_discovery:discover_packages(path) discover
[0.528s] Level 1:colcon.colcon_core.package_discovery:discover_packages(path) using defaults
[0.557s] Level 1:colcon.colcon_core.package_discovery:discover_packages(prefix_path) check parameters
[0.557s] Level 1:colcon.colcon_core.package_discovery:discover_packages(prefix_path) discover
[0.561s] DEBUG:colcon.colcon_installed_package_information.package_discovery:Found 460 installed packages in /opt/ros/humble
[0.563s] Level 1:colcon.colcon_core.package_discovery:discover_packages(prefix_path) using defaults
[0.617s] Level 5:colcon.colcon_core.verb:set package 'direct_control' build argument 'cmake_args' from command line to 'None'
[0.617s] Level 5:colcon.colcon_core.verb:set package 'direct_control' build argument 'cmake_target' from command line to 'None'
[0.617s] Level 5:colcon.colcon_core.verb:set package 'direct_control' build argument 'cmake_target_skip_unavailable' from command line to 'False'
[0.617s] Level 5:colcon.colcon_core.verb:set package 'direct_control' build argument 'cmake_clean_cache' from command line to 'False'
[0.617s] Level 5:colcon.colcon_core.verb:set package 'direct_control' build argument 'cmake_clean_first' from command line to 'False'
[0.617s] Level 5:colcon.colcon_core.verb:set package 'direct_control' build argument 'cmake_force_configure' from command line to 'False'
[0.617s] Level 5:colcon.colcon_core.verb:set package 'direct_control' build argument 'ament_cmake_args' from command line to 'None'
[0.617s] Level 5:colcon.colcon_core.verb:set package 'direct_control' build argument 'catkin_cmake_args' from command line to 'None'
[0.617s] Level 5:colcon.colcon_core.verb:set package 'direct_control' build argument 'catkin_skip_building_tests' from command line to 'False'
[0.618s] DEBUG:colcon.colcon_core.verb:Building package 'direct_control' with the following arguments: {'ament_cmake_args': None, 'build_base': '/home/eia/repo/rbi_2025_2/rov/rov_ws/build/direct_control', 'catkin_cmake_args': None, 'catkin_skip_building_tests': False, 'cmake_args': None, 'cmake_clean_cache': False, 'cmake_clean_first': False, 'cmake_force_configure': False, 'cmake_target': None, 'cmake_target_skip_unavailable': False, 'install_base': '/home/eia/repo/rbi_2025_2/rov/rov_ws/install/direct_control', 'merge_install': False, 'path': '/home/eia/repo/rbi_2025_2/rov/rov_ws/src/direct_control', 'symlink_install': True, 'test_result_base': None}
[0.618s] Level 5:colcon.colcon_core.verb:set package 'rov_attitude_controller' build argument 'cmake_args' from command line to 'None'
[0.618s] Level 5:colcon.colcon_core.verb:set package 'rov_attitude_controller' build argument 'cmake_target' from command line to 'None'
[0.618s] Level 5:colcon.colcon_core.verb:set package 'rov_attitude_controller' build argument 'cmake_target_skip_unavailable' from command line to 'False'
[0.618s] Level 5:colcon.colcon_core.verb:set package 'rov_attitude_controller' build argument 'cmake_clean_cache' from command line to 'False'
[0.618s] Level 5:colcon.colcon_core.verb:set package 'rov_attitude_controller' build argument 'cmake_clean_first' from command line to 'False'
[0.618s] Level 5:colcon.colcon_core.verb:set package 'rov_attitude_controller' build argument 'cmake_force_configure' from command line to 'False'
[0.618s] Level 5:colcon.colcon_core.verb:set package 'rov_attitude_controller' build argument 'ament_cmake_args' from command line to 'None'
[0.618s] Level 5:colcon.colcon_core.verb:set package 'rov_attitude_controller' build argument 'catkin_cmake_args' from command line to 'None'
[0.618s] Level 5:colcon.colcon_core.verb:set package 'rov_attitude_controller' build argument 'catkin_skip_building_tests' from command line to 'False'
[0.618s] DEBUG:colcon.colcon_core.verb:Building package 'rov_attitude_controller' with the following arguments: {'ament_cmake_args': None, 'build_base': '/home/eia/repo/rbi_2025_2/rov/rov_ws/build/rov_attitude_controller', 'catkin_cmake_args': None, 'catkin_skip_building_tests': False, 'cmake_args': None, 'cmake_clean_cache': False, 'cmake_clean_first': False, 'cmake_force_configure': False, 'cmake_target': None, 'cmake_target_skip_unavailable': False, 'install_base': '/home/eia/repo/rbi_2025_2/rov/rov_ws/install/rov_attitude_controller', 'merge_install': False, 'path': '/home/eia/repo/rbi_2025_2/rov/rov_ws/src/rov_attitude_controller', 'symlink_install': True, 'test_result_base': None}
[0.618s] Level 5:colcon.colcon_core.verb:set package 'rov_controllers' build argument 'cmake_args' from command line to 'None'
[0.618s] Level 5:colcon.colcon_core.verb:set package 'rov_controllers' build argument 'cmake_target' from command line to 'None'
[0.618s] Level 5:colcon.colcon_core.verb:set package 'rov_controllers' build argument 'cmake_target_skip_unavailable' from command line to 'False'
[0.619s] Level 5:colcon.colcon_core.verb:set package 'rov_controllers' build argument 'cmake_clean_cache' from command line to 'False'
[0.619s] Level 5:colcon.colcon_core.verb:set package 'rov_controllers' build argument 'cmake_clean_first' from command line to 'False'
[0.619s] Level 5:colcon.colcon_core.verb:set package 'rov_controllers' build argument 'cmake_force_configure' from command line to 'False'
[0.619s] Level 5:colcon.colcon_core.verb:set package 'rov_controllers' build argument 'ament_cmake_args' from command line to 'None'
[0.619s] Level 5:colcon.colcon_core.verb:set package 'rov_controllers' build argument 'catkin_cmake_args' from command line to 'None'
[0.619s] Level 5:colcon.colcon_core.verb:set package 'rov_controllers' build argument 'catkin_skip_building_tests' from command line to 'False'
[0.619s] DEBUG:colcon.colcon_core.verb:Building package 'rov_controllers' with the following arguments: {'ament_cmake_args': None, 'build_base': '/home/eia/repo/rbi_2025_2/rov/rov_ws/build/rov_controllers', 'catkin_cmake_args': None, 'catkin_skip_building_tests': False, 'cmake_args': None, 'cmake_clean_cache': False, 'cmake_clean_first': False, 'cmake_force_configure': False, 'cmake_target': None, 'cmake_target_skip_unavailable': False, 'install_base': '/home/eia/repo/rbi_2025_2/rov/rov_ws/install/rov_controllers', 'merge_install': False, 'path': '/home/eia/repo/rbi_2025_2/rov/rov_ws/src/rov_controllers', 'symlink_install': True, 'test_result_base': None}
[0.619s] Level 5:colcon.colcon_core.verb:set package 'rov_hardware_interface' build argument 'cmake_args' from command line to 'None'
[0.619s] Level 5:colcon.colcon_core.verb:set package 'rov_hardware_interface' build argument 'cmake_target' from command line to 'None'
[0.619s] Level 5:colcon.colcon_core.verb:set package 'rov_hardware_interface' build argument 'cmake_target_skip_unavailable' from command line to 'False'
[0.619s] Level 5:colcon.colcon_core.verb:set package 'rov_hardware_interface' build argument 'cmake_clean_cache' from command line to 'False'
[0.619s] Level 5:colcon.colcon_core.verb:set package 'rov_hardware_interface' build argument 'cmake_clean_first' from command line to 'False'
[0.619s] Level 5:colcon.colcon_core.verb:set package 'rov_hardware_interface' build argument 'cmake_force_configure' from command line to 'False'
[0.619s] Level 5:colcon.colcon_core.verb:set package 'rov_hardware_interface' build argument 'ament_cmake_args' from command line to 'None'
[0.619s] Level 5:colcon.colcon_core.verb:set package 'rov_hardware_interface' build argument 'catkin_cmake_args' from command line to 'None'
[0.619s] Level 5:colcon.colcon_core.verb:set package 'rov_hardware_interface' build argument 'catkin_skip_building_tests' from command line to 'False'
[0.619s] DEBUG:colcon.colcon_core.verb:Building package 'rov_hardware_interface' with the following arguments: {'ament_cmake_args': None, 'build_base': '/home/eia/repo/rbi_2025_2/rov/rov_ws/build/rov_hardware_interface', 'catkin_cmake_args': None, 'catkin_skip_building_tests': False, 'cmake_args': None, 'cmake_clean_cache': False, 'cmake_clean_first': False, 'cmake_force_configure': False, 'cmake_target': None, 'cmake_target_skip_unavailable': False, 'install_base': '/home/eia/repo/rbi_2025_2/rov/rov_ws/install/rov_hardware_interface', 'merge_install': False, 'path': '/home/eia/repo/rbi_2025_2/rov/rov_ws/src/rov_hardware_interface', 'symlink_install': True, 'test_result_base': None}
[0.620s] Level 5:colcon.colcon_core.verb:set package 'rov_mujoco_bringup' build argument 'cmake_args' from command line to 'None'
[0.620s] Level 5:colcon.colcon_core.verb:set package 'rov_mujoco_bringup' build argument 'cmake_target' from command line to 'None'
[0.620s] Level 5:colcon.colcon_core.verb:set package 'rov_mujoco_bringup' build argument 'cmake_target_skip_unavailable' from command line to 'False'
[0.620s] Level 5:colcon.colcon_core.verb:set package 'rov_mujoco_bringup' build argument 'cmake_clean_cache' from command line to 'False'
[0.620s] Level 5:colcon.colcon_core.verb:set package 'rov_mujoco_bringup' build argument 'cmake_clean_first' from command line to 'False'
[0.620s] Level 5:colcon.colcon_core.verb:set package 'rov_mujoco_bringup' build argument 'cmake_force_configure' from command line to 'False'
[0.620s] Level 5:colcon.colcon_core.verb:set package 'rov_mujoco_bringup' build argument 'ament_cmake_args' from command line to 'None'
[0.620s] Level 5:colcon.colcon_core.verb:set package 'rov_mujoco_bringup' build argument 'catkin_cmake_args' from command line to 'None'
[0.620s] Level 5:colcon.colcon_core.verb:set package 'rov_mujoco_bringup' build argument 'catkin_skip_building_tests' from command line to 'False'
[0.620s] DEBUG:colcon.colcon_core.verb:Building package 'rov_mujoco_bringup' with the following arguments: {'ament_cmake_args': None, 'build_base': '/home/eia/repo/rbi_2025_2/rov/rov_ws/build/rov_mujoco_bringup', 'catkin_cmake_args': None, 'catkin_skip_building_tests': False, 'cmake_args': None, 'cmake_clean_cache': False, 'cmake_clean_first': False, 'cmake_force_configure': False, 'cmake_target': None, 'cmake_target_skip_unavailable': False, 'install_base': '/home/eia/repo/rbi_2025_2/rov/rov_ws/install/rov_mujoco_bringup', 'merge_install': False, 'path': '/home/eia/repo/rbi_2025_2/rov/rov_ws/src/rov_mujoco_bringup', 'symlink_install': True, 'test_result_base': None}
[0.620s] Level 5:colcon.colcon_core.verb:set package 'rov_mujoco_description' build argument 'cmake_args' from command line to 'None'
[0.620s] Level 5:colcon.colcon_core.verb:set package 'rov_mujoco_description' build argument 'cmake_target' from command line to 'None'
[0.620s] Level 5:colcon.colcon_core.verb:set package 'rov_mujoco_description' build argument 'cmake_target_skip_unavailable' from command line to 'False'
[0.620s] Level 5:colcon.colcon_core.verb:set package 'rov_mujoco_description' build argument 'cmake_clean_cache' from command line to 'False'
[0.620s] Level 5:colcon.colcon_core.verb:set package 'rov_mujoco_description' build argument 'cmake_clean_first' from command line to 'False'
[0.620s] Level 5:colcon.colcon_core.verb:set package 'rov_mujoco_description' build argument 'cmake_force_configure' from command line to 'False'
[0.620s] Level 5:colcon.colcon_core.verb:set package 'rov_mujoco_description' build argument 'ament_cmake_args' from command line to 'None'
[0.620s] Level 5:colcon.colcon_core.verb:set package 'rov_mujoco_description' build argument 'catkin_cmake_args' from command line to 'None'
[0.620s] Level 5:colcon.colcon_core.verb:set package 'rov_mujoco_description' build argument 'catkin_skip_building_tests' from command line to 'False'
[0.620s] DEBUG:colcon.colcon_core.verb:Building package 'rov_mujoco_description' with the following arguments: {'ament_cmake_args': None, 'build_base': '/home/eia/repo/rbi_2025_2/rov/rov_ws/build/rov_mujoco_description', 'catkin_cmake_args': None, 'catkin_skip_building_tests': False, 'cmake_args': None, 'cmake_clean_cache': False, 'cmake_clean_first': False, 'cmake_force_configure': False, 'cmake_target': None, 'cmake_target_skip_unavailable': False, 'install_base': '/home/eia/repo/rbi_2025_2/rov/rov_ws/install/rov_mujoco_description', 'merge_install': False, 'path': '/home/eia/repo/rbi_2025_2/rov/rov_ws/src/rov_mujoco_description', 'symlink_install': True, 'test_result_base': None}
[0.621s] Level 5:colcon.colcon_core.verb:set package 'rov_mujoco_sim' build argument 'cmake_args' from command line to 'None'
[0.621s] Level 5:colcon.colcon_core.verb:set package 'rov_mujoco_sim' build argument 'cmake_target' from command line to 'None'
[0.621s] Level 5:colcon.colcon_core.verb:set package 'rov_mujoco_sim' build argument 'cmake_target_skip_unavailable' from command line to 'False'
[0.621s] Level 5:colcon.colcon_core.verb:set package 'rov_mujoco_sim' build argument 'cmake_clean_cache' from command line to 'False'
[0.621s] Level 5:colcon.colcon_core.verb:set package 'rov_mujoco_sim' build argument 'cmake_clean_first' from command line to 'False'
[0.621s] Level 5:colcon.colcon_core.verb:set package 'rov_mujoco_sim' build argument 'cmake_force_configure' from command line to 'False'
[0.621s] Level 5:colcon.colcon_core.verb:set package 'rov_mujoco_sim' build argument 'ament_cmake_args' from command line to 'None'
[0.621s] Level 5:colcon.colcon_core.verb:set package 'rov_mujoco_sim' build argument 'catkin_cmake_args' from command line to 'None'
[0.621s] Level 5:colcon.colcon_core.verb:set package 'rov_mujoco_sim' build argument 'catkin_skip_building_tests' from command line to 'False'
[0.621s] DEBUG:colcon.colcon_core.verb:Building package 'rov_mujoco_sim' with the following arguments: {'ament_cmake_args': None, 'build_base': '/home/eia/repo/rbi_2025_2/rov/rov_ws/build/rov_mujoco_sim', 'catkin_cmake_args': None, 'catkin_skip_building_tests': False, 'cmake_args': None, 'cmake_clean_cache': False, 'cmake_clean_first': False, 'cmake_force_configure': False, 'cmake_target': None, 'cmake_target_skip_unavailable': False, 'install_base': '/home/eia/repo/rbi_2025_2/rov/rov_ws/install/rov_mujoco_sim', 'merge_install': False, 'path': '/home/eia/repo/rbi_2025_2/rov/rov_ws/src/rov_mujoco_sim', 'symlink_install': True, 'test_result_base': None}
[0.621s] Level 5:colcon.colcon_core.verb:set package 'rov_path_follower' build argument 'cmake_args' from command line to 'None'
[0.621s] Level 5:colcon.colcon_core.verb:set package 'rov_path_follower' build argument 'cmake_target' from command line to 'None'
[0.621s] Level 5:colcon.colcon_core.verb:set package 'rov_path_follower' build argument 'cmake_target_skip_unavailable' from command line to 'False'
[0.621s] Level 5:colcon.colcon_core.verb:set package 'rov_path_follower' build argument 'cmake_clean_cache' from command line to 'False'
[0.621s] Level 5:colcon.colcon_core.verb:set package 'rov_path_follower' build argument 'cmake_clean_first' from command line to 'False'
[0.621s] Level 5:colcon.colcon_core.verb:set package 'rov_path_follower' build argument 'cmake_force_configure' from command line to 'False'
[0.621s] Level 5:colcon.colcon_core.verb:set package 'rov_path_follower' build argument 'ament_cmake_args' from command line to 'None'
[0.621s] Level 5:colcon.colcon_core.verb:set package 'rov_path_follower' build argument 'catkin_cmake_args' from command line to 'None'
[0.621s] Level 5:colcon.colcon_core.verb:set package 'rov_path_follower' build argument 'catkin_skip_building_tests' from command line to 'False'
[0.622s] DEBUG:colcon.colcon_core.verb:Building package 'rov_path_follower' with the following arguments: {'ament_cmake_args': None, 'build_base': '/home/eia/repo/rbi_2025_2/rov/rov_ws/build/rov_path_follower', 'catkin_cmake_args': None, 'catkin_skip_building_tests': False, 'cmake_args': None, 'cmake_clean_cache': False, 'cmake_clean_first': False, 'cmake_force_configure': False, 'cmake_target': None, 'cmake_target_skip_unavailable': False, 'install_base': '/home/eia/repo/rbi_2025_2/rov/rov_ws/install/rov_path_follower', 'merge_install': False, 'path': '/home/eia/repo/rbi_2025_2/rov/rov_ws/src/rov_path_follower', 'symlink_install': True, 'test_result_base': None}
[0.622s] Level 5:colcon.colcon_core.verb:set package 'rov_path_generator' build argument 'cmake_args' from command line to 'None'
[0.622s] Level 5:colcon.colcon_core.verb:set package 'rov_path_generator' build argument 'cmake_target' from command line to 'None'
[0.622s] Level 5:colcon.colcon_core.verb:set package 'rov_path_generator' build argument 'cmake_target_skip_unavailable' from command line to 'False'
[0.622s] Level 5:colcon.colcon_core.verb:set package 'rov_path_generator' build argument 'cmake_clean_cache' from command line to 'False'
[0.622s] Level 5:colcon.colcon_core.verb:set package 'rov_path_generator' build argument 'cmake_clean_first' from command line to 'False'
[0.622s] Level 5:colcon.colcon_core.verb:set package 'rov_path_generator' build argument 'cmake_force_configure' from command line to 'False'
[0.622s] Level 5:colcon.colcon_core.verb:set package 'rov_path_generator' build argument 'ament_cmake_args' from command line to 'None'
[0.622s] Level 5:colcon.colcon_core.verb:set package 'rov_path_generator' build argument 'catkin_cmake_args' from command line to 'None'
[0.622s] Level 5:colcon.colcon_core.verb:set package 'rov_path_generator' build argument 'catkin_skip_building_tests' from command line to 'False'
[0.622s] DEBUG:colcon.colcon_core.verb:Building package 'rov_path_generator' with the following arguments: {'ament_cmake_args': None, 'build_base': '/home/eia/repo/rbi_2025_2/rov/rov_ws/build/rov_path_generator', 'catkin_cmake_args': None, 'catkin_skip_building_tests': False, 'cmake_args': None, 'cmake_clean_cache': False, 'cmake_clean_first': False, 'cmake_force_configure': False, 'cmake_target': None, 'cmake_target_skip_unavailable': False, 'install_base': '/home/eia/repo/rbi_2025_2/rov/rov_ws/install/rov_path_generator', 'merge_install': False, 'path': '/home/eia/repo/rbi_2025_2/rov/rov_ws/src/rov_path_generator', 'symlink_install': True, 'test_result_base': None}
[0.622s] Level 5:colcon.colcon_core.verb:set package 'rov_position_controller' build argument 'cmake_args' from command line to 'None'
[0.622s] Level 5:colcon.colcon_core.verb:set package 'rov_position_controller' build argument 'cmake_target' from command line to 'None'
[0.622s] Level 5:colcon.colcon_core.verb:set package 'rov_position_controller' build argument 'cmake_target_skip_unavailable' from command line to 'False'
[0.622s] Level 5:colcon.colcon_core.verb:set package 'rov_position_controller' build argument 'cmake_clean_cache' from command line to 'False'
[0.623s] Level 5:colcon.colcon_core.verb:set package 'rov_position_controller' build argument 'cmake_clean_first' from command line to 'False'
[0.623s] Level 5:colcon.colcon_core.verb:set package 'rov_position_controller' build argument 'cmake_force_configure' from command line to 'False'
[0.623s] Level 5:colcon.colcon_core.verb:set package 'rov_position_controller' build argument 'ament_cmake_args' from command line to 'None'
[0.623s] Level 5:colcon.colcon_core.verb:set package 'rov_position_controller' build argument 'catkin_cmake_args' from command line to 'None'
[0.623s] Level 5:colcon.colcon_core.verb:set package 'rov_position_controller' build argument 'catkin_skip_building_tests' from command line to 'False'
[0.623s] DEBUG:colcon.colcon_core.verb:Building package 'rov_position_controller' with the following arguments: {'ament_cmake_args': None, 'build_base': '/home/eia/repo/rbi_2025_2/rov/rov_ws/build/rov_position_controller', 'catkin_cmake_args': None, 'catkin_skip_building_tests': False, 'cmake_args': None, 'cmake_clean_cache': False, 'cmake_clean_first': False, 'cmake_force_configure': False, 'cmake_target': None, 'cmake_target_skip_unavailable': False, 'install_base': '/home/eia/repo/rbi_2025_2/rov/rov_ws/install/rov_position_controller', 'merge_install': False, 'path': '/home/eia/repo/rbi_2025_2/rov/rov_ws/src/rov_position_controller', 'symlink_install': True, 'test_result_base': None}
[0.623s] Level 5:colcon.colcon_core.verb:set package 'rov_real_bringup' build argument 'cmake_args' from command line to 'None'
[0.623s] Level 5:colcon.colcon_core.verb:set package 'rov_real_bringup' build argument 'cmake_target' from command line to 'None'
[0.623s] Level 5:colcon.colcon_core.verb:set package 'rov_real_bringup' build argument 'cmake_target_skip_unavailable' from command line to 'False'
[0.623s] Level 5:colcon.colcon_core.verb:set package 'rov_real_bringup' build argument 'cmake_clean_cache' from command line to 'False'
[0.623s] Level 5:colcon.colcon_core.verb:set package 'rov_real_bringup' build argument 'cmake_clean_first' from command line to 'False'
[0.623s] Level 5:colcon.colcon_core.verb:set package 'rov_real_bringup' build argument 'cmake_force_configure' from command line to 'False'
[0.623s] Level 5:colcon.colcon_core.verb:set package 'rov_real_bringup' build argument 'ament_cmake_args' from command line to 'None'
[0.623s] Level 5:colcon.colcon_core.verb:set package 'rov_real_bringup' build argument 'catkin_cmake_args' from command line to 'None'
[0.623s] Level 5:colcon.colcon_core.verb:set package 'rov_real_bringup' build argument 'catkin_skip_building_tests' from command line to 'False'
[0.623s] DEBUG:colcon.colcon_core.verb:Building package 'rov_real_bringup' with the following arguments: {'ament_cmake_args': None, 'build_base': '/home/eia/repo/rbi_2025_2/rov/rov_ws/build/rov_real_bringup', 'catkin_cmake_args': None, 'catkin_skip_building_tests': False, 'cmake_args': None, 'cmake_clean_cache': False, 'cmake_clean_first': False, 'cmake_force_configure': False, 'cmake_target': None, 'cmake_target_skip_unavailable': False, 'install_base': '/home/eia/repo/rbi_2025_2/rov/rov_ws/install/rov_real_bringup', 'merge_install': False, 'path': '/home/eia/repo/rbi_2025_2/rov/rov_ws/src/rov_real_bringup', 'symlink_install': True, 'test_result_base': None}
[0.624s] Level 5:colcon.colcon_core.verb:set package 'rov_real_description' build argument 'cmake_args' from command line to 'None'
[0.624s] Level 5:colcon.colcon_core.verb:set package 'rov_real_description' build argument 'cmake_target' from command line to 'None'
[0.624s] Level 5:colcon.colcon_core.verb:set package 'rov_real_description' build argument 'cmake_target_skip_unavailable' from command line to 'False'
[0.624s] Level 5:colcon.colcon_core.verb:set package 'rov_real_description' build argument 'cmake_clean_cache' from command line to 'False'
[0.624s] Level 5:colcon.colcon_core.verb:set package 'rov_real_description' build argument 'cmake_clean_first' from command line to 'False'
[0.624s] Level 5:colcon.colcon_core.verb:set package 'rov_real_description' build argument 'cmake_force_configure' from command line to 'False'
[0.624s] Level 5:colcon.colcon_core.verb:set package 'rov_real_description' build argument 'ament_cmake_args' from command line to 'None'
[0.624s] Level 5:colcon.colcon_core.verb:set package 'rov_real_description' build argument 'catkin_cmake_args' from command line to 'None'
[0.624s] Level 5:colcon.colcon_core.verb:set package 'rov_real_description' build argument 'catkin_skip_building_tests' from command line to 'False'
[0.624s] DEBUG:colcon.colcon_core.verb:Building package 'rov_real_description' with the following arguments: {'ament_cmake_args': None, 'build_base': '/home/eia/repo/rbi_2025_2/rov/rov_ws/build/rov_real_description', 'catkin_cmake_args': None, 'catkin_skip_building_tests': False, 'cmake_args': None, 'cmake_clean_cache': False, 'cmake_clean_first': False, 'cmake_force_configure': False, 'cmake_target': None, 'cmake_target_skip_unavailable': False, 'install_base': '/home/eia/repo/rbi_2025_2/rov/rov_ws/install/rov_real_description', 'merge_install': False, 'path': '/home/eia/repo/rbi_2025_2/rov/rov_ws/src/rov_real_description', 'symlink_install': True, 'test_result_base': None}
[0.624s] INFO:colcon.colcon_core.executor:Executing jobs using 'parallel' executor
[0.625s] DEBUG:colcon.colcon_parallel_executor.executor.parallel:run_until_complete
[0.625s] INFO:colcon.colcon_ros.task.ament_python.build:Building ROS package in '/home/eia/repo/rbi_2025_2/rov/rov_ws/src/direct_control' with build type 'ament_python'
[0.625s] Level 1:colcon.colcon_core.shell:create_environment_hook('direct_control', 'ament_prefix_path')
[0.628s] INFO:colcon.colcon_core.plugin_system:Skipping extension 'colcon_core.shell.bat': Not used on non-Windows systems
[0.629s] INFO:colcon.colcon_core.shell:Creating environment hook '/home/eia/repo/rbi_2025_2/rov/rov_ws/install/direct_control/share/direct_control/hook/ament_prefix_path.ps1'
[0.629s] INFO:colcon.colcon_core.shell:Creating environment descriptor '/home/eia/repo/rbi_2025_2/rov/rov_ws/install/direct_control/share/direct_control/hook/ament_prefix_path.dsv'
[0.630s] INFO:colcon.colcon_core.shell:Creating environment hook '/home/eia/repo/rbi_2025_2/rov/rov_ws/install/direct_control/share/direct_control/hook/ament_prefix_path.sh'
[0.631s] INFO:colcon.colcon_core.shell:Skip shell extension 'powershell' for command environment: Not usable outside of PowerShell
[0.631s] DEBUG:colcon.colcon_core.shell:Skip shell extension 'dsv' for command environment
[0.633s] INFO:colcon.colcon_ros.task.ament_python.build:Building ROS package in '/home/eia/repo/rbi_2025_2/rov/rov_ws/src/rov_attitude_controller' with build type 'ament_python'
[0.634s] Level 1:colcon.colcon_core.shell:create_environment_hook('rov_attitude_controller', 'ament_prefix_path')
[0.634s] INFO:colcon.colcon_core.shell:Creating environment hook '/home/eia/repo/rbi_2025_2/rov/rov_ws/install/rov_attitude_controller/share/rov_attitude_controller/hook/ament_prefix_path.ps1'
[0.634s] INFO:colcon.colcon_core.shell:Creating environment descriptor '/home/eia/repo/rbi_2025_2/rov/rov_ws/install/rov_attitude_controller/share/rov_attitude_controller/hook/ament_prefix_path.dsv'
[0.635s] INFO:colcon.colcon_core.shell:Creating environment hook '/home/eia/repo/rbi_2025_2/rov/rov_ws/install/rov_attitude_controller/share/rov_attitude_controller/hook/ament_prefix_path.sh'
[0.635s] INFO:colcon.colcon_core.shell:Skip shell extension 'powershell' for command environment: Not usable outside of PowerShell
[0.635s] DEBUG:colcon.colcon_core.shell:Skip shell extension 'dsv' for command environment
[0.638s] INFO:colcon.colcon_ros.task.ament_cmake.build:Building ROS package in '/home/eia/repo/rbi_2025_2/rov/rov_ws/src/rov_controllers' with build type 'ament_cmake'
[0.638s] INFO:colcon.colcon_cmake.task.cmake.build:Building CMake package in '/home/eia/repo/rbi_2025_2/rov/rov_ws/src/rov_controllers'
[0.638s] INFO:colcon.colcon_core.shell:Skip shell extension 'powershell' for command environment: Not usable outside of PowerShell
[0.638s] DEBUG:colcon.colcon_core.shell:Skip shell extension 'dsv' for command environment
[0.641s] INFO:colcon.colcon_ros.task.ament_cmake.build:Building ROS package in '/home/eia/repo/rbi_2025_2/rov/rov_ws/src/rov_hardware_interface' with build type 'ament_cmake'
[0.641s] INFO:colcon.colcon_cmake.task.cmake.build:Building CMake package in '/home/eia/repo/rbi_2025_2/rov/rov_ws/src/rov_hardware_interface'
[0.641s] INFO:colcon.colcon_core.shell:Skip shell extension 'powershell' for command environment: Not usable outside of PowerShell
[0.641s] DEBUG:colcon.colcon_core.shell:Skip shell extension 'dsv' for command environment
[0.644s] INFO:colcon.colcon_ros.task.ament_cmake.build:Building ROS package in '/home/eia/repo/rbi_2025_2/rov/rov_ws/src/rov_mujoco_bringup' with build type 'ament_cmake'
[0.644s] INFO:colcon.colcon_cmake.task.cmake.build:Building CMake package in '/home/eia/repo/rbi_2025_2/rov/rov_ws/src/rov_mujoco_bringup'
[0.644s] INFO:colcon.colcon_core.shell:Skip shell extension 'powershell' for command environment: Not usable outside of PowerShell
[0.644s] DEBUG:colcon.colcon_core.shell:Skip shell extension 'dsv' for command environment
[0.647s] INFO:colcon.colcon_ros.task.ament_cmake.build:Building ROS package in '/home/eia/repo/rbi_2025_2/rov/rov_ws/src/rov_mujoco_description' with build type 'ament_cmake'
[0.647s] INFO:colcon.colcon_cmake.task.cmake.build:Building CMake package in '/home/eia/repo/rbi_2025_2/rov/rov_ws/src/rov_mujoco_description'
[0.648s] INFO:colcon.colcon_core.shell:Skip shell extension 'powershell' for command environment: Not usable outside of PowerShell
[0.648s] DEBUG:colcon.colcon_core.shell:Skip shell extension 'dsv' for command environment
[0.650s] INFO:colcon.colcon_ros.task.ament_cmake.build:Building ROS package in '/home/eia/repo/rbi_2025_2/rov/rov_ws/src/rov_mujoco_sim' with build type 'ament_cmake'
[0.650s] INFO:colcon.colcon_cmake.task.cmake.build:Building CMake package in '/home/eia/repo/rbi_2025_2/rov/rov_ws/src/rov_mujoco_sim'
[0.651s] INFO:colcon.colcon_core.shell:Skip shell extension 'powershell' for command environment: Not usable outside of PowerShell
[0.651s] DEBUG:colcon.colcon_core.shell:Skip shell extension 'dsv' for command environment
[0.654s] INFO:colcon.colcon_ros.task.ament_python.build:Building ROS package in '/home/eia/repo/rbi_2025_2/rov/rov_ws/src/rov_path_follower' with build type 'ament_python'
[0.654s] Level 1:colcon.colcon_core.shell:create_environment_hook('rov_path_follower', 'ament_prefix_path')
[0.654s] INFO:colcon.colcon_core.shell:Creating environment hook '/home/eia/repo/rbi_2025_2/rov/rov_ws/install/rov_path_follower/share/rov_path_follower/hook/ament_prefix_path.ps1'
[0.654s] INFO:colcon.colcon_core.shell:Creating environment descriptor '/home/eia/repo/rbi_2025_2/rov/rov_ws/install/rov_path_follower/share/rov_path_follower/hook/ament_prefix_path.dsv'
[0.655s] INFO:colcon.colcon_core.shell:Creating environment hook '/home/eia/repo/rbi_2025_2/rov/rov_ws/install/rov_path_follower/share/rov_path_follower/hook/ament_prefix_path.sh'
[0.655s] INFO:colcon.colcon_core.shell:Skip shell extension 'powershell' for command environment: Not usable outside of PowerShell
[0.655s] DEBUG:colcon.colcon_core.shell:Skip shell extension 'dsv' for command environment
[0.658s] INFO:colcon.colcon_ros.task.ament_python.build:Building ROS package in '/home/eia/repo/rbi_2025_2/rov/rov_ws/src/rov_path_generator' with build type 'ament_python'
[0.658s] Level 1:colcon.colcon_core.shell:create_environment_hook('rov_path_generator', 'ament_prefix_path')
[0.659s] INFO:colcon.colcon_core.shell:Creating environment hook '/home/eia/repo/rbi_2025_2/rov/rov_ws/install/rov_path_generator/share/rov_path_generator/hook/ament_prefix_path.ps1'
[0.659s] INFO:colcon.colcon_core.shell:Creating environment descriptor '/home/eia/repo/rbi_2025_2/rov/rov_ws/install/rov_path_generator/share/rov_path_generator/hook/ament_prefix_path.dsv'
[0.659s] INFO:colcon.colcon_core.shell:Creating environment hook '/home/eia/repo/rbi_2025_2/rov/rov_ws/install/rov_path_generator/share/rov_path_generator/hook/ament_prefix_path.sh'
[0.660s] INFO:colcon.colcon_core.shell:Skip shell extension 'powershell' for command environment: Not usable outside of PowerShell
[0.660s] DEBUG:colcon.colcon_core.shell:Skip shell extension 'dsv' for command environment
[0.663s] INFO:colcon.colcon_ros.task.ament_python.build:Building ROS package in '/home/eia/repo/rbi_2025_2/rov/rov_ws/src/rov_position_controller' with build type 'ament_python'
[0.663s] Level 1:colcon.colcon_core.shell:create_environment_hook('rov_position_controller', 'ament_prefix_path')
[0.663s] INFO:colcon.colcon_core.shell:Creating environment hook '/home/eia/repo/rbi_2025_2/rov/rov_ws/install/rov_position_controller/share/rov_position_controller/hook/ament_prefix_path.ps1'
[0.663s] INFO:colcon.colcon_core.shell:Creating environment descriptor '/home/eia/repo/rbi_2025_2/rov/rov_ws/install/rov_position_controller/share/rov_position_controller/hook/ament_prefix_path.dsv'
[0.664s] INFO:colcon.colcon_core.shell:Creating environment hook '/home/eia/repo/rbi_2025_2/rov/rov_ws/install/rov_position_controller/share/rov_position_controller/hook/ament_prefix_path.sh'
[0.664s] INFO:colcon.colcon_core.shell:Skip shell extension 'powershell' for command environment: Not usable outside of PowerShell
[0.664s] DEBUG:colcon.colcon_core.shell:Skip shell extension 'dsv' for command environment
[0.667s] INFO:colcon.colcon_ros.task.ament_cmake.build:Building ROS package in '/home/eia/repo/rbi_2025_2/rov/rov_ws/src/rov_real_bringup' with build type 'ament_cmake'
[0.667s] INFO:colcon.colcon_cmake.task.cmake.build:Building CMake package in '/home/eia/repo/rbi_2025_2/rov/rov_ws/src/rov_real_bringup'
[0.667s] INFO:colcon.colcon_core.shell:Skip shell extension 'powershell' for command environment: Not usable outside of PowerShell
[0.667s] DEBUG:colcon.colcon_core.shell:Skip shell extension 'dsv' for command environment
[0.670s] INFO:colcon.colcon_ros.task.ament_cmake.build:Building ROS package in '/home/eia/repo/rbi_2025_2/rov/rov_ws/src/rov_real_description' with build type 'ament_cmake'
[0.670s] INFO:colcon.colcon_cmake.task.cmake.build:Building CMake package in '/home/eia/repo/rbi_2025_2/rov/rov_ws/src/rov_real_description'
[0.671s] INFO:colcon.colcon_core.shell:Skip shell extension 'powershell' for command environment: Not usable outside of PowerShell
[0.671s] DEBUG:colcon.colcon_core.shell:Skip shell extension 'dsv' for command environment
[1.101s] INFO:colcon.colcon_core.task.python.build:Building Python package in '/home/eia/repo/rbi_2025_2/rov/rov_ws/src/direct_control'
[1.101s] INFO:colcon.colcon_core.shell:Skip shell extension 'powershell' for command environment: Not usable outside of PowerShell
[1.101s] DEBUG:colcon.colcon_core.shell:Skip shell extension 'dsv' for command environment
[1.499s] INFO:colcon.colcon_core.task.python.build:Building Python package in '/home/eia/repo/rbi_2025_2/rov/rov_ws/src/rov_attitude_controller'
[1.499s] INFO:colcon.colcon_core.shell:Skip shell extension 'powershell' for command environment: Not usable outside of PowerShell
[1.499s] DEBUG:colcon.colcon_core.shell:Skip shell extension 'dsv' for command environment
[1.505s] DEBUG:colcon.colcon_core.event_handler.log_command:Invoking command in '/home/eia/repo/rbi_2025_2/rov/rov_ws/build/rov_controllers': CMAKE_PREFIX_PATH=/opt/ros/humble /usr/bin/cmake --build /home/eia/repo/rbi_2025_2/rov/rov_ws/build/rov_controllers -- -j12 -l12
[1.509s] DEBUG:colcon.colcon_core.event_handler.log_command:Invoking command in '/home/eia/repo/rbi_2025_2/rov/rov_ws/build/rov_hardware_interface': CMAKE_PREFIX_PATH=/opt/ros/humble /usr/bin/cmake --build /home/eia/repo/rbi_2025_2/rov/rov_ws/build/rov_hardware_interface -- -j12 -l12
[1.511s] DEBUG:colcon.colcon_core.event_handler.log_command:Invoking command in '/home/eia/repo/rbi_2025_2/rov/rov_ws/build/rov_mujoco_bringup': CMAKE_PREFIX_PATH=/opt/ros/humble /usr/bin/cmake --build /home/eia/repo/rbi_2025_2/rov/rov_ws/build/rov_mujoco_bringup -- -j12 -l12
[1.514s] DEBUG:colcon.colcon_core.event_handler.log_command:Invoking command in '/home/eia/repo/rbi_2025_2/rov/rov_ws/build/rov_mujoco_description': CMAKE_PREFIX_PATH=/opt/ros/humble /usr/bin/cmake --build /home/eia/repo/rbi_2025_2/rov/rov_ws/build/rov_mujoco_description -- -j12 -l12
[1.516s] DEBUG:colcon.colcon_core.event_handler.log_command:Invoking command in '/home/eia/repo/rbi_2025_2/rov/rov_ws/build/rov_mujoco_sim': CMAKE_PREFIX_PATH=/opt/ros/humble /usr/bin/cmake --build /home/eia/repo/rbi_2025_2/rov/rov_ws/build/rov_mujoco_sim -- -j12 -l12
[1.956s] INFO:colcon.colcon_core.task.python.build:Building Python package in '/home/eia/repo/rbi_2025_2/rov/rov_ws/src/rov_path_follower'
[1.957s] INFO:colcon.colcon_core.shell:Skip shell extension 'powershell' for command environment: Not usable outside of PowerShell
[1.957s] DEBUG:colcon.colcon_core.shell:Skip shell extension 'dsv' for command environment
[2.359s] INFO:colcon.colcon_core.task.python.build:Building Python package in '/home/eia/repo/rbi_2025_2/rov/rov_ws/src/rov_path_generator'
[2.359s] INFO:colcon.colcon_core.shell:Skip shell extension 'powershell' for command environment: Not usable outside of PowerShell
[2.359s] DEBUG:colcon.colcon_core.shell:Skip shell extension 'dsv' for command environment
[2.762s] INFO:colcon.colcon_core.task.python.build:Building Python package in '/home/eia/repo/rbi_2025_2/rov/rov_ws/src/rov_position_controller'
[2.762s] INFO:colcon.colcon_core.shell:Skip shell extension 'powershell' for command environment: Not usable outside of PowerShell
[2.762s] DEBUG:colcon.colcon_core.shell:Skip shell extension 'dsv' for command environment
[2.768s] DEBUG:colcon.colcon_core.event_handler.log_command:Invoking command in '/home/eia/repo/rbi_2025_2/rov/rov_ws/build/rov_real_bringup': CMAKE_PREFIX_PATH=/opt/ros/humble /usr/bin/cmake --build /home/eia/repo/rbi_2025_2/rov/rov_ws/build/rov_real_bringup -- -j12 -l12
[2.772s] DEBUG:colcon.colcon_core.event_handler.log_command:Invoking command in '/home/eia/repo/rbi_2025_2/rov/rov_ws/build/rov_real_description': CMAKE_PREFIX_PATH=/opt/ros/humble /usr/bin/cmake --build /home/eia/repo/rbi_2025_2/rov/rov_ws/build/rov_real_description -- -j12 -l12
[2.777s] DEBUG:colcon.colcon_core.event_handler.log_command:Invoked command in '/home/eia/repo/rbi_2025_2/rov/rov_ws/build/rov_mujoco_description' returned '0': CMAKE_PREFIX_PATH=/opt/ros/humble /usr/bin/cmake --build /home/eia/repo/rbi_2025_2/rov/rov_ws/build/rov_mujoco_description -- -j12 -l12
[2.785s] DEBUG:colcon.colcon_core.event_handler.log_command:Invoking command in '/home/eia/repo/rbi_2025_2/rov/rov_ws/build/rov_mujoco_description': CMAKE_PREFIX_PATH=/opt/ros/humble /usr/bin/cmake --install /home/eia/repo/rbi_2025_2/rov/rov_ws/build/rov_mujoco_description
[2.785s] DEBUG:colcon.colcon_core.event_handler.log_command:Invoked command in '/home/eia/repo/rbi_2025_2/rov/rov_ws/build/rov_mujoco_sim' returned '0': CMAKE_PREFIX_PATH=/opt/ros/humble /usr/bin/cmake --build /home/eia/repo/rbi_2025_2/rov/rov_ws/build/rov_mujoco_sim -- -j12 -l12
[2.787s] DEBUG:colcon.colcon_core.event_handler.log_command:Invoking command in '/home/eia/repo/rbi_2025_2/rov/rov_ws/build/rov_mujoco_sim': CMAKE_PREFIX_PATH=/opt/ros/humble /usr/bin/cmake --install /home/eia/repo/rbi_2025_2/rov/rov_ws/build/rov_mujoco_sim
[2.787s] DEBUG:colcon.colcon_core.event_handler.log_command:Invoked command in '/home/eia/repo/rbi_2025_2/rov/rov_ws/build/rov_controllers' returned '0': CMAKE_PREFIX_PATH=/opt/ros/humble /usr/bin/cmake --build /home/eia/repo/rbi_2025_2/rov/rov_ws/build/rov_controllers -- -j12 -l12
[2.789s] DEBUG:colcon.colcon_core.event_handler.log_command:Invoking command in '/home/eia/repo/rbi_2025_2/rov/rov_ws/build/rov_controllers': CMAKE_PREFIX_PATH=/opt/ros/humble /usr/bin/cmake --install /home/eia/repo/rbi_2025_2/rov/rov_ws/build/rov_controllers
[2.790s] DEBUG:colcon.colcon_core.event_handler.log_command:Invoked command in '/home/eia/repo/rbi_2025_2/rov/rov_ws/build/rov_hardware_interface' returned '0': CMAKE_PREFIX_PATH=/opt/ros/humble /usr/bin/cmake --build /home/eia/repo/rbi_2025_2/rov/rov_ws/build/rov_hardware_interface -- -j12 -l12
[2.792s] DEBUG:colcon.colcon_core.event_handler.log_command:Invoking command in '/home/eia/repo/rbi_2025_2/rov/rov_ws/build/rov_hardware_interface': CMAKE_PREFIX_PATH=/opt/ros/humble /usr/bin/cmake --install /home/eia/repo/rbi_2025_2/rov/rov_ws/build/rov_hardware_interface
[2.792s] DEBUG:colcon.colcon_core.event_handler.log_command:Invoked command in '/home/eia/repo/rbi_2025_2/rov/rov_ws/build/rov_mujoco_bringup' returned '0': CMAKE_PREFIX_PATH=/opt/ros/humble /usr/bin/cmake --build /home/eia/repo/rbi_2025_2/rov/rov_ws/build/rov_mujoco_bringup -- -j12 -l12
[2.794s] DEBUG:colcon.colcon_core.event_handler.log_command:Invoking command in '/home/eia/repo/rbi_2025_2/rov/rov_ws/build/rov_mujoco_bringup': CMAKE_PREFIX_PATH=/opt/ros/humble /usr/bin/cmake --install /home/eia/repo/rbi_2025_2/rov/rov_ws/build/rov_mujoco_bringup
[2.827s] DEBUG:colcon.colcon_core.event_handler.log_command:Invoked command in '/home/eia/repo/rbi_2025_2/rov/rov_ws/build/rov_real_description' returned '0': CMAKE_PREFIX_PATH=/opt/ros/humble /usr/bin/cmake --build /home/eia/repo/rbi_2025_2/rov/rov_ws/build/rov_real_description -- -j12 -l12
[2.829s] DEBUG:colcon.colcon_core.event_handler.log_command:Invoking command in '/home/eia/repo/rbi_2025_2/rov/rov_ws/build/rov_real_description': CMAKE_PREFIX_PATH=/opt/ros/humble /usr/bin/cmake --install /home/eia/repo/rbi_2025_2/rov/rov_ws/build/rov_real_description
[2.829s] Level 1:colcon.colcon_core.environment:create_environment_scripts_only(rov_mujoco_description)
[2.830s] DEBUG:colcon.colcon_core.event_handler.log_command:Invoked command in '/home/eia/repo/rbi_2025_2/rov/rov_ws/build/rov_mujoco_description' returned '0': CMAKE_PREFIX_PATH=/opt/ros/humble /usr/bin/cmake --install /home/eia/repo/rbi_2025_2/rov/rov_ws/build/rov_mujoco_description
[2.836s] Level 1:colcon.colcon_core.environment:checking '/home/eia/repo/rbi_2025_2/rov/rov_ws/install/rov_mujoco_description' for CMake module files
[2.836s] Level 1:colcon.colcon_core.environment:checking '/home/eia/repo/rbi_2025_2/rov/rov_ws/install/rov_mujoco_description' for CMake config files
[2.837s] Level 1:colcon.colcon_core.shell:create_environment_hook('rov_mujoco_description', 'cmake_prefix_path')
[2.837s] INFO:colcon.colcon_core.shell:Creating environment hook '/home/eia/repo/rbi_2025_2/rov/rov_ws/install/rov_mujoco_description/share/rov_mujoco_description/hook/cmake_prefix_path.ps1'
[2.838s] INFO:colcon.colcon_core.shell:Creating environment descriptor '/home/eia/repo/rbi_2025_2/rov/rov_ws/install/rov_mujoco_description/share/rov_mujoco_description/hook/cmake_prefix_path.dsv'
[2.838s] INFO:colcon.colcon_core.shell:Creating environment hook '/home/eia/repo/rbi_2025_2/rov/rov_ws/install/rov_mujoco_description/share/rov_mujoco_description/hook/cmake_prefix_path.sh'
[2.839s] Level 1:colcon.colcon_core.environment:checking '/home/eia/repo/rbi_2025_2/rov/rov_ws/install/rov_mujoco_description/bin'
[2.840s] Level 1:colcon.colcon_core.environment:checking '/home/eia/repo/rbi_2025_2/rov/rov_ws/install/rov_mujoco_description/lib/pkgconfig/rov_mujoco_description.pc'
[2.840s] Level 1:colcon.colcon_core.environment:checking '/home/eia/repo/rbi_2025_2/rov/rov_ws/install/rov_mujoco_description/lib/python3.10/site-packages'
[2.840s] Level 1:colcon.colcon_core.environment:checking '/home/eia/repo/rbi_2025_2/rov/rov_ws/install/rov_mujoco_description/bin'
[2.841s] INFO:colcon.colcon_core.shell:Creating package script '/home/eia/repo/rbi_2025_2/rov/rov_ws/install/rov_mujoco_description/share/rov_mujoco_description/package.ps1'
[2.843s] INFO:colcon.colcon_core.shell:Creating package descriptor '/home/eia/repo/rbi_2025_2/rov/rov_ws/install/rov_mujoco_description/share/rov_mujoco_description/package.dsv'
[2.844s] INFO:colcon.colcon_core.shell:Creating package script '/home/eia/repo/rbi_2025_2/rov/rov_ws/install/rov_mujoco_description/share/rov_mujoco_description/package.sh'
[2.845s] INFO:colcon.colcon_core.shell:Creating package script '/home/eia/repo/rbi_2025_2/rov/rov_ws/install/rov_mujoco_description/share/rov_mujoco_description/package.bash'
[2.846s] INFO:colcon.colcon_core.shell:Creating package script '/home/eia/repo/rbi_2025_2/rov/rov_ws/install/rov_mujoco_description/share/rov_mujoco_description/package.zsh'
[2.848s] Level 1:colcon.colcon_core.environment:create_file_with_runtime_dependencies(/home/eia/repo/rbi_2025_2/rov/rov_ws/install/rov_mujoco_description/share/colcon-core/packages/rov_mujoco_description)
[2.848s] Level 1:colcon.colcon_core.environment:create_environment_scripts_only(rov_mujoco_description)
[2.849s] Level 1:colcon.colcon_core.environment:checking '/home/eia/repo/rbi_2025_2/rov/rov_ws/install/rov_mujoco_description' for CMake module files
[2.850s] Level 1:colcon.colcon_core.environment:checking '/home/eia/repo/rbi_2025_2/rov/rov_ws/install/rov_mujoco_description' for CMake config files
[2.850s] Level 1:colcon.colcon_core.shell:create_environment_hook('rov_mujoco_description', 'cmake_prefix_path')
[2.850s] INFO:colcon.colcon_core.shell:Creating environment hook '/home/eia/repo/rbi_2025_2/rov/rov_ws/install/rov_mujoco_description/share/rov_mujoco_description/hook/cmake_prefix_path.ps1'
[2.851s] INFO:colcon.colcon_core.shell:Creating environment descriptor '/home/eia/repo/rbi_2025_2/rov/rov_ws/install/rov_mujoco_description/share/rov_mujoco_description/hook/cmake_prefix_path.dsv'
[2.852s] INFO:colcon.colcon_core.shell:Creating environment hook '/home/eia/repo/rbi_2025_2/rov/rov_ws/install/rov_mujoco_description/share/rov_mujoco_description/hook/cmake_prefix_path.sh'
[2.852s] Level 1:colcon.colcon_core.environment:checking '/home/eia/repo/rbi_2025_2/rov/rov_ws/install/rov_mujoco_description/bin'
[2.853s] Level 1:colcon.colcon_core.environment:checking '/home/eia/repo/rbi_2025_2/rov/rov_ws/install/rov_mujoco_description/lib/pkgconfig/rov_mujoco_description.pc'
[2.853s] Level 1:colcon.colcon_core.environment:checking '/home/eia/repo/rbi_2025_2/rov/rov_ws/install/rov_mujoco_description/lib/python3.10/site-packages'
[2.853s] Level 1:colcon.colcon_core.environment:checking '/home/eia/repo/rbi_2025_2/rov/rov_ws/install/rov_mujoco_description/bin'
[2.854s] INFO:colcon.colcon_core.shell:Creating package script '/home/eia/repo/rbi_2025_2/rov/rov_ws/install/rov_mujoco_description/share/rov_mujoco_description/package.ps1'
[2.855s] INFO:colcon.colcon_core.shell:Creating package descriptor '/home/eia/repo/rbi_2025_2/rov/rov_ws/install/rov_mujoco_description/share/rov_mujoco_description/package.dsv'
[2.855s] INFO:colcon.colcon_core.shell:Creating package script '/home/eia/repo/rbi_2025_2/rov/rov_ws/install/rov_mujoco_description/share/rov_mujoco_description/package.sh'
[2.856s] INFO:colcon.colcon_core.shell:Creating package script '/home/eia/repo/rbi_2025_2/rov/rov_ws/install/rov_mujoco_description/share/rov_mujoco_description/package.bash'
[2.857s] INFO:colcon.colcon_core.shell:Creating package script '/home/eia/repo/rbi_2025_2/rov/rov_ws/install/rov_mujoco_description/share/rov_mujoco_description/package.zsh'
[2.857s] Level 1:colcon.colcon_core.environment:create_file_with_runtime_dependencies(/home/eia/repo/rbi_2025_2/rov/rov_ws/install/rov_mujoco_description/share/colcon-core/packages/rov_mujoco_description)
[2.857s] Level 1:colcon.colcon_core.environment:create_environment_scripts_only(rov_mujoco_sim)
[2.858s] Level 1:colcon.colcon_core.environment:checking '/home/eia/repo/rbi_2025_2/rov/rov_ws/install/rov_mujoco_sim' for CMake module files
[2.859s] DEBUG:colcon.colcon_core.event_handler.log_command:Invoked command in '/home/eia/repo/rbi_2025_2/rov/rov_ws/build/rov_mujoco_sim' returned '0': CMAKE_PREFIX_PATH=/opt/ros/humble /usr/bin/cmake --install /home/eia/repo/rbi_2025_2/rov/rov_ws/build/rov_mujoco_sim
[2.860s] Level 1:colcon.colcon_core.environment:checking '/home/eia/repo/rbi_2025_2/rov/rov_ws/install/rov_mujoco_sim' for CMake config files
[2.861s] Level 1:colcon.colcon_core.shell:create_environment_hook('rov_mujoco_sim', 'cmake_prefix_path')
[2.861s] INFO:colcon.colcon_core.shell:Creating environment hook '/home/eia/repo/rbi_2025_2/rov/rov_ws/install/rov_mujoco_sim/share/rov_mujoco_sim/hook/cmake_prefix_path.ps1'
[2.862s] INFO:colcon.colcon_core.shell:Creating environment descriptor '/home/eia/repo/rbi_2025_2/rov/rov_ws/install/rov_mujoco_sim/share/rov_mujoco_sim/hook/cmake_prefix_path.dsv'
[2.862s] INFO:colcon.colcon_core.shell:Creating environment hook '/home/eia/repo/rbi_2025_2/rov/rov_ws/install/rov_mujoco_sim/share/rov_mujoco_sim/hook/cmake_prefix_path.sh'
[2.863s] Level 1:colcon.colcon_core.environment:checking '/home/eia/repo/rbi_2025_2/rov/rov_ws/install/rov_mujoco_sim/lib'
[2.863s] Level 1:colcon.colcon_core.shell:create_environment_hook('rov_mujoco_sim', 'ld_library_path_lib')
[2.864s] INFO:colcon.colcon_core.shell:Creating environment hook '/home/eia/repo/rbi_2025_2/rov/rov_ws/install/rov_mujoco_sim/share/rov_mujoco_sim/hook/ld_library_path_lib.ps1'
[2.864s] INFO:colcon.colcon_core.shell:Creating environment descriptor '/home/eia/repo/rbi_2025_2/rov/rov_ws/install/rov_mujoco_sim/share/rov_mujoco_sim/hook/ld_library_path_lib.dsv'
[2.865s] INFO:colcon.colcon_core.shell:Creating environment hook '/home/eia/repo/rbi_2025_2/rov/rov_ws/install/rov_mujoco_sim/share/rov_mujoco_sim/hook/ld_library_path_lib.sh'
[2.866s] Level 1:colcon.colcon_core.environment:checking '/home/eia/repo/rbi_2025_2/rov/rov_ws/install/rov_mujoco_sim/bin'
[2.866s] Level 1:colcon.colcon_core.environment:checking '/home/eia/repo/rbi_2025_2/rov/rov_ws/install/rov_mujoco_sim/lib/pkgconfig/rov_mujoco_sim.pc'
[2.866s] Level 1:colcon.colcon_core.environment:checking '/home/eia/repo/rbi_2025_2/rov/rov_ws/install/rov_mujoco_sim/lib/python3.10/site-packages'
[2.866s] Level 1:colcon.colcon_core.environment:checking '/home/eia/repo/rbi_2025_2/rov/rov_ws/install/rov_mujoco_sim/bin'
[2.867s] INFO:colcon.colcon_core.shell:Creating package script '/home/eia/repo/rbi_2025_2/rov/rov_ws/install/rov_mujoco_sim/share/rov_mujoco_sim/package.ps1'
[2.868s] INFO:colcon.colcon_core.shell:Creating package descriptor '/home/eia/repo/rbi_2025_2/rov/rov_ws/install/rov_mujoco_sim/share/rov_mujoco_sim/package.dsv'
[2.868s] INFO:colcon.colcon_core.shell:Creating package script '/home/eia/repo/rbi_2025_2/rov/rov_ws/install/rov_mujoco_sim/share/rov_mujoco_sim/package.sh'
[2.869s] INFO:colcon.colcon_core.shell:Creating package script '/home/eia/repo/rbi_2025_2/rov/rov_ws/install/rov_mujoco_sim/share/rov_mujoco_sim/package.bash'
[2.870s] INFO:colcon.colcon_core.shell:Creating package script '/home/eia/repo/rbi_2025_2/rov/rov_ws/install/rov_mujoco_sim/share/rov_mujoco_sim/package.zsh'
[2.870s] Level 1:colcon.colcon_core.environment:create_file_with_runtime_dependencies(/home/eia/repo/rbi_2025_2/rov/rov_ws/install/rov_mujoco_sim/share/colcon-core/packages/rov_mujoco_sim)
[2.871s] Level 1:colcon.colcon_core.environment:create_environment_scripts_only(rov_mujoco_sim)
[2.871s] Level 1:colcon.colcon_core.environment:checking '/home/eia/repo/rbi_2025_2/rov/rov_ws/install/rov_mujoco_sim' for CMake module files
[2.872s] Level 1:colcon.colcon_core.environment:checking '/home/eia/repo/rbi_2025_2/rov/rov_ws/install/rov_mujoco_sim' for CMake config files
[2.873s] Level 1:colcon.colcon_core.shell:create_environment_hook('rov_mujoco_sim', 'cmake_prefix_path')
[2.873s] INFO:colcon.colcon_core.shell:Creating environment hook '/home/eia/repo/rbi_2025_2/rov/rov_ws/install/rov_mujoco_sim/share/rov_mujoco_sim/hook/cmake_prefix_path.ps1'
[2.874s] INFO:colcon.colcon_core.shell:Creating environment descriptor '/home/eia/repo/rbi_2025_2/rov/rov_ws/install/rov_mujoco_sim/share/rov_mujoco_sim/hook/cmake_prefix_path.dsv'
[2.874s] INFO:colcon.colcon_core.shell:Creating environment hook '/home/eia/repo/rbi_2025_2/rov/rov_ws/install/rov_mujoco_sim/share/rov_mujoco_sim/hook/cmake_prefix_path.sh'
[2.875s] Level 1:colcon.colcon_core.environment:checking '/home/eia/repo/rbi_2025_2/rov/rov_ws/install/rov_mujoco_sim/lib'
[2.875s] Level 1:colcon.colcon_core.shell:create_environment_hook('rov_mujoco_sim', 'ld_library_path_lib')
[2.875s] INFO:colcon.colcon_core.shell:Creating environment hook '/home/eia/repo/rbi_2025_2/rov/rov_ws/install/rov_mujoco_sim/share/rov_mujoco_sim/hook/ld_library_path_lib.ps1'
[2.876s] INFO:colcon.colcon_core.shell:Creating environment descriptor '/home/eia/repo/rbi_2025_2/rov/rov_ws/install/rov_mujoco_sim/share/rov_mujoco_sim/hook/ld_library_path_lib.dsv'
[2.876s] INFO:colcon.colcon_core.shell:Creating environment hook '/home/eia/repo/rbi_2025_2/rov/rov_ws/install/rov_mujoco_sim/share/rov_mujoco_sim/hook/ld_library_path_lib.sh'
[2.877s] Level 1:colcon.colcon_core.environment:checking '/home/eia/repo/rbi_2025_2/rov/rov_ws/install/rov_mujoco_sim/bin'
[2.877s] Level 1:colcon.colcon_core.environment:checking '/home/eia/repo/rbi_2025_2/rov/rov_ws/install/rov_mujoco_sim/lib/pkgconfig/rov_mujoco_sim.pc'
[2.877s] Level 1:colcon.colcon_core.environment:checking '/home/eia/repo/rbi_2025_2/rov/rov_ws/install/rov_mujoco_sim/lib/python3.10/site-packages'
[2.878s] Level 1:colcon.colcon_core.environment:checking '/home/eia/repo/rbi_2025_2/rov/rov_ws/install/rov_mujoco_sim/bin'
[2.878s] INFO:colcon.colcon_core.shell:Creating package script '/home/eia/repo/rbi_2025_2/rov/rov_ws/install/rov_mujoco_sim/share/rov_mujoco_sim/package.ps1'
[2.879s] INFO:colcon.colcon_core.shell:Creating package descriptor '/home/eia/repo/rbi_2025_2/rov/rov_ws/install/rov_mujoco_sim/share/rov_mujoco_sim/package.dsv'
[2.880s] INFO:colcon.colcon_core.shell:Creating package script '/home/eia/repo/rbi_2025_2/rov/rov_ws/install/rov_mujoco_sim/share/rov_mujoco_sim/package.sh'
[2.881s] INFO:colcon.colcon_core.shell:Creating package script '/home/eia/repo/rbi_2025_2/rov/rov_ws/install/rov_mujoco_sim/share/rov_mujoco_sim/package.bash'
[2.881s] INFO:colcon.colcon_core.shell:Creating package script '/home/eia/repo/rbi_2025_2/rov/rov_ws/install/rov_mujoco_sim/share/rov_mujoco_sim/package.zsh'
[2.882s] Level 1:colcon.colcon_core.environment:create_file_with_runtime_dependencies(/home/eia/repo/rbi_2025_2/rov/rov_ws/install/rov_mujoco_sim/share/colcon-core/packages/rov_mujoco_sim)
[2.883s] Level 1:colcon.colcon_core.environment:create_environment_scripts_only(rov_controllers)
[2.883s] Level 1:colcon.colcon_core.environment:checking '/home/eia/repo/rbi_2025_2/rov/rov_ws/install/rov_controllers' for CMake module files
[2.884s] DEBUG:colcon.colcon_core.event_handler.log_command:Invoked command in '/home/eia/repo/rbi_2025_2/rov/rov_ws/build/rov_controllers' returned '0': CMAKE_PREFIX_PATH=/opt/ros/humble /usr/bin/cmake --install /home/eia/repo/rbi_2025_2/rov/rov_ws/build/rov_controllers
[2.885s] Level 1:colcon.colcon_core.environment:checking '/home/eia/repo/rbi_2025_2/rov/rov_ws/install/rov_controllers' for CMake config files
[2.885s] Level 1:colcon.colcon_core.shell:create_environment_hook('rov_controllers', 'cmake_prefix_path')
[2.886s] INFO:colcon.colcon_core.shell:Creating environment hook '/home/eia/repo/rbi_2025_2/rov/rov_ws/install/rov_controllers/share/rov_controllers/hook/cmake_prefix_path.ps1'
[2.886s] INFO:colcon.colcon_core.shell:Creating environment descriptor '/home/eia/repo/rbi_2025_2/rov/rov_ws/install/rov_controllers/share/rov_controllers/hook/cmake_prefix_path.dsv'
[2.887s] INFO:colcon.colcon_core.shell:Creating environment hook '/home/eia/repo/rbi_2025_2/rov/rov_ws/install/rov_controllers/share/rov_controllers/hook/cmake_prefix_path.sh'
[2.887s] Level 1:colcon.colcon_core.environment:checking '/home/eia/repo/rbi_2025_2/rov/rov_ws/install/rov_controllers/lib'
[2.888s] Level 1:colcon.colcon_core.shell:create_environment_hook('rov_controllers', 'ld_library_path_lib')
[2.888s] INFO:colcon.colcon_core.shell:Creating environment hook '/home/eia/repo/rbi_2025_2/rov/rov_ws/install/rov_controllers/share/rov_controllers/hook/ld_library_path_lib.ps1'
[2.889s] INFO:colcon.colcon_core.shell:Creating environment descriptor '/home/eia/repo/rbi_2025_2/rov/rov_ws/install/rov_controllers/share/rov_controllers/hook/ld_library_path_lib.dsv'
[2.889s] INFO:colcon.colcon_core.shell:Creating environment hook '/home/eia/repo/rbi_2025_2/rov/rov_ws/install/rov_controllers/share/rov_controllers/hook/ld_library_path_lib.sh'
[2.890s] Level 1:colcon.colcon_core.environment:checking '/home/eia/repo/rbi_2025_2/rov/rov_ws/install/rov_controllers/bin'
[2.890s] Level 1:colcon.colcon_core.environment:checking '/home/eia/repo/rbi_2025_2/rov/rov_ws/install/rov_controllers/lib/pkgconfig/rov_controllers.pc'
[2.890s] Level 1:colcon.colcon_core.environment:checking '/home/eia/repo/rbi_2025_2/rov/rov_ws/install/rov_controllers/lib/python3.10/site-packages'
[2.890s] Level 1:colcon.colcon_core.environment:checking '/home/eia/repo/rbi_2025_2/rov/rov_ws/install/rov_controllers/bin'
[2.891s] INFO:colcon.colcon_core.shell:Creating package script '/home/eia/repo/rbi_2025_2/rov/rov_ws/install/rov_controllers/share/rov_controllers/package.ps1'
[2.892s] INFO:colcon.colcon_core.shell:Creating package descriptor '/home/eia/repo/rbi_2025_2/rov/rov_ws/install/rov_controllers/share/rov_controllers/package.dsv'
[2.893s] INFO:colcon.colcon_core.shell:Creating package script '/home/eia/repo/rbi_2025_2/rov/rov_ws/install/rov_controllers/share/rov_controllers/package.sh'
[2.893s] INFO:colcon.colcon_core.shell:Creating package script '/home/eia/repo/rbi_2025_2/rov/rov_ws/install/rov_controllers/share/rov_controllers/package.bash'
[2.894s] INFO:colcon.colcon_core.shell:Creating package script '/home/eia/repo/rbi_2025_2/rov/rov_ws/install/rov_controllers/share/rov_controllers/package.zsh'
[2.894s] Level 1:colcon.colcon_core.environment:create_file_with_runtime_dependencies(/home/eia/repo/rbi_2025_2/rov/rov_ws/install/rov_controllers/share/colcon-core/packages/rov_controllers)
[2.895s] Level 1:colcon.colcon_core.environment:create_environment_scripts_only(rov_controllers)
[2.896s] Level 1:colcon.colcon_core.environment:checking '/home/eia/repo/rbi_2025_2/rov/rov_ws/install/rov_controllers' for CMake module files
[2.896s] Level 1:colcon.colcon_core.environment:checking '/home/eia/repo/rbi_2025_2/rov/rov_ws/install/rov_controllers' for CMake config files
[2.897s] Level 1:colcon.colcon_core.shell:create_environment_hook('rov_controllers', 'cmake_prefix_path')
[2.897s] INFO:colcon.colcon_core.shell:Creating environment hook '/home/eia/repo/rbi_2025_2/rov/rov_ws/install/rov_controllers/share/rov_controllers/hook/cmake_prefix_path.ps1'
[2.898s] INFO:colcon.colcon_core.shell:Creating environment descriptor '/home/eia/repo/rbi_2025_2/rov/rov_ws/install/rov_controllers/share/rov_controllers/hook/cmake_prefix_path.dsv'
[2.898s] INFO:colcon.colcon_core.shell:Creating environment hook '/home/eia/repo/rbi_2025_2/rov/rov_ws/install/rov_controllers/share/rov_controllers/hook/cmake_prefix_path.sh'
[2.899s] Level 1:colcon.colcon_core.environment:checking '/home/eia/repo/rbi_2025_2/rov/rov_ws/install/rov_controllers/lib'
[2.899s] Level 1:colcon.colcon_core.shell:create_environment_hook('rov_controllers', 'ld_library_path_lib')
[2.900s] INFO:colcon.colcon_core.shell:Creating environment hook '/home/eia/repo/rbi_2025_2/rov/rov_ws/install/rov_controllers/share/rov_controllers/hook/ld_library_path_lib.ps1'
[2.900s] INFO:colcon.colcon_core.shell:Creating environment descriptor '/home/eia/repo/rbi_2025_2/rov/rov_ws/install/rov_controllers/share/rov_controllers/hook/ld_library_path_lib.dsv'
[2.901s] INFO:colcon.colcon_core.shell:Creating environment hook '/home/eia/repo/rbi_2025_2/rov/rov_ws/install/rov_controllers/share/rov_controllers/hook/ld_library_path_lib.sh'
[2.901s] Level 1:colcon.colcon_core.environment:checking '/home/eia/repo/rbi_2025_2/rov/rov_ws/install/rov_controllers/bin'
[2.902s] Level 1:colcon.colcon_core.environment:checking '/home/eia/repo/rbi_2025_2/rov/rov_ws/install/rov_controllers/lib/pkgconfig/rov_controllers.pc'
[2.902s] Level 1:colcon.colcon_core.environment:checking '/home/eia/repo/rbi_2025_2/rov/rov_ws/install/rov_controllers/lib/python3.10/site-packages'
[2.902s] Level 1:colcon.colcon_core.environment:checking '/home/eia/repo/rbi_2025_2/rov/rov_ws/install/rov_controllers/bin'
[2.903s] INFO:colcon.colcon_core.shell:Creating package script '/home/eia/repo/rbi_2025_2/rov/rov_ws/install/rov_controllers/share/rov_controllers/package.ps1'
[2.904s] INFO:colcon.colcon_core.shell:Creating package descriptor '/home/eia/repo/rbi_2025_2/rov/rov_ws/install/rov_controllers/share/rov_controllers/package.dsv'
[2.904s] INFO:colcon.colcon_core.shell:Creating package script '/home/eia/repo/rbi_2025_2/rov/rov_ws/install/rov_controllers/share/rov_controllers/package.sh'
[2.905s] INFO:colcon.colcon_core.shell:Creating package script '/home/eia/repo/rbi_2025_2/rov/rov_ws/install/rov_controllers/share/rov_controllers/package.bash'
[2.906s] INFO:colcon.colcon_core.shell:Creating package script '/home/eia/repo/rbi_2025_2/rov/rov_ws/install/rov_controllers/share/rov_controllers/package.zsh'
[2.906s] Level 1:colcon.colcon_core.environment:create_file_with_runtime_dependencies(/home/eia/repo/rbi_2025_2/rov/rov_ws/install/rov_controllers/share/colcon-core/packages/rov_controllers)
[2.907s] Level 1:colcon.colcon_core.environment:create_environment_scripts_only(rov_mujoco_bringup)
[2.907s] Level 1:colcon.colcon_core.environment:checking '/home/eia/repo/rbi_2025_2/rov/rov_ws/install/rov_mujoco_bringup' for CMake module files
[2.909s] DEBUG:colcon.colcon_core.event_handler.log_command:Invoked command in '/home/eia/repo/rbi_2025_2/rov/rov_ws/build/rov_mujoco_bringup' returned '0': CMAKE_PREFIX_PATH=/opt/ros/humble /usr/bin/cmake --install /home/eia/repo/rbi_2025_2/rov/rov_ws/build/rov_mujoco_bringup
[2.909s] Level 1:colcon.colcon_core.environment:checking '/home/eia/repo/rbi_2025_2/rov/rov_ws/install/rov_mujoco_bringup' for CMake config files
[2.910s] Level 1:colcon.colcon_core.shell:create_environment_hook('rov_mujoco_bringup', 'cmake_prefix_path')
[2.910s] INFO:colcon.colcon_core.shell:Creating environment hook '/home/eia/repo/rbi_2025_2/rov/rov_ws/install/rov_mujoco_bringup/share/rov_mujoco_bringup/hook/cmake_prefix_path.ps1'
[2.911s] INFO:colcon.colcon_core.shell:Creating environment descriptor '/home/eia/repo/rbi_2025_2/rov/rov_ws/install/rov_mujoco_bringup/share/rov_mujoco_bringup/hook/cmake_prefix_path.dsv'
[2.911s] INFO:colcon.colcon_core.shell:Creating environment hook '/home/eia/repo/rbi_2025_2/rov/rov_ws/install/rov_mujoco_bringup/share/rov_mujoco_bringup/hook/cmake_prefix_path.sh'
[2.912s] Level 1:colcon.colcon_core.environment:checking '/home/eia/repo/rbi_2025_2/rov/rov_ws/install/rov_mujoco_bringup/bin'
[2.912s] Level 1:colcon.colcon_core.environment:checking '/home/eia/repo/rbi_2025_2/rov/rov_ws/install/rov_mujoco_bringup/lib/pkgconfig/rov_mujoco_bringup.pc'
[2.913s] Level 1:colcon.colcon_core.environment:checking '/home/eia/repo/rbi_2025_2/rov/rov_ws/install/rov_mujoco_bringup/lib/python3.10/site-packages'
[2.913s] Level 1:colcon.colcon_core.environment:checking '/home/eia/repo/rbi_2025_2/rov/rov_ws/install/rov_mujoco_bringup/bin'
[2.913s] INFO:colcon.colcon_core.shell:Creating package script '/home/eia/repo/rbi_2025_2/rov/rov_ws/install/rov_mujoco_bringup/share/rov_mujoco_bringup/package.ps1'
[2.914s] INFO:colcon.colcon_core.shell:Creating package descriptor '/home/eia/repo/rbi_2025_2/rov/rov_ws/install/rov_mujoco_bringup/share/rov_mujoco_bringup/package.dsv'
[2.915s] INFO:colcon.colcon_core.shell:Creating package script '/home/eia/repo/rbi_2025_2/rov/rov_ws/install/rov_mujoco_bringup/share/rov_mujoco_bringup/package.sh'
[2.915s] INFO:colcon.colcon_core.shell:Creating package script '/home/eia/repo/rbi_2025_2/rov/rov_ws/install/rov_mujoco_bringup/share/rov_mujoco_bringup/package.bash'
[2.916s] INFO:colcon.colcon_core.shell:Creating package script '/home/eia/repo/rbi_2025_2/rov/rov_ws/install/rov_mujoco_bringup/share/rov_mujoco_bringup/package.zsh'
[2.916s] Level 1:colcon.colcon_core.environment:create_file_with_runtime_dependencies(/home/eia/repo/rbi_2025_2/rov/rov_ws/install/rov_mujoco_bringup/share/colcon-core/packages/rov_mujoco_bringup)
[2.917s] Level 1:colcon.colcon_core.environment:create_environment_scripts_only(rov_mujoco_bringup)
[2.917s] Level 1:colcon.colcon_core.environment:checking '/home/eia/repo/rbi_2025_2/rov/rov_ws/install/rov_mujoco_bringup' for CMake module files
[2.918s] Level 1:colcon.colcon_core.environment:checking '/home/eia/repo/rbi_2025_2/rov/rov_ws/install/rov_mujoco_bringup' for CMake config files
[2.918s] Level 1:colcon.colcon_core.shell:create_environment_hook('rov_mujoco_bringup', 'cmake_prefix_path')
[2.918s] INFO:colcon.colcon_core.shell:Creating environment hook '/home/eia/repo/rbi_2025_2/rov/rov_ws/install/rov_mujoco_bringup/share/rov_mujoco_bringup/hook/cmake_prefix_path.ps1'
[2.919s] INFO:colcon.colcon_core.shell:Creating environment descriptor '/home/eia/repo/rbi_2025_2/rov/rov_ws/install/rov_mujoco_bringup/share/rov_mujoco_bringup/hook/cmake_prefix_path.dsv'
[2.919s] INFO:colcon.colcon_core.shell:Creating environment hook '/home/eia/repo/rbi_2025_2/rov/rov_ws/install/rov_mujoco_bringup/share/rov_mujoco_bringup/hook/cmake_prefix_path.sh'
[2.920s] Level 1:colcon.colcon_core.environment:checking '/home/eia/repo/rbi_2025_2/rov/rov_ws/install/rov_mujoco_bringup/bin'
[2.920s] Level 1:colcon.colcon_core.environment:checking '/home/eia/repo/rbi_2025_2/rov/rov_ws/install/rov_mujoco_bringup/lib/pkgconfig/rov_mujoco_bringup.pc'
[2.920s] Level 1:colcon.colcon_core.environment:checking '/home/eia/repo/rbi_2025_2/rov/rov_ws/install/rov_mujoco_bringup/lib/python3.10/site-packages'
[2.921s] Level 1:colcon.colcon_core.environment:checking '/home/eia/repo/rbi_2025_2/rov/rov_ws/install/rov_mujoco_bringup/bin'
[2.921s] INFO:colcon.colcon_core.shell:Creating package script '/home/eia/repo/rbi_2025_2/rov/rov_ws/install/rov_mujoco_bringup/share/rov_mujoco_bringup/package.ps1'
[2.922s] INFO:colcon.colcon_core.shell:Creating package descriptor '/home/eia/repo/rbi_2025_2/rov/rov_ws/install/rov_mujoco_bringup/share/rov_mujoco_bringup/package.dsv'
[2.922s] INFO:colcon.colcon_core.shell:Creating package script '/home/eia/repo/rbi_2025_2/rov/rov_ws/install/rov_mujoco_bringup/share/rov_mujoco_bringup/package.sh'
[2.923s] INFO:colcon.colcon_core.shell:Creating package script '/home/eia/repo/rbi_2025_2/rov/rov_ws/install/rov_mujoco_bringup/share/rov_mujoco_bringup/package.bash'
[2.923s] INFO:colcon.colcon_core.shell:Creating package script '/home/eia/repo/rbi_2025_2/rov/rov_ws/install/rov_mujoco_bringup/share/rov_mujoco_bringup/package.zsh'
[2.924s] Level 1:colcon.colcon_core.environment:create_file_with_runtime_dependencies(/home/eia/repo/rbi_2025_2/rov/rov_ws/install/rov_mujoco_bringup/share/colcon-core/packages/rov_mujoco_bringup)
[2.924s] Level 1:colcon.colcon_core.environment:create_environment_scripts_only(rov_hardware_interface)
[2.925s] Level 1:colcon.colcon_core.environment:checking '/home/eia/repo/rbi_2025_2/rov/rov_ws/install/rov_hardware_interface' for CMake module files
[2.926s] DEBUG:colcon.colcon_core.event_handler.log_command:Invoked command in '/home/eia/repo/rbi_2025_2/rov/rov_ws/build/rov_hardware_interface' returned '0': CMAKE_PREFIX_PATH=/opt/ros/humble /usr/bin/cmake --install /home/eia/repo/rbi_2025_2/rov/rov_ws/build/rov_hardware_interface
[2.928s] Level 1:colcon.colcon_core.environment:checking '/home/eia/repo/rbi_2025_2/rov/rov_ws/install/rov_hardware_interface' for CMake config files
[2.929s] Level 1:colcon.colcon_core.shell:create_environment_hook('rov_hardware_interface', 'cmake_prefix_path')
[2.929s] INFO:colcon.colcon_core.shell:Creating environment hook '/home/eia/repo/rbi_2025_2/rov/rov_ws/install/rov_hardware_interface/share/rov_hardware_interface/hook/cmake_prefix_path.ps1'
[2.930s] INFO:colcon.colcon_core.shell:Creating environment descriptor '/home/eia/repo/rbi_2025_2/rov/rov_ws/install/rov_hardware_interface/share/rov_hardware_interface/hook/cmake_prefix_path.dsv'
[2.931s] INFO:colcon.colcon_core.shell:Creating environment hook '/home/eia/repo/rbi_2025_2/rov/rov_ws/install/rov_hardware_interface/share/rov_hardware_interface/hook/cmake_prefix_path.sh'
[2.932s] Level 1:colcon.colcon_core.environment:checking '/home/eia/repo/rbi_2025_2/rov/rov_ws/install/rov_hardware_interface/lib'
[2.932s] Level 1:colcon.colcon_core.shell:create_environment_hook('rov_hardware_interface', 'ld_library_path_lib')
[2.932s] INFO:colcon.colcon_core.shell:Creating environment hook '/home/eia/repo/rbi_2025_2/rov/rov_ws/install/rov_hardware_interface/share/rov_hardware_interface/hook/ld_library_path_lib.ps1'
[2.933s] INFO:colcon.colcon_core.shell:Creating environment descriptor '/home/eia/repo/rbi_2025_2/rov/rov_ws/install/rov_hardware_interface/share/rov_hardware_interface/hook/ld_library_path_lib.dsv'
[2.933s] INFO:colcon.colcon_core.shell:Creating environment hook '/home/eia/repo/rbi_2025_2/rov/rov_ws/install/rov_hardware_interface/share/rov_hardware_interface/hook/ld_library_path_lib.sh'
[2.933s] Level 1:colcon.colcon_core.environment:checking '/home/eia/repo/rbi_2025_2/rov/rov_ws/install/rov_hardware_interface/bin'
[2.934s] Level 1:colcon.colcon_core.environment:checking '/home/eia/repo/rbi_2025_2/rov/rov_ws/install/rov_hardware_interface/lib/pkgconfig/rov_hardware_interface.pc'
[2.934s] Level 1:colcon.colcon_core.environment:checking '/home/eia/repo/rbi_2025_2/rov/rov_ws/install/rov_hardware_interface/lib/python3.10/site-packages'
[2.934s] Level 1:colcon.colcon_core.environment:checking '/home/eia/repo/rbi_2025_2/rov/rov_ws/install/rov_hardware_interface/bin'
[2.934s] INFO:colcon.colcon_core.shell:Creating package script '/home/eia/repo/rbi_2025_2/rov/rov_ws/install/rov_hardware_interface/share/rov_hardware_interface/package.ps1'
[2.935s] INFO:colcon.colcon_core.shell:Creating package descriptor '/home/eia/repo/rbi_2025_2/rov/rov_ws/install/rov_hardware_interface/share/rov_hardware_interface/package.dsv'
[2.936s] INFO:colcon.colcon_core.shell:Creating package script '/home/eia/repo/rbi_2025_2/rov/rov_ws/install/rov_hardware_interface/share/rov_hardware_interface/package.sh'
[2.936s] INFO:colcon.colcon_core.shell:Creating package script '/home/eia/repo/rbi_2025_2/rov/rov_ws/install/rov_hardware_interface/share/rov_hardware_interface/package.bash'
[2.937s] INFO:colcon.colcon_core.shell:Creating package script '/home/eia/repo/rbi_2025_2/rov/rov_ws/install/rov_hardware_interface/share/rov_hardware_interface/package.zsh'
[2.937s] Level 1:colcon.colcon_core.environment:create_file_with_runtime_dependencies(/home/eia/repo/rbi_2025_2/rov/rov_ws/install/rov_hardware_interface/share/colcon-core/packages/rov_hardware_interface)
[2.938s] Level 1:colcon.colcon_core.environment:create_environment_scripts_only(rov_hardware_interface)
[2.938s] Level 1:colcon.colcon_core.environment:checking '/home/eia/repo/rbi_2025_2/rov/rov_ws/install/rov_hardware_interface' for CMake module files
[2.938s] Level 1:colcon.colcon_core.environment:checking '/home/eia/repo/rbi_2025_2/rov/rov_ws/install/rov_hardware_interface' for CMake config files
[2.939s] Level 1:colcon.colcon_core.shell:create_environment_hook('rov_hardware_interface', 'cmake_prefix_path')
[2.939s] INFO:colcon.colcon_core.shell:Creating environment hook '/home/eia/repo/rbi_2025_2/rov/rov_ws/install/rov_hardware_interface/share/rov_hardware_interface/hook/cmake_prefix_path.ps1'
[2.939s] INFO:colcon.colcon_core.shell:Creating environment descriptor '/home/eia/repo/rbi_2025_2/rov/rov_ws/install/rov_hardware_interface/share/rov_hardware_interface/hook/cmake_prefix_path.dsv'
[2.940s] INFO:colcon.colcon_core.shell:Creating environment hook '/home/eia/repo/rbi_2025_2/rov/rov_ws/install/rov_hardware_interface/share/rov_hardware_interface/hook/cmake_prefix_path.sh'
[2.940s] Level 1:colcon.colcon_core.environment:checking '/home/eia/repo/rbi_2025_2/rov/rov_ws/install/rov_hardware_interface/lib'
[2.940s] Level 1:colcon.colcon_core.shell:create_environment_hook('rov_hardware_interface', 'ld_library_path_lib')
[2.941s] INFO:colcon.colcon_core.shell:Creating environment hook '/home/eia/repo/rbi_2025_2/rov/rov_ws/install/rov_hardware_interface/share/rov_hardware_interface/hook/ld_library_path_lib.ps1'
[2.941s] INFO:colcon.colcon_core.shell:Creating environment descriptor '/home/eia/repo/rbi_2025_2/rov/rov_ws/install/rov_hardware_interface/share/rov_hardware_interface/hook/ld_library_path_lib.dsv'
[2.941s] INFO:colcon.colcon_core.shell:Creating environment hook '/home/eia/repo/rbi_2025_2/rov/rov_ws/install/rov_hardware_interface/share/rov_hardware_interface/hook/ld_library_path_lib.sh'
[2.942s] Level 1:colcon.colcon_core.environment:checking '/home/eia/repo/rbi_2025_2/rov/rov_ws/install/rov_hardware_interface/bin'
[2.942s] Level 1:colcon.colcon_core.environment:checking '/home/eia/repo/rbi_2025_2/rov/rov_ws/install/rov_hardware_interface/lib/pkgconfig/rov_hardware_interface.pc'
[2.942s] Level 1:colcon.colcon_core.environment:checking '/home/eia/repo/rbi_2025_2/rov/rov_ws/install/rov_hardware_interface/lib/python3.10/site-packages'
[2.942s] Level 1:colcon.colcon_core.environment:checking '/home/eia/repo/rbi_2025_2/rov/rov_ws/install/rov_hardware_interface/bin'
[2.942s] INFO:colcon.colcon_core.shell:Creating package script '/home/eia/repo/rbi_2025_2/rov/rov_ws/install/rov_hardware_interface/share/rov_hardware_interface/package.ps1'
[2.943s] INFO:colcon.colcon_core.shell:Creating package descriptor '/home/eia/repo/rbi_2025_2/rov/rov_ws/install/rov_hardware_interface/share/rov_hardware_interface/package.dsv'
[2.943s] INFO:colcon.colcon_core.shell:Creating package script '/home/eia/repo/rbi_2025_2/rov/rov_ws/install/rov_hardware_interface/share/rov_hardware_interface/package.sh'
[2.944s] INFO:colcon.colcon_core.shell:Creating package script '/home/eia/repo/rbi_2025_2/rov/rov_ws/install/rov_hardware_interface/share/rov_hardware_interface/package.bash'
[2.944s] INFO:colcon.colcon_core.shell:Creating package script '/home/eia/repo/rbi_2025_2/rov/rov_ws/install/rov_hardware_interface/share/rov_hardware_interface/package.zsh'
[2.945s] Level 1:colcon.colcon_core.environment:create_file_with_runtime_dependencies(/home/eia/repo/rbi_2025_2/rov/rov_ws/install/rov_hardware_interface/share/colcon-core/packages/rov_hardware_interface)
[2.946s] Level 1:colcon.colcon_core.environment:create_environment_scripts_only(rov_real_description)
[2.946s] Level 1:colcon.colcon_core.environment:checking '/home/eia/repo/rbi_2025_2/rov/rov_ws/install/rov_real_description' for CMake module files
[2.946s] DEBUG:colcon.colcon_core.event_handler.log_command:Invoked command in '/home/eia/repo/rbi_2025_2/rov/rov_ws/build/rov_real_description' returned '0': CMAKE_PREFIX_PATH=/opt/ros/humble /usr/bin/cmake --install /home/eia/repo/rbi_2025_2/rov/rov_ws/build/rov_real_description
[2.947s] Level 1:colcon.colcon_core.environment:checking '/home/eia/repo/rbi_2025_2/rov/rov_ws/install/rov_real_description' for CMake config files
[2.947s] Level 1:colcon.colcon_core.shell:create_environment_hook('rov_real_description', 'cmake_prefix_path')
[2.947s] INFO:colcon.colcon_core.shell:Creating environment hook '/home/eia/repo/rbi_2025_2/rov/rov_ws/install/rov_real_description/share/rov_real_description/hook/cmake_prefix_path.ps1'
[2.948s] INFO:colcon.colcon_core.shell:Creating environment descriptor '/home/eia/repo/rbi_2025_2/rov/rov_ws/install/rov_real_description/share/rov_real_description/hook/cmake_prefix_path.dsv'
[2.948s] INFO:colcon.colcon_core.shell:Creating environment hook '/home/eia/repo/rbi_2025_2/rov/rov_ws/install/rov_real_description/share/rov_real_description/hook/cmake_prefix_path.sh'
[2.949s] Level 1:colcon.colcon_core.environment:checking '/home/eia/repo/rbi_2025_2/rov/rov_ws/install/rov_real_description/bin'
[2.949s] Level 1:colcon.colcon_core.environment:checking '/home/eia/repo/rbi_2025_2/rov/rov_ws/install/rov_real_description/lib/pkgconfig/rov_real_description.pc'
[2.949s] Level 1:colcon.colcon_core.environment:checking '/home/eia/repo/rbi_2025_2/rov/rov_ws/install/rov_real_description/lib/python3.10/site-packages'
[2.949s] Level 1:colcon.colcon_core.environment:checking '/home/eia/repo/rbi_2025_2/rov/rov_ws/install/rov_real_description/bin'
[2.949s] INFO:colcon.colcon_core.shell:Creating package script '/home/eia/repo/rbi_2025_2/rov/rov_ws/install/rov_real_description/share/rov_real_description/package.ps1'
[2.950s] INFO:colcon.colcon_core.shell:Creating package descriptor '/home/eia/repo/rbi_2025_2/rov/rov_ws/install/rov_real_description/share/rov_real_description/package.dsv'
[2.950s] INFO:colcon.colcon_core.shell:Creating package script '/home/eia/repo/rbi_2025_2/rov/rov_ws/install/rov_real_description/share/rov_real_description/package.sh'
[2.951s] INFO:colcon.colcon_core.shell:Creating package script '/home/eia/repo/rbi_2025_2/rov/rov_ws/install/rov_real_description/share/rov_real_description/package.bash'
[2.951s] INFO:colcon.colcon_core.shell:Creating package script '/home/eia/repo/rbi_2025_2/rov/rov_ws/install/rov_real_description/share/rov_real_description/package.zsh'
[2.951s] Level 1:colcon.colcon_core.environment:create_file_with_runtime_dependencies(/home/eia/repo/rbi_2025_2/rov/rov_ws/install/rov_real_description/share/colcon-core/packages/rov_real_description)
[2.952s] Level 1:colcon.colcon_core.environment:create_environment_scripts_only(rov_real_description)
[2.952s] Level 1:colcon.colcon_core.environment:checking '/home/eia/repo/rbi_2025_2/rov/rov_ws/install/rov_real_description' for CMake module files
[2.952s] Level 1:colcon.colcon_core.environment:checking '/home/eia/repo/rbi_2025_2/rov/rov_ws/install/rov_real_description' for CMake config files
[2.953s] Level 1:colcon.colcon_core.shell:create_environment_hook('rov_real_description', 'cmake_prefix_path')
[2.953s] INFO:colcon.colcon_core.shell:Creating environment hook '/home/eia/repo/rbi_2025_2/rov/rov_ws/install/rov_real_description/share/rov_real_description/hook/cmake_prefix_path.ps1'
[2.953s] INFO:colcon.colcon_core.shell:Creating environment descriptor '/home/eia/repo/rbi_2025_2/rov/rov_ws/install/rov_real_description/share/rov_real_description/hook/cmake_prefix_path.dsv'
[2.954s] INFO:colcon.colcon_core.shell:Creating environment hook '/home/eia/repo/rbi_2025_2/rov/rov_ws/install/rov_real_description/share/rov_real_description/hook/cmake_prefix_path.sh'
[2.954s] Level 1:colcon.colcon_core.environment:checking '/home/eia/repo/rbi_2025_2/rov/rov_ws/install/rov_real_description/bin'
[2.954s] Level 1:colcon.colcon_core.environment:checking '/home/eia/repo/rbi_2025_2/rov/rov_ws/install/rov_real_description/lib/pkgconfig/rov_real_description.pc'
[2.954s] Level 1:colcon.colcon_core.environment:checking '/home/eia/repo/rbi_2025_2/rov/rov_ws/install/rov_real_description/lib/python3.10/site-packages'
[2.955s] Level 1:colcon.colcon_core.environment:checking '/home/eia/repo/rbi_2025_2/rov/rov_ws/install/rov_real_description/bin'
[2.955s] INFO:colcon.colcon_core.shell:Creating package script '/home/eia/repo/rbi_2025_2/rov/rov_ws/install/rov_real_description/share/rov_real_description/package.ps1'
[2.956s] INFO:colcon.colcon_core.shell:Creating package descriptor '/home/eia/repo/rbi_2025_2/rov/rov_ws/install/rov_real_description/share/rov_real_description/package.dsv'
[2.956s] INFO:colcon.colcon_core.shell:Creating package script '/home/eia/repo/rbi_2025_2/rov/rov_ws/install/rov_real_description/share/rov_real_description/package.sh'
[2.956s] INFO:colcon.colcon_core.shell:Creating package script '/home/eia/repo/rbi_2025_2/rov/rov_ws/install/rov_real_description/share/rov_real_description/package.bash'
[2.957s] INFO:colcon.colcon_core.shell:Creating package script '/home/eia/repo/rbi_2025_2/rov/rov_ws/install/rov_real_description/share/rov_real_description/package.zsh'
[2.957s] Level 1:colcon.colcon_core.environment:create_file_with_runtime_dependencies(/home/eia/repo/rbi_2025_2/rov/rov_ws/install/rov_real_description/share/colcon-core/packages/rov_real_description)
[3.517s] DEBUG:colcon.colcon_core.event_handler.log_command:Invoked command in '/home/eia/repo/rbi_2025_2/rov/rov_ws/build/rov_real_bringup' returned '0': CMAKE_PREFIX_PATH=/opt/ros/humble /usr/bin/cmake --build /home/eia/repo/rbi_2025_2/rov/rov_ws/build/rov_real_bringup -- -j12 -l12
[3.518s] DEBUG:colcon.colcon_core.event_handler.log_command:Invoking command in '/home/eia/repo/rbi_2025_2/rov/rov_ws/build/rov_real_bringup': CMAKE_PREFIX_PATH=/opt/ros/humble /usr/bin/cmake --install /home/eia/repo/rbi_2025_2/rov/rov_ws/build/rov_real_bringup
[3.543s] Level 1:colcon.colcon_core.environment:create_environment_scripts_only(rov_real_bringup)
[3.544s] Level 1:colcon.colcon_core.environment:checking '/home/eia/repo/rbi_2025_2/rov/rov_ws/install/rov_real_bringup' for CMake module files
[3.544s] DEBUG:colcon.colcon_core.event_handler.log_command:Invoked command in '/home/eia/repo/rbi_2025_2/rov/rov_ws/build/rov_real_bringup' returned '0': CMAKE_PREFIX_PATH=/opt/ros/humble /usr/bin/cmake --install /home/eia/repo/rbi_2025_2/rov/rov_ws/build/rov_real_bringup
[3.545s] Level 1:colcon.colcon_core.environment:checking '/home/eia/repo/rbi_2025_2/rov/rov_ws/install/rov_real_bringup' for CMake config files
[3.545s] Level 1:colcon.colcon_core.shell:create_environment_hook('rov_real_bringup', 'cmake_prefix_path')
[3.546s] INFO:colcon.colcon_core.shell:Creating environment hook '/home/eia/repo/rbi_2025_2/rov/rov_ws/install/rov_real_bringup/share/rov_real_bringup/hook/cmake_prefix_path.ps1'
[3.546s] INFO:colcon.colcon_core.shell:Creating environment descriptor '/home/eia/repo/rbi_2025_2/rov/rov_ws/install/rov_real_bringup/share/rov_real_bringup/hook/cmake_prefix_path.dsv'
[3.547s] INFO:colcon.colcon_core.shell:Creating environment hook '/home/eia/repo/rbi_2025_2/rov/rov_ws/install/rov_real_bringup/share/rov_real_bringup/hook/cmake_prefix_path.sh'
[3.547s] Level 1:colcon.colcon_core.environment:checking '/home/eia/repo/rbi_2025_2/rov/rov_ws/install/rov_real_bringup/bin'
[3.548s] Level 1:colcon.colcon_core.environment:checking '/home/eia/repo/rbi_2025_2/rov/rov_ws/install/rov_real_bringup/lib/pkgconfig/rov_real_bringup.pc'
[3.548s] Level 1:colcon.colcon_core.environment:checking '/home/eia/repo/rbi_2025_2/rov/rov_ws/install/rov_real_bringup/lib/python3.10/site-packages'
[3.548s] Level 1:colcon.colcon_core.environment:checking '/home/eia/repo/rbi_2025_2/rov/rov_ws/install/rov_real_bringup/bin'
[3.549s] INFO:colcon.colcon_core.shell:Creating package script '/home/eia/repo/rbi_2025_2/rov/rov_ws/install/rov_real_bringup/share/rov_real_bringup/package.ps1'
[3.549s] INFO:colcon.colcon_core.shell:Creating package descriptor '/home/eia/repo/rbi_2025_2/rov/rov_ws/install/rov_real_bringup/share/rov_real_bringup/package.dsv'
[3.550s] INFO:colcon.colcon_core.shell:Creating package script '/home/eia/repo/rbi_2025_2/rov/rov_ws/install/rov_real_bringup/share/rov_real_bringup/package.sh'
[3.550s] INFO:colcon.colcon_core.shell:Creating package script '/home/eia/repo/rbi_2025_2/rov/rov_ws/install/rov_real_bringup/share/rov_real_bringup/package.bash'
[3.551s] INFO:colcon.colcon_core.shell:Creating package script '/home/eia/repo/rbi_2025_2/rov/rov_ws/install/rov_real_bringup/share/rov_real_bringup/package.zsh'
[3.551s] Level 1:colcon.colcon_core.environment:create_file_with_runtime_dependencies(/home/eia/repo/rbi_2025_2/rov/rov_ws/install/rov_real_bringup/share/colcon-core/packages/rov_real_bringup)
[3.552s] Level 1:colcon.colcon_core.environment:create_environment_scripts_only(rov_real_bringup)
[3.552s] Level 1:colcon.colcon_core.environment:checking '/home/eia/repo/rbi_2025_2/rov/rov_ws/install/rov_real_bringup' for CMake module files
[3.553s] Level 1:colcon.colcon_core.environment:checking '/home/eia/repo/rbi_2025_2/rov/rov_ws/install/rov_real_bringup' for CMake config files
[3.553s] Level 1:colcon.colcon_core.shell:create_environment_hook('rov_real_bringup', 'cmake_prefix_path')
[3.554s] INFO:colcon.colcon_core.shell:Creating environment hook '/home/eia/repo/rbi_2025_2/rov/rov_ws/install/rov_real_bringup/share/rov_real_bringup/hook/cmake_prefix_path.ps1'
[3.554s] INFO:colcon.colcon_core.shell:Creating environment descriptor '/home/eia/repo/rbi_2025_2/rov/rov_ws/install/rov_real_bringup/share/rov_real_bringup/hook/cmake_prefix_path.dsv'
[3.555s] INFO:colcon.colcon_core.shell:Creating environment hook '/home/eia/repo/rbi_2025_2/rov/rov_ws/install/rov_real_bringup/share/rov_real_bringup/hook/cmake_prefix_path.sh'
[3.555s] Level 1:colcon.colcon_core.environment:checking '/home/eia/repo/rbi_2025_2/rov/rov_ws/install/rov_real_bringup/bin'
[3.556s] Level 1:colcon.colcon_core.environment:checking '/home/eia/repo/rbi_2025_2/rov/rov_ws/install/rov_real_bringup/lib/pkgconfig/rov_real_bringup.pc'
[3.556s] Level 1:colcon.colcon_core.environment:checking '/home/eia/repo/rbi_2025_2/rov/rov_ws/install/rov_real_bringup/lib/python3.10/site-packages'
[3.556s] Level 1:colcon.colcon_core.environment:checking '/home/eia/repo/rbi_2025_2/rov/rov_ws/install/rov_real_bringup/bin'
[3.557s] INFO:colcon.colcon_core.shell:Creating package script '/home/eia/repo/rbi_2025_2/rov/rov_ws/install/rov_real_bringup/share/rov_real_bringup/package.ps1'
[3.557s] INFO:colcon.colcon_core.shell:Creating package descriptor '/home/eia/repo/rbi_2025_2/rov/rov_ws/install/rov_real_bringup/share/rov_real_bringup/package.dsv'
[3.558s] INFO:colcon.colcon_core.shell:Creating package script '/home/eia/repo/rbi_2025_2/rov/rov_ws/install/rov_real_bringup/share/rov_real_bringup/package.sh'
[3.559s] INFO:colcon.colcon_core.shell:Creating package script '/home/eia/repo/rbi_2025_2/rov/rov_ws/install/rov_real_bringup/share/rov_real_bringup/package.bash'
[3.559s] INFO:colcon.colcon_core.shell:Creating package script '/home/eia/repo/rbi_2025_2/rov/rov_ws/install/rov_real_bringup/share/rov_real_bringup/package.zsh'
[3.560s] Level 1:colcon.colcon_core.environment:create_file_with_runtime_dependencies(/home/eia/repo/rbi_2025_2/rov/rov_ws/install/rov_real_bringup/share/colcon-core/packages/rov_real_bringup)
[3.572s] DEBUG:colcon.colcon_core.event_handler.log_command:Invoking command in '/home/eia/repo/rbi_2025_2/rov/rov_ws/build/rov_path_follower': PYTHONPATH=/home/eia/repo/rbi_2025_2/rov/rov_ws/build/rov_path_follower/prefix_override:/home/eia/.local/lib/python3.10/site-packages/colcon_core/task/python/colcon_distutils_commands:/home/eia/repo/rbi_2025_2/rov/rov_ws/install/rov_path_follower/lib/python3.10/site-packages:${PYTHONPATH} /usr/bin/python3 -W ignore:setup.py install is deprecated -W ignore:easy_install command is deprecated setup.py develop --editable --build-directory /home/eia/repo/rbi_2025_2/rov/rov_ws/build/rov_path_follower/build --no-deps symlink_data
[3.592s] DEBUG:colcon.colcon_core.event_handler.log_command:Invoking command in '/home/eia/repo/rbi_2025_2/rov/rov_ws/build/rov_path_generator': PYTHONPATH=/home/eia/repo/rbi_2025_2/rov/rov_ws/build/rov_path_generator/prefix_override:/home/eia/.local/lib/python3.10/site-packages/colcon_core/task/python/colcon_distutils_commands:/home/eia/repo/rbi_2025_2/rov/rov_ws/install/rov_path_generator/lib/python3.10/site-packages:${PYTHONPATH} /usr/bin/python3 -W ignore:setup.py install is deprecated -W ignore:easy_install command is deprecated setup.py develop --editable --build-directory /home/eia/repo/rbi_2025_2/rov/rov_ws/build/rov_path_generator/build --no-deps symlink_data
[3.597s] DEBUG:colcon.colcon_core.event_handler.log_command:Invoking command in '/home/eia/repo/rbi_2025_2/rov/rov_ws/build/rov_attitude_controller': PYTHONPATH=/home/eia/repo/rbi_2025_2/rov/rov_ws/build/rov_attitude_controller/prefix_override:/home/eia/.local/lib/python3.10/site-packages/colcon_core/task/python/colcon_distutils_commands:/home/eia/repo/rbi_2025_2/rov/rov_ws/install/rov_attitude_controller/lib/python3.10/site-packages:${PYTHONPATH} /usr/bin/python3 -W ignore:setup.py install is deprecated -W ignore:easy_install command is deprecated setup.py develop --editable --build-directory /home/eia/repo/rbi_2025_2/rov/rov_ws/build/rov_attitude_controller/build --no-deps symlink_data
[3.608s] DEBUG:colcon.colcon_core.event_handler.log_command:Invoking command in '/home/eia/repo/rbi_2025_2/rov/rov_ws/build/direct_control': PYTHONPATH=/home/eia/repo/rbi_2025_2/rov/rov_ws/build/direct_control/prefix_override:/home/eia/.local/lib/python3.10/site-packages/colcon_core/task/python/colcon_distutils_commands:/home/eia/repo/rbi_2025_2/rov/rov_ws/install/direct_control/lib/python3.10/site-packages:${PYTHONPATH} /usr/bin/python3 -W ignore:setup.py install is deprecated -W ignore:easy_install command is deprecated setup.py develop --editable --build-directory /home/eia/repo/rbi_2025_2/rov/rov_ws/build/direct_control/build --no-deps symlink_data
[3.696s] DEBUG:colcon.colcon_core.event_handler.log_command:Invoking command in '/home/eia/repo/rbi_2025_2/rov/rov_ws/build/rov_position_controller': PYTHONPATH=/home/eia/repo/rbi_2025_2/rov/rov_ws/build/rov_position_controller/prefix_override:/home/eia/.local/lib/python3.10/site-packages/colcon_core/task/python/colcon_distutils_commands:/home/eia/repo/rbi_2025_2/rov/rov_ws/install/rov_position_controller/lib/python3.10/site-packages:${PYTHONPATH} /usr/bin/python3 -W ignore:setup.py install is deprecated -W ignore:easy_install command is deprecated setup.py develop --editable --build-directory /home/eia/repo/rbi_2025_2/rov/rov_ws/build/rov_position_controller/build --no-deps symlink_data
[4.467s] Level 1:colcon.colcon_core.shell:create_environment_hook('rov_attitude_controller', 'pythonpath_develop')
[4.467s] INFO:colcon.colcon_core.shell:Creating environment hook '/home/eia/repo/rbi_2025_2/rov/rov_ws/build/rov_attitude_controller/share/rov_attitude_controller/hook/pythonpath_develop.ps1'
[4.468s] DEBUG:colcon.colcon_core.event_handler.log_command:Invoked command in '/home/eia/repo/rbi_2025_2/rov/rov_ws/build/rov_attitude_controller' returned '0': PYTHONPATH=/home/eia/repo/rbi_2025_2/rov/rov_ws/build/rov_attitude_controller/prefix_override:/home/eia/.local/lib/python3.10/site-packages/colcon_core/task/python/colcon_distutils_commands:/home/eia/repo/rbi_2025_2/rov/rov_ws/install/rov_attitude_controller/lib/python3.10/site-packages:${PYTHONPATH} /usr/bin/python3 -W ignore:setup.py install is deprecated -W ignore:easy_install command is deprecated setup.py develop --editable --build-directory /home/eia/repo/rbi_2025_2/rov/rov_ws/build/rov_attitude_controller/build --no-deps symlink_data
[4.469s] INFO:colcon.colcon_core.shell:Creating environment descriptor '/home/eia/repo/rbi_2025_2/rov/rov_ws/build/rov_attitude_controller/share/rov_attitude_controller/hook/pythonpath_develop.dsv'
[4.469s] INFO:colcon.colcon_core.shell:Creating environment hook '/home/eia/repo/rbi_2025_2/rov/rov_ws/build/rov_attitude_controller/share/rov_attitude_controller/hook/pythonpath_develop.sh'
[4.470s] Level 1:colcon.colcon_core.environment:checking '/home/eia/repo/rbi_2025_2/rov/rov_ws/install/rov_attitude_controller' for CMake module files
[4.470s] Level 1:colcon.colcon_core.environment:checking '/home/eia/repo/rbi_2025_2/rov/rov_ws/install/rov_attitude_controller' for CMake config files
[4.471s] Level 1:colcon.colcon_core.environment:checking '/home/eia/repo/rbi_2025_2/rov/rov_ws/install/rov_attitude_controller/lib'
[4.471s] Level 1:colcon.colcon_core.environment:checking '/home/eia/repo/rbi_2025_2/rov/rov_ws/install/rov_attitude_controller/bin'
[4.471s] Level 1:colcon.colcon_core.environment:checking '/home/eia/repo/rbi_2025_2/rov/rov_ws/install/rov_attitude_controller/lib/pkgconfig/rov_attitude_controller.pc'
[4.472s] Level 1:colcon.colcon_core.environment:checking '/home/eia/repo/rbi_2025_2/rov/rov_ws/install/rov_attitude_controller/lib/python3.10/site-packages'
[4.472s] Level 1:colcon.colcon_core.shell:create_environment_hook('rov_attitude_controller', 'pythonpath')
[4.472s] INFO:colcon.colcon_core.shell:Creating environment hook '/home/eia/repo/rbi_2025_2/rov/rov_ws/install/rov_attitude_controller/share/rov_attitude_controller/hook/pythonpath.ps1'
[4.473s] INFO:colcon.colcon_core.shell:Creating environment descriptor '/home/eia/repo/rbi_2025_2/rov/rov_ws/install/rov_attitude_controller/share/rov_attitude_controller/hook/pythonpath.dsv'
[4.473s] INFO:colcon.colcon_core.shell:Creating environment hook '/home/eia/repo/rbi_2025_2/rov/rov_ws/install/rov_attitude_controller/share/rov_attitude_controller/hook/pythonpath.sh'
[4.474s] Level 1:colcon.colcon_core.environment:checking '/home/eia/repo/rbi_2025_2/rov/rov_ws/install/rov_attitude_controller/bin'
[4.474s] Level 1:colcon.colcon_core.environment:create_environment_scripts_only(rov_attitude_controller)
[4.475s] INFO:colcon.colcon_core.shell:Creating package script '/home/eia/repo/rbi_2025_2/rov/rov_ws/install/rov_attitude_controller/share/rov_attitude_controller/package.ps1'
[4.475s] INFO:colcon.colcon_core.shell:Creating package descriptor '/home/eia/repo/rbi_2025_2/rov/rov_ws/install/rov_attitude_controller/share/rov_attitude_controller/package.dsv'
[4.476s] INFO:colcon.colcon_core.shell:Creating package script '/home/eia/repo/rbi_2025_2/rov/rov_ws/install/rov_attitude_controller/share/rov_attitude_controller/package.sh'
[4.477s] INFO:colcon.colcon_core.shell:Creating package script '/home/eia/repo/rbi_2025_2/rov/rov_ws/install/rov_attitude_controller/share/rov_attitude_controller/package.bash'
[4.478s] INFO:colcon.colcon_core.shell:Creating package script '/home/eia/repo/rbi_2025_2/rov/rov_ws/install/rov_attitude_controller/share/rov_attitude_controller/package.zsh'
[4.478s] Level 1:colcon.colcon_core.environment:create_file_with_runtime_dependencies(/home/eia/repo/rbi_2025_2/rov/rov_ws/install/rov_attitude_controller/share/colcon-core/packages/rov_attitude_controller)
[4.480s] Level 1:colcon.colcon_core.shell:create_environment_hook('direct_control', 'pythonpath_develop')
[4.480s] INFO:colcon.colcon_core.shell:Creating environment hook '/home/eia/repo/rbi_2025_2/rov/rov_ws/build/direct_control/share/direct_control/hook/pythonpath_develop.ps1'
[4.480s] DEBUG:colcon.colcon_core.event_handler.log_command:Invoked command in '/home/eia/repo/rbi_2025_2/rov/rov_ws/build/direct_control' returned '0': PYTHONPATH=/home/eia/repo/rbi_2025_2/rov/rov_ws/build/direct_control/prefix_override:/home/eia/.local/lib/python3.10/site-packages/colcon_core/task/python/colcon_distutils_commands:/home/eia/repo/rbi_2025_2/rov/rov_ws/install/direct_control/lib/python3.10/site-packages:${PYTHONPATH} /usr/bin/python3 -W ignore:setup.py install is deprecated -W ignore:easy_install command is deprecated setup.py develop --editable --build-directory /home/eia/repo/rbi_2025_2/rov/rov_ws/build/direct_control/build --no-deps symlink_data
[4.481s] INFO:colcon.colcon_core.shell:Creating environment descriptor '/home/eia/repo/rbi_2025_2/rov/rov_ws/build/direct_control/share/direct_control/hook/pythonpath_develop.dsv'
[4.481s] INFO:colcon.colcon_core.shell:Creating environment hook '/home/eia/repo/rbi_2025_2/rov/rov_ws/build/direct_control/share/direct_control/hook/pythonpath_develop.sh'
[4.482s] Level 1:colcon.colcon_core.environment:checking '/home/eia/repo/rbi_2025_2/rov/rov_ws/install/direct_control' for CMake module files
[4.483s] Level 1:colcon.colcon_core.environment:checking '/home/eia/repo/rbi_2025_2/rov/rov_ws/install/direct_control' for CMake config files
[4.483s] Level 1:colcon.colcon_core.environment:checking '/home/eia/repo/rbi_2025_2/rov/rov_ws/install/direct_control/lib'
[4.484s] Level 1:colcon.colcon_core.environment:checking '/home/eia/repo/rbi_2025_2/rov/rov_ws/install/direct_control/bin'
[4.484s] Level 1:colcon.colcon_core.environment:checking '/home/eia/repo/rbi_2025_2/rov/rov_ws/install/direct_control/lib/pkgconfig/direct_control.pc'
[4.484s] Level 1:colcon.colcon_core.environment:checking '/home/eia/repo/rbi_2025_2/rov/rov_ws/install/direct_control/lib/python3.10/site-packages'
[4.484s] Level 1:colcon.colcon_core.shell:create_environment_hook('direct_control', 'pythonpath')
[4.484s] INFO:colcon.colcon_core.shell:Creating environment hook '/home/eia/repo/rbi_2025_2/rov/rov_ws/install/direct_control/share/direct_control/hook/pythonpath.ps1'
[4.485s] INFO:colcon.colcon_core.shell:Creating environment descriptor '/home/eia/repo/rbi_2025_2/rov/rov_ws/install/direct_control/share/direct_control/hook/pythonpath.dsv'
[4.485s] INFO:colcon.colcon_core.shell:Creating environment hook '/home/eia/repo/rbi_2025_2/rov/rov_ws/install/direct_control/share/direct_control/hook/pythonpath.sh'
[4.486s] Level 1:colcon.colcon_core.environment:checking '/home/eia/repo/rbi_2025_2/rov/rov_ws/install/direct_control/bin'
[4.486s] Level 1:colcon.colcon_core.environment:create_environment_scripts_only(direct_control)
[4.487s] INFO:colcon.colcon_core.shell:Creating package script '/home/eia/repo/rbi_2025_2/rov/rov_ws/install/direct_control/share/direct_control/package.ps1'
[4.487s] INFO:colcon.colcon_core.shell:Creating package descriptor '/home/eia/repo/rbi_2025_2/rov/rov_ws/install/direct_control/share/direct_control/package.dsv'
[4.488s] INFO:colcon.colcon_core.shell:Creating package script '/home/eia/repo/rbi_2025_2/rov/rov_ws/install/direct_control/share/direct_control/package.sh'
[4.489s] INFO:colcon.colcon_core.shell:Creating package script '/home/eia/repo/rbi_2025_2/rov/rov_ws/install/direct_control/share/direct_control/package.bash'
[4.489s] INFO:colcon.colcon_core.shell:Creating package script '/home/eia/repo/rbi_2025_2/rov/rov_ws/install/direct_control/share/direct_control/package.zsh'
[4.490s] Level 1:colcon.colcon_core.environment:create_file_with_runtime_dependencies(/home/eia/repo/rbi_2025_2/rov/rov_ws/install/direct_control/share/colcon-core/packages/direct_control)
[4.493s] Level 1:colcon.colcon_core.shell:create_environment_hook('rov_path_follower', 'pythonpath_develop')
[4.494s] INFO:colcon.colcon_core.shell:Creating environment hook '/home/eia/repo/rbi_2025_2/rov/rov_ws/build/rov_path_follower/share/rov_path_follower/hook/pythonpath_develop.ps1'
[4.494s] DEBUG:colcon.colcon_core.event_handler.log_command:Invoked command in '/home/eia/repo/rbi_2025_2/rov/rov_ws/build/rov_path_follower' returned '0': PYTHONPATH=/home/eia/repo/rbi_2025_2/rov/rov_ws/build/rov_path_follower/prefix_override:/home/eia/.local/lib/python3.10/site-packages/colcon_core/task/python/colcon_distutils_commands:/home/eia/repo/rbi_2025_2/rov/rov_ws/install/rov_path_follower/lib/python3.10/site-packages:${PYTHONPATH} /usr/bin/python3 -W ignore:setup.py install is deprecated -W ignore:easy_install command is deprecated setup.py develop --editable --build-directory /home/eia/repo/rbi_2025_2/rov/rov_ws/build/rov_path_follower/build --no-deps symlink_data
[4.495s] INFO:colcon.colcon_core.shell:Creating environment descriptor '/home/eia/repo/rbi_2025_2/rov/rov_ws/build/rov_path_follower/share/rov_path_follower/hook/pythonpath_develop.dsv'
[4.495s] INFO:colcon.colcon_core.shell:Creating environment hook '/home/eia/repo/rbi_2025_2/rov/rov_ws/build/rov_path_follower/share/rov_path_follower/hook/pythonpath_develop.sh'
[4.496s] Level 1:colcon.colcon_core.environment:checking '/home/eia/repo/rbi_2025_2/rov/rov_ws/install/rov_path_follower' for CMake module files
[4.497s] Level 1:colcon.colcon_core.environment:checking '/home/eia/repo/rbi_2025_2/rov/rov_ws/install/rov_path_follower' for CMake config files
[4.498s] Level 1:colcon.colcon_core.environment:checking '/home/eia/repo/rbi_2025_2/rov/rov_ws/install/rov_path_follower/lib'
[4.498s] Level 1:colcon.colcon_core.environment:checking '/home/eia/repo/rbi_2025_2/rov/rov_ws/install/rov_path_follower/bin'
[4.498s] Level 1:colcon.colcon_core.environment:checking '/home/eia/repo/rbi_2025_2/rov/rov_ws/install/rov_path_follower/lib/pkgconfig/rov_path_follower.pc'
[4.499s] Level 1:colcon.colcon_core.environment:checking '/home/eia/repo/rbi_2025_2/rov/rov_ws/install/rov_path_follower/lib/python3.10/site-packages'
[4.499s] Level 1:colcon.colcon_core.shell:create_environment_hook('rov_path_follower', 'pythonpath')
[4.499s] INFO:colcon.colcon_core.shell:Creating environment hook '/home/eia/repo/rbi_2025_2/rov/rov_ws/install/rov_path_follower/share/rov_path_follower/hook/pythonpath.ps1'
[4.500s] INFO:colcon.colcon_core.shell:Creating environment descriptor '/home/eia/repo/rbi_2025_2/rov/rov_ws/install/rov_path_follower/share/rov_path_follower/hook/pythonpath.dsv'
[4.500s] INFO:colcon.colcon_core.shell:Creating environment hook '/home/eia/repo/rbi_2025_2/rov/rov_ws/install/rov_path_follower/share/rov_path_follower/hook/pythonpath.sh'
[4.501s] Level 1:colcon.colcon_core.environment:checking '/home/eia/repo/rbi_2025_2/rov/rov_ws/install/rov_path_follower/bin'
[4.501s] Level 1:colcon.colcon_core.environment:create_environment_scripts_only(rov_path_follower)
[4.501s] INFO:colcon.colcon_core.shell:Creating package script '/home/eia/repo/rbi_2025_2/rov/rov_ws/install/rov_path_follower/share/rov_path_follower/package.ps1'
[4.502s] INFO:colcon.colcon_core.shell:Creating package descriptor '/home/eia/repo/rbi_2025_2/rov/rov_ws/install/rov_path_follower/share/rov_path_follower/package.dsv'
[4.502s] INFO:colcon.colcon_core.shell:Creating package script '/home/eia/repo/rbi_2025_2/rov/rov_ws/install/rov_path_follower/share/rov_path_follower/package.sh'
[4.503s] INFO:colcon.colcon_core.shell:Creating package script '/home/eia/repo/rbi_2025_2/rov/rov_ws/install/rov_path_follower/share/rov_path_follower/package.bash'
[4.503s] INFO:colcon.colcon_core.shell:Creating package script '/home/eia/repo/rbi_2025_2/rov/rov_ws/install/rov_path_follower/share/rov_path_follower/package.zsh'
[4.504s] Level 1:colcon.colcon_core.environment:create_file_with_runtime_dependencies(/home/eia/repo/rbi_2025_2/rov/rov_ws/install/rov_path_follower/share/colcon-core/packages/rov_path_follower)
[4.504s] Level 1:colcon.colcon_core.shell:create_environment_hook('rov_path_generator', 'pythonpath_develop')
[4.504s] INFO:colcon.colcon_core.shell:Creating environment hook '/home/eia/repo/rbi_2025_2/rov/rov_ws/build/rov_path_generator/share/rov_path_generator/hook/pythonpath_develop.ps1'
[4.506s] INFO:colcon.colcon_core.shell:Creating environment descriptor '/home/eia/repo/rbi_2025_2/rov/rov_ws/build/rov_path_generator/share/rov_path_generator/hook/pythonpath_develop.dsv'
[4.506s] DEBUG:colcon.colcon_core.event_handler.log_command:Invoked command in '/home/eia/repo/rbi_2025_2/rov/rov_ws/build/rov_path_generator' returned '0': PYTHONPATH=/home/eia/repo/rbi_2025_2/rov/rov_ws/build/rov_path_generator/prefix_override:/home/eia/.local/lib/python3.10/site-packages/colcon_core/task/python/colcon_distutils_commands:/home/eia/repo/rbi_2025_2/rov/rov_ws/install/rov_path_generator/lib/python3.10/site-packages:${PYTHONPATH} /usr/bin/python3 -W ignore:setup.py install is deprecated -W ignore:easy_install command is deprecated setup.py develop --editable --build-directory /home/eia/repo/rbi_2025_2/rov/rov_ws/build/rov_path_generator/build --no-deps symlink_data
[4.507s] INFO:colcon.colcon_core.shell:Creating environment hook '/home/eia/repo/rbi_2025_2/rov/rov_ws/build/rov_path_generator/share/rov_path_generator/hook/pythonpath_develop.sh'
[4.507s] Level 1:colcon.colcon_core.environment:checking '/home/eia/repo/rbi_2025_2/rov/rov_ws/install/rov_path_generator' for CMake module files
[4.508s] Level 1:colcon.colcon_core.environment:checking '/home/eia/repo/rbi_2025_2/rov/rov_ws/install/rov_path_generator' for CMake config files
[4.508s] Level 1:colcon.colcon_core.environment:checking '/home/eia/repo/rbi_2025_2/rov/rov_ws/install/rov_path_generator/lib'
[4.509s] Level 1:colcon.colcon_core.environment:checking '/home/eia/repo/rbi_2025_2/rov/rov_ws/install/rov_path_generator/bin'
[4.509s] Level 1:colcon.colcon_core.environment:checking '/home/eia/repo/rbi_2025_2/rov/rov_ws/install/rov_path_generator/lib/pkgconfig/rov_path_generator.pc'
[4.509s] Level 1:colcon.colcon_core.environment:checking '/home/eia/repo/rbi_2025_2/rov/rov_ws/install/rov_path_generator/lib/python3.10/site-packages'
[4.509s] Level 1:colcon.colcon_core.shell:create_environment_hook('rov_path_generator', 'pythonpath')
[4.509s] INFO:colcon.colcon_core.shell:Creating environment hook '/home/eia/repo/rbi_2025_2/rov/rov_ws/install/rov_path_generator/share/rov_path_generator/hook/pythonpath.ps1'
[4.510s] INFO:colcon.colcon_core.shell:Creating environment descriptor '/home/eia/repo/rbi_2025_2/rov/rov_ws/install/rov_path_generator/share/rov_path_generator/hook/pythonpath.dsv'
[4.510s] INFO:colcon.colcon_core.shell:Creating environment hook '/home/eia/repo/rbi_2025_2/rov/rov_ws/install/rov_path_generator/share/rov_path_generator/hook/pythonpath.sh'
[4.511s] Level 1:colcon.colcon_core.environment:checking '/home/eia/repo/rbi_2025_2/rov/rov_ws/install/rov_path_generator/bin'
[4.511s] Level 1:colcon.colcon_core.environment:create_environment_scripts_only(rov_path_generator)
[4.511s] INFO:colcon.colcon_core.shell:Creating package script '/home/eia/repo/rbi_2025_2/rov/rov_ws/install/rov_path_generator/share/rov_path_generator/package.ps1'
[4.512s] INFO:colcon.colcon_core.shell:Creating package descriptor '/home/eia/repo/rbi_2025_2/rov/rov_ws/install/rov_path_generator/share/rov_path_generator/package.dsv'
[4.513s] INFO:colcon.colcon_core.shell:Creating package script '/home/eia/repo/rbi_2025_2/rov/rov_ws/install/rov_path_generator/share/rov_path_generator/package.sh'
[4.513s] INFO:colcon.colcon_core.shell:Creating package script '/home/eia/repo/rbi_2025_2/rov/rov_ws/install/rov_path_generator/share/rov_path_generator/package.bash'
[4.514s] INFO:colcon.colcon_core.shell:Creating package script '/home/eia/repo/rbi_2025_2/rov/rov_ws/install/rov_path_generator/share/rov_path_generator/package.zsh'
[4.514s] Level 1:colcon.colcon_core.environment:create_file_with_runtime_dependencies(/home/eia/repo/rbi_2025_2/rov/rov_ws/install/rov_path_generator/share/colcon-core/packages/rov_path_generator)
[4.551s] Level 1:colcon.colcon_core.shell:create_environment_hook('rov_position_controller', 'pythonpath_develop')
[4.551s] INFO:colcon.colcon_core.shell:Creating environment hook '/home/eia/repo/rbi_2025_2/rov/rov_ws/build/rov_position_controller/share/rov_position_controller/hook/pythonpath_develop.ps1'
[4.552s] DEBUG:colcon.colcon_core.event_handler.log_command:Invoked command in '/home/eia/repo/rbi_2025_2/rov/rov_ws/build/rov_position_controller' returned '0': PYTHONPATH=/home/eia/repo/rbi_2025_2/rov/rov_ws/build/rov_position_controller/prefix_override:/home/eia/.local/lib/python3.10/site-packages/colcon_core/task/python/colcon_distutils_commands:/home/eia/repo/rbi_2025_2/rov/rov_ws/install/rov_position_controller/lib/python3.10/site-packages:${PYTHONPATH} /usr/bin/python3 -W ignore:setup.py install is deprecated -W ignore:easy_install command is deprecated setup.py develop --editable --build-directory /home/eia/repo/rbi_2025_2/rov/rov_ws/build/rov_position_controller/build --no-deps symlink_data
[4.552s] INFO:colcon.colcon_core.shell:Creating environment descriptor '/home/eia/repo/rbi_2025_2/rov/rov_ws/build/rov_position_controller/share/rov_position_controller/hook/pythonpath_develop.dsv'
[4.552s] INFO:colcon.colcon_core.shell:Creating environment hook '/home/eia/repo/rbi_2025_2/rov/rov_ws/build/rov_position_controller/share/rov_position_controller/hook/pythonpath_develop.sh'
[4.553s] Level 1:colcon.colcon_core.environment:checking '/home/eia/repo/rbi_2025_2/rov/rov_ws/install/rov_position_controller' for CMake module files
[4.554s] Level 1:colcon.colcon_core.environment:checking '/home/eia/repo/rbi_2025_2/rov/rov_ws/install/rov_position_controller' for CMake config files
[4.554s] Level 1:colcon.colcon_core.environment:checking '/home/eia/repo/rbi_2025_2/rov/rov_ws/install/rov_position_controller/lib'
[4.554s] Level 1:colcon.colcon_core.environment:checking '/home/eia/repo/rbi_2025_2/rov/rov_ws/install/rov_position_controller/bin'
[4.554s] Level 1:colcon.colcon_core.environment:checking '/home/eia/repo/rbi_2025_2/rov/rov_ws/install/rov_position_controller/lib/pkgconfig/rov_position_controller.pc'
[4.555s] Level 1:colcon.colcon_core.environment:checking '/home/eia/repo/rbi_2025_2/rov/rov_ws/install/rov_position_controller/lib/python3.10/site-packages'
[4.555s] Level 1:colcon.colcon_core.shell:create_environment_hook('rov_position_controller', 'pythonpath')
[4.555s] INFO:colcon.colcon_core.shell:Creating environment hook '/home/eia/repo/rbi_2025_2/rov/rov_ws/install/rov_position_controller/share/rov_position_controller/hook/pythonpath.ps1'
[4.555s] INFO:colcon.colcon_core.shell:Creating environment descriptor '/home/eia/repo/rbi_2025_2/rov/rov_ws/install/rov_position_controller/share/rov_position_controller/hook/pythonpath.dsv'
[4.556s] INFO:colcon.colcon_core.shell:Creating environment hook '/home/eia/repo/rbi_2025_2/rov/rov_ws/install/rov_position_controller/share/rov_position_controller/hook/pythonpath.sh'
[4.556s] Level 1:colcon.colcon_core.environment:checking '/home/eia/repo/rbi_2025_2/rov/rov_ws/install/rov_position_controller/bin'
[4.556s] Level 1:colcon.colcon_core.environment:create_environment_scripts_only(rov_position_controller)
[4.557s] INFO:colcon.colcon_core.shell:Creating package script '/home/eia/repo/rbi_2025_2/rov/rov_ws/install/rov_position_controller/share/rov_position_controller/package.ps1'
[4.557s] INFO:colcon.colcon_core.shell:Creating package descriptor '/home/eia/repo/rbi_2025_2/rov/rov_ws/install/rov_position_controller/share/rov_position_controller/package.dsv'
[4.558s] INFO:colcon.colcon_core.shell:Creating package script '/home/eia/repo/rbi_2025_2/rov/rov_ws/install/rov_position_controller/share/rov_position_controller/package.sh'
[4.559s] INFO:colcon.colcon_core.shell:Creating package script '/home/eia/repo/rbi_2025_2/rov/rov_ws/install/rov_position_controller/share/rov_position_controller/package.bash'
[4.560s] INFO:colcon.colcon_core.shell:Creating package script '/home/eia/repo/rbi_2025_2/rov/rov_ws/install/rov_position_controller/share/rov_position_controller/package.zsh'
[4.560s] Level 1:colcon.colcon_core.environment:create_file_with_runtime_dependencies(/home/eia/repo/rbi_2025_2/rov/rov_ws/install/rov_position_controller/share/colcon-core/packages/rov_position_controller)
[4.560s] DEBUG:colcon.colcon_parallel_executor.executor.parallel:closing loop
[4.561s] DEBUG:colcon.colcon_parallel_executor.executor.parallel:loop closed
[4.561s] DEBUG:colcon.colcon_parallel_executor.executor.parallel:run_until_complete finished with '0'
[4.561s] DEBUG:colcon.colcon_core.event_reactor:joining thread
[4.567s] INFO:colcon.colcon_core.plugin_system:Skipping extension 'colcon_notification.desktop_notification.terminal_notifier': Not used on non-Darwin systems
[4.567s] INFO:colcon.colcon_core.plugin_system:Skipping extension 'colcon_notification.desktop_notification.win32': Not used on non-Windows systems
[4.567s] INFO:colcon.colcon_notification.desktop_notification:Sending desktop notification using 'notify2'
[4.579s] DEBUG:colcon.colcon_core.event_reactor:joined thread
[4.579s] INFO:colcon.colcon_core.shell:Creating prefix script '/home/eia/repo/rbi_2025_2/rov/rov_ws/install/local_setup.ps1'
[4.580s] INFO:colcon.colcon_core.shell:Creating prefix util module '/home/eia/repo/rbi_2025_2/rov/rov_ws/install/_local_setup_util_ps1.py'
[4.582s] INFO:colcon.colcon_core.shell:Creating prefix chain script '/home/eia/repo/rbi_2025_2/rov/rov_ws/install/setup.ps1'
[4.583s] INFO:colcon.colcon_core.shell:Creating prefix script '/home/eia/repo/rbi_2025_2/rov/rov_ws/install/local_setup.sh'
[4.583s] INFO:colcon.colcon_core.shell:Creating prefix util module '/home/eia/repo/rbi_2025_2/rov/rov_ws/install/_local_setup_util_sh.py'
[4.584s] INFO:colcon.colcon_core.shell:Creating prefix chain script '/home/eia/repo/rbi_2025_2/rov/rov_ws/install/setup.sh'
[4.585s] INFO:colcon.colcon_core.shell:Creating prefix script '/home/eia/repo/rbi_2025_2/rov/rov_ws/install/local_setup.bash'
[4.585s] INFO:colcon.colcon_core.shell:Creating prefix chain script '/home/eia/repo/rbi_2025_2/rov/rov_ws/install/setup.bash'
[4.586s] INFO:colcon.colcon_core.shell:Creating prefix script '/home/eia/repo/rbi_2025_2/rov/rov_ws/install/local_setup.zsh'
[4.587s] INFO:colcon.colcon_core.shell:Creating prefix chain script '/home/eia/repo/rbi_2025_2/rov/rov_ws/install/setup.zsh'
