[0.104s] DEBUG:colcon:Command line arguments: ['/usr/bin/colcon', 'build']
[0.104s] DEBUG:colcon:Parsed command line arguments: Namespace(log_base=None, log_level=None, verb_name='build', build_base='build', install_base='install', merge_install=False, symlink_install=False, test_result_base=None, continue_on_error=False, executor='parallel', parallel_workers=12, event_handlers=None, ignore_user_meta=False, metas=['./colcon.meta'], base_paths=['.'], packages_ignore=None, packages_ignore_regex=None, paths=None, packages_up_to=None, packages_up_to_regex=None, packages_above=None, packages_above_and_dependencies=None, packages_above_depth=None, packages_select_by_dep=None, packages_skip_by_dep=None, packages_skip_up_to=None, packages_select_build_failed=False, packages_skip_build_finished=False, packages_select_test_failures=False, packages_skip_test_passed=False, packages_select=None, packages_skip=None, packages_select_regex=None, packages_skip_regex=None, packages_start=None, packages_end=None, cmake_args=None, cmake_target=None, cmake_target_skip_unavailable=False, cmake_clean_cache=False, cmake_clean_first=False, cmake_force_configure=False, ament_cmake_args=None, catkin_cmake_args=None, catkin_skip_building_tests=False, mixin_files=None, mixin=None, verb_parser=<colcon_mixin.mixin.mixin_argument.MixinArgumentDecorator object at 0x73083d819750>, verb_extension=<colcon_core.verb.build.BuildVerb object at 0x73083d9a2650>, main=<bound method BuildVerb.main of <colcon_core.verb.build.BuildVerb object at 0x73083d9a2650>>, mixin_verb=('build',))
[0.259s] Level 1:colcon.colcon_core.package_discovery:discover_packages(colcon_meta) check parameters
[0.259s] Level 1:colcon.colcon_core.package_discovery:discover_packages(recursive) check parameters
[0.260s] Level 1:colcon.colcon_core.package_discovery:discover_packages(ignore) check parameters
[0.260s] Level 1:colcon.colcon_core.package_discovery:discover_packages(path) check parameters
[0.260s] Level 1:colcon.colcon_core.package_discovery:discover_packages(colcon_meta) discover
[0.260s] Level 1:colcon.colcon_core.package_discovery:discover_packages(recursive) discover
[0.260s] INFO:colcon.colcon_core.package_discovery:Crawling recursively for packages in '/abb_ws'
[0.260s] Level 1:colcon.colcon_core.package_identification:_identify(.) by extensions ['ignore', 'ignore_ament_install']
[0.260s] Level 1:colcon.colcon_core.package_identification:_identify(.) by extension 'ignore'
[0.260s] Level 1:colcon.colcon_core.package_identification:_identify(.) by extension 'ignore_ament_install'
[0.260s] Level 1:colcon.colcon_core.package_identification:_identify(.) by extensions ['colcon_pkg']
[0.261s] Level 1:colcon.colcon_core.package_identification:_identify(.) by extension 'colcon_pkg'
[0.261s] Level 1:colcon.colcon_core.package_identification:_identify(.) by extensions ['colcon_meta']
[0.261s] Level 1:colcon.colcon_core.package_identification:_identify(.) by extension 'colcon_meta'
[0.261s] Level 1:colcon.colcon_core.package_identification:_identify(.) by extensions ['ros']
[0.261s] Level 1:colcon.colcon_core.package_identification:_identify(.) by extension 'ros'
[0.271s] Level 1:colcon.colcon_core.package_identification:_identify(.) by extensions ['cmake', 'python']
[0.272s] Level 1:colcon.colcon_core.package_identification:_identify(.) by extension 'cmake'
[0.272s] Level 1:colcon.colcon_core.package_identification:_identify(.) by extension 'python'
[0.272s] Level 1:colcon.colcon_core.package_identification:_identify(.) by extensions ['python_setup_py']
[0.272s] Level 1:colcon.colcon_core.package_identification:_identify(.) by extension 'python_setup_py'
[0.272s] Level 1:colcon.colcon_core.package_identification:_identify(build) by extensions ['ignore', 'ignore_ament_install']
[0.272s] Level 1:colcon.colcon_core.package_identification:_identify(build) by extension 'ignore'
[0.272s] Level 1:colcon.colcon_core.package_identification:_identify(build) ignored
[0.272s] Level 1:colcon.colcon_core.package_identification:_identify(install) by extensions ['ignore', 'ignore_ament_install']
[0.273s] Level 1:colcon.colcon_core.package_identification:_identify(install) by extension 'ignore'
[0.273s] Level 1:colcon.colcon_core.package_identification:_identify(install) ignored
[0.273s] Level 1:colcon.colcon_core.package_identification:_identify(log) by extensions ['ignore', 'ignore_ament_install']
[0.273s] Level 1:colcon.colcon_core.package_identification:_identify(log) by extension 'ignore'
[0.273s] Level 1:colcon.colcon_core.package_identification:_identify(log) ignored
[0.273s] Level 1:colcon.colcon_core.package_identification:_identify(mujoco) by extensions ['ignore', 'ignore_ament_install']
[0.273s] Level 1:colcon.colcon_core.package_identification:_identify(mujoco) by extension 'ignore'
[0.273s] Level 1:colcon.colcon_core.package_identification:_identify(mujoco) by extension 'ignore_ament_install'
[0.273s] Level 1:colcon.colcon_core.package_identification:_identify(mujoco) by extensions ['colcon_pkg']
[0.273s] Level 1:colcon.colcon_core.package_identification:_identify(mujoco) by extension 'colcon_pkg'
[0.274s] Level 1:colcon.colcon_core.package_identification:_identify(mujoco) by extensions ['colcon_meta']
[0.274s] Level 1:colcon.colcon_core.package_identification:_identify(mujoco) by extension 'colcon_meta'
[0.274s] Level 1:colcon.colcon_core.package_identification:_identify(mujoco) by extensions ['ros']
[0.274s] Level 1:colcon.colcon_core.package_identification:_identify(mujoco) by extension 'ros'
[0.274s] Level 1:colcon.colcon_core.package_identification:_identify(mujoco) by extensions ['cmake', 'python']
[0.274s] Level 1:colcon.colcon_core.package_identification:_identify(mujoco) by extension 'cmake'
[0.274s] Level 1:colcon.colcon_core.package_identification:_identify(mujoco) by extension 'python'
[0.274s] Level 1:colcon.colcon_core.package_identification:_identify(mujoco) by extensions ['python_setup_py']
[0.274s] Level 1:colcon.colcon_core.package_identification:_identify(mujoco) by extension 'python_setup_py'
[0.274s] Level 1:colcon.colcon_core.package_identification:_identify(mujoco/bin) by extensions ['ignore', 'ignore_ament_install']
[0.274s] Level 1:colcon.colcon_core.package_identification:_identify(mujoco/bin) by extension 'ignore'
[0.275s] Level 1:colcon.colcon_core.package_identification:_identify(mujoco/bin) by extension 'ignore_ament_install'
[0.275s] Level 1:colcon.colcon_core.package_identification:_identify(mujoco/bin) by extensions ['colcon_pkg']
[0.275s] Level 1:colcon.colcon_core.package_identification:_identify(mujoco/bin) by extension 'colcon_pkg'
[0.275s] Level 1:colcon.colcon_core.package_identification:_identify(mujoco/bin) by extensions ['colcon_meta']
[0.275s] Level 1:colcon.colcon_core.package_identification:_identify(mujoco/bin) by extension 'colcon_meta'
[0.275s] Level 1:colcon.colcon_core.package_identification:_identify(mujoco/bin) by extensions ['ros']
[0.275s] Level 1:colcon.colcon_core.package_identification:_identify(mujoco/bin) by extension 'ros'
[0.275s] Level 1:colcon.colcon_core.package_identification:_identify(mujoco/bin) by extensions ['cmake', 'python']
[0.275s] Level 1:colcon.colcon_core.package_identification:_identify(mujoco/bin) by extension 'cmake'
[0.275s] Level 1:colcon.colcon_core.package_identification:_identify(mujoco/bin) by extension 'python'
[0.275s] Level 1:colcon.colcon_core.package_identification:_identify(mujoco/bin) by extensions ['python_setup_py']
[0.275s] Level 1:colcon.colcon_core.package_identification:_identify(mujoco/bin) by extension 'python_setup_py'
[0.276s] Level 1:colcon.colcon_core.package_identification:_identify(mujoco/bin/mujoco_plugin) by extensions ['ignore', 'ignore_ament_install']
[0.276s] Level 1:colcon.colcon_core.package_identification:_identify(mujoco/bin/mujoco_plugin) by extension 'ignore'
[0.276s] Level 1:colcon.colcon_core.package_identification:_identify(mujoco/bin/mujoco_plugin) by extension 'ignore_ament_install'
[0.276s] Level 1:colcon.colcon_core.package_identification:_identify(mujoco/bin/mujoco_plugin) by extensions ['colcon_pkg']
[0.276s] Level 1:colcon.colcon_core.package_identification:_identify(mujoco/bin/mujoco_plugin) by extension 'colcon_pkg'
[0.276s] Level 1:colcon.colcon_core.package_identification:_identify(mujoco/bin/mujoco_plugin) by extensions ['colcon_meta']
[0.276s] Level 1:colcon.colcon_core.package_identification:_identify(mujoco/bin/mujoco_plugin) by extension 'colcon_meta'
[0.276s] Level 1:colcon.colcon_core.package_identification:_identify(mujoco/bin/mujoco_plugin) by extensions ['ros']
[0.276s] Level 1:colcon.colcon_core.package_identification:_identify(mujoco/bin/mujoco_plugin) by extension 'ros'
[0.277s] Level 1:colcon.colcon_core.package_identification:_identify(mujoco/bin/mujoco_plugin) by extensions ['cmake', 'python']
[0.277s] Level 1:colcon.colcon_core.package_identification:_identify(mujoco/bin/mujoco_plugin) by extension 'cmake'
[0.277s] Level 1:colcon.colcon_core.package_identification:_identify(mujoco/bin/mujoco_plugin) by extension 'python'
[0.277s] Level 1:colcon.colcon_core.package_identification:_identify(mujoco/bin/mujoco_plugin) by extensions ['python_setup_py']
[0.277s] Level 1:colcon.colcon_core.package_identification:_identify(mujoco/bin/mujoco_plugin) by extension 'python_setup_py'
[0.277s] Level 1:colcon.colcon_core.package_identification:_identify(mujoco/include) by extensions ['ignore', 'ignore_ament_install']
[0.277s] Level 1:colcon.colcon_core.package_identification:_identify(mujoco/include) by extension 'ignore'
[0.277s] Level 1:colcon.colcon_core.package_identification:_identify(mujoco/include) by extension 'ignore_ament_install'
[0.277s] Level 1:colcon.colcon_core.package_identification:_identify(mujoco/include) by extensions ['colcon_pkg']
[0.278s] Level 1:colcon.colcon_core.package_identification:_identify(mujoco/include) by extension 'colcon_pkg'
[0.278s] Level 1:colcon.colcon_core.package_identification:_identify(mujoco/include) by extensions ['colcon_meta']
[0.278s] Level 1:colcon.colcon_core.package_identification:_identify(mujoco/include) by extension 'colcon_meta'
[0.278s] Level 1:colcon.colcon_core.package_identification:_identify(mujoco/include) by extensions ['ros']
[0.278s] Level 1:colcon.colcon_core.package_identification:_identify(mujoco/include) by extension 'ros'
[0.278s] Level 1:colcon.colcon_core.package_identification:_identify(mujoco/include) by extensions ['cmake', 'python']
[0.278s] Level 1:colcon.colcon_core.package_identification:_identify(mujoco/include) by extension 'cmake'
[0.278s] Level 1:colcon.colcon_core.package_identification:_identify(mujoco/include) by extension 'python'
[0.278s] Level 1:colcon.colcon_core.package_identification:_identify(mujoco/include) by extensions ['python_setup_py']
[0.278s] Level 1:colcon.colcon_core.package_identification:_identify(mujoco/include) by extension 'python_setup_py'
[0.278s] Level 1:colcon.colcon_core.package_identification:_identify(mujoco/include/mujoco) by extensions ['ignore', 'ignore_ament_install']
[0.278s] Level 1:colcon.colcon_core.package_identification:_identify(mujoco/include/mujoco) by extension 'ignore'
[0.278s] Level 1:colcon.colcon_core.package_identification:_identify(mujoco/include/mujoco) by extension 'ignore_ament_install'
[0.279s] Level 1:colcon.colcon_core.package_identification:_identify(mujoco/include/mujoco) by extensions ['colcon_pkg']
[0.279s] Level 1:colcon.colcon_core.package_identification:_identify(mujoco/include/mujoco) by extension 'colcon_pkg'
[0.279s] Level 1:colcon.colcon_core.package_identification:_identify(mujoco/include/mujoco) by extensions ['colcon_meta']
[0.279s] Level 1:colcon.colcon_core.package_identification:_identify(mujoco/include/mujoco) by extension 'colcon_meta'
[0.279s] Level 1:colcon.colcon_core.package_identification:_identify(mujoco/include/mujoco) by extensions ['ros']
[0.279s] Level 1:colcon.colcon_core.package_identification:_identify(mujoco/include/mujoco) by extension 'ros'
[0.279s] Level 1:colcon.colcon_core.package_identification:_identify(mujoco/include/mujoco) by extensions ['cmake', 'python']
[0.279s] Level 1:colcon.colcon_core.package_identification:_identify(mujoco/include/mujoco) by extension 'cmake'
[0.279s] Level 1:colcon.colcon_core.package_identification:_identify(mujoco/include/mujoco) by extension 'python'
[0.279s] Level 1:colcon.colcon_core.package_identification:_identify(mujoco/include/mujoco) by extensions ['python_setup_py']
[0.279s] Level 1:colcon.colcon_core.package_identification:_identify(mujoco/include/mujoco) by extension 'python_setup_py'
[0.279s] Level 1:colcon.colcon_core.package_identification:_identify(mujoco/include/mujoco/experimental) by extensions ['ignore', 'ignore_ament_install']
[0.280s] Level 1:colcon.colcon_core.package_identification:_identify(mujoco/include/mujoco/experimental) by extension 'ignore'
[0.280s] Level 1:colcon.colcon_core.package_identification:_identify(mujoco/include/mujoco/experimental) by extension 'ignore_ament_install'
[0.280s] Level 1:colcon.colcon_core.package_identification:_identify(mujoco/include/mujoco/experimental) by extensions ['colcon_pkg']
[0.280s] Level 1:colcon.colcon_core.package_identification:_identify(mujoco/include/mujoco/experimental) by extension 'colcon_pkg'
[0.280s] Level 1:colcon.colcon_core.package_identification:_identify(mujoco/include/mujoco/experimental) by extensions ['colcon_meta']
[0.280s] Level 1:colcon.colcon_core.package_identification:_identify(mujoco/include/mujoco/experimental) by extension 'colcon_meta'
[0.280s] Level 1:colcon.colcon_core.package_identification:_identify(mujoco/include/mujoco/experimental) by extensions ['ros']
[0.280s] Level 1:colcon.colcon_core.package_identification:_identify(mujoco/include/mujoco/experimental) by extension 'ros'
[0.280s] Level 1:colcon.colcon_core.package_identification:_identify(mujoco/include/mujoco/experimental) by extensions ['cmake', 'python']
[0.280s] Level 1:colcon.colcon_core.package_identification:_identify(mujoco/include/mujoco/experimental) by extension 'cmake'
[0.280s] Level 1:colcon.colcon_core.package_identification:_identify(mujoco/include/mujoco/experimental) by extension 'python'
[0.280s] Level 1:colcon.colcon_core.package_identification:_identify(mujoco/include/mujoco/experimental) by extensions ['python_setup_py']
[0.280s] Level 1:colcon.colcon_core.package_identification:_identify(mujoco/include/mujoco/experimental) by extension 'python_setup_py'
[0.281s] Level 1:colcon.colcon_core.package_identification:_identify(mujoco/include/mujoco/experimental/usd) by extensions ['ignore', 'ignore_ament_install']
[0.281s] Level 1:colcon.colcon_core.package_identification:_identify(mujoco/include/mujoco/experimental/usd) by extension 'ignore'
[0.281s] Level 1:colcon.colcon_core.package_identification:_identify(mujoco/include/mujoco/experimental/usd) by extension 'ignore_ament_install'
[0.281s] Level 1:colcon.colcon_core.package_identification:_identify(mujoco/include/mujoco/experimental/usd) by extensions ['colcon_pkg']
[0.281s] Level 1:colcon.colcon_core.package_identification:_identify(mujoco/include/mujoco/experimental/usd) by extension 'colcon_pkg'
[0.281s] Level 1:colcon.colcon_core.package_identification:_identify(mujoco/include/mujoco/experimental/usd) by extensions ['colcon_meta']
[0.281s] Level 1:colcon.colcon_core.package_identification:_identify(mujoco/include/mujoco/experimental/usd) by extension 'colcon_meta'
[0.281s] Level 1:colcon.colcon_core.package_identification:_identify(mujoco/include/mujoco/experimental/usd) by extensions ['ros']
[0.281s] Level 1:colcon.colcon_core.package_identification:_identify(mujoco/include/mujoco/experimental/usd) by extension 'ros'
[0.281s] Level 1:colcon.colcon_core.package_identification:_identify(mujoco/include/mujoco/experimental/usd) by extensions ['cmake', 'python']
[0.281s] Level 1:colcon.colcon_core.package_identification:_identify(mujoco/include/mujoco/experimental/usd) by extension 'cmake'
[0.281s] Level 1:colcon.colcon_core.package_identification:_identify(mujoco/include/mujoco/experimental/usd) by extension 'python'
[0.282s] Level 1:colcon.colcon_core.package_identification:_identify(mujoco/include/mujoco/experimental/usd) by extensions ['python_setup_py']
[0.282s] Level 1:colcon.colcon_core.package_identification:_identify(mujoco/include/mujoco/experimental/usd) by extension 'python_setup_py'
[0.282s] Level 1:colcon.colcon_core.package_identification:_identify(mujoco/include/mujoco/experimental/usd/mjcPhysics) by extensions ['ignore', 'ignore_ament_install']
[0.282s] Level 1:colcon.colcon_core.package_identification:_identify(mujoco/include/mujoco/experimental/usd/mjcPhysics) by extension 'ignore'
[0.282s] Level 1:colcon.colcon_core.package_identification:_identify(mujoco/include/mujoco/experimental/usd/mjcPhysics) by extension 'ignore_ament_install'
[0.282s] Level 1:colcon.colcon_core.package_identification:_identify(mujoco/include/mujoco/experimental/usd/mjcPhysics) by extensions ['colcon_pkg']
[0.282s] Level 1:colcon.colcon_core.package_identification:_identify(mujoco/include/mujoco/experimental/usd/mjcPhysics) by extension 'colcon_pkg'
[0.282s] Level 1:colcon.colcon_core.package_identification:_identify(mujoco/include/mujoco/experimental/usd/mjcPhysics) by extensions ['colcon_meta']
[0.282s] Level 1:colcon.colcon_core.package_identification:_identify(mujoco/include/mujoco/experimental/usd/mjcPhysics) by extension 'colcon_meta'
[0.282s] Level 1:colcon.colcon_core.package_identification:_identify(mujoco/include/mujoco/experimental/usd/mjcPhysics) by extensions ['ros']
[0.282s] Level 1:colcon.colcon_core.package_identification:_identify(mujoco/include/mujoco/experimental/usd/mjcPhysics) by extension 'ros'
[0.283s] Level 1:colcon.colcon_core.package_identification:_identify(mujoco/include/mujoco/experimental/usd/mjcPhysics) by extensions ['cmake', 'python']
[0.283s] Level 1:colcon.colcon_core.package_identification:_identify(mujoco/include/mujoco/experimental/usd/mjcPhysics) by extension 'cmake'
[0.283s] Level 1:colcon.colcon_core.package_identification:_identify(mujoco/include/mujoco/experimental/usd/mjcPhysics) by extension 'python'
[0.283s] Level 1:colcon.colcon_core.package_identification:_identify(mujoco/include/mujoco/experimental/usd/mjcPhysics) by extensions ['python_setup_py']
[0.283s] Level 1:colcon.colcon_core.package_identification:_identify(mujoco/include/mujoco/experimental/usd/mjcPhysics) by extension 'python_setup_py'
[0.283s] Level 1:colcon.colcon_core.package_identification:_identify(mujoco/lib) by extensions ['ignore', 'ignore_ament_install']
[0.283s] Level 1:colcon.colcon_core.package_identification:_identify(mujoco/lib) by extension 'ignore'
[0.283s] Level 1:colcon.colcon_core.package_identification:_identify(mujoco/lib) by extension 'ignore_ament_install'
[0.283s] Level 1:colcon.colcon_core.package_identification:_identify(mujoco/lib) by extensions ['colcon_pkg']
[0.283s] Level 1:colcon.colcon_core.package_identification:_identify(mujoco/lib) by extension 'colcon_pkg'
[0.283s] Level 1:colcon.colcon_core.package_identification:_identify(mujoco/lib) by extensions ['colcon_meta']
[0.284s] Level 1:colcon.colcon_core.package_identification:_identify(mujoco/lib) by extension 'colcon_meta'
[0.284s] Level 1:colcon.colcon_core.package_identification:_identify(mujoco/lib) by extensions ['ros']
[0.284s] Level 1:colcon.colcon_core.package_identification:_identify(mujoco/lib) by extension 'ros'
[0.284s] Level 1:colcon.colcon_core.package_identification:_identify(mujoco/lib) by extensions ['cmake', 'python']
[0.284s] Level 1:colcon.colcon_core.package_identification:_identify(mujoco/lib) by extension 'cmake'
[0.284s] Level 1:colcon.colcon_core.package_identification:_identify(mujoco/lib) by extension 'python'
[0.284s] Level 1:colcon.colcon_core.package_identification:_identify(mujoco/lib) by extensions ['python_setup_py']
[0.284s] Level 1:colcon.colcon_core.package_identification:_identify(mujoco/lib) by extension 'python_setup_py'
[0.284s] Level 1:colcon.colcon_core.package_identification:_identify(mujoco/model) by extensions ['ignore', 'ignore_ament_install']
[0.284s] Level 1:colcon.colcon_core.package_identification:_identify(mujoco/model) by extension 'ignore'
[0.284s] Level 1:colcon.colcon_core.package_identification:_identify(mujoco/model) by extension 'ignore_ament_install'
[0.285s] Level 1:colcon.colcon_core.package_identification:_identify(mujoco/model) by extensions ['colcon_pkg']
[0.285s] Level 1:colcon.colcon_core.package_identification:_identify(mujoco/model) by extension 'colcon_pkg'
[0.285s] Level 1:colcon.colcon_core.package_identification:_identify(mujoco/model) by extensions ['colcon_meta']
[0.285s] Level 1:colcon.colcon_core.package_identification:_identify(mujoco/model) by extension 'colcon_meta'
[0.285s] Level 1:colcon.colcon_core.package_identification:_identify(mujoco/model) by extensions ['ros']
[0.285s] Level 1:colcon.colcon_core.package_identification:_identify(mujoco/model) by extension 'ros'
[0.285s] Level 1:colcon.colcon_core.package_identification:_identify(mujoco/model) by extensions ['cmake', 'python']
[0.285s] Level 1:colcon.colcon_core.package_identification:_identify(mujoco/model) by extension 'cmake'
[0.285s] Level 1:colcon.colcon_core.package_identification:_identify(mujoco/model) by extension 'python'
[0.285s] Level 1:colcon.colcon_core.package_identification:_identify(mujoco/model) by extensions ['python_setup_py']
[0.285s] Level 1:colcon.colcon_core.package_identification:_identify(mujoco/model) by extension 'python_setup_py'
[0.285s] Level 1:colcon.colcon_core.package_identification:_identify(mujoco/model/adhesion) by extensions ['ignore', 'ignore_ament_install']
[0.286s] Level 1:colcon.colcon_core.package_identification:_identify(mujoco/model/adhesion) by extension 'ignore'
[0.286s] Level 1:colcon.colcon_core.package_identification:_identify(mujoco/model/adhesion) by extension 'ignore_ament_install'
[0.286s] Level 1:colcon.colcon_core.package_identification:_identify(mujoco/model/adhesion) by extensions ['colcon_pkg']
[0.286s] Level 1:colcon.colcon_core.package_identification:_identify(mujoco/model/adhesion) by extension 'colcon_pkg'
[0.286s] Level 1:colcon.colcon_core.package_identification:_identify(mujoco/model/adhesion) by extensions ['colcon_meta']
[0.286s] Level 1:colcon.colcon_core.package_identification:_identify(mujoco/model/adhesion) by extension 'colcon_meta'
[0.286s] Level 1:colcon.colcon_core.package_identification:_identify(mujoco/model/adhesion) by extensions ['ros']
[0.286s] Level 1:colcon.colcon_core.package_identification:_identify(mujoco/model/adhesion) by extension 'ros'
[0.286s] Level 1:colcon.colcon_core.package_identification:_identify(mujoco/model/adhesion) by extensions ['cmake', 'python']
[0.286s] Level 1:colcon.colcon_core.package_identification:_identify(mujoco/model/adhesion) by extension 'cmake'
[0.286s] Level 1:colcon.colcon_core.package_identification:_identify(mujoco/model/adhesion) by extension 'python'
[0.286s] Level 1:colcon.colcon_core.package_identification:_identify(mujoco/model/adhesion) by extensions ['python_setup_py']
[0.286s] Level 1:colcon.colcon_core.package_identification:_identify(mujoco/model/adhesion) by extension 'python_setup_py'
[0.286s] Level 1:colcon.colcon_core.package_identification:_identify(mujoco/model/balloons) by extensions ['ignore', 'ignore_ament_install']
[0.287s] Level 1:colcon.colcon_core.package_identification:_identify(mujoco/model/balloons) by extension 'ignore'
[0.287s] Level 1:colcon.colcon_core.package_identification:_identify(mujoco/model/balloons) by extension 'ignore_ament_install'
[0.287s] Level 1:colcon.colcon_core.package_identification:_identify(mujoco/model/balloons) by extensions ['colcon_pkg']
[0.287s] Level 1:colcon.colcon_core.package_identification:_identify(mujoco/model/balloons) by extension 'colcon_pkg'
[0.287s] Level 1:colcon.colcon_core.package_identification:_identify(mujoco/model/balloons) by extensions ['colcon_meta']
[0.287s] Level 1:colcon.colcon_core.package_identification:_identify(mujoco/model/balloons) by extension 'colcon_meta'
[0.287s] Level 1:colcon.colcon_core.package_identification:_identify(mujoco/model/balloons) by extensions ['ros']
[0.287s] Level 1:colcon.colcon_core.package_identification:_identify(mujoco/model/balloons) by extension 'ros'
[0.287s] Level 1:colcon.colcon_core.package_identification:_identify(mujoco/model/balloons) by extensions ['cmake', 'python']
[0.287s] Level 1:colcon.colcon_core.package_identification:_identify(mujoco/model/balloons) by extension 'cmake'
[0.287s] Level 1:colcon.colcon_core.package_identification:_identify(mujoco/model/balloons) by extension 'python'
[0.287s] Level 1:colcon.colcon_core.package_identification:_identify(mujoco/model/balloons) by extensions ['python_setup_py']
[0.287s] Level 1:colcon.colcon_core.package_identification:_identify(mujoco/model/balloons) by extension 'python_setup_py'
[0.288s] Level 1:colcon.colcon_core.package_identification:_identify(mujoco/model/car) by extensions ['ignore', 'ignore_ament_install']
[0.288s] Level 1:colcon.colcon_core.package_identification:_identify(mujoco/model/car) by extension 'ignore'
[0.288s] Level 1:colcon.colcon_core.package_identification:_identify(mujoco/model/car) by extension 'ignore_ament_install'
[0.288s] Level 1:colcon.colcon_core.package_identification:_identify(mujoco/model/car) by extensions ['colcon_pkg']
[0.288s] Level 1:colcon.colcon_core.package_identification:_identify(mujoco/model/car) by extension 'colcon_pkg'
[0.288s] Level 1:colcon.colcon_core.package_identification:_identify(mujoco/model/car) by extensions ['colcon_meta']
[0.288s] Level 1:colcon.colcon_core.package_identification:_identify(mujoco/model/car) by extension 'colcon_meta'
[0.288s] Level 1:colcon.colcon_core.package_identification:_identify(mujoco/model/car) by extensions ['ros']
[0.288s] Level 1:colcon.colcon_core.package_identification:_identify(mujoco/model/car) by extension 'ros'
[0.288s] Level 1:colcon.colcon_core.package_identification:_identify(mujoco/model/car) by extensions ['cmake', 'python']
[0.288s] Level 1:colcon.colcon_core.package_identification:_identify(mujoco/model/car) by extension 'cmake'
[0.288s] Level 1:colcon.colcon_core.package_identification:_identify(mujoco/model/car) by extension 'python'
[0.289s] Level 1:colcon.colcon_core.package_identification:_identify(mujoco/model/car) by extensions ['python_setup_py']
[0.289s] Level 1:colcon.colcon_core.package_identification:_identify(mujoco/model/car) by extension 'python_setup_py'
[0.289s] Level 1:colcon.colcon_core.package_identification:_identify(mujoco/model/cards) by extensions ['ignore', 'ignore_ament_install']
[0.289s] Level 1:colcon.colcon_core.package_identification:_identify(mujoco/model/cards) by extension 'ignore'
[0.289s] Level 1:colcon.colcon_core.package_identification:_identify(mujoco/model/cards) by extension 'ignore_ament_install'
[0.289s] Level 1:colcon.colcon_core.package_identification:_identify(mujoco/model/cards) by extensions ['colcon_pkg']
[0.289s] Level 1:colcon.colcon_core.package_identification:_identify(mujoco/model/cards) by extension 'colcon_pkg'
[0.289s] Level 1:colcon.colcon_core.package_identification:_identify(mujoco/model/cards) by extensions ['colcon_meta']
[0.289s] Level 1:colcon.colcon_core.package_identification:_identify(mujoco/model/cards) by extension 'colcon_meta'
[0.289s] Level 1:colcon.colcon_core.package_identification:_identify(mujoco/model/cards) by extensions ['ros']
[0.289s] Level 1:colcon.colcon_core.package_identification:_identify(mujoco/model/cards) by extension 'ros'
[0.289s] Level 1:colcon.colcon_core.package_identification:_identify(mujoco/model/cards) by extensions ['cmake', 'python']
[0.290s] Level 1:colcon.colcon_core.package_identification:_identify(mujoco/model/cards) by extension 'cmake'
[0.290s] Level 1:colcon.colcon_core.package_identification:_identify(mujoco/model/cards) by extension 'python'
[0.290s] Level 1:colcon.colcon_core.package_identification:_identify(mujoco/model/cards) by extensions ['python_setup_py']
[0.290s] Level 1:colcon.colcon_core.package_identification:_identify(mujoco/model/cards) by extension 'python_setup_py'
[0.290s] Level 1:colcon.colcon_core.package_identification:_identify(mujoco/model/cards/assets) by extensions ['ignore', 'ignore_ament_install']
[0.290s] Level 1:colcon.colcon_core.package_identification:_identify(mujoco/model/cards/assets) by extension 'ignore'
[0.290s] Level 1:colcon.colcon_core.package_identification:_identify(mujoco/model/cards/assets) by extension 'ignore_ament_install'
[0.290s] Level 1:colcon.colcon_core.package_identification:_identify(mujoco/model/cards/assets) by extensions ['colcon_pkg']
[0.290s] Level 1:colcon.colcon_core.package_identification:_identify(mujoco/model/cards/assets) by extension 'colcon_pkg'
[0.290s] Level 1:colcon.colcon_core.package_identification:_identify(mujoco/model/cards/assets) by extensions ['colcon_meta']
[0.290s] Level 1:colcon.colcon_core.package_identification:_identify(mujoco/model/cards/assets) by extension 'colcon_meta'
[0.291s] Level 1:colcon.colcon_core.package_identification:_identify(mujoco/model/cards/assets) by extensions ['ros']
[0.291s] Level 1:colcon.colcon_core.package_identification:_identify(mujoco/model/cards/assets) by extension 'ros'
[0.291s] Level 1:colcon.colcon_core.package_identification:_identify(mujoco/model/cards/assets) by extensions ['cmake', 'python']
[0.291s] Level 1:colcon.colcon_core.package_identification:_identify(mujoco/model/cards/assets) by extension 'cmake'
[0.291s] Level 1:colcon.colcon_core.package_identification:_identify(mujoco/model/cards/assets) by extension 'python'
[0.291s] Level 1:colcon.colcon_core.package_identification:_identify(mujoco/model/cards/assets) by extensions ['python_setup_py']
[0.291s] Level 1:colcon.colcon_core.package_identification:_identify(mujoco/model/cards/assets) by extension 'python_setup_py'
[0.291s] Level 1:colcon.colcon_core.package_identification:_identify(mujoco/model/cube) by extensions ['ignore', 'ignore_ament_install']
[0.291s] Level 1:colcon.colcon_core.package_identification:_identify(mujoco/model/cube) by extension 'ignore'
[0.291s] Level 1:colcon.colcon_core.package_identification:_identify(mujoco/model/cube) by extension 'ignore_ament_install'
[0.291s] Level 1:colcon.colcon_core.package_identification:_identify(mujoco/model/cube) by extensions ['colcon_pkg']
[0.292s] Level 1:colcon.colcon_core.package_identification:_identify(mujoco/model/cube) by extension 'colcon_pkg'
[0.292s] Level 1:colcon.colcon_core.package_identification:_identify(mujoco/model/cube) by extensions ['colcon_meta']
[0.292s] Level 1:colcon.colcon_core.package_identification:_identify(mujoco/model/cube) by extension 'colcon_meta'
[0.292s] Level 1:colcon.colcon_core.package_identification:_identify(mujoco/model/cube) by extensions ['ros']
[0.292s] Level 1:colcon.colcon_core.package_identification:_identify(mujoco/model/cube) by extension 'ros'
[0.292s] Level 1:colcon.colcon_core.package_identification:_identify(mujoco/model/cube) by extensions ['cmake', 'python']
[0.292s] Level 1:colcon.colcon_core.package_identification:_identify(mujoco/model/cube) by extension 'cmake'
[0.292s] Level 1:colcon.colcon_core.package_identification:_identify(mujoco/model/cube) by extension 'python'
[0.292s] Level 1:colcon.colcon_core.package_identification:_identify(mujoco/model/cube) by extensions ['python_setup_py']
[0.292s] Level 1:colcon.colcon_core.package_identification:_identify(mujoco/model/cube) by extension 'python_setup_py'
[0.293s] Level 1:colcon.colcon_core.package_identification:_identify(mujoco/model/cube/assets) by extensions ['ignore', 'ignore_ament_install']
[0.293s] Level 1:colcon.colcon_core.package_identification:_identify(mujoco/model/cube/assets) by extension 'ignore'
[0.293s] Level 1:colcon.colcon_core.package_identification:_identify(mujoco/model/cube/assets) by extension 'ignore_ament_install'
[0.293s] Level 1:colcon.colcon_core.package_identification:_identify(mujoco/model/cube/assets) by extensions ['colcon_pkg']
[0.293s] Level 1:colcon.colcon_core.package_identification:_identify(mujoco/model/cube/assets) by extension 'colcon_pkg'
[0.293s] Level 1:colcon.colcon_core.package_identification:_identify(mujoco/model/cube/assets) by extensions ['colcon_meta']
[0.293s] Level 1:colcon.colcon_core.package_identification:_identify(mujoco/model/cube/assets) by extension 'colcon_meta'
[0.294s] Level 1:colcon.colcon_core.package_identification:_identify(mujoco/model/cube/assets) by extensions ['ros']
[0.294s] Level 1:colcon.colcon_core.package_identification:_identify(mujoco/model/cube/assets) by extension 'ros'
[0.294s] Level 1:colcon.colcon_core.package_identification:_identify(mujoco/model/cube/assets) by extensions ['cmake', 'python']
[0.294s] Level 1:colcon.colcon_core.package_identification:_identify(mujoco/model/cube/assets) by extension 'cmake'
[0.294s] Level 1:colcon.colcon_core.package_identification:_identify(mujoco/model/cube/assets) by extension 'python'
[0.294s] Level 1:colcon.colcon_core.package_identification:_identify(mujoco/model/cube/assets) by extensions ['python_setup_py']
[0.294s] Level 1:colcon.colcon_core.package_identification:_identify(mujoco/model/cube/assets) by extension 'python_setup_py'
[0.294s] Level 1:colcon.colcon_core.package_identification:_identify(mujoco/model/flex) by extensions ['ignore', 'ignore_ament_install']
[0.294s] Level 1:colcon.colcon_core.package_identification:_identify(mujoco/model/flex) by extension 'ignore'
[0.295s] Level 1:colcon.colcon_core.package_identification:_identify(mujoco/model/flex) by extension 'ignore_ament_install'
[0.295s] Level 1:colcon.colcon_core.package_identification:_identify(mujoco/model/flex) by extensions ['colcon_pkg']
[0.295s] Level 1:colcon.colcon_core.package_identification:_identify(mujoco/model/flex) by extension 'colcon_pkg'
[0.295s] Level 1:colcon.colcon_core.package_identification:_identify(mujoco/model/flex) by extensions ['colcon_meta']
[0.295s] Level 1:colcon.colcon_core.package_identification:_identify(mujoco/model/flex) by extension 'colcon_meta'
[0.295s] Level 1:colcon.colcon_core.package_identification:_identify(mujoco/model/flex) by extensions ['ros']
[0.295s] Level 1:colcon.colcon_core.package_identification:_identify(mujoco/model/flex) by extension 'ros'
[0.295s] Level 1:colcon.colcon_core.package_identification:_identify(mujoco/model/flex) by extensions ['cmake', 'python']
[0.295s] Level 1:colcon.colcon_core.package_identification:_identify(mujoco/model/flex) by extension 'cmake'
[0.295s] Level 1:colcon.colcon_core.package_identification:_identify(mujoco/model/flex) by extension 'python'
[0.295s] Level 1:colcon.colcon_core.package_identification:_identify(mujoco/model/flex) by extensions ['python_setup_py']
[0.295s] Level 1:colcon.colcon_core.package_identification:_identify(mujoco/model/flex) by extension 'python_setup_py'
[0.296s] Level 1:colcon.colcon_core.package_identification:_identify(mujoco/model/flex/asset) by extensions ['ignore', 'ignore_ament_install']
[0.296s] Level 1:colcon.colcon_core.package_identification:_identify(mujoco/model/flex/asset) by extension 'ignore'
[0.296s] Level 1:colcon.colcon_core.package_identification:_identify(mujoco/model/flex/asset) by extension 'ignore_ament_install'
[0.296s] Level 1:colcon.colcon_core.package_identification:_identify(mujoco/model/flex/asset) by extensions ['colcon_pkg']
[0.296s] Level 1:colcon.colcon_core.package_identification:_identify(mujoco/model/flex/asset) by extension 'colcon_pkg'
[0.296s] Level 1:colcon.colcon_core.package_identification:_identify(mujoco/model/flex/asset) by extensions ['colcon_meta']
[0.296s] Level 1:colcon.colcon_core.package_identification:_identify(mujoco/model/flex/asset) by extension 'colcon_meta'
[0.296s] Level 1:colcon.colcon_core.package_identification:_identify(mujoco/model/flex/asset) by extensions ['ros']
[0.296s] Level 1:colcon.colcon_core.package_identification:_identify(mujoco/model/flex/asset) by extension 'ros'
[0.296s] Level 1:colcon.colcon_core.package_identification:_identify(mujoco/model/flex/asset) by extensions ['cmake', 'python']
[0.296s] Level 1:colcon.colcon_core.package_identification:_identify(mujoco/model/flex/asset) by extension 'cmake'
[0.297s] Level 1:colcon.colcon_core.package_identification:_identify(mujoco/model/flex/asset) by extension 'python'
[0.297s] Level 1:colcon.colcon_core.package_identification:_identify(mujoco/model/flex/asset) by extensions ['python_setup_py']
[0.297s] Level 1:colcon.colcon_core.package_identification:_identify(mujoco/model/flex/asset) by extension 'python_setup_py'
[0.297s] Level 1:colcon.colcon_core.package_identification:_identify(mujoco/model/hammock) by extensions ['ignore', 'ignore_ament_install']
[0.297s] Level 1:colcon.colcon_core.package_identification:_identify(mujoco/model/hammock) by extension 'ignore'
[0.297s] Level 1:colcon.colcon_core.package_identification:_identify(mujoco/model/hammock) by extension 'ignore_ament_install'
[0.297s] Level 1:colcon.colcon_core.package_identification:_identify(mujoco/model/hammock) by extensions ['colcon_pkg']
[0.297s] Level 1:colcon.colcon_core.package_identification:_identify(mujoco/model/hammock) by extension 'colcon_pkg'
[0.297s] Level 1:colcon.colcon_core.package_identification:_identify(mujoco/model/hammock) by extensions ['colcon_meta']
[0.297s] Level 1:colcon.colcon_core.package_identification:_identify(mujoco/model/hammock) by extension 'colcon_meta'
[0.297s] Level 1:colcon.colcon_core.package_identification:_identify(mujoco/model/hammock) by extensions ['ros']
[0.297s] Level 1:colcon.colcon_core.package_identification:_identify(mujoco/model/hammock) by extension 'ros'
[0.298s] Level 1:colcon.colcon_core.package_identification:_identify(mujoco/model/hammock) by extensions ['cmake', 'python']
[0.298s] Level 1:colcon.colcon_core.package_identification:_identify(mujoco/model/hammock) by extension 'cmake'
[0.298s] Level 1:colcon.colcon_core.package_identification:_identify(mujoco/model/hammock) by extension 'python'
[0.298s] Level 1:colcon.colcon_core.package_identification:_identify(mujoco/model/hammock) by extensions ['python_setup_py']
[0.298s] Level 1:colcon.colcon_core.package_identification:_identify(mujoco/model/hammock) by extension 'python_setup_py'
[0.298s] Level 1:colcon.colcon_core.package_identification:_identify(mujoco/model/humanoid) by extensions ['ignore', 'ignore_ament_install']
[0.298s] Level 1:colcon.colcon_core.package_identification:_identify(mujoco/model/humanoid) by extension 'ignore'
[0.298s] Level 1:colcon.colcon_core.package_identification:_identify(mujoco/model/humanoid) by extension 'ignore_ament_install'
[0.298s] Level 1:colcon.colcon_core.package_identification:_identify(mujoco/model/humanoid) by extensions ['colcon_pkg']
[0.298s] Level 1:colcon.colcon_core.package_identification:_identify(mujoco/model/humanoid) by extension 'colcon_pkg'
[0.298s] Level 1:colcon.colcon_core.package_identification:_identify(mujoco/model/humanoid) by extensions ['colcon_meta']
[0.299s] Level 1:colcon.colcon_core.package_identification:_identify(mujoco/model/humanoid) by extension 'colcon_meta'
[0.299s] Level 1:colcon.colcon_core.package_identification:_identify(mujoco/model/humanoid) by extensions ['ros']
[0.299s] Level 1:colcon.colcon_core.package_identification:_identify(mujoco/model/humanoid) by extension 'ros'
[0.299s] Level 1:colcon.colcon_core.package_identification:_identify(mujoco/model/humanoid) by extensions ['cmake', 'python']
[0.299s] Level 1:colcon.colcon_core.package_identification:_identify(mujoco/model/humanoid) by extension 'cmake'
[0.299s] Level 1:colcon.colcon_core.package_identification:_identify(mujoco/model/humanoid) by extension 'python'
[0.299s] Level 1:colcon.colcon_core.package_identification:_identify(mujoco/model/humanoid) by extensions ['python_setup_py']
[0.299s] Level 1:colcon.colcon_core.package_identification:_identify(mujoco/model/humanoid) by extension 'python_setup_py'
[0.299s] Level 1:colcon.colcon_core.package_identification:_identify(mujoco/model/mug) by extensions ['ignore', 'ignore_ament_install']
[0.299s] Level 1:colcon.colcon_core.package_identification:_identify(mujoco/model/mug) by extension 'ignore'
[0.299s] Level 1:colcon.colcon_core.package_identification:_identify(mujoco/model/mug) by extension 'ignore_ament_install'
[0.299s] Level 1:colcon.colcon_core.package_identification:_identify(mujoco/model/mug) by extensions ['colcon_pkg']
[0.299s] Level 1:colcon.colcon_core.package_identification:_identify(mujoco/model/mug) by extension 'colcon_pkg'
[0.299s] Level 1:colcon.colcon_core.package_identification:_identify(mujoco/model/mug) by extensions ['colcon_meta']
[0.300s] Level 1:colcon.colcon_core.package_identification:_identify(mujoco/model/mug) by extension 'colcon_meta'
[0.300s] Level 1:colcon.colcon_core.package_identification:_identify(mujoco/model/mug) by extensions ['ros']
[0.300s] Level 1:colcon.colcon_core.package_identification:_identify(mujoco/model/mug) by extension 'ros'
[0.300s] Level 1:colcon.colcon_core.package_identification:_identify(mujoco/model/mug) by extensions ['cmake', 'python']
[0.300s] Level 1:colcon.colcon_core.package_identification:_identify(mujoco/model/mug) by extension 'cmake'
[0.300s] Level 1:colcon.colcon_core.package_identification:_identify(mujoco/model/mug) by extension 'python'
[0.300s] Level 1:colcon.colcon_core.package_identification:_identify(mujoco/model/mug) by extensions ['python_setup_py']
[0.300s] Level 1:colcon.colcon_core.package_identification:_identify(mujoco/model/mug) by extension 'python_setup_py'
[0.300s] Level 1:colcon.colcon_core.package_identification:_identify(mujoco/model/plugin) by extensions ['ignore', 'ignore_ament_install']
[0.300s] Level 1:colcon.colcon_core.package_identification:_identify(mujoco/model/plugin) by extension 'ignore'
[0.300s] Level 1:colcon.colcon_core.package_identification:_identify(mujoco/model/plugin) by extension 'ignore_ament_install'
[0.300s] Level 1:colcon.colcon_core.package_identification:_identify(mujoco/model/plugin) by extensions ['colcon_pkg']
[0.300s] Level 1:colcon.colcon_core.package_identification:_identify(mujoco/model/plugin) by extension 'colcon_pkg'
[0.301s] Level 1:colcon.colcon_core.package_identification:_identify(mujoco/model/plugin) by extensions ['colcon_meta']
[0.301s] Level 1:colcon.colcon_core.package_identification:_identify(mujoco/model/plugin) by extension 'colcon_meta'
[0.301s] Level 1:colcon.colcon_core.package_identification:_identify(mujoco/model/plugin) by extensions ['ros']
[0.301s] Level 1:colcon.colcon_core.package_identification:_identify(mujoco/model/plugin) by extension 'ros'
[0.301s] Level 1:colcon.colcon_core.package_identification:_identify(mujoco/model/plugin) by extensions ['cmake', 'python']
[0.301s] Level 1:colcon.colcon_core.package_identification:_identify(mujoco/model/plugin) by extension 'cmake'
[0.301s] Level 1:colcon.colcon_core.package_identification:_identify(mujoco/model/plugin) by extension 'python'
[0.301s] Level 1:colcon.colcon_core.package_identification:_identify(mujoco/model/plugin) by extensions ['python_setup_py']
[0.301s] Level 1:colcon.colcon_core.package_identification:_identify(mujoco/model/plugin) by extension 'python_setup_py'
[0.301s] Level 1:colcon.colcon_core.package_identification:_identify(mujoco/model/plugin/actuator) by extensions ['ignore', 'ignore_ament_install']
[0.301s] Level 1:colcon.colcon_core.package_identification:_identify(mujoco/model/plugin/actuator) by extension 'ignore'
[0.302s] Level 1:colcon.colcon_core.package_identification:_identify(mujoco/model/plugin/actuator) by extension 'ignore_ament_install'
[0.302s] Level 1:colcon.colcon_core.package_identification:_identify(mujoco/model/plugin/actuator) by extensions ['colcon_pkg']
[0.302s] Level 1:colcon.colcon_core.package_identification:_identify(mujoco/model/plugin/actuator) by extension 'colcon_pkg'
[0.302s] Level 1:colcon.colcon_core.package_identification:_identify(mujoco/model/plugin/actuator) by extensions ['colcon_meta']
[0.302s] Level 1:colcon.colcon_core.package_identification:_identify(mujoco/model/plugin/actuator) by extension 'colcon_meta'
[0.302s] Level 1:colcon.colcon_core.package_identification:_identify(mujoco/model/plugin/actuator) by extensions ['ros']
[0.302s] Level 1:colcon.colcon_core.package_identification:_identify(mujoco/model/plugin/actuator) by extension 'ros'
[0.302s] Level 1:colcon.colcon_core.package_identification:_identify(mujoco/model/plugin/actuator) by extensions ['cmake', 'python']
[0.302s] Level 1:colcon.colcon_core.package_identification:_identify(mujoco/model/plugin/actuator) by extension 'cmake'
[0.302s] Level 1:colcon.colcon_core.package_identification:_identify(mujoco/model/plugin/actuator) by extension 'python'
[0.302s] Level 1:colcon.colcon_core.package_identification:_identify(mujoco/model/plugin/actuator) by extensions ['python_setup_py']
[0.302s] Level 1:colcon.colcon_core.package_identification:_identify(mujoco/model/plugin/actuator) by extension 'python_setup_py'
[0.302s] Level 1:colcon.colcon_core.package_identification:_identify(mujoco/model/plugin/elasticity) by extensions ['ignore', 'ignore_ament_install']
[0.303s] Level 1:colcon.colcon_core.package_identification:_identify(mujoco/model/plugin/elasticity) by extension 'ignore'
[0.303s] Level 1:colcon.colcon_core.package_identification:_identify(mujoco/model/plugin/elasticity) by extension 'ignore_ament_install'
[0.303s] Level 1:colcon.colcon_core.package_identification:_identify(mujoco/model/plugin/elasticity) by extensions ['colcon_pkg']
[0.303s] Level 1:colcon.colcon_core.package_identification:_identify(mujoco/model/plugin/elasticity) by extension 'colcon_pkg'
[0.303s] Level 1:colcon.colcon_core.package_identification:_identify(mujoco/model/plugin/elasticity) by extensions ['colcon_meta']
[0.303s] Level 1:colcon.colcon_core.package_identification:_identify(mujoco/model/plugin/elasticity) by extension 'colcon_meta'
[0.303s] Level 1:colcon.colcon_core.package_identification:_identify(mujoco/model/plugin/elasticity) by extensions ['ros']
[0.303s] Level 1:colcon.colcon_core.package_identification:_identify(mujoco/model/plugin/elasticity) by extension 'ros'
[0.303s] Level 1:colcon.colcon_core.package_identification:_identify(mujoco/model/plugin/elasticity) by extensions ['cmake', 'python']
[0.303s] Level 1:colcon.colcon_core.package_identification:_identify(mujoco/model/plugin/elasticity) by extension 'cmake'
[0.303s] Level 1:colcon.colcon_core.package_identification:_identify(mujoco/model/plugin/elasticity) by extension 'python'
[0.303s] Level 1:colcon.colcon_core.package_identification:_identify(mujoco/model/plugin/elasticity) by extensions ['python_setup_py']
[0.303s] Level 1:colcon.colcon_core.package_identification:_identify(mujoco/model/plugin/elasticity) by extension 'python_setup_py'
[0.304s] Level 1:colcon.colcon_core.package_identification:_identify(mujoco/model/plugin/sdf) by extensions ['ignore', 'ignore_ament_install']
[0.304s] Level 1:colcon.colcon_core.package_identification:_identify(mujoco/model/plugin/sdf) by extension 'ignore'
[0.304s] Level 1:colcon.colcon_core.package_identification:_identify(mujoco/model/plugin/sdf) by extension 'ignore_ament_install'
[0.304s] Level 1:colcon.colcon_core.package_identification:_identify(mujoco/model/plugin/sdf) by extensions ['colcon_pkg']
[0.304s] Level 1:colcon.colcon_core.package_identification:_identify(mujoco/model/plugin/sdf) by extension 'colcon_pkg'
[0.304s] Level 1:colcon.colcon_core.package_identification:_identify(mujoco/model/plugin/sdf) by extensions ['colcon_meta']
[0.304s] Level 1:colcon.colcon_core.package_identification:_identify(mujoco/model/plugin/sdf) by extension 'colcon_meta'
[0.304s] Level 1:colcon.colcon_core.package_identification:_identify(mujoco/model/plugin/sdf) by extensions ['ros']
[0.304s] Level 1:colcon.colcon_core.package_identification:_identify(mujoco/model/plugin/sdf) by extension 'ros'
[0.304s] Level 1:colcon.colcon_core.package_identification:_identify(mujoco/model/plugin/sdf) by extensions ['cmake', 'python']
[0.304s] Level 1:colcon.colcon_core.package_identification:_identify(mujoco/model/plugin/sdf) by extension 'cmake'
[0.304s] Level 1:colcon.colcon_core.package_identification:_identify(mujoco/model/plugin/sdf) by extension 'python'
[0.304s] Level 1:colcon.colcon_core.package_identification:_identify(mujoco/model/plugin/sdf) by extensions ['python_setup_py']
[0.304s] Level 1:colcon.colcon_core.package_identification:_identify(mujoco/model/plugin/sdf) by extension 'python_setup_py'
[0.305s] Level 1:colcon.colcon_core.package_identification:_identify(mujoco/model/plugin/sdf/asset) by extensions ['ignore', 'ignore_ament_install']
[0.305s] Level 1:colcon.colcon_core.package_identification:_identify(mujoco/model/plugin/sdf/asset) by extension 'ignore'
[0.305s] Level 1:colcon.colcon_core.package_identification:_identify(mujoco/model/plugin/sdf/asset) by extension 'ignore_ament_install'
[0.305s] Level 1:colcon.colcon_core.package_identification:_identify(mujoco/model/plugin/sdf/asset) by extensions ['colcon_pkg']
[0.305s] Level 1:colcon.colcon_core.package_identification:_identify(mujoco/model/plugin/sdf/asset) by extension 'colcon_pkg'
[0.305s] Level 1:colcon.colcon_core.package_identification:_identify(mujoco/model/plugin/sdf/asset) by extensions ['colcon_meta']
[0.305s] Level 1:colcon.colcon_core.package_identification:_identify(mujoco/model/plugin/sdf/asset) by extension 'colcon_meta'
[0.305s] Level 1:colcon.colcon_core.package_identification:_identify(mujoco/model/plugin/sdf/asset) by extensions ['ros']
[0.305s] Level 1:colcon.colcon_core.package_identification:_identify(mujoco/model/plugin/sdf/asset) by extension 'ros'
[0.305s] Level 1:colcon.colcon_core.package_identification:_identify(mujoco/model/plugin/sdf/asset) by extensions ['cmake', 'python']
[0.305s] Level 1:colcon.colcon_core.package_identification:_identify(mujoco/model/plugin/sdf/asset) by extension 'cmake'
[0.305s] Level 1:colcon.colcon_core.package_identification:_identify(mujoco/model/plugin/sdf/asset) by extension 'python'
[0.306s] Level 1:colcon.colcon_core.package_identification:_identify(mujoco/model/plugin/sdf/asset) by extensions ['python_setup_py']
[0.306s] Level 1:colcon.colcon_core.package_identification:_identify(mujoco/model/plugin/sdf/asset) by extension 'python_setup_py'
[0.306s] Level 1:colcon.colcon_core.package_identification:_identify(mujoco/model/plugin/sensor) by extensions ['ignore', 'ignore_ament_install']
[0.306s] Level 1:colcon.colcon_core.package_identification:_identify(mujoco/model/plugin/sensor) by extension 'ignore'
[0.306s] Level 1:colcon.colcon_core.package_identification:_identify(mujoco/model/plugin/sensor) by extension 'ignore_ament_install'
[0.306s] Level 1:colcon.colcon_core.package_identification:_identify(mujoco/model/plugin/sensor) by extensions ['colcon_pkg']
[0.306s] Level 1:colcon.colcon_core.package_identification:_identify(mujoco/model/plugin/sensor) by extension 'colcon_pkg'
[0.306s] Level 1:colcon.colcon_core.package_identification:_identify(mujoco/model/plugin/sensor) by extensions ['colcon_meta']
[0.306s] Level 1:colcon.colcon_core.package_identification:_identify(mujoco/model/plugin/sensor) by extension 'colcon_meta'
[0.306s] Level 1:colcon.colcon_core.package_identification:_identify(mujoco/model/plugin/sensor) by extensions ['ros']
[0.306s] Level 1:colcon.colcon_core.package_identification:_identify(mujoco/model/plugin/sensor) by extension 'ros'
[0.306s] Level 1:colcon.colcon_core.package_identification:_identify(mujoco/model/plugin/sensor) by extensions ['cmake', 'python']
[0.307s] Level 1:colcon.colcon_core.package_identification:_identify(mujoco/model/plugin/sensor) by extension 'cmake'
[0.307s] Level 1:colcon.colcon_core.package_identification:_identify(mujoco/model/plugin/sensor) by extension 'python'
[0.307s] Level 1:colcon.colcon_core.package_identification:_identify(mujoco/model/plugin/sensor) by extensions ['python_setup_py']
[0.307s] Level 1:colcon.colcon_core.package_identification:_identify(mujoco/model/plugin/sensor) by extension 'python_setup_py'
[0.307s] Level 1:colcon.colcon_core.package_identification:_identify(mujoco/model/replicate) by extensions ['ignore', 'ignore_ament_install']
[0.307s] Level 1:colcon.colcon_core.package_identification:_identify(mujoco/model/replicate) by extension 'ignore'
[0.307s] Level 1:colcon.colcon_core.package_identification:_identify(mujoco/model/replicate) by extension 'ignore_ament_install'
[0.307s] Level 1:colcon.colcon_core.package_identification:_identify(mujoco/model/replicate) by extensions ['colcon_pkg']
[0.307s] Level 1:colcon.colcon_core.package_identification:_identify(mujoco/model/replicate) by extension 'colcon_pkg'
[0.307s] Level 1:colcon.colcon_core.package_identification:_identify(mujoco/model/replicate) by extensions ['colcon_meta']
[0.307s] Level 1:colcon.colcon_core.package_identification:_identify(mujoco/model/replicate) by extension 'colcon_meta'
[0.307s] Level 1:colcon.colcon_core.package_identification:_identify(mujoco/model/replicate) by extensions ['ros']
[0.307s] Level 1:colcon.colcon_core.package_identification:_identify(mujoco/model/replicate) by extension 'ros'
[0.308s] Level 1:colcon.colcon_core.package_identification:_identify(mujoco/model/replicate) by extensions ['cmake', 'python']
[0.308s] Level 1:colcon.colcon_core.package_identification:_identify(mujoco/model/replicate) by extension 'cmake'
[0.308s] Level 1:colcon.colcon_core.package_identification:_identify(mujoco/model/replicate) by extension 'python'
[0.308s] Level 1:colcon.colcon_core.package_identification:_identify(mujoco/model/replicate) by extensions ['python_setup_py']
[0.308s] Level 1:colcon.colcon_core.package_identification:_identify(mujoco/model/replicate) by extension 'python_setup_py'
[0.308s] Level 1:colcon.colcon_core.package_identification:_identify(mujoco/model/replicate/asset) by extensions ['ignore', 'ignore_ament_install']
[0.308s] Level 1:colcon.colcon_core.package_identification:_identify(mujoco/model/replicate/asset) by extension 'ignore'
[0.308s] Level 1:colcon.colcon_core.package_identification:_identify(mujoco/model/replicate/asset) by extension 'ignore_ament_install'
[0.308s] Level 1:colcon.colcon_core.package_identification:_identify(mujoco/model/replicate/asset) by extensions ['colcon_pkg']
[0.309s] Level 1:colcon.colcon_core.package_identification:_identify(mujoco/model/replicate/asset) by extension 'colcon_pkg'
[0.309s] Level 1:colcon.colcon_core.package_identification:_identify(mujoco/model/replicate/asset) by extensions ['colcon_meta']
[0.309s] Level 1:colcon.colcon_core.package_identification:_identify(mujoco/model/replicate/asset) by extension 'colcon_meta'
[0.309s] Level 1:colcon.colcon_core.package_identification:_identify(mujoco/model/replicate/asset) by extensions ['ros']
[0.309s] Level 1:colcon.colcon_core.package_identification:_identify(mujoco/model/replicate/asset) by extension 'ros'
[0.309s] Level 1:colcon.colcon_core.package_identification:_identify(mujoco/model/replicate/asset) by extensions ['cmake', 'python']
[0.309s] Level 1:colcon.colcon_core.package_identification:_identify(mujoco/model/replicate/asset) by extension 'cmake'
[0.309s] Level 1:colcon.colcon_core.package_identification:_identify(mujoco/model/replicate/asset) by extension 'python'
[0.309s] Level 1:colcon.colcon_core.package_identification:_identify(mujoco/model/replicate/asset) by extensions ['python_setup_py']
[0.309s] Level 1:colcon.colcon_core.package_identification:_identify(mujoco/model/replicate/asset) by extension 'python_setup_py'
[0.309s] Level 1:colcon.colcon_core.package_identification:_identify(mujoco/model/slider_crank) by extensions ['ignore', 'ignore_ament_install']
[0.309s] Level 1:colcon.colcon_core.package_identification:_identify(mujoco/model/slider_crank) by extension 'ignore'
[0.309s] Level 1:colcon.colcon_core.package_identification:_identify(mujoco/model/slider_crank) by extension 'ignore_ament_install'
[0.310s] Level 1:colcon.colcon_core.package_identification:_identify(mujoco/model/slider_crank) by extensions ['colcon_pkg']
[0.310s] Level 1:colcon.colcon_core.package_identification:_identify(mujoco/model/slider_crank) by extension 'colcon_pkg'
[0.310s] Level 1:colcon.colcon_core.package_identification:_identify(mujoco/model/slider_crank) by extensions ['colcon_meta']
[0.310s] Level 1:colcon.colcon_core.package_identification:_identify(mujoco/model/slider_crank) by extension 'colcon_meta'
[0.310s] Level 1:colcon.colcon_core.package_identification:_identify(mujoco/model/slider_crank) by extensions ['ros']
[0.310s] Level 1:colcon.colcon_core.package_identification:_identify(mujoco/model/slider_crank) by extension 'ros'
[0.310s] Level 1:colcon.colcon_core.package_identification:_identify(mujoco/model/slider_crank) by extensions ['cmake', 'python']
[0.310s] Level 1:colcon.colcon_core.package_identification:_identify(mujoco/model/slider_crank) by extension 'cmake'
[0.310s] Level 1:colcon.colcon_core.package_identification:_identify(mujoco/model/slider_crank) by extension 'python'
[0.310s] Level 1:colcon.colcon_core.package_identification:_identify(mujoco/model/slider_crank) by extensions ['python_setup_py']
[0.310s] Level 1:colcon.colcon_core.package_identification:_identify(mujoco/model/slider_crank) by extension 'python_setup_py'
[0.310s] Level 1:colcon.colcon_core.package_identification:_identify(mujoco/model/tendon_arm) by extensions ['ignore', 'ignore_ament_install']
[0.311s] Level 1:colcon.colcon_core.package_identification:_identify(mujoco/model/tendon_arm) by extension 'ignore'
[0.311s] Level 1:colcon.colcon_core.package_identification:_identify(mujoco/model/tendon_arm) by extension 'ignore_ament_install'
[0.311s] Level 1:colcon.colcon_core.package_identification:_identify(mujoco/model/tendon_arm) by extensions ['colcon_pkg']
[0.311s] Level 1:colcon.colcon_core.package_identification:_identify(mujoco/model/tendon_arm) by extension 'colcon_pkg'
[0.311s] Level 1:colcon.colcon_core.package_identification:_identify(mujoco/model/tendon_arm) by extensions ['colcon_meta']
[0.311s] Level 1:colcon.colcon_core.package_identification:_identify(mujoco/model/tendon_arm) by extension 'colcon_meta'
[0.311s] Level 1:colcon.colcon_core.package_identification:_identify(mujoco/model/tendon_arm) by extensions ['ros']
[0.311s] Level 1:colcon.colcon_core.package_identification:_identify(mujoco/model/tendon_arm) by extension 'ros'
[0.311s] Level 1:colcon.colcon_core.package_identification:_identify(mujoco/model/tendon_arm) by extensions ['cmake', 'python']
[0.311s] Level 1:colcon.colcon_core.package_identification:_identify(mujoco/model/tendon_arm) by extension 'cmake'
[0.311s] Level 1:colcon.colcon_core.package_identification:_identify(mujoco/model/tendon_arm) by extension 'python'
[0.311s] Level 1:colcon.colcon_core.package_identification:_identify(mujoco/model/tendon_arm) by extensions ['python_setup_py']
[0.311s] Level 1:colcon.colcon_core.package_identification:_identify(mujoco/model/tendon_arm) by extension 'python_setup_py'
[0.311s] Level 1:colcon.colcon_core.package_identification:_identify(mujoco/sample) by extensions ['ignore', 'ignore_ament_install']
[0.312s] Level 1:colcon.colcon_core.package_identification:_identify(mujoco/sample) by extension 'ignore'
[0.312s] Level 1:colcon.colcon_core.package_identification:_identify(mujoco/sample) by extension 'ignore_ament_install'
[0.312s] Level 1:colcon.colcon_core.package_identification:_identify(mujoco/sample) by extensions ['colcon_pkg']
[0.312s] Level 1:colcon.colcon_core.package_identification:_identify(mujoco/sample) by extension 'colcon_pkg'
[0.312s] Level 1:colcon.colcon_core.package_identification:_identify(mujoco/sample) by extensions ['colcon_meta']
[0.312s] Level 1:colcon.colcon_core.package_identification:_identify(mujoco/sample) by extension 'colcon_meta'
[0.312s] Level 1:colcon.colcon_core.package_identification:_identify(mujoco/sample) by extensions ['ros']
[0.312s] Level 1:colcon.colcon_core.package_identification:_identify(mujoco/sample) by extension 'ros'
[0.312s] Level 1:colcon.colcon_core.package_identification:_identify(mujoco/sample) by extensions ['cmake', 'python']
[0.312s] Level 1:colcon.colcon_core.package_identification:_identify(mujoco/sample) by extension 'cmake'
[0.312s] Level 1:colcon.colcon_core.package_identification:_identify(mujoco/sample) by extension 'python'
[0.312s] Level 1:colcon.colcon_core.package_identification:_identify(mujoco/sample) by extensions ['python_setup_py']
[0.312s] Level 1:colcon.colcon_core.package_identification:_identify(mujoco/sample) by extension 'python_setup_py'
[0.313s] Level 1:colcon.colcon_core.package_identification:_identify(mujoco/sample/cmake) by extensions ['ignore', 'ignore_ament_install']
[0.313s] Level 1:colcon.colcon_core.package_identification:_identify(mujoco/sample/cmake) by extension 'ignore'
[0.313s] Level 1:colcon.colcon_core.package_identification:_identify(mujoco/sample/cmake) by extension 'ignore_ament_install'
[0.313s] Level 1:colcon.colcon_core.package_identification:_identify(mujoco/sample/cmake) by extensions ['colcon_pkg']
[0.313s] Level 1:colcon.colcon_core.package_identification:_identify(mujoco/sample/cmake) by extension 'colcon_pkg'
[0.313s] Level 1:colcon.colcon_core.package_identification:_identify(mujoco/sample/cmake) by extensions ['colcon_meta']
[0.313s] Level 1:colcon.colcon_core.package_identification:_identify(mujoco/sample/cmake) by extension 'colcon_meta'
[0.313s] Level 1:colcon.colcon_core.package_identification:_identify(mujoco/sample/cmake) by extensions ['ros']
[0.313s] Level 1:colcon.colcon_core.package_identification:_identify(mujoco/sample/cmake) by extension 'ros'
[0.313s] Level 1:colcon.colcon_core.package_identification:_identify(mujoco/sample/cmake) by extensions ['cmake', 'python']
[0.313s] Level 1:colcon.colcon_core.package_identification:_identify(mujoco/sample/cmake) by extension 'cmake'
[0.313s] Level 1:colcon.colcon_core.package_identification:_identify(mujoco/sample/cmake) by extension 'python'
[0.313s] Level 1:colcon.colcon_core.package_identification:_identify(mujoco/sample/cmake) by extensions ['python_setup_py']
[0.313s] Level 1:colcon.colcon_core.package_identification:_identify(mujoco/sample/cmake) by extension 'python_setup_py'
[0.314s] Level 1:colcon.colcon_core.package_identification:_identify(mujoco/simulate) by extensions ['ignore', 'ignore_ament_install']
[0.314s] Level 1:colcon.colcon_core.package_identification:_identify(mujoco/simulate) by extension 'ignore'
[0.314s] Level 1:colcon.colcon_core.package_identification:_identify(mujoco/simulate) by extension 'ignore_ament_install'
[0.314s] Level 1:colcon.colcon_core.package_identification:_identify(mujoco/simulate) by extensions ['colcon_pkg']
[0.314s] Level 1:colcon.colcon_core.package_identification:_identify(mujoco/simulate) by extension 'colcon_pkg'
[0.314s] Level 1:colcon.colcon_core.package_identification:_identify(mujoco/simulate) by extensions ['colcon_meta']
[0.314s] Level 1:colcon.colcon_core.package_identification:_identify(mujoco/simulate) by extension 'colcon_meta'
[0.314s] Level 1:colcon.colcon_core.package_identification:_identify(mujoco/simulate) by extensions ['ros']
[0.314s] Level 1:colcon.colcon_core.package_identification:_identify(mujoco/simulate) by extension 'ros'
[0.314s] Level 1:colcon.colcon_core.package_identification:_identify(mujoco/simulate) by extensions ['cmake', 'python']
[0.314s] Level 1:colcon.colcon_core.package_identification:_identify(mujoco/simulate) by extension 'cmake'
[0.314s] Level 1:colcon.colcon_core.package_identification:_identify(mujoco/simulate) by extension 'python'
[0.314s] Level 1:colcon.colcon_core.package_identification:_identify(mujoco/simulate) by extensions ['python_setup_py']
[0.315s] Level 1:colcon.colcon_core.package_identification:_identify(mujoco/simulate) by extension 'python_setup_py'
[0.315s] Level 1:colcon.colcon_core.package_identification:_identify(mujoco/simulate/cmake) by extensions ['ignore', 'ignore_ament_install']
[0.315s] Level 1:colcon.colcon_core.package_identification:_identify(mujoco/simulate/cmake) by extension 'ignore'
[0.315s] Level 1:colcon.colcon_core.package_identification:_identify(mujoco/simulate/cmake) by extension 'ignore_ament_install'
[0.315s] Level 1:colcon.colcon_core.package_identification:_identify(mujoco/simulate/cmake) by extensions ['colcon_pkg']
[0.315s] Level 1:colcon.colcon_core.package_identification:_identify(mujoco/simulate/cmake) by extension 'colcon_pkg'
[0.315s] Level 1:colcon.colcon_core.package_identification:_identify(mujoco/simulate/cmake) by extensions ['colcon_meta']
[0.315s] Level 1:colcon.colcon_core.package_identification:_identify(mujoco/simulate/cmake) by extension 'colcon_meta'
[0.315s] Level 1:colcon.colcon_core.package_identification:_identify(mujoco/simulate/cmake) by extensions ['ros']
[0.315s] Level 1:colcon.colcon_core.package_identification:_identify(mujoco/simulate/cmake) by extension 'ros'
[0.315s] Level 1:colcon.colcon_core.package_identification:_identify(mujoco/simulate/cmake) by extensions ['cmake', 'python']
[0.315s] Level 1:colcon.colcon_core.package_identification:_identify(mujoco/simulate/cmake) by extension 'cmake'
[0.315s] Level 1:colcon.colcon_core.package_identification:_identify(mujoco/simulate/cmake) by extension 'python'
[0.316s] Level 1:colcon.colcon_core.package_identification:_identify(mujoco/simulate/cmake) by extensions ['python_setup_py']
[0.316s] Level 1:colcon.colcon_core.package_identification:_identify(mujoco/simulate/cmake) by extension 'python_setup_py'
[0.316s] Level 1:colcon.colcon_core.package_identification:_identify(scripts) by extensions ['ignore', 'ignore_ament_install']
[0.316s] Level 1:colcon.colcon_core.package_identification:_identify(scripts) by extension 'ignore'
[0.316s] Level 1:colcon.colcon_core.package_identification:_identify(scripts) by extension 'ignore_ament_install'
[0.316s] Level 1:colcon.colcon_core.package_identification:_identify(scripts) by extensions ['colcon_pkg']
[0.316s] Level 1:colcon.colcon_core.package_identification:_identify(scripts) by extension 'colcon_pkg'
[0.316s] Level 1:colcon.colcon_core.package_identification:_identify(scripts) by extensions ['colcon_meta']
[0.316s] Level 1:colcon.colcon_core.package_identification:_identify(scripts) by extension 'colcon_meta'
[0.316s] Level 1:colcon.colcon_core.package_identification:_identify(scripts) by extensions ['ros']
[0.316s] Level 1:colcon.colcon_core.package_identification:_identify(scripts) by extension 'ros'
[0.316s] Level 1:colcon.colcon_core.package_identification:_identify(scripts) by extensions ['cmake', 'python']
[0.316s] Level 1:colcon.colcon_core.package_identification:_identify(scripts) by extension 'cmake'
[0.317s] Level 1:colcon.colcon_core.package_identification:_identify(scripts) by extension 'python'
[0.317s] Level 1:colcon.colcon_core.package_identification:_identify(scripts) by extensions ['python_setup_py']
[0.317s] Level 1:colcon.colcon_core.package_identification:_identify(scripts) by extension 'python_setup_py'
[0.317s] Level 1:colcon.colcon_core.package_identification:_identify(src) by extensions ['ignore', 'ignore_ament_install']
[0.317s] Level 1:colcon.colcon_core.package_identification:_identify(src) by extension 'ignore'
[0.317s] Level 1:colcon.colcon_core.package_identification:_identify(src) by extension 'ignore_ament_install'
[0.317s] Level 1:colcon.colcon_core.package_identification:_identify(src) by extensions ['colcon_pkg']
[0.317s] Level 1:colcon.colcon_core.package_identification:_identify(src) by extension 'colcon_pkg'
[0.317s] Level 1:colcon.colcon_core.package_identification:_identify(src) by extensions ['colcon_meta']
[0.317s] Level 1:colcon.colcon_core.package_identification:_identify(src) by extension 'colcon_meta'
[0.317s] Level 1:colcon.colcon_core.package_identification:_identify(src) by extensions ['ros']
[0.317s] Level 1:colcon.colcon_core.package_identification:_identify(src) by extension 'ros'
[0.317s] Level 1:colcon.colcon_core.package_identification:_identify(src) by extensions ['cmake', 'python']
[0.317s] Level 1:colcon.colcon_core.package_identification:_identify(src) by extension 'cmake'
[0.318s] Level 1:colcon.colcon_core.package_identification:_identify(src) by extension 'python'
[0.318s] Level 1:colcon.colcon_core.package_identification:_identify(src) by extensions ['python_setup_py']
[0.318s] Level 1:colcon.colcon_core.package_identification:_identify(src) by extension 'python_setup_py'
[0.318s] Level 1:colcon.colcon_core.package_identification:_identify(src/abb_controllers) by extensions ['ignore', 'ignore_ament_install']
[0.318s] Level 1:colcon.colcon_core.package_identification:_identify(src/abb_controllers) by extension 'ignore'
[0.318s] Level 1:colcon.colcon_core.package_identification:_identify(src/abb_controllers) by extension 'ignore_ament_install'
[0.318s] Level 1:colcon.colcon_core.package_identification:_identify(src/abb_controllers) by extensions ['colcon_pkg']
[0.318s] Level 1:colcon.colcon_core.package_identification:_identify(src/abb_controllers) by extension 'colcon_pkg'
[0.318s] Level 1:colcon.colcon_core.package_identification:_identify(src/abb_controllers) by extensions ['colcon_meta']
[0.318s] Level 1:colcon.colcon_core.package_identification:_identify(src/abb_controllers) by extension 'colcon_meta'
[0.318s] Level 1:colcon.colcon_core.package_identification:_identify(src/abb_controllers) by extensions ['ros']
[0.318s] Level 1:colcon.colcon_core.package_identification:_identify(src/abb_controllers) by extension 'ros'
[0.322s] DEBUG:colcon.colcon_core.package_identification:Package 'src/abb_controllers' with type 'ros.ament_cmake' and name 'abb_controllers'
[0.322s] Level 1:colcon.colcon_core.package_identification:_identify(src/abb_gz_bringup) by extensions ['ignore', 'ignore_ament_install']
[0.322s] Level 1:colcon.colcon_core.package_identification:_identify(src/abb_gz_bringup) by extension 'ignore'
[0.322s] Level 1:colcon.colcon_core.package_identification:_identify(src/abb_gz_bringup) by extension 'ignore_ament_install'
[0.323s] Level 1:colcon.colcon_core.package_identification:_identify(src/abb_gz_bringup) by extensions ['colcon_pkg']
[0.323s] Level 1:colcon.colcon_core.package_identification:_identify(src/abb_gz_bringup) by extension 'colcon_pkg'
[0.323s] Level 1:colcon.colcon_core.package_identification:_identify(src/abb_gz_bringup) by extensions ['colcon_meta']
[0.323s] Level 1:colcon.colcon_core.package_identification:_identify(src/abb_gz_bringup) by extension 'colcon_meta'
[0.323s] Level 1:colcon.colcon_core.package_identification:_identify(src/abb_gz_bringup) by extensions ['ros']
[0.323s] Level 1:colcon.colcon_core.package_identification:_identify(src/abb_gz_bringup) by extension 'ros'
[0.323s] DEBUG:colcon.colcon_core.package_identification:Package 'src/abb_gz_bringup' with type 'ros.ament_cmake' and name 'abb_gz_bringup'
[0.324s] Level 1:colcon.colcon_core.package_identification:_identify(src/abb_gz_description) by extensions ['ignore', 'ignore_ament_install']
[0.324s] Level 1:colcon.colcon_core.package_identification:_identify(src/abb_gz_description) by extension 'ignore'
[0.324s] Level 1:colcon.colcon_core.package_identification:_identify(src/abb_gz_description) by extension 'ignore_ament_install'
[0.324s] Level 1:colcon.colcon_core.package_identification:_identify(src/abb_gz_description) by extensions ['colcon_pkg']
[0.324s] Level 1:colcon.colcon_core.package_identification:_identify(src/abb_gz_description) by extension 'colcon_pkg'
[0.324s] Level 1:colcon.colcon_core.package_identification:_identify(src/abb_gz_description) by extensions ['colcon_meta']
[0.324s] Level 1:colcon.colcon_core.package_identification:_identify(src/abb_gz_description) by extension 'colcon_meta'
[0.324s] Level 1:colcon.colcon_core.package_identification:_identify(src/abb_gz_description) by extensions ['ros']
[0.324s] Level 1:colcon.colcon_core.package_identification:_identify(src/abb_gz_description) by extension 'ros'
[0.325s] DEBUG:colcon.colcon_core.package_identification:Package 'src/abb_gz_description' with type 'ros.ament_cmake' and name 'abb_gz_description'
[0.325s] Level 1:colcon.colcon_core.package_identification:_identify(src/abb_gz_hardware) by extensions ['ignore', 'ignore_ament_install']
[0.325s] Level 1:colcon.colcon_core.package_identification:_identify(src/abb_gz_hardware) by extension 'ignore'
[0.326s] Level 1:colcon.colcon_core.package_identification:_identify(src/abb_gz_hardware) by extension 'ignore_ament_install'
[0.326s] Level 1:colcon.colcon_core.package_identification:_identify(src/abb_gz_hardware) by extensions ['colcon_pkg']
[0.326s] Level 1:colcon.colcon_core.package_identification:_identify(src/abb_gz_hardware) by extension 'colcon_pkg'
[0.326s] Level 1:colcon.colcon_core.package_identification:_identify(src/abb_gz_hardware) by extensions ['colcon_meta']
[0.326s] Level 1:colcon.colcon_core.package_identification:_identify(src/abb_gz_hardware) by extension 'colcon_meta'
[0.326s] Level 1:colcon.colcon_core.package_identification:_identify(src/abb_gz_hardware) by extensions ['ros']
[0.326s] Level 1:colcon.colcon_core.package_identification:_identify(src/abb_gz_hardware) by extension 'ros'
[0.326s] DEBUG:colcon.colcon_core.package_identification:Package 'src/abb_gz_hardware' with type 'ros.ament_cmake' and name 'abb_gz_hardware'
[0.327s] Level 1:colcon.colcon_core.package_identification:_identify(src/abb_ik_solver) by extensions ['ignore', 'ignore_ament_install']
[0.327s] Level 1:colcon.colcon_core.package_identification:_identify(src/abb_ik_solver) by extension 'ignore'
[0.327s] Level 1:colcon.colcon_core.package_identification:_identify(src/abb_ik_solver) by extension 'ignore_ament_install'
[0.327s] Level 1:colcon.colcon_core.package_identification:_identify(src/abb_ik_solver) by extensions ['colcon_pkg']
[0.327s] Level 1:colcon.colcon_core.package_identification:_identify(src/abb_ik_solver) by extension 'colcon_pkg'
[0.327s] Level 1:colcon.colcon_core.package_identification:_identify(src/abb_ik_solver) by extensions ['colcon_meta']
[0.327s] Level 1:colcon.colcon_core.package_identification:_identify(src/abb_ik_solver) by extension 'colcon_meta'
[0.327s] Level 1:colcon.colcon_core.package_identification:_identify(src/abb_ik_solver) by extensions ['ros']
[0.327s] Level 1:colcon.colcon_core.package_identification:_identify(src/abb_ik_solver) by extension 'ros'
[0.328s] DEBUG:colcon.colcon_core.package_identification:Package 'src/abb_ik_solver' with type 'ros.ament_python' and name 'abb_ik_solver'
[0.328s] Level 1:colcon.colcon_core.package_identification:_identify(src/abb_mujoco_bringup) by extensions ['ignore', 'ignore_ament_install']
[0.328s] Level 1:colcon.colcon_core.package_identification:_identify(src/abb_mujoco_bringup) by extension 'ignore'
[0.328s] Level 1:colcon.colcon_core.package_identification:_identify(src/abb_mujoco_bringup) by extension 'ignore_ament_install'
[0.328s] Level 1:colcon.colcon_core.package_identification:_identify(src/abb_mujoco_bringup) by extensions ['colcon_pkg']
[0.328s] Level 1:colcon.colcon_core.package_identification:_identify(src/abb_mujoco_bringup) by extension 'colcon_pkg'
[0.329s] Level 1:colcon.colcon_core.package_identification:_identify(src/abb_mujoco_bringup) by extensions ['colcon_meta']
[0.329s] Level 1:colcon.colcon_core.package_identification:_identify(src/abb_mujoco_bringup) by extension 'colcon_meta'
[0.329s] Level 1:colcon.colcon_core.package_identification:_identify(src/abb_mujoco_bringup) by extensions ['ros']
[0.329s] Level 1:colcon.colcon_core.package_identification:_identify(src/abb_mujoco_bringup) by extension 'ros'
[0.329s] DEBUG:colcon.colcon_core.package_identification:Package 'src/abb_mujoco_bringup' with type 'ros.ament_cmake' and name 'abb_mujoco_bringup'
[0.330s] Level 1:colcon.colcon_core.package_identification:_identify(src/abb_mujoco_description) by extensions ['ignore', 'ignore_ament_install']
[0.330s] Level 1:colcon.colcon_core.package_identification:_identify(src/abb_mujoco_description) by extension 'ignore'
[0.330s] Level 1:colcon.colcon_core.package_identification:_identify(src/abb_mujoco_description) by extension 'ignore_ament_install'
[0.330s] Level 1:colcon.colcon_core.package_identification:_identify(src/abb_mujoco_description) by extensions ['colcon_pkg']
[0.330s] Level 1:colcon.colcon_core.package_identification:_identify(src/abb_mujoco_description) by extension 'colcon_pkg'
[0.330s] Level 1:colcon.colcon_core.package_identification:_identify(src/abb_mujoco_description) by extensions ['colcon_meta']
[0.330s] Level 1:colcon.colcon_core.package_identification:_identify(src/abb_mujoco_description) by extension 'colcon_meta'
[0.330s] Level 1:colcon.colcon_core.package_identification:_identify(src/abb_mujoco_description) by extensions ['ros']
[0.330s] Level 1:colcon.colcon_core.package_identification:_identify(src/abb_mujoco_description) by extension 'ros'
[0.331s] DEBUG:colcon.colcon_core.package_identification:Package 'src/abb_mujoco_description' with type 'ros.ament_cmake' and name 'abb_mujoco_description'
[0.331s] Level 1:colcon.colcon_core.package_identification:_identify(src/abb_mujoco_python) by extensions ['ignore', 'ignore_ament_install']
[0.331s] Level 1:colcon.colcon_core.package_identification:_identify(src/abb_mujoco_python) by extension 'ignore'
[0.331s] Level 1:colcon.colcon_core.package_identification:_identify(src/abb_mujoco_python) by extension 'ignore_ament_install'
[0.331s] Level 1:colcon.colcon_core.package_identification:_identify(src/abb_mujoco_python) by extensions ['colcon_pkg']
[0.331s] Level 1:colcon.colcon_core.package_identification:_identify(src/abb_mujoco_python) by extension 'colcon_pkg'
[0.331s] Level 1:colcon.colcon_core.package_identification:_identify(src/abb_mujoco_python) by extensions ['colcon_meta']
[0.332s] Level 1:colcon.colcon_core.package_identification:_identify(src/abb_mujoco_python) by extension 'colcon_meta'
[0.332s] Level 1:colcon.colcon_core.package_identification:_identify(src/abb_mujoco_python) by extensions ['ros']
[0.332s] Level 1:colcon.colcon_core.package_identification:_identify(src/abb_mujoco_python) by extension 'ros'
[0.332s] DEBUG:colcon.colcon_core.package_identification:Package 'src/abb_mujoco_python' with type 'ros.ament_python' and name 'abb_mujoco_python'
[0.332s] Level 1:colcon.colcon_core.package_identification:_identify(src/abb_mujoco_sim) by extensions ['ignore', 'ignore_ament_install']
[0.333s] Level 1:colcon.colcon_core.package_identification:_identify(src/abb_mujoco_sim) by extension 'ignore'
[0.333s] Level 1:colcon.colcon_core.package_identification:_identify(src/abb_mujoco_sim) by extension 'ignore_ament_install'
[0.333s] Level 1:colcon.colcon_core.package_identification:_identify(src/abb_mujoco_sim) by extensions ['colcon_pkg']
[0.333s] Level 1:colcon.colcon_core.package_identification:_identify(src/abb_mujoco_sim) by extension 'colcon_pkg'
[0.333s] Level 1:colcon.colcon_core.package_identification:_identify(src/abb_mujoco_sim) by extensions ['colcon_meta']
[0.333s] Level 1:colcon.colcon_core.package_identification:_identify(src/abb_mujoco_sim) by extension 'colcon_meta'
[0.333s] Level 1:colcon.colcon_core.package_identification:_identify(src/abb_mujoco_sim) by extensions ['ros']
[0.333s] Level 1:colcon.colcon_core.package_identification:_identify(src/abb_mujoco_sim) by extension 'ros'
[0.334s] DEBUG:colcon.colcon_core.package_identification:Package 'src/abb_mujoco_sim' with type 'ros.ament_cmake' and name 'abb_mujoco_sim'
[0.334s] Level 1:colcon.colcon_core.package_identification:_identify(src/abb_path_controller) by extensions ['ignore', 'ignore_ament_install']
[0.334s] Level 1:colcon.colcon_core.package_identification:_identify(src/abb_path_controller) by extension 'ignore'
[0.334s] Level 1:colcon.colcon_core.package_identification:_identify(src/abb_path_controller) by extension 'ignore_ament_install'
[0.334s] Level 1:colcon.colcon_core.package_identification:_identify(src/abb_path_controller) by extensions ['colcon_pkg']
[0.335s] Level 1:colcon.colcon_core.package_identification:_identify(src/abb_path_controller) by extension 'colcon_pkg'
[0.335s] Level 1:colcon.colcon_core.package_identification:_identify(src/abb_path_controller) by extensions ['colcon_meta']
[0.335s] Level 1:colcon.colcon_core.package_identification:_identify(src/abb_path_controller) by extension 'colcon_meta'
[0.335s] Level 1:colcon.colcon_core.package_identification:_identify(src/abb_path_controller) by extensions ['ros']
[0.335s] Level 1:colcon.colcon_core.package_identification:_identify(src/abb_path_controller) by extension 'ros'
[0.335s] DEBUG:colcon.colcon_core.package_identification:Package 'src/abb_path_controller' with type 'ros.ament_python' and name 'abb_path_controller'
[0.336s] Level 1:colcon.colcon_core.package_identification:_identify(src/abb_path_generator) by extensions ['ignore', 'ignore_ament_install']
[0.336s] Level 1:colcon.colcon_core.package_identification:_identify(src/abb_path_generator) by extension 'ignore'
[0.336s] Level 1:colcon.colcon_core.package_identification:_identify(src/abb_path_generator) by extension 'ignore_ament_install'
[0.336s] Level 1:colcon.colcon_core.package_identification:_identify(src/abb_path_generator) by extensions ['colcon_pkg']
[0.336s] Level 1:colcon.colcon_core.package_identification:_identify(src/abb_path_generator) by extension 'colcon_pkg'
[0.336s] Level 1:colcon.colcon_core.package_identification:_identify(src/abb_path_generator) by extensions ['colcon_meta']
[0.336s] Level 1:colcon.colcon_core.package_identification:_identify(src/abb_path_generator) by extension 'colcon_meta'
[0.336s] Level 1:colcon.colcon_core.package_identification:_identify(src/abb_path_generator) by extensions ['ros']
[0.336s] Level 1:colcon.colcon_core.package_identification:_identify(src/abb_path_generator) by extension 'ros'
[0.337s] DEBUG:colcon.colcon_core.package_identification:Package 'src/abb_path_generator' with type 'ros.ament_python' and name 'abb_path_generator'
[0.337s] Level 1:colcon.colcon_core.package_identification:_identify(src/abb_tf_generator) by extensions ['ignore', 'ignore_ament_install']
[0.337s] Level 1:colcon.colcon_core.package_identification:_identify(src/abb_tf_generator) by extension 'ignore'
[0.337s] Level 1:colcon.colcon_core.package_identification:_identify(src/abb_tf_generator) by extension 'ignore_ament_install'
[0.337s] Level 1:colcon.colcon_core.package_identification:_identify(src/abb_tf_generator) by extensions ['colcon_pkg']
[0.337s] Level 1:colcon.colcon_core.package_identification:_identify(src/abb_tf_generator) by extension 'colcon_pkg'
[0.337s] Level 1:colcon.colcon_core.package_identification:_identify(src/abb_tf_generator) by extensions ['colcon_meta']
[0.337s] Level 1:colcon.colcon_core.package_identification:_identify(src/abb_tf_generator) by extension 'colcon_meta'
[0.338s] Level 1:colcon.colcon_core.package_identification:_identify(src/abb_tf_generator) by extensions ['ros']
[0.338s] Level 1:colcon.colcon_core.package_identification:_identify(src/abb_tf_generator) by extension 'ros'
[0.338s] DEBUG:colcon.colcon_core.package_identification:Package 'src/abb_tf_generator' with type 'ros.ament_python' and name 'abb_tf_generator'
[0.338s] Level 1:colcon.colcon_core.package_discovery:discover_packages(recursive) using defaults
[0.338s] Level 1:colcon.colcon_core.package_discovery:discover_packages(ignore) discover
[0.338s] Level 1:colcon.colcon_core.package_discovery:discover_packages(ignore) using defaults
[0.338s] Level 1:colcon.colcon_core.package_discovery:discover_packages(path) discover
[0.338s] Level 1:colcon.colcon_core.package_discovery:discover_packages(path) using defaults
[0.361s] Level 5:colcon.colcon_core.verb:set package 'abb_controllers' build argument 'cmake_args' from command line to 'None'
[0.361s] Level 5:colcon.colcon_core.verb:set package 'abb_controllers' build argument 'cmake_target' from command line to 'None'
[0.361s] Level 5:colcon.colcon_core.verb:set package 'abb_controllers' build argument 'cmake_target_skip_unavailable' from command line to 'False'
[0.361s] Level 5:colcon.colcon_core.verb:set package 'abb_controllers' build argument 'cmake_clean_cache' from command line to 'False'
[0.361s] Level 5:colcon.colcon_core.verb:set package 'abb_controllers' build argument 'cmake_clean_first' from command line to 'False'
[0.361s] Level 5:colcon.colcon_core.verb:set package 'abb_controllers' build argument 'cmake_force_configure' from command line to 'False'
[0.361s] Level 5:colcon.colcon_core.verb:set package 'abb_controllers' build argument 'ament_cmake_args' from command line to 'None'
[0.361s] Level 5:colcon.colcon_core.verb:set package 'abb_controllers' build argument 'catkin_cmake_args' from command line to 'None'
[0.361s] Level 5:colcon.colcon_core.verb:set package 'abb_controllers' build argument 'catkin_skip_building_tests' from command line to 'False'
[0.362s] DEBUG:colcon.colcon_core.verb:Building package 'abb_controllers' with the following arguments: {'ament_cmake_args': None, 'build_base': '/abb_ws/build/abb_controllers', 'catkin_cmake_args': None, 'catkin_skip_building_tests': False, 'cmake_args': None, 'cmake_clean_cache': False, 'cmake_clean_first': False, 'cmake_force_configure': False, 'cmake_target': None, 'cmake_target_skip_unavailable': False, 'install_base': '/abb_ws/install/abb_controllers', 'merge_install': False, 'path': '/abb_ws/src/abb_controllers', 'symlink_install': False, 'test_result_base': None}
[0.363s] Level 5:colcon.colcon_core.verb:set package 'abb_gz_bringup' build argument 'cmake_args' from command line to 'None'
[0.363s] Level 5:colcon.colcon_core.verb:set package 'abb_gz_bringup' build argument 'cmake_target' from command line to 'None'
[0.363s] Level 5:colcon.colcon_core.verb:set package 'abb_gz_bringup' build argument 'cmake_target_skip_unavailable' from command line to 'False'
[0.363s] Level 5:colcon.colcon_core.verb:set package 'abb_gz_bringup' build argument 'cmake_clean_cache' from command line to 'False'
[0.363s] Level 5:colcon.colcon_core.verb:set package 'abb_gz_bringup' build argument 'cmake_clean_first' from command line to 'False'
[0.364s] Level 5:colcon.colcon_core.verb:set package 'abb_gz_bringup' build argument 'cmake_force_configure' from command line to 'False'
[0.364s] Level 5:colcon.colcon_core.verb:set package 'abb_gz_bringup' build argument 'ament_cmake_args' from command line to 'None'
[0.364s] Level 5:colcon.colcon_core.verb:set package 'abb_gz_bringup' build argument 'catkin_cmake_args' from command line to 'None'
[0.364s] Level 5:colcon.colcon_core.verb:set package 'abb_gz_bringup' build argument 'catkin_skip_building_tests' from command line to 'False'
[0.364s] DEBUG:colcon.colcon_core.verb:Building package 'abb_gz_bringup' with the following arguments: {'ament_cmake_args': None, 'build_base': '/abb_ws/build/abb_gz_bringup', 'catkin_cmake_args': None, 'catkin_skip_building_tests': False, 'cmake_args': None, 'cmake_clean_cache': False, 'cmake_clean_first': False, 'cmake_force_configure': False, 'cmake_target': None, 'cmake_target_skip_unavailable': False, 'install_base': '/abb_ws/install/abb_gz_bringup', 'merge_install': False, 'path': '/abb_ws/src/abb_gz_bringup', 'symlink_install': False, 'test_result_base': None}
[0.364s] Level 5:colcon.colcon_core.verb:set package 'abb_gz_description' build argument 'cmake_args' from command line to 'None'
[0.364s] Level 5:colcon.colcon_core.verb:set package 'abb_gz_description' build argument 'cmake_target' from command line to 'None'
[0.364s] Level 5:colcon.colcon_core.verb:set package 'abb_gz_description' build argument 'cmake_target_skip_unavailable' from command line to 'False'
[0.364s] Level 5:colcon.colcon_core.verb:set package 'abb_gz_description' build argument 'cmake_clean_cache' from command line to 'False'
[0.364s] Level 5:colcon.colcon_core.verb:set package 'abb_gz_description' build argument 'cmake_clean_first' from command line to 'False'
[0.364s] Level 5:colcon.colcon_core.verb:set package 'abb_gz_description' build argument 'cmake_force_configure' from command line to 'False'
[0.365s] Level 5:colcon.colcon_core.verb:set package 'abb_gz_description' build argument 'ament_cmake_args' from command line to 'None'
[0.365s] Level 5:colcon.colcon_core.verb:set package 'abb_gz_description' build argument 'catkin_cmake_args' from command line to 'None'
[0.365s] Level 5:colcon.colcon_core.verb:set package 'abb_gz_description' build argument 'catkin_skip_building_tests' from command line to 'False'
[0.365s] DEBUG:colcon.colcon_core.verb:Building package 'abb_gz_description' with the following arguments: {'ament_cmake_args': None, 'build_base': '/abb_ws/build/abb_gz_description', 'catkin_cmake_args': None, 'catkin_skip_building_tests': False, 'cmake_args': None, 'cmake_clean_cache': False, 'cmake_clean_first': False, 'cmake_force_configure': False, 'cmake_target': None, 'cmake_target_skip_unavailable': False, 'install_base': '/abb_ws/install/abb_gz_description', 'merge_install': False, 'path': '/abb_ws/src/abb_gz_description', 'symlink_install': False, 'test_result_base': None}
[0.365s] Level 5:colcon.colcon_core.verb:set package 'abb_gz_hardware' build argument 'cmake_args' from command line to 'None'
[0.365s] Level 5:colcon.colcon_core.verb:set package 'abb_gz_hardware' build argument 'cmake_target' from command line to 'None'
[0.365s] Level 5:colcon.colcon_core.verb:set package 'abb_gz_hardware' build argument 'cmake_target_skip_unavailable' from command line to 'False'
[0.365s] Level 5:colcon.colcon_core.verb:set package 'abb_gz_hardware' build argument 'cmake_clean_cache' from command line to 'False'
[0.365s] Level 5:colcon.colcon_core.verb:set package 'abb_gz_hardware' build argument 'cmake_clean_first' from command line to 'False'
[0.366s] Level 5:colcon.colcon_core.verb:set package 'abb_gz_hardware' build argument 'cmake_force_configure' from command line to 'False'
[0.366s] Level 5:colcon.colcon_core.verb:set package 'abb_gz_hardware' build argument 'ament_cmake_args' from command line to 'None'
[0.366s] Level 5:colcon.colcon_core.verb:set package 'abb_gz_hardware' build argument 'catkin_cmake_args' from command line to 'None'
[0.366s] Level 5:colcon.colcon_core.verb:set package 'abb_gz_hardware' build argument 'catkin_skip_building_tests' from command line to 'False'
[0.366s] DEBUG:colcon.colcon_core.verb:Building package 'abb_gz_hardware' with the following arguments: {'ament_cmake_args': None, 'build_base': '/abb_ws/build/abb_gz_hardware', 'catkin_cmake_args': None, 'catkin_skip_building_tests': False, 'cmake_args': None, 'cmake_clean_cache': False, 'cmake_clean_first': False, 'cmake_force_configure': False, 'cmake_target': None, 'cmake_target_skip_unavailable': False, 'install_base': '/abb_ws/install/abb_gz_hardware', 'merge_install': False, 'path': '/abb_ws/src/abb_gz_hardware', 'symlink_install': False, 'test_result_base': None}
[0.366s] Level 5:colcon.colcon_core.verb:set package 'abb_ik_solver' build argument 'cmake_args' from command line to 'None'
[0.367s] Level 5:colcon.colcon_core.verb:set package 'abb_ik_solver' build argument 'cmake_target' from command line to 'None'
[0.367s] Level 5:colcon.colcon_core.verb:set package 'abb_ik_solver' build argument 'cmake_target_skip_unavailable' from command line to 'False'
[0.367s] Level 5:colcon.colcon_core.verb:set package 'abb_ik_solver' build argument 'cmake_clean_cache' from command line to 'False'
[0.367s] Level 5:colcon.colcon_core.verb:set package 'abb_ik_solver' build argument 'cmake_clean_first' from command line to 'False'
[0.367s] Level 5:colcon.colcon_core.verb:set package 'abb_ik_solver' build argument 'cmake_force_configure' from command line to 'False'
[0.367s] Level 5:colcon.colcon_core.verb:set package 'abb_ik_solver' build argument 'ament_cmake_args' from command line to 'None'
[0.367s] Level 5:colcon.colcon_core.verb:set package 'abb_ik_solver' build argument 'catkin_cmake_args' from command line to 'None'
[0.367s] Level 5:colcon.colcon_core.verb:set package 'abb_ik_solver' build argument 'catkin_skip_building_tests' from command line to 'False'
[0.367s] DEBUG:colcon.colcon_core.verb:Building package 'abb_ik_solver' with the following arguments: {'ament_cmake_args': None, 'build_base': '/abb_ws/build/abb_ik_solver', 'catkin_cmake_args': None, 'catkin_skip_building_tests': False, 'cmake_args': None, 'cmake_clean_cache': False, 'cmake_clean_first': False, 'cmake_force_configure': False, 'cmake_target': None, 'cmake_target_skip_unavailable': False, 'install_base': '/abb_ws/install/abb_ik_solver', 'merge_install': False, 'path': '/abb_ws/src/abb_ik_solver', 'symlink_install': False, 'test_result_base': None}
[0.367s] Level 5:colcon.colcon_core.verb:set package 'abb_mujoco_bringup' build argument 'cmake_args' from command line to 'None'
[0.368s] Level 5:colcon.colcon_core.verb:set package 'abb_mujoco_bringup' build argument 'cmake_target' from command line to 'None'
[0.368s] Level 5:colcon.colcon_core.verb:set package 'abb_mujoco_bringup' build argument 'cmake_target_skip_unavailable' from command line to 'False'
[0.368s] Level 5:colcon.colcon_core.verb:set package 'abb_mujoco_bringup' build argument 'cmake_clean_cache' from command line to 'False'
[0.368s] Level 5:colcon.colcon_core.verb:set package 'abb_mujoco_bringup' build argument 'cmake_clean_first' from command line to 'False'
[0.368s] Level 5:colcon.colcon_core.verb:set package 'abb_mujoco_bringup' build argument 'cmake_force_configure' from command line to 'False'
[0.368s] Level 5:colcon.colcon_core.verb:set package 'abb_mujoco_bringup' build argument 'ament_cmake_args' from command line to 'None'
[0.368s] Level 5:colcon.colcon_core.verb:set package 'abb_mujoco_bringup' build argument 'catkin_cmake_args' from command line to 'None'
[0.368s] Level 5:colcon.colcon_core.verb:set package 'abb_mujoco_bringup' build argument 'catkin_skip_building_tests' from command line to 'False'
[0.368s] DEBUG:colcon.colcon_core.verb:Building package 'abb_mujoco_bringup' with the following arguments: {'ament_cmake_args': None, 'build_base': '/abb_ws/build/abb_mujoco_bringup', 'catkin_cmake_args': None, 'catkin_skip_building_tests': False, 'cmake_args': None, 'cmake_clean_cache': False, 'cmake_clean_first': False, 'cmake_force_configure': False, 'cmake_target': None, 'cmake_target_skip_unavailable': False, 'install_base': '/abb_ws/install/abb_mujoco_bringup', 'merge_install': False, 'path': '/abb_ws/src/abb_mujoco_bringup', 'symlink_install': False, 'test_result_base': None}
[0.368s] Level 5:colcon.colcon_core.verb:set package 'abb_mujoco_description' build argument 'cmake_args' from command line to 'None'
[0.369s] Level 5:colcon.colcon_core.verb:set package 'abb_mujoco_description' build argument 'cmake_target' from command line to 'None'
[0.369s] Level 5:colcon.colcon_core.verb:set package 'abb_mujoco_description' build argument 'cmake_target_skip_unavailable' from command line to 'False'
[0.369s] Level 5:colcon.colcon_core.verb:set package 'abb_mujoco_description' build argument 'cmake_clean_cache' from command line to 'False'
[0.369s] Level 5:colcon.colcon_core.verb:set package 'abb_mujoco_description' build argument 'cmake_clean_first' from command line to 'False'
[0.369s] Level 5:colcon.colcon_core.verb:set package 'abb_mujoco_description' build argument 'cmake_force_configure' from command line to 'False'
[0.369s] Level 5:colcon.colcon_core.verb:set package 'abb_mujoco_description' build argument 'ament_cmake_args' from command line to 'None'
[0.369s] Level 5:colcon.colcon_core.verb:set package 'abb_mujoco_description' build argument 'catkin_cmake_args' from command line to 'None'
[0.369s] Level 5:colcon.colcon_core.verb:set package 'abb_mujoco_description' build argument 'catkin_skip_building_tests' from command line to 'False'
[0.369s] DEBUG:colcon.colcon_core.verb:Building package 'abb_mujoco_description' with the following arguments: {'ament_cmake_args': None, 'build_base': '/abb_ws/build/abb_mujoco_description', 'catkin_cmake_args': None, 'catkin_skip_building_tests': False, 'cmake_args': None, 'cmake_clean_cache': False, 'cmake_clean_first': False, 'cmake_force_configure': False, 'cmake_target': None, 'cmake_target_skip_unavailable': False, 'install_base': '/abb_ws/install/abb_mujoco_description', 'merge_install': False, 'path': '/abb_ws/src/abb_mujoco_description', 'symlink_install': False, 'test_result_base': None}
[0.369s] Level 5:colcon.colcon_core.verb:set package 'abb_mujoco_python' build argument 'cmake_args' from command line to 'None'
[0.369s] Level 5:colcon.colcon_core.verb:set package 'abb_mujoco_python' build argument 'cmake_target' from command line to 'None'
[0.370s] Level 5:colcon.colcon_core.verb:set package 'abb_mujoco_python' build argument 'cmake_target_skip_unavailable' from command line to 'False'
[0.370s] Level 5:colcon.colcon_core.verb:set package 'abb_mujoco_python' build argument 'cmake_clean_cache' from command line to 'False'
[0.370s] Level 5:colcon.colcon_core.verb:set package 'abb_mujoco_python' build argument 'cmake_clean_first' from command line to 'False'
[0.370s] Level 5:colcon.colcon_core.verb:set package 'abb_mujoco_python' build argument 'cmake_force_configure' from command line to 'False'
[0.370s] Level 5:colcon.colcon_core.verb:set package 'abb_mujoco_python' build argument 'ament_cmake_args' from command line to 'None'
[0.370s] Level 5:colcon.colcon_core.verb:set package 'abb_mujoco_python' build argument 'catkin_cmake_args' from command line to 'None'
[0.370s] Level 5:colcon.colcon_core.verb:set package 'abb_mujoco_python' build argument 'catkin_skip_building_tests' from command line to 'False'
[0.370s] DEBUG:colcon.colcon_core.verb:Building package 'abb_mujoco_python' with the following arguments: {'ament_cmake_args': None, 'build_base': '/abb_ws/build/abb_mujoco_python', 'catkin_cmake_args': None, 'catkin_skip_building_tests': False, 'cmake_args': None, 'cmake_clean_cache': False, 'cmake_clean_first': False, 'cmake_force_configure': False, 'cmake_target': None, 'cmake_target_skip_unavailable': False, 'install_base': '/abb_ws/install/abb_mujoco_python', 'merge_install': False, 'path': '/abb_ws/src/abb_mujoco_python', 'symlink_install': False, 'test_result_base': None}
[0.371s] Level 5:colcon.colcon_core.verb:set package 'abb_mujoco_sim' build argument 'cmake_args' from command line to 'None'
[0.371s] Level 5:colcon.colcon_core.verb:set package 'abb_mujoco_sim' build argument 'cmake_target' from command line to 'None'
[0.371s] Level 5:colcon.colcon_core.verb:set package 'abb_mujoco_sim' build argument 'cmake_target_skip_unavailable' from command line to 'False'
[0.371s] Level 5:colcon.colcon_core.verb:set package 'abb_mujoco_sim' build argument 'cmake_clean_cache' from command line to 'False'
[0.371s] Level 5:colcon.colcon_core.verb:set package 'abb_mujoco_sim' build argument 'cmake_clean_first' from command line to 'False'
[0.371s] Level 5:colcon.colcon_core.verb:set package 'abb_mujoco_sim' build argument 'cmake_force_configure' from command line to 'False'
[0.371s] Level 5:colcon.colcon_core.verb:set package 'abb_mujoco_sim' build argument 'ament_cmake_args' from command line to 'None'
[0.371s] Level 5:colcon.colcon_core.verb:set package 'abb_mujoco_sim' build argument 'catkin_cmake_args' from command line to 'None'
[0.371s] Level 5:colcon.colcon_core.verb:set package 'abb_mujoco_sim' build argument 'catkin_skip_building_tests' from command line to 'False'
[0.371s] DEBUG:colcon.colcon_core.verb:Building package 'abb_mujoco_sim' with the following arguments: {'ament_cmake_args': None, 'build_base': '/abb_ws/build/abb_mujoco_sim', 'catkin_cmake_args': None, 'catkin_skip_building_tests': False, 'cmake_args': None, 'cmake_clean_cache': False, 'cmake_clean_first': False, 'cmake_force_configure': False, 'cmake_target': None, 'cmake_target_skip_unavailable': False, 'install_base': '/abb_ws/install/abb_mujoco_sim', 'merge_install': False, 'path': '/abb_ws/src/abb_mujoco_sim', 'symlink_install': False, 'test_result_base': None}
[0.372s] Level 5:colcon.colcon_core.verb:set package 'abb_path_controller' build argument 'cmake_args' from command line to 'None'
[0.372s] Level 5:colcon.colcon_core.verb:set package 'abb_path_controller' build argument 'cmake_target' from command line to 'None'
[0.372s] Level 5:colcon.colcon_core.verb:set package 'abb_path_controller' build argument 'cmake_target_skip_unavailable' from command line to 'False'
[0.372s] Level 5:colcon.colcon_core.verb:set package 'abb_path_controller' build argument 'cmake_clean_cache' from command line to 'False'
[0.372s] Level 5:colcon.colcon_core.verb:set package 'abb_path_controller' build argument 'cmake_clean_first' from command line to 'False'
[0.372s] Level 5:colcon.colcon_core.verb:set package 'abb_path_controller' build argument 'cmake_force_configure' from command line to 'False'
[0.372s] Level 5:colcon.colcon_core.verb:set package 'abb_path_controller' build argument 'ament_cmake_args' from command line to 'None'
[0.372s] Level 5:colcon.colcon_core.verb:set package 'abb_path_controller' build argument 'catkin_cmake_args' from command line to 'None'
[0.372s] Level 5:colcon.colcon_core.verb:set package 'abb_path_controller' build argument 'catkin_skip_building_tests' from command line to 'False'
[0.372s] DEBUG:colcon.colcon_core.verb:Building package 'abb_path_controller' with the following arguments: {'ament_cmake_args': None, 'build_base': '/abb_ws/build/abb_path_controller', 'catkin_cmake_args': None, 'catkin_skip_building_tests': False, 'cmake_args': None, 'cmake_clean_cache': False, 'cmake_clean_first': False, 'cmake_force_configure': False, 'cmake_target': None, 'cmake_target_skip_unavailable': False, 'install_base': '/abb_ws/install/abb_path_controller', 'merge_install': False, 'path': '/abb_ws/src/abb_path_controller', 'symlink_install': False, 'test_result_base': None}
[0.373s] Level 5:colcon.colcon_core.verb:set package 'abb_path_generator' build argument 'cmake_args' from command line to 'None'
[0.373s] Level 5:colcon.colcon_core.verb:set package 'abb_path_generator' build argument 'cmake_target' from command line to 'None'
[0.373s] Level 5:colcon.colcon_core.verb:set package 'abb_path_generator' build argument 'cmake_target_skip_unavailable' from command line to 'False'
[0.373s] Level 5:colcon.colcon_core.verb:set package 'abb_path_generator' build argument 'cmake_clean_cache' from command line to 'False'
[0.373s] Level 5:colcon.colcon_core.verb:set package 'abb_path_generator' build argument 'cmake_clean_first' from command line to 'False'
[0.373s] Level 5:colcon.colcon_core.verb:set package 'abb_path_generator' build argument 'cmake_force_configure' from command line to 'False'
[0.373s] Level 5:colcon.colcon_core.verb:set package 'abb_path_generator' build argument 'ament_cmake_args' from command line to 'None'
[0.373s] Level 5:colcon.colcon_core.verb:set package 'abb_path_generator' build argument 'catkin_cmake_args' from command line to 'None'
[0.373s] Level 5:colcon.colcon_core.verb:set package 'abb_path_generator' build argument 'catkin_skip_building_tests' from command line to 'False'
[0.373s] DEBUG:colcon.colcon_core.verb:Building package 'abb_path_generator' with the following arguments: {'ament_cmake_args': None, 'build_base': '/abb_ws/build/abb_path_generator', 'catkin_cmake_args': None, 'catkin_skip_building_tests': False, 'cmake_args': None, 'cmake_clean_cache': False, 'cmake_clean_first': False, 'cmake_force_configure': False, 'cmake_target': None, 'cmake_target_skip_unavailable': False, 'install_base': '/abb_ws/install/abb_path_generator', 'merge_install': False, 'path': '/abb_ws/src/abb_path_generator', 'symlink_install': False, 'test_result_base': None}
[0.374s] Level 5:colcon.colcon_core.verb:set package 'abb_tf_generator' build argument 'cmake_args' from command line to 'None'
[0.374s] Level 5:colcon.colcon_core.verb:set package 'abb_tf_generator' build argument 'cmake_target' from command line to 'None'
[0.374s] Level 5:colcon.colcon_core.verb:set package 'abb_tf_generator' build argument 'cmake_target_skip_unavailable' from command line to 'False'
[0.374s] Level 5:colcon.colcon_core.verb:set package 'abb_tf_generator' build argument 'cmake_clean_cache' from command line to 'False'
[0.374s] Level 5:colcon.colcon_core.verb:set package 'abb_tf_generator' build argument 'cmake_clean_first' from command line to 'False'
[0.374s] Level 5:colcon.colcon_core.verb:set package 'abb_tf_generator' build argument 'cmake_force_configure' from command line to 'False'
[0.374s] Level 5:colcon.colcon_core.verb:set package 'abb_tf_generator' build argument 'ament_cmake_args' from command line to 'None'
[0.374s] Level 5:colcon.colcon_core.verb:set package 'abb_tf_generator' build argument 'catkin_cmake_args' from command line to 'None'
[0.374s] Level 5:colcon.colcon_core.verb:set package 'abb_tf_generator' build argument 'catkin_skip_building_tests' from command line to 'False'
[0.374s] DEBUG:colcon.colcon_core.verb:Building package 'abb_tf_generator' with the following arguments: {'ament_cmake_args': None, 'build_base': '/abb_ws/build/abb_tf_generator', 'catkin_cmake_args': None, 'catkin_skip_building_tests': False, 'cmake_args': None, 'cmake_clean_cache': False, 'cmake_clean_first': False, 'cmake_force_configure': False, 'cmake_target': None, 'cmake_target_skip_unavailable': False, 'install_base': '/abb_ws/install/abb_tf_generator', 'merge_install': False, 'path': '/abb_ws/src/abb_tf_generator', 'symlink_install': False, 'test_result_base': None}
[0.374s] INFO:colcon.colcon_core.executor:Executing jobs using 'parallel' executor
[0.376s] DEBUG:colcon.colcon_parallel_executor.executor.parallel:run_until_complete
[0.377s] INFO:colcon.colcon_ros.task.ament_cmake.build:Building ROS package in '/abb_ws/src/abb_controllers' with build type 'ament_cmake'
[0.385s] INFO:colcon.colcon_cmake.task.cmake.build:Building CMake package in '/abb_ws/src/abb_controllers'
[0.388s] INFO:colcon.colcon_core.plugin_system:Skipping extension 'colcon_core.shell.bat': Not used on non-Windows systems
[0.389s] INFO:colcon.colcon_core.shell:Skip shell extension 'powershell' for command environment: Not usable outside of PowerShell
[0.389s] DEBUG:colcon.colcon_core.shell:Skip shell extension 'dsv' for command environment
[0.395s] INFO:colcon.colcon_ros.task.ament_cmake.build:Building ROS package in '/abb_ws/src/abb_gz_bringup' with build type 'ament_cmake'
[0.395s] INFO:colcon.colcon_cmake.task.cmake.build:Building CMake package in '/abb_ws/src/abb_gz_bringup'
[0.396s] INFO:colcon.colcon_core.shell:Skip shell extension 'powershell' for command environment: Not usable outside of PowerShell
[0.396s] DEBUG:colcon.colcon_core.shell:Skip shell extension 'dsv' for command environment
[0.400s] INFO:colcon.colcon_ros.task.ament_cmake.build:Building ROS package in '/abb_ws/src/abb_gz_description' with build type 'ament_cmake'
[0.400s] INFO:colcon.colcon_cmake.task.cmake.build:Building CMake package in '/abb_ws/src/abb_gz_description'
[0.401s] INFO:colcon.colcon_core.shell:Skip shell extension 'powershell' for command environment: Not usable outside of PowerShell
[0.401s] DEBUG:colcon.colcon_core.shell:Skip shell extension 'dsv' for command environment
[0.405s] INFO:colcon.colcon_ros.task.ament_cmake.build:Building ROS package in '/abb_ws/src/abb_gz_hardware' with build type 'ament_cmake'
[0.406s] INFO:colcon.colcon_cmake.task.cmake.build:Building CMake package in '/abb_ws/src/abb_gz_hardware'
[0.406s] INFO:colcon.colcon_core.shell:Skip shell extension 'powershell' for command environment: Not usable outside of PowerShell
[0.406s] DEBUG:colcon.colcon_core.shell:Skip shell extension 'dsv' for command environment
[0.412s] INFO:colcon.colcon_ros.task.ament_python.build:Building ROS package in '/abb_ws/src/abb_ik_solver' with build type 'ament_python'
[0.412s] Level 1:colcon.colcon_core.shell:create_environment_hook('abb_ik_solver', 'ament_prefix_path')
[0.412s] INFO:colcon.colcon_core.shell:Creating environment hook '/abb_ws/install/abb_ik_solver/share/abb_ik_solver/hook/ament_prefix_path.ps1'
[0.413s] INFO:colcon.colcon_core.shell:Creating environment descriptor '/abb_ws/install/abb_ik_solver/share/abb_ik_solver/hook/ament_prefix_path.dsv'
[0.414s] INFO:colcon.colcon_core.shell:Creating environment hook '/abb_ws/install/abb_ik_solver/share/abb_ik_solver/hook/ament_prefix_path.sh'
[0.415s] INFO:colcon.colcon_core.shell:Skip shell extension 'powershell' for command environment: Not usable outside of PowerShell
[0.415s] DEBUG:colcon.colcon_core.shell:Skip shell extension 'dsv' for command environment
[0.419s] INFO:colcon.colcon_ros.task.ament_cmake.build:Building ROS package in '/abb_ws/src/abb_mujoco_bringup' with build type 'ament_cmake'
[0.419s] INFO:colcon.colcon_cmake.task.cmake.build:Building CMake package in '/abb_ws/src/abb_mujoco_bringup'
[0.420s] INFO:colcon.colcon_core.shell:Skip shell extension 'powershell' for command environment: Not usable outside of PowerShell
[0.420s] DEBUG:colcon.colcon_core.shell:Skip shell extension 'dsv' for command environment
[0.427s] INFO:colcon.colcon_ros.task.ament_cmake.build:Building ROS package in '/abb_ws/src/abb_mujoco_description' with build type 'ament_cmake'
[0.427s] INFO:colcon.colcon_cmake.task.cmake.build:Building CMake package in '/abb_ws/src/abb_mujoco_description'
[0.427s] INFO:colcon.colcon_core.shell:Skip shell extension 'powershell' for command environment: Not usable outside of PowerShell
[0.427s] DEBUG:colcon.colcon_core.shell:Skip shell extension 'dsv' for command environment
[0.432s] INFO:colcon.colcon_ros.task.ament_python.build:Building ROS package in '/abb_ws/src/abb_mujoco_python' with build type 'ament_python'
[0.432s] Level 1:colcon.colcon_core.shell:create_environment_hook('abb_mujoco_python', 'ament_prefix_path')
[0.433s] INFO:colcon.colcon_core.shell:Creating environment hook '/abb_ws/install/abb_mujoco_python/share/abb_mujoco_python/hook/ament_prefix_path.ps1'
[0.433s] INFO:colcon.colcon_core.shell:Creating environment descriptor '/abb_ws/install/abb_mujoco_python/share/abb_mujoco_python/hook/ament_prefix_path.dsv'
[0.434s] INFO:colcon.colcon_core.shell:Creating environment hook '/abb_ws/install/abb_mujoco_python/share/abb_mujoco_python/hook/ament_prefix_path.sh'
[0.435s] INFO:colcon.colcon_core.shell:Skip shell extension 'powershell' for command environment: Not usable outside of PowerShell
[0.435s] DEBUG:colcon.colcon_core.shell:Skip shell extension 'dsv' for command environment
[0.440s] INFO:colcon.colcon_ros.task.ament_cmake.build:Building ROS package in '/abb_ws/src/abb_mujoco_sim' with build type 'ament_cmake'
[0.441s] INFO:colcon.colcon_cmake.task.cmake.build:Building CMake package in '/abb_ws/src/abb_mujoco_sim'
[0.441s] INFO:colcon.colcon_core.shell:Skip shell extension 'powershell' for command environment: Not usable outside of PowerShell
[0.441s] DEBUG:colcon.colcon_core.shell:Skip shell extension 'dsv' for command environment
[0.447s] INFO:colcon.colcon_ros.task.ament_python.build:Building ROS package in '/abb_ws/src/abb_path_controller' with build type 'ament_python'
[0.447s] Level 1:colcon.colcon_core.shell:create_environment_hook('abb_path_controller', 'ament_prefix_path')
[0.448s] INFO:colcon.colcon_core.shell:Creating environment hook '/abb_ws/install/abb_path_controller/share/abb_path_controller/hook/ament_prefix_path.ps1'
[0.449s] INFO:colcon.colcon_core.shell:Creating environment descriptor '/abb_ws/install/abb_path_controller/share/abb_path_controller/hook/ament_prefix_path.dsv'
[0.450s] INFO:colcon.colcon_core.shell:Creating environment hook '/abb_ws/install/abb_path_controller/share/abb_path_controller/hook/ament_prefix_path.sh'
[0.451s] INFO:colcon.colcon_core.shell:Skip shell extension 'powershell' for command environment: Not usable outside of PowerShell
[0.451s] DEBUG:colcon.colcon_core.shell:Skip shell extension 'dsv' for command environment
[0.456s] INFO:colcon.colcon_ros.task.ament_python.build:Building ROS package in '/abb_ws/src/abb_path_generator' with build type 'ament_python'
[0.457s] Level 1:colcon.colcon_core.shell:create_environment_hook('abb_path_generator', 'ament_prefix_path')
[0.457s] INFO:colcon.colcon_core.shell:Creating environment hook '/abb_ws/install/abb_path_generator/share/abb_path_generator/hook/ament_prefix_path.ps1'
[0.458s] INFO:colcon.colcon_core.shell:Creating environment descriptor '/abb_ws/install/abb_path_generator/share/abb_path_generator/hook/ament_prefix_path.dsv'
[0.458s] INFO:colcon.colcon_core.shell:Creating environment hook '/abb_ws/install/abb_path_generator/share/abb_path_generator/hook/ament_prefix_path.sh'
[0.459s] INFO:colcon.colcon_core.shell:Skip shell extension 'powershell' for command environment: Not usable outside of PowerShell
[0.460s] DEBUG:colcon.colcon_core.shell:Skip shell extension 'dsv' for command environment
[0.464s] INFO:colcon.colcon_ros.task.ament_python.build:Building ROS package in '/abb_ws/src/abb_tf_generator' with build type 'ament_python'
[0.464s] Level 1:colcon.colcon_core.shell:create_environment_hook('abb_tf_generator', 'ament_prefix_path')
[0.465s] INFO:colcon.colcon_core.shell:Creating environment hook '/abb_ws/install/abb_tf_generator/share/abb_tf_generator/hook/ament_prefix_path.ps1'
[0.465s] INFO:colcon.colcon_core.shell:Creating environment descriptor '/abb_ws/install/abb_tf_generator/share/abb_tf_generator/hook/ament_prefix_path.dsv'
[0.466s] INFO:colcon.colcon_core.shell:Creating environment hook '/abb_ws/install/abb_tf_generator/share/abb_tf_generator/hook/ament_prefix_path.sh'
[0.467s] INFO:colcon.colcon_core.shell:Skip shell extension 'powershell' for command environment: Not usable outside of PowerShell
[0.467s] DEBUG:colcon.colcon_core.shell:Skip shell extension 'dsv' for command environment
[0.480s] DEBUG:colcon.colcon_core.event_handler.log_command:Invoking command in '/abb_ws/build/abb_controllers': CMAKE_PREFIX_PATH=${CMAKE_PREFIX_PATH}:/abb_ws/install/abb_tf_generator:/abb_ws/install/abb_path_generator:/abb_ws/install/abb_path_controller:/abb_ws/install/abb_mujoco_python:/abb_ws/install/abb_ik_solver:/opt/ros/humble /usr/bin/cmake --build /abb_ws/build/abb_controllers -- -j12 -l12
[0.485s] DEBUG:colcon.colcon_core.event_handler.log_command:Invoking command in '/abb_ws/build/abb_gz_bringup': CMAKE_PREFIX_PATH=${CMAKE_PREFIX_PATH}:/abb_ws/install/abb_tf_generator:/abb_ws/install/abb_path_generator:/abb_ws/install/abb_path_controller:/abb_ws/install/abb_mujoco_python:/abb_ws/install/abb_ik_solver:/opt/ros/humble /usr/bin/cmake --build /abb_ws/build/abb_gz_bringup -- -j12 -l12
[0.488s] DEBUG:colcon.colcon_core.event_handler.log_command:Invoking command in '/abb_ws/build/abb_gz_description': CMAKE_PREFIX_PATH=${CMAKE_PREFIX_PATH}:/abb_ws/install/abb_tf_generator:/abb_ws/install/abb_path_generator:/abb_ws/install/abb_path_controller:/abb_ws/install/abb_mujoco_python:/abb_ws/install/abb_ik_solver:/opt/ros/humble /usr/bin/cmake --build /abb_ws/build/abb_gz_description -- -j12 -l12
[0.491s] DEBUG:colcon.colcon_core.event_handler.log_command:Invoking command in '/abb_ws/build/abb_gz_hardware': CMAKE_PREFIX_PATH=${CMAKE_PREFIX_PATH}:/abb_ws/install/abb_tf_generator:/abb_ws/install/abb_path_generator:/abb_ws/install/abb_path_controller:/abb_ws/install/abb_mujoco_python:/abb_ws/install/abb_ik_solver:/opt/ros/humble /usr/bin/cmake --build /abb_ws/build/abb_gz_hardware -- -j12 -l12
[0.848s] INFO:colcon.colcon_core.task.python.build:Building Python package in '/abb_ws/src/abb_ik_solver'
[0.848s] INFO:colcon.colcon_core.shell:Skip shell extension 'powershell' for command environment: Not usable outside of PowerShell
[0.848s] DEBUG:colcon.colcon_core.shell:Skip shell extension 'dsv' for command environment
[0.857s] DEBUG:colcon.colcon_core.event_handler.log_command:Invoking command in '/abb_ws/build/abb_mujoco_bringup': CMAKE_PREFIX_PATH=${CMAKE_PREFIX_PATH}:/abb_ws/install/abb_tf_generator:/abb_ws/install/abb_path_generator:/abb_ws/install/abb_path_controller:/abb_ws/install/abb_mujoco_python:/abb_ws/install/abb_ik_solver:/opt/ros/humble /usr/bin/cmake --build /abb_ws/build/abb_mujoco_bringup -- -j12 -l12
[0.860s] DEBUG:colcon.colcon_core.event_handler.log_command:Invoking command in '/abb_ws/build/abb_mujoco_description': CMAKE_PREFIX_PATH=${CMAKE_PREFIX_PATH}:/abb_ws/install/abb_tf_generator:/abb_ws/install/abb_path_generator:/abb_ws/install/abb_path_controller:/abb_ws/install/abb_mujoco_python:/abb_ws/install/abb_ik_solver:/opt/ros/humble /usr/bin/cmake --build /abb_ws/build/abb_mujoco_description -- -j12 -l12
[1.124s] INFO:colcon.colcon_core.task.python.build:Building Python package in '/abb_ws/src/abb_mujoco_python'
[1.125s] INFO:colcon.colcon_core.shell:Skip shell extension 'powershell' for command environment: Not usable outside of PowerShell
[1.125s] DEBUG:colcon.colcon_core.shell:Skip shell extension 'dsv' for command environment
[1.134s] DEBUG:colcon.colcon_core.event_handler.log_command:Invoking command in '/abb_ws/build/abb_mujoco_sim': CMAKE_PREFIX_PATH=${CMAKE_PREFIX_PATH}:/abb_ws/install/abb_tf_generator:/abb_ws/install/abb_path_generator:/abb_ws/install/abb_path_controller:/abb_ws/install/abb_mujoco_python:/abb_ws/install/abb_ik_solver:/opt/ros/humble /usr/bin/cmake --build /abb_ws/build/abb_mujoco_sim -- -j12 -l12
[1.468s] INFO:colcon.colcon_core.task.python.build:Building Python package in '/abb_ws/src/abb_path_controller'
[1.468s] INFO:colcon.colcon_core.shell:Skip shell extension 'powershell' for command environment: Not usable outside of PowerShell
[1.469s] DEBUG:colcon.colcon_core.shell:Skip shell extension 'dsv' for command environment
[1.765s] INFO:colcon.colcon_core.task.python.build:Building Python package in '/abb_ws/src/abb_path_generator'
[1.766s] INFO:colcon.colcon_core.shell:Skip shell extension 'powershell' for command environment: Not usable outside of PowerShell
[1.766s] DEBUG:colcon.colcon_core.shell:Skip shell extension 'dsv' for command environment
[2.068s] INFO:colcon.colcon_core.task.python.build:Building Python package in '/abb_ws/src/abb_tf_generator'
[2.069s] INFO:colcon.colcon_core.shell:Skip shell extension 'powershell' for command environment: Not usable outside of PowerShell
[2.069s] DEBUG:colcon.colcon_core.shell:Skip shell extension 'dsv' for command environment
[2.082s] DEBUG:colcon.colcon_core.event_handler.log_command:Invoked command in '/abb_ws/build/abb_gz_bringup' returned '0': CMAKE_PREFIX_PATH=${CMAKE_PREFIX_PATH}:/abb_ws/install/abb_tf_generator:/abb_ws/install/abb_path_generator:/abb_ws/install/abb_path_controller:/abb_ws/install/abb_mujoco_python:/abb_ws/install/abb_ik_solver:/opt/ros/humble /usr/bin/cmake --build /abb_ws/build/abb_gz_bringup -- -j12 -l12
[2.094s] DEBUG:colcon.colcon_core.event_handler.log_command:Invoking command in '/abb_ws/build/abb_gz_bringup': CMAKE_PREFIX_PATH=${CMAKE_PREFIX_PATH}:/abb_ws/install/abb_tf_generator:/abb_ws/install/abb_path_generator:/abb_ws/install/abb_path_controller:/abb_ws/install/abb_mujoco_python:/abb_ws/install/abb_ik_solver:/opt/ros/humble /usr/bin/cmake --install /abb_ws/build/abb_gz_bringup
[2.095s] DEBUG:colcon.colcon_core.event_handler.log_command:Invoked command in '/abb_ws/build/abb_gz_description' returned '0': CMAKE_PREFIX_PATH=${CMAKE_PREFIX_PATH}:/abb_ws/install/abb_tf_generator:/abb_ws/install/abb_path_generator:/abb_ws/install/abb_path_controller:/abb_ws/install/abb_mujoco_python:/abb_ws/install/abb_ik_solver:/opt/ros/humble /usr/bin/cmake --build /abb_ws/build/abb_gz_description -- -j12 -l12
[2.097s] DEBUG:colcon.colcon_core.event_handler.log_command:Invoking command in '/abb_ws/build/abb_gz_description': CMAKE_PREFIX_PATH=${CMAKE_PREFIX_PATH}:/abb_ws/install/abb_tf_generator:/abb_ws/install/abb_path_generator:/abb_ws/install/abb_path_controller:/abb_ws/install/abb_mujoco_python:/abb_ws/install/abb_ik_solver:/opt/ros/humble /usr/bin/cmake --install /abb_ws/build/abb_gz_description
[2.098s] DEBUG:colcon.colcon_core.event_handler.log_command:Invoked command in '/abb_ws/build/abb_gz_hardware' returned '0': CMAKE_PREFIX_PATH=${CMAKE_PREFIX_PATH}:/abb_ws/install/abb_tf_generator:/abb_ws/install/abb_path_generator:/abb_ws/install/abb_path_controller:/abb_ws/install/abb_mujoco_python:/abb_ws/install/abb_ik_solver:/opt/ros/humble /usr/bin/cmake --build /abb_ws/build/abb_gz_hardware -- -j12 -l12
[2.100s] DEBUG:colcon.colcon_core.event_handler.log_command:Invoking command in '/abb_ws/build/abb_gz_hardware': CMAKE_PREFIX_PATH=${CMAKE_PREFIX_PATH}:/abb_ws/install/abb_tf_generator:/abb_ws/install/abb_path_generator:/abb_ws/install/abb_path_controller:/abb_ws/install/abb_mujoco_python:/abb_ws/install/abb_ik_solver:/opt/ros/humble /usr/bin/cmake --install /abb_ws/build/abb_gz_hardware
[2.101s] DEBUG:colcon.colcon_core.event_handler.log_command:Invoked command in '/abb_ws/build/abb_controllers' returned '0': CMAKE_PREFIX_PATH=${CMAKE_PREFIX_PATH}:/abb_ws/install/abb_tf_generator:/abb_ws/install/abb_path_generator:/abb_ws/install/abb_path_controller:/abb_ws/install/abb_mujoco_python:/abb_ws/install/abb_ik_solver:/opt/ros/humble /usr/bin/cmake --build /abb_ws/build/abb_controllers -- -j12 -l12
[2.102s] DEBUG:colcon.colcon_core.event_handler.log_command:Invoking command in '/abb_ws/build/abb_controllers': CMAKE_PREFIX_PATH=${CMAKE_PREFIX_PATH}:/abb_ws/install/abb_tf_generator:/abb_ws/install/abb_path_generator:/abb_ws/install/abb_path_controller:/abb_ws/install/abb_mujoco_python:/abb_ws/install/abb_ik_solver:/opt/ros/humble /usr/bin/cmake --install /abb_ws/build/abb_controllers
[2.103s] DEBUG:colcon.colcon_core.event_handler.log_command:Invoked command in '/abb_ws/build/abb_mujoco_description' returned '0': CMAKE_PREFIX_PATH=${CMAKE_PREFIX_PATH}:/abb_ws/install/abb_tf_generator:/abb_ws/install/abb_path_generator:/abb_ws/install/abb_path_controller:/abb_ws/install/abb_mujoco_python:/abb_ws/install/abb_ik_solver:/opt/ros/humble /usr/bin/cmake --build /abb_ws/build/abb_mujoco_description -- -j12 -l12
[2.105s] DEBUG:colcon.colcon_core.event_handler.log_command:Invoking command in '/abb_ws/build/abb_mujoco_description': CMAKE_PREFIX_PATH=${CMAKE_PREFIX_PATH}:/abb_ws/install/abb_tf_generator:/abb_ws/install/abb_path_generator:/abb_ws/install/abb_path_controller:/abb_ws/install/abb_mujoco_python:/abb_ws/install/abb_ik_solver:/opt/ros/humble /usr/bin/cmake --install /abb_ws/build/abb_mujoco_description
[2.107s] DEBUG:colcon.colcon_core.event_handler.log_command:Invoked command in '/abb_ws/build/abb_mujoco_bringup' returned '0': CMAKE_PREFIX_PATH=${CMAKE_PREFIX_PATH}:/abb_ws/install/abb_tf_generator:/abb_ws/install/abb_path_generator:/abb_ws/install/abb_path_controller:/abb_ws/install/abb_mujoco_python:/abb_ws/install/abb_ik_solver:/opt/ros/humble /usr/bin/cmake --build /abb_ws/build/abb_mujoco_bringup -- -j12 -l12
[2.109s] DEBUG:colcon.colcon_core.event_handler.log_command:Invoking command in '/abb_ws/build/abb_mujoco_bringup': CMAKE_PREFIX_PATH=${CMAKE_PREFIX_PATH}:/abb_ws/install/abb_tf_generator:/abb_ws/install/abb_path_generator:/abb_ws/install/abb_path_controller:/abb_ws/install/abb_mujoco_python:/abb_ws/install/abb_ik_solver:/opt/ros/humble /usr/bin/cmake --install /abb_ws/build/abb_mujoco_bringup
[2.141s] Level 1:colcon.colcon_core.environment:create_environment_scripts_only(abb_gz_bringup)
[2.158s] Level 1:colcon.colcon_core.environment:checking '/abb_ws/install/abb_gz_bringup' for CMake module files
[2.162s] Level 1:colcon.colcon_core.environment:checking '/abb_ws/install/abb_gz_bringup' for CMake config files
[2.166s] Level 1:colcon.colcon_core.shell:create_environment_hook('abb_gz_bringup', 'cmake_prefix_path')
[2.167s] INFO:colcon.colcon_core.shell:Creating environment hook '/abb_ws/install/abb_gz_bringup/share/abb_gz_bringup/hook/cmake_prefix_path.ps1'
[2.169s] INFO:colcon.colcon_core.shell:Creating environment descriptor '/abb_ws/install/abb_gz_bringup/share/abb_gz_bringup/hook/cmake_prefix_path.dsv'
[2.170s] DEBUG:colcon.colcon_core.event_handler.log_command:Invoked command in '/abb_ws/build/abb_gz_bringup' returned '0': CMAKE_PREFIX_PATH=${CMAKE_PREFIX_PATH}:/abb_ws/install/abb_tf_generator:/abb_ws/install/abb_path_generator:/abb_ws/install/abb_path_controller:/abb_ws/install/abb_mujoco_python:/abb_ws/install/abb_ik_solver:/opt/ros/humble /usr/bin/cmake --install /abb_ws/build/abb_gz_bringup
[2.170s] INFO:colcon.colcon_core.shell:Creating environment hook '/abb_ws/install/abb_gz_bringup/share/abb_gz_bringup/hook/cmake_prefix_path.sh'
[2.171s] Level 1:colcon.colcon_core.environment:checking '/abb_ws/install/abb_gz_bringup/bin'
[2.172s] Level 1:colcon.colcon_core.environment:checking '/abb_ws/install/abb_gz_bringup/lib/pkgconfig/abb_gz_bringup.pc'
[2.172s] Level 1:colcon.colcon_core.environment:checking '/abb_ws/install/abb_gz_bringup/lib/python3.10/site-packages'
[2.173s] Level 1:colcon.colcon_core.environment:checking '/abb_ws/install/abb_gz_bringup/bin'
[2.173s] INFO:colcon.colcon_core.shell:Creating package script '/abb_ws/install/abb_gz_bringup/share/abb_gz_bringup/package.ps1'
[2.175s] INFO:colcon.colcon_core.shell:Creating package descriptor '/abb_ws/install/abb_gz_bringup/share/abb_gz_bringup/package.dsv'
[2.176s] INFO:colcon.colcon_core.shell:Creating package script '/abb_ws/install/abb_gz_bringup/share/abb_gz_bringup/package.sh'
[2.178s] INFO:colcon.colcon_core.shell:Creating package script '/abb_ws/install/abb_gz_bringup/share/abb_gz_bringup/package.bash'
[2.180s] INFO:colcon.colcon_core.shell:Creating package script '/abb_ws/install/abb_gz_bringup/share/abb_gz_bringup/package.zsh'
[2.182s] Level 1:colcon.colcon_core.environment:create_file_with_runtime_dependencies(/abb_ws/install/abb_gz_bringup/share/colcon-core/packages/abb_gz_bringup)
[2.183s] Level 1:colcon.colcon_core.environment:create_environment_scripts_only(abb_gz_bringup)
[2.183s] Level 1:colcon.colcon_core.environment:checking '/abb_ws/install/abb_gz_bringup' for CMake module files
[2.185s] Level 1:colcon.colcon_core.environment:checking '/abb_ws/install/abb_gz_bringup' for CMake config files
[2.185s] Level 1:colcon.colcon_core.shell:create_environment_hook('abb_gz_bringup', 'cmake_prefix_path')
[2.186s] INFO:colcon.colcon_core.shell:Creating environment hook '/abb_ws/install/abb_gz_bringup/share/abb_gz_bringup/hook/cmake_prefix_path.ps1'
[2.187s] INFO:colcon.colcon_core.shell:Creating environment descriptor '/abb_ws/install/abb_gz_bringup/share/abb_gz_bringup/hook/cmake_prefix_path.dsv'
[2.187s] INFO:colcon.colcon_core.shell:Creating environment hook '/abb_ws/install/abb_gz_bringup/share/abb_gz_bringup/hook/cmake_prefix_path.sh'
[2.188s] Level 1:colcon.colcon_core.environment:checking '/abb_ws/install/abb_gz_bringup/bin'
[2.188s] Level 1:colcon.colcon_core.environment:checking '/abb_ws/install/abb_gz_bringup/lib/pkgconfig/abb_gz_bringup.pc'
[2.189s] Level 1:colcon.colcon_core.environment:checking '/abb_ws/install/abb_gz_bringup/lib/python3.10/site-packages'
[2.189s] Level 1:colcon.colcon_core.environment:checking '/abb_ws/install/abb_gz_bringup/bin'
[2.190s] INFO:colcon.colcon_core.shell:Creating package script '/abb_ws/install/abb_gz_bringup/share/abb_gz_bringup/package.ps1'
[2.191s] INFO:colcon.colcon_core.shell:Creating package descriptor '/abb_ws/install/abb_gz_bringup/share/abb_gz_bringup/package.dsv'
[2.192s] INFO:colcon.colcon_core.shell:Creating package script '/abb_ws/install/abb_gz_bringup/share/abb_gz_bringup/package.sh'
[2.193s] INFO:colcon.colcon_core.shell:Creating package script '/abb_ws/install/abb_gz_bringup/share/abb_gz_bringup/package.bash'
[2.194s] INFO:colcon.colcon_core.shell:Creating package script '/abb_ws/install/abb_gz_bringup/share/abb_gz_bringup/package.zsh'
[2.195s] Level 1:colcon.colcon_core.environment:create_file_with_runtime_dependencies(/abb_ws/install/abb_gz_bringup/share/colcon-core/packages/abb_gz_bringup)
[2.197s] Level 1:colcon.colcon_core.environment:create_environment_scripts_only(abb_gz_description)
[2.198s] Level 1:colcon.colcon_core.environment:checking '/abb_ws/install/abb_gz_description' for CMake module files
[2.200s] Level 1:colcon.colcon_core.environment:checking '/abb_ws/install/abb_gz_description' for CMake config files
[2.200s] DEBUG:colcon.colcon_core.event_handler.log_command:Invoked command in '/abb_ws/build/abb_gz_description' returned '0': CMAKE_PREFIX_PATH=${CMAKE_PREFIX_PATH}:/abb_ws/install/abb_tf_generator:/abb_ws/install/abb_path_generator:/abb_ws/install/abb_path_controller:/abb_ws/install/abb_mujoco_python:/abb_ws/install/abb_ik_solver:/opt/ros/humble /usr/bin/cmake --install /abb_ws/build/abb_gz_description
[2.201s] Level 1:colcon.colcon_core.shell:create_environment_hook('abb_gz_description', 'cmake_prefix_path')
[2.201s] INFO:colcon.colcon_core.shell:Creating environment hook '/abb_ws/install/abb_gz_description/share/abb_gz_description/hook/cmake_prefix_path.ps1'
[2.202s] INFO:colcon.colcon_core.shell:Creating environment descriptor '/abb_ws/install/abb_gz_description/share/abb_gz_description/hook/cmake_prefix_path.dsv'
[2.203s] INFO:colcon.colcon_core.shell:Creating environment hook '/abb_ws/install/abb_gz_description/share/abb_gz_description/hook/cmake_prefix_path.sh'
[2.204s] Level 1:colcon.colcon_core.environment:checking '/abb_ws/install/abb_gz_description/bin'
[2.204s] Level 1:colcon.colcon_core.environment:checking '/abb_ws/install/abb_gz_description/lib/pkgconfig/abb_gz_description.pc'
[2.205s] Level 1:colcon.colcon_core.environment:checking '/abb_ws/install/abb_gz_description/lib/python3.10/site-packages'
[2.205s] Level 1:colcon.colcon_core.environment:checking '/abb_ws/install/abb_gz_description/bin'
[2.206s] INFO:colcon.colcon_core.shell:Creating package script '/abb_ws/install/abb_gz_description/share/abb_gz_description/package.ps1'
[2.207s] INFO:colcon.colcon_core.shell:Creating package descriptor '/abb_ws/install/abb_gz_description/share/abb_gz_description/package.dsv'
[2.208s] INFO:colcon.colcon_core.shell:Creating package script '/abb_ws/install/abb_gz_description/share/abb_gz_description/package.sh'
[2.209s] INFO:colcon.colcon_core.shell:Creating package script '/abb_ws/install/abb_gz_description/share/abb_gz_description/package.bash'
[2.210s] INFO:colcon.colcon_core.shell:Creating package script '/abb_ws/install/abb_gz_description/share/abb_gz_description/package.zsh'
[2.210s] Level 1:colcon.colcon_core.environment:create_file_with_runtime_dependencies(/abb_ws/install/abb_gz_description/share/colcon-core/packages/abb_gz_description)
[2.212s] Level 1:colcon.colcon_core.environment:create_environment_scripts_only(abb_gz_description)
[2.212s] Level 1:colcon.colcon_core.environment:checking '/abb_ws/install/abb_gz_description' for CMake module files
[2.213s] Level 1:colcon.colcon_core.environment:checking '/abb_ws/install/abb_gz_description' for CMake config files
[2.214s] Level 1:colcon.colcon_core.shell:create_environment_hook('abb_gz_description', 'cmake_prefix_path')
[2.215s] INFO:colcon.colcon_core.shell:Creating environment hook '/abb_ws/install/abb_gz_description/share/abb_gz_description/hook/cmake_prefix_path.ps1'
[2.215s] INFO:colcon.colcon_core.shell:Creating environment descriptor '/abb_ws/install/abb_gz_description/share/abb_gz_description/hook/cmake_prefix_path.dsv'
[2.216s] INFO:colcon.colcon_core.shell:Creating environment hook '/abb_ws/install/abb_gz_description/share/abb_gz_description/hook/cmake_prefix_path.sh'
[2.217s] Level 1:colcon.colcon_core.environment:checking '/abb_ws/install/abb_gz_description/bin'
[2.218s] Level 1:colcon.colcon_core.environment:checking '/abb_ws/install/abb_gz_description/lib/pkgconfig/abb_gz_description.pc'
[2.218s] Level 1:colcon.colcon_core.environment:checking '/abb_ws/install/abb_gz_description/lib/python3.10/site-packages'
[2.219s] Level 1:colcon.colcon_core.environment:checking '/abb_ws/install/abb_gz_description/bin'
[2.219s] INFO:colcon.colcon_core.shell:Creating package script '/abb_ws/install/abb_gz_description/share/abb_gz_description/package.ps1'
[2.221s] INFO:colcon.colcon_core.shell:Creating package descriptor '/abb_ws/install/abb_gz_description/share/abb_gz_description/package.dsv'
[2.222s] INFO:colcon.colcon_core.shell:Creating package script '/abb_ws/install/abb_gz_description/share/abb_gz_description/package.sh'
[2.223s] INFO:colcon.colcon_core.shell:Creating package script '/abb_ws/install/abb_gz_description/share/abb_gz_description/package.bash'
[2.224s] INFO:colcon.colcon_core.shell:Creating package script '/abb_ws/install/abb_gz_description/share/abb_gz_description/package.zsh'
[2.225s] Level 1:colcon.colcon_core.environment:create_file_with_runtime_dependencies(/abb_ws/install/abb_gz_description/share/colcon-core/packages/abb_gz_description)
[2.226s] Level 1:colcon.colcon_core.environment:create_environment_scripts_only(abb_mujoco_bringup)
[2.227s] Level 1:colcon.colcon_core.environment:checking '/abb_ws/install/abb_mujoco_bringup' for CMake module files
[2.229s] DEBUG:colcon.colcon_core.event_handler.log_command:Invoked command in '/abb_ws/build/abb_mujoco_bringup' returned '0': CMAKE_PREFIX_PATH=${CMAKE_PREFIX_PATH}:/abb_ws/install/abb_tf_generator:/abb_ws/install/abb_path_generator:/abb_ws/install/abb_path_controller:/abb_ws/install/abb_mujoco_python:/abb_ws/install/abb_ik_solver:/opt/ros/humble /usr/bin/cmake --install /abb_ws/build/abb_mujoco_bringup
[2.229s] Level 1:colcon.colcon_core.environment:checking '/abb_ws/install/abb_mujoco_bringup' for CMake config files
[2.229s] Level 1:colcon.colcon_core.shell:create_environment_hook('abb_mujoco_bringup', 'cmake_prefix_path')
[2.230s] INFO:colcon.colcon_core.shell:Creating environment hook '/abb_ws/install/abb_mujoco_bringup/share/abb_mujoco_bringup/hook/cmake_prefix_path.ps1'
[2.231s] INFO:colcon.colcon_core.shell:Creating environment descriptor '/abb_ws/install/abb_mujoco_bringup/share/abb_mujoco_bringup/hook/cmake_prefix_path.dsv'
[2.231s] INFO:colcon.colcon_core.shell:Creating environment hook '/abb_ws/install/abb_mujoco_bringup/share/abb_mujoco_bringup/hook/cmake_prefix_path.sh'
[2.233s] Level 1:colcon.colcon_core.environment:checking '/abb_ws/install/abb_mujoco_bringup/bin'
[2.233s] Level 1:colcon.colcon_core.environment:checking '/abb_ws/install/abb_mujoco_bringup/lib/pkgconfig/abb_mujoco_bringup.pc'
[2.233s] Level 1:colcon.colcon_core.environment:checking '/abb_ws/install/abb_mujoco_bringup/lib/python3.10/site-packages'
[2.234s] Level 1:colcon.colcon_core.environment:checking '/abb_ws/install/abb_mujoco_bringup/bin'
[2.235s] INFO:colcon.colcon_core.shell:Creating package script '/abb_ws/install/abb_mujoco_bringup/share/abb_mujoco_bringup/package.ps1'
[2.236s] INFO:colcon.colcon_core.shell:Creating package descriptor '/abb_ws/install/abb_mujoco_bringup/share/abb_mujoco_bringup/package.dsv'
[2.236s] INFO:colcon.colcon_core.shell:Creating package script '/abb_ws/install/abb_mujoco_bringup/share/abb_mujoco_bringup/package.sh'
[2.237s] INFO:colcon.colcon_core.shell:Creating package script '/abb_ws/install/abb_mujoco_bringup/share/abb_mujoco_bringup/package.bash'
[2.238s] INFO:colcon.colcon_core.shell:Creating package script '/abb_ws/install/abb_mujoco_bringup/share/abb_mujoco_bringup/package.zsh'
[2.239s] Level 1:colcon.colcon_core.environment:create_file_with_runtime_dependencies(/abb_ws/install/abb_mujoco_bringup/share/colcon-core/packages/abb_mujoco_bringup)
[2.240s] Level 1:colcon.colcon_core.environment:create_environment_scripts_only(abb_mujoco_bringup)
[2.241s] Level 1:colcon.colcon_core.environment:checking '/abb_ws/install/abb_mujoco_bringup' for CMake module files
[2.241s] Level 1:colcon.colcon_core.environment:checking '/abb_ws/install/abb_mujoco_bringup' for CMake config files
[2.242s] Level 1:colcon.colcon_core.shell:create_environment_hook('abb_mujoco_bringup', 'cmake_prefix_path')
[2.243s] INFO:colcon.colcon_core.shell:Creating environment hook '/abb_ws/install/abb_mujoco_bringup/share/abb_mujoco_bringup/hook/cmake_prefix_path.ps1'
[2.243s] INFO:colcon.colcon_core.shell:Creating environment descriptor '/abb_ws/install/abb_mujoco_bringup/share/abb_mujoco_bringup/hook/cmake_prefix_path.dsv'
[2.244s] INFO:colcon.colcon_core.shell:Creating environment hook '/abb_ws/install/abb_mujoco_bringup/share/abb_mujoco_bringup/hook/cmake_prefix_path.sh'
[2.245s] Level 1:colcon.colcon_core.environment:checking '/abb_ws/install/abb_mujoco_bringup/bin'
[2.246s] Level 1:colcon.colcon_core.environment:checking '/abb_ws/install/abb_mujoco_bringup/lib/pkgconfig/abb_mujoco_bringup.pc'
[2.246s] Level 1:colcon.colcon_core.environment:checking '/abb_ws/install/abb_mujoco_bringup/lib/python3.10/site-packages'
[2.247s] Level 1:colcon.colcon_core.environment:checking '/abb_ws/install/abb_mujoco_bringup/bin'
[2.247s] INFO:colcon.colcon_core.shell:Creating package script '/abb_ws/install/abb_mujoco_bringup/share/abb_mujoco_bringup/package.ps1'
[2.249s] INFO:colcon.colcon_core.shell:Creating package descriptor '/abb_ws/install/abb_mujoco_bringup/share/abb_mujoco_bringup/package.dsv'
[2.250s] INFO:colcon.colcon_core.shell:Creating package script '/abb_ws/install/abb_mujoco_bringup/share/abb_mujoco_bringup/package.sh'
[2.251s] INFO:colcon.colcon_core.shell:Creating package script '/abb_ws/install/abb_mujoco_bringup/share/abb_mujoco_bringup/package.bash'
[2.251s] INFO:colcon.colcon_core.shell:Creating package script '/abb_ws/install/abb_mujoco_bringup/share/abb_mujoco_bringup/package.zsh'
[2.252s] Level 1:colcon.colcon_core.environment:create_file_with_runtime_dependencies(/abb_ws/install/abb_mujoco_bringup/share/colcon-core/packages/abb_mujoco_bringup)
[2.253s] Level 1:colcon.colcon_core.environment:create_environment_scripts_only(abb_controllers)
[2.254s] Level 1:colcon.colcon_core.environment:checking '/abb_ws/install/abb_controllers' for CMake module files
[2.255s] Level 1:colcon.colcon_core.environment:checking '/abb_ws/install/abb_controllers' for CMake config files
[2.256s] DEBUG:colcon.colcon_core.event_handler.log_command:Invoked command in '/abb_ws/build/abb_controllers' returned '0': CMAKE_PREFIX_PATH=${CMAKE_PREFIX_PATH}:/abb_ws/install/abb_tf_generator:/abb_ws/install/abb_path_generator:/abb_ws/install/abb_path_controller:/abb_ws/install/abb_mujoco_python:/abb_ws/install/abb_ik_solver:/opt/ros/humble /usr/bin/cmake --install /abb_ws/build/abb_controllers
[2.256s] Level 1:colcon.colcon_core.shell:create_environment_hook('abb_controllers', 'cmake_prefix_path')
[2.257s] INFO:colcon.colcon_core.shell:Creating environment hook '/abb_ws/install/abb_controllers/share/abb_controllers/hook/cmake_prefix_path.ps1'
[2.257s] INFO:colcon.colcon_core.shell:Creating environment descriptor '/abb_ws/install/abb_controllers/share/abb_controllers/hook/cmake_prefix_path.dsv'
[2.258s] INFO:colcon.colcon_core.shell:Creating environment hook '/abb_ws/install/abb_controllers/share/abb_controllers/hook/cmake_prefix_path.sh'
[2.259s] Level 1:colcon.colcon_core.environment:checking '/abb_ws/install/abb_controllers/lib'
[2.259s] Level 1:colcon.colcon_core.shell:create_environment_hook('abb_controllers', 'ld_library_path_lib')
[2.259s] INFO:colcon.colcon_core.shell:Creating environment hook '/abb_ws/install/abb_controllers/share/abb_controllers/hook/ld_library_path_lib.ps1'
[2.260s] INFO:colcon.colcon_core.shell:Creating environment descriptor '/abb_ws/install/abb_controllers/share/abb_controllers/hook/ld_library_path_lib.dsv'
[2.260s] INFO:colcon.colcon_core.shell:Creating environment hook '/abb_ws/install/abb_controllers/share/abb_controllers/hook/ld_library_path_lib.sh'
[2.261s] Level 1:colcon.colcon_core.environment:checking '/abb_ws/install/abb_controllers/bin'
[2.261s] Level 1:colcon.colcon_core.environment:checking '/abb_ws/install/abb_controllers/lib/pkgconfig/abb_controllers.pc'
[2.262s] Level 1:colcon.colcon_core.environment:checking '/abb_ws/install/abb_controllers/lib/python3.10/site-packages'
[2.262s] Level 1:colcon.colcon_core.environment:checking '/abb_ws/install/abb_controllers/bin'
[2.263s] INFO:colcon.colcon_core.shell:Creating package script '/abb_ws/install/abb_controllers/share/abb_controllers/package.ps1'
[2.263s] INFO:colcon.colcon_core.shell:Creating package descriptor '/abb_ws/install/abb_controllers/share/abb_controllers/package.dsv'
[2.264s] INFO:colcon.colcon_core.shell:Creating package script '/abb_ws/install/abb_controllers/share/abb_controllers/package.sh'
[2.265s] INFO:colcon.colcon_core.shell:Creating package script '/abb_ws/install/abb_controllers/share/abb_controllers/package.bash'
[2.265s] INFO:colcon.colcon_core.shell:Creating package script '/abb_ws/install/abb_controllers/share/abb_controllers/package.zsh'
[2.266s] Level 1:colcon.colcon_core.environment:create_file_with_runtime_dependencies(/abb_ws/install/abb_controllers/share/colcon-core/packages/abb_controllers)
[2.267s] Level 1:colcon.colcon_core.environment:create_environment_scripts_only(abb_controllers)
[2.267s] Level 1:colcon.colcon_core.environment:checking '/abb_ws/install/abb_controllers' for CMake module files
[2.268s] Level 1:colcon.colcon_core.environment:checking '/abb_ws/install/abb_controllers' for CMake config files
[2.268s] Level 1:colcon.colcon_core.shell:create_environment_hook('abb_controllers', 'cmake_prefix_path')
[2.269s] INFO:colcon.colcon_core.shell:Creating environment hook '/abb_ws/install/abb_controllers/share/abb_controllers/hook/cmake_prefix_path.ps1'
[2.269s] INFO:colcon.colcon_core.shell:Creating environment descriptor '/abb_ws/install/abb_controllers/share/abb_controllers/hook/cmake_prefix_path.dsv'
[2.270s] INFO:colcon.colcon_core.shell:Creating environment hook '/abb_ws/install/abb_controllers/share/abb_controllers/hook/cmake_prefix_path.sh'
[2.271s] Level 1:colcon.colcon_core.environment:checking '/abb_ws/install/abb_controllers/lib'
[2.271s] Level 1:colcon.colcon_core.shell:create_environment_hook('abb_controllers', 'ld_library_path_lib')
[2.271s] INFO:colcon.colcon_core.shell:Creating environment hook '/abb_ws/install/abb_controllers/share/abb_controllers/hook/ld_library_path_lib.ps1'
[2.272s] INFO:colcon.colcon_core.shell:Creating environment descriptor '/abb_ws/install/abb_controllers/share/abb_controllers/hook/ld_library_path_lib.dsv'
[2.272s] INFO:colcon.colcon_core.shell:Creating environment hook '/abb_ws/install/abb_controllers/share/abb_controllers/hook/ld_library_path_lib.sh'
[2.273s] Level 1:colcon.colcon_core.environment:checking '/abb_ws/install/abb_controllers/bin'
[2.273s] Level 1:colcon.colcon_core.environment:checking '/abb_ws/install/abb_controllers/lib/pkgconfig/abb_controllers.pc'
[2.274s] Level 1:colcon.colcon_core.environment:checking '/abb_ws/install/abb_controllers/lib/python3.10/site-packages'
[2.274s] Level 1:colcon.colcon_core.environment:checking '/abb_ws/install/abb_controllers/bin'
[2.275s] INFO:colcon.colcon_core.shell:Creating package script '/abb_ws/install/abb_controllers/share/abb_controllers/package.ps1'
[2.275s] INFO:colcon.colcon_core.shell:Creating package descriptor '/abb_ws/install/abb_controllers/share/abb_controllers/package.dsv'
[2.276s] INFO:colcon.colcon_core.shell:Creating package script '/abb_ws/install/abb_controllers/share/abb_controllers/package.sh'
[2.277s] INFO:colcon.colcon_core.shell:Creating package script '/abb_ws/install/abb_controllers/share/abb_controllers/package.bash'
[2.278s] INFO:colcon.colcon_core.shell:Creating package script '/abb_ws/install/abb_controllers/share/abb_controllers/package.zsh'
[2.278s] Level 1:colcon.colcon_core.environment:create_file_with_runtime_dependencies(/abb_ws/install/abb_controllers/share/colcon-core/packages/abb_controllers)
[2.279s] Level 1:colcon.colcon_core.environment:create_environment_scripts_only(abb_mujoco_description)
[2.279s] Level 1:colcon.colcon_core.environment:checking '/abb_ws/install/abb_mujoco_description' for CMake module files
[2.281s] Level 1:colcon.colcon_core.environment:checking '/abb_ws/install/abb_mujoco_description' for CMake config files
[2.281s] DEBUG:colcon.colcon_core.event_handler.log_command:Invoked command in '/abb_ws/build/abb_mujoco_description' returned '0': CMAKE_PREFIX_PATH=${CMAKE_PREFIX_PATH}:/abb_ws/install/abb_tf_generator:/abb_ws/install/abb_path_generator:/abb_ws/install/abb_path_controller:/abb_ws/install/abb_mujoco_python:/abb_ws/install/abb_ik_solver:/opt/ros/humble /usr/bin/cmake --install /abb_ws/build/abb_mujoco_description
[2.281s] Level 1:colcon.colcon_core.shell:create_environment_hook('abb_mujoco_description', 'cmake_prefix_path')
[2.282s] INFO:colcon.colcon_core.shell:Creating environment hook '/abb_ws/install/abb_mujoco_description/share/abb_mujoco_description/hook/cmake_prefix_path.ps1'
[2.282s] INFO:colcon.colcon_core.shell:Creating environment descriptor '/abb_ws/install/abb_mujoco_description/share/abb_mujoco_description/hook/cmake_prefix_path.dsv'
[2.283s] INFO:colcon.colcon_core.shell:Creating environment hook '/abb_ws/install/abb_mujoco_description/share/abb_mujoco_description/hook/cmake_prefix_path.sh'
[2.284s] Level 1:colcon.colcon_core.environment:checking '/abb_ws/install/abb_mujoco_description/bin'
[2.284s] Level 1:colcon.colcon_core.environment:checking '/abb_ws/install/abb_mujoco_description/lib/pkgconfig/abb_mujoco_description.pc'
[2.285s] Level 1:colcon.colcon_core.environment:checking '/abb_ws/install/abb_mujoco_description/lib/python3.10/site-packages'
[2.285s] Level 1:colcon.colcon_core.environment:checking '/abb_ws/install/abb_mujoco_description/bin'
[2.286s] INFO:colcon.colcon_core.shell:Creating package script '/abb_ws/install/abb_mujoco_description/share/abb_mujoco_description/package.ps1'
[2.286s] INFO:colcon.colcon_core.shell:Creating package descriptor '/abb_ws/install/abb_mujoco_description/share/abb_mujoco_description/package.dsv'
[2.287s] INFO:colcon.colcon_core.shell:Creating package script '/abb_ws/install/abb_mujoco_description/share/abb_mujoco_description/package.sh'
[2.288s] INFO:colcon.colcon_core.shell:Creating package script '/abb_ws/install/abb_mujoco_description/share/abb_mujoco_description/package.bash'
[2.288s] INFO:colcon.colcon_core.shell:Creating package script '/abb_ws/install/abb_mujoco_description/share/abb_mujoco_description/package.zsh'
[2.289s] Level 1:colcon.colcon_core.environment:create_file_with_runtime_dependencies(/abb_ws/install/abb_mujoco_description/share/colcon-core/packages/abb_mujoco_description)
[2.290s] Level 1:colcon.colcon_core.environment:create_environment_scripts_only(abb_mujoco_description)
[2.290s] Level 1:colcon.colcon_core.environment:checking '/abb_ws/install/abb_mujoco_description' for CMake module files
[2.291s] Level 1:colcon.colcon_core.environment:checking '/abb_ws/install/abb_mujoco_description' for CMake config files
[2.291s] Level 1:colcon.colcon_core.shell:create_environment_hook('abb_mujoco_description', 'cmake_prefix_path')
[2.292s] INFO:colcon.colcon_core.shell:Creating environment hook '/abb_ws/install/abb_mujoco_description/share/abb_mujoco_description/hook/cmake_prefix_path.ps1'
[2.292s] INFO:colcon.colcon_core.shell:Creating environment descriptor '/abb_ws/install/abb_mujoco_description/share/abb_mujoco_description/hook/cmake_prefix_path.dsv'
[2.293s] INFO:colcon.colcon_core.shell:Creating environment hook '/abb_ws/install/abb_mujoco_description/share/abb_mujoco_description/hook/cmake_prefix_path.sh'
[2.294s] Level 1:colcon.colcon_core.environment:checking '/abb_ws/install/abb_mujoco_description/bin'
[2.294s] Level 1:colcon.colcon_core.environment:checking '/abb_ws/install/abb_mujoco_description/lib/pkgconfig/abb_mujoco_description.pc'
[2.295s] Level 1:colcon.colcon_core.environment:checking '/abb_ws/install/abb_mujoco_description/lib/python3.10/site-packages'
[2.295s] Level 1:colcon.colcon_core.environment:checking '/abb_ws/install/abb_mujoco_description/bin'
[2.296s] INFO:colcon.colcon_core.shell:Creating package script '/abb_ws/install/abb_mujoco_description/share/abb_mujoco_description/package.ps1'
[2.297s] INFO:colcon.colcon_core.shell:Creating package descriptor '/abb_ws/install/abb_mujoco_description/share/abb_mujoco_description/package.dsv'
[2.297s] INFO:colcon.colcon_core.shell:Creating package script '/abb_ws/install/abb_mujoco_description/share/abb_mujoco_description/package.sh'
[2.298s] INFO:colcon.colcon_core.shell:Creating package script '/abb_ws/install/abb_mujoco_description/share/abb_mujoco_description/package.bash'
[2.299s] INFO:colcon.colcon_core.shell:Creating package script '/abb_ws/install/abb_mujoco_description/share/abb_mujoco_description/package.zsh'
[2.299s] Level 1:colcon.colcon_core.environment:create_file_with_runtime_dependencies(/abb_ws/install/abb_mujoco_description/share/colcon-core/packages/abb_mujoco_description)
[2.300s] Level 1:colcon.colcon_core.environment:create_environment_scripts_only(abb_gz_hardware)
[2.300s] Level 1:colcon.colcon_core.environment:checking '/abb_ws/install/abb_gz_hardware' for CMake module files
[2.302s] Level 1:colcon.colcon_core.environment:checking '/abb_ws/install/abb_gz_hardware' for CMake config files
[2.302s] DEBUG:colcon.colcon_core.event_handler.log_command:Invoked command in '/abb_ws/build/abb_gz_hardware' returned '0': CMAKE_PREFIX_PATH=${CMAKE_PREFIX_PATH}:/abb_ws/install/abb_tf_generator:/abb_ws/install/abb_path_generator:/abb_ws/install/abb_path_controller:/abb_ws/install/abb_mujoco_python:/abb_ws/install/abb_ik_solver:/opt/ros/humble /usr/bin/cmake --install /abb_ws/build/abb_gz_hardware
[2.303s] Level 1:colcon.colcon_core.shell:create_environment_hook('abb_gz_hardware', 'cmake_prefix_path')
[2.303s] INFO:colcon.colcon_core.shell:Creating environment hook '/abb_ws/install/abb_gz_hardware/share/abb_gz_hardware/hook/cmake_prefix_path.ps1'
[2.304s] INFO:colcon.colcon_core.shell:Creating environment descriptor '/abb_ws/install/abb_gz_hardware/share/abb_gz_hardware/hook/cmake_prefix_path.dsv'
[2.304s] INFO:colcon.colcon_core.shell:Creating environment hook '/abb_ws/install/abb_gz_hardware/share/abb_gz_hardware/hook/cmake_prefix_path.sh'
[2.305s] Level 1:colcon.colcon_core.environment:checking '/abb_ws/install/abb_gz_hardware/bin'
[2.305s] Level 1:colcon.colcon_core.environment:checking '/abb_ws/install/abb_gz_hardware/lib/pkgconfig/abb_gz_hardware.pc'
[2.306s] Level 1:colcon.colcon_core.environment:checking '/abb_ws/install/abb_gz_hardware/lib/python3.10/site-packages'
[2.306s] Level 1:colcon.colcon_core.environment:checking '/abb_ws/install/abb_gz_hardware/bin'
[2.307s] INFO:colcon.colcon_core.shell:Creating package script '/abb_ws/install/abb_gz_hardware/share/abb_gz_hardware/package.ps1'
[2.307s] INFO:colcon.colcon_core.shell:Creating package descriptor '/abb_ws/install/abb_gz_hardware/share/abb_gz_hardware/package.dsv'
[2.308s] INFO:colcon.colcon_core.shell:Creating package script '/abb_ws/install/abb_gz_hardware/share/abb_gz_hardware/package.sh'
[2.309s] INFO:colcon.colcon_core.shell:Creating package script '/abb_ws/install/abb_gz_hardware/share/abb_gz_hardware/package.bash'
[2.309s] INFO:colcon.colcon_core.shell:Creating package script '/abb_ws/install/abb_gz_hardware/share/abb_gz_hardware/package.zsh'
[2.310s] Level 1:colcon.colcon_core.environment:create_file_with_runtime_dependencies(/abb_ws/install/abb_gz_hardware/share/colcon-core/packages/abb_gz_hardware)
[2.311s] Level 1:colcon.colcon_core.environment:create_environment_scripts_only(abb_gz_hardware)
[2.311s] Level 1:colcon.colcon_core.environment:checking '/abb_ws/install/abb_gz_hardware' for CMake module files
[2.311s] Level 1:colcon.colcon_core.environment:checking '/abb_ws/install/abb_gz_hardware' for CMake config files
[2.312s] Level 1:colcon.colcon_core.shell:create_environment_hook('abb_gz_hardware', 'cmake_prefix_path')
[2.312s] INFO:colcon.colcon_core.shell:Creating environment hook '/abb_ws/install/abb_gz_hardware/share/abb_gz_hardware/hook/cmake_prefix_path.ps1'
[2.313s] INFO:colcon.colcon_core.shell:Creating environment descriptor '/abb_ws/install/abb_gz_hardware/share/abb_gz_hardware/hook/cmake_prefix_path.dsv'
[2.313s] INFO:colcon.colcon_core.shell:Creating environment hook '/abb_ws/install/abb_gz_hardware/share/abb_gz_hardware/hook/cmake_prefix_path.sh'
[2.314s] Level 1:colcon.colcon_core.environment:checking '/abb_ws/install/abb_gz_hardware/bin'
[2.314s] Level 1:colcon.colcon_core.environment:checking '/abb_ws/install/abb_gz_hardware/lib/pkgconfig/abb_gz_hardware.pc'
[2.314s] Level 1:colcon.colcon_core.environment:checking '/abb_ws/install/abb_gz_hardware/lib/python3.10/site-packages'
[2.315s] Level 1:colcon.colcon_core.environment:checking '/abb_ws/install/abb_gz_hardware/bin'
[2.315s] INFO:colcon.colcon_core.shell:Creating package script '/abb_ws/install/abb_gz_hardware/share/abb_gz_hardware/package.ps1'
[2.316s] INFO:colcon.colcon_core.shell:Creating package descriptor '/abb_ws/install/abb_gz_hardware/share/abb_gz_hardware/package.dsv'
[2.316s] INFO:colcon.colcon_core.shell:Creating package script '/abb_ws/install/abb_gz_hardware/share/abb_gz_hardware/package.sh'
[2.317s] INFO:colcon.colcon_core.shell:Creating package script '/abb_ws/install/abb_gz_hardware/share/abb_gz_hardware/package.bash'
[2.318s] INFO:colcon.colcon_core.shell:Creating package script '/abb_ws/install/abb_gz_hardware/share/abb_gz_hardware/package.zsh'
[2.319s] Level 1:colcon.colcon_core.environment:create_file_with_runtime_dependencies(/abb_ws/install/abb_gz_hardware/share/colcon-core/packages/abb_gz_hardware)
[2.670s] DEBUG:colcon.colcon_core.event_handler.log_command:Invoking command in '/abb_ws/src/abb_mujoco_python': PYTHONPATH=/abb_ws/build/abb_mujoco_python/prefix_override:/usr/lib/python3/dist-packages/colcon_core/task/python/colcon_distutils_commands:/abb_ws/install/abb_mujoco_python/lib/python3.10/site-packages:${PYTHONPATH} /usr/bin/python3 -W ignore:setup.py install is deprecated -W ignore:easy_install command is deprecated setup.py egg_info --egg-base ../../build/abb_mujoco_python build --build-base /abb_ws/build/abb_mujoco_python/build install --record /abb_ws/build/abb_mujoco_python/install.log --single-version-externally-managed install_data
[2.717s] DEBUG:colcon.colcon_core.event_handler.log_command:Invoking command in '/abb_ws/src/abb_path_controller': PYTHONPATH=/abb_ws/build/abb_path_controller/prefix_override:/usr/lib/python3/dist-packages/colcon_core/task/python/colcon_distutils_commands:/abb_ws/install/abb_path_controller/lib/python3.10/site-packages:${PYTHONPATH} /usr/bin/python3 -W ignore:setup.py install is deprecated -W ignore:easy_install command is deprecated setup.py egg_info --egg-base ../../build/abb_path_controller build --build-base /abb_ws/build/abb_path_controller/build install --record /abb_ws/build/abb_path_controller/install.log --single-version-externally-managed install_data
[2.743s] DEBUG:colcon.colcon_core.event_handler.log_command:Invoking command in '/abb_ws/src/abb_path_generator': PYTHONPATH=/abb_ws/build/abb_path_generator/prefix_override:/usr/lib/python3/dist-packages/colcon_core/task/python/colcon_distutils_commands:/abb_ws/install/abb_path_generator/lib/python3.10/site-packages:${PYTHONPATH} /usr/bin/python3 -W ignore:setup.py install is deprecated -W ignore:easy_install command is deprecated setup.py egg_info --egg-base ../../build/abb_path_generator build --build-base /abb_ws/build/abb_path_generator/build install --record /abb_ws/build/abb_path_generator/install.log --single-version-externally-managed install_data
[2.758s] DEBUG:colcon.colcon_core.event_handler.log_command:Invoking command in '/abb_ws/src/abb_ik_solver': PYTHONPATH=/abb_ws/build/abb_ik_solver/prefix_override:/usr/lib/python3/dist-packages/colcon_core/task/python/colcon_distutils_commands:/abb_ws/install/abb_ik_solver/lib/python3.10/site-packages:${PYTHONPATH} /usr/bin/python3 -W ignore:setup.py install is deprecated -W ignore:easy_install command is deprecated setup.py egg_info --egg-base ../../build/abb_ik_solver build --build-base /abb_ws/build/abb_ik_solver/build install --record /abb_ws/build/abb_ik_solver/install.log --single-version-externally-managed install_data
[2.779s] DEBUG:colcon.colcon_core.event_handler.log_command:Invoking command in '/abb_ws/src/abb_tf_generator': PYTHONPATH=/abb_ws/build/abb_tf_generator/prefix_override:/usr/lib/python3/dist-packages/colcon_core/task/python/colcon_distutils_commands:/abb_ws/install/abb_tf_generator/lib/python3.10/site-packages:${PYTHONPATH} /usr/bin/python3 -W ignore:setup.py install is deprecated -W ignore:easy_install command is deprecated setup.py egg_info --egg-base ../../build/abb_tf_generator build --build-base /abb_ws/build/abb_tf_generator/build install --record /abb_ws/build/abb_tf_generator/install.log --single-version-externally-managed install_data
[3.177s] Level 1:colcon.colcon_core.environment:checking '/abb_ws/install/abb_path_generator' for CMake module files
[3.179s] DEBUG:colcon.colcon_core.event_handler.log_command:Invoked command in '/abb_ws/src/abb_path_generator' returned '0': PYTHONPATH=/abb_ws/build/abb_path_generator/prefix_override:/usr/lib/python3/dist-packages/colcon_core/task/python/colcon_distutils_commands:/abb_ws/install/abb_path_generator/lib/python3.10/site-packages:${PYTHONPATH} /usr/bin/python3 -W ignore:setup.py install is deprecated -W ignore:easy_install command is deprecated setup.py egg_info --egg-base ../../build/abb_path_generator build --build-base /abb_ws/build/abb_path_generator/build install --record /abb_ws/build/abb_path_generator/install.log --single-version-externally-managed install_data
[3.180s] Level 1:colcon.colcon_core.environment:checking '/abb_ws/install/abb_path_generator' for CMake config files
[3.181s] Level 1:colcon.colcon_core.environment:checking '/abb_ws/install/abb_path_generator/lib'
[3.182s] Level 1:colcon.colcon_core.environment:checking '/abb_ws/install/abb_path_generator/bin'
[3.182s] Level 1:colcon.colcon_core.environment:checking '/abb_ws/install/abb_path_generator/lib/pkgconfig/abb_path_generator.pc'
[3.182s] Level 1:colcon.colcon_core.environment:checking '/abb_ws/install/abb_path_generator/lib/python3.10/site-packages'
[3.183s] Level 1:colcon.colcon_core.shell:create_environment_hook('abb_path_generator', 'pythonpath')
[3.183s] INFO:colcon.colcon_core.shell:Creating environment hook '/abb_ws/install/abb_path_generator/share/abb_path_generator/hook/pythonpath.ps1'
[3.184s] INFO:colcon.colcon_core.shell:Creating environment descriptor '/abb_ws/install/abb_path_generator/share/abb_path_generator/hook/pythonpath.dsv'
[3.185s] INFO:colcon.colcon_core.shell:Creating environment hook '/abb_ws/install/abb_path_generator/share/abb_path_generator/hook/pythonpath.sh'
[3.186s] Level 1:colcon.colcon_core.environment:checking '/abb_ws/install/abb_path_generator/bin'
[3.186s] Level 1:colcon.colcon_core.environment:create_environment_scripts_only(abb_path_generator)
[3.187s] INFO:colcon.colcon_core.shell:Creating package script '/abb_ws/install/abb_path_generator/share/abb_path_generator/package.ps1'
[3.189s] INFO:colcon.colcon_core.shell:Creating package descriptor '/abb_ws/install/abb_path_generator/share/abb_path_generator/package.dsv'
[3.190s] INFO:colcon.colcon_core.shell:Creating package script '/abb_ws/install/abb_path_generator/share/abb_path_generator/package.sh'
[3.191s] INFO:colcon.colcon_core.shell:Creating package script '/abb_ws/install/abb_path_generator/share/abb_path_generator/package.bash'
[3.192s] INFO:colcon.colcon_core.shell:Creating package script '/abb_ws/install/abb_path_generator/share/abb_path_generator/package.zsh'
[3.193s] Level 1:colcon.colcon_core.environment:create_file_with_runtime_dependencies(/abb_ws/install/abb_path_generator/share/colcon-core/packages/abb_path_generator)
[3.197s] Level 1:colcon.colcon_core.environment:checking '/abb_ws/install/abb_ik_solver' for CMake module files
[3.198s] DEBUG:colcon.colcon_core.event_handler.log_command:Invoked command in '/abb_ws/src/abb_ik_solver' returned '0': PYTHONPATH=/abb_ws/build/abb_ik_solver/prefix_override:/usr/lib/python3/dist-packages/colcon_core/task/python/colcon_distutils_commands:/abb_ws/install/abb_ik_solver/lib/python3.10/site-packages:${PYTHONPATH} /usr/bin/python3 -W ignore:setup.py install is deprecated -W ignore:easy_install command is deprecated setup.py egg_info --egg-base ../../build/abb_ik_solver build --build-base /abb_ws/build/abb_ik_solver/build install --record /abb_ws/build/abb_ik_solver/install.log --single-version-externally-managed install_data
[3.199s] Level 1:colcon.colcon_core.environment:checking '/abb_ws/install/abb_ik_solver' for CMake config files
[3.199s] Level 1:colcon.colcon_core.environment:checking '/abb_ws/install/abb_ik_solver/lib'
[3.200s] Level 1:colcon.colcon_core.environment:checking '/abb_ws/install/abb_ik_solver/bin'
[3.200s] Level 1:colcon.colcon_core.environment:checking '/abb_ws/install/abb_ik_solver/lib/pkgconfig/abb_ik_solver.pc'
[3.200s] Level 1:colcon.colcon_core.environment:checking '/abb_ws/install/abb_ik_solver/lib/python3.10/site-packages'
[3.200s] Level 1:colcon.colcon_core.shell:create_environment_hook('abb_ik_solver', 'pythonpath')
[3.201s] INFO:colcon.colcon_core.shell:Creating environment hook '/abb_ws/install/abb_ik_solver/share/abb_ik_solver/hook/pythonpath.ps1'
[3.201s] INFO:colcon.colcon_core.shell:Creating environment descriptor '/abb_ws/install/abb_ik_solver/share/abb_ik_solver/hook/pythonpath.dsv'
[3.202s] INFO:colcon.colcon_core.shell:Creating environment hook '/abb_ws/install/abb_ik_solver/share/abb_ik_solver/hook/pythonpath.sh'
[3.203s] Level 1:colcon.colcon_core.environment:checking '/abb_ws/install/abb_ik_solver/bin'
[3.203s] Level 1:colcon.colcon_core.environment:create_environment_scripts_only(abb_ik_solver)
[3.203s] INFO:colcon.colcon_core.shell:Creating package script '/abb_ws/install/abb_ik_solver/share/abb_ik_solver/package.ps1'
[3.204s] INFO:colcon.colcon_core.shell:Creating package descriptor '/abb_ws/install/abb_ik_solver/share/abb_ik_solver/package.dsv'
[3.205s] INFO:colcon.colcon_core.shell:Creating package script '/abb_ws/install/abb_ik_solver/share/abb_ik_solver/package.sh'
[3.206s] INFO:colcon.colcon_core.shell:Creating package script '/abb_ws/install/abb_ik_solver/share/abb_ik_solver/package.bash'
[3.206s] INFO:colcon.colcon_core.shell:Creating package script '/abb_ws/install/abb_ik_solver/share/abb_ik_solver/package.zsh'
[3.207s] Level 1:colcon.colcon_core.environment:create_file_with_runtime_dependencies(/abb_ws/install/abb_ik_solver/share/colcon-core/packages/abb_ik_solver)
[3.209s] Level 1:colcon.colcon_core.environment:checking '/abb_ws/install/abb_mujoco_python' for CMake module files
[3.210s] DEBUG:colcon.colcon_core.event_handler.log_command:Invoked command in '/abb_ws/src/abb_mujoco_python' returned '0': PYTHONPATH=/abb_ws/build/abb_mujoco_python/prefix_override:/usr/lib/python3/dist-packages/colcon_core/task/python/colcon_distutils_commands:/abb_ws/install/abb_mujoco_python/lib/python3.10/site-packages:${PYTHONPATH} /usr/bin/python3 -W ignore:setup.py install is deprecated -W ignore:easy_install command is deprecated setup.py egg_info --egg-base ../../build/abb_mujoco_python build --build-base /abb_ws/build/abb_mujoco_python/build install --record /abb_ws/build/abb_mujoco_python/install.log --single-version-externally-managed install_data
[3.210s] Level 1:colcon.colcon_core.environment:checking '/abb_ws/install/abb_mujoco_python' for CMake config files
[3.211s] Level 1:colcon.colcon_core.environment:checking '/abb_ws/install/abb_mujoco_python/lib'
[3.211s] Level 1:colcon.colcon_core.environment:checking '/abb_ws/install/abb_mujoco_python/bin'
[3.211s] Level 1:colcon.colcon_core.environment:checking '/abb_ws/install/abb_mujoco_python/lib/pkgconfig/abb_mujoco_python.pc'
[3.212s] Level 1:colcon.colcon_core.environment:checking '/abb_ws/install/abb_mujoco_python/lib/python3.10/site-packages'
[3.212s] Level 1:colcon.colcon_core.shell:create_environment_hook('abb_mujoco_python', 'pythonpath')
[3.212s] INFO:colcon.colcon_core.shell:Creating environment hook '/abb_ws/install/abb_mujoco_python/share/abb_mujoco_python/hook/pythonpath.ps1'
[3.213s] INFO:colcon.colcon_core.shell:Creating environment descriptor '/abb_ws/install/abb_mujoco_python/share/abb_mujoco_python/hook/pythonpath.dsv'
[3.213s] INFO:colcon.colcon_core.shell:Creating environment hook '/abb_ws/install/abb_mujoco_python/share/abb_mujoco_python/hook/pythonpath.sh'
[3.214s] Level 1:colcon.colcon_core.environment:checking '/abb_ws/install/abb_mujoco_python/bin'
[3.214s] Level 1:colcon.colcon_core.environment:create_environment_scripts_only(abb_mujoco_python)
[3.215s] INFO:colcon.colcon_core.shell:Creating package script '/abb_ws/install/abb_mujoco_python/share/abb_mujoco_python/package.ps1'
[3.216s] INFO:colcon.colcon_core.shell:Creating package descriptor '/abb_ws/install/abb_mujoco_python/share/abb_mujoco_python/package.dsv'
[3.217s] INFO:colcon.colcon_core.shell:Creating package script '/abb_ws/install/abb_mujoco_python/share/abb_mujoco_python/package.sh'
[3.217s] INFO:colcon.colcon_core.shell:Creating package script '/abb_ws/install/abb_mujoco_python/share/abb_mujoco_python/package.bash'
[3.218s] INFO:colcon.colcon_core.shell:Creating package script '/abb_ws/install/abb_mujoco_python/share/abb_mujoco_python/package.zsh'
[3.218s] Level 1:colcon.colcon_core.environment:create_file_with_runtime_dependencies(/abb_ws/install/abb_mujoco_python/share/colcon-core/packages/abb_mujoco_python)
[3.220s] Level 1:colcon.colcon_core.environment:checking '/abb_ws/install/abb_path_controller' for CMake module files
[3.221s] DEBUG:colcon.colcon_core.event_handler.log_command:Invoked command in '/abb_ws/src/abb_path_controller' returned '0': PYTHONPATH=/abb_ws/build/abb_path_controller/prefix_override:/usr/lib/python3/dist-packages/colcon_core/task/python/colcon_distutils_commands:/abb_ws/install/abb_path_controller/lib/python3.10/site-packages:${PYTHONPATH} /usr/bin/python3 -W ignore:setup.py install is deprecated -W ignore:easy_install command is deprecated setup.py egg_info --egg-base ../../build/abb_path_controller build --build-base /abb_ws/build/abb_path_controller/build install --record /abb_ws/build/abb_path_controller/install.log --single-version-externally-managed install_data
[3.222s] Level 1:colcon.colcon_core.environment:checking '/abb_ws/install/abb_path_controller' for CMake config files
[3.222s] Level 1:colcon.colcon_core.environment:checking '/abb_ws/install/abb_path_controller/lib'
[3.222s] Level 1:colcon.colcon_core.environment:checking '/abb_ws/install/abb_path_controller/bin'
[3.223s] Level 1:colcon.colcon_core.environment:checking '/abb_ws/install/abb_path_controller/lib/pkgconfig/abb_path_controller.pc'
[3.223s] Level 1:colcon.colcon_core.environment:checking '/abb_ws/install/abb_path_controller/lib/python3.10/site-packages'
[3.223s] Level 1:colcon.colcon_core.shell:create_environment_hook('abb_path_controller', 'pythonpath')
[3.223s] INFO:colcon.colcon_core.shell:Creating environment hook '/abb_ws/install/abb_path_controller/share/abb_path_controller/hook/pythonpath.ps1'
[3.224s] INFO:colcon.colcon_core.shell:Creating environment descriptor '/abb_ws/install/abb_path_controller/share/abb_path_controller/hook/pythonpath.dsv'
[3.225s] INFO:colcon.colcon_core.shell:Creating environment hook '/abb_ws/install/abb_path_controller/share/abb_path_controller/hook/pythonpath.sh'
[3.225s] Level 1:colcon.colcon_core.environment:checking '/abb_ws/install/abb_path_controller/bin'
[3.225s] Level 1:colcon.colcon_core.environment:create_environment_scripts_only(abb_path_controller)
[3.226s] INFO:colcon.colcon_core.shell:Creating package script '/abb_ws/install/abb_path_controller/share/abb_path_controller/package.ps1'
[3.227s] INFO:colcon.colcon_core.shell:Creating package descriptor '/abb_ws/install/abb_path_controller/share/abb_path_controller/package.dsv'
[3.228s] INFO:colcon.colcon_core.shell:Creating package script '/abb_ws/install/abb_path_controller/share/abb_path_controller/package.sh'
[3.228s] INFO:colcon.colcon_core.shell:Creating package script '/abb_ws/install/abb_path_controller/share/abb_path_controller/package.bash'
[3.229s] INFO:colcon.colcon_core.shell:Creating package script '/abb_ws/install/abb_path_controller/share/abb_path_controller/package.zsh'
[3.229s] Level 1:colcon.colcon_core.environment:create_file_with_runtime_dependencies(/abb_ws/install/abb_path_controller/share/colcon-core/packages/abb_path_controller)
[3.231s] Level 1:colcon.colcon_core.environment:checking '/abb_ws/install/abb_tf_generator' for CMake module files
[3.232s] DEBUG:colcon.colcon_core.event_handler.log_command:Invoked command in '/abb_ws/src/abb_tf_generator' returned '0': PYTHONPATH=/abb_ws/build/abb_tf_generator/prefix_override:/usr/lib/python3/dist-packages/colcon_core/task/python/colcon_distutils_commands:/abb_ws/install/abb_tf_generator/lib/python3.10/site-packages:${PYTHONPATH} /usr/bin/python3 -W ignore:setup.py install is deprecated -W ignore:easy_install command is deprecated setup.py egg_info --egg-base ../../build/abb_tf_generator build --build-base /abb_ws/build/abb_tf_generator/build install --record /abb_ws/build/abb_tf_generator/install.log --single-version-externally-managed install_data
[3.232s] Level 1:colcon.colcon_core.environment:checking '/abb_ws/install/abb_tf_generator' for CMake config files
[3.233s] Level 1:colcon.colcon_core.environment:checking '/abb_ws/install/abb_tf_generator/lib'
[3.233s] Level 1:colcon.colcon_core.environment:checking '/abb_ws/install/abb_tf_generator/bin'
[3.233s] Level 1:colcon.colcon_core.environment:checking '/abb_ws/install/abb_tf_generator/lib/pkgconfig/abb_tf_generator.pc'
[3.233s] Level 1:colcon.colcon_core.environment:checking '/abb_ws/install/abb_tf_generator/lib/python3.10/site-packages'
[3.233s] Level 1:colcon.colcon_core.shell:create_environment_hook('abb_tf_generator', 'pythonpath')
[3.234s] INFO:colcon.colcon_core.shell:Creating environment hook '/abb_ws/install/abb_tf_generator/share/abb_tf_generator/hook/pythonpath.ps1'
[3.234s] INFO:colcon.colcon_core.shell:Creating environment descriptor '/abb_ws/install/abb_tf_generator/share/abb_tf_generator/hook/pythonpath.dsv'
[3.235s] INFO:colcon.colcon_core.shell:Creating environment hook '/abb_ws/install/abb_tf_generator/share/abb_tf_generator/hook/pythonpath.sh'
[3.236s] Level 1:colcon.colcon_core.environment:checking '/abb_ws/install/abb_tf_generator/bin'
[3.236s] Level 1:colcon.colcon_core.environment:create_environment_scripts_only(abb_tf_generator)
[3.236s] INFO:colcon.colcon_core.shell:Creating package script '/abb_ws/install/abb_tf_generator/share/abb_tf_generator/package.ps1'
[3.237s] INFO:colcon.colcon_core.shell:Creating package descriptor '/abb_ws/install/abb_tf_generator/share/abb_tf_generator/package.dsv'
[3.238s] INFO:colcon.colcon_core.shell:Creating package script '/abb_ws/install/abb_tf_generator/share/abb_tf_generator/package.sh'
[3.238s] INFO:colcon.colcon_core.shell:Creating package script '/abb_ws/install/abb_tf_generator/share/abb_tf_generator/package.bash'
[3.239s] INFO:colcon.colcon_core.shell:Creating package script '/abb_ws/install/abb_tf_generator/share/abb_tf_generator/package.zsh'
[3.240s] Level 1:colcon.colcon_core.environment:create_file_with_runtime_dependencies(/abb_ws/install/abb_tf_generator/share/colcon-core/packages/abb_tf_generator)
[6.308s] DEBUG:colcon.colcon_core.event_handler.log_command:Invoked command in '/abb_ws/build/abb_mujoco_sim' returned '0': CMAKE_PREFIX_PATH=${CMAKE_PREFIX_PATH}:/abb_ws/install/abb_tf_generator:/abb_ws/install/abb_path_generator:/abb_ws/install/abb_path_controller:/abb_ws/install/abb_mujoco_python:/abb_ws/install/abb_ik_solver:/opt/ros/humble /usr/bin/cmake --build /abb_ws/build/abb_mujoco_sim -- -j12 -l12
[6.309s] DEBUG:colcon.colcon_core.event_handler.log_command:Invoking command in '/abb_ws/build/abb_mujoco_sim': CMAKE_PREFIX_PATH=${CMAKE_PREFIX_PATH}:/abb_ws/install/abb_tf_generator:/abb_ws/install/abb_path_generator:/abb_ws/install/abb_path_controller:/abb_ws/install/abb_mujoco_python:/abb_ws/install/abb_ik_solver:/opt/ros/humble /usr/bin/cmake --install /abb_ws/build/abb_mujoco_sim
[6.322s] Level 1:colcon.colcon_core.environment:create_environment_scripts_only(abb_mujoco_sim)
[6.323s] Level 1:colcon.colcon_core.environment:checking '/abb_ws/install/abb_mujoco_sim' for CMake module files
[6.324s] Level 1:colcon.colcon_core.environment:checking '/abb_ws/install/abb_mujoco_sim' for CMake config files
[6.324s] DEBUG:colcon.colcon_core.event_handler.log_command:Invoked command in '/abb_ws/build/abb_mujoco_sim' returned '0': CMAKE_PREFIX_PATH=${CMAKE_PREFIX_PATH}:/abb_ws/install/abb_tf_generator:/abb_ws/install/abb_path_generator:/abb_ws/install/abb_path_controller:/abb_ws/install/abb_mujoco_python:/abb_ws/install/abb_ik_solver:/opt/ros/humble /usr/bin/cmake --install /abb_ws/build/abb_mujoco_sim
[6.324s] Level 1:colcon.colcon_core.shell:create_environment_hook('abb_mujoco_sim', 'cmake_prefix_path')
[6.325s] INFO:colcon.colcon_core.shell:Creating environment hook '/abb_ws/install/abb_mujoco_sim/share/abb_mujoco_sim/hook/cmake_prefix_path.ps1'
[6.325s] INFO:colcon.colcon_core.shell:Creating environment descriptor '/abb_ws/install/abb_mujoco_sim/share/abb_mujoco_sim/hook/cmake_prefix_path.dsv'
[6.326s] INFO:colcon.colcon_core.shell:Creating environment hook '/abb_ws/install/abb_mujoco_sim/share/abb_mujoco_sim/hook/cmake_prefix_path.sh'
[6.327s] Level 1:colcon.colcon_core.environment:checking '/abb_ws/install/abb_mujoco_sim/lib'
[6.327s] Level 1:colcon.colcon_core.shell:create_environment_hook('abb_mujoco_sim', 'ld_library_path_lib')
[6.327s] INFO:colcon.colcon_core.shell:Creating environment hook '/abb_ws/install/abb_mujoco_sim/share/abb_mujoco_sim/hook/ld_library_path_lib.ps1'
[6.328s] INFO:colcon.colcon_core.shell:Creating environment descriptor '/abb_ws/install/abb_mujoco_sim/share/abb_mujoco_sim/hook/ld_library_path_lib.dsv'
[6.328s] INFO:colcon.colcon_core.shell:Creating environment hook '/abb_ws/install/abb_mujoco_sim/share/abb_mujoco_sim/hook/ld_library_path_lib.sh'
[6.329s] Level 1:colcon.colcon_core.environment:checking '/abb_ws/install/abb_mujoco_sim/bin'
[6.329s] Level 1:colcon.colcon_core.environment:checking '/abb_ws/install/abb_mujoco_sim/lib/pkgconfig/abb_mujoco_sim.pc'
[6.329s] Level 1:colcon.colcon_core.environment:checking '/abb_ws/install/abb_mujoco_sim/lib/python3.10/site-packages'
[6.330s] Level 1:colcon.colcon_core.environment:checking '/abb_ws/install/abb_mujoco_sim/bin'
[6.330s] INFO:colcon.colcon_core.shell:Creating package script '/abb_ws/install/abb_mujoco_sim/share/abb_mujoco_sim/package.ps1'
[6.331s] INFO:colcon.colcon_core.shell:Creating package descriptor '/abb_ws/install/abb_mujoco_sim/share/abb_mujoco_sim/package.dsv'
[6.331s] INFO:colcon.colcon_core.shell:Creating package script '/abb_ws/install/abb_mujoco_sim/share/abb_mujoco_sim/package.sh'
[6.332s] INFO:colcon.colcon_core.shell:Creating package script '/abb_ws/install/abb_mujoco_sim/share/abb_mujoco_sim/package.bash'
[6.332s] INFO:colcon.colcon_core.shell:Creating package script '/abb_ws/install/abb_mujoco_sim/share/abb_mujoco_sim/package.zsh'
[6.333s] Level 1:colcon.colcon_core.environment:create_file_with_runtime_dependencies(/abb_ws/install/abb_mujoco_sim/share/colcon-core/packages/abb_mujoco_sim)
[6.334s] Level 1:colcon.colcon_core.environment:create_environment_scripts_only(abb_mujoco_sim)
[6.334s] Level 1:colcon.colcon_core.environment:checking '/abb_ws/install/abb_mujoco_sim' for CMake module files
[6.335s] Level 1:colcon.colcon_core.environment:checking '/abb_ws/install/abb_mujoco_sim' for CMake config files
[6.335s] Level 1:colcon.colcon_core.shell:create_environment_hook('abb_mujoco_sim', 'cmake_prefix_path')
[6.335s] INFO:colcon.colcon_core.shell:Creating environment hook '/abb_ws/install/abb_mujoco_sim/share/abb_mujoco_sim/hook/cmake_prefix_path.ps1'
[6.336s] INFO:colcon.colcon_core.shell:Creating environment descriptor '/abb_ws/install/abb_mujoco_sim/share/abb_mujoco_sim/hook/cmake_prefix_path.dsv'
[6.336s] INFO:colcon.colcon_core.shell:Creating environment hook '/abb_ws/install/abb_mujoco_sim/share/abb_mujoco_sim/hook/cmake_prefix_path.sh'
[6.337s] Level 1:colcon.colcon_core.environment:checking '/abb_ws/install/abb_mujoco_sim/lib'
[6.337s] Level 1:colcon.colcon_core.shell:create_environment_hook('abb_mujoco_sim', 'ld_library_path_lib')
[6.338s] INFO:colcon.colcon_core.shell:Creating environment hook '/abb_ws/install/abb_mujoco_sim/share/abb_mujoco_sim/hook/ld_library_path_lib.ps1'
[6.338s] INFO:colcon.colcon_core.shell:Creating environment descriptor '/abb_ws/install/abb_mujoco_sim/share/abb_mujoco_sim/hook/ld_library_path_lib.dsv'
[6.339s] INFO:colcon.colcon_core.shell:Creating environment hook '/abb_ws/install/abb_mujoco_sim/share/abb_mujoco_sim/hook/ld_library_path_lib.sh'
[6.339s] Level 1:colcon.colcon_core.environment:checking '/abb_ws/install/abb_mujoco_sim/bin'
[6.340s] Level 1:colcon.colcon_core.environment:checking '/abb_ws/install/abb_mujoco_sim/lib/pkgconfig/abb_mujoco_sim.pc'
[6.340s] Level 1:colcon.colcon_core.environment:checking '/abb_ws/install/abb_mujoco_sim/lib/python3.10/site-packages'
[6.340s] Level 1:colcon.colcon_core.environment:checking '/abb_ws/install/abb_mujoco_sim/bin'
[6.341s] INFO:colcon.colcon_core.shell:Creating package script '/abb_ws/install/abb_mujoco_sim/share/abb_mujoco_sim/package.ps1'
[6.342s] INFO:colcon.colcon_core.shell:Creating package descriptor '/abb_ws/install/abb_mujoco_sim/share/abb_mujoco_sim/package.dsv'
[6.342s] INFO:colcon.colcon_core.shell:Creating package script '/abb_ws/install/abb_mujoco_sim/share/abb_mujoco_sim/package.sh'
[6.343s] INFO:colcon.colcon_core.shell:Creating package script '/abb_ws/install/abb_mujoco_sim/share/abb_mujoco_sim/package.bash'
[6.344s] INFO:colcon.colcon_core.shell:Creating package script '/abb_ws/install/abb_mujoco_sim/share/abb_mujoco_sim/package.zsh'
[6.344s] Level 1:colcon.colcon_core.environment:create_file_with_runtime_dependencies(/abb_ws/install/abb_mujoco_sim/share/colcon-core/packages/abb_mujoco_sim)
[6.344s] DEBUG:colcon.colcon_parallel_executor.executor.parallel:closing loop
[6.345s] DEBUG:colcon.colcon_parallel_executor.executor.parallel:loop closed
[6.345s] DEBUG:colcon.colcon_parallel_executor.executor.parallel:run_until_complete finished with '0'
[6.346s] DEBUG:colcon.colcon_core.event_reactor:joining thread
[6.353s] INFO:colcon.colcon_core.plugin_system:Skipping extension 'colcon_notification.desktop_notification.notify_send': Could not find 'notify-send'
[6.353s] INFO:colcon.colcon_core.plugin_system:Skipping extension 'colcon_notification.desktop_notification.terminal_notifier': Not used on non-Darwin systems
[6.353s] INFO:colcon.colcon_core.plugin_system:Skipping extension 'colcon_notification.desktop_notification.win32': Not used on non-Windows systems
[6.354s] INFO:colcon.colcon_notification.desktop_notification:Sending desktop notification using 'notify2'
[6.356s] DEBUG:colcon.colcon_notification.desktop_notification.notify2:Failed to initialize notify2: org.freedesktop.DBus.Error.Spawn.ExecFailed: /usr/bin/dbus-launch terminated abnormally without any error message
[6.356s] DEBUG:colcon.colcon_core.event_reactor:joined thread
[6.357s] INFO:colcon.colcon_core.shell:Creating prefix script '/abb_ws/install/local_setup.ps1'
[6.359s] INFO:colcon.colcon_core.shell:Creating prefix util module '/abb_ws/install/_local_setup_util_ps1.py'
[6.362s] INFO:colcon.colcon_core.shell:Creating prefix chain script '/abb_ws/install/setup.ps1'
[6.364s] INFO:colcon.colcon_core.shell:Creating prefix script '/abb_ws/install/local_setup.sh'
[6.365s] INFO:colcon.colcon_core.shell:Creating prefix util module '/abb_ws/install/_local_setup_util_sh.py'
[6.365s] INFO:colcon.colcon_core.shell:Creating prefix chain script '/abb_ws/install/setup.sh'
[6.367s] INFO:colcon.colcon_core.shell:Creating prefix script '/abb_ws/install/local_setup.bash'
[6.368s] INFO:colcon.colcon_core.shell:Creating prefix chain script '/abb_ws/install/setup.bash'
[6.370s] INFO:colcon.colcon_core.shell:Creating prefix script '/abb_ws/install/local_setup.zsh'
[6.370s] INFO:colcon.colcon_core.shell:Creating prefix chain script '/abb_ws/install/setup.zsh'
