[0.109s] DEBUG:colcon:Command line arguments: ['/home/eia/.local/bin/colcon', 'build', '--symlink-install']
[0.109s] DEBUG:colcon:Parsed command line arguments: Namespace(log_base=None, log_level=None, verb_name='build', build_base='build', install_base='install', merge_install=False, symlink_install=True, test_result_base=None, continue_on_error=False, executor='parallel', parallel_workers=12, event_handlers=None, ignore_user_meta=False, metas=['./colcon.meta'], base_paths=['.'], packages_ignore=None, packages_ignore_regex=None, paths=None, packages_up_to=None, packages_up_to_regex=None, packages_above=None, packages_above_and_dependencies=None, packages_above_depth=None, packages_select_by_dep=None, packages_skip_by_dep=None, packages_skip_up_to=None, packages_select_build_failed=False, packages_skip_build_finished=False, packages_select_test_failures=False, packages_skip_test_passed=False, packages_select=None, packages_skip=None, packages_select_regex=None, packages_skip_regex=None, packages_start=None, packages_end=None, cmake_args=None, cmake_target=None, cmake_target_skip_unavailable=False, cmake_clean_cache=False, cmake_clean_first=False, cmake_force_configure=False, ament_cmake_args=None, catkin_cmake_args=None, catkin_skip_building_tests=False, verb_parser=<colcon_defaults.argument_parser.defaults.DefaultArgumentsDecorator object at 0x73c34b04cf10>, verb_extension=<colcon_core.verb.build.BuildVerb object at 0x73c34b1c9ae0>, main=<bound method BuildVerb.main of <colcon_core.verb.build.BuildVerb object at 0x73c34b1c9ae0>>)
[0.265s] Level 1:colcon.colcon_core.package_discovery:discover_packages(colcon_meta) check parameters
[0.265s] Level 1:colcon.colcon_core.package_discovery:discover_packages(recursive) check parameters
[0.265s] Level 1:colcon.colcon_core.package_discovery:discover_packages(ignore) check parameters
[0.265s] Level 1:colcon.colcon_core.package_discovery:discover_packages(path) check parameters
[0.265s] Level 1:colcon.colcon_core.package_discovery:discover_packages(colcon_meta) discover
[0.265s] Level 1:colcon.colcon_core.package_discovery:discover_packages(recursive) discover
[0.265s] INFO:colcon.colcon_core.package_discovery:Crawling recursively for packages in '/home/eia/repo/rbi_2025_2/scara/scara_ws'
[0.266s] Level 1:colcon.colcon_core.package_identification:_identify(.) by extensions ['ignore', 'ignore_ament_install']
[0.266s] Level 1:colcon.colcon_core.package_identification:_identify(.) by extension 'ignore'
[0.266s] Level 1:colcon.colcon_core.package_identification:_identify(.) by extension 'ignore_ament_install'
[0.266s] Level 1:colcon.colcon_core.package_identification:_identify(.) by extensions ['colcon_pkg']
[0.266s] Level 1:colcon.colcon_core.package_identification:_identify(.) by extension 'colcon_pkg'
[0.266s] Level 1:colcon.colcon_core.package_identification:_identify(.) by extensions ['colcon_meta']
[0.266s] Level 1:colcon.colcon_core.package_identification:_identify(.) by extension 'colcon_meta'
[0.266s] Level 1:colcon.colcon_core.package_identification:_identify(.) by extensions ['ros']
[0.266s] Level 1:colcon.colcon_core.package_identification:_identify(.) by extension 'ros'
[0.285s] Level 1:colcon.colcon_core.package_identification:_identify(.) by extensions ['cmake', 'python']
[0.285s] Level 1:colcon.colcon_core.package_identification:_identify(.) by extension 'cmake'
[0.285s] Level 1:colcon.colcon_core.package_identification:_identify(.) by extension 'python'
[0.285s] Level 1:colcon.colcon_core.package_identification:_identify(.) by extensions ['python_setup_py']
[0.285s] Level 1:colcon.colcon_core.package_identification:_identify(.) by extension 'python_setup_py'
[0.285s] Level 1:colcon.colcon_core.package_identification:_identify(build) by extensions ['ignore', 'ignore_ament_install']
[0.285s] Level 1:colcon.colcon_core.package_identification:_identify(build) by extension 'ignore'
[0.285s] Level 1:colcon.colcon_core.package_identification:_identify(build) ignored
[0.286s] Level 1:colcon.colcon_core.package_identification:_identify(install) by extensions ['ignore', 'ignore_ament_install']
[0.286s] Level 1:colcon.colcon_core.package_identification:_identify(install) by extension 'ignore'
[0.286s] Level 1:colcon.colcon_core.package_identification:_identify(install) ignored
[0.286s] Level 1:colcon.colcon_core.package_identification:_identify(log) by extensions ['ignore', 'ignore_ament_install']
[0.286s] Level 1:colcon.colcon_core.package_identification:_identify(log) by extension 'ignore'
[0.286s] Level 1:colcon.colcon_core.package_identification:_identify(log) ignored
[0.286s] Level 1:colcon.colcon_core.package_identification:_identify(mujoco) by extensions ['ignore', 'ignore_ament_install']
[0.286s] Level 1:colcon.colcon_core.package_identification:_identify(mujoco) by extension 'ignore'
[0.286s] Level 1:colcon.colcon_core.package_identification:_identify(mujoco) by extension 'ignore_ament_install'
[0.286s] Level 1:colcon.colcon_core.package_identification:_identify(mujoco) by extensions ['colcon_pkg']
[0.286s] Level 1:colcon.colcon_core.package_identification:_identify(mujoco) by extension 'colcon_pkg'
[0.286s] Level 1:colcon.colcon_core.package_identification:_identify(mujoco) by extensions ['colcon_meta']
[0.286s] Level 1:colcon.colcon_core.package_identification:_identify(mujoco) by extension 'colcon_meta'
[0.286s] Level 1:colcon.colcon_core.package_identification:_identify(mujoco) by extensions ['ros']
[0.286s] Level 1:colcon.colcon_core.package_identification:_identify(mujoco) by extension 'ros'
[0.286s] Level 1:colcon.colcon_core.package_identification:_identify(mujoco) by extensions ['cmake', 'python']
[0.286s] Level 1:colcon.colcon_core.package_identification:_identify(mujoco) by extension 'cmake'
[0.286s] Level 1:colcon.colcon_core.package_identification:_identify(mujoco) by extension 'python'
[0.286s] Level 1:colcon.colcon_core.package_identification:_identify(mujoco) by extensions ['python_setup_py']
[0.287s] Level 1:colcon.colcon_core.package_identification:_identify(mujoco) by extension 'python_setup_py'
[0.287s] Level 1:colcon.colcon_core.package_identification:_identify(mujoco/bin) by extensions ['ignore', 'ignore_ament_install']
[0.287s] Level 1:colcon.colcon_core.package_identification:_identify(mujoco/bin) by extension 'ignore'
[0.287s] Level 1:colcon.colcon_core.package_identification:_identify(mujoco/bin) by extension 'ignore_ament_install'
[0.287s] Level 1:colcon.colcon_core.package_identification:_identify(mujoco/bin) by extensions ['colcon_pkg']
[0.287s] Level 1:colcon.colcon_core.package_identification:_identify(mujoco/bin) by extension 'colcon_pkg'
[0.287s] Level 1:colcon.colcon_core.package_identification:_identify(mujoco/bin) by extensions ['colcon_meta']
[0.287s] Level 1:colcon.colcon_core.package_identification:_identify(mujoco/bin) by extension 'colcon_meta'
[0.287s] Level 1:colcon.colcon_core.package_identification:_identify(mujoco/bin) by extensions ['ros']
[0.287s] Level 1:colcon.colcon_core.package_identification:_identify(mujoco/bin) by extension 'ros'
[0.287s] Level 1:colcon.colcon_core.package_identification:_identify(mujoco/bin) by extensions ['cmake', 'python']
[0.287s] Level 1:colcon.colcon_core.package_identification:_identify(mujoco/bin) by extension 'cmake'
[0.287s] Level 1:colcon.colcon_core.package_identification:_identify(mujoco/bin) by extension 'python'
[0.287s] Level 1:colcon.colcon_core.package_identification:_identify(mujoco/bin) by extensions ['python_setup_py']
[0.287s] Level 1:colcon.colcon_core.package_identification:_identify(mujoco/bin) by extension 'python_setup_py'
[0.287s] Level 1:colcon.colcon_core.package_identification:_identify(mujoco/bin/mujoco_plugin) by extensions ['ignore', 'ignore_ament_install']
[0.287s] Level 1:colcon.colcon_core.package_identification:_identify(mujoco/bin/mujoco_plugin) by extension 'ignore'
[0.287s] Level 1:colcon.colcon_core.package_identification:_identify(mujoco/bin/mujoco_plugin) by extension 'ignore_ament_install'
[0.287s] Level 1:colcon.colcon_core.package_identification:_identify(mujoco/bin/mujoco_plugin) by extensions ['colcon_pkg']
[0.287s] Level 1:colcon.colcon_core.package_identification:_identify(mujoco/bin/mujoco_plugin) by extension 'colcon_pkg'
[0.287s] Level 1:colcon.colcon_core.package_identification:_identify(mujoco/bin/mujoco_plugin) by extensions ['colcon_meta']
[0.287s] Level 1:colcon.colcon_core.package_identification:_identify(mujoco/bin/mujoco_plugin) by extension 'colcon_meta'
[0.287s] Level 1:colcon.colcon_core.package_identification:_identify(mujoco/bin/mujoco_plugin) by extensions ['ros']
[0.288s] Level 1:colcon.colcon_core.package_identification:_identify(mujoco/bin/mujoco_plugin) by extension 'ros'
[0.288s] Level 1:colcon.colcon_core.package_identification:_identify(mujoco/bin/mujoco_plugin) by extensions ['cmake', 'python']
[0.288s] Level 1:colcon.colcon_core.package_identification:_identify(mujoco/bin/mujoco_plugin) by extension 'cmake'
[0.288s] Level 1:colcon.colcon_core.package_identification:_identify(mujoco/bin/mujoco_plugin) by extension 'python'
[0.288s] Level 1:colcon.colcon_core.package_identification:_identify(mujoco/bin/mujoco_plugin) by extensions ['python_setup_py']
[0.288s] Level 1:colcon.colcon_core.package_identification:_identify(mujoco/bin/mujoco_plugin) by extension 'python_setup_py'
[0.288s] Level 1:colcon.colcon_core.package_identification:_identify(mujoco/include) by extensions ['ignore', 'ignore_ament_install']
[0.288s] Level 1:colcon.colcon_core.package_identification:_identify(mujoco/include) by extension 'ignore'
[0.288s] Level 1:colcon.colcon_core.package_identification:_identify(mujoco/include) by extension 'ignore_ament_install'
[0.288s] Level 1:colcon.colcon_core.package_identification:_identify(mujoco/include) by extensions ['colcon_pkg']
[0.288s] Level 1:colcon.colcon_core.package_identification:_identify(mujoco/include) by extension 'colcon_pkg'
[0.288s] Level 1:colcon.colcon_core.package_identification:_identify(mujoco/include) by extensions ['colcon_meta']
[0.288s] Level 1:colcon.colcon_core.package_identification:_identify(mujoco/include) by extension 'colcon_meta'
[0.288s] Level 1:colcon.colcon_core.package_identification:_identify(mujoco/include) by extensions ['ros']
[0.288s] Level 1:colcon.colcon_core.package_identification:_identify(mujoco/include) by extension 'ros'
[0.288s] Level 1:colcon.colcon_core.package_identification:_identify(mujoco/include) by extensions ['cmake', 'python']
[0.288s] Level 1:colcon.colcon_core.package_identification:_identify(mujoco/include) by extension 'cmake'
[0.288s] Level 1:colcon.colcon_core.package_identification:_identify(mujoco/include) by extension 'python'
[0.288s] Level 1:colcon.colcon_core.package_identification:_identify(mujoco/include) by extensions ['python_setup_py']
[0.288s] Level 1:colcon.colcon_core.package_identification:_identify(mujoco/include) by extension 'python_setup_py'
[0.288s] Level 1:colcon.colcon_core.package_identification:_identify(mujoco/include/mujoco) by extensions ['ignore', 'ignore_ament_install']
[0.288s] Level 1:colcon.colcon_core.package_identification:_identify(mujoco/include/mujoco) by extension 'ignore'
[0.288s] Level 1:colcon.colcon_core.package_identification:_identify(mujoco/include/mujoco) by extension 'ignore_ament_install'
[0.289s] Level 1:colcon.colcon_core.package_identification:_identify(mujoco/include/mujoco) by extensions ['colcon_pkg']
[0.289s] Level 1:colcon.colcon_core.package_identification:_identify(mujoco/include/mujoco) by extension 'colcon_pkg'
[0.289s] Level 1:colcon.colcon_core.package_identification:_identify(mujoco/include/mujoco) by extensions ['colcon_meta']
[0.289s] Level 1:colcon.colcon_core.package_identification:_identify(mujoco/include/mujoco) by extension 'colcon_meta'
[0.289s] Level 1:colcon.colcon_core.package_identification:_identify(mujoco/include/mujoco) by extensions ['ros']
[0.289s] Level 1:colcon.colcon_core.package_identification:_identify(mujoco/include/mujoco) by extension 'ros'
[0.289s] Level 1:colcon.colcon_core.package_identification:_identify(mujoco/include/mujoco) by extensions ['cmake', 'python']
[0.289s] Level 1:colcon.colcon_core.package_identification:_identify(mujoco/include/mujoco) by extension 'cmake'
[0.289s] Level 1:colcon.colcon_core.package_identification:_identify(mujoco/include/mujoco) by extension 'python'
[0.289s] Level 1:colcon.colcon_core.package_identification:_identify(mujoco/include/mujoco) by extensions ['python_setup_py']
[0.289s] Level 1:colcon.colcon_core.package_identification:_identify(mujoco/include/mujoco) by extension 'python_setup_py'
[0.289s] Level 1:colcon.colcon_core.package_identification:_identify(mujoco/include/mujoco/experimental) by extensions ['ignore', 'ignore_ament_install']
[0.289s] Level 1:colcon.colcon_core.package_identification:_identify(mujoco/include/mujoco/experimental) by extension 'ignore'
[0.289s] Level 1:colcon.colcon_core.package_identification:_identify(mujoco/include/mujoco/experimental) by extension 'ignore_ament_install'
[0.289s] Level 1:colcon.colcon_core.package_identification:_identify(mujoco/include/mujoco/experimental) by extensions ['colcon_pkg']
[0.289s] Level 1:colcon.colcon_core.package_identification:_identify(mujoco/include/mujoco/experimental) by extension 'colcon_pkg'
[0.289s] Level 1:colcon.colcon_core.package_identification:_identify(mujoco/include/mujoco/experimental) by extensions ['colcon_meta']
[0.289s] Level 1:colcon.colcon_core.package_identification:_identify(mujoco/include/mujoco/experimental) by extension 'colcon_meta'
[0.289s] Level 1:colcon.colcon_core.package_identification:_identify(mujoco/include/mujoco/experimental) by extensions ['ros']
[0.289s] Level 1:colcon.colcon_core.package_identification:_identify(mujoco/include/mujoco/experimental) by extension 'ros'
[0.289s] Level 1:colcon.colcon_core.package_identification:_identify(mujoco/include/mujoco/experimental) by extensions ['cmake', 'python']
[0.289s] Level 1:colcon.colcon_core.package_identification:_identify(mujoco/include/mujoco/experimental) by extension 'cmake'
[0.289s] Level 1:colcon.colcon_core.package_identification:_identify(mujoco/include/mujoco/experimental) by extension 'python'
[0.290s] Level 1:colcon.colcon_core.package_identification:_identify(mujoco/include/mujoco/experimental) by extensions ['python_setup_py']
[0.290s] Level 1:colcon.colcon_core.package_identification:_identify(mujoco/include/mujoco/experimental) by extension 'python_setup_py'
[0.290s] Level 1:colcon.colcon_core.package_identification:_identify(mujoco/include/mujoco/experimental/usd) by extensions ['ignore', 'ignore_ament_install']
[0.290s] Level 1:colcon.colcon_core.package_identification:_identify(mujoco/include/mujoco/experimental/usd) by extension 'ignore'
[0.290s] Level 1:colcon.colcon_core.package_identification:_identify(mujoco/include/mujoco/experimental/usd) by extension 'ignore_ament_install'
[0.290s] Level 1:colcon.colcon_core.package_identification:_identify(mujoco/include/mujoco/experimental/usd) by extensions ['colcon_pkg']
[0.290s] Level 1:colcon.colcon_core.package_identification:_identify(mujoco/include/mujoco/experimental/usd) by extension 'colcon_pkg'
[0.290s] Level 1:colcon.colcon_core.package_identification:_identify(mujoco/include/mujoco/experimental/usd) by extensions ['colcon_meta']
[0.290s] Level 1:colcon.colcon_core.package_identification:_identify(mujoco/include/mujoco/experimental/usd) by extension 'colcon_meta'
[0.290s] Level 1:colcon.colcon_core.package_identification:_identify(mujoco/include/mujoco/experimental/usd) by extensions ['ros']
[0.290s] Level 1:colcon.colcon_core.package_identification:_identify(mujoco/include/mujoco/experimental/usd) by extension 'ros'
[0.290s] Level 1:colcon.colcon_core.package_identification:_identify(mujoco/include/mujoco/experimental/usd) by extensions ['cmake', 'python']
[0.290s] Level 1:colcon.colcon_core.package_identification:_identify(mujoco/include/mujoco/experimental/usd) by extension 'cmake'
[0.290s] Level 1:colcon.colcon_core.package_identification:_identify(mujoco/include/mujoco/experimental/usd) by extension 'python'
[0.290s] Level 1:colcon.colcon_core.package_identification:_identify(mujoco/include/mujoco/experimental/usd) by extensions ['python_setup_py']
[0.290s] Level 1:colcon.colcon_core.package_identification:_identify(mujoco/include/mujoco/experimental/usd) by extension 'python_setup_py'
[0.290s] Level 1:colcon.colcon_core.package_identification:_identify(mujoco/include/mujoco/experimental/usd/mjcPhysics) by extensions ['ignore', 'ignore_ament_install']
[0.290s] Level 1:colcon.colcon_core.package_identification:_identify(mujoco/include/mujoco/experimental/usd/mjcPhysics) by extension 'ignore'
[0.290s] Level 1:colcon.colcon_core.package_identification:_identify(mujoco/include/mujoco/experimental/usd/mjcPhysics) by extension 'ignore_ament_install'
[0.290s] Level 1:colcon.colcon_core.package_identification:_identify(mujoco/include/mujoco/experimental/usd/mjcPhysics) by extensions ['colcon_pkg']
[0.291s] Level 1:colcon.colcon_core.package_identification:_identify(mujoco/include/mujoco/experimental/usd/mjcPhysics) by extension 'colcon_pkg'
[0.291s] Level 1:colcon.colcon_core.package_identification:_identify(mujoco/include/mujoco/experimental/usd/mjcPhysics) by extensions ['colcon_meta']
[0.291s] Level 1:colcon.colcon_core.package_identification:_identify(mujoco/include/mujoco/experimental/usd/mjcPhysics) by extension 'colcon_meta'
[0.291s] Level 1:colcon.colcon_core.package_identification:_identify(mujoco/include/mujoco/experimental/usd/mjcPhysics) by extensions ['ros']
[0.291s] Level 1:colcon.colcon_core.package_identification:_identify(mujoco/include/mujoco/experimental/usd/mjcPhysics) by extension 'ros'
[0.291s] Level 1:colcon.colcon_core.package_identification:_identify(mujoco/include/mujoco/experimental/usd/mjcPhysics) by extensions ['cmake', 'python']
[0.291s] Level 1:colcon.colcon_core.package_identification:_identify(mujoco/include/mujoco/experimental/usd/mjcPhysics) by extension 'cmake'
[0.291s] Level 1:colcon.colcon_core.package_identification:_identify(mujoco/include/mujoco/experimental/usd/mjcPhysics) by extension 'python'
[0.291s] Level 1:colcon.colcon_core.package_identification:_identify(mujoco/include/mujoco/experimental/usd/mjcPhysics) by extensions ['python_setup_py']
[0.291s] Level 1:colcon.colcon_core.package_identification:_identify(mujoco/include/mujoco/experimental/usd/mjcPhysics) by extension 'python_setup_py'
[0.291s] Level 1:colcon.colcon_core.package_identification:_identify(mujoco/lib) by extensions ['ignore', 'ignore_ament_install']
[0.291s] Level 1:colcon.colcon_core.package_identification:_identify(mujoco/lib) by extension 'ignore'
[0.291s] Level 1:colcon.colcon_core.package_identification:_identify(mujoco/lib) by extension 'ignore_ament_install'
[0.291s] Level 1:colcon.colcon_core.package_identification:_identify(mujoco/lib) by extensions ['colcon_pkg']
[0.291s] Level 1:colcon.colcon_core.package_identification:_identify(mujoco/lib) by extension 'colcon_pkg'
[0.291s] Level 1:colcon.colcon_core.package_identification:_identify(mujoco/lib) by extensions ['colcon_meta']
[0.291s] Level 1:colcon.colcon_core.package_identification:_identify(mujoco/lib) by extension 'colcon_meta'
[0.291s] Level 1:colcon.colcon_core.package_identification:_identify(mujoco/lib) by extensions ['ros']
[0.291s] Level 1:colcon.colcon_core.package_identification:_identify(mujoco/lib) by extension 'ros'
[0.291s] Level 1:colcon.colcon_core.package_identification:_identify(mujoco/lib) by extensions ['cmake', 'python']
[0.291s] Level 1:colcon.colcon_core.package_identification:_identify(mujoco/lib) by extension 'cmake'
[0.291s] Level 1:colcon.colcon_core.package_identification:_identify(mujoco/lib) by extension 'python'
[0.291s] Level 1:colcon.colcon_core.package_identification:_identify(mujoco/lib) by extensions ['python_setup_py']
[0.291s] Level 1:colcon.colcon_core.package_identification:_identify(mujoco/lib) by extension 'python_setup_py'
[0.292s] Level 1:colcon.colcon_core.package_identification:_identify(mujoco/model) by extensions ['ignore', 'ignore_ament_install']
[0.292s] Level 1:colcon.colcon_core.package_identification:_identify(mujoco/model) by extension 'ignore'
[0.292s] Level 1:colcon.colcon_core.package_identification:_identify(mujoco/model) by extension 'ignore_ament_install'
[0.292s] Level 1:colcon.colcon_core.package_identification:_identify(mujoco/model) by extensions ['colcon_pkg']
[0.292s] Level 1:colcon.colcon_core.package_identification:_identify(mujoco/model) by extension 'colcon_pkg'
[0.292s] Level 1:colcon.colcon_core.package_identification:_identify(mujoco/model) by extensions ['colcon_meta']
[0.292s] Level 1:colcon.colcon_core.package_identification:_identify(mujoco/model) by extension 'colcon_meta'
[0.292s] Level 1:colcon.colcon_core.package_identification:_identify(mujoco/model) by extensions ['ros']
[0.292s] Level 1:colcon.colcon_core.package_identification:_identify(mujoco/model) by extension 'ros'
[0.292s] Level 1:colcon.colcon_core.package_identification:_identify(mujoco/model) by extensions ['cmake', 'python']
[0.292s] Level 1:colcon.colcon_core.package_identification:_identify(mujoco/model) by extension 'cmake'
[0.292s] Level 1:colcon.colcon_core.package_identification:_identify(mujoco/model) by extension 'python'
[0.292s] Level 1:colcon.colcon_core.package_identification:_identify(mujoco/model) by extensions ['python_setup_py']
[0.292s] Level 1:colcon.colcon_core.package_identification:_identify(mujoco/model) by extension 'python_setup_py'
[0.292s] Level 1:colcon.colcon_core.package_identification:_identify(mujoco/model/adhesion) by extensions ['ignore', 'ignore_ament_install']
[0.292s] Level 1:colcon.colcon_core.package_identification:_identify(mujoco/model/adhesion) by extension 'ignore'
[0.292s] Level 1:colcon.colcon_core.package_identification:_identify(mujoco/model/adhesion) by extension 'ignore_ament_install'
[0.292s] Level 1:colcon.colcon_core.package_identification:_identify(mujoco/model/adhesion) by extensions ['colcon_pkg']
[0.292s] Level 1:colcon.colcon_core.package_identification:_identify(mujoco/model/adhesion) by extension 'colcon_pkg'
[0.292s] Level 1:colcon.colcon_core.package_identification:_identify(mujoco/model/adhesion) by extensions ['colcon_meta']
[0.292s] Level 1:colcon.colcon_core.package_identification:_identify(mujoco/model/adhesion) by extension 'colcon_meta'
[0.292s] Level 1:colcon.colcon_core.package_identification:_identify(mujoco/model/adhesion) by extensions ['ros']
[0.292s] Level 1:colcon.colcon_core.package_identification:_identify(mujoco/model/adhesion) by extension 'ros'
[0.292s] Level 1:colcon.colcon_core.package_identification:_identify(mujoco/model/adhesion) by extensions ['cmake', 'python']
[0.293s] Level 1:colcon.colcon_core.package_identification:_identify(mujoco/model/adhesion) by extension 'cmake'
[0.293s] Level 1:colcon.colcon_core.package_identification:_identify(mujoco/model/adhesion) by extension 'python'
[0.293s] Level 1:colcon.colcon_core.package_identification:_identify(mujoco/model/adhesion) by extensions ['python_setup_py']
[0.293s] Level 1:colcon.colcon_core.package_identification:_identify(mujoco/model/adhesion) by extension 'python_setup_py'
[0.293s] Level 1:colcon.colcon_core.package_identification:_identify(mujoco/model/balloons) by extensions ['ignore', 'ignore_ament_install']
[0.293s] Level 1:colcon.colcon_core.package_identification:_identify(mujoco/model/balloons) by extension 'ignore'
[0.293s] Level 1:colcon.colcon_core.package_identification:_identify(mujoco/model/balloons) by extension 'ignore_ament_install'
[0.293s] Level 1:colcon.colcon_core.package_identification:_identify(mujoco/model/balloons) by extensions ['colcon_pkg']
[0.293s] Level 1:colcon.colcon_core.package_identification:_identify(mujoco/model/balloons) by extension 'colcon_pkg'
[0.293s] Level 1:colcon.colcon_core.package_identification:_identify(mujoco/model/balloons) by extensions ['colcon_meta']
[0.293s] Level 1:colcon.colcon_core.package_identification:_identify(mujoco/model/balloons) by extension 'colcon_meta'
[0.293s] Level 1:colcon.colcon_core.package_identification:_identify(mujoco/model/balloons) by extensions ['ros']
[0.293s] Level 1:colcon.colcon_core.package_identification:_identify(mujoco/model/balloons) by extension 'ros'
[0.293s] Level 1:colcon.colcon_core.package_identification:_identify(mujoco/model/balloons) by extensions ['cmake', 'python']
[0.293s] Level 1:colcon.colcon_core.package_identification:_identify(mujoco/model/balloons) by extension 'cmake'
[0.293s] Level 1:colcon.colcon_core.package_identification:_identify(mujoco/model/balloons) by extension 'python'
[0.293s] Level 1:colcon.colcon_core.package_identification:_identify(mujoco/model/balloons) by extensions ['python_setup_py']
[0.293s] Level 1:colcon.colcon_core.package_identification:_identify(mujoco/model/balloons) by extension 'python_setup_py'
[0.293s] Level 1:colcon.colcon_core.package_identification:_identify(mujoco/model/car) by extensions ['ignore', 'ignore_ament_install']
[0.293s] Level 1:colcon.colcon_core.package_identification:_identify(mujoco/model/car) by extension 'ignore'
[0.293s] Level 1:colcon.colcon_core.package_identification:_identify(mujoco/model/car) by extension 'ignore_ament_install'
[0.294s] Level 1:colcon.colcon_core.package_identification:_identify(mujoco/model/car) by extensions ['colcon_pkg']
[0.294s] Level 1:colcon.colcon_core.package_identification:_identify(mujoco/model/car) by extension 'colcon_pkg'
[0.294s] Level 1:colcon.colcon_core.package_identification:_identify(mujoco/model/car) by extensions ['colcon_meta']
[0.294s] Level 1:colcon.colcon_core.package_identification:_identify(mujoco/model/car) by extension 'colcon_meta'
[0.294s] Level 1:colcon.colcon_core.package_identification:_identify(mujoco/model/car) by extensions ['ros']
[0.294s] Level 1:colcon.colcon_core.package_identification:_identify(mujoco/model/car) by extension 'ros'
[0.294s] Level 1:colcon.colcon_core.package_identification:_identify(mujoco/model/car) by extensions ['cmake', 'python']
[0.294s] Level 1:colcon.colcon_core.package_identification:_identify(mujoco/model/car) by extension 'cmake'
[0.294s] Level 1:colcon.colcon_core.package_identification:_identify(mujoco/model/car) by extension 'python'
[0.294s] Level 1:colcon.colcon_core.package_identification:_identify(mujoco/model/car) by extensions ['python_setup_py']
[0.294s] Level 1:colcon.colcon_core.package_identification:_identify(mujoco/model/car) by extension 'python_setup_py'
[0.294s] Level 1:colcon.colcon_core.package_identification:_identify(mujoco/model/cards) by extensions ['ignore', 'ignore_ament_install']
[0.294s] Level 1:colcon.colcon_core.package_identification:_identify(mujoco/model/cards) by extension 'ignore'
[0.294s] Level 1:colcon.colcon_core.package_identification:_identify(mujoco/model/cards) by extension 'ignore_ament_install'
[0.294s] Level 1:colcon.colcon_core.package_identification:_identify(mujoco/model/cards) by extensions ['colcon_pkg']
[0.294s] Level 1:colcon.colcon_core.package_identification:_identify(mujoco/model/cards) by extension 'colcon_pkg'
[0.294s] Level 1:colcon.colcon_core.package_identification:_identify(mujoco/model/cards) by extensions ['colcon_meta']
[0.294s] Level 1:colcon.colcon_core.package_identification:_identify(mujoco/model/cards) by extension 'colcon_meta'
[0.294s] Level 1:colcon.colcon_core.package_identification:_identify(mujoco/model/cards) by extensions ['ros']
[0.294s] Level 1:colcon.colcon_core.package_identification:_identify(mujoco/model/cards) by extension 'ros'
[0.294s] Level 1:colcon.colcon_core.package_identification:_identify(mujoco/model/cards) by extensions ['cmake', 'python']
[0.294s] Level 1:colcon.colcon_core.package_identification:_identify(mujoco/model/cards) by extension 'cmake'
[0.294s] Level 1:colcon.colcon_core.package_identification:_identify(mujoco/model/cards) by extension 'python'
[0.294s] Level 1:colcon.colcon_core.package_identification:_identify(mujoco/model/cards) by extensions ['python_setup_py']
[0.295s] Level 1:colcon.colcon_core.package_identification:_identify(mujoco/model/cards) by extension 'python_setup_py'
[0.295s] Level 1:colcon.colcon_core.package_identification:_identify(mujoco/model/cards/assets) by extensions ['ignore', 'ignore_ament_install']
[0.295s] Level 1:colcon.colcon_core.package_identification:_identify(mujoco/model/cards/assets) by extension 'ignore'
[0.295s] Level 1:colcon.colcon_core.package_identification:_identify(mujoco/model/cards/assets) by extension 'ignore_ament_install'
[0.295s] Level 1:colcon.colcon_core.package_identification:_identify(mujoco/model/cards/assets) by extensions ['colcon_pkg']
[0.295s] Level 1:colcon.colcon_core.package_identification:_identify(mujoco/model/cards/assets) by extension 'colcon_pkg'
[0.295s] Level 1:colcon.colcon_core.package_identification:_identify(mujoco/model/cards/assets) by extensions ['colcon_meta']
[0.295s] Level 1:colcon.colcon_core.package_identification:_identify(mujoco/model/cards/assets) by extension 'colcon_meta'
[0.295s] Level 1:colcon.colcon_core.package_identification:_identify(mujoco/model/cards/assets) by extensions ['ros']
[0.295s] Level 1:colcon.colcon_core.package_identification:_identify(mujoco/model/cards/assets) by extension 'ros'
[0.295s] Level 1:colcon.colcon_core.package_identification:_identify(mujoco/model/cards/assets) by extensions ['cmake', 'python']
[0.295s] Level 1:colcon.colcon_core.package_identification:_identify(mujoco/model/cards/assets) by extension 'cmake'
[0.295s] Level 1:colcon.colcon_core.package_identification:_identify(mujoco/model/cards/assets) by extension 'python'
[0.295s] Level 1:colcon.colcon_core.package_identification:_identify(mujoco/model/cards/assets) by extensions ['python_setup_py']
[0.295s] Level 1:colcon.colcon_core.package_identification:_identify(mujoco/model/cards/assets) by extension 'python_setup_py'
[0.295s] Level 1:colcon.colcon_core.package_identification:_identify(mujoco/model/cube) by extensions ['ignore', 'ignore_ament_install']
[0.295s] Level 1:colcon.colcon_core.package_identification:_identify(mujoco/model/cube) by extension 'ignore'
[0.295s] Level 1:colcon.colcon_core.package_identification:_identify(mujoco/model/cube) by extension 'ignore_ament_install'
[0.295s] Level 1:colcon.colcon_core.package_identification:_identify(mujoco/model/cube) by extensions ['colcon_pkg']
[0.295s] Level 1:colcon.colcon_core.package_identification:_identify(mujoco/model/cube) by extension 'colcon_pkg'
[0.295s] Level 1:colcon.colcon_core.package_identification:_identify(mujoco/model/cube) by extensions ['colcon_meta']
[0.295s] Level 1:colcon.colcon_core.package_identification:_identify(mujoco/model/cube) by extension 'colcon_meta'
[0.296s] Level 1:colcon.colcon_core.package_identification:_identify(mujoco/model/cube) by extensions ['ros']
[0.296s] Level 1:colcon.colcon_core.package_identification:_identify(mujoco/model/cube) by extension 'ros'
[0.296s] Level 1:colcon.colcon_core.package_identification:_identify(mujoco/model/cube) by extensions ['cmake', 'python']
[0.296s] Level 1:colcon.colcon_core.package_identification:_identify(mujoco/model/cube) by extension 'cmake'
[0.296s] Level 1:colcon.colcon_core.package_identification:_identify(mujoco/model/cube) by extension 'python'
[0.296s] Level 1:colcon.colcon_core.package_identification:_identify(mujoco/model/cube) by extensions ['python_setup_py']
[0.296s] Level 1:colcon.colcon_core.package_identification:_identify(mujoco/model/cube) by extension 'python_setup_py'
[0.296s] Level 1:colcon.colcon_core.package_identification:_identify(mujoco/model/cube/assets) by extensions ['ignore', 'ignore_ament_install']
[0.296s] Level 1:colcon.colcon_core.package_identification:_identify(mujoco/model/cube/assets) by extension 'ignore'
[0.296s] Level 1:colcon.colcon_core.package_identification:_identify(mujoco/model/cube/assets) by extension 'ignore_ament_install'
[0.296s] Level 1:colcon.colcon_core.package_identification:_identify(mujoco/model/cube/assets) by extensions ['colcon_pkg']
[0.296s] Level 1:colcon.colcon_core.package_identification:_identify(mujoco/model/cube/assets) by extension 'colcon_pkg'
[0.296s] Level 1:colcon.colcon_core.package_identification:_identify(mujoco/model/cube/assets) by extensions ['colcon_meta']
[0.296s] Level 1:colcon.colcon_core.package_identification:_identify(mujoco/model/cube/assets) by extension 'colcon_meta'
[0.296s] Level 1:colcon.colcon_core.package_identification:_identify(mujoco/model/cube/assets) by extensions ['ros']
[0.296s] Level 1:colcon.colcon_core.package_identification:_identify(mujoco/model/cube/assets) by extension 'ros'
[0.296s] Level 1:colcon.colcon_core.package_identification:_identify(mujoco/model/cube/assets) by extensions ['cmake', 'python']
[0.296s] Level 1:colcon.colcon_core.package_identification:_identify(mujoco/model/cube/assets) by extension 'cmake'
[0.296s] Level 1:colcon.colcon_core.package_identification:_identify(mujoco/model/cube/assets) by extension 'python'
[0.296s] Level 1:colcon.colcon_core.package_identification:_identify(mujoco/model/cube/assets) by extensions ['python_setup_py']
[0.296s] Level 1:colcon.colcon_core.package_identification:_identify(mujoco/model/cube/assets) by extension 'python_setup_py'
[0.296s] Level 1:colcon.colcon_core.package_identification:_identify(mujoco/model/flex) by extensions ['ignore', 'ignore_ament_install']
[0.297s] Level 1:colcon.colcon_core.package_identification:_identify(mujoco/model/flex) by extension 'ignore'
[0.297s] Level 1:colcon.colcon_core.package_identification:_identify(mujoco/model/flex) by extension 'ignore_ament_install'
[0.297s] Level 1:colcon.colcon_core.package_identification:_identify(mujoco/model/flex) by extensions ['colcon_pkg']
[0.297s] Level 1:colcon.colcon_core.package_identification:_identify(mujoco/model/flex) by extension 'colcon_pkg'
[0.297s] Level 1:colcon.colcon_core.package_identification:_identify(mujoco/model/flex) by extensions ['colcon_meta']
[0.297s] Level 1:colcon.colcon_core.package_identification:_identify(mujoco/model/flex) by extension 'colcon_meta'
[0.297s] Level 1:colcon.colcon_core.package_identification:_identify(mujoco/model/flex) by extensions ['ros']
[0.297s] Level 1:colcon.colcon_core.package_identification:_identify(mujoco/model/flex) by extension 'ros'
[0.297s] Level 1:colcon.colcon_core.package_identification:_identify(mujoco/model/flex) by extensions ['cmake', 'python']
[0.297s] Level 1:colcon.colcon_core.package_identification:_identify(mujoco/model/flex) by extension 'cmake'
[0.297s] Level 1:colcon.colcon_core.package_identification:_identify(mujoco/model/flex) by extension 'python'
[0.297s] Level 1:colcon.colcon_core.package_identification:_identify(mujoco/model/flex) by extensions ['python_setup_py']
[0.297s] Level 1:colcon.colcon_core.package_identification:_identify(mujoco/model/flex) by extension 'python_setup_py'
[0.297s] Level 1:colcon.colcon_core.package_identification:_identify(mujoco/model/flex/asset) by extensions ['ignore', 'ignore_ament_install']
[0.297s] Level 1:colcon.colcon_core.package_identification:_identify(mujoco/model/flex/asset) by extension 'ignore'
[0.297s] Level 1:colcon.colcon_core.package_identification:_identify(mujoco/model/flex/asset) by extension 'ignore_ament_install'
[0.297s] Level 1:colcon.colcon_core.package_identification:_identify(mujoco/model/flex/asset) by extensions ['colcon_pkg']
[0.297s] Level 1:colcon.colcon_core.package_identification:_identify(mujoco/model/flex/asset) by extension 'colcon_pkg'
[0.297s] Level 1:colcon.colcon_core.package_identification:_identify(mujoco/model/flex/asset) by extensions ['colcon_meta']
[0.297s] Level 1:colcon.colcon_core.package_identification:_identify(mujoco/model/flex/asset) by extension 'colcon_meta'
[0.297s] Level 1:colcon.colcon_core.package_identification:_identify(mujoco/model/flex/asset) by extensions ['ros']
[0.297s] Level 1:colcon.colcon_core.package_identification:_identify(mujoco/model/flex/asset) by extension 'ros'
[0.297s] Level 1:colcon.colcon_core.package_identification:_identify(mujoco/model/flex/asset) by extensions ['cmake', 'python']
[0.298s] Level 1:colcon.colcon_core.package_identification:_identify(mujoco/model/flex/asset) by extension 'cmake'
[0.298s] Level 1:colcon.colcon_core.package_identification:_identify(mujoco/model/flex/asset) by extension 'python'
[0.298s] Level 1:colcon.colcon_core.package_identification:_identify(mujoco/model/flex/asset) by extensions ['python_setup_py']
[0.298s] Level 1:colcon.colcon_core.package_identification:_identify(mujoco/model/flex/asset) by extension 'python_setup_py'
[0.298s] Level 1:colcon.colcon_core.package_identification:_identify(mujoco/model/hammock) by extensions ['ignore', 'ignore_ament_install']
[0.298s] Level 1:colcon.colcon_core.package_identification:_identify(mujoco/model/hammock) by extension 'ignore'
[0.298s] Level 1:colcon.colcon_core.package_identification:_identify(mujoco/model/hammock) by extension 'ignore_ament_install'
[0.298s] Level 1:colcon.colcon_core.package_identification:_identify(mujoco/model/hammock) by extensions ['colcon_pkg']
[0.298s] Level 1:colcon.colcon_core.package_identification:_identify(mujoco/model/hammock) by extension 'colcon_pkg'
[0.298s] Level 1:colcon.colcon_core.package_identification:_identify(mujoco/model/hammock) by extensions ['colcon_meta']
[0.298s] Level 1:colcon.colcon_core.package_identification:_identify(mujoco/model/hammock) by extension 'colcon_meta'
[0.298s] Level 1:colcon.colcon_core.package_identification:_identify(mujoco/model/hammock) by extensions ['ros']
[0.298s] Level 1:colcon.colcon_core.package_identification:_identify(mujoco/model/hammock) by extension 'ros'
[0.298s] Level 1:colcon.colcon_core.package_identification:_identify(mujoco/model/hammock) by extensions ['cmake', 'python']
[0.298s] Level 1:colcon.colcon_core.package_identification:_identify(mujoco/model/hammock) by extension 'cmake'
[0.298s] Level 1:colcon.colcon_core.package_identification:_identify(mujoco/model/hammock) by extension 'python'
[0.298s] Level 1:colcon.colcon_core.package_identification:_identify(mujoco/model/hammock) by extensions ['python_setup_py']
[0.298s] Level 1:colcon.colcon_core.package_identification:_identify(mujoco/model/hammock) by extension 'python_setup_py'
[0.298s] Level 1:colcon.colcon_core.package_identification:_identify(mujoco/model/humanoid) by extensions ['ignore', 'ignore_ament_install']
[0.298s] Level 1:colcon.colcon_core.package_identification:_identify(mujoco/model/humanoid) by extension 'ignore'
[0.298s] Level 1:colcon.colcon_core.package_identification:_identify(mujoco/model/humanoid) by extension 'ignore_ament_install'
[0.299s] Level 1:colcon.colcon_core.package_identification:_identify(mujoco/model/humanoid) by extensions ['colcon_pkg']
[0.299s] Level 1:colcon.colcon_core.package_identification:_identify(mujoco/model/humanoid) by extension 'colcon_pkg'
[0.299s] Level 1:colcon.colcon_core.package_identification:_identify(mujoco/model/humanoid) by extensions ['colcon_meta']
[0.299s] Level 1:colcon.colcon_core.package_identification:_identify(mujoco/model/humanoid) by extension 'colcon_meta'
[0.299s] Level 1:colcon.colcon_core.package_identification:_identify(mujoco/model/humanoid) by extensions ['ros']
[0.299s] Level 1:colcon.colcon_core.package_identification:_identify(mujoco/model/humanoid) by extension 'ros'
[0.299s] Level 1:colcon.colcon_core.package_identification:_identify(mujoco/model/humanoid) by extensions ['cmake', 'python']
[0.299s] Level 1:colcon.colcon_core.package_identification:_identify(mujoco/model/humanoid) by extension 'cmake'
[0.299s] Level 1:colcon.colcon_core.package_identification:_identify(mujoco/model/humanoid) by extension 'python'
[0.299s] Level 1:colcon.colcon_core.package_identification:_identify(mujoco/model/humanoid) by extensions ['python_setup_py']
[0.299s] Level 1:colcon.colcon_core.package_identification:_identify(mujoco/model/humanoid) by extension 'python_setup_py'
[0.299s] Level 1:colcon.colcon_core.package_identification:_identify(mujoco/model/mug) by extensions ['ignore', 'ignore_ament_install']
[0.299s] Level 1:colcon.colcon_core.package_identification:_identify(mujoco/model/mug) by extension 'ignore'
[0.299s] Level 1:colcon.colcon_core.package_identification:_identify(mujoco/model/mug) by extension 'ignore_ament_install'
[0.299s] Level 1:colcon.colcon_core.package_identification:_identify(mujoco/model/mug) by extensions ['colcon_pkg']
[0.299s] Level 1:colcon.colcon_core.package_identification:_identify(mujoco/model/mug) by extension 'colcon_pkg'
[0.299s] Level 1:colcon.colcon_core.package_identification:_identify(mujoco/model/mug) by extensions ['colcon_meta']
[0.299s] Level 1:colcon.colcon_core.package_identification:_identify(mujoco/model/mug) by extension 'colcon_meta'
[0.299s] Level 1:colcon.colcon_core.package_identification:_identify(mujoco/model/mug) by extensions ['ros']
[0.299s] Level 1:colcon.colcon_core.package_identification:_identify(mujoco/model/mug) by extension 'ros'
[0.299s] Level 1:colcon.colcon_core.package_identification:_identify(mujoco/model/mug) by extensions ['cmake', 'python']
[0.299s] Level 1:colcon.colcon_core.package_identification:_identify(mujoco/model/mug) by extension 'cmake'
[0.299s] Level 1:colcon.colcon_core.package_identification:_identify(mujoco/model/mug) by extension 'python'
[0.299s] Level 1:colcon.colcon_core.package_identification:_identify(mujoco/model/mug) by extensions ['python_setup_py']
[0.299s] Level 1:colcon.colcon_core.package_identification:_identify(mujoco/model/mug) by extension 'python_setup_py'
[0.300s] Level 1:colcon.colcon_core.package_identification:_identify(mujoco/model/plugin) by extensions ['ignore', 'ignore_ament_install']
[0.300s] Level 1:colcon.colcon_core.package_identification:_identify(mujoco/model/plugin) by extension 'ignore'
[0.300s] Level 1:colcon.colcon_core.package_identification:_identify(mujoco/model/plugin) by extension 'ignore_ament_install'
[0.300s] Level 1:colcon.colcon_core.package_identification:_identify(mujoco/model/plugin) by extensions ['colcon_pkg']
[0.300s] Level 1:colcon.colcon_core.package_identification:_identify(mujoco/model/plugin) by extension 'colcon_pkg'
[0.300s] Level 1:colcon.colcon_core.package_identification:_identify(mujoco/model/plugin) by extensions ['colcon_meta']
[0.300s] Level 1:colcon.colcon_core.package_identification:_identify(mujoco/model/plugin) by extension 'colcon_meta'
[0.300s] Level 1:colcon.colcon_core.package_identification:_identify(mujoco/model/plugin) by extensions ['ros']
[0.300s] Level 1:colcon.colcon_core.package_identification:_identify(mujoco/model/plugin) by extension 'ros'
[0.300s] Level 1:colcon.colcon_core.package_identification:_identify(mujoco/model/plugin) by extensions ['cmake', 'python']
[0.300s] Level 1:colcon.colcon_core.package_identification:_identify(mujoco/model/plugin) by extension 'cmake'
[0.300s] Level 1:colcon.colcon_core.package_identification:_identify(mujoco/model/plugin) by extension 'python'
[0.300s] Level 1:colcon.colcon_core.package_identification:_identify(mujoco/model/plugin) by extensions ['python_setup_py']
[0.300s] Level 1:colcon.colcon_core.package_identification:_identify(mujoco/model/plugin) by extension 'python_setup_py'
[0.300s] Level 1:colcon.colcon_core.package_identification:_identify(mujoco/model/plugin/actuator) by extensions ['ignore', 'ignore_ament_install']
[0.300s] Level 1:colcon.colcon_core.package_identification:_identify(mujoco/model/plugin/actuator) by extension 'ignore'
[0.300s] Level 1:colcon.colcon_core.package_identification:_identify(mujoco/model/plugin/actuator) by extension 'ignore_ament_install'
[0.300s] Level 1:colcon.colcon_core.package_identification:_identify(mujoco/model/plugin/actuator) by extensions ['colcon_pkg']
[0.300s] Level 1:colcon.colcon_core.package_identification:_identify(mujoco/model/plugin/actuator) by extension 'colcon_pkg'
[0.300s] Level 1:colcon.colcon_core.package_identification:_identify(mujoco/model/plugin/actuator) by extensions ['colcon_meta']
[0.300s] Level 1:colcon.colcon_core.package_identification:_identify(mujoco/model/plugin/actuator) by extension 'colcon_meta'
[0.300s] Level 1:colcon.colcon_core.package_identification:_identify(mujoco/model/plugin/actuator) by extensions ['ros']
[0.300s] Level 1:colcon.colcon_core.package_identification:_identify(mujoco/model/plugin/actuator) by extension 'ros'
[0.301s] Level 1:colcon.colcon_core.package_identification:_identify(mujoco/model/plugin/actuator) by extensions ['cmake', 'python']
[0.301s] Level 1:colcon.colcon_core.package_identification:_identify(mujoco/model/plugin/actuator) by extension 'cmake'
[0.301s] Level 1:colcon.colcon_core.package_identification:_identify(mujoco/model/plugin/actuator) by extension 'python'
[0.301s] Level 1:colcon.colcon_core.package_identification:_identify(mujoco/model/plugin/actuator) by extensions ['python_setup_py']
[0.301s] Level 1:colcon.colcon_core.package_identification:_identify(mujoco/model/plugin/actuator) by extension 'python_setup_py'
[0.301s] Level 1:colcon.colcon_core.package_identification:_identify(mujoco/model/plugin/elasticity) by extensions ['ignore', 'ignore_ament_install']
[0.301s] Level 1:colcon.colcon_core.package_identification:_identify(mujoco/model/plugin/elasticity) by extension 'ignore'
[0.301s] Level 1:colcon.colcon_core.package_identification:_identify(mujoco/model/plugin/elasticity) by extension 'ignore_ament_install'
[0.301s] Level 1:colcon.colcon_core.package_identification:_identify(mujoco/model/plugin/elasticity) by extensions ['colcon_pkg']
[0.301s] Level 1:colcon.colcon_core.package_identification:_identify(mujoco/model/plugin/elasticity) by extension 'colcon_pkg'
[0.301s] Level 1:colcon.colcon_core.package_identification:_identify(mujoco/model/plugin/elasticity) by extensions ['colcon_meta']
[0.301s] Level 1:colcon.colcon_core.package_identification:_identify(mujoco/model/plugin/elasticity) by extension 'colcon_meta'
[0.301s] Level 1:colcon.colcon_core.package_identification:_identify(mujoco/model/plugin/elasticity) by extensions ['ros']
[0.301s] Level 1:colcon.colcon_core.package_identification:_identify(mujoco/model/plugin/elasticity) by extension 'ros'
[0.301s] Level 1:colcon.colcon_core.package_identification:_identify(mujoco/model/plugin/elasticity) by extensions ['cmake', 'python']
[0.301s] Level 1:colcon.colcon_core.package_identification:_identify(mujoco/model/plugin/elasticity) by extension 'cmake'
[0.301s] Level 1:colcon.colcon_core.package_identification:_identify(mujoco/model/plugin/elasticity) by extension 'python'
[0.301s] Level 1:colcon.colcon_core.package_identification:_identify(mujoco/model/plugin/elasticity) by extensions ['python_setup_py']
[0.301s] Level 1:colcon.colcon_core.package_identification:_identify(mujoco/model/plugin/elasticity) by extension 'python_setup_py'
[0.301s] Level 1:colcon.colcon_core.package_identification:_identify(mujoco/model/plugin/sdf) by extensions ['ignore', 'ignore_ament_install']
[0.301s] Level 1:colcon.colcon_core.package_identification:_identify(mujoco/model/plugin/sdf) by extension 'ignore'
[0.301s] Level 1:colcon.colcon_core.package_identification:_identify(mujoco/model/plugin/sdf) by extension 'ignore_ament_install'
[0.301s] Level 1:colcon.colcon_core.package_identification:_identify(mujoco/model/plugin/sdf) by extensions ['colcon_pkg']
[0.302s] Level 1:colcon.colcon_core.package_identification:_identify(mujoco/model/plugin/sdf) by extension 'colcon_pkg'
[0.302s] Level 1:colcon.colcon_core.package_identification:_identify(mujoco/model/plugin/sdf) by extensions ['colcon_meta']
[0.302s] Level 1:colcon.colcon_core.package_identification:_identify(mujoco/model/plugin/sdf) by extension 'colcon_meta'
[0.302s] Level 1:colcon.colcon_core.package_identification:_identify(mujoco/model/plugin/sdf) by extensions ['ros']
[0.302s] Level 1:colcon.colcon_core.package_identification:_identify(mujoco/model/plugin/sdf) by extension 'ros'
[0.302s] Level 1:colcon.colcon_core.package_identification:_identify(mujoco/model/plugin/sdf) by extensions ['cmake', 'python']
[0.302s] Level 1:colcon.colcon_core.package_identification:_identify(mujoco/model/plugin/sdf) by extension 'cmake'
[0.302s] Level 1:colcon.colcon_core.package_identification:_identify(mujoco/model/plugin/sdf) by extension 'python'
[0.302s] Level 1:colcon.colcon_core.package_identification:_identify(mujoco/model/plugin/sdf) by extensions ['python_setup_py']
[0.302s] Level 1:colcon.colcon_core.package_identification:_identify(mujoco/model/plugin/sdf) by extension 'python_setup_py'
[0.302s] Level 1:colcon.colcon_core.package_identification:_identify(mujoco/model/plugin/sdf/asset) by extensions ['ignore', 'ignore_ament_install']
[0.302s] Level 1:colcon.colcon_core.package_identification:_identify(mujoco/model/plugin/sdf/asset) by extension 'ignore'
[0.302s] Level 1:colcon.colcon_core.package_identification:_identify(mujoco/model/plugin/sdf/asset) by extension 'ignore_ament_install'
[0.302s] Level 1:colcon.colcon_core.package_identification:_identify(mujoco/model/plugin/sdf/asset) by extensions ['colcon_pkg']
[0.302s] Level 1:colcon.colcon_core.package_identification:_identify(mujoco/model/plugin/sdf/asset) by extension 'colcon_pkg'
[0.302s] Level 1:colcon.colcon_core.package_identification:_identify(mujoco/model/plugin/sdf/asset) by extensions ['colcon_meta']
[0.302s] Level 1:colcon.colcon_core.package_identification:_identify(mujoco/model/plugin/sdf/asset) by extension 'colcon_meta'
[0.302s] Level 1:colcon.colcon_core.package_identification:_identify(mujoco/model/plugin/sdf/asset) by extensions ['ros']
[0.302s] Level 1:colcon.colcon_core.package_identification:_identify(mujoco/model/plugin/sdf/asset) by extension 'ros'
[0.302s] Level 1:colcon.colcon_core.package_identification:_identify(mujoco/model/plugin/sdf/asset) by extensions ['cmake', 'python']
[0.302s] Level 1:colcon.colcon_core.package_identification:_identify(mujoco/model/plugin/sdf/asset) by extension 'cmake'
[0.302s] Level 1:colcon.colcon_core.package_identification:_identify(mujoco/model/plugin/sdf/asset) by extension 'python'
[0.302s] Level 1:colcon.colcon_core.package_identification:_identify(mujoco/model/plugin/sdf/asset) by extensions ['python_setup_py']
[0.302s] Level 1:colcon.colcon_core.package_identification:_identify(mujoco/model/plugin/sdf/asset) by extension 'python_setup_py'
[0.303s] Level 1:colcon.colcon_core.package_identification:_identify(mujoco/model/plugin/sensor) by extensions ['ignore', 'ignore_ament_install']
[0.303s] Level 1:colcon.colcon_core.package_identification:_identify(mujoco/model/plugin/sensor) by extension 'ignore'
[0.303s] Level 1:colcon.colcon_core.package_identification:_identify(mujoco/model/plugin/sensor) by extension 'ignore_ament_install'
[0.303s] Level 1:colcon.colcon_core.package_identification:_identify(mujoco/model/plugin/sensor) by extensions ['colcon_pkg']
[0.303s] Level 1:colcon.colcon_core.package_identification:_identify(mujoco/model/plugin/sensor) by extension 'colcon_pkg'
[0.303s] Level 1:colcon.colcon_core.package_identification:_identify(mujoco/model/plugin/sensor) by extensions ['colcon_meta']
[0.303s] Level 1:colcon.colcon_core.package_identification:_identify(mujoco/model/plugin/sensor) by extension 'colcon_meta'
[0.303s] Level 1:colcon.colcon_core.package_identification:_identify(mujoco/model/plugin/sensor) by extensions ['ros']
[0.303s] Level 1:colcon.colcon_core.package_identification:_identify(mujoco/model/plugin/sensor) by extension 'ros'
[0.303s] Level 1:colcon.colcon_core.package_identification:_identify(mujoco/model/plugin/sensor) by extensions ['cmake', 'python']
[0.303s] Level 1:colcon.colcon_core.package_identification:_identify(mujoco/model/plugin/sensor) by extension 'cmake'
[0.303s] Level 1:colcon.colcon_core.package_identification:_identify(mujoco/model/plugin/sensor) by extension 'python'
[0.303s] Level 1:colcon.colcon_core.package_identification:_identify(mujoco/model/plugin/sensor) by extensions ['python_setup_py']
[0.303s] Level 1:colcon.colcon_core.package_identification:_identify(mujoco/model/plugin/sensor) by extension 'python_setup_py'
[0.303s] Level 1:colcon.colcon_core.package_identification:_identify(mujoco/model/replicate) by extensions ['ignore', 'ignore_ament_install']
[0.303s] Level 1:colcon.colcon_core.package_identification:_identify(mujoco/model/replicate) by extension 'ignore'
[0.303s] Level 1:colcon.colcon_core.package_identification:_identify(mujoco/model/replicate) by extension 'ignore_ament_install'
[0.303s] Level 1:colcon.colcon_core.package_identification:_identify(mujoco/model/replicate) by extensions ['colcon_pkg']
[0.303s] Level 1:colcon.colcon_core.package_identification:_identify(mujoco/model/replicate) by extension 'colcon_pkg'
[0.303s] Level 1:colcon.colcon_core.package_identification:_identify(mujoco/model/replicate) by extensions ['colcon_meta']
[0.303s] Level 1:colcon.colcon_core.package_identification:_identify(mujoco/model/replicate) by extension 'colcon_meta'
[0.303s] Level 1:colcon.colcon_core.package_identification:_identify(mujoco/model/replicate) by extensions ['ros']
[0.303s] Level 1:colcon.colcon_core.package_identification:_identify(mujoco/model/replicate) by extension 'ros'
[0.304s] Level 1:colcon.colcon_core.package_identification:_identify(mujoco/model/replicate) by extensions ['cmake', 'python']
[0.304s] Level 1:colcon.colcon_core.package_identification:_identify(mujoco/model/replicate) by extension 'cmake'
[0.304s] Level 1:colcon.colcon_core.package_identification:_identify(mujoco/model/replicate) by extension 'python'
[0.304s] Level 1:colcon.colcon_core.package_identification:_identify(mujoco/model/replicate) by extensions ['python_setup_py']
[0.304s] Level 1:colcon.colcon_core.package_identification:_identify(mujoco/model/replicate) by extension 'python_setup_py'
[0.304s] Level 1:colcon.colcon_core.package_identification:_identify(mujoco/model/replicate/asset) by extensions ['ignore', 'ignore_ament_install']
[0.304s] Level 1:colcon.colcon_core.package_identification:_identify(mujoco/model/replicate/asset) by extension 'ignore'
[0.304s] Level 1:colcon.colcon_core.package_identification:_identify(mujoco/model/replicate/asset) by extension 'ignore_ament_install'
[0.304s] Level 1:colcon.colcon_core.package_identification:_identify(mujoco/model/replicate/asset) by extensions ['colcon_pkg']
[0.304s] Level 1:colcon.colcon_core.package_identification:_identify(mujoco/model/replicate/asset) by extension 'colcon_pkg'
[0.304s] Level 1:colcon.colcon_core.package_identification:_identify(mujoco/model/replicate/asset) by extensions ['colcon_meta']
[0.304s] Level 1:colcon.colcon_core.package_identification:_identify(mujoco/model/replicate/asset) by extension 'colcon_meta'
[0.304s] Level 1:colcon.colcon_core.package_identification:_identify(mujoco/model/replicate/asset) by extensions ['ros']
[0.304s] Level 1:colcon.colcon_core.package_identification:_identify(mujoco/model/replicate/asset) by extension 'ros'
[0.304s] Level 1:colcon.colcon_core.package_identification:_identify(mujoco/model/replicate/asset) by extensions ['cmake', 'python']
[0.304s] Level 1:colcon.colcon_core.package_identification:_identify(mujoco/model/replicate/asset) by extension 'cmake'
[0.304s] Level 1:colcon.colcon_core.package_identification:_identify(mujoco/model/replicate/asset) by extension 'python'
[0.304s] Level 1:colcon.colcon_core.package_identification:_identify(mujoco/model/replicate/asset) by extensions ['python_setup_py']
[0.304s] Level 1:colcon.colcon_core.package_identification:_identify(mujoco/model/replicate/asset) by extension 'python_setup_py'
[0.304s] Level 1:colcon.colcon_core.package_identification:_identify(mujoco/model/slider_crank) by extensions ['ignore', 'ignore_ament_install']
[0.304s] Level 1:colcon.colcon_core.package_identification:_identify(mujoco/model/slider_crank) by extension 'ignore'
[0.304s] Level 1:colcon.colcon_core.package_identification:_identify(mujoco/model/slider_crank) by extension 'ignore_ament_install'
[0.304s] Level 1:colcon.colcon_core.package_identification:_identify(mujoco/model/slider_crank) by extensions ['colcon_pkg']
[0.304s] Level 1:colcon.colcon_core.package_identification:_identify(mujoco/model/slider_crank) by extension 'colcon_pkg'
[0.305s] Level 1:colcon.colcon_core.package_identification:_identify(mujoco/model/slider_crank) by extensions ['colcon_meta']
[0.305s] Level 1:colcon.colcon_core.package_identification:_identify(mujoco/model/slider_crank) by extension 'colcon_meta'
[0.305s] Level 1:colcon.colcon_core.package_identification:_identify(mujoco/model/slider_crank) by extensions ['ros']
[0.305s] Level 1:colcon.colcon_core.package_identification:_identify(mujoco/model/slider_crank) by extension 'ros'
[0.305s] Level 1:colcon.colcon_core.package_identification:_identify(mujoco/model/slider_crank) by extensions ['cmake', 'python']
[0.305s] Level 1:colcon.colcon_core.package_identification:_identify(mujoco/model/slider_crank) by extension 'cmake'
[0.305s] Level 1:colcon.colcon_core.package_identification:_identify(mujoco/model/slider_crank) by extension 'python'
[0.305s] Level 1:colcon.colcon_core.package_identification:_identify(mujoco/model/slider_crank) by extensions ['python_setup_py']
[0.305s] Level 1:colcon.colcon_core.package_identification:_identify(mujoco/model/slider_crank) by extension 'python_setup_py'
[0.305s] Level 1:colcon.colcon_core.package_identification:_identify(mujoco/model/tendon_arm) by extensions ['ignore', 'ignore_ament_install']
[0.305s] Level 1:colcon.colcon_core.package_identification:_identify(mujoco/model/tendon_arm) by extension 'ignore'
[0.305s] Level 1:colcon.colcon_core.package_identification:_identify(mujoco/model/tendon_arm) by extension 'ignore_ament_install'
[0.305s] Level 1:colcon.colcon_core.package_identification:_identify(mujoco/model/tendon_arm) by extensions ['colcon_pkg']
[0.305s] Level 1:colcon.colcon_core.package_identification:_identify(mujoco/model/tendon_arm) by extension 'colcon_pkg'
[0.305s] Level 1:colcon.colcon_core.package_identification:_identify(mujoco/model/tendon_arm) by extensions ['colcon_meta']
[0.305s] Level 1:colcon.colcon_core.package_identification:_identify(mujoco/model/tendon_arm) by extension 'colcon_meta'
[0.305s] Level 1:colcon.colcon_core.package_identification:_identify(mujoco/model/tendon_arm) by extensions ['ros']
[0.305s] Level 1:colcon.colcon_core.package_identification:_identify(mujoco/model/tendon_arm) by extension 'ros'
[0.305s] Level 1:colcon.colcon_core.package_identification:_identify(mujoco/model/tendon_arm) by extensions ['cmake', 'python']
[0.305s] Level 1:colcon.colcon_core.package_identification:_identify(mujoco/model/tendon_arm) by extension 'cmake'
[0.305s] Level 1:colcon.colcon_core.package_identification:_identify(mujoco/model/tendon_arm) by extension 'python'
[0.305s] Level 1:colcon.colcon_core.package_identification:_identify(mujoco/model/tendon_arm) by extensions ['python_setup_py']
[0.305s] Level 1:colcon.colcon_core.package_identification:_identify(mujoco/model/tendon_arm) by extension 'python_setup_py'
[0.305s] Level 1:colcon.colcon_core.package_identification:_identify(mujoco/sample) by extensions ['ignore', 'ignore_ament_install']
[0.306s] Level 1:colcon.colcon_core.package_identification:_identify(mujoco/sample) by extension 'ignore'
[0.306s] Level 1:colcon.colcon_core.package_identification:_identify(mujoco/sample) by extension 'ignore_ament_install'
[0.306s] Level 1:colcon.colcon_core.package_identification:_identify(mujoco/sample) by extensions ['colcon_pkg']
[0.306s] Level 1:colcon.colcon_core.package_identification:_identify(mujoco/sample) by extension 'colcon_pkg'
[0.306s] Level 1:colcon.colcon_core.package_identification:_identify(mujoco/sample) by extensions ['colcon_meta']
[0.306s] Level 1:colcon.colcon_core.package_identification:_identify(mujoco/sample) by extension 'colcon_meta'
[0.306s] Level 1:colcon.colcon_core.package_identification:_identify(mujoco/sample) by extensions ['ros']
[0.306s] Level 1:colcon.colcon_core.package_identification:_identify(mujoco/sample) by extension 'ros'
[0.306s] Level 1:colcon.colcon_core.package_identification:_identify(mujoco/sample) by extensions ['cmake', 'python']
[0.306s] Level 1:colcon.colcon_core.package_identification:_identify(mujoco/sample) by extension 'cmake'
[0.306s] Level 1:colcon.colcon_core.package_identification:_identify(mujoco/sample) by extension 'python'
[0.306s] Level 1:colcon.colcon_core.package_identification:_identify(mujoco/sample) by extensions ['python_setup_py']
[0.306s] Level 1:colcon.colcon_core.package_identification:_identify(mujoco/sample) by extension 'python_setup_py'
[0.306s] Level 1:colcon.colcon_core.package_identification:_identify(mujoco/sample/cmake) by extensions ['ignore', 'ignore_ament_install']
[0.306s] Level 1:colcon.colcon_core.package_identification:_identify(mujoco/sample/cmake) by extension 'ignore'
[0.306s] Level 1:colcon.colcon_core.package_identification:_identify(mujoco/sample/cmake) by extension 'ignore_ament_install'
[0.306s] Level 1:colcon.colcon_core.package_identification:_identify(mujoco/sample/cmake) by extensions ['colcon_pkg']
[0.306s] Level 1:colcon.colcon_core.package_identification:_identify(mujoco/sample/cmake) by extension 'colcon_pkg'
[0.306s] Level 1:colcon.colcon_core.package_identification:_identify(mujoco/sample/cmake) by extensions ['colcon_meta']
[0.306s] Level 1:colcon.colcon_core.package_identification:_identify(mujoco/sample/cmake) by extension 'colcon_meta'
[0.306s] Level 1:colcon.colcon_core.package_identification:_identify(mujoco/sample/cmake) by extensions ['ros']
[0.306s] Level 1:colcon.colcon_core.package_identification:_identify(mujoco/sample/cmake) by extension 'ros'
[0.306s] Level 1:colcon.colcon_core.package_identification:_identify(mujoco/sample/cmake) by extensions ['cmake', 'python']
[0.306s] Level 1:colcon.colcon_core.package_identification:_identify(mujoco/sample/cmake) by extension 'cmake'
[0.306s] Level 1:colcon.colcon_core.package_identification:_identify(mujoco/sample/cmake) by extension 'python'
[0.307s] Level 1:colcon.colcon_core.package_identification:_identify(mujoco/sample/cmake) by extensions ['python_setup_py']
[0.307s] Level 1:colcon.colcon_core.package_identification:_identify(mujoco/sample/cmake) by extension 'python_setup_py'
[0.307s] Level 1:colcon.colcon_core.package_identification:_identify(mujoco/simulate) by extensions ['ignore', 'ignore_ament_install']
[0.307s] Level 1:colcon.colcon_core.package_identification:_identify(mujoco/simulate) by extension 'ignore'
[0.307s] Level 1:colcon.colcon_core.package_identification:_identify(mujoco/simulate) by extension 'ignore_ament_install'
[0.307s] Level 1:colcon.colcon_core.package_identification:_identify(mujoco/simulate) by extensions ['colcon_pkg']
[0.307s] Level 1:colcon.colcon_core.package_identification:_identify(mujoco/simulate) by extension 'colcon_pkg'
[0.307s] Level 1:colcon.colcon_core.package_identification:_identify(mujoco/simulate) by extensions ['colcon_meta']
[0.307s] Level 1:colcon.colcon_core.package_identification:_identify(mujoco/simulate) by extension 'colcon_meta'
[0.307s] Level 1:colcon.colcon_core.package_identification:_identify(mujoco/simulate) by extensions ['ros']
[0.307s] Level 1:colcon.colcon_core.package_identification:_identify(mujoco/simulate) by extension 'ros'
[0.307s] Level 1:colcon.colcon_core.package_identification:_identify(mujoco/simulate) by extensions ['cmake', 'python']
[0.307s] Level 1:colcon.colcon_core.package_identification:_identify(mujoco/simulate) by extension 'cmake'
[0.307s] Level 1:colcon.colcon_core.package_identification:_identify(mujoco/simulate) by extension 'python'
[0.307s] Level 1:colcon.colcon_core.package_identification:_identify(mujoco/simulate) by extensions ['python_setup_py']
[0.307s] Level 1:colcon.colcon_core.package_identification:_identify(mujoco/simulate) by extension 'python_setup_py'
[0.307s] Level 1:colcon.colcon_core.package_identification:_identify(mujoco/simulate/cmake) by extensions ['ignore', 'ignore_ament_install']
[0.307s] Level 1:colcon.colcon_core.package_identification:_identify(mujoco/simulate/cmake) by extension 'ignore'
[0.307s] Level 1:colcon.colcon_core.package_identification:_identify(mujoco/simulate/cmake) by extension 'ignore_ament_install'
[0.307s] Level 1:colcon.colcon_core.package_identification:_identify(mujoco/simulate/cmake) by extensions ['colcon_pkg']
[0.307s] Level 1:colcon.colcon_core.package_identification:_identify(mujoco/simulate/cmake) by extension 'colcon_pkg'
[0.307s] Level 1:colcon.colcon_core.package_identification:_identify(mujoco/simulate/cmake) by extensions ['colcon_meta']
[0.307s] Level 1:colcon.colcon_core.package_identification:_identify(mujoco/simulate/cmake) by extension 'colcon_meta'
[0.307s] Level 1:colcon.colcon_core.package_identification:_identify(mujoco/simulate/cmake) by extensions ['ros']
[0.308s] Level 1:colcon.colcon_core.package_identification:_identify(mujoco/simulate/cmake) by extension 'ros'
[0.308s] Level 1:colcon.colcon_core.package_identification:_identify(mujoco/simulate/cmake) by extensions ['cmake', 'python']
[0.308s] Level 1:colcon.colcon_core.package_identification:_identify(mujoco/simulate/cmake) by extension 'cmake'
[0.308s] Level 1:colcon.colcon_core.package_identification:_identify(mujoco/simulate/cmake) by extension 'python'
[0.308s] Level 1:colcon.colcon_core.package_identification:_identify(mujoco/simulate/cmake) by extensions ['python_setup_py']
[0.308s] Level 1:colcon.colcon_core.package_identification:_identify(mujoco/simulate/cmake) by extension 'python_setup_py'
[0.308s] Level 1:colcon.colcon_core.package_identification:_identify(src) by extensions ['ignore', 'ignore_ament_install']
[0.308s] Level 1:colcon.colcon_core.package_identification:_identify(src) by extension 'ignore'
[0.308s] Level 1:colcon.colcon_core.package_identification:_identify(src) by extension 'ignore_ament_install'
[0.308s] Level 1:colcon.colcon_core.package_identification:_identify(src) by extensions ['colcon_pkg']
[0.308s] Level 1:colcon.colcon_core.package_identification:_identify(src) by extension 'colcon_pkg'
[0.308s] Level 1:colcon.colcon_core.package_identification:_identify(src) by extensions ['colcon_meta']
[0.308s] Level 1:colcon.colcon_core.package_identification:_identify(src) by extension 'colcon_meta'
[0.308s] Level 1:colcon.colcon_core.package_identification:_identify(src) by extensions ['ros']
[0.308s] Level 1:colcon.colcon_core.package_identification:_identify(src) by extension 'ros'
[0.308s] Level 1:colcon.colcon_core.package_identification:_identify(src) by extensions ['cmake', 'python']
[0.308s] Level 1:colcon.colcon_core.package_identification:_identify(src) by extension 'cmake'
[0.308s] Level 1:colcon.colcon_core.package_identification:_identify(src) by extension 'python'
[0.308s] Level 1:colcon.colcon_core.package_identification:_identify(src) by extensions ['python_setup_py']
[0.308s] Level 1:colcon.colcon_core.package_identification:_identify(src) by extension 'python_setup_py'
[0.308s] Level 1:colcon.colcon_core.package_identification:_identify(src/premade_path_publisher) by extensions ['ignore', 'ignore_ament_install']
[0.308s] Level 1:colcon.colcon_core.package_identification:_identify(src/premade_path_publisher) by extension 'ignore'
[0.308s] Level 1:colcon.colcon_core.package_identification:_identify(src/premade_path_publisher) by extension 'ignore_ament_install'
[0.309s] Level 1:colcon.colcon_core.package_identification:_identify(src/premade_path_publisher) by extensions ['colcon_pkg']
[0.309s] Level 1:colcon.colcon_core.package_identification:_identify(src/premade_path_publisher) by extension 'colcon_pkg'
[0.309s] Level 1:colcon.colcon_core.package_identification:_identify(src/premade_path_publisher) by extensions ['colcon_meta']
[0.309s] Level 1:colcon.colcon_core.package_identification:_identify(src/premade_path_publisher) by extension 'colcon_meta'
[0.309s] Level 1:colcon.colcon_core.package_identification:_identify(src/premade_path_publisher) by extensions ['ros']
[0.309s] Level 1:colcon.colcon_core.package_identification:_identify(src/premade_path_publisher) by extension 'ros'
[0.310s] DEBUG:colcon.colcon_core.package_identification:Package 'src/premade_path_publisher' with type 'ros.ament_python' and name 'premade_path_publisher'
[0.311s] Level 1:colcon.colcon_core.package_identification:_identify(src/scara_general_ik_solver) by extensions ['ignore', 'ignore_ament_install']
[0.311s] Level 1:colcon.colcon_core.package_identification:_identify(src/scara_general_ik_solver) by extension 'ignore'
[0.311s] Level 1:colcon.colcon_core.package_identification:_identify(src/scara_general_ik_solver) by extension 'ignore_ament_install'
[0.311s] Level 1:colcon.colcon_core.package_identification:_identify(src/scara_general_ik_solver) by extensions ['colcon_pkg']
[0.311s] Level 1:colcon.colcon_core.package_identification:_identify(src/scara_general_ik_solver) by extension 'colcon_pkg'
[0.311s] Level 1:colcon.colcon_core.package_identification:_identify(src/scara_general_ik_solver) by extensions ['colcon_meta']
[0.311s] Level 1:colcon.colcon_core.package_identification:_identify(src/scara_general_ik_solver) by extension 'colcon_meta'
[0.311s] Level 1:colcon.colcon_core.package_identification:_identify(src/scara_general_ik_solver) by extensions ['ros']
[0.311s] Level 1:colcon.colcon_core.package_identification:_identify(src/scara_general_ik_solver) by extension 'ros'
[0.311s] DEBUG:colcon.colcon_core.package_identification:Package 'src/scara_general_ik_solver' with type 'ros.ament_python' and name 'scara_general_ik_solver'
[0.311s] Level 1:colcon.colcon_core.package_identification:_identify(src/scara_gz_bringup) by extensions ['ignore', 'ignore_ament_install']
[0.311s] Level 1:colcon.colcon_core.package_identification:_identify(src/scara_gz_bringup) by extension 'ignore'
[0.312s] Level 1:colcon.colcon_core.package_identification:_identify(src/scara_gz_bringup) by extension 'ignore_ament_install'
[0.312s] Level 1:colcon.colcon_core.package_identification:_identify(src/scara_gz_bringup) by extensions ['colcon_pkg']
[0.312s] Level 1:colcon.colcon_core.package_identification:_identify(src/scara_gz_bringup) by extension 'colcon_pkg'
[0.312s] Level 1:colcon.colcon_core.package_identification:_identify(src/scara_gz_bringup) by extensions ['colcon_meta']
[0.312s] Level 1:colcon.colcon_core.package_identification:_identify(src/scara_gz_bringup) by extension 'colcon_meta'
[0.312s] Level 1:colcon.colcon_core.package_identification:_identify(src/scara_gz_bringup) by extensions ['ros']
[0.312s] Level 1:colcon.colcon_core.package_identification:_identify(src/scara_gz_bringup) by extension 'ros'
[0.312s] DEBUG:colcon.colcon_core.package_identification:Package 'src/scara_gz_bringup' with type 'ros.ament_cmake' and name 'scara_gz_bringup'
[0.312s] Level 1:colcon.colcon_core.package_identification:_identify(src/scara_gz_description) by extensions ['ignore', 'ignore_ament_install']
[0.312s] Level 1:colcon.colcon_core.package_identification:_identify(src/scara_gz_description) by extension 'ignore'
[0.312s] Level 1:colcon.colcon_core.package_identification:_identify(src/scara_gz_description) by extension 'ignore_ament_install'
[0.312s] Level 1:colcon.colcon_core.package_identification:_identify(src/scara_gz_description) by extensions ['colcon_pkg']
[0.313s] Level 1:colcon.colcon_core.package_identification:_identify(src/scara_gz_description) by extension 'colcon_pkg'
[0.313s] Level 1:colcon.colcon_core.package_identification:_identify(src/scara_gz_description) by extensions ['colcon_meta']
[0.313s] Level 1:colcon.colcon_core.package_identification:_identify(src/scara_gz_description) by extension 'colcon_meta'
[0.313s] Level 1:colcon.colcon_core.package_identification:_identify(src/scara_gz_description) by extensions ['ros']
[0.313s] Level 1:colcon.colcon_core.package_identification:_identify(src/scara_gz_description) by extension 'ros'
[0.313s] DEBUG:colcon.colcon_core.package_identification:Package 'src/scara_gz_description' with type 'ros.ament_cmake' and name 'scara_gz_description'
[0.313s] Level 1:colcon.colcon_core.package_identification:_identify(src/scara_hardware_interface) by extensions ['ignore', 'ignore_ament_install']
[0.313s] Level 1:colcon.colcon_core.package_identification:_identify(src/scara_hardware_interface) by extension 'ignore'
[0.313s] Level 1:colcon.colcon_core.package_identification:_identify(src/scara_hardware_interface) by extension 'ignore_ament_install'
[0.313s] Level 1:colcon.colcon_core.package_identification:_identify(src/scara_hardware_interface) by extensions ['colcon_pkg']
[0.313s] Level 1:colcon.colcon_core.package_identification:_identify(src/scara_hardware_interface) by extension 'colcon_pkg'
[0.313s] Level 1:colcon.colcon_core.package_identification:_identify(src/scara_hardware_interface) by extensions ['colcon_meta']
[0.313s] Level 1:colcon.colcon_core.package_identification:_identify(src/scara_hardware_interface) by extension 'colcon_meta'
[0.313s] Level 1:colcon.colcon_core.package_identification:_identify(src/scara_hardware_interface) by extensions ['ros']
[0.314s] Level 1:colcon.colcon_core.package_identification:_identify(src/scara_hardware_interface) by extension 'ros'
[0.314s] DEBUG:colcon.colcon_core.package_identification:Package 'src/scara_hardware_interface' with type 'ros.ament_cmake' and name 'scara_hardware_interface'
[0.314s] Level 1:colcon.colcon_core.package_identification:_identify(src/scara_mujoco_bringup) by extensions ['ignore', 'ignore_ament_install']
[0.314s] Level 1:colcon.colcon_core.package_identification:_identify(src/scara_mujoco_bringup) by extension 'ignore'
[0.314s] Level 1:colcon.colcon_core.package_identification:_identify(src/scara_mujoco_bringup) by extension 'ignore_ament_install'
[0.314s] Level 1:colcon.colcon_core.package_identification:_identify(src/scara_mujoco_bringup) by extensions ['colcon_pkg']
[0.314s] Level 1:colcon.colcon_core.package_identification:_identify(src/scara_mujoco_bringup) by extension 'colcon_pkg'
[0.314s] Level 1:colcon.colcon_core.package_identification:_identify(src/scara_mujoco_bringup) by extensions ['colcon_meta']
[0.314s] Level 1:colcon.colcon_core.package_identification:_identify(src/scara_mujoco_bringup) by extension 'colcon_meta'
[0.315s] Level 1:colcon.colcon_core.package_identification:_identify(src/scara_mujoco_bringup) by extensions ['ros']
[0.315s] Level 1:colcon.colcon_core.package_identification:_identify(src/scara_mujoco_bringup) by extension 'ros'
[0.315s] DEBUG:colcon.colcon_core.package_identification:Package 'src/scara_mujoco_bringup' with type 'ros.ament_cmake' and name 'scara_mujoco_bringup'
[0.315s] Level 1:colcon.colcon_core.package_identification:_identify(src/scara_mujoco_description) by extensions ['ignore', 'ignore_ament_install']
[0.315s] Level 1:colcon.colcon_core.package_identification:_identify(src/scara_mujoco_description) by extension 'ignore'
[0.315s] Level 1:colcon.colcon_core.package_identification:_identify(src/scara_mujoco_description) by extension 'ignore_ament_install'
[0.315s] Level 1:colcon.colcon_core.package_identification:_identify(src/scara_mujoco_description) by extensions ['colcon_pkg']
[0.315s] Level 1:colcon.colcon_core.package_identification:_identify(src/scara_mujoco_description) by extension 'colcon_pkg'
[0.315s] Level 1:colcon.colcon_core.package_identification:_identify(src/scara_mujoco_description) by extensions ['colcon_meta']
[0.315s] Level 1:colcon.colcon_core.package_identification:_identify(src/scara_mujoco_description) by extension 'colcon_meta'
[0.315s] Level 1:colcon.colcon_core.package_identification:_identify(src/scara_mujoco_description) by extensions ['ros']
[0.315s] Level 1:colcon.colcon_core.package_identification:_identify(src/scara_mujoco_description) by extension 'ros'
[0.316s] DEBUG:colcon.colcon_core.package_identification:Package 'src/scara_mujoco_description' with type 'ros.ament_cmake' and name 'scara_mujoco_description'
[0.316s] Level 1:colcon.colcon_core.package_identification:_identify(src/scara_mujoco_python_sim) by extensions ['ignore', 'ignore_ament_install']
[0.316s] Level 1:colcon.colcon_core.package_identification:_identify(src/scara_mujoco_python_sim) by extension 'ignore'
[0.316s] Level 1:colcon.colcon_core.package_identification:_identify(src/scara_mujoco_python_sim) by extension 'ignore_ament_install'
[0.316s] Level 1:colcon.colcon_core.package_identification:_identify(src/scara_mujoco_python_sim) by extensions ['colcon_pkg']
[0.316s] Level 1:colcon.colcon_core.package_identification:_identify(src/scara_mujoco_python_sim) by extension 'colcon_pkg'
[0.316s] Level 1:colcon.colcon_core.package_identification:_identify(src/scara_mujoco_python_sim) by extensions ['colcon_meta']
[0.316s] Level 1:colcon.colcon_core.package_identification:_identify(src/scara_mujoco_python_sim) by extension 'colcon_meta'
[0.316s] Level 1:colcon.colcon_core.package_identification:_identify(src/scara_mujoco_python_sim) by extensions ['ros']
[0.316s] Level 1:colcon.colcon_core.package_identification:_identify(src/scara_mujoco_python_sim) by extension 'ros'
[0.317s] DEBUG:colcon.colcon_core.package_identification:Package 'src/scara_mujoco_python_sim' with type 'ros.ament_python' and name 'scara_mujoco_python_sim'
[0.317s] Level 1:colcon.colcon_core.package_identification:_identify(src/scara_mujoco_sim) by extensions ['ignore', 'ignore_ament_install']
[0.317s] Level 1:colcon.colcon_core.package_identification:_identify(src/scara_mujoco_sim) by extension 'ignore'
[0.317s] Level 1:colcon.colcon_core.package_identification:_identify(src/scara_mujoco_sim) by extension 'ignore_ament_install'
[0.317s] Level 1:colcon.colcon_core.package_identification:_identify(src/scara_mujoco_sim) by extensions ['colcon_pkg']
[0.317s] Level 1:colcon.colcon_core.package_identification:_identify(src/scara_mujoco_sim) by extension 'colcon_pkg'
[0.317s] Level 1:colcon.colcon_core.package_identification:_identify(src/scara_mujoco_sim) by extensions ['colcon_meta']
[0.317s] Level 1:colcon.colcon_core.package_identification:_identify(src/scara_mujoco_sim) by extension 'colcon_meta'
[0.317s] Level 1:colcon.colcon_core.package_identification:_identify(src/scara_mujoco_sim) by extensions ['ros']
[0.317s] Level 1:colcon.colcon_core.package_identification:_identify(src/scara_mujoco_sim) by extension 'ros'
[0.318s] DEBUG:colcon.colcon_core.package_identification:Package 'src/scara_mujoco_sim' with type 'ros.ament_cmake' and name 'scara_mujoco_sim'
[0.318s] Level 1:colcon.colcon_core.package_identification:_identify(src/scara_path_controller) by extensions ['ignore', 'ignore_ament_install']
[0.318s] Level 1:colcon.colcon_core.package_identification:_identify(src/scara_path_controller) by extension 'ignore'
[0.318s] Level 1:colcon.colcon_core.package_identification:_identify(src/scara_path_controller) by extension 'ignore_ament_install'
[0.318s] Level 1:colcon.colcon_core.package_identification:_identify(src/scara_path_controller) by extensions ['colcon_pkg']
[0.318s] Level 1:colcon.colcon_core.package_identification:_identify(src/scara_path_controller) by extension 'colcon_pkg'
[0.318s] Level 1:colcon.colcon_core.package_identification:_identify(src/scara_path_controller) by extensions ['colcon_meta']
[0.318s] Level 1:colcon.colcon_core.package_identification:_identify(src/scara_path_controller) by extension 'colcon_meta'
[0.318s] Level 1:colcon.colcon_core.package_identification:_identify(src/scara_path_controller) by extensions ['ros']
[0.318s] Level 1:colcon.colcon_core.package_identification:_identify(src/scara_path_controller) by extension 'ros'
[0.319s] DEBUG:colcon.colcon_core.package_identification:Package 'src/scara_path_controller' with type 'ros.ament_python' and name 'scara_path_controller'
[0.319s] Level 1:colcon.colcon_core.package_identification:_identify(src/scara_path_generator) by extensions ['ignore', 'ignore_ament_install']
[0.319s] Level 1:colcon.colcon_core.package_identification:_identify(src/scara_path_generator) by extension 'ignore'
[0.319s] Level 1:colcon.colcon_core.package_identification:_identify(src/scara_path_generator) by extension 'ignore_ament_install'
[0.319s] Level 1:colcon.colcon_core.package_identification:_identify(src/scara_path_generator) by extensions ['colcon_pkg']
[0.319s] Level 1:colcon.colcon_core.package_identification:_identify(src/scara_path_generator) by extension 'colcon_pkg'
[0.319s] Level 1:colcon.colcon_core.package_identification:_identify(src/scara_path_generator) by extensions ['colcon_meta']
[0.319s] Level 1:colcon.colcon_core.package_identification:_identify(src/scara_path_generator) by extension 'colcon_meta'
[0.319s] Level 1:colcon.colcon_core.package_identification:_identify(src/scara_path_generator) by extensions ['ros']
[0.319s] Level 1:colcon.colcon_core.package_identification:_identify(src/scara_path_generator) by extension 'ros'
[0.319s] DEBUG:colcon.colcon_core.package_identification:Package 'src/scara_path_generator' with type 'ros.ament_python' and name 'scara_path_generator'
[0.319s] Level 1:colcon.colcon_core.package_identification:_identify(src/scara_real_bringup) by extensions ['ignore', 'ignore_ament_install']
[0.320s] Level 1:colcon.colcon_core.package_identification:_identify(src/scara_real_bringup) by extension 'ignore'
[0.320s] Level 1:colcon.colcon_core.package_identification:_identify(src/scara_real_bringup) by extension 'ignore_ament_install'
[0.320s] Level 1:colcon.colcon_core.package_identification:_identify(src/scara_real_bringup) by extensions ['colcon_pkg']
[0.320s] Level 1:colcon.colcon_core.package_identification:_identify(src/scara_real_bringup) by extension 'colcon_pkg'
[0.320s] Level 1:colcon.colcon_core.package_identification:_identify(src/scara_real_bringup) by extensions ['colcon_meta']
[0.320s] Level 1:colcon.colcon_core.package_identification:_identify(src/scara_real_bringup) by extension 'colcon_meta'
[0.320s] Level 1:colcon.colcon_core.package_identification:_identify(src/scara_real_bringup) by extensions ['ros']
[0.320s] Level 1:colcon.colcon_core.package_identification:_identify(src/scara_real_bringup) by extension 'ros'
[0.320s] DEBUG:colcon.colcon_core.package_identification:Package 'src/scara_real_bringup' with type 'ros.ament_cmake' and name 'scara_real_bringup'
[0.320s] Level 1:colcon.colcon_core.package_identification:_identify(src/scara_real_description) by extensions ['ignore', 'ignore_ament_install']
[0.320s] Level 1:colcon.colcon_core.package_identification:_identify(src/scara_real_description) by extension 'ignore'
[0.320s] Level 1:colcon.colcon_core.package_identification:_identify(src/scara_real_description) by extension 'ignore_ament_install'
[0.320s] Level 1:colcon.colcon_core.package_identification:_identify(src/scara_real_description) by extensions ['colcon_pkg']
[0.321s] Level 1:colcon.colcon_core.package_identification:_identify(src/scara_real_description) by extension 'colcon_pkg'
[0.321s] Level 1:colcon.colcon_core.package_identification:_identify(src/scara_real_description) by extensions ['colcon_meta']
[0.321s] Level 1:colcon.colcon_core.package_identification:_identify(src/scara_real_description) by extension 'colcon_meta'
[0.321s] Level 1:colcon.colcon_core.package_identification:_identify(src/scara_real_description) by extensions ['ros']
[0.321s] Level 1:colcon.colcon_core.package_identification:_identify(src/scara_real_description) by extension 'ros'
[0.321s] DEBUG:colcon.colcon_core.package_identification:Package 'src/scara_real_description' with type 'ros.ament_cmake' and name 'scara_real_description'
[0.321s] Level 1:colcon.colcon_core.package_identification:_identify(src/scara_tf_generator) by extensions ['ignore', 'ignore_ament_install']
[0.321s] Level 1:colcon.colcon_core.package_identification:_identify(src/scara_tf_generator) by extension 'ignore'
[0.321s] Level 1:colcon.colcon_core.package_identification:_identify(src/scara_tf_generator) by extension 'ignore_ament_install'
[0.321s] Level 1:colcon.colcon_core.package_identification:_identify(src/scara_tf_generator) by extensions ['colcon_pkg']
[0.321s] Level 1:colcon.colcon_core.package_identification:_identify(src/scara_tf_generator) by extension 'colcon_pkg'
[0.321s] Level 1:colcon.colcon_core.package_identification:_identify(src/scara_tf_generator) by extensions ['colcon_meta']
[0.321s] Level 1:colcon.colcon_core.package_identification:_identify(src/scara_tf_generator) by extension 'colcon_meta'
[0.321s] Level 1:colcon.colcon_core.package_identification:_identify(src/scara_tf_generator) by extensions ['ros']
[0.321s] Level 1:colcon.colcon_core.package_identification:_identify(src/scara_tf_generator) by extension 'ros'
[0.322s] DEBUG:colcon.colcon_core.package_identification:Package 'src/scara_tf_generator' with type 'ros.ament_python' and name 'scara_tf_generator'
[0.322s] Level 1:colcon.colcon_core.package_discovery:discover_packages(recursive) using defaults
[0.322s] Level 1:colcon.colcon_core.package_discovery:discover_packages(ignore) discover
[0.322s] Level 1:colcon.colcon_core.package_discovery:discover_packages(ignore) using defaults
[0.322s] Level 1:colcon.colcon_core.package_discovery:discover_packages(path) discover
[0.322s] Level 1:colcon.colcon_core.package_discovery:discover_packages(path) using defaults
[0.344s] Level 5:colcon.colcon_core.verb:set package 'premade_path_publisher' build argument 'cmake_args' from command line to 'None'
[0.344s] Level 5:colcon.colcon_core.verb:set package 'premade_path_publisher' build argument 'cmake_target' from command line to 'None'
[0.344s] Level 5:colcon.colcon_core.verb:set package 'premade_path_publisher' build argument 'cmake_target_skip_unavailable' from command line to 'False'
[0.344s] Level 5:colcon.colcon_core.verb:set package 'premade_path_publisher' build argument 'cmake_clean_cache' from command line to 'False'
[0.344s] Level 5:colcon.colcon_core.verb:set package 'premade_path_publisher' build argument 'cmake_clean_first' from command line to 'False'
[0.345s] Level 5:colcon.colcon_core.verb:set package 'premade_path_publisher' build argument 'cmake_force_configure' from command line to 'False'
[0.345s] Level 5:colcon.colcon_core.verb:set package 'premade_path_publisher' build argument 'ament_cmake_args' from command line to 'None'
[0.345s] Level 5:colcon.colcon_core.verb:set package 'premade_path_publisher' build argument 'catkin_cmake_args' from command line to 'None'
[0.345s] Level 5:colcon.colcon_core.verb:set package 'premade_path_publisher' build argument 'catkin_skip_building_tests' from command line to 'False'
[0.345s] DEBUG:colcon.colcon_core.verb:Building package 'premade_path_publisher' with the following arguments: {'ament_cmake_args': None, 'build_base': '/home/eia/repo/rbi_2025_2/scara/scara_ws/build/premade_path_publisher', 'catkin_cmake_args': None, 'catkin_skip_building_tests': False, 'cmake_args': None, 'cmake_clean_cache': False, 'cmake_clean_first': False, 'cmake_force_configure': False, 'cmake_target': None, 'cmake_target_skip_unavailable': False, 'install_base': '/home/eia/repo/rbi_2025_2/scara/scara_ws/install/premade_path_publisher', 'merge_install': False, 'path': '/home/eia/repo/rbi_2025_2/scara/scara_ws/src/premade_path_publisher', 'symlink_install': True, 'test_result_base': None}
[0.345s] Level 5:colcon.colcon_core.verb:set package 'scara_general_ik_solver' build argument 'cmake_args' from command line to 'None'
[0.345s] Level 5:colcon.colcon_core.verb:set package 'scara_general_ik_solver' build argument 'cmake_target' from command line to 'None'
[0.345s] Level 5:colcon.colcon_core.verb:set package 'scara_general_ik_solver' build argument 'cmake_target_skip_unavailable' from command line to 'False'
[0.345s] Level 5:colcon.colcon_core.verb:set package 'scara_general_ik_solver' build argument 'cmake_clean_cache' from command line to 'False'
[0.345s] Level 5:colcon.colcon_core.verb:set package 'scara_general_ik_solver' build argument 'cmake_clean_first' from command line to 'False'
[0.345s] Level 5:colcon.colcon_core.verb:set package 'scara_general_ik_solver' build argument 'cmake_force_configure' from command line to 'False'
[0.345s] Level 5:colcon.colcon_core.verb:set package 'scara_general_ik_solver' build argument 'ament_cmake_args' from command line to 'None'
[0.345s] Level 5:colcon.colcon_core.verb:set package 'scara_general_ik_solver' build argument 'catkin_cmake_args' from command line to 'None'
[0.345s] Level 5:colcon.colcon_core.verb:set package 'scara_general_ik_solver' build argument 'catkin_skip_building_tests' from command line to 'False'
[0.345s] DEBUG:colcon.colcon_core.verb:Building package 'scara_general_ik_solver' with the following arguments: {'ament_cmake_args': None, 'build_base': '/home/eia/repo/rbi_2025_2/scara/scara_ws/build/scara_general_ik_solver', 'catkin_cmake_args': None, 'catkin_skip_building_tests': False, 'cmake_args': None, 'cmake_clean_cache': False, 'cmake_clean_first': False, 'cmake_force_configure': False, 'cmake_target': None, 'cmake_target_skip_unavailable': False, 'install_base': '/home/eia/repo/rbi_2025_2/scara/scara_ws/install/scara_general_ik_solver', 'merge_install': False, 'path': '/home/eia/repo/rbi_2025_2/scara/scara_ws/src/scara_general_ik_solver', 'symlink_install': True, 'test_result_base': None}
[0.345s] Level 5:colcon.colcon_core.verb:set package 'scara_gz_bringup' build argument 'cmake_args' from command line to 'None'
[0.345s] Level 5:colcon.colcon_core.verb:set package 'scara_gz_bringup' build argument 'cmake_target' from command line to 'None'
[0.346s] Level 5:colcon.colcon_core.verb:set package 'scara_gz_bringup' build argument 'cmake_target_skip_unavailable' from command line to 'False'
[0.346s] Level 5:colcon.colcon_core.verb:set package 'scara_gz_bringup' build argument 'cmake_clean_cache' from command line to 'False'
[0.346s] Level 5:colcon.colcon_core.verb:set package 'scara_gz_bringup' build argument 'cmake_clean_first' from command line to 'False'
[0.346s] Level 5:colcon.colcon_core.verb:set package 'scara_gz_bringup' build argument 'cmake_force_configure' from command line to 'False'
[0.346s] Level 5:colcon.colcon_core.verb:set package 'scara_gz_bringup' build argument 'ament_cmake_args' from command line to 'None'
[0.346s] Level 5:colcon.colcon_core.verb:set package 'scara_gz_bringup' build argument 'catkin_cmake_args' from command line to 'None'
[0.346s] Level 5:colcon.colcon_core.verb:set package 'scara_gz_bringup' build argument 'catkin_skip_building_tests' from command line to 'False'
[0.346s] DEBUG:colcon.colcon_core.verb:Building package 'scara_gz_bringup' with the following arguments: {'ament_cmake_args': None, 'build_base': '/home/eia/repo/rbi_2025_2/scara/scara_ws/build/scara_gz_bringup', 'catkin_cmake_args': None, 'catkin_skip_building_tests': False, 'cmake_args': None, 'cmake_clean_cache': False, 'cmake_clean_first': False, 'cmake_force_configure': False, 'cmake_target': None, 'cmake_target_skip_unavailable': False, 'install_base': '/home/eia/repo/rbi_2025_2/scara/scara_ws/install/scara_gz_bringup', 'merge_install': False, 'path': '/home/eia/repo/rbi_2025_2/scara/scara_ws/src/scara_gz_bringup', 'symlink_install': True, 'test_result_base': None}
[0.346s] Level 5:colcon.colcon_core.verb:set package 'scara_gz_description' build argument 'cmake_args' from command line to 'None'
[0.346s] Level 5:colcon.colcon_core.verb:set package 'scara_gz_description' build argument 'cmake_target' from command line to 'None'
[0.346s] Level 5:colcon.colcon_core.verb:set package 'scara_gz_description' build argument 'cmake_target_skip_unavailable' from command line to 'False'
[0.346s] Level 5:colcon.colcon_core.verb:set package 'scara_gz_description' build argument 'cmake_clean_cache' from command line to 'False'
[0.346s] Level 5:colcon.colcon_core.verb:set package 'scara_gz_description' build argument 'cmake_clean_first' from command line to 'False'
[0.346s] Level 5:colcon.colcon_core.verb:set package 'scara_gz_description' build argument 'cmake_force_configure' from command line to 'False'
[0.346s] Level 5:colcon.colcon_core.verb:set package 'scara_gz_description' build argument 'ament_cmake_args' from command line to 'None'
[0.346s] Level 5:colcon.colcon_core.verb:set package 'scara_gz_description' build argument 'catkin_cmake_args' from command line to 'None'
[0.346s] Level 5:colcon.colcon_core.verb:set package 'scara_gz_description' build argument 'catkin_skip_building_tests' from command line to 'False'
[0.346s] DEBUG:colcon.colcon_core.verb:Building package 'scara_gz_description' with the following arguments: {'ament_cmake_args': None, 'build_base': '/home/eia/repo/rbi_2025_2/scara/scara_ws/build/scara_gz_description', 'catkin_cmake_args': None, 'catkin_skip_building_tests': False, 'cmake_args': None, 'cmake_clean_cache': False, 'cmake_clean_first': False, 'cmake_force_configure': False, 'cmake_target': None, 'cmake_target_skip_unavailable': False, 'install_base': '/home/eia/repo/rbi_2025_2/scara/scara_ws/install/scara_gz_description', 'merge_install': False, 'path': '/home/eia/repo/rbi_2025_2/scara/scara_ws/src/scara_gz_description', 'symlink_install': True, 'test_result_base': None}
[0.346s] Level 5:colcon.colcon_core.verb:set package 'scara_hardware_interface' build argument 'cmake_args' from command line to 'None'
[0.346s] Level 5:colcon.colcon_core.verb:set package 'scara_hardware_interface' build argument 'cmake_target' from command line to 'None'
[0.346s] Level 5:colcon.colcon_core.verb:set package 'scara_hardware_interface' build argument 'cmake_target_skip_unavailable' from command line to 'False'
[0.347s] Level 5:colcon.colcon_core.verb:set package 'scara_hardware_interface' build argument 'cmake_clean_cache' from command line to 'False'
[0.347s] Level 5:colcon.colcon_core.verb:set package 'scara_hardware_interface' build argument 'cmake_clean_first' from command line to 'False'
[0.347s] Level 5:colcon.colcon_core.verb:set package 'scara_hardware_interface' build argument 'cmake_force_configure' from command line to 'False'
[0.347s] Level 5:colcon.colcon_core.verb:set package 'scara_hardware_interface' build argument 'ament_cmake_args' from command line to 'None'
[0.347s] Level 5:colcon.colcon_core.verb:set package 'scara_hardware_interface' build argument 'catkin_cmake_args' from command line to 'None'
[0.347s] Level 5:colcon.colcon_core.verb:set package 'scara_hardware_interface' build argument 'catkin_skip_building_tests' from command line to 'False'
[0.347s] DEBUG:colcon.colcon_core.verb:Building package 'scara_hardware_interface' with the following arguments: {'ament_cmake_args': None, 'build_base': '/home/eia/repo/rbi_2025_2/scara/scara_ws/build/scara_hardware_interface', 'catkin_cmake_args': None, 'catkin_skip_building_tests': False, 'cmake_args': None, 'cmake_clean_cache': False, 'cmake_clean_first': False, 'cmake_force_configure': False, 'cmake_target': None, 'cmake_target_skip_unavailable': False, 'install_base': '/home/eia/repo/rbi_2025_2/scara/scara_ws/install/scara_hardware_interface', 'merge_install': False, 'path': '/home/eia/repo/rbi_2025_2/scara/scara_ws/src/scara_hardware_interface', 'symlink_install': True, 'test_result_base': None}
[0.347s] Level 5:colcon.colcon_core.verb:set package 'scara_mujoco_bringup' build argument 'cmake_args' from command line to 'None'
[0.347s] Level 5:colcon.colcon_core.verb:set package 'scara_mujoco_bringup' build argument 'cmake_target' from command line to 'None'
[0.347s] Level 5:colcon.colcon_core.verb:set package 'scara_mujoco_bringup' build argument 'cmake_target_skip_unavailable' from command line to 'False'
[0.347s] Level 5:colcon.colcon_core.verb:set package 'scara_mujoco_bringup' build argument 'cmake_clean_cache' from command line to 'False'
[0.347s] Level 5:colcon.colcon_core.verb:set package 'scara_mujoco_bringup' build argument 'cmake_clean_first' from command line to 'False'
[0.347s] Level 5:colcon.colcon_core.verb:set package 'scara_mujoco_bringup' build argument 'cmake_force_configure' from command line to 'False'
[0.347s] Level 5:colcon.colcon_core.verb:set package 'scara_mujoco_bringup' build argument 'ament_cmake_args' from command line to 'None'
[0.347s] Level 5:colcon.colcon_core.verb:set package 'scara_mujoco_bringup' build argument 'catkin_cmake_args' from command line to 'None'
[0.347s] Level 5:colcon.colcon_core.verb:set package 'scara_mujoco_bringup' build argument 'catkin_skip_building_tests' from command line to 'False'
[0.347s] DEBUG:colcon.colcon_core.verb:Building package 'scara_mujoco_bringup' with the following arguments: {'ament_cmake_args': None, 'build_base': '/home/eia/repo/rbi_2025_2/scara/scara_ws/build/scara_mujoco_bringup', 'catkin_cmake_args': None, 'catkin_skip_building_tests': False, 'cmake_args': None, 'cmake_clean_cache': False, 'cmake_clean_first': False, 'cmake_force_configure': False, 'cmake_target': None, 'cmake_target_skip_unavailable': False, 'install_base': '/home/eia/repo/rbi_2025_2/scara/scara_ws/install/scara_mujoco_bringup', 'merge_install': False, 'path': '/home/eia/repo/rbi_2025_2/scara/scara_ws/src/scara_mujoco_bringup', 'symlink_install': True, 'test_result_base': None}
[0.347s] Level 5:colcon.colcon_core.verb:set package 'scara_mujoco_description' build argument 'cmake_args' from command line to 'None'
[0.347s] Level 5:colcon.colcon_core.verb:set package 'scara_mujoco_description' build argument 'cmake_target' from command line to 'None'
[0.347s] Level 5:colcon.colcon_core.verb:set package 'scara_mujoco_description' build argument 'cmake_target_skip_unavailable' from command line to 'False'
[0.347s] Level 5:colcon.colcon_core.verb:set package 'scara_mujoco_description' build argument 'cmake_clean_cache' from command line to 'False'
[0.348s] Level 5:colcon.colcon_core.verb:set package 'scara_mujoco_description' build argument 'cmake_clean_first' from command line to 'False'
[0.348s] Level 5:colcon.colcon_core.verb:set package 'scara_mujoco_description' build argument 'cmake_force_configure' from command line to 'False'
[0.348s] Level 5:colcon.colcon_core.verb:set package 'scara_mujoco_description' build argument 'ament_cmake_args' from command line to 'None'
[0.348s] Level 5:colcon.colcon_core.verb:set package 'scara_mujoco_description' build argument 'catkin_cmake_args' from command line to 'None'
[0.348s] Level 5:colcon.colcon_core.verb:set package 'scara_mujoco_description' build argument 'catkin_skip_building_tests' from command line to 'False'
[0.348s] DEBUG:colcon.colcon_core.verb:Building package 'scara_mujoco_description' with the following arguments: {'ament_cmake_args': None, 'build_base': '/home/eia/repo/rbi_2025_2/scara/scara_ws/build/scara_mujoco_description', 'catkin_cmake_args': None, 'catkin_skip_building_tests': False, 'cmake_args': None, 'cmake_clean_cache': False, 'cmake_clean_first': False, 'cmake_force_configure': False, 'cmake_target': None, 'cmake_target_skip_unavailable': False, 'install_base': '/home/eia/repo/rbi_2025_2/scara/scara_ws/install/scara_mujoco_description', 'merge_install': False, 'path': '/home/eia/repo/rbi_2025_2/scara/scara_ws/src/scara_mujoco_description', 'symlink_install': True, 'test_result_base': None}
[0.348s] Level 5:colcon.colcon_core.verb:set package 'scara_mujoco_python_sim' build argument 'cmake_args' from command line to 'None'
[0.348s] Level 5:colcon.colcon_core.verb:set package 'scara_mujoco_python_sim' build argument 'cmake_target' from command line to 'None'
[0.348s] Level 5:colcon.colcon_core.verb:set package 'scara_mujoco_python_sim' build argument 'cmake_target_skip_unavailable' from command line to 'False'
[0.348s] Level 5:colcon.colcon_core.verb:set package 'scara_mujoco_python_sim' build argument 'cmake_clean_cache' from command line to 'False'
[0.348s] Level 5:colcon.colcon_core.verb:set package 'scara_mujoco_python_sim' build argument 'cmake_clean_first' from command line to 'False'
[0.348s] Level 5:colcon.colcon_core.verb:set package 'scara_mujoco_python_sim' build argument 'cmake_force_configure' from command line to 'False'
[0.348s] Level 5:colcon.colcon_core.verb:set package 'scara_mujoco_python_sim' build argument 'ament_cmake_args' from command line to 'None'
[0.348s] Level 5:colcon.colcon_core.verb:set package 'scara_mujoco_python_sim' build argument 'catkin_cmake_args' from command line to 'None'
[0.348s] Level 5:colcon.colcon_core.verb:set package 'scara_mujoco_python_sim' build argument 'catkin_skip_building_tests' from command line to 'False'
[0.348s] DEBUG:colcon.colcon_core.verb:Building package 'scara_mujoco_python_sim' with the following arguments: {'ament_cmake_args': None, 'build_base': '/home/eia/repo/rbi_2025_2/scara/scara_ws/build/scara_mujoco_python_sim', 'catkin_cmake_args': None, 'catkin_skip_building_tests': False, 'cmake_args': None, 'cmake_clean_cache': False, 'cmake_clean_first': False, 'cmake_force_configure': False, 'cmake_target': None, 'cmake_target_skip_unavailable': False, 'install_base': '/home/eia/repo/rbi_2025_2/scara/scara_ws/install/scara_mujoco_python_sim', 'merge_install': False, 'path': '/home/eia/repo/rbi_2025_2/scara/scara_ws/src/scara_mujoco_python_sim', 'symlink_install': True, 'test_result_base': None}
[0.348s] Level 5:colcon.colcon_core.verb:set package 'scara_mujoco_sim' build argument 'cmake_args' from command line to 'None'
[0.348s] Level 5:colcon.colcon_core.verb:set package 'scara_mujoco_sim' build argument 'cmake_target' from command line to 'None'
[0.348s] Level 5:colcon.colcon_core.verb:set package 'scara_mujoco_sim' build argument 'cmake_target_skip_unavailable' from command line to 'False'
[0.348s] Level 5:colcon.colcon_core.verb:set package 'scara_mujoco_sim' build argument 'cmake_clean_cache' from command line to 'False'
[0.348s] Level 5:colcon.colcon_core.verb:set package 'scara_mujoco_sim' build argument 'cmake_clean_first' from command line to 'False'
[0.348s] Level 5:colcon.colcon_core.verb:set package 'scara_mujoco_sim' build argument 'cmake_force_configure' from command line to 'False'
[0.349s] Level 5:colcon.colcon_core.verb:set package 'scara_mujoco_sim' build argument 'ament_cmake_args' from command line to 'None'
[0.349s] Level 5:colcon.colcon_core.verb:set package 'scara_mujoco_sim' build argument 'catkin_cmake_args' from command line to 'None'
[0.349s] Level 5:colcon.colcon_core.verb:set package 'scara_mujoco_sim' build argument 'catkin_skip_building_tests' from command line to 'False'
[0.349s] DEBUG:colcon.colcon_core.verb:Building package 'scara_mujoco_sim' with the following arguments: {'ament_cmake_args': None, 'build_base': '/home/eia/repo/rbi_2025_2/scara/scara_ws/build/scara_mujoco_sim', 'catkin_cmake_args': None, 'catkin_skip_building_tests': False, 'cmake_args': None, 'cmake_clean_cache': False, 'cmake_clean_first': False, 'cmake_force_configure': False, 'cmake_target': None, 'cmake_target_skip_unavailable': False, 'install_base': '/home/eia/repo/rbi_2025_2/scara/scara_ws/install/scara_mujoco_sim', 'merge_install': False, 'path': '/home/eia/repo/rbi_2025_2/scara/scara_ws/src/scara_mujoco_sim', 'symlink_install': True, 'test_result_base': None}
[0.349s] Level 5:colcon.colcon_core.verb:set package 'scara_path_controller' build argument 'cmake_args' from command line to 'None'
[0.349s] Level 5:colcon.colcon_core.verb:set package 'scara_path_controller' build argument 'cmake_target' from command line to 'None'
[0.349s] Level 5:colcon.colcon_core.verb:set package 'scara_path_controller' build argument 'cmake_target_skip_unavailable' from command line to 'False'
[0.349s] Level 5:colcon.colcon_core.verb:set package 'scara_path_controller' build argument 'cmake_clean_cache' from command line to 'False'
[0.349s] Level 5:colcon.colcon_core.verb:set package 'scara_path_controller' build argument 'cmake_clean_first' from command line to 'False'
[0.349s] Level 5:colcon.colcon_core.verb:set package 'scara_path_controller' build argument 'cmake_force_configure' from command line to 'False'
[0.349s] Level 5:colcon.colcon_core.verb:set package 'scara_path_controller' build argument 'ament_cmake_args' from command line to 'None'
[0.349s] Level 5:colcon.colcon_core.verb:set package 'scara_path_controller' build argument 'catkin_cmake_args' from command line to 'None'
[0.349s] Level 5:colcon.colcon_core.verb:set package 'scara_path_controller' build argument 'catkin_skip_building_tests' from command line to 'False'
[0.349s] DEBUG:colcon.colcon_core.verb:Building package 'scara_path_controller' with the following arguments: {'ament_cmake_args': None, 'build_base': '/home/eia/repo/rbi_2025_2/scara/scara_ws/build/scara_path_controller', 'catkin_cmake_args': None, 'catkin_skip_building_tests': False, 'cmake_args': None, 'cmake_clean_cache': False, 'cmake_clean_first': False, 'cmake_force_configure': False, 'cmake_target': None, 'cmake_target_skip_unavailable': False, 'install_base': '/home/eia/repo/rbi_2025_2/scara/scara_ws/install/scara_path_controller', 'merge_install': False, 'path': '/home/eia/repo/rbi_2025_2/scara/scara_ws/src/scara_path_controller', 'symlink_install': True, 'test_result_base': None}
[0.349s] Level 5:colcon.colcon_core.verb:set package 'scara_path_generator' build argument 'cmake_args' from command line to 'None'
[0.349s] Level 5:colcon.colcon_core.verb:set package 'scara_path_generator' build argument 'cmake_target' from command line to 'None'
[0.349s] Level 5:colcon.colcon_core.verb:set package 'scara_path_generator' build argument 'cmake_target_skip_unavailable' from command line to 'False'
[0.349s] Level 5:colcon.colcon_core.verb:set package 'scara_path_generator' build argument 'cmake_clean_cache' from command line to 'False'
[0.349s] Level 5:colcon.colcon_core.verb:set package 'scara_path_generator' build argument 'cmake_clean_first' from command line to 'False'
[0.349s] Level 5:colcon.colcon_core.verb:set package 'scara_path_generator' build argument 'cmake_force_configure' from command line to 'False'
[0.349s] Level 5:colcon.colcon_core.verb:set package 'scara_path_generator' build argument 'ament_cmake_args' from command line to 'None'
[0.350s] Level 5:colcon.colcon_core.verb:set package 'scara_path_generator' build argument 'catkin_cmake_args' from command line to 'None'
[0.350s] Level 5:colcon.colcon_core.verb:set package 'scara_path_generator' build argument 'catkin_skip_building_tests' from command line to 'False'
[0.350s] DEBUG:colcon.colcon_core.verb:Building package 'scara_path_generator' with the following arguments: {'ament_cmake_args': None, 'build_base': '/home/eia/repo/rbi_2025_2/scara/scara_ws/build/scara_path_generator', 'catkin_cmake_args': None, 'catkin_skip_building_tests': False, 'cmake_args': None, 'cmake_clean_cache': False, 'cmake_clean_first': False, 'cmake_force_configure': False, 'cmake_target': None, 'cmake_target_skip_unavailable': False, 'install_base': '/home/eia/repo/rbi_2025_2/scara/scara_ws/install/scara_path_generator', 'merge_install': False, 'path': '/home/eia/repo/rbi_2025_2/scara/scara_ws/src/scara_path_generator', 'symlink_install': True, 'test_result_base': None}
[0.350s] Level 5:colcon.colcon_core.verb:set package 'scara_real_bringup' build argument 'cmake_args' from command line to 'None'
[0.350s] Level 5:colcon.colcon_core.verb:set package 'scara_real_bringup' build argument 'cmake_target' from command line to 'None'
[0.350s] Level 5:colcon.colcon_core.verb:set package 'scara_real_bringup' build argument 'cmake_target_skip_unavailable' from command line to 'False'
[0.350s] Level 5:colcon.colcon_core.verb:set package 'scara_real_bringup' build argument 'cmake_clean_cache' from command line to 'False'
[0.350s] Level 5:colcon.colcon_core.verb:set package 'scara_real_bringup' build argument 'cmake_clean_first' from command line to 'False'
[0.350s] Level 5:colcon.colcon_core.verb:set package 'scara_real_bringup' build argument 'cmake_force_configure' from command line to 'False'
[0.350s] Level 5:colcon.colcon_core.verb:set package 'scara_real_bringup' build argument 'ament_cmake_args' from command line to 'None'
[0.350s] Level 5:colcon.colcon_core.verb:set package 'scara_real_bringup' build argument 'catkin_cmake_args' from command line to 'None'
[0.350s] Level 5:colcon.colcon_core.verb:set package 'scara_real_bringup' build argument 'catkin_skip_building_tests' from command line to 'False'
[0.350s] DEBUG:colcon.colcon_core.verb:Building package 'scara_real_bringup' with the following arguments: {'ament_cmake_args': None, 'build_base': '/home/eia/repo/rbi_2025_2/scara/scara_ws/build/scara_real_bringup', 'catkin_cmake_args': None, 'catkin_skip_building_tests': False, 'cmake_args': None, 'cmake_clean_cache': False, 'cmake_clean_first': False, 'cmake_force_configure': False, 'cmake_target': None, 'cmake_target_skip_unavailable': False, 'install_base': '/home/eia/repo/rbi_2025_2/scara/scara_ws/install/scara_real_bringup', 'merge_install': False, 'path': '/home/eia/repo/rbi_2025_2/scara/scara_ws/src/scara_real_bringup', 'symlink_install': True, 'test_result_base': None}
[0.350s] Level 5:colcon.colcon_core.verb:set package 'scara_real_description' build argument 'cmake_args' from command line to 'None'
[0.350s] Level 5:colcon.colcon_core.verb:set package 'scara_real_description' build argument 'cmake_target' from command line to 'None'
[0.350s] Level 5:colcon.colcon_core.verb:set package 'scara_real_description' build argument 'cmake_target_skip_unavailable' from command line to 'False'
[0.350s] Level 5:colcon.colcon_core.verb:set package 'scara_real_description' build argument 'cmake_clean_cache' from command line to 'False'
[0.350s] Level 5:colcon.colcon_core.verb:set package 'scara_real_description' build argument 'cmake_clean_first' from command line to 'False'
[0.350s] Level 5:colcon.colcon_core.verb:set package 'scara_real_description' build argument 'cmake_force_configure' from command line to 'False'
[0.351s] Level 5:colcon.colcon_core.verb:set package 'scara_real_description' build argument 'ament_cmake_args' from command line to 'None'
[0.351s] Level 5:colcon.colcon_core.verb:set package 'scara_real_description' build argument 'catkin_cmake_args' from command line to 'None'
[0.351s] Level 5:colcon.colcon_core.verb:set package 'scara_real_description' build argument 'catkin_skip_building_tests' from command line to 'False'
[0.351s] DEBUG:colcon.colcon_core.verb:Building package 'scara_real_description' with the following arguments: {'ament_cmake_args': None, 'build_base': '/home/eia/repo/rbi_2025_2/scara/scara_ws/build/scara_real_description', 'catkin_cmake_args': None, 'catkin_skip_building_tests': False, 'cmake_args': None, 'cmake_clean_cache': False, 'cmake_clean_first': False, 'cmake_force_configure': False, 'cmake_target': None, 'cmake_target_skip_unavailable': False, 'install_base': '/home/eia/repo/rbi_2025_2/scara/scara_ws/install/scara_real_description', 'merge_install': False, 'path': '/home/eia/repo/rbi_2025_2/scara/scara_ws/src/scara_real_description', 'symlink_install': True, 'test_result_base': None}
[0.351s] Level 5:colcon.colcon_core.verb:set package 'scara_tf_generator' build argument 'cmake_args' from command line to 'None'
[0.351s] Level 5:colcon.colcon_core.verb:set package 'scara_tf_generator' build argument 'cmake_target' from command line to 'None'
[0.351s] Level 5:colcon.colcon_core.verb:set package 'scara_tf_generator' build argument 'cmake_target_skip_unavailable' from command line to 'False'
[0.351s] Level 5:colcon.colcon_core.verb:set package 'scara_tf_generator' build argument 'cmake_clean_cache' from command line to 'False'
[0.351s] Level 5:colcon.colcon_core.verb:set package 'scara_tf_generator' build argument 'cmake_clean_first' from command line to 'False'
[0.351s] Level 5:colcon.colcon_core.verb:set package 'scara_tf_generator' build argument 'cmake_force_configure' from command line to 'False'
[0.351s] Level 5:colcon.colcon_core.verb:set package 'scara_tf_generator' build argument 'ament_cmake_args' from command line to 'None'
[0.351s] Level 5:colcon.colcon_core.verb:set package 'scara_tf_generator' build argument 'catkin_cmake_args' from command line to 'None'
[0.351s] Level 5:colcon.colcon_core.verb:set package 'scara_tf_generator' build argument 'catkin_skip_building_tests' from command line to 'False'
[0.351s] DEBUG:colcon.colcon_core.verb:Building package 'scara_tf_generator' with the following arguments: {'ament_cmake_args': None, 'build_base': '/home/eia/repo/rbi_2025_2/scara/scara_ws/build/scara_tf_generator', 'catkin_cmake_args': None, 'catkin_skip_building_tests': False, 'cmake_args': None, 'cmake_clean_cache': False, 'cmake_clean_first': False, 'cmake_force_configure': False, 'cmake_target': None, 'cmake_target_skip_unavailable': False, 'install_base': '/home/eia/repo/rbi_2025_2/scara/scara_ws/install/scara_tf_generator', 'merge_install': False, 'path': '/home/eia/repo/rbi_2025_2/scara/scara_ws/src/scara_tf_generator', 'symlink_install': True, 'test_result_base': None}
[0.351s] INFO:colcon.colcon_core.executor:Executing jobs using 'parallel' executor
[0.352s] DEBUG:colcon.colcon_parallel_executor.executor.parallel:run_until_complete
[0.352s] INFO:colcon.colcon_ros.task.ament_python.build:Building ROS package in '/home/eia/repo/rbi_2025_2/scara/scara_ws/src/premade_path_publisher' with build type 'ament_python'
[0.352s] Level 1:colcon.colcon_core.shell:create_environment_hook('premade_path_publisher', 'ament_prefix_path')
[0.354s] INFO:colcon.colcon_core.plugin_system:Skipping extension 'colcon_core.shell.bat': Not used on non-Windows systems
[0.354s] INFO:colcon.colcon_core.shell:Creating environment hook '/home/eia/repo/rbi_2025_2/scara/scara_ws/install/premade_path_publisher/share/premade_path_publisher/hook/ament_prefix_path.ps1'
[0.355s] INFO:colcon.colcon_core.shell:Creating environment descriptor '/home/eia/repo/rbi_2025_2/scara/scara_ws/install/premade_path_publisher/share/premade_path_publisher/hook/ament_prefix_path.dsv'
[0.355s] INFO:colcon.colcon_core.shell:Creating environment hook '/home/eia/repo/rbi_2025_2/scara/scara_ws/install/premade_path_publisher/share/premade_path_publisher/hook/ament_prefix_path.sh'
[0.356s] INFO:colcon.colcon_core.shell:Skip shell extension 'powershell' for command environment: Not usable outside of PowerShell
[0.356s] DEBUG:colcon.colcon_core.shell:Skip shell extension 'dsv' for command environment
[0.359s] INFO:colcon.colcon_ros.task.ament_python.build:Building ROS package in '/home/eia/repo/rbi_2025_2/scara/scara_ws/src/scara_general_ik_solver' with build type 'ament_python'
[0.359s] Level 1:colcon.colcon_core.shell:create_environment_hook('scara_general_ik_solver', 'ament_prefix_path')
[0.359s] INFO:colcon.colcon_core.shell:Creating environment hook '/home/eia/repo/rbi_2025_2/scara/scara_ws/install/scara_general_ik_solver/share/scara_general_ik_solver/hook/ament_prefix_path.ps1'
[0.360s] INFO:colcon.colcon_core.shell:Creating environment descriptor '/home/eia/repo/rbi_2025_2/scara/scara_ws/install/scara_general_ik_solver/share/scara_general_ik_solver/hook/ament_prefix_path.dsv'
[0.360s] INFO:colcon.colcon_core.shell:Creating environment hook '/home/eia/repo/rbi_2025_2/scara/scara_ws/install/scara_general_ik_solver/share/scara_general_ik_solver/hook/ament_prefix_path.sh'
[0.361s] INFO:colcon.colcon_core.shell:Skip shell extension 'powershell' for command environment: Not usable outside of PowerShell
[0.361s] DEBUG:colcon.colcon_core.shell:Skip shell extension 'dsv' for command environment
[0.363s] INFO:colcon.colcon_ros.task.ament_cmake.build:Building ROS package in '/home/eia/repo/rbi_2025_2/scara/scara_ws/src/scara_gz_bringup' with build type 'ament_cmake'
[0.363s] INFO:colcon.colcon_cmake.task.cmake.build:Building CMake package in '/home/eia/repo/rbi_2025_2/scara/scara_ws/src/scara_gz_bringup'
[0.364s] INFO:colcon.colcon_core.shell:Skip shell extension 'powershell' for command environment: Not usable outside of PowerShell
[0.364s] DEBUG:colcon.colcon_core.shell:Skip shell extension 'dsv' for command environment
[0.366s] INFO:colcon.colcon_ros.task.ament_cmake.build:Building ROS package in '/home/eia/repo/rbi_2025_2/scara/scara_ws/src/scara_gz_description' with build type 'ament_cmake'
[0.366s] INFO:colcon.colcon_cmake.task.cmake.build:Building CMake package in '/home/eia/repo/rbi_2025_2/scara/scara_ws/src/scara_gz_description'
[0.366s] INFO:colcon.colcon_core.shell:Skip shell extension 'powershell' for command environment: Not usable outside of PowerShell
[0.366s] DEBUG:colcon.colcon_core.shell:Skip shell extension 'dsv' for command environment
[0.369s] INFO:colcon.colcon_ros.task.ament_cmake.build:Building ROS package in '/home/eia/repo/rbi_2025_2/scara/scara_ws/src/scara_hardware_interface' with build type 'ament_cmake'
[0.369s] INFO:colcon.colcon_cmake.task.cmake.build:Building CMake package in '/home/eia/repo/rbi_2025_2/scara/scara_ws/src/scara_hardware_interface'
[0.369s] INFO:colcon.colcon_core.shell:Skip shell extension 'powershell' for command environment: Not usable outside of PowerShell
[0.369s] DEBUG:colcon.colcon_core.shell:Skip shell extension 'dsv' for command environment
[0.371s] INFO:colcon.colcon_ros.task.ament_cmake.build:Building ROS package in '/home/eia/repo/rbi_2025_2/scara/scara_ws/src/scara_mujoco_bringup' with build type 'ament_cmake'
[0.371s] INFO:colcon.colcon_cmake.task.cmake.build:Building CMake package in '/home/eia/repo/rbi_2025_2/scara/scara_ws/src/scara_mujoco_bringup'
[0.372s] INFO:colcon.colcon_core.shell:Skip shell extension 'powershell' for command environment: Not usable outside of PowerShell
[0.372s] DEBUG:colcon.colcon_core.shell:Skip shell extension 'dsv' for command environment
[0.374s] INFO:colcon.colcon_ros.task.ament_cmake.build:Building ROS package in '/home/eia/repo/rbi_2025_2/scara/scara_ws/src/scara_mujoco_description' with build type 'ament_cmake'
[0.374s] INFO:colcon.colcon_cmake.task.cmake.build:Building CMake package in '/home/eia/repo/rbi_2025_2/scara/scara_ws/src/scara_mujoco_description'
[0.374s] INFO:colcon.colcon_core.shell:Skip shell extension 'powershell' for command environment: Not usable outside of PowerShell
[0.374s] DEBUG:colcon.colcon_core.shell:Skip shell extension 'dsv' for command environment
[0.377s] INFO:colcon.colcon_ros.task.ament_python.build:Building ROS package in '/home/eia/repo/rbi_2025_2/scara/scara_ws/src/scara_mujoco_python_sim' with build type 'ament_python'
[0.377s] Level 1:colcon.colcon_core.shell:create_environment_hook('scara_mujoco_python_sim', 'ament_prefix_path')
[0.377s] INFO:colcon.colcon_core.shell:Creating environment hook '/home/eia/repo/rbi_2025_2/scara/scara_ws/install/scara_mujoco_python_sim/share/scara_mujoco_python_sim/hook/ament_prefix_path.ps1'
[0.377s] INFO:colcon.colcon_core.shell:Creating environment descriptor '/home/eia/repo/rbi_2025_2/scara/scara_ws/install/scara_mujoco_python_sim/share/scara_mujoco_python_sim/hook/ament_prefix_path.dsv'
[0.378s] INFO:colcon.colcon_core.shell:Creating environment hook '/home/eia/repo/rbi_2025_2/scara/scara_ws/install/scara_mujoco_python_sim/share/scara_mujoco_python_sim/hook/ament_prefix_path.sh'
[0.378s] INFO:colcon.colcon_core.shell:Skip shell extension 'powershell' for command environment: Not usable outside of PowerShell
[0.378s] DEBUG:colcon.colcon_core.shell:Skip shell extension 'dsv' for command environment
[0.381s] INFO:colcon.colcon_ros.task.ament_cmake.build:Building ROS package in '/home/eia/repo/rbi_2025_2/scara/scara_ws/src/scara_mujoco_sim' with build type 'ament_cmake'
[0.381s] INFO:colcon.colcon_cmake.task.cmake.build:Building CMake package in '/home/eia/repo/rbi_2025_2/scara/scara_ws/src/scara_mujoco_sim'
[0.381s] INFO:colcon.colcon_core.shell:Skip shell extension 'powershell' for command environment: Not usable outside of PowerShell
[0.381s] DEBUG:colcon.colcon_core.shell:Skip shell extension 'dsv' for command environment
[0.384s] INFO:colcon.colcon_ros.task.ament_python.build:Building ROS package in '/home/eia/repo/rbi_2025_2/scara/scara_ws/src/scara_path_controller' with build type 'ament_python'
[0.384s] Level 1:colcon.colcon_core.shell:create_environment_hook('scara_path_controller', 'ament_prefix_path')
[0.384s] INFO:colcon.colcon_core.shell:Creating environment hook '/home/eia/repo/rbi_2025_2/scara/scara_ws/install/scara_path_controller/share/scara_path_controller/hook/ament_prefix_path.ps1'
[0.384s] INFO:colcon.colcon_core.shell:Creating environment descriptor '/home/eia/repo/rbi_2025_2/scara/scara_ws/install/scara_path_controller/share/scara_path_controller/hook/ament_prefix_path.dsv'
[0.385s] INFO:colcon.colcon_core.shell:Creating environment hook '/home/eia/repo/rbi_2025_2/scara/scara_ws/install/scara_path_controller/share/scara_path_controller/hook/ament_prefix_path.sh'
[0.385s] INFO:colcon.colcon_core.shell:Skip shell extension 'powershell' for command environment: Not usable outside of PowerShell
[0.385s] DEBUG:colcon.colcon_core.shell:Skip shell extension 'dsv' for command environment
[0.388s] INFO:colcon.colcon_ros.task.ament_python.build:Building ROS package in '/home/eia/repo/rbi_2025_2/scara/scara_ws/src/scara_path_generator' with build type 'ament_python'
[0.388s] Level 1:colcon.colcon_core.shell:create_environment_hook('scara_path_generator', 'ament_prefix_path')
[0.388s] INFO:colcon.colcon_core.shell:Creating environment hook '/home/eia/repo/rbi_2025_2/scara/scara_ws/install/scara_path_generator/share/scara_path_generator/hook/ament_prefix_path.ps1'
[0.388s] INFO:colcon.colcon_core.shell:Creating environment descriptor '/home/eia/repo/rbi_2025_2/scara/scara_ws/install/scara_path_generator/share/scara_path_generator/hook/ament_prefix_path.dsv'
[0.389s] INFO:colcon.colcon_core.shell:Creating environment hook '/home/eia/repo/rbi_2025_2/scara/scara_ws/install/scara_path_generator/share/scara_path_generator/hook/ament_prefix_path.sh'
[0.389s] INFO:colcon.colcon_core.shell:Skip shell extension 'powershell' for command environment: Not usable outside of PowerShell
[0.389s] DEBUG:colcon.colcon_core.shell:Skip shell extension 'dsv' for command environment
[0.391s] INFO:colcon.colcon_ros.task.ament_cmake.build:Building ROS package in '/home/eia/repo/rbi_2025_2/scara/scara_ws/src/scara_real_bringup' with build type 'ament_cmake'
[0.392s] INFO:colcon.colcon_cmake.task.cmake.build:Building CMake package in '/home/eia/repo/rbi_2025_2/scara/scara_ws/src/scara_real_bringup'
[0.392s] INFO:colcon.colcon_core.shell:Skip shell extension 'powershell' for command environment: Not usable outside of PowerShell
[0.392s] DEBUG:colcon.colcon_core.shell:Skip shell extension 'dsv' for command environment
[0.675s] INFO:colcon.colcon_core.task.python.build:Building Python package in '/home/eia/repo/rbi_2025_2/scara/scara_ws/src/premade_path_publisher'
[0.676s] INFO:colcon.colcon_core.shell:Skip shell extension 'powershell' for command environment: Not usable outside of PowerShell
[0.676s] DEBUG:colcon.colcon_core.shell:Skip shell extension 'dsv' for command environment
[0.937s] INFO:colcon.colcon_core.task.python.build:Building Python package in '/home/eia/repo/rbi_2025_2/scara/scara_ws/src/scara_general_ik_solver'
[0.937s] INFO:colcon.colcon_core.shell:Skip shell extension 'powershell' for command environment: Not usable outside of PowerShell
[0.938s] DEBUG:colcon.colcon_core.shell:Skip shell extension 'dsv' for command environment
[0.944s] DEBUG:colcon.colcon_core.event_handler.log_command:Invoking command in '/home/eia/repo/rbi_2025_2/scara/scara_ws/build/scara_gz_bringup': CMAKE_PREFIX_PATH=/opt/ros/humble /usr/bin/cmake --build /home/eia/repo/rbi_2025_2/scara/scara_ws/build/scara_gz_bringup -- -j12 -l12
[0.945s] DEBUG:colcon.colcon_core.event_handler.log_command:Invoking command in '/home/eia/repo/rbi_2025_2/scara/scara_ws/build/scara_gz_description': CMAKE_PREFIX_PATH=/opt/ros/humble /usr/bin/cmake --build /home/eia/repo/rbi_2025_2/scara/scara_ws/build/scara_gz_description -- -j12 -l12
[0.947s] DEBUG:colcon.colcon_core.event_handler.log_command:Invoking command in '/home/eia/repo/rbi_2025_2/scara/scara_ws/build/scara_hardware_interface': CMAKE_PREFIX_PATH=/opt/ros/humble /usr/bin/cmake --build /home/eia/repo/rbi_2025_2/scara/scara_ws/build/scara_hardware_interface -- -j12 -l12
[0.949s] DEBUG:colcon.colcon_core.event_handler.log_command:Invoking command in '/home/eia/repo/rbi_2025_2/scara/scara_ws/build/scara_mujoco_bringup': CMAKE_PREFIX_PATH=/opt/ros/humble /usr/bin/cmake --build /home/eia/repo/rbi_2025_2/scara/scara_ws/build/scara_mujoco_bringup -- -j12 -l12
[0.952s] DEBUG:colcon.colcon_core.event_handler.log_command:Invoking command in '/home/eia/repo/rbi_2025_2/scara/scara_ws/build/scara_mujoco_description': CMAKE_PREFIX_PATH=/opt/ros/humble /usr/bin/cmake --build /home/eia/repo/rbi_2025_2/scara/scara_ws/build/scara_mujoco_description -- -j12 -l12
[1.235s] INFO:colcon.colcon_core.task.python.build:Building Python package in '/home/eia/repo/rbi_2025_2/scara/scara_ws/src/scara_mujoco_python_sim'
[1.236s] INFO:colcon.colcon_core.shell:Skip shell extension 'powershell' for command environment: Not usable outside of PowerShell
[1.236s] DEBUG:colcon.colcon_core.shell:Skip shell extension 'dsv' for command environment
[1.241s] DEBUG:colcon.colcon_core.event_handler.log_command:Invoking command in '/home/eia/repo/rbi_2025_2/scara/scara_ws/build/scara_mujoco_sim': CMAKE_PREFIX_PATH=/opt/ros/humble /usr/bin/cmake --build /home/eia/repo/rbi_2025_2/scara/scara_ws/build/scara_mujoco_sim -- -j12 -l12
[1.537s] INFO:colcon.colcon_core.task.python.build:Building Python package in '/home/eia/repo/rbi_2025_2/scara/scara_ws/src/scara_path_controller'
[1.538s] INFO:colcon.colcon_core.shell:Skip shell extension 'powershell' for command environment: Not usable outside of PowerShell
[1.538s] DEBUG:colcon.colcon_core.shell:Skip shell extension 'dsv' for command environment
[1.818s] INFO:colcon.colcon_core.task.python.build:Building Python package in '/home/eia/repo/rbi_2025_2/scara/scara_ws/src/scara_path_generator'
[1.819s] INFO:colcon.colcon_core.shell:Skip shell extension 'powershell' for command environment: Not usable outside of PowerShell
[1.819s] DEBUG:colcon.colcon_core.shell:Skip shell extension 'dsv' for command environment
[1.834s] DEBUG:colcon.colcon_core.event_handler.log_command:Invoking command in '/home/eia/repo/rbi_2025_2/scara/scara_ws/build/scara_real_bringup': CMAKE_PREFIX_PATH=/opt/ros/humble /usr/bin/cmake --build /home/eia/repo/rbi_2025_2/scara/scara_ws/build/scara_real_bringup -- -j12 -l12
[1.837s] DEBUG:colcon.colcon_core.event_handler.log_command:Invoked command in '/home/eia/repo/rbi_2025_2/scara/scara_ws/build/scara_gz_description' returned '0': CMAKE_PREFIX_PATH=/opt/ros/humble /usr/bin/cmake --build /home/eia/repo/rbi_2025_2/scara/scara_ws/build/scara_gz_description -- -j12 -l12
[1.845s] DEBUG:colcon.colcon_core.event_handler.log_command:Invoking command in '/home/eia/repo/rbi_2025_2/scara/scara_ws/build/scara_gz_description': CMAKE_PREFIX_PATH=/opt/ros/humble /usr/bin/cmake --install /home/eia/repo/rbi_2025_2/scara/scara_ws/build/scara_gz_description
[1.846s] DEBUG:colcon.colcon_core.event_handler.log_command:Invoked command in '/home/eia/repo/rbi_2025_2/scara/scara_ws/build/scara_gz_bringup' returned '0': CMAKE_PREFIX_PATH=/opt/ros/humble /usr/bin/cmake --build /home/eia/repo/rbi_2025_2/scara/scara_ws/build/scara_gz_bringup -- -j12 -l12
[1.847s] DEBUG:colcon.colcon_core.event_handler.log_command:Invoking command in '/home/eia/repo/rbi_2025_2/scara/scara_ws/build/scara_gz_bringup': CMAKE_PREFIX_PATH=/opt/ros/humble /usr/bin/cmake --install /home/eia/repo/rbi_2025_2/scara/scara_ws/build/scara_gz_bringup
[1.848s] DEBUG:colcon.colcon_core.event_handler.log_command:Invoked command in '/home/eia/repo/rbi_2025_2/scara/scara_ws/build/scara_mujoco_bringup' returned '0': CMAKE_PREFIX_PATH=/opt/ros/humble /usr/bin/cmake --build /home/eia/repo/rbi_2025_2/scara/scara_ws/build/scara_mujoco_bringup -- -j12 -l12
[1.849s] DEBUG:colcon.colcon_core.event_handler.log_command:Invoking command in '/home/eia/repo/rbi_2025_2/scara/scara_ws/build/scara_mujoco_bringup': CMAKE_PREFIX_PATH=/opt/ros/humble /usr/bin/cmake --install /home/eia/repo/rbi_2025_2/scara/scara_ws/build/scara_mujoco_bringup
[1.850s] DEBUG:colcon.colcon_core.event_handler.log_command:Invoked command in '/home/eia/repo/rbi_2025_2/scara/scara_ws/build/scara_mujoco_description' returned '0': CMAKE_PREFIX_PATH=/opt/ros/humble /usr/bin/cmake --build /home/eia/repo/rbi_2025_2/scara/scara_ws/build/scara_mujoco_description -- -j12 -l12
[1.852s] DEBUG:colcon.colcon_core.event_handler.log_command:Invoking command in '/home/eia/repo/rbi_2025_2/scara/scara_ws/build/scara_mujoco_description': CMAKE_PREFIX_PATH=/opt/ros/humble /usr/bin/cmake --install /home/eia/repo/rbi_2025_2/scara/scara_ws/build/scara_mujoco_description
[1.853s] DEBUG:colcon.colcon_core.event_handler.log_command:Invoked command in '/home/eia/repo/rbi_2025_2/scara/scara_ws/build/scara_mujoco_sim' returned '0': CMAKE_PREFIX_PATH=/opt/ros/humble /usr/bin/cmake --build /home/eia/repo/rbi_2025_2/scara/scara_ws/build/scara_mujoco_sim -- -j12 -l12
[1.855s] DEBUG:colcon.colcon_core.event_handler.log_command:Invoking command in '/home/eia/repo/rbi_2025_2/scara/scara_ws/build/scara_mujoco_sim': CMAKE_PREFIX_PATH=/opt/ros/humble /usr/bin/cmake --install /home/eia/repo/rbi_2025_2/scara/scara_ws/build/scara_mujoco_sim
[1.881s] Level 1:colcon.colcon_core.environment:create_environment_scripts_only(scara_gz_description)
[1.884s] DEBUG:colcon.colcon_core.event_handler.log_command:Invoked command in '/home/eia/repo/rbi_2025_2/scara/scara_ws/build/scara_gz_description' returned '0': CMAKE_PREFIX_PATH=/opt/ros/humble /usr/bin/cmake --install /home/eia/repo/rbi_2025_2/scara/scara_ws/build/scara_gz_description
[1.887s] Level 1:colcon.colcon_core.environment:checking '/home/eia/repo/rbi_2025_2/scara/scara_ws/install/scara_gz_description' for CMake module files
[1.887s] Level 1:colcon.colcon_core.environment:checking '/home/eia/repo/rbi_2025_2/scara/scara_ws/install/scara_gz_description' for CMake config files
[1.888s] Level 1:colcon.colcon_core.shell:create_environment_hook('scara_gz_description', 'cmake_prefix_path')
[1.888s] INFO:colcon.colcon_core.shell:Creating environment hook '/home/eia/repo/rbi_2025_2/scara/scara_ws/install/scara_gz_description/share/scara_gz_description/hook/cmake_prefix_path.ps1'
[1.889s] INFO:colcon.colcon_core.shell:Creating environment descriptor '/home/eia/repo/rbi_2025_2/scara/scara_ws/install/scara_gz_description/share/scara_gz_description/hook/cmake_prefix_path.dsv'
[1.889s] INFO:colcon.colcon_core.shell:Creating environment hook '/home/eia/repo/rbi_2025_2/scara/scara_ws/install/scara_gz_description/share/scara_gz_description/hook/cmake_prefix_path.sh'
[1.890s] Level 1:colcon.colcon_core.environment:checking '/home/eia/repo/rbi_2025_2/scara/scara_ws/install/scara_gz_description/bin'
[1.890s] Level 1:colcon.colcon_core.environment:checking '/home/eia/repo/rbi_2025_2/scara/scara_ws/install/scara_gz_description/lib/pkgconfig/scara_gz_description.pc'
[1.890s] Level 1:colcon.colcon_core.environment:checking '/home/eia/repo/rbi_2025_2/scara/scara_ws/install/scara_gz_description/lib/python3.10/site-packages'
[1.891s] Level 1:colcon.colcon_core.environment:checking '/home/eia/repo/rbi_2025_2/scara/scara_ws/install/scara_gz_description/bin'
[1.891s] INFO:colcon.colcon_core.shell:Creating package script '/home/eia/repo/rbi_2025_2/scara/scara_ws/install/scara_gz_description/share/scara_gz_description/package.ps1'
[1.892s] INFO:colcon.colcon_core.shell:Creating package descriptor '/home/eia/repo/rbi_2025_2/scara/scara_ws/install/scara_gz_description/share/scara_gz_description/package.dsv'
[1.893s] INFO:colcon.colcon_core.shell:Creating package script '/home/eia/repo/rbi_2025_2/scara/scara_ws/install/scara_gz_description/share/scara_gz_description/package.sh'
[1.895s] INFO:colcon.colcon_core.shell:Creating package script '/home/eia/repo/rbi_2025_2/scara/scara_ws/install/scara_gz_description/share/scara_gz_description/package.bash'
[1.896s] INFO:colcon.colcon_core.shell:Creating package script '/home/eia/repo/rbi_2025_2/scara/scara_ws/install/scara_gz_description/share/scara_gz_description/package.zsh'
[1.897s] Level 1:colcon.colcon_core.environment:create_file_with_runtime_dependencies(/home/eia/repo/rbi_2025_2/scara/scara_ws/install/scara_gz_description/share/colcon-core/packages/scara_gz_description)
[1.898s] Level 1:colcon.colcon_core.environment:create_environment_scripts_only(scara_gz_description)
[1.898s] Level 1:colcon.colcon_core.environment:checking '/home/eia/repo/rbi_2025_2/scara/scara_ws/install/scara_gz_description' for CMake module files
[1.899s] Level 1:colcon.colcon_core.environment:checking '/home/eia/repo/rbi_2025_2/scara/scara_ws/install/scara_gz_description' for CMake config files
[1.899s] Level 1:colcon.colcon_core.shell:create_environment_hook('scara_gz_description', 'cmake_prefix_path')
[1.900s] INFO:colcon.colcon_core.shell:Creating environment hook '/home/eia/repo/rbi_2025_2/scara/scara_ws/install/scara_gz_description/share/scara_gz_description/hook/cmake_prefix_path.ps1'
[1.900s] INFO:colcon.colcon_core.shell:Creating environment descriptor '/home/eia/repo/rbi_2025_2/scara/scara_ws/install/scara_gz_description/share/scara_gz_description/hook/cmake_prefix_path.dsv'
[1.901s] INFO:colcon.colcon_core.shell:Creating environment hook '/home/eia/repo/rbi_2025_2/scara/scara_ws/install/scara_gz_description/share/scara_gz_description/hook/cmake_prefix_path.sh'
[1.901s] Level 1:colcon.colcon_core.environment:checking '/home/eia/repo/rbi_2025_2/scara/scara_ws/install/scara_gz_description/bin'
[1.901s] Level 1:colcon.colcon_core.environment:checking '/home/eia/repo/rbi_2025_2/scara/scara_ws/install/scara_gz_description/lib/pkgconfig/scara_gz_description.pc'
[1.902s] Level 1:colcon.colcon_core.environment:checking '/home/eia/repo/rbi_2025_2/scara/scara_ws/install/scara_gz_description/lib/python3.10/site-packages'
[1.902s] Level 1:colcon.colcon_core.environment:checking '/home/eia/repo/rbi_2025_2/scara/scara_ws/install/scara_gz_description/bin'
[1.903s] INFO:colcon.colcon_core.shell:Creating package script '/home/eia/repo/rbi_2025_2/scara/scara_ws/install/scara_gz_description/share/scara_gz_description/package.ps1'
[1.903s] INFO:colcon.colcon_core.shell:Creating package descriptor '/home/eia/repo/rbi_2025_2/scara/scara_ws/install/scara_gz_description/share/scara_gz_description/package.dsv'
[1.904s] INFO:colcon.colcon_core.shell:Creating package script '/home/eia/repo/rbi_2025_2/scara/scara_ws/install/scara_gz_description/share/scara_gz_description/package.sh'
[1.905s] INFO:colcon.colcon_core.shell:Creating package script '/home/eia/repo/rbi_2025_2/scara/scara_ws/install/scara_gz_description/share/scara_gz_description/package.bash'
[1.905s] INFO:colcon.colcon_core.shell:Creating package script '/home/eia/repo/rbi_2025_2/scara/scara_ws/install/scara_gz_description/share/scara_gz_description/package.zsh'
[1.906s] Level 1:colcon.colcon_core.environment:create_file_with_runtime_dependencies(/home/eia/repo/rbi_2025_2/scara/scara_ws/install/scara_gz_description/share/colcon-core/packages/scara_gz_description)
[1.907s] DEBUG:colcon.colcon_core.event_handler.log_command:Invoked command in '/home/eia/repo/rbi_2025_2/scara/scara_ws/build/scara_real_bringup' returned '0': CMAKE_PREFIX_PATH=/opt/ros/humble /usr/bin/cmake --build /home/eia/repo/rbi_2025_2/scara/scara_ws/build/scara_real_bringup -- -j12 -l12
[1.909s] Level 1:colcon.colcon_core.environment:create_environment_scripts_only(scara_gz_bringup)
[1.909s] DEBUG:colcon.colcon_core.event_handler.log_command:Invoking command in '/home/eia/repo/rbi_2025_2/scara/scara_ws/build/scara_real_bringup': CMAKE_PREFIX_PATH=/opt/ros/humble /usr/bin/cmake --install /home/eia/repo/rbi_2025_2/scara/scara_ws/build/scara_real_bringup
[1.910s] Level 1:colcon.colcon_core.environment:checking '/home/eia/repo/rbi_2025_2/scara/scara_ws/install/scara_gz_bringup' for CMake module files
[1.911s] DEBUG:colcon.colcon_core.event_handler.log_command:Invoked command in '/home/eia/repo/rbi_2025_2/scara/scara_ws/build/scara_gz_bringup' returned '0': CMAKE_PREFIX_PATH=/opt/ros/humble /usr/bin/cmake --install /home/eia/repo/rbi_2025_2/scara/scara_ws/build/scara_gz_bringup
[1.911s] Level 1:colcon.colcon_core.environment:checking '/home/eia/repo/rbi_2025_2/scara/scara_ws/install/scara_gz_bringup' for CMake config files
[1.912s] Level 1:colcon.colcon_core.shell:create_environment_hook('scara_gz_bringup', 'cmake_prefix_path')
[1.912s] INFO:colcon.colcon_core.shell:Creating environment hook '/home/eia/repo/rbi_2025_2/scara/scara_ws/install/scara_gz_bringup/share/scara_gz_bringup/hook/cmake_prefix_path.ps1'
[1.913s] INFO:colcon.colcon_core.shell:Creating environment descriptor '/home/eia/repo/rbi_2025_2/scara/scara_ws/install/scara_gz_bringup/share/scara_gz_bringup/hook/cmake_prefix_path.dsv'
[1.913s] INFO:colcon.colcon_core.shell:Creating environment hook '/home/eia/repo/rbi_2025_2/scara/scara_ws/install/scara_gz_bringup/share/scara_gz_bringup/hook/cmake_prefix_path.sh'
[1.914s] Level 1:colcon.colcon_core.environment:checking '/home/eia/repo/rbi_2025_2/scara/scara_ws/install/scara_gz_bringup/bin'
[1.914s] Level 1:colcon.colcon_core.environment:checking '/home/eia/repo/rbi_2025_2/scara/scara_ws/install/scara_gz_bringup/lib/pkgconfig/scara_gz_bringup.pc'
[1.914s] Level 1:colcon.colcon_core.environment:checking '/home/eia/repo/rbi_2025_2/scara/scara_ws/install/scara_gz_bringup/lib/python3.10/site-packages'
[1.914s] Level 1:colcon.colcon_core.environment:checking '/home/eia/repo/rbi_2025_2/scara/scara_ws/install/scara_gz_bringup/bin'
[1.915s] INFO:colcon.colcon_core.shell:Creating package script '/home/eia/repo/rbi_2025_2/scara/scara_ws/install/scara_gz_bringup/share/scara_gz_bringup/package.ps1'
[1.916s] INFO:colcon.colcon_core.shell:Creating package descriptor '/home/eia/repo/rbi_2025_2/scara/scara_ws/install/scara_gz_bringup/share/scara_gz_bringup/package.dsv'
[1.916s] INFO:colcon.colcon_core.shell:Creating package script '/home/eia/repo/rbi_2025_2/scara/scara_ws/install/scara_gz_bringup/share/scara_gz_bringup/package.sh'
[1.917s] INFO:colcon.colcon_core.shell:Creating package script '/home/eia/repo/rbi_2025_2/scara/scara_ws/install/scara_gz_bringup/share/scara_gz_bringup/package.bash'
[1.917s] INFO:colcon.colcon_core.shell:Creating package script '/home/eia/repo/rbi_2025_2/scara/scara_ws/install/scara_gz_bringup/share/scara_gz_bringup/package.zsh'
[1.918s] Level 1:colcon.colcon_core.environment:create_file_with_runtime_dependencies(/home/eia/repo/rbi_2025_2/scara/scara_ws/install/scara_gz_bringup/share/colcon-core/packages/scara_gz_bringup)
[1.918s] Level 1:colcon.colcon_core.environment:create_environment_scripts_only(scara_gz_bringup)
[1.919s] Level 1:colcon.colcon_core.environment:checking '/home/eia/repo/rbi_2025_2/scara/scara_ws/install/scara_gz_bringup' for CMake module files
[1.919s] Level 1:colcon.colcon_core.environment:checking '/home/eia/repo/rbi_2025_2/scara/scara_ws/install/scara_gz_bringup' for CMake config files
[1.920s] Level 1:colcon.colcon_core.shell:create_environment_hook('scara_gz_bringup', 'cmake_prefix_path')
[1.920s] INFO:colcon.colcon_core.shell:Creating environment hook '/home/eia/repo/rbi_2025_2/scara/scara_ws/install/scara_gz_bringup/share/scara_gz_bringup/hook/cmake_prefix_path.ps1'
[1.921s] INFO:colcon.colcon_core.shell:Creating environment descriptor '/home/eia/repo/rbi_2025_2/scara/scara_ws/install/scara_gz_bringup/share/scara_gz_bringup/hook/cmake_prefix_path.dsv'
[1.921s] INFO:colcon.colcon_core.shell:Creating environment hook '/home/eia/repo/rbi_2025_2/scara/scara_ws/install/scara_gz_bringup/share/scara_gz_bringup/hook/cmake_prefix_path.sh'
[1.922s] Level 1:colcon.colcon_core.environment:checking '/home/eia/repo/rbi_2025_2/scara/scara_ws/install/scara_gz_bringup/bin'
[1.922s] Level 1:colcon.colcon_core.environment:checking '/home/eia/repo/rbi_2025_2/scara/scara_ws/install/scara_gz_bringup/lib/pkgconfig/scara_gz_bringup.pc'
[1.922s] Level 1:colcon.colcon_core.environment:checking '/home/eia/repo/rbi_2025_2/scara/scara_ws/install/scara_gz_bringup/lib/python3.10/site-packages'
[1.922s] Level 1:colcon.colcon_core.environment:checking '/home/eia/repo/rbi_2025_2/scara/scara_ws/install/scara_gz_bringup/bin'
[1.923s] INFO:colcon.colcon_core.shell:Creating package script '/home/eia/repo/rbi_2025_2/scara/scara_ws/install/scara_gz_bringup/share/scara_gz_bringup/package.ps1'
[1.924s] INFO:colcon.colcon_core.shell:Creating package descriptor '/home/eia/repo/rbi_2025_2/scara/scara_ws/install/scara_gz_bringup/share/scara_gz_bringup/package.dsv'
[1.924s] INFO:colcon.colcon_core.shell:Creating package script '/home/eia/repo/rbi_2025_2/scara/scara_ws/install/scara_gz_bringup/share/scara_gz_bringup/package.sh'
[1.925s] INFO:colcon.colcon_core.shell:Creating package script '/home/eia/repo/rbi_2025_2/scara/scara_ws/install/scara_gz_bringup/share/scara_gz_bringup/package.bash'
[1.926s] INFO:colcon.colcon_core.shell:Creating package script '/home/eia/repo/rbi_2025_2/scara/scara_ws/install/scara_gz_bringup/share/scara_gz_bringup/package.zsh'
[1.926s] Level 1:colcon.colcon_core.environment:create_file_with_runtime_dependencies(/home/eia/repo/rbi_2025_2/scara/scara_ws/install/scara_gz_bringup/share/colcon-core/packages/scara_gz_bringup)
[1.927s] Level 1:colcon.colcon_core.environment:create_environment_scripts_only(scara_mujoco_sim)
[1.927s] Level 1:colcon.colcon_core.environment:checking '/home/eia/repo/rbi_2025_2/scara/scara_ws/install/scara_mujoco_sim' for CMake module files
[1.929s] DEBUG:colcon.colcon_core.event_handler.log_command:Invoked command in '/home/eia/repo/rbi_2025_2/scara/scara_ws/build/scara_mujoco_sim' returned '0': CMAKE_PREFIX_PATH=/opt/ros/humble /usr/bin/cmake --install /home/eia/repo/rbi_2025_2/scara/scara_ws/build/scara_mujoco_sim
[1.929s] Level 1:colcon.colcon_core.environment:checking '/home/eia/repo/rbi_2025_2/scara/scara_ws/install/scara_mujoco_sim' for CMake config files
[1.930s] Level 1:colcon.colcon_core.shell:create_environment_hook('scara_mujoco_sim', 'cmake_prefix_path')
[1.930s] INFO:colcon.colcon_core.shell:Creating environment hook '/home/eia/repo/rbi_2025_2/scara/scara_ws/install/scara_mujoco_sim/share/scara_mujoco_sim/hook/cmake_prefix_path.ps1'
[1.931s] INFO:colcon.colcon_core.shell:Creating environment descriptor '/home/eia/repo/rbi_2025_2/scara/scara_ws/install/scara_mujoco_sim/share/scara_mujoco_sim/hook/cmake_prefix_path.dsv'
[1.932s] INFO:colcon.colcon_core.shell:Creating environment hook '/home/eia/repo/rbi_2025_2/scara/scara_ws/install/scara_mujoco_sim/share/scara_mujoco_sim/hook/cmake_prefix_path.sh'
[1.933s] Level 1:colcon.colcon_core.environment:checking '/home/eia/repo/rbi_2025_2/scara/scara_ws/install/scara_mujoco_sim/lib'
[1.933s] Level 1:colcon.colcon_core.shell:create_environment_hook('scara_mujoco_sim', 'ld_library_path_lib')
[1.933s] INFO:colcon.colcon_core.shell:Creating environment hook '/home/eia/repo/rbi_2025_2/scara/scara_ws/install/scara_mujoco_sim/share/scara_mujoco_sim/hook/ld_library_path_lib.ps1'
[1.934s] INFO:colcon.colcon_core.shell:Creating environment descriptor '/home/eia/repo/rbi_2025_2/scara/scara_ws/install/scara_mujoco_sim/share/scara_mujoco_sim/hook/ld_library_path_lib.dsv'
[1.935s] INFO:colcon.colcon_core.shell:Creating environment hook '/home/eia/repo/rbi_2025_2/scara/scara_ws/install/scara_mujoco_sim/share/scara_mujoco_sim/hook/ld_library_path_lib.sh'
[1.935s] Level 1:colcon.colcon_core.environment:checking '/home/eia/repo/rbi_2025_2/scara/scara_ws/install/scara_mujoco_sim/bin'
[1.935s] Level 1:colcon.colcon_core.environment:checking '/home/eia/repo/rbi_2025_2/scara/scara_ws/install/scara_mujoco_sim/lib/pkgconfig/scara_mujoco_sim.pc'
[1.936s] Level 1:colcon.colcon_core.environment:checking '/home/eia/repo/rbi_2025_2/scara/scara_ws/install/scara_mujoco_sim/lib/python3.10/site-packages'
[1.936s] Level 1:colcon.colcon_core.environment:checking '/home/eia/repo/rbi_2025_2/scara/scara_ws/install/scara_mujoco_sim/bin'
[1.937s] INFO:colcon.colcon_core.shell:Creating package script '/home/eia/repo/rbi_2025_2/scara/scara_ws/install/scara_mujoco_sim/share/scara_mujoco_sim/package.ps1'
[1.938s] INFO:colcon.colcon_core.shell:Creating package descriptor '/home/eia/repo/rbi_2025_2/scara/scara_ws/install/scara_mujoco_sim/share/scara_mujoco_sim/package.dsv'
[1.938s] INFO:colcon.colcon_core.shell:Creating package script '/home/eia/repo/rbi_2025_2/scara/scara_ws/install/scara_mujoco_sim/share/scara_mujoco_sim/package.sh'
[1.939s] INFO:colcon.colcon_core.shell:Creating package script '/home/eia/repo/rbi_2025_2/scara/scara_ws/install/scara_mujoco_sim/share/scara_mujoco_sim/package.bash'
[1.940s] INFO:colcon.colcon_core.shell:Creating package script '/home/eia/repo/rbi_2025_2/scara/scara_ws/install/scara_mujoco_sim/share/scara_mujoco_sim/package.zsh'
[1.940s] Level 1:colcon.colcon_core.environment:create_file_with_runtime_dependencies(/home/eia/repo/rbi_2025_2/scara/scara_ws/install/scara_mujoco_sim/share/colcon-core/packages/scara_mujoco_sim)
[1.941s] Level 1:colcon.colcon_core.environment:create_environment_scripts_only(scara_mujoco_sim)
[1.942s] Level 1:colcon.colcon_core.environment:checking '/home/eia/repo/rbi_2025_2/scara/scara_ws/install/scara_mujoco_sim' for CMake module files
[1.942s] Level 1:colcon.colcon_core.environment:checking '/home/eia/repo/rbi_2025_2/scara/scara_ws/install/scara_mujoco_sim' for CMake config files
[1.943s] Level 1:colcon.colcon_core.shell:create_environment_hook('scara_mujoco_sim', 'cmake_prefix_path')
[1.943s] INFO:colcon.colcon_core.shell:Creating environment hook '/home/eia/repo/rbi_2025_2/scara/scara_ws/install/scara_mujoco_sim/share/scara_mujoco_sim/hook/cmake_prefix_path.ps1'
[1.946s] INFO:colcon.colcon_core.shell:Creating environment descriptor '/home/eia/repo/rbi_2025_2/scara/scara_ws/install/scara_mujoco_sim/share/scara_mujoco_sim/hook/cmake_prefix_path.dsv'
[1.946s] INFO:colcon.colcon_core.shell:Creating environment hook '/home/eia/repo/rbi_2025_2/scara/scara_ws/install/scara_mujoco_sim/share/scara_mujoco_sim/hook/cmake_prefix_path.sh'
[1.947s] Level 1:colcon.colcon_core.environment:checking '/home/eia/repo/rbi_2025_2/scara/scara_ws/install/scara_mujoco_sim/lib'
[1.947s] Level 1:colcon.colcon_core.shell:create_environment_hook('scara_mujoco_sim', 'ld_library_path_lib')
[1.948s] INFO:colcon.colcon_core.shell:Creating environment hook '/home/eia/repo/rbi_2025_2/scara/scara_ws/install/scara_mujoco_sim/share/scara_mujoco_sim/hook/ld_library_path_lib.ps1'
[1.948s] INFO:colcon.colcon_core.shell:Creating environment descriptor '/home/eia/repo/rbi_2025_2/scara/scara_ws/install/scara_mujoco_sim/share/scara_mujoco_sim/hook/ld_library_path_lib.dsv'
[1.949s] INFO:colcon.colcon_core.shell:Creating environment hook '/home/eia/repo/rbi_2025_2/scara/scara_ws/install/scara_mujoco_sim/share/scara_mujoco_sim/hook/ld_library_path_lib.sh'
[1.949s] Level 1:colcon.colcon_core.environment:checking '/home/eia/repo/rbi_2025_2/scara/scara_ws/install/scara_mujoco_sim/bin'
[1.949s] Level 1:colcon.colcon_core.environment:checking '/home/eia/repo/rbi_2025_2/scara/scara_ws/install/scara_mujoco_sim/lib/pkgconfig/scara_mujoco_sim.pc'
[1.950s] Level 1:colcon.colcon_core.environment:checking '/home/eia/repo/rbi_2025_2/scara/scara_ws/install/scara_mujoco_sim/lib/python3.10/site-packages'
[1.950s] Level 1:colcon.colcon_core.environment:checking '/home/eia/repo/rbi_2025_2/scara/scara_ws/install/scara_mujoco_sim/bin'
[1.951s] INFO:colcon.colcon_core.shell:Creating package script '/home/eia/repo/rbi_2025_2/scara/scara_ws/install/scara_mujoco_sim/share/scara_mujoco_sim/package.ps1'
[1.952s] INFO:colcon.colcon_core.shell:Creating package descriptor '/home/eia/repo/rbi_2025_2/scara/scara_ws/install/scara_mujoco_sim/share/scara_mujoco_sim/package.dsv'
[1.953s] INFO:colcon.colcon_core.shell:Creating package script '/home/eia/repo/rbi_2025_2/scara/scara_ws/install/scara_mujoco_sim/share/scara_mujoco_sim/package.sh'
[1.953s] INFO:colcon.colcon_core.shell:Creating package script '/home/eia/repo/rbi_2025_2/scara/scara_ws/install/scara_mujoco_sim/share/scara_mujoco_sim/package.bash'
[1.954s] INFO:colcon.colcon_core.shell:Creating package script '/home/eia/repo/rbi_2025_2/scara/scara_ws/install/scara_mujoco_sim/share/scara_mujoco_sim/package.zsh'
[1.955s] Level 1:colcon.colcon_core.environment:create_file_with_runtime_dependencies(/home/eia/repo/rbi_2025_2/scara/scara_ws/install/scara_mujoco_sim/share/colcon-core/packages/scara_mujoco_sim)
[1.955s] Level 1:colcon.colcon_core.environment:create_environment_scripts_only(scara_mujoco_description)
[1.956s] Level 1:colcon.colcon_core.environment:checking '/home/eia/repo/rbi_2025_2/scara/scara_ws/install/scara_mujoco_description' for CMake module files
[1.957s] DEBUG:colcon.colcon_core.event_handler.log_command:Invoked command in '/home/eia/repo/rbi_2025_2/scara/scara_ws/build/scara_mujoco_description' returned '0': CMAKE_PREFIX_PATH=/opt/ros/humble /usr/bin/cmake --install /home/eia/repo/rbi_2025_2/scara/scara_ws/build/scara_mujoco_description
[1.958s] Level 1:colcon.colcon_core.environment:checking '/home/eia/repo/rbi_2025_2/scara/scara_ws/install/scara_mujoco_description' for CMake config files
[1.958s] Level 1:colcon.colcon_core.shell:create_environment_hook('scara_mujoco_description', 'cmake_prefix_path')
[1.959s] INFO:colcon.colcon_core.shell:Creating environment hook '/home/eia/repo/rbi_2025_2/scara/scara_ws/install/scara_mujoco_description/share/scara_mujoco_description/hook/cmake_prefix_path.ps1'
[1.959s] INFO:colcon.colcon_core.shell:Creating environment descriptor '/home/eia/repo/rbi_2025_2/scara/scara_ws/install/scara_mujoco_description/share/scara_mujoco_description/hook/cmake_prefix_path.dsv'
[1.960s] INFO:colcon.colcon_core.shell:Creating environment hook '/home/eia/repo/rbi_2025_2/scara/scara_ws/install/scara_mujoco_description/share/scara_mujoco_description/hook/cmake_prefix_path.sh'
[1.961s] Level 1:colcon.colcon_core.environment:checking '/home/eia/repo/rbi_2025_2/scara/scara_ws/install/scara_mujoco_description/bin'
[1.961s] Level 1:colcon.colcon_core.environment:checking '/home/eia/repo/rbi_2025_2/scara/scara_ws/install/scara_mujoco_description/lib/pkgconfig/scara_mujoco_description.pc'
[1.961s] Level 1:colcon.colcon_core.environment:checking '/home/eia/repo/rbi_2025_2/scara/scara_ws/install/scara_mujoco_description/lib/python3.10/site-packages'
[1.962s] Level 1:colcon.colcon_core.environment:checking '/home/eia/repo/rbi_2025_2/scara/scara_ws/install/scara_mujoco_description/bin'
[1.962s] INFO:colcon.colcon_core.shell:Creating package script '/home/eia/repo/rbi_2025_2/scara/scara_ws/install/scara_mujoco_description/share/scara_mujoco_description/package.ps1'
[1.963s] INFO:colcon.colcon_core.shell:Creating package descriptor '/home/eia/repo/rbi_2025_2/scara/scara_ws/install/scara_mujoco_description/share/scara_mujoco_description/package.dsv'
[1.964s] INFO:colcon.colcon_core.shell:Creating package script '/home/eia/repo/rbi_2025_2/scara/scara_ws/install/scara_mujoco_description/share/scara_mujoco_description/package.sh'
[1.964s] INFO:colcon.colcon_core.shell:Creating package script '/home/eia/repo/rbi_2025_2/scara/scara_ws/install/scara_mujoco_description/share/scara_mujoco_description/package.bash'
[1.965s] INFO:colcon.colcon_core.shell:Creating package script '/home/eia/repo/rbi_2025_2/scara/scara_ws/install/scara_mujoco_description/share/scara_mujoco_description/package.zsh'
[1.966s] Level 1:colcon.colcon_core.environment:create_file_with_runtime_dependencies(/home/eia/repo/rbi_2025_2/scara/scara_ws/install/scara_mujoco_description/share/colcon-core/packages/scara_mujoco_description)
[1.966s] Level 1:colcon.colcon_core.environment:create_environment_scripts_only(scara_mujoco_description)
[1.967s] Level 1:colcon.colcon_core.environment:checking '/home/eia/repo/rbi_2025_2/scara/scara_ws/install/scara_mujoco_description' for CMake module files
[1.968s] Level 1:colcon.colcon_core.environment:checking '/home/eia/repo/rbi_2025_2/scara/scara_ws/install/scara_mujoco_description' for CMake config files
[1.968s] Level 1:colcon.colcon_core.shell:create_environment_hook('scara_mujoco_description', 'cmake_prefix_path')
[1.969s] INFO:colcon.colcon_core.shell:Creating environment hook '/home/eia/repo/rbi_2025_2/scara/scara_ws/install/scara_mujoco_description/share/scara_mujoco_description/hook/cmake_prefix_path.ps1'
[1.969s] INFO:colcon.colcon_core.shell:Creating environment descriptor '/home/eia/repo/rbi_2025_2/scara/scara_ws/install/scara_mujoco_description/share/scara_mujoco_description/hook/cmake_prefix_path.dsv'
[1.970s] INFO:colcon.colcon_core.shell:Creating environment hook '/home/eia/repo/rbi_2025_2/scara/scara_ws/install/scara_mujoco_description/share/scara_mujoco_description/hook/cmake_prefix_path.sh'
[1.971s] Level 1:colcon.colcon_core.environment:checking '/home/eia/repo/rbi_2025_2/scara/scara_ws/install/scara_mujoco_description/bin'
[1.971s] Level 1:colcon.colcon_core.environment:checking '/home/eia/repo/rbi_2025_2/scara/scara_ws/install/scara_mujoco_description/lib/pkgconfig/scara_mujoco_description.pc'
[1.971s] Level 1:colcon.colcon_core.environment:checking '/home/eia/repo/rbi_2025_2/scara/scara_ws/install/scara_mujoco_description/lib/python3.10/site-packages'
[1.971s] Level 1:colcon.colcon_core.environment:checking '/home/eia/repo/rbi_2025_2/scara/scara_ws/install/scara_mujoco_description/bin'
[1.972s] INFO:colcon.colcon_core.shell:Creating package script '/home/eia/repo/rbi_2025_2/scara/scara_ws/install/scara_mujoco_description/share/scara_mujoco_description/package.ps1'
[1.973s] INFO:colcon.colcon_core.shell:Creating package descriptor '/home/eia/repo/rbi_2025_2/scara/scara_ws/install/scara_mujoco_description/share/scara_mujoco_description/package.dsv'
[1.974s] INFO:colcon.colcon_core.shell:Creating package script '/home/eia/repo/rbi_2025_2/scara/scara_ws/install/scara_mujoco_description/share/scara_mujoco_description/package.sh'
[1.974s] INFO:colcon.colcon_core.shell:Creating package script '/home/eia/repo/rbi_2025_2/scara/scara_ws/install/scara_mujoco_description/share/scara_mujoco_description/package.bash'
[1.975s] INFO:colcon.colcon_core.shell:Creating package script '/home/eia/repo/rbi_2025_2/scara/scara_ws/install/scara_mujoco_description/share/scara_mujoco_description/package.zsh'
[1.976s] Level 1:colcon.colcon_core.environment:create_file_with_runtime_dependencies(/home/eia/repo/rbi_2025_2/scara/scara_ws/install/scara_mujoco_description/share/colcon-core/packages/scara_mujoco_description)
[1.976s] INFO:colcon.colcon_ros.task.ament_cmake.build:Building ROS package in '/home/eia/repo/rbi_2025_2/scara/scara_ws/src/scara_real_description' with build type 'ament_cmake'
[1.977s] INFO:colcon.colcon_cmake.task.cmake.build:Building CMake package in '/home/eia/repo/rbi_2025_2/scara/scara_ws/src/scara_real_description'
[1.977s] INFO:colcon.colcon_core.shell:Skip shell extension 'powershell' for command environment: Not usable outside of PowerShell
[1.977s] DEBUG:colcon.colcon_core.shell:Skip shell extension 'dsv' for command environment
[1.983s] INFO:colcon.colcon_ros.task.ament_python.build:Building ROS package in '/home/eia/repo/rbi_2025_2/scara/scara_ws/src/scara_tf_generator' with build type 'ament_python'
[1.983s] Level 1:colcon.colcon_core.shell:create_environment_hook('scara_tf_generator', 'ament_prefix_path')
[1.983s] INFO:colcon.colcon_core.shell:Creating environment hook '/home/eia/repo/rbi_2025_2/scara/scara_ws/install/scara_tf_generator/share/scara_tf_generator/hook/ament_prefix_path.ps1'
[1.984s] INFO:colcon.colcon_core.shell:Creating environment descriptor '/home/eia/repo/rbi_2025_2/scara/scara_ws/install/scara_tf_generator/share/scara_tf_generator/hook/ament_prefix_path.dsv'
[1.985s] INFO:colcon.colcon_core.shell:Creating environment hook '/home/eia/repo/rbi_2025_2/scara/scara_ws/install/scara_tf_generator/share/scara_tf_generator/hook/ament_prefix_path.sh'
[1.985s] INFO:colcon.colcon_core.shell:Skip shell extension 'powershell' for command environment: Not usable outside of PowerShell
[1.986s] DEBUG:colcon.colcon_core.shell:Skip shell extension 'dsv' for command environment
[1.991s] Level 1:colcon.colcon_core.environment:create_environment_scripts_only(scara_mujoco_bringup)
[1.991s] Level 1:colcon.colcon_core.environment:checking '/home/eia/repo/rbi_2025_2/scara/scara_ws/install/scara_mujoco_bringup' for CMake module files
[1.992s] DEBUG:colcon.colcon_core.event_handler.log_command:Invoked command in '/home/eia/repo/rbi_2025_2/scara/scara_ws/build/scara_mujoco_bringup' returned '0': CMAKE_PREFIX_PATH=/opt/ros/humble /usr/bin/cmake --install /home/eia/repo/rbi_2025_2/scara/scara_ws/build/scara_mujoco_bringup
[1.996s] Level 1:colcon.colcon_core.environment:checking '/home/eia/repo/rbi_2025_2/scara/scara_ws/install/scara_mujoco_bringup' for CMake config files
[1.996s] Level 1:colcon.colcon_core.shell:create_environment_hook('scara_mujoco_bringup', 'cmake_prefix_path')
[1.996s] INFO:colcon.colcon_core.shell:Creating environment hook '/home/eia/repo/rbi_2025_2/scara/scara_ws/install/scara_mujoco_bringup/share/scara_mujoco_bringup/hook/cmake_prefix_path.ps1'
[1.997s] INFO:colcon.colcon_core.shell:Creating environment descriptor '/home/eia/repo/rbi_2025_2/scara/scara_ws/install/scara_mujoco_bringup/share/scara_mujoco_bringup/hook/cmake_prefix_path.dsv'
[1.998s] INFO:colcon.colcon_core.shell:Creating environment hook '/home/eia/repo/rbi_2025_2/scara/scara_ws/install/scara_mujoco_bringup/share/scara_mujoco_bringup/hook/cmake_prefix_path.sh'
[1.999s] Level 1:colcon.colcon_core.environment:checking '/home/eia/repo/rbi_2025_2/scara/scara_ws/install/scara_mujoco_bringup/bin'
[1.999s] Level 1:colcon.colcon_core.environment:checking '/home/eia/repo/rbi_2025_2/scara/scara_ws/install/scara_mujoco_bringup/lib/pkgconfig/scara_mujoco_bringup.pc'
[1.999s] Level 1:colcon.colcon_core.environment:checking '/home/eia/repo/rbi_2025_2/scara/scara_ws/install/scara_mujoco_bringup/lib/python3.10/site-packages'
[2.000s] Level 1:colcon.colcon_core.environment:checking '/home/eia/repo/rbi_2025_2/scara/scara_ws/install/scara_mujoco_bringup/bin'
[2.000s] INFO:colcon.colcon_core.shell:Creating package script '/home/eia/repo/rbi_2025_2/scara/scara_ws/install/scara_mujoco_bringup/share/scara_mujoco_bringup/package.ps1'
[2.001s] INFO:colcon.colcon_core.shell:Creating package descriptor '/home/eia/repo/rbi_2025_2/scara/scara_ws/install/scara_mujoco_bringup/share/scara_mujoco_bringup/package.dsv'
[2.001s] INFO:colcon.colcon_core.shell:Creating package script '/home/eia/repo/rbi_2025_2/scara/scara_ws/install/scara_mujoco_bringup/share/scara_mujoco_bringup/package.sh'
[2.002s] INFO:colcon.colcon_core.shell:Creating package script '/home/eia/repo/rbi_2025_2/scara/scara_ws/install/scara_mujoco_bringup/share/scara_mujoco_bringup/package.bash'
[2.003s] INFO:colcon.colcon_core.shell:Creating package script '/home/eia/repo/rbi_2025_2/scara/scara_ws/install/scara_mujoco_bringup/share/scara_mujoco_bringup/package.zsh'
[2.003s] Level 1:colcon.colcon_core.environment:create_file_with_runtime_dependencies(/home/eia/repo/rbi_2025_2/scara/scara_ws/install/scara_mujoco_bringup/share/colcon-core/packages/scara_mujoco_bringup)
[2.004s] Level 1:colcon.colcon_core.environment:create_environment_scripts_only(scara_mujoco_bringup)
[2.005s] Level 1:colcon.colcon_core.environment:checking '/home/eia/repo/rbi_2025_2/scara/scara_ws/install/scara_mujoco_bringup' for CMake module files
[2.005s] Level 1:colcon.colcon_core.environment:checking '/home/eia/repo/rbi_2025_2/scara/scara_ws/install/scara_mujoco_bringup' for CMake config files
[2.006s] Level 1:colcon.colcon_core.shell:create_environment_hook('scara_mujoco_bringup', 'cmake_prefix_path')
[2.006s] INFO:colcon.colcon_core.shell:Creating environment hook '/home/eia/repo/rbi_2025_2/scara/scara_ws/install/scara_mujoco_bringup/share/scara_mujoco_bringup/hook/cmake_prefix_path.ps1'
[2.007s] INFO:colcon.colcon_core.shell:Creating environment descriptor '/home/eia/repo/rbi_2025_2/scara/scara_ws/install/scara_mujoco_bringup/share/scara_mujoco_bringup/hook/cmake_prefix_path.dsv'
[2.008s] INFO:colcon.colcon_core.shell:Creating environment hook '/home/eia/repo/rbi_2025_2/scara/scara_ws/install/scara_mujoco_bringup/share/scara_mujoco_bringup/hook/cmake_prefix_path.sh'
[2.008s] Level 1:colcon.colcon_core.environment:checking '/home/eia/repo/rbi_2025_2/scara/scara_ws/install/scara_mujoco_bringup/bin'
[2.009s] Level 1:colcon.colcon_core.environment:checking '/home/eia/repo/rbi_2025_2/scara/scara_ws/install/scara_mujoco_bringup/lib/pkgconfig/scara_mujoco_bringup.pc'
[2.009s] Level 1:colcon.colcon_core.environment:checking '/home/eia/repo/rbi_2025_2/scara/scara_ws/install/scara_mujoco_bringup/lib/python3.10/site-packages'
[2.009s] Level 1:colcon.colcon_core.environment:checking '/home/eia/repo/rbi_2025_2/scara/scara_ws/install/scara_mujoco_bringup/bin'
[2.010s] INFO:colcon.colcon_core.shell:Creating package script '/home/eia/repo/rbi_2025_2/scara/scara_ws/install/scara_mujoco_bringup/share/scara_mujoco_bringup/package.ps1'
[2.011s] INFO:colcon.colcon_core.shell:Creating package descriptor '/home/eia/repo/rbi_2025_2/scara/scara_ws/install/scara_mujoco_bringup/share/scara_mujoco_bringup/package.dsv'
[2.011s] INFO:colcon.colcon_core.shell:Creating package script '/home/eia/repo/rbi_2025_2/scara/scara_ws/install/scara_mujoco_bringup/share/scara_mujoco_bringup/package.sh'
[2.012s] INFO:colcon.colcon_core.shell:Creating package script '/home/eia/repo/rbi_2025_2/scara/scara_ws/install/scara_mujoco_bringup/share/scara_mujoco_bringup/package.bash'
[2.013s] INFO:colcon.colcon_core.shell:Creating package script '/home/eia/repo/rbi_2025_2/scara/scara_ws/install/scara_mujoco_bringup/share/scara_mujoco_bringup/package.zsh'
[2.013s] Level 1:colcon.colcon_core.environment:create_file_with_runtime_dependencies(/home/eia/repo/rbi_2025_2/scara/scara_ws/install/scara_mujoco_bringup/share/colcon-core/packages/scara_mujoco_bringup)
[2.015s] Level 1:colcon.colcon_core.environment:create_environment_scripts_only(scara_real_bringup)
[2.016s] Level 1:colcon.colcon_core.environment:checking '/home/eia/repo/rbi_2025_2/scara/scara_ws/install/scara_real_bringup' for CMake module files
[2.017s] DEBUG:colcon.colcon_core.event_handler.log_command:Invoked command in '/home/eia/repo/rbi_2025_2/scara/scara_ws/build/scara_real_bringup' returned '0': CMAKE_PREFIX_PATH=/opt/ros/humble /usr/bin/cmake --install /home/eia/repo/rbi_2025_2/scara/scara_ws/build/scara_real_bringup
[2.018s] Level 1:colcon.colcon_core.environment:checking '/home/eia/repo/rbi_2025_2/scara/scara_ws/install/scara_real_bringup' for CMake config files
[2.018s] Level 1:colcon.colcon_core.shell:create_environment_hook('scara_real_bringup', 'cmake_prefix_path')
[2.018s] INFO:colcon.colcon_core.shell:Creating environment hook '/home/eia/repo/rbi_2025_2/scara/scara_ws/install/scara_real_bringup/share/scara_real_bringup/hook/cmake_prefix_path.ps1'
[2.019s] INFO:colcon.colcon_core.shell:Creating environment descriptor '/home/eia/repo/rbi_2025_2/scara/scara_ws/install/scara_real_bringup/share/scara_real_bringup/hook/cmake_prefix_path.dsv'
[2.020s] INFO:colcon.colcon_core.shell:Creating environment hook '/home/eia/repo/rbi_2025_2/scara/scara_ws/install/scara_real_bringup/share/scara_real_bringup/hook/cmake_prefix_path.sh'
[2.020s] Level 1:colcon.colcon_core.environment:checking '/home/eia/repo/rbi_2025_2/scara/scara_ws/install/scara_real_bringup/bin'
[2.021s] Level 1:colcon.colcon_core.environment:checking '/home/eia/repo/rbi_2025_2/scara/scara_ws/install/scara_real_bringup/lib/pkgconfig/scara_real_bringup.pc'
[2.021s] Level 1:colcon.colcon_core.environment:checking '/home/eia/repo/rbi_2025_2/scara/scara_ws/install/scara_real_bringup/lib/python3.10/site-packages'
[2.021s] Level 1:colcon.colcon_core.environment:checking '/home/eia/repo/rbi_2025_2/scara/scara_ws/install/scara_real_bringup/bin'
[2.022s] INFO:colcon.colcon_core.shell:Creating package script '/home/eia/repo/rbi_2025_2/scara/scara_ws/install/scara_real_bringup/share/scara_real_bringup/package.ps1'
[2.023s] INFO:colcon.colcon_core.shell:Creating package descriptor '/home/eia/repo/rbi_2025_2/scara/scara_ws/install/scara_real_bringup/share/scara_real_bringup/package.dsv'
[2.023s] INFO:colcon.colcon_core.shell:Creating package script '/home/eia/repo/rbi_2025_2/scara/scara_ws/install/scara_real_bringup/share/scara_real_bringup/package.sh'
[2.024s] INFO:colcon.colcon_core.shell:Creating package script '/home/eia/repo/rbi_2025_2/scara/scara_ws/install/scara_real_bringup/share/scara_real_bringup/package.bash'
[2.024s] INFO:colcon.colcon_core.shell:Creating package script '/home/eia/repo/rbi_2025_2/scara/scara_ws/install/scara_real_bringup/share/scara_real_bringup/package.zsh'
[2.025s] Level 1:colcon.colcon_core.environment:create_file_with_runtime_dependencies(/home/eia/repo/rbi_2025_2/scara/scara_ws/install/scara_real_bringup/share/colcon-core/packages/scara_real_bringup)
[2.026s] Level 1:colcon.colcon_core.environment:create_environment_scripts_only(scara_real_bringup)
[2.026s] Level 1:colcon.colcon_core.environment:checking '/home/eia/repo/rbi_2025_2/scara/scara_ws/install/scara_real_bringup' for CMake module files
[2.027s] Level 1:colcon.colcon_core.environment:checking '/home/eia/repo/rbi_2025_2/scara/scara_ws/install/scara_real_bringup' for CMake config files
[2.027s] Level 1:colcon.colcon_core.shell:create_environment_hook('scara_real_bringup', 'cmake_prefix_path')
[2.028s] INFO:colcon.colcon_core.shell:Creating environment hook '/home/eia/repo/rbi_2025_2/scara/scara_ws/install/scara_real_bringup/share/scara_real_bringup/hook/cmake_prefix_path.ps1'
[2.028s] INFO:colcon.colcon_core.shell:Creating environment descriptor '/home/eia/repo/rbi_2025_2/scara/scara_ws/install/scara_real_bringup/share/scara_real_bringup/hook/cmake_prefix_path.dsv'
[2.029s] INFO:colcon.colcon_core.shell:Creating environment hook '/home/eia/repo/rbi_2025_2/scara/scara_ws/install/scara_real_bringup/share/scara_real_bringup/hook/cmake_prefix_path.sh'
[2.030s] Level 1:colcon.colcon_core.environment:checking '/home/eia/repo/rbi_2025_2/scara/scara_ws/install/scara_real_bringup/bin'
[2.030s] Level 1:colcon.colcon_core.environment:checking '/home/eia/repo/rbi_2025_2/scara/scara_ws/install/scara_real_bringup/lib/pkgconfig/scara_real_bringup.pc'
[2.030s] Level 1:colcon.colcon_core.environment:checking '/home/eia/repo/rbi_2025_2/scara/scara_ws/install/scara_real_bringup/lib/python3.10/site-packages'
[2.030s] Level 1:colcon.colcon_core.environment:checking '/home/eia/repo/rbi_2025_2/scara/scara_ws/install/scara_real_bringup/bin'
[2.031s] INFO:colcon.colcon_core.shell:Creating package script '/home/eia/repo/rbi_2025_2/scara/scara_ws/install/scara_real_bringup/share/scara_real_bringup/package.ps1'
[2.032s] INFO:colcon.colcon_core.shell:Creating package descriptor '/home/eia/repo/rbi_2025_2/scara/scara_ws/install/scara_real_bringup/share/scara_real_bringup/package.dsv'
[2.032s] INFO:colcon.colcon_core.shell:Creating package script '/home/eia/repo/rbi_2025_2/scara/scara_ws/install/scara_real_bringup/share/scara_real_bringup/package.sh'
[2.033s] INFO:colcon.colcon_core.shell:Creating package script '/home/eia/repo/rbi_2025_2/scara/scara_ws/install/scara_real_bringup/share/scara_real_bringup/package.bash'
[2.034s] INFO:colcon.colcon_core.shell:Creating package script '/home/eia/repo/rbi_2025_2/scara/scara_ws/install/scara_real_bringup/share/scara_real_bringup/package.zsh'
[2.034s] Level 1:colcon.colcon_core.environment:create_file_with_runtime_dependencies(/home/eia/repo/rbi_2025_2/scara/scara_ws/install/scara_real_bringup/share/colcon-core/packages/scara_real_bringup)
[2.041s] DEBUG:colcon.colcon_core.event_handler.log_command:Invoking command in '/home/eia/repo/rbi_2025_2/scara/scara_ws/build/scara_real_description': CMAKE_PREFIX_PATH=/opt/ros/humble /usr/bin/cmake --build /home/eia/repo/rbi_2025_2/scara/scara_ws/build/scara_real_description -- -j12 -l12
[2.526s] INFO:colcon.colcon_core.task.python.build:Building Python package in '/home/eia/repo/rbi_2025_2/scara/scara_ws/src/scara_tf_generator'
[2.527s] INFO:colcon.colcon_core.shell:Skip shell extension 'powershell' for command environment: Not usable outside of PowerShell
[2.527s] DEBUG:colcon.colcon_core.shell:Skip shell extension 'dsv' for command environment
[2.532s] DEBUG:colcon.colcon_core.event_handler.log_command:Invoking command in '/home/eia/repo/rbi_2025_2/scara/scara_ws/build/premade_path_publisher': PYTHONPATH=/home/eia/repo/rbi_2025_2/scara/scara_ws/build/premade_path_publisher/prefix_override:/home/eia/.local/lib/python3.10/site-packages/colcon_core/task/python/colcon_distutils_commands:/home/eia/repo/rbi_2025_2/scara/scara_ws/install/premade_path_publisher/lib/python3.10/site-packages:${PYTHONPATH} /usr/bin/python3 -W ignore:setup.py install is deprecated -W ignore:easy_install command is deprecated setup.py develop --editable --build-directory /home/eia/repo/rbi_2025_2/scara/scara_ws/build/premade_path_publisher/build --no-deps symlink_data
[2.534s] DEBUG:colcon.colcon_core.event_handler.log_command:Invoking command in '/home/eia/repo/rbi_2025_2/scara/scara_ws/build/scara_mujoco_python_sim': PYTHONPATH=/home/eia/repo/rbi_2025_2/scara/scara_ws/build/scara_mujoco_python_sim/prefix_override:/home/eia/.local/lib/python3.10/site-packages/colcon_core/task/python/colcon_distutils_commands:/home/eia/repo/rbi_2025_2/scara/scara_ws/install/scara_mujoco_python_sim/lib/python3.10/site-packages:${PYTHONPATH} /usr/bin/python3 -W ignore:setup.py install is deprecated -W ignore:easy_install command is deprecated setup.py develop --editable --build-directory /home/eia/repo/rbi_2025_2/scara/scara_ws/build/scara_mujoco_python_sim/build --no-deps symlink_data
[2.536s] DEBUG:colcon.colcon_core.event_handler.log_command:Invoking command in '/home/eia/repo/rbi_2025_2/scara/scara_ws/build/scara_path_controller': PYTHONPATH=/home/eia/repo/rbi_2025_2/scara/scara_ws/build/scara_path_controller/prefix_override:/home/eia/.local/lib/python3.10/site-packages/colcon_core/task/python/colcon_distutils_commands:/home/eia/repo/rbi_2025_2/scara/scara_ws/install/scara_path_controller/lib/python3.10/site-packages:${PYTHONPATH} /usr/bin/python3 -W ignore:setup.py install is deprecated -W ignore:easy_install command is deprecated setup.py develop --editable --build-directory /home/eia/repo/rbi_2025_2/scara/scara_ws/build/scara_path_controller/build --no-deps symlink_data
[2.541s] DEBUG:colcon.colcon_core.event_handler.log_command:Invoking command in '/home/eia/repo/rbi_2025_2/scara/scara_ws/build/scara_general_ik_solver': PYTHONPATH=/home/eia/repo/rbi_2025_2/scara/scara_ws/build/scara_general_ik_solver/prefix_override:/home/eia/.local/lib/python3.10/site-packages/colcon_core/task/python/colcon_distutils_commands:/home/eia/repo/rbi_2025_2/scara/scara_ws/install/scara_general_ik_solver/lib/python3.10/site-packages:${PYTHONPATH} /usr/bin/python3 -W ignore:setup.py install is deprecated -W ignore:easy_install command is deprecated setup.py develop --editable --build-directory /home/eia/repo/rbi_2025_2/scara/scara_ws/build/scara_general_ik_solver/build --no-deps symlink_data
[2.545s] DEBUG:colcon.colcon_core.event_handler.log_command:Invoking command in '/home/eia/repo/rbi_2025_2/scara/scara_ws/build/scara_path_generator': PYTHONPATH=/home/eia/repo/rbi_2025_2/scara/scara_ws/build/scara_path_generator/prefix_override:/home/eia/.local/lib/python3.10/site-packages/colcon_core/task/python/colcon_distutils_commands:/home/eia/repo/rbi_2025_2/scara/scara_ws/install/scara_path_generator/lib/python3.10/site-packages:${PYTHONPATH} /usr/bin/python3 -W ignore:setup.py install is deprecated -W ignore:easy_install command is deprecated setup.py develop --editable --build-directory /home/eia/repo/rbi_2025_2/scara/scara_ws/build/scara_path_generator/build --no-deps symlink_data
[2.545s] DEBUG:colcon.colcon_core.event_handler.log_command:Invoked command in '/home/eia/repo/rbi_2025_2/scara/scara_ws/build/scara_real_description' returned '0': CMAKE_PREFIX_PATH=/opt/ros/humble /usr/bin/cmake --build /home/eia/repo/rbi_2025_2/scara/scara_ws/build/scara_real_description -- -j12 -l12
[2.548s] DEBUG:colcon.colcon_core.event_handler.log_command:Invoking command in '/home/eia/repo/rbi_2025_2/scara/scara_ws/build/scara_real_description': CMAKE_PREFIX_PATH=/opt/ros/humble /usr/bin/cmake --install /home/eia/repo/rbi_2025_2/scara/scara_ws/build/scara_real_description
[2.576s] Level 1:colcon.colcon_core.environment:create_environment_scripts_only(scara_real_description)
[2.577s] Level 1:colcon.colcon_core.environment:checking '/home/eia/repo/rbi_2025_2/scara/scara_ws/install/scara_real_description' for CMake module files
[2.578s] DEBUG:colcon.colcon_core.event_handler.log_command:Invoked command in '/home/eia/repo/rbi_2025_2/scara/scara_ws/build/scara_real_description' returned '0': CMAKE_PREFIX_PATH=/opt/ros/humble /usr/bin/cmake --install /home/eia/repo/rbi_2025_2/scara/scara_ws/build/scara_real_description
[2.578s] Level 1:colcon.colcon_core.environment:checking '/home/eia/repo/rbi_2025_2/scara/scara_ws/install/scara_real_description' for CMake config files
[2.579s] Level 1:colcon.colcon_core.shell:create_environment_hook('scara_real_description', 'cmake_prefix_path')
[2.579s] INFO:colcon.colcon_core.shell:Creating environment hook '/home/eia/repo/rbi_2025_2/scara/scara_ws/install/scara_real_description/share/scara_real_description/hook/cmake_prefix_path.ps1'
[2.580s] INFO:colcon.colcon_core.shell:Creating environment descriptor '/home/eia/repo/rbi_2025_2/scara/scara_ws/install/scara_real_description/share/scara_real_description/hook/cmake_prefix_path.dsv'
[2.581s] INFO:colcon.colcon_core.shell:Creating environment hook '/home/eia/repo/rbi_2025_2/scara/scara_ws/install/scara_real_description/share/scara_real_description/hook/cmake_prefix_path.sh'
[2.581s] Level 1:colcon.colcon_core.environment:checking '/home/eia/repo/rbi_2025_2/scara/scara_ws/install/scara_real_description/bin'
[2.582s] Level 1:colcon.colcon_core.environment:checking '/home/eia/repo/rbi_2025_2/scara/scara_ws/install/scara_real_description/lib/pkgconfig/scara_real_description.pc'
[2.582s] Level 1:colcon.colcon_core.environment:checking '/home/eia/repo/rbi_2025_2/scara/scara_ws/install/scara_real_description/lib/python3.10/site-packages'
[2.582s] Level 1:colcon.colcon_core.environment:checking '/home/eia/repo/rbi_2025_2/scara/scara_ws/install/scara_real_description/bin'
[2.583s] INFO:colcon.colcon_core.shell:Creating package script '/home/eia/repo/rbi_2025_2/scara/scara_ws/install/scara_real_description/share/scara_real_description/package.ps1'
[2.584s] INFO:colcon.colcon_core.shell:Creating package descriptor '/home/eia/repo/rbi_2025_2/scara/scara_ws/install/scara_real_description/share/scara_real_description/package.dsv'
[2.584s] INFO:colcon.colcon_core.shell:Creating package script '/home/eia/repo/rbi_2025_2/scara/scara_ws/install/scara_real_description/share/scara_real_description/package.sh'
[2.585s] INFO:colcon.colcon_core.shell:Creating package script '/home/eia/repo/rbi_2025_2/scara/scara_ws/install/scara_real_description/share/scara_real_description/package.bash'
[2.585s] INFO:colcon.colcon_core.shell:Creating package script '/home/eia/repo/rbi_2025_2/scara/scara_ws/install/scara_real_description/share/scara_real_description/package.zsh'
[2.586s] Level 1:colcon.colcon_core.environment:create_file_with_runtime_dependencies(/home/eia/repo/rbi_2025_2/scara/scara_ws/install/scara_real_description/share/colcon-core/packages/scara_real_description)
[2.587s] Level 1:colcon.colcon_core.environment:create_environment_scripts_only(scara_real_description)
[2.587s] Level 1:colcon.colcon_core.environment:checking '/home/eia/repo/rbi_2025_2/scara/scara_ws/install/scara_real_description' for CMake module files
[2.588s] Level 1:colcon.colcon_core.environment:checking '/home/eia/repo/rbi_2025_2/scara/scara_ws/install/scara_real_description' for CMake config files
[2.589s] Level 1:colcon.colcon_core.shell:create_environment_hook('scara_real_description', 'cmake_prefix_path')
[2.589s] INFO:colcon.colcon_core.shell:Creating environment hook '/home/eia/repo/rbi_2025_2/scara/scara_ws/install/scara_real_description/share/scara_real_description/hook/cmake_prefix_path.ps1'
[2.590s] INFO:colcon.colcon_core.shell:Creating environment descriptor '/home/eia/repo/rbi_2025_2/scara/scara_ws/install/scara_real_description/share/scara_real_description/hook/cmake_prefix_path.dsv'
[2.590s] INFO:colcon.colcon_core.shell:Creating environment hook '/home/eia/repo/rbi_2025_2/scara/scara_ws/install/scara_real_description/share/scara_real_description/hook/cmake_prefix_path.sh'
[2.591s] Level 1:colcon.colcon_core.environment:checking '/home/eia/repo/rbi_2025_2/scara/scara_ws/install/scara_real_description/bin'
[2.591s] Level 1:colcon.colcon_core.environment:checking '/home/eia/repo/rbi_2025_2/scara/scara_ws/install/scara_real_description/lib/pkgconfig/scara_real_description.pc'
[2.592s] Level 1:colcon.colcon_core.environment:checking '/home/eia/repo/rbi_2025_2/scara/scara_ws/install/scara_real_description/lib/python3.10/site-packages'
[2.592s] Level 1:colcon.colcon_core.environment:checking '/home/eia/repo/rbi_2025_2/scara/scara_ws/install/scara_real_description/bin'
[2.593s] INFO:colcon.colcon_core.shell:Creating package script '/home/eia/repo/rbi_2025_2/scara/scara_ws/install/scara_real_description/share/scara_real_description/package.ps1'
[2.593s] INFO:colcon.colcon_core.shell:Creating package descriptor '/home/eia/repo/rbi_2025_2/scara/scara_ws/install/scara_real_description/share/scara_real_description/package.dsv'
[2.594s] INFO:colcon.colcon_core.shell:Creating package script '/home/eia/repo/rbi_2025_2/scara/scara_ws/install/scara_real_description/share/scara_real_description/package.sh'
[2.595s] INFO:colcon.colcon_core.shell:Creating package script '/home/eia/repo/rbi_2025_2/scara/scara_ws/install/scara_real_description/share/scara_real_description/package.bash'
[2.596s] INFO:colcon.colcon_core.shell:Creating package script '/home/eia/repo/rbi_2025_2/scara/scara_ws/install/scara_real_description/share/scara_real_description/package.zsh'
[2.596s] Level 1:colcon.colcon_core.environment:create_file_with_runtime_dependencies(/home/eia/repo/rbi_2025_2/scara/scara_ws/install/scara_real_description/share/colcon-core/packages/scara_real_description)
[3.255s] Level 1:colcon.colcon_core.shell:create_environment_hook('scara_path_controller', 'pythonpath_develop')
[3.256s] INFO:colcon.colcon_core.shell:Creating environment hook '/home/eia/repo/rbi_2025_2/scara/scara_ws/build/scara_path_controller/share/scara_path_controller/hook/pythonpath_develop.ps1'
[3.256s] DEBUG:colcon.colcon_core.event_handler.log_command:Invoked command in '/home/eia/repo/rbi_2025_2/scara/scara_ws/build/scara_path_controller' returned '0': PYTHONPATH=/home/eia/repo/rbi_2025_2/scara/scara_ws/build/scara_path_controller/prefix_override:/home/eia/.local/lib/python3.10/site-packages/colcon_core/task/python/colcon_distutils_commands:/home/eia/repo/rbi_2025_2/scara/scara_ws/install/scara_path_controller/lib/python3.10/site-packages:${PYTHONPATH} /usr/bin/python3 -W ignore:setup.py install is deprecated -W ignore:easy_install command is deprecated setup.py develop --editable --build-directory /home/eia/repo/rbi_2025_2/scara/scara_ws/build/scara_path_controller/build --no-deps symlink_data
[3.257s] INFO:colcon.colcon_core.shell:Creating environment descriptor '/home/eia/repo/rbi_2025_2/scara/scara_ws/build/scara_path_controller/share/scara_path_controller/hook/pythonpath_develop.dsv'
[3.258s] INFO:colcon.colcon_core.shell:Creating environment hook '/home/eia/repo/rbi_2025_2/scara/scara_ws/build/scara_path_controller/share/scara_path_controller/hook/pythonpath_develop.sh'
[3.259s] Level 1:colcon.colcon_core.environment:checking '/home/eia/repo/rbi_2025_2/scara/scara_ws/install/scara_path_controller' for CMake module files
[3.259s] Level 1:colcon.colcon_core.environment:checking '/home/eia/repo/rbi_2025_2/scara/scara_ws/install/scara_path_controller' for CMake config files
[3.261s] Level 1:colcon.colcon_core.environment:checking '/home/eia/repo/rbi_2025_2/scara/scara_ws/install/scara_path_controller/lib'
[3.261s] Level 1:colcon.colcon_core.environment:checking '/home/eia/repo/rbi_2025_2/scara/scara_ws/install/scara_path_controller/bin'
[3.261s] Level 1:colcon.colcon_core.environment:checking '/home/eia/repo/rbi_2025_2/scara/scara_ws/install/scara_path_controller/lib/pkgconfig/scara_path_controller.pc'
[3.261s] Level 1:colcon.colcon_core.environment:checking '/home/eia/repo/rbi_2025_2/scara/scara_ws/install/scara_path_controller/lib/python3.10/site-packages'
[3.261s] Level 1:colcon.colcon_core.shell:create_environment_hook('scara_path_controller', 'pythonpath')
[3.262s] INFO:colcon.colcon_core.shell:Creating environment hook '/home/eia/repo/rbi_2025_2/scara/scara_ws/install/scara_path_controller/share/scara_path_controller/hook/pythonpath.ps1'
[3.262s] INFO:colcon.colcon_core.shell:Creating environment descriptor '/home/eia/repo/rbi_2025_2/scara/scara_ws/install/scara_path_controller/share/scara_path_controller/hook/pythonpath.dsv'
[3.263s] INFO:colcon.colcon_core.shell:Creating environment hook '/home/eia/repo/rbi_2025_2/scara/scara_ws/install/scara_path_controller/share/scara_path_controller/hook/pythonpath.sh'
[3.264s] Level 1:colcon.colcon_core.environment:checking '/home/eia/repo/rbi_2025_2/scara/scara_ws/install/scara_path_controller/bin'
[3.264s] Level 1:colcon.colcon_core.environment:create_environment_scripts_only(scara_path_controller)
[3.264s] INFO:colcon.colcon_core.shell:Creating package script '/home/eia/repo/rbi_2025_2/scara/scara_ws/install/scara_path_controller/share/scara_path_controller/package.ps1'
[3.265s] INFO:colcon.colcon_core.shell:Creating package descriptor '/home/eia/repo/rbi_2025_2/scara/scara_ws/install/scara_path_controller/share/scara_path_controller/package.dsv'
[3.266s] INFO:colcon.colcon_core.shell:Creating package script '/home/eia/repo/rbi_2025_2/scara/scara_ws/install/scara_path_controller/share/scara_path_controller/package.sh'
[3.266s] INFO:colcon.colcon_core.shell:Creating package script '/home/eia/repo/rbi_2025_2/scara/scara_ws/install/scara_path_controller/share/scara_path_controller/package.bash'
[3.267s] INFO:colcon.colcon_core.shell:Creating package script '/home/eia/repo/rbi_2025_2/scara/scara_ws/install/scara_path_controller/share/scara_path_controller/package.zsh'
[3.268s] Level 1:colcon.colcon_core.environment:create_file_with_runtime_dependencies(/home/eia/repo/rbi_2025_2/scara/scara_ws/install/scara_path_controller/share/colcon-core/packages/scara_path_controller)
[3.269s] Level 1:colcon.colcon_core.shell:create_environment_hook('premade_path_publisher', 'pythonpath_develop')
[3.269s] INFO:colcon.colcon_core.shell:Creating environment hook '/home/eia/repo/rbi_2025_2/scara/scara_ws/build/premade_path_publisher/share/premade_path_publisher/hook/pythonpath_develop.ps1'
[3.270s] DEBUG:colcon.colcon_core.event_handler.log_command:Invoked command in '/home/eia/repo/rbi_2025_2/scara/scara_ws/build/premade_path_publisher' returned '0': PYTHONPATH=/home/eia/repo/rbi_2025_2/scara/scara_ws/build/premade_path_publisher/prefix_override:/home/eia/.local/lib/python3.10/site-packages/colcon_core/task/python/colcon_distutils_commands:/home/eia/repo/rbi_2025_2/scara/scara_ws/install/premade_path_publisher/lib/python3.10/site-packages:${PYTHONPATH} /usr/bin/python3 -W ignore:setup.py install is deprecated -W ignore:easy_install command is deprecated setup.py develop --editable --build-directory /home/eia/repo/rbi_2025_2/scara/scara_ws/build/premade_path_publisher/build --no-deps symlink_data
[3.270s] INFO:colcon.colcon_core.shell:Creating environment descriptor '/home/eia/repo/rbi_2025_2/scara/scara_ws/build/premade_path_publisher/share/premade_path_publisher/hook/pythonpath_develop.dsv'
[3.271s] INFO:colcon.colcon_core.shell:Creating environment hook '/home/eia/repo/rbi_2025_2/scara/scara_ws/build/premade_path_publisher/share/premade_path_publisher/hook/pythonpath_develop.sh'
[3.272s] Level 1:colcon.colcon_core.environment:checking '/home/eia/repo/rbi_2025_2/scara/scara_ws/install/premade_path_publisher' for CMake module files
[3.273s] Level 1:colcon.colcon_core.environment:checking '/home/eia/repo/rbi_2025_2/scara/scara_ws/install/premade_path_publisher' for CMake config files
[3.274s] Level 1:colcon.colcon_core.environment:checking '/home/eia/repo/rbi_2025_2/scara/scara_ws/install/premade_path_publisher/lib'
[3.274s] Level 1:colcon.colcon_core.environment:checking '/home/eia/repo/rbi_2025_2/scara/scara_ws/install/premade_path_publisher/bin'
[3.274s] Level 1:colcon.colcon_core.environment:checking '/home/eia/repo/rbi_2025_2/scara/scara_ws/install/premade_path_publisher/lib/pkgconfig/premade_path_publisher.pc'
[3.274s] Level 1:colcon.colcon_core.environment:checking '/home/eia/repo/rbi_2025_2/scara/scara_ws/install/premade_path_publisher/lib/python3.10/site-packages'
[3.274s] Level 1:colcon.colcon_core.shell:create_environment_hook('premade_path_publisher', 'pythonpath')
[3.275s] INFO:colcon.colcon_core.shell:Creating environment hook '/home/eia/repo/rbi_2025_2/scara/scara_ws/install/premade_path_publisher/share/premade_path_publisher/hook/pythonpath.ps1'
[3.275s] INFO:colcon.colcon_core.shell:Creating environment descriptor '/home/eia/repo/rbi_2025_2/scara/scara_ws/install/premade_path_publisher/share/premade_path_publisher/hook/pythonpath.dsv'
[3.276s] INFO:colcon.colcon_core.shell:Creating environment hook '/home/eia/repo/rbi_2025_2/scara/scara_ws/install/premade_path_publisher/share/premade_path_publisher/hook/pythonpath.sh'
[3.276s] Level 1:colcon.colcon_core.environment:checking '/home/eia/repo/rbi_2025_2/scara/scara_ws/install/premade_path_publisher/bin'
[3.276s] Level 1:colcon.colcon_core.environment:create_environment_scripts_only(premade_path_publisher)
[3.277s] INFO:colcon.colcon_core.shell:Creating package script '/home/eia/repo/rbi_2025_2/scara/scara_ws/install/premade_path_publisher/share/premade_path_publisher/package.ps1'
[3.277s] INFO:colcon.colcon_core.shell:Creating package descriptor '/home/eia/repo/rbi_2025_2/scara/scara_ws/install/premade_path_publisher/share/premade_path_publisher/package.dsv'
[3.278s] INFO:colcon.colcon_core.shell:Creating package script '/home/eia/repo/rbi_2025_2/scara/scara_ws/install/premade_path_publisher/share/premade_path_publisher/package.sh'
[3.278s] INFO:colcon.colcon_core.shell:Creating package script '/home/eia/repo/rbi_2025_2/scara/scara_ws/install/premade_path_publisher/share/premade_path_publisher/package.bash'
[3.278s] INFO:colcon.colcon_core.shell:Creating package script '/home/eia/repo/rbi_2025_2/scara/scara_ws/install/premade_path_publisher/share/premade_path_publisher/package.zsh'
[3.279s] Level 1:colcon.colcon_core.environment:create_file_with_runtime_dependencies(/home/eia/repo/rbi_2025_2/scara/scara_ws/install/premade_path_publisher/share/colcon-core/packages/premade_path_publisher)
[3.279s] Level 1:colcon.colcon_core.shell:create_environment_hook('scara_path_generator', 'pythonpath_develop')
[3.280s] INFO:colcon.colcon_core.shell:Creating environment hook '/home/eia/repo/rbi_2025_2/scara/scara_ws/build/scara_path_generator/share/scara_path_generator/hook/pythonpath_develop.ps1'
[3.280s] INFO:colcon.colcon_core.shell:Creating environment descriptor '/home/eia/repo/rbi_2025_2/scara/scara_ws/build/scara_path_generator/share/scara_path_generator/hook/pythonpath_develop.dsv'
[3.281s] DEBUG:colcon.colcon_core.event_handler.log_command:Invoked command in '/home/eia/repo/rbi_2025_2/scara/scara_ws/build/scara_path_generator' returned '0': PYTHONPATH=/home/eia/repo/rbi_2025_2/scara/scara_ws/build/scara_path_generator/prefix_override:/home/eia/.local/lib/python3.10/site-packages/colcon_core/task/python/colcon_distutils_commands:/home/eia/repo/rbi_2025_2/scara/scara_ws/install/scara_path_generator/lib/python3.10/site-packages:${PYTHONPATH} /usr/bin/python3 -W ignore:setup.py install is deprecated -W ignore:easy_install command is deprecated setup.py develop --editable --build-directory /home/eia/repo/rbi_2025_2/scara/scara_ws/build/scara_path_generator/build --no-deps symlink_data
[3.281s] INFO:colcon.colcon_core.shell:Creating environment hook '/home/eia/repo/rbi_2025_2/scara/scara_ws/build/scara_path_generator/share/scara_path_generator/hook/pythonpath_develop.sh'
[3.282s] Level 1:colcon.colcon_core.environment:checking '/home/eia/repo/rbi_2025_2/scara/scara_ws/install/scara_path_generator' for CMake module files
[3.282s] Level 1:colcon.colcon_core.environment:checking '/home/eia/repo/rbi_2025_2/scara/scara_ws/install/scara_path_generator' for CMake config files
[3.283s] Level 1:colcon.colcon_core.environment:checking '/home/eia/repo/rbi_2025_2/scara/scara_ws/install/scara_path_generator/lib'
[3.283s] Level 1:colcon.colcon_core.environment:checking '/home/eia/repo/rbi_2025_2/scara/scara_ws/install/scara_path_generator/bin'
[3.283s] Level 1:colcon.colcon_core.environment:checking '/home/eia/repo/rbi_2025_2/scara/scara_ws/install/scara_path_generator/lib/pkgconfig/scara_path_generator.pc'
[3.283s] Level 1:colcon.colcon_core.environment:checking '/home/eia/repo/rbi_2025_2/scara/scara_ws/install/scara_path_generator/lib/python3.10/site-packages'
[3.283s] Level 1:colcon.colcon_core.shell:create_environment_hook('scara_path_generator', 'pythonpath')
[3.283s] INFO:colcon.colcon_core.shell:Creating environment hook '/home/eia/repo/rbi_2025_2/scara/scara_ws/install/scara_path_generator/share/scara_path_generator/hook/pythonpath.ps1'
[3.284s] INFO:colcon.colcon_core.shell:Creating environment descriptor '/home/eia/repo/rbi_2025_2/scara/scara_ws/install/scara_path_generator/share/scara_path_generator/hook/pythonpath.dsv'
[3.284s] INFO:colcon.colcon_core.shell:Creating environment hook '/home/eia/repo/rbi_2025_2/scara/scara_ws/install/scara_path_generator/share/scara_path_generator/hook/pythonpath.sh'
[3.285s] Level 1:colcon.colcon_core.environment:checking '/home/eia/repo/rbi_2025_2/scara/scara_ws/install/scara_path_generator/bin'
[3.285s] Level 1:colcon.colcon_core.environment:create_environment_scripts_only(scara_path_generator)
[3.285s] INFO:colcon.colcon_core.shell:Creating package script '/home/eia/repo/rbi_2025_2/scara/scara_ws/install/scara_path_generator/share/scara_path_generator/package.ps1'
[3.286s] INFO:colcon.colcon_core.shell:Creating package descriptor '/home/eia/repo/rbi_2025_2/scara/scara_ws/install/scara_path_generator/share/scara_path_generator/package.dsv'
[3.286s] INFO:colcon.colcon_core.shell:Creating package script '/home/eia/repo/rbi_2025_2/scara/scara_ws/install/scara_path_generator/share/scara_path_generator/package.sh'
[3.287s] INFO:colcon.colcon_core.shell:Creating package script '/home/eia/repo/rbi_2025_2/scara/scara_ws/install/scara_path_generator/share/scara_path_generator/package.bash'
[3.287s] INFO:colcon.colcon_core.shell:Creating package script '/home/eia/repo/rbi_2025_2/scara/scara_ws/install/scara_path_generator/share/scara_path_generator/package.zsh'
[3.287s] Level 1:colcon.colcon_core.environment:create_file_with_runtime_dependencies(/home/eia/repo/rbi_2025_2/scara/scara_ws/install/scara_path_generator/share/colcon-core/packages/scara_path_generator)
[3.288s] Level 1:colcon.colcon_core.shell:create_environment_hook('scara_mujoco_python_sim', 'pythonpath_develop')
[3.288s] INFO:colcon.colcon_core.shell:Creating environment hook '/home/eia/repo/rbi_2025_2/scara/scara_ws/build/scara_mujoco_python_sim/share/scara_mujoco_python_sim/hook/pythonpath_develop.ps1'
[3.289s] DEBUG:colcon.colcon_core.event_handler.log_command:Invoked command in '/home/eia/repo/rbi_2025_2/scara/scara_ws/build/scara_mujoco_python_sim' returned '0': PYTHONPATH=/home/eia/repo/rbi_2025_2/scara/scara_ws/build/scara_mujoco_python_sim/prefix_override:/home/eia/.local/lib/python3.10/site-packages/colcon_core/task/python/colcon_distutils_commands:/home/eia/repo/rbi_2025_2/scara/scara_ws/install/scara_mujoco_python_sim/lib/python3.10/site-packages:${PYTHONPATH} /usr/bin/python3 -W ignore:setup.py install is deprecated -W ignore:easy_install command is deprecated setup.py develop --editable --build-directory /home/eia/repo/rbi_2025_2/scara/scara_ws/build/scara_mujoco_python_sim/build --no-deps symlink_data
[3.289s] INFO:colcon.colcon_core.shell:Creating environment descriptor '/home/eia/repo/rbi_2025_2/scara/scara_ws/build/scara_mujoco_python_sim/share/scara_mujoco_python_sim/hook/pythonpath_develop.dsv'
[3.290s] INFO:colcon.colcon_core.shell:Creating environment hook '/home/eia/repo/rbi_2025_2/scara/scara_ws/build/scara_mujoco_python_sim/share/scara_mujoco_python_sim/hook/pythonpath_develop.sh'
[3.290s] Level 1:colcon.colcon_core.environment:checking '/home/eia/repo/rbi_2025_2/scara/scara_ws/install/scara_mujoco_python_sim' for CMake module files
[3.291s] Level 1:colcon.colcon_core.environment:checking '/home/eia/repo/rbi_2025_2/scara/scara_ws/install/scara_mujoco_python_sim' for CMake config files
[3.291s] Level 1:colcon.colcon_core.environment:checking '/home/eia/repo/rbi_2025_2/scara/scara_ws/install/scara_mujoco_python_sim/lib'
[3.291s] Level 1:colcon.colcon_core.environment:checking '/home/eia/repo/rbi_2025_2/scara/scara_ws/install/scara_mujoco_python_sim/bin'
[3.291s] Level 1:colcon.colcon_core.environment:checking '/home/eia/repo/rbi_2025_2/scara/scara_ws/install/scara_mujoco_python_sim/lib/pkgconfig/scara_mujoco_python_sim.pc'
[3.292s] Level 1:colcon.colcon_core.environment:checking '/home/eia/repo/rbi_2025_2/scara/scara_ws/install/scara_mujoco_python_sim/lib/python3.10/site-packages'
[3.292s] Level 1:colcon.colcon_core.shell:create_environment_hook('scara_mujoco_python_sim', 'pythonpath')
[3.292s] INFO:colcon.colcon_core.shell:Creating environment hook '/home/eia/repo/rbi_2025_2/scara/scara_ws/install/scara_mujoco_python_sim/share/scara_mujoco_python_sim/hook/pythonpath.ps1'
[3.292s] INFO:colcon.colcon_core.shell:Creating environment descriptor '/home/eia/repo/rbi_2025_2/scara/scara_ws/install/scara_mujoco_python_sim/share/scara_mujoco_python_sim/hook/pythonpath.dsv'
[3.293s] INFO:colcon.colcon_core.shell:Creating environment hook '/home/eia/repo/rbi_2025_2/scara/scara_ws/install/scara_mujoco_python_sim/share/scara_mujoco_python_sim/hook/pythonpath.sh'
[3.293s] Level 1:colcon.colcon_core.environment:checking '/home/eia/repo/rbi_2025_2/scara/scara_ws/install/scara_mujoco_python_sim/bin'
[3.293s] Level 1:colcon.colcon_core.environment:create_environment_scripts_only(scara_mujoco_python_sim)
[3.294s] INFO:colcon.colcon_core.shell:Creating package script '/home/eia/repo/rbi_2025_2/scara/scara_ws/install/scara_mujoco_python_sim/share/scara_mujoco_python_sim/package.ps1'
[3.294s] INFO:colcon.colcon_core.shell:Creating package descriptor '/home/eia/repo/rbi_2025_2/scara/scara_ws/install/scara_mujoco_python_sim/share/scara_mujoco_python_sim/package.dsv'
[3.294s] INFO:colcon.colcon_core.shell:Creating package script '/home/eia/repo/rbi_2025_2/scara/scara_ws/install/scara_mujoco_python_sim/share/scara_mujoco_python_sim/package.sh'
[3.295s] INFO:colcon.colcon_core.shell:Creating package script '/home/eia/repo/rbi_2025_2/scara/scara_ws/install/scara_mujoco_python_sim/share/scara_mujoco_python_sim/package.bash'
[3.295s] INFO:colcon.colcon_core.shell:Creating package script '/home/eia/repo/rbi_2025_2/scara/scara_ws/install/scara_mujoco_python_sim/share/scara_mujoco_python_sim/package.zsh'
[3.296s] Level 1:colcon.colcon_core.environment:create_file_with_runtime_dependencies(/home/eia/repo/rbi_2025_2/scara/scara_ws/install/scara_mujoco_python_sim/share/colcon-core/packages/scara_mujoco_python_sim)
[3.296s] Level 1:colcon.colcon_core.shell:create_environment_hook('scara_general_ik_solver', 'pythonpath_develop')
[3.296s] INFO:colcon.colcon_core.shell:Creating environment hook '/home/eia/repo/rbi_2025_2/scara/scara_ws/build/scara_general_ik_solver/share/scara_general_ik_solver/hook/pythonpath_develop.ps1'
[3.297s] DEBUG:colcon.colcon_core.event_handler.log_command:Invoked command in '/home/eia/repo/rbi_2025_2/scara/scara_ws/build/scara_general_ik_solver' returned '0': PYTHONPATH=/home/eia/repo/rbi_2025_2/scara/scara_ws/build/scara_general_ik_solver/prefix_override:/home/eia/.local/lib/python3.10/site-packages/colcon_core/task/python/colcon_distutils_commands:/home/eia/repo/rbi_2025_2/scara/scara_ws/install/scara_general_ik_solver/lib/python3.10/site-packages:${PYTHONPATH} /usr/bin/python3 -W ignore:setup.py install is deprecated -W ignore:easy_install command is deprecated setup.py develop --editable --build-directory /home/eia/repo/rbi_2025_2/scara/scara_ws/build/scara_general_ik_solver/build --no-deps symlink_data
[3.297s] INFO:colcon.colcon_core.shell:Creating environment descriptor '/home/eia/repo/rbi_2025_2/scara/scara_ws/build/scara_general_ik_solver/share/scara_general_ik_solver/hook/pythonpath_develop.dsv'
[3.297s] INFO:colcon.colcon_core.shell:Creating environment hook '/home/eia/repo/rbi_2025_2/scara/scara_ws/build/scara_general_ik_solver/share/scara_general_ik_solver/hook/pythonpath_develop.sh'
[3.298s] Level 1:colcon.colcon_core.environment:checking '/home/eia/repo/rbi_2025_2/scara/scara_ws/install/scara_general_ik_solver' for CMake module files
[3.298s] Level 1:colcon.colcon_core.environment:checking '/home/eia/repo/rbi_2025_2/scara/scara_ws/install/scara_general_ik_solver' for CMake config files
[3.299s] Level 1:colcon.colcon_core.environment:checking '/home/eia/repo/rbi_2025_2/scara/scara_ws/install/scara_general_ik_solver/lib'
[3.300s] Level 1:colcon.colcon_core.environment:checking '/home/eia/repo/rbi_2025_2/scara/scara_ws/install/scara_general_ik_solver/bin'
[3.300s] Level 1:colcon.colcon_core.environment:checking '/home/eia/repo/rbi_2025_2/scara/scara_ws/install/scara_general_ik_solver/lib/pkgconfig/scara_general_ik_solver.pc'
[3.300s] Level 1:colcon.colcon_core.environment:checking '/home/eia/repo/rbi_2025_2/scara/scara_ws/install/scara_general_ik_solver/lib/python3.10/site-packages'
[3.300s] Level 1:colcon.colcon_core.shell:create_environment_hook('scara_general_ik_solver', 'pythonpath')
[3.300s] INFO:colcon.colcon_core.shell:Creating environment hook '/home/eia/repo/rbi_2025_2/scara/scara_ws/install/scara_general_ik_solver/share/scara_general_ik_solver/hook/pythonpath.ps1'
[3.300s] INFO:colcon.colcon_core.shell:Creating environment descriptor '/home/eia/repo/rbi_2025_2/scara/scara_ws/install/scara_general_ik_solver/share/scara_general_ik_solver/hook/pythonpath.dsv'
[3.301s] INFO:colcon.colcon_core.shell:Creating environment hook '/home/eia/repo/rbi_2025_2/scara/scara_ws/install/scara_general_ik_solver/share/scara_general_ik_solver/hook/pythonpath.sh'
[3.301s] Level 1:colcon.colcon_core.environment:checking '/home/eia/repo/rbi_2025_2/scara/scara_ws/install/scara_general_ik_solver/bin'
[3.301s] Level 1:colcon.colcon_core.environment:create_environment_scripts_only(scara_general_ik_solver)
[3.302s] INFO:colcon.colcon_core.shell:Creating package script '/home/eia/repo/rbi_2025_2/scara/scara_ws/install/scara_general_ik_solver/share/scara_general_ik_solver/package.ps1'
[3.302s] INFO:colcon.colcon_core.shell:Creating package descriptor '/home/eia/repo/rbi_2025_2/scara/scara_ws/install/scara_general_ik_solver/share/scara_general_ik_solver/package.dsv'
[3.303s] INFO:colcon.colcon_core.shell:Creating package script '/home/eia/repo/rbi_2025_2/scara/scara_ws/install/scara_general_ik_solver/share/scara_general_ik_solver/package.sh'
[3.303s] INFO:colcon.colcon_core.shell:Creating package script '/home/eia/repo/rbi_2025_2/scara/scara_ws/install/scara_general_ik_solver/share/scara_general_ik_solver/package.bash'
[3.303s] INFO:colcon.colcon_core.shell:Creating package script '/home/eia/repo/rbi_2025_2/scara/scara_ws/install/scara_general_ik_solver/share/scara_general_ik_solver/package.zsh'
[3.304s] Level 1:colcon.colcon_core.environment:create_file_with_runtime_dependencies(/home/eia/repo/rbi_2025_2/scara/scara_ws/install/scara_general_ik_solver/share/colcon-core/packages/scara_general_ik_solver)
[3.344s] DEBUG:colcon.colcon_core.event_handler.log_command:Invoking command in '/home/eia/repo/rbi_2025_2/scara/scara_ws/build/scara_tf_generator': PYTHONPATH=/home/eia/repo/rbi_2025_2/scara/scara_ws/build/scara_tf_generator/prefix_override:/home/eia/.local/lib/python3.10/site-packages/colcon_core/task/python/colcon_distutils_commands:/home/eia/repo/rbi_2025_2/scara/scara_ws/install/scara_tf_generator/lib/python3.10/site-packages:${PYTHONPATH} /usr/bin/python3 -W ignore:setup.py install is deprecated -W ignore:easy_install command is deprecated setup.py develop --editable --build-directory /home/eia/repo/rbi_2025_2/scara/scara_ws/build/scara_tf_generator/build --no-deps symlink_data
[3.950s] Level 1:colcon.colcon_core.shell:create_environment_hook('scara_tf_generator', 'pythonpath_develop')
[3.950s] DEBUG:colcon.colcon_core.event_handler.log_command:Invoked command in '/home/eia/repo/rbi_2025_2/scara/scara_ws/build/scara_tf_generator' returned '0': PYTHONPATH=/home/eia/repo/rbi_2025_2/scara/scara_ws/build/scara_tf_generator/prefix_override:/home/eia/.local/lib/python3.10/site-packages/colcon_core/task/python/colcon_distutils_commands:/home/eia/repo/rbi_2025_2/scara/scara_ws/install/scara_tf_generator/lib/python3.10/site-packages:${PYTHONPATH} /usr/bin/python3 -W ignore:setup.py install is deprecated -W ignore:easy_install command is deprecated setup.py develop --editable --build-directory /home/eia/repo/rbi_2025_2/scara/scara_ws/build/scara_tf_generator/build --no-deps symlink_data
[3.951s] INFO:colcon.colcon_core.shell:Creating environment hook '/home/eia/repo/rbi_2025_2/scara/scara_ws/build/scara_tf_generator/share/scara_tf_generator/hook/pythonpath_develop.ps1'
[3.951s] INFO:colcon.colcon_core.shell:Creating environment descriptor '/home/eia/repo/rbi_2025_2/scara/scara_ws/build/scara_tf_generator/share/scara_tf_generator/hook/pythonpath_develop.dsv'
[3.951s] INFO:colcon.colcon_core.shell:Creating environment hook '/home/eia/repo/rbi_2025_2/scara/scara_ws/build/scara_tf_generator/share/scara_tf_generator/hook/pythonpath_develop.sh'
[3.952s] Level 1:colcon.colcon_core.environment:checking '/home/eia/repo/rbi_2025_2/scara/scara_ws/install/scara_tf_generator' for CMake module files
[3.952s] Level 1:colcon.colcon_core.environment:checking '/home/eia/repo/rbi_2025_2/scara/scara_ws/install/scara_tf_generator' for CMake config files
[3.953s] Level 1:colcon.colcon_core.environment:checking '/home/eia/repo/rbi_2025_2/scara/scara_ws/install/scara_tf_generator/lib'
[3.953s] Level 1:colcon.colcon_core.environment:checking '/home/eia/repo/rbi_2025_2/scara/scara_ws/install/scara_tf_generator/bin'
[3.953s] Level 1:colcon.colcon_core.environment:checking '/home/eia/repo/rbi_2025_2/scara/scara_ws/install/scara_tf_generator/lib/pkgconfig/scara_tf_generator.pc'
[3.953s] Level 1:colcon.colcon_core.environment:checking '/home/eia/repo/rbi_2025_2/scara/scara_ws/install/scara_tf_generator/lib/python3.10/site-packages'
[3.953s] Level 1:colcon.colcon_core.shell:create_environment_hook('scara_tf_generator', 'pythonpath')
[3.953s] INFO:colcon.colcon_core.shell:Creating environment hook '/home/eia/repo/rbi_2025_2/scara/scara_ws/install/scara_tf_generator/share/scara_tf_generator/hook/pythonpath.ps1'
[3.954s] INFO:colcon.colcon_core.shell:Creating environment descriptor '/home/eia/repo/rbi_2025_2/scara/scara_ws/install/scara_tf_generator/share/scara_tf_generator/hook/pythonpath.dsv'
[3.954s] INFO:colcon.colcon_core.shell:Creating environment hook '/home/eia/repo/rbi_2025_2/scara/scara_ws/install/scara_tf_generator/share/scara_tf_generator/hook/pythonpath.sh'
[3.954s] Level 1:colcon.colcon_core.environment:checking '/home/eia/repo/rbi_2025_2/scara/scara_ws/install/scara_tf_generator/bin'
[3.954s] Level 1:colcon.colcon_core.environment:create_environment_scripts_only(scara_tf_generator)
[3.955s] INFO:colcon.colcon_core.shell:Creating package script '/home/eia/repo/rbi_2025_2/scara/scara_ws/install/scara_tf_generator/share/scara_tf_generator/package.ps1'
[3.955s] INFO:colcon.colcon_core.shell:Creating package descriptor '/home/eia/repo/rbi_2025_2/scara/scara_ws/install/scara_tf_generator/share/scara_tf_generator/package.dsv'
[3.956s] INFO:colcon.colcon_core.shell:Creating package script '/home/eia/repo/rbi_2025_2/scara/scara_ws/install/scara_tf_generator/share/scara_tf_generator/package.sh'
[3.956s] INFO:colcon.colcon_core.shell:Creating package script '/home/eia/repo/rbi_2025_2/scara/scara_ws/install/scara_tf_generator/share/scara_tf_generator/package.bash'
[3.956s] INFO:colcon.colcon_core.shell:Creating package script '/home/eia/repo/rbi_2025_2/scara/scara_ws/install/scara_tf_generator/share/scara_tf_generator/package.zsh'
[3.956s] Level 1:colcon.colcon_core.environment:create_file_with_runtime_dependencies(/home/eia/repo/rbi_2025_2/scara/scara_ws/install/scara_tf_generator/share/colcon-core/packages/scara_tf_generator)
[5.137s] DEBUG:colcon.colcon_core.event_handler.log_command:Invoked command in '/home/eia/repo/rbi_2025_2/scara/scara_ws/build/scara_hardware_interface' returned '0': CMAKE_PREFIX_PATH=/opt/ros/humble /usr/bin/cmake --build /home/eia/repo/rbi_2025_2/scara/scara_ws/build/scara_hardware_interface -- -j12 -l12
[5.139s] DEBUG:colcon.colcon_core.event_handler.log_command:Invoking command in '/home/eia/repo/rbi_2025_2/scara/scara_ws/build/scara_hardware_interface': CMAKE_PREFIX_PATH=/opt/ros/humble /usr/bin/cmake --install /home/eia/repo/rbi_2025_2/scara/scara_ws/build/scara_hardware_interface
[5.153s] Level 1:colcon.colcon_core.environment:create_environment_scripts_only(scara_hardware_interface)
[5.154s] Level 1:colcon.colcon_core.environment:checking '/home/eia/repo/rbi_2025_2/scara/scara_ws/install/scara_hardware_interface' for CMake module files
[5.154s] DEBUG:colcon.colcon_core.event_handler.log_command:Invoked command in '/home/eia/repo/rbi_2025_2/scara/scara_ws/build/scara_hardware_interface' returned '0': CMAKE_PREFIX_PATH=/opt/ros/humble /usr/bin/cmake --install /home/eia/repo/rbi_2025_2/scara/scara_ws/build/scara_hardware_interface
[5.154s] Level 1:colcon.colcon_core.environment:checking '/home/eia/repo/rbi_2025_2/scara/scara_ws/install/scara_hardware_interface' for CMake config files
[5.155s] Level 1:colcon.colcon_core.shell:create_environment_hook('scara_hardware_interface', 'cmake_prefix_path')
[5.155s] INFO:colcon.colcon_core.shell:Creating environment hook '/home/eia/repo/rbi_2025_2/scara/scara_ws/install/scara_hardware_interface/share/scara_hardware_interface/hook/cmake_prefix_path.ps1'
[5.155s] INFO:colcon.colcon_core.shell:Creating environment descriptor '/home/eia/repo/rbi_2025_2/scara/scara_ws/install/scara_hardware_interface/share/scara_hardware_interface/hook/cmake_prefix_path.dsv'
[5.155s] INFO:colcon.colcon_core.shell:Creating environment hook '/home/eia/repo/rbi_2025_2/scara/scara_ws/install/scara_hardware_interface/share/scara_hardware_interface/hook/cmake_prefix_path.sh'
[5.156s] Level 1:colcon.colcon_core.environment:checking '/home/eia/repo/rbi_2025_2/scara/scara_ws/install/scara_hardware_interface/lib'
[5.156s] Level 1:colcon.colcon_core.shell:create_environment_hook('scara_hardware_interface', 'ld_library_path_lib')
[5.156s] INFO:colcon.colcon_core.shell:Creating environment hook '/home/eia/repo/rbi_2025_2/scara/scara_ws/install/scara_hardware_interface/share/scara_hardware_interface/hook/ld_library_path_lib.ps1'
[5.156s] INFO:colcon.colcon_core.shell:Creating environment descriptor '/home/eia/repo/rbi_2025_2/scara/scara_ws/install/scara_hardware_interface/share/scara_hardware_interface/hook/ld_library_path_lib.dsv'
[5.157s] INFO:colcon.colcon_core.shell:Creating environment hook '/home/eia/repo/rbi_2025_2/scara/scara_ws/install/scara_hardware_interface/share/scara_hardware_interface/hook/ld_library_path_lib.sh'
[5.157s] Level 1:colcon.colcon_core.environment:checking '/home/eia/repo/rbi_2025_2/scara/scara_ws/install/scara_hardware_interface/bin'
[5.157s] Level 1:colcon.colcon_core.environment:checking '/home/eia/repo/rbi_2025_2/scara/scara_ws/install/scara_hardware_interface/lib/pkgconfig/scara_hardware_interface.pc'
[5.157s] Level 1:colcon.colcon_core.environment:checking '/home/eia/repo/rbi_2025_2/scara/scara_ws/install/scara_hardware_interface/lib/python3.10/site-packages'
[5.157s] Level 1:colcon.colcon_core.environment:checking '/home/eia/repo/rbi_2025_2/scara/scara_ws/install/scara_hardware_interface/bin'
[5.158s] INFO:colcon.colcon_core.shell:Creating package script '/home/eia/repo/rbi_2025_2/scara/scara_ws/install/scara_hardware_interface/share/scara_hardware_interface/package.ps1'
[5.158s] INFO:colcon.colcon_core.shell:Creating package descriptor '/home/eia/repo/rbi_2025_2/scara/scara_ws/install/scara_hardware_interface/share/scara_hardware_interface/package.dsv'
[5.158s] INFO:colcon.colcon_core.shell:Creating package script '/home/eia/repo/rbi_2025_2/scara/scara_ws/install/scara_hardware_interface/share/scara_hardware_interface/package.sh'
[5.159s] INFO:colcon.colcon_core.shell:Creating package script '/home/eia/repo/rbi_2025_2/scara/scara_ws/install/scara_hardware_interface/share/scara_hardware_interface/package.bash'
[5.159s] INFO:colcon.colcon_core.shell:Creating package script '/home/eia/repo/rbi_2025_2/scara/scara_ws/install/scara_hardware_interface/share/scara_hardware_interface/package.zsh'
[5.159s] Level 1:colcon.colcon_core.environment:create_file_with_runtime_dependencies(/home/eia/repo/rbi_2025_2/scara/scara_ws/install/scara_hardware_interface/share/colcon-core/packages/scara_hardware_interface)
[5.160s] Level 1:colcon.colcon_core.environment:create_environment_scripts_only(scara_hardware_interface)
[5.160s] Level 1:colcon.colcon_core.environment:checking '/home/eia/repo/rbi_2025_2/scara/scara_ws/install/scara_hardware_interface' for CMake module files
[5.160s] Level 1:colcon.colcon_core.environment:checking '/home/eia/repo/rbi_2025_2/scara/scara_ws/install/scara_hardware_interface' for CMake config files
[5.160s] Level 1:colcon.colcon_core.shell:create_environment_hook('scara_hardware_interface', 'cmake_prefix_path')
[5.160s] INFO:colcon.colcon_core.shell:Creating environment hook '/home/eia/repo/rbi_2025_2/scara/scara_ws/install/scara_hardware_interface/share/scara_hardware_interface/hook/cmake_prefix_path.ps1'
[5.161s] INFO:colcon.colcon_core.shell:Creating environment descriptor '/home/eia/repo/rbi_2025_2/scara/scara_ws/install/scara_hardware_interface/share/scara_hardware_interface/hook/cmake_prefix_path.dsv'
[5.161s] INFO:colcon.colcon_core.shell:Creating environment hook '/home/eia/repo/rbi_2025_2/scara/scara_ws/install/scara_hardware_interface/share/scara_hardware_interface/hook/cmake_prefix_path.sh'
[5.161s] Level 1:colcon.colcon_core.environment:checking '/home/eia/repo/rbi_2025_2/scara/scara_ws/install/scara_hardware_interface/lib'
[5.161s] Level 1:colcon.colcon_core.shell:create_environment_hook('scara_hardware_interface', 'ld_library_path_lib')
[5.162s] INFO:colcon.colcon_core.shell:Creating environment hook '/home/eia/repo/rbi_2025_2/scara/scara_ws/install/scara_hardware_interface/share/scara_hardware_interface/hook/ld_library_path_lib.ps1'
[5.162s] INFO:colcon.colcon_core.shell:Creating environment descriptor '/home/eia/repo/rbi_2025_2/scara/scara_ws/install/scara_hardware_interface/share/scara_hardware_interface/hook/ld_library_path_lib.dsv'
[5.162s] INFO:colcon.colcon_core.shell:Creating environment hook '/home/eia/repo/rbi_2025_2/scara/scara_ws/install/scara_hardware_interface/share/scara_hardware_interface/hook/ld_library_path_lib.sh'
[5.162s] Level 1:colcon.colcon_core.environment:checking '/home/eia/repo/rbi_2025_2/scara/scara_ws/install/scara_hardware_interface/bin'
[5.162s] Level 1:colcon.colcon_core.environment:checking '/home/eia/repo/rbi_2025_2/scara/scara_ws/install/scara_hardware_interface/lib/pkgconfig/scara_hardware_interface.pc'
[5.163s] Level 1:colcon.colcon_core.environment:checking '/home/eia/repo/rbi_2025_2/scara/scara_ws/install/scara_hardware_interface/lib/python3.10/site-packages'
[5.163s] Level 1:colcon.colcon_core.environment:checking '/home/eia/repo/rbi_2025_2/scara/scara_ws/install/scara_hardware_interface/bin'
[5.163s] INFO:colcon.colcon_core.shell:Creating package script '/home/eia/repo/rbi_2025_2/scara/scara_ws/install/scara_hardware_interface/share/scara_hardware_interface/package.ps1'
[5.163s] INFO:colcon.colcon_core.shell:Creating package descriptor '/home/eia/repo/rbi_2025_2/scara/scara_ws/install/scara_hardware_interface/share/scara_hardware_interface/package.dsv'
[5.164s] INFO:colcon.colcon_core.shell:Creating package script '/home/eia/repo/rbi_2025_2/scara/scara_ws/install/scara_hardware_interface/share/scara_hardware_interface/package.sh'
[5.164s] INFO:colcon.colcon_core.shell:Creating package script '/home/eia/repo/rbi_2025_2/scara/scara_ws/install/scara_hardware_interface/share/scara_hardware_interface/package.bash'
[5.165s] INFO:colcon.colcon_core.shell:Creating package script '/home/eia/repo/rbi_2025_2/scara/scara_ws/install/scara_hardware_interface/share/scara_hardware_interface/package.zsh'
[5.165s] Level 1:colcon.colcon_core.environment:create_file_with_runtime_dependencies(/home/eia/repo/rbi_2025_2/scara/scara_ws/install/scara_hardware_interface/share/colcon-core/packages/scara_hardware_interface)
[5.165s] DEBUG:colcon.colcon_parallel_executor.executor.parallel:closing loop
[5.165s] DEBUG:colcon.colcon_parallel_executor.executor.parallel:loop closed
[5.165s] DEBUG:colcon.colcon_parallel_executor.executor.parallel:run_until_complete finished with '0'
[5.165s] DEBUG:colcon.colcon_core.event_reactor:joining thread
[5.170s] INFO:colcon.colcon_core.plugin_system:Skipping extension 'colcon_notification.desktop_notification.terminal_notifier': Not used on non-Darwin systems
[5.170s] INFO:colcon.colcon_core.plugin_system:Skipping extension 'colcon_notification.desktop_notification.win32': Not used on non-Windows systems
[5.170s] INFO:colcon.colcon_notification.desktop_notification:Sending desktop notification using 'notify2'
[5.179s] DEBUG:colcon.colcon_core.event_reactor:joined thread
[5.179s] INFO:colcon.colcon_core.shell:Creating prefix script '/home/eia/repo/rbi_2025_2/scara/scara_ws/install/local_setup.ps1'
[5.180s] INFO:colcon.colcon_core.shell:Creating prefix util module '/home/eia/repo/rbi_2025_2/scara/scara_ws/install/_local_setup_util_ps1.py'
[5.181s] INFO:colcon.colcon_core.shell:Creating prefix chain script '/home/eia/repo/rbi_2025_2/scara/scara_ws/install/setup.ps1'
[5.182s] INFO:colcon.colcon_core.shell:Creating prefix script '/home/eia/repo/rbi_2025_2/scara/scara_ws/install/local_setup.sh'
[5.182s] INFO:colcon.colcon_core.shell:Creating prefix util module '/home/eia/repo/rbi_2025_2/scara/scara_ws/install/_local_setup_util_sh.py'
[5.183s] INFO:colcon.colcon_core.shell:Creating prefix chain script '/home/eia/repo/rbi_2025_2/scara/scara_ws/install/setup.sh'
[5.184s] INFO:colcon.colcon_core.shell:Creating prefix script '/home/eia/repo/rbi_2025_2/scara/scara_ws/install/local_setup.bash'
[5.184s] INFO:colcon.colcon_core.shell:Creating prefix chain script '/home/eia/repo/rbi_2025_2/scara/scara_ws/install/setup.bash'
[5.185s] INFO:colcon.colcon_core.shell:Creating prefix script '/home/eia/repo/rbi_2025_2/scara/scara_ws/install/local_setup.zsh'
[5.185s] INFO:colcon.colcon_core.shell:Creating prefix chain script '/home/eia/repo/rbi_2025_2/scara/scara_ws/install/setup.zsh'
