[0.169s] DEBUG:colcon:Command line arguments: ['/home/eia/.local/bin/colcon', 'build', '--symlink-install']
[0.169s] DEBUG:colcon:Parsed command line arguments: Namespace(log_base=None, log_level=None, verb_name='build', build_base='build', install_base='install', merge_install=False, symlink_install=True, test_result_base=None, continue_on_error=False, executor='parallel', parallel_workers=12, event_handlers=None, ignore_user_meta=False, metas=['./colcon.meta'], base_paths=['.'], packages_ignore=None, packages_ignore_regex=None, paths=None, packages_up_to=None, packages_up_to_regex=None, packages_above=None, packages_above_and_dependencies=None, packages_above_depth=None, packages_select_by_dep=None, packages_skip_by_dep=None, packages_skip_up_to=None, packages_select_build_failed=False, packages_skip_build_finished=False, packages_select_test_failures=False, packages_skip_test_passed=False, packages_select=None, packages_skip=None, packages_select_regex=None, packages_skip_regex=None, packages_start=None, packages_end=None, allow_overriding=[], cmake_args=None, cmake_target=None, cmake_target_skip_unavailable=False, cmake_clean_cache=False, cmake_clean_first=False, cmake_force_configure=False, ament_cmake_args=None, catkin_cmake_args=None, catkin_skip_building_tests=False, mixin_files=None, mixin=None, verb_parser=<colcon_mixin.mixin.mixin_argument.MixinArgumentDecorator object at 0x7a0eaa0809d0>, verb_extension=<colcon_core.verb.build.BuildVerb object at 0x7a0eaa1f5000>, main=<bound method BuildVerb.main of <colcon_core.verb.build.BuildVerb object at 0x7a0eaa1f5000>>, mixin_verb=('build',))
[0.376s] Level 1:colcon.colcon_core.package_discovery:discover_packages(colcon_meta) check parameters
[0.376s] Level 1:colcon.colcon_core.package_discovery:discover_packages(recursive) check parameters
[0.376s] Level 1:colcon.colcon_core.package_discovery:discover_packages(ignore) check parameters
[0.376s] Level 1:colcon.colcon_core.package_discovery:discover_packages(path) check parameters
[0.376s] Level 1:colcon.colcon_core.package_discovery:discover_packages(colcon_meta) discover
[0.376s] Level 1:colcon.colcon_core.package_discovery:discover_packages(recursive) discover
[0.376s] INFO:colcon.colcon_core.package_discovery:Crawling recursively for packages in '/home/eia/rbi_2025/rov/rov_ws'
[0.377s] Level 1:colcon.colcon_core.package_identification:_identify(.) by extensions ['ignore', 'ignore_ament_install']
[0.377s] Level 1:colcon.colcon_core.package_identification:_identify(.) by extension 'ignore'
[0.377s] Level 1:colcon.colcon_core.package_identification:_identify(.) by extension 'ignore_ament_install'
[0.377s] Level 1:colcon.colcon_core.package_identification:_identify(.) by extensions ['colcon_pkg']
[0.377s] Level 1:colcon.colcon_core.package_identification:_identify(.) by extension 'colcon_pkg'
[0.377s] Level 1:colcon.colcon_core.package_identification:_identify(.) by extensions ['colcon_meta']
[0.377s] Level 1:colcon.colcon_core.package_identification:_identify(.) by extension 'colcon_meta'
[0.377s] Level 1:colcon.colcon_core.package_identification:_identify(.) by extensions ['ros']
[0.377s] Level 1:colcon.colcon_core.package_identification:_identify(.) by extension 'ros'
[0.401s] Level 1:colcon.colcon_core.package_identification:_identify(.) by extensions ['cmake', 'python']
[0.401s] Level 1:colcon.colcon_core.package_identification:_identify(.) by extension 'cmake'
[0.401s] Level 1:colcon.colcon_core.package_identification:_identify(.) by extension 'python'
[0.401s] Level 1:colcon.colcon_core.package_identification:_identify(.) by extensions ['python_setup_py']
[0.401s] Level 1:colcon.colcon_core.package_identification:_identify(.) by extension 'python_setup_py'
[0.401s] Level 1:colcon.colcon_core.package_identification:_identify(build) by extensions ['ignore', 'ignore_ament_install']
[0.401s] Level 1:colcon.colcon_core.package_identification:_identify(build) by extension 'ignore'
[0.401s] Level 1:colcon.colcon_core.package_identification:_identify(build) ignored
[0.401s] Level 1:colcon.colcon_core.package_identification:_identify(install) by extensions ['ignore', 'ignore_ament_install']
[0.402s] Level 1:colcon.colcon_core.package_identification:_identify(install) by extension 'ignore'
[0.402s] Level 1:colcon.colcon_core.package_identification:_identify(install) ignored
[0.402s] Level 1:colcon.colcon_core.package_identification:_identify(log) by extensions ['ignore', 'ignore_ament_install']
[0.402s] Level 1:colcon.colcon_core.package_identification:_identify(log) by extension 'ignore'
[0.402s] Level 1:colcon.colcon_core.package_identification:_identify(log) ignored
[0.402s] Level 1:colcon.colcon_core.package_identification:_identify(mujoco) by extensions ['ignore', 'ignore_ament_install']
[0.402s] Level 1:colcon.colcon_core.package_identification:_identify(mujoco) by extension 'ignore'
[0.402s] Level 1:colcon.colcon_core.package_identification:_identify(mujoco) by extension 'ignore_ament_install'
[0.402s] Level 1:colcon.colcon_core.package_identification:_identify(mujoco) by extensions ['colcon_pkg']
[0.403s] Level 1:colcon.colcon_core.package_identification:_identify(mujoco) by extension 'colcon_pkg'
[0.403s] Level 1:colcon.colcon_core.package_identification:_identify(mujoco) by extensions ['colcon_meta']
[0.403s] Level 1:colcon.colcon_core.package_identification:_identify(mujoco) by extension 'colcon_meta'
[0.403s] Level 1:colcon.colcon_core.package_identification:_identify(mujoco) by extensions ['ros']
[0.403s] Level 1:colcon.colcon_core.package_identification:_identify(mujoco) by extension 'ros'
[0.403s] Level 1:colcon.colcon_core.package_identification:_identify(mujoco) by extensions ['cmake', 'python']
[0.403s] Level 1:colcon.colcon_core.package_identification:_identify(mujoco) by extension 'cmake'
[0.403s] Level 1:colcon.colcon_core.package_identification:_identify(mujoco) by extension 'python'
[0.403s] Level 1:colcon.colcon_core.package_identification:_identify(mujoco) by extensions ['python_setup_py']
[0.403s] Level 1:colcon.colcon_core.package_identification:_identify(mujoco) by extension 'python_setup_py'
[0.403s] Level 1:colcon.colcon_core.package_identification:_identify(mujoco/bin) by extensions ['ignore', 'ignore_ament_install']
[0.403s] Level 1:colcon.colcon_core.package_identification:_identify(mujoco/bin) by extension 'ignore'
[0.403s] Level 1:colcon.colcon_core.package_identification:_identify(mujoco/bin) by extension 'ignore_ament_install'
[0.403s] Level 1:colcon.colcon_core.package_identification:_identify(mujoco/bin) by extensions ['colcon_pkg']
[0.403s] Level 1:colcon.colcon_core.package_identification:_identify(mujoco/bin) by extension 'colcon_pkg'
[0.403s] Level 1:colcon.colcon_core.package_identification:_identify(mujoco/bin) by extensions ['colcon_meta']
[0.404s] Level 1:colcon.colcon_core.package_identification:_identify(mujoco/bin) by extension 'colcon_meta'
[0.404s] Level 1:colcon.colcon_core.package_identification:_identify(mujoco/bin) by extensions ['ros']
[0.404s] Level 1:colcon.colcon_core.package_identification:_identify(mujoco/bin) by extension 'ros'
[0.404s] Level 1:colcon.colcon_core.package_identification:_identify(mujoco/bin) by extensions ['cmake', 'python']
[0.404s] Level 1:colcon.colcon_core.package_identification:_identify(mujoco/bin) by extension 'cmake'
[0.404s] Level 1:colcon.colcon_core.package_identification:_identify(mujoco/bin) by extension 'python'
[0.404s] Level 1:colcon.colcon_core.package_identification:_identify(mujoco/bin) by extensions ['python_setup_py']
[0.404s] Level 1:colcon.colcon_core.package_identification:_identify(mujoco/bin) by extension 'python_setup_py'
[0.404s] Level 1:colcon.colcon_core.package_identification:_identify(mujoco/bin/mujoco_plugin) by extensions ['ignore', 'ignore_ament_install']
[0.404s] Level 1:colcon.colcon_core.package_identification:_identify(mujoco/bin/mujoco_plugin) by extension 'ignore'
[0.404s] Level 1:colcon.colcon_core.package_identification:_identify(mujoco/bin/mujoco_plugin) by extension 'ignore_ament_install'
[0.404s] Level 1:colcon.colcon_core.package_identification:_identify(mujoco/bin/mujoco_plugin) by extensions ['colcon_pkg']
[0.404s] Level 1:colcon.colcon_core.package_identification:_identify(mujoco/bin/mujoco_plugin) by extension 'colcon_pkg'
[0.404s] Level 1:colcon.colcon_core.package_identification:_identify(mujoco/bin/mujoco_plugin) by extensions ['colcon_meta']
[0.404s] Level 1:colcon.colcon_core.package_identification:_identify(mujoco/bin/mujoco_plugin) by extension 'colcon_meta'
[0.404s] Level 1:colcon.colcon_core.package_identification:_identify(mujoco/bin/mujoco_plugin) by extensions ['ros']
[0.404s] Level 1:colcon.colcon_core.package_identification:_identify(mujoco/bin/mujoco_plugin) by extension 'ros'
[0.405s] Level 1:colcon.colcon_core.package_identification:_identify(mujoco/bin/mujoco_plugin) by extensions ['cmake', 'python']
[0.405s] Level 1:colcon.colcon_core.package_identification:_identify(mujoco/bin/mujoco_plugin) by extension 'cmake'
[0.405s] Level 1:colcon.colcon_core.package_identification:_identify(mujoco/bin/mujoco_plugin) by extension 'python'
[0.405s] Level 1:colcon.colcon_core.package_identification:_identify(mujoco/bin/mujoco_plugin) by extensions ['python_setup_py']
[0.405s] Level 1:colcon.colcon_core.package_identification:_identify(mujoco/bin/mujoco_plugin) by extension 'python_setup_py'
[0.405s] Level 1:colcon.colcon_core.package_identification:_identify(mujoco/include) by extensions ['ignore', 'ignore_ament_install']
[0.405s] Level 1:colcon.colcon_core.package_identification:_identify(mujoco/include) by extension 'ignore'
[0.405s] Level 1:colcon.colcon_core.package_identification:_identify(mujoco/include) by extension 'ignore_ament_install'
[0.405s] Level 1:colcon.colcon_core.package_identification:_identify(mujoco/include) by extensions ['colcon_pkg']
[0.405s] Level 1:colcon.colcon_core.package_identification:_identify(mujoco/include) by extension 'colcon_pkg'
[0.405s] Level 1:colcon.colcon_core.package_identification:_identify(mujoco/include) by extensions ['colcon_meta']
[0.405s] Level 1:colcon.colcon_core.package_identification:_identify(mujoco/include) by extension 'colcon_meta'
[0.405s] Level 1:colcon.colcon_core.package_identification:_identify(mujoco/include) by extensions ['ros']
[0.405s] Level 1:colcon.colcon_core.package_identification:_identify(mujoco/include) by extension 'ros'
[0.405s] Level 1:colcon.colcon_core.package_identification:_identify(mujoco/include) by extensions ['cmake', 'python']
[0.405s] Level 1:colcon.colcon_core.package_identification:_identify(mujoco/include) by extension 'cmake'
[0.405s] Level 1:colcon.colcon_core.package_identification:_identify(mujoco/include) by extension 'python'
[0.405s] Level 1:colcon.colcon_core.package_identification:_identify(mujoco/include) by extensions ['python_setup_py']
[0.405s] Level 1:colcon.colcon_core.package_identification:_identify(mujoco/include) by extension 'python_setup_py'
[0.406s] Level 1:colcon.colcon_core.package_identification:_identify(mujoco/include/mujoco) by extensions ['ignore', 'ignore_ament_install']
[0.406s] Level 1:colcon.colcon_core.package_identification:_identify(mujoco/include/mujoco) by extension 'ignore'
[0.406s] Level 1:colcon.colcon_core.package_identification:_identify(mujoco/include/mujoco) by extension 'ignore_ament_install'
[0.406s] Level 1:colcon.colcon_core.package_identification:_identify(mujoco/include/mujoco) by extensions ['colcon_pkg']
[0.406s] Level 1:colcon.colcon_core.package_identification:_identify(mujoco/include/mujoco) by extension 'colcon_pkg'
[0.406s] Level 1:colcon.colcon_core.package_identification:_identify(mujoco/include/mujoco) by extensions ['colcon_meta']
[0.406s] Level 1:colcon.colcon_core.package_identification:_identify(mujoco/include/mujoco) by extension 'colcon_meta'
[0.406s] Level 1:colcon.colcon_core.package_identification:_identify(mujoco/include/mujoco) by extensions ['ros']
[0.406s] Level 1:colcon.colcon_core.package_identification:_identify(mujoco/include/mujoco) by extension 'ros'
[0.406s] Level 1:colcon.colcon_core.package_identification:_identify(mujoco/include/mujoco) by extensions ['cmake', 'python']
[0.406s] Level 1:colcon.colcon_core.package_identification:_identify(mujoco/include/mujoco) by extension 'cmake'
[0.406s] Level 1:colcon.colcon_core.package_identification:_identify(mujoco/include/mujoco) by extension 'python'
[0.406s] Level 1:colcon.colcon_core.package_identification:_identify(mujoco/include/mujoco) by extensions ['python_setup_py']
[0.406s] Level 1:colcon.colcon_core.package_identification:_identify(mujoco/include/mujoco) by extension 'python_setup_py'
[0.406s] Level 1:colcon.colcon_core.package_identification:_identify(mujoco/include/mujoco/experimental) by extensions ['ignore', 'ignore_ament_install']
[0.407s] Level 1:colcon.colcon_core.package_identification:_identify(mujoco/include/mujoco/experimental) by extension 'ignore'
[0.407s] Level 1:colcon.colcon_core.package_identification:_identify(mujoco/include/mujoco/experimental) by extension 'ignore_ament_install'
[0.407s] Level 1:colcon.colcon_core.package_identification:_identify(mujoco/include/mujoco/experimental) by extensions ['colcon_pkg']
[0.407s] Level 1:colcon.colcon_core.package_identification:_identify(mujoco/include/mujoco/experimental) by extension 'colcon_pkg'
[0.407s] Level 1:colcon.colcon_core.package_identification:_identify(mujoco/include/mujoco/experimental) by extensions ['colcon_meta']
[0.407s] Level 1:colcon.colcon_core.package_identification:_identify(mujoco/include/mujoco/experimental) by extension 'colcon_meta'
[0.407s] Level 1:colcon.colcon_core.package_identification:_identify(mujoco/include/mujoco/experimental) by extensions ['ros']
[0.407s] Level 1:colcon.colcon_core.package_identification:_identify(mujoco/include/mujoco/experimental) by extension 'ros'
[0.407s] Level 1:colcon.colcon_core.package_identification:_identify(mujoco/include/mujoco/experimental) by extensions ['cmake', 'python']
[0.407s] Level 1:colcon.colcon_core.package_identification:_identify(mujoco/include/mujoco/experimental) by extension 'cmake'
[0.407s] Level 1:colcon.colcon_core.package_identification:_identify(mujoco/include/mujoco/experimental) by extension 'python'
[0.407s] Level 1:colcon.colcon_core.package_identification:_identify(mujoco/include/mujoco/experimental) by extensions ['python_setup_py']
[0.407s] Level 1:colcon.colcon_core.package_identification:_identify(mujoco/include/mujoco/experimental) by extension 'python_setup_py'
[0.407s] Level 1:colcon.colcon_core.package_identification:_identify(mujoco/include/mujoco/experimental/usd) by extensions ['ignore', 'ignore_ament_install']
[0.407s] Level 1:colcon.colcon_core.package_identification:_identify(mujoco/include/mujoco/experimental/usd) by extension 'ignore'
[0.407s] Level 1:colcon.colcon_core.package_identification:_identify(mujoco/include/mujoco/experimental/usd) by extension 'ignore_ament_install'
[0.407s] Level 1:colcon.colcon_core.package_identification:_identify(mujoco/include/mujoco/experimental/usd) by extensions ['colcon_pkg']
[0.408s] Level 1:colcon.colcon_core.package_identification:_identify(mujoco/include/mujoco/experimental/usd) by extension 'colcon_pkg'
[0.408s] Level 1:colcon.colcon_core.package_identification:_identify(mujoco/include/mujoco/experimental/usd) by extensions ['colcon_meta']
[0.408s] Level 1:colcon.colcon_core.package_identification:_identify(mujoco/include/mujoco/experimental/usd) by extension 'colcon_meta'
[0.408s] Level 1:colcon.colcon_core.package_identification:_identify(mujoco/include/mujoco/experimental/usd) by extensions ['ros']
[0.408s] Level 1:colcon.colcon_core.package_identification:_identify(mujoco/include/mujoco/experimental/usd) by extension 'ros'
[0.408s] Level 1:colcon.colcon_core.package_identification:_identify(mujoco/include/mujoco/experimental/usd) by extensions ['cmake', 'python']
[0.408s] Level 1:colcon.colcon_core.package_identification:_identify(mujoco/include/mujoco/experimental/usd) by extension 'cmake'
[0.408s] Level 1:colcon.colcon_core.package_identification:_identify(mujoco/include/mujoco/experimental/usd) by extension 'python'
[0.408s] Level 1:colcon.colcon_core.package_identification:_identify(mujoco/include/mujoco/experimental/usd) by extensions ['python_setup_py']
[0.408s] Level 1:colcon.colcon_core.package_identification:_identify(mujoco/include/mujoco/experimental/usd) by extension 'python_setup_py'
[0.408s] Level 1:colcon.colcon_core.package_identification:_identify(mujoco/include/mujoco/experimental/usd/mjcPhysics) by extensions ['ignore', 'ignore_ament_install']
[0.408s] Level 1:colcon.colcon_core.package_identification:_identify(mujoco/include/mujoco/experimental/usd/mjcPhysics) by extension 'ignore'
[0.408s] Level 1:colcon.colcon_core.package_identification:_identify(mujoco/include/mujoco/experimental/usd/mjcPhysics) by extension 'ignore_ament_install'
[0.408s] Level 1:colcon.colcon_core.package_identification:_identify(mujoco/include/mujoco/experimental/usd/mjcPhysics) by extensions ['colcon_pkg']
[0.408s] Level 1:colcon.colcon_core.package_identification:_identify(mujoco/include/mujoco/experimental/usd/mjcPhysics) by extension 'colcon_pkg'
[0.408s] Level 1:colcon.colcon_core.package_identification:_identify(mujoco/include/mujoco/experimental/usd/mjcPhysics) by extensions ['colcon_meta']
[0.408s] Level 1:colcon.colcon_core.package_identification:_identify(mujoco/include/mujoco/experimental/usd/mjcPhysics) by extension 'colcon_meta'
[0.409s] Level 1:colcon.colcon_core.package_identification:_identify(mujoco/include/mujoco/experimental/usd/mjcPhysics) by extensions ['ros']
[0.409s] Level 1:colcon.colcon_core.package_identification:_identify(mujoco/include/mujoco/experimental/usd/mjcPhysics) by extension 'ros'
[0.409s] Level 1:colcon.colcon_core.package_identification:_identify(mujoco/include/mujoco/experimental/usd/mjcPhysics) by extensions ['cmake', 'python']
[0.409s] Level 1:colcon.colcon_core.package_identification:_identify(mujoco/include/mujoco/experimental/usd/mjcPhysics) by extension 'cmake'
[0.409s] Level 1:colcon.colcon_core.package_identification:_identify(mujoco/include/mujoco/experimental/usd/mjcPhysics) by extension 'python'
[0.409s] Level 1:colcon.colcon_core.package_identification:_identify(mujoco/include/mujoco/experimental/usd/mjcPhysics) by extensions ['python_setup_py']
[0.409s] Level 1:colcon.colcon_core.package_identification:_identify(mujoco/include/mujoco/experimental/usd/mjcPhysics) by extension 'python_setup_py'
[0.409s] Level 1:colcon.colcon_core.package_identification:_identify(mujoco/lib) by extensions ['ignore', 'ignore_ament_install']
[0.409s] Level 1:colcon.colcon_core.package_identification:_identify(mujoco/lib) by extension 'ignore'
[0.409s] Level 1:colcon.colcon_core.package_identification:_identify(mujoco/lib) by extension 'ignore_ament_install'
[0.409s] Level 1:colcon.colcon_core.package_identification:_identify(mujoco/lib) by extensions ['colcon_pkg']
[0.409s] Level 1:colcon.colcon_core.package_identification:_identify(mujoco/lib) by extension 'colcon_pkg'
[0.409s] Level 1:colcon.colcon_core.package_identification:_identify(mujoco/lib) by extensions ['colcon_meta']
[0.409s] Level 1:colcon.colcon_core.package_identification:_identify(mujoco/lib) by extension 'colcon_meta'
[0.409s] Level 1:colcon.colcon_core.package_identification:_identify(mujoco/lib) by extensions ['ros']
[0.409s] Level 1:colcon.colcon_core.package_identification:_identify(mujoco/lib) by extension 'ros'
[0.409s] Level 1:colcon.colcon_core.package_identification:_identify(mujoco/lib) by extensions ['cmake', 'python']
[0.410s] Level 1:colcon.colcon_core.package_identification:_identify(mujoco/lib) by extension 'cmake'
[0.410s] Level 1:colcon.colcon_core.package_identification:_identify(mujoco/lib) by extension 'python'
[0.410s] Level 1:colcon.colcon_core.package_identification:_identify(mujoco/lib) by extensions ['python_setup_py']
[0.410s] Level 1:colcon.colcon_core.package_identification:_identify(mujoco/lib) by extension 'python_setup_py'
[0.410s] Level 1:colcon.colcon_core.package_identification:_identify(mujoco/model) by extensions ['ignore', 'ignore_ament_install']
[0.410s] Level 1:colcon.colcon_core.package_identification:_identify(mujoco/model) by extension 'ignore'
[0.410s] Level 1:colcon.colcon_core.package_identification:_identify(mujoco/model) by extension 'ignore_ament_install'
[0.410s] Level 1:colcon.colcon_core.package_identification:_identify(mujoco/model) by extensions ['colcon_pkg']
[0.410s] Level 1:colcon.colcon_core.package_identification:_identify(mujoco/model) by extension 'colcon_pkg'
[0.410s] Level 1:colcon.colcon_core.package_identification:_identify(mujoco/model) by extensions ['colcon_meta']
[0.410s] Level 1:colcon.colcon_core.package_identification:_identify(mujoco/model) by extension 'colcon_meta'
[0.410s] Level 1:colcon.colcon_core.package_identification:_identify(mujoco/model) by extensions ['ros']
[0.410s] Level 1:colcon.colcon_core.package_identification:_identify(mujoco/model) by extension 'ros'
[0.410s] Level 1:colcon.colcon_core.package_identification:_identify(mujoco/model) by extensions ['cmake', 'python']
[0.410s] Level 1:colcon.colcon_core.package_identification:_identify(mujoco/model) by extension 'cmake'
[0.410s] Level 1:colcon.colcon_core.package_identification:_identify(mujoco/model) by extension 'python'
[0.410s] Level 1:colcon.colcon_core.package_identification:_identify(mujoco/model) by extensions ['python_setup_py']
[0.410s] Level 1:colcon.colcon_core.package_identification:_identify(mujoco/model) by extension 'python_setup_py'
[0.411s] Level 1:colcon.colcon_core.package_identification:_identify(mujoco/model/adhesion) by extensions ['ignore', 'ignore_ament_install']
[0.411s] Level 1:colcon.colcon_core.package_identification:_identify(mujoco/model/adhesion) by extension 'ignore'
[0.411s] Level 1:colcon.colcon_core.package_identification:_identify(mujoco/model/adhesion) by extension 'ignore_ament_install'
[0.411s] Level 1:colcon.colcon_core.package_identification:_identify(mujoco/model/adhesion) by extensions ['colcon_pkg']
[0.411s] Level 1:colcon.colcon_core.package_identification:_identify(mujoco/model/adhesion) by extension 'colcon_pkg'
[0.411s] Level 1:colcon.colcon_core.package_identification:_identify(mujoco/model/adhesion) by extensions ['colcon_meta']
[0.411s] Level 1:colcon.colcon_core.package_identification:_identify(mujoco/model/adhesion) by extension 'colcon_meta'
[0.411s] Level 1:colcon.colcon_core.package_identification:_identify(mujoco/model/adhesion) by extensions ['ros']
[0.411s] Level 1:colcon.colcon_core.package_identification:_identify(mujoco/model/adhesion) by extension 'ros'
[0.411s] Level 1:colcon.colcon_core.package_identification:_identify(mujoco/model/adhesion) by extensions ['cmake', 'python']
[0.411s] Level 1:colcon.colcon_core.package_identification:_identify(mujoco/model/adhesion) by extension 'cmake'
[0.411s] Level 1:colcon.colcon_core.package_identification:_identify(mujoco/model/adhesion) by extension 'python'
[0.411s] Level 1:colcon.colcon_core.package_identification:_identify(mujoco/model/adhesion) by extensions ['python_setup_py']
[0.411s] Level 1:colcon.colcon_core.package_identification:_identify(mujoco/model/adhesion) by extension 'python_setup_py'
[0.411s] Level 1:colcon.colcon_core.package_identification:_identify(mujoco/model/balloons) by extensions ['ignore', 'ignore_ament_install']
[0.411s] Level 1:colcon.colcon_core.package_identification:_identify(mujoco/model/balloons) by extension 'ignore'
[0.412s] Level 1:colcon.colcon_core.package_identification:_identify(mujoco/model/balloons) by extension 'ignore_ament_install'
[0.412s] Level 1:colcon.colcon_core.package_identification:_identify(mujoco/model/balloons) by extensions ['colcon_pkg']
[0.412s] Level 1:colcon.colcon_core.package_identification:_identify(mujoco/model/balloons) by extension 'colcon_pkg'
[0.412s] Level 1:colcon.colcon_core.package_identification:_identify(mujoco/model/balloons) by extensions ['colcon_meta']
[0.412s] Level 1:colcon.colcon_core.package_identification:_identify(mujoco/model/balloons) by extension 'colcon_meta'
[0.412s] Level 1:colcon.colcon_core.package_identification:_identify(mujoco/model/balloons) by extensions ['ros']
[0.412s] Level 1:colcon.colcon_core.package_identification:_identify(mujoco/model/balloons) by extension 'ros'
[0.412s] Level 1:colcon.colcon_core.package_identification:_identify(mujoco/model/balloons) by extensions ['cmake', 'python']
[0.412s] Level 1:colcon.colcon_core.package_identification:_identify(mujoco/model/balloons) by extension 'cmake'
[0.412s] Level 1:colcon.colcon_core.package_identification:_identify(mujoco/model/balloons) by extension 'python'
[0.412s] Level 1:colcon.colcon_core.package_identification:_identify(mujoco/model/balloons) by extensions ['python_setup_py']
[0.412s] Level 1:colcon.colcon_core.package_identification:_identify(mujoco/model/balloons) by extension 'python_setup_py'
[0.412s] Level 1:colcon.colcon_core.package_identification:_identify(mujoco/model/car) by extensions ['ignore', 'ignore_ament_install']
[0.412s] Level 1:colcon.colcon_core.package_identification:_identify(mujoco/model/car) by extension 'ignore'
[0.412s] Level 1:colcon.colcon_core.package_identification:_identify(mujoco/model/car) by extension 'ignore_ament_install'
[0.412s] Level 1:colcon.colcon_core.package_identification:_identify(mujoco/model/car) by extensions ['colcon_pkg']
[0.412s] Level 1:colcon.colcon_core.package_identification:_identify(mujoco/model/car) by extension 'colcon_pkg'
[0.412s] Level 1:colcon.colcon_core.package_identification:_identify(mujoco/model/car) by extensions ['colcon_meta']
[0.412s] Level 1:colcon.colcon_core.package_identification:_identify(mujoco/model/car) by extension 'colcon_meta'
[0.413s] Level 1:colcon.colcon_core.package_identification:_identify(mujoco/model/car) by extensions ['ros']
[0.413s] Level 1:colcon.colcon_core.package_identification:_identify(mujoco/model/car) by extension 'ros'
[0.413s] Level 1:colcon.colcon_core.package_identification:_identify(mujoco/model/car) by extensions ['cmake', 'python']
[0.413s] Level 1:colcon.colcon_core.package_identification:_identify(mujoco/model/car) by extension 'cmake'
[0.413s] Level 1:colcon.colcon_core.package_identification:_identify(mujoco/model/car) by extension 'python'
[0.413s] Level 1:colcon.colcon_core.package_identification:_identify(mujoco/model/car) by extensions ['python_setup_py']
[0.413s] Level 1:colcon.colcon_core.package_identification:_identify(mujoco/model/car) by extension 'python_setup_py'
[0.413s] Level 1:colcon.colcon_core.package_identification:_identify(mujoco/model/cards) by extensions ['ignore', 'ignore_ament_install']
[0.413s] Level 1:colcon.colcon_core.package_identification:_identify(mujoco/model/cards) by extension 'ignore'
[0.413s] Level 1:colcon.colcon_core.package_identification:_identify(mujoco/model/cards) by extension 'ignore_ament_install'
[0.413s] Level 1:colcon.colcon_core.package_identification:_identify(mujoco/model/cards) by extensions ['colcon_pkg']
[0.413s] Level 1:colcon.colcon_core.package_identification:_identify(mujoco/model/cards) by extension 'colcon_pkg'
[0.413s] Level 1:colcon.colcon_core.package_identification:_identify(mujoco/model/cards) by extensions ['colcon_meta']
[0.413s] Level 1:colcon.colcon_core.package_identification:_identify(mujoco/model/cards) by extension 'colcon_meta'
[0.413s] Level 1:colcon.colcon_core.package_identification:_identify(mujoco/model/cards) by extensions ['ros']
[0.413s] Level 1:colcon.colcon_core.package_identification:_identify(mujoco/model/cards) by extension 'ros'
[0.413s] Level 1:colcon.colcon_core.package_identification:_identify(mujoco/model/cards) by extensions ['cmake', 'python']
[0.413s] Level 1:colcon.colcon_core.package_identification:_identify(mujoco/model/cards) by extension 'cmake'
[0.414s] Level 1:colcon.colcon_core.package_identification:_identify(mujoco/model/cards) by extension 'python'
[0.414s] Level 1:colcon.colcon_core.package_identification:_identify(mujoco/model/cards) by extensions ['python_setup_py']
[0.414s] Level 1:colcon.colcon_core.package_identification:_identify(mujoco/model/cards) by extension 'python_setup_py'
[0.414s] Level 1:colcon.colcon_core.package_identification:_identify(mujoco/model/cards/assets) by extensions ['ignore', 'ignore_ament_install']
[0.414s] Level 1:colcon.colcon_core.package_identification:_identify(mujoco/model/cards/assets) by extension 'ignore'
[0.414s] Level 1:colcon.colcon_core.package_identification:_identify(mujoco/model/cards/assets) by extension 'ignore_ament_install'
[0.414s] Level 1:colcon.colcon_core.package_identification:_identify(mujoco/model/cards/assets) by extensions ['colcon_pkg']
[0.414s] Level 1:colcon.colcon_core.package_identification:_identify(mujoco/model/cards/assets) by extension 'colcon_pkg'
[0.414s] Level 1:colcon.colcon_core.package_identification:_identify(mujoco/model/cards/assets) by extensions ['colcon_meta']
[0.414s] Level 1:colcon.colcon_core.package_identification:_identify(mujoco/model/cards/assets) by extension 'colcon_meta'
[0.414s] Level 1:colcon.colcon_core.package_identification:_identify(mujoco/model/cards/assets) by extensions ['ros']
[0.414s] Level 1:colcon.colcon_core.package_identification:_identify(mujoco/model/cards/assets) by extension 'ros'
[0.414s] Level 1:colcon.colcon_core.package_identification:_identify(mujoco/model/cards/assets) by extensions ['cmake', 'python']
[0.414s] Level 1:colcon.colcon_core.package_identification:_identify(mujoco/model/cards/assets) by extension 'cmake'
[0.414s] Level 1:colcon.colcon_core.package_identification:_identify(mujoco/model/cards/assets) by extension 'python'
[0.414s] Level 1:colcon.colcon_core.package_identification:_identify(mujoco/model/cards/assets) by extensions ['python_setup_py']
[0.414s] Level 1:colcon.colcon_core.package_identification:_identify(mujoco/model/cards/assets) by extension 'python_setup_py'
[0.415s] Level 1:colcon.colcon_core.package_identification:_identify(mujoco/model/cube) by extensions ['ignore', 'ignore_ament_install']
[0.415s] Level 1:colcon.colcon_core.package_identification:_identify(mujoco/model/cube) by extension 'ignore'
[0.415s] Level 1:colcon.colcon_core.package_identification:_identify(mujoco/model/cube) by extension 'ignore_ament_install'
[0.415s] Level 1:colcon.colcon_core.package_identification:_identify(mujoco/model/cube) by extensions ['colcon_pkg']
[0.415s] Level 1:colcon.colcon_core.package_identification:_identify(mujoco/model/cube) by extension 'colcon_pkg'
[0.415s] Level 1:colcon.colcon_core.package_identification:_identify(mujoco/model/cube) by extensions ['colcon_meta']
[0.415s] Level 1:colcon.colcon_core.package_identification:_identify(mujoco/model/cube) by extension 'colcon_meta'
[0.415s] Level 1:colcon.colcon_core.package_identification:_identify(mujoco/model/cube) by extensions ['ros']
[0.415s] Level 1:colcon.colcon_core.package_identification:_identify(mujoco/model/cube) by extension 'ros'
[0.415s] Level 1:colcon.colcon_core.package_identification:_identify(mujoco/model/cube) by extensions ['cmake', 'python']
[0.415s] Level 1:colcon.colcon_core.package_identification:_identify(mujoco/model/cube) by extension 'cmake'
[0.415s] Level 1:colcon.colcon_core.package_identification:_identify(mujoco/model/cube) by extension 'python'
[0.415s] Level 1:colcon.colcon_core.package_identification:_identify(mujoco/model/cube) by extensions ['python_setup_py']
[0.415s] Level 1:colcon.colcon_core.package_identification:_identify(mujoco/model/cube) by extension 'python_setup_py'
[0.415s] Level 1:colcon.colcon_core.package_identification:_identify(mujoco/model/cube/assets) by extensions ['ignore', 'ignore_ament_install']
[0.415s] Level 1:colcon.colcon_core.package_identification:_identify(mujoco/model/cube/assets) by extension 'ignore'
[0.416s] Level 1:colcon.colcon_core.package_identification:_identify(mujoco/model/cube/assets) by extension 'ignore_ament_install'
[0.416s] Level 1:colcon.colcon_core.package_identification:_identify(mujoco/model/cube/assets) by extensions ['colcon_pkg']
[0.416s] Level 1:colcon.colcon_core.package_identification:_identify(mujoco/model/cube/assets) by extension 'colcon_pkg'
[0.416s] Level 1:colcon.colcon_core.package_identification:_identify(mujoco/model/cube/assets) by extensions ['colcon_meta']
[0.416s] Level 1:colcon.colcon_core.package_identification:_identify(mujoco/model/cube/assets) by extension 'colcon_meta'
[0.416s] Level 1:colcon.colcon_core.package_identification:_identify(mujoco/model/cube/assets) by extensions ['ros']
[0.416s] Level 1:colcon.colcon_core.package_identification:_identify(mujoco/model/cube/assets) by extension 'ros'
[0.416s] Level 1:colcon.colcon_core.package_identification:_identify(mujoco/model/cube/assets) by extensions ['cmake', 'python']
[0.416s] Level 1:colcon.colcon_core.package_identification:_identify(mujoco/model/cube/assets) by extension 'cmake'
[0.416s] Level 1:colcon.colcon_core.package_identification:_identify(mujoco/model/cube/assets) by extension 'python'
[0.416s] Level 1:colcon.colcon_core.package_identification:_identify(mujoco/model/cube/assets) by extensions ['python_setup_py']
[0.416s] Level 1:colcon.colcon_core.package_identification:_identify(mujoco/model/cube/assets) by extension 'python_setup_py'
[0.416s] Level 1:colcon.colcon_core.package_identification:_identify(mujoco/model/flex) by extensions ['ignore', 'ignore_ament_install']
[0.416s] Level 1:colcon.colcon_core.package_identification:_identify(mujoco/model/flex) by extension 'ignore'
[0.416s] Level 1:colcon.colcon_core.package_identification:_identify(mujoco/model/flex) by extension 'ignore_ament_install'
[0.417s] Level 1:colcon.colcon_core.package_identification:_identify(mujoco/model/flex) by extensions ['colcon_pkg']
[0.417s] Level 1:colcon.colcon_core.package_identification:_identify(mujoco/model/flex) by extension 'colcon_pkg'
[0.417s] Level 1:colcon.colcon_core.package_identification:_identify(mujoco/model/flex) by extensions ['colcon_meta']
[0.417s] Level 1:colcon.colcon_core.package_identification:_identify(mujoco/model/flex) by extension 'colcon_meta'
[0.417s] Level 1:colcon.colcon_core.package_identification:_identify(mujoco/model/flex) by extensions ['ros']
[0.417s] Level 1:colcon.colcon_core.package_identification:_identify(mujoco/model/flex) by extension 'ros'
[0.417s] Level 1:colcon.colcon_core.package_identification:_identify(mujoco/model/flex) by extensions ['cmake', 'python']
[0.417s] Level 1:colcon.colcon_core.package_identification:_identify(mujoco/model/flex) by extension 'cmake'
[0.417s] Level 1:colcon.colcon_core.package_identification:_identify(mujoco/model/flex) by extension 'python'
[0.417s] Level 1:colcon.colcon_core.package_identification:_identify(mujoco/model/flex) by extensions ['python_setup_py']
[0.417s] Level 1:colcon.colcon_core.package_identification:_identify(mujoco/model/flex) by extension 'python_setup_py'
[0.417s] Level 1:colcon.colcon_core.package_identification:_identify(mujoco/model/flex/asset) by extensions ['ignore', 'ignore_ament_install']
[0.417s] Level 1:colcon.colcon_core.package_identification:_identify(mujoco/model/flex/asset) by extension 'ignore'
[0.417s] Level 1:colcon.colcon_core.package_identification:_identify(mujoco/model/flex/asset) by extension 'ignore_ament_install'
[0.417s] Level 1:colcon.colcon_core.package_identification:_identify(mujoco/model/flex/asset) by extensions ['colcon_pkg']
[0.417s] Level 1:colcon.colcon_core.package_identification:_identify(mujoco/model/flex/asset) by extension 'colcon_pkg'
[0.417s] Level 1:colcon.colcon_core.package_identification:_identify(mujoco/model/flex/asset) by extensions ['colcon_meta']
[0.417s] Level 1:colcon.colcon_core.package_identification:_identify(mujoco/model/flex/asset) by extension 'colcon_meta'
[0.417s] Level 1:colcon.colcon_core.package_identification:_identify(mujoco/model/flex/asset) by extensions ['ros']
[0.418s] Level 1:colcon.colcon_core.package_identification:_identify(mujoco/model/flex/asset) by extension 'ros'
[0.418s] Level 1:colcon.colcon_core.package_identification:_identify(mujoco/model/flex/asset) by extensions ['cmake', 'python']
[0.418s] Level 1:colcon.colcon_core.package_identification:_identify(mujoco/model/flex/asset) by extension 'cmake'
[0.418s] Level 1:colcon.colcon_core.package_identification:_identify(mujoco/model/flex/asset) by extension 'python'
[0.418s] Level 1:colcon.colcon_core.package_identification:_identify(mujoco/model/flex/asset) by extensions ['python_setup_py']
[0.418s] Level 1:colcon.colcon_core.package_identification:_identify(mujoco/model/flex/asset) by extension 'python_setup_py'
[0.418s] Level 1:colcon.colcon_core.package_identification:_identify(mujoco/model/hammock) by extensions ['ignore', 'ignore_ament_install']
[0.418s] Level 1:colcon.colcon_core.package_identification:_identify(mujoco/model/hammock) by extension 'ignore'
[0.418s] Level 1:colcon.colcon_core.package_identification:_identify(mujoco/model/hammock) by extension 'ignore_ament_install'
[0.418s] Level 1:colcon.colcon_core.package_identification:_identify(mujoco/model/hammock) by extensions ['colcon_pkg']
[0.418s] Level 1:colcon.colcon_core.package_identification:_identify(mujoco/model/hammock) by extension 'colcon_pkg'
[0.418s] Level 1:colcon.colcon_core.package_identification:_identify(mujoco/model/hammock) by extensions ['colcon_meta']
[0.418s] Level 1:colcon.colcon_core.package_identification:_identify(mujoco/model/hammock) by extension 'colcon_meta'
[0.418s] Level 1:colcon.colcon_core.package_identification:_identify(mujoco/model/hammock) by extensions ['ros']
[0.418s] Level 1:colcon.colcon_core.package_identification:_identify(mujoco/model/hammock) by extension 'ros'
[0.418s] Level 1:colcon.colcon_core.package_identification:_identify(mujoco/model/hammock) by extensions ['cmake', 'python']
[0.418s] Level 1:colcon.colcon_core.package_identification:_identify(mujoco/model/hammock) by extension 'cmake'
[0.418s] Level 1:colcon.colcon_core.package_identification:_identify(mujoco/model/hammock) by extension 'python'
[0.419s] Level 1:colcon.colcon_core.package_identification:_identify(mujoco/model/hammock) by extensions ['python_setup_py']
[0.419s] Level 1:colcon.colcon_core.package_identification:_identify(mujoco/model/hammock) by extension 'python_setup_py'
[0.419s] Level 1:colcon.colcon_core.package_identification:_identify(mujoco/model/humanoid) by extensions ['ignore', 'ignore_ament_install']
[0.419s] Level 1:colcon.colcon_core.package_identification:_identify(mujoco/model/humanoid) by extension 'ignore'
[0.419s] Level 1:colcon.colcon_core.package_identification:_identify(mujoco/model/humanoid) by extension 'ignore_ament_install'
[0.419s] Level 1:colcon.colcon_core.package_identification:_identify(mujoco/model/humanoid) by extensions ['colcon_pkg']
[0.419s] Level 1:colcon.colcon_core.package_identification:_identify(mujoco/model/humanoid) by extension 'colcon_pkg'
[0.419s] Level 1:colcon.colcon_core.package_identification:_identify(mujoco/model/humanoid) by extensions ['colcon_meta']
[0.419s] Level 1:colcon.colcon_core.package_identification:_identify(mujoco/model/humanoid) by extension 'colcon_meta'
[0.419s] Level 1:colcon.colcon_core.package_identification:_identify(mujoco/model/humanoid) by extensions ['ros']
[0.419s] Level 1:colcon.colcon_core.package_identification:_identify(mujoco/model/humanoid) by extension 'ros'
[0.419s] Level 1:colcon.colcon_core.package_identification:_identify(mujoco/model/humanoid) by extensions ['cmake', 'python']
[0.419s] Level 1:colcon.colcon_core.package_identification:_identify(mujoco/model/humanoid) by extension 'cmake'
[0.419s] Level 1:colcon.colcon_core.package_identification:_identify(mujoco/model/humanoid) by extension 'python'
[0.419s] Level 1:colcon.colcon_core.package_identification:_identify(mujoco/model/humanoid) by extensions ['python_setup_py']
[0.419s] Level 1:colcon.colcon_core.package_identification:_identify(mujoco/model/humanoid) by extension 'python_setup_py'
[0.419s] Level 1:colcon.colcon_core.package_identification:_identify(mujoco/model/mug) by extensions ['ignore', 'ignore_ament_install']
[0.420s] Level 1:colcon.colcon_core.package_identification:_identify(mujoco/model/mug) by extension 'ignore'
[0.420s] Level 1:colcon.colcon_core.package_identification:_identify(mujoco/model/mug) by extension 'ignore_ament_install'
[0.420s] Level 1:colcon.colcon_core.package_identification:_identify(mujoco/model/mug) by extensions ['colcon_pkg']
[0.420s] Level 1:colcon.colcon_core.package_identification:_identify(mujoco/model/mug) by extension 'colcon_pkg'
[0.420s] Level 1:colcon.colcon_core.package_identification:_identify(mujoco/model/mug) by extensions ['colcon_meta']
[0.420s] Level 1:colcon.colcon_core.package_identification:_identify(mujoco/model/mug) by extension 'colcon_meta'
[0.420s] Level 1:colcon.colcon_core.package_identification:_identify(mujoco/model/mug) by extensions ['ros']
[0.420s] Level 1:colcon.colcon_core.package_identification:_identify(mujoco/model/mug) by extension 'ros'
[0.420s] Level 1:colcon.colcon_core.package_identification:_identify(mujoco/model/mug) by extensions ['cmake', 'python']
[0.420s] Level 1:colcon.colcon_core.package_identification:_identify(mujoco/model/mug) by extension 'cmake'
[0.420s] Level 1:colcon.colcon_core.package_identification:_identify(mujoco/model/mug) by extension 'python'
[0.420s] Level 1:colcon.colcon_core.package_identification:_identify(mujoco/model/mug) by extensions ['python_setup_py']
[0.420s] Level 1:colcon.colcon_core.package_identification:_identify(mujoco/model/mug) by extension 'python_setup_py'
[0.420s] Level 1:colcon.colcon_core.package_identification:_identify(mujoco/model/plugin) by extensions ['ignore', 'ignore_ament_install']
[0.420s] Level 1:colcon.colcon_core.package_identification:_identify(mujoco/model/plugin) by extension 'ignore'
[0.420s] Level 1:colcon.colcon_core.package_identification:_identify(mujoco/model/plugin) by extension 'ignore_ament_install'
[0.420s] Level 1:colcon.colcon_core.package_identification:_identify(mujoco/model/plugin) by extensions ['colcon_pkg']
[0.421s] Level 1:colcon.colcon_core.package_identification:_identify(mujoco/model/plugin) by extension 'colcon_pkg'
[0.421s] Level 1:colcon.colcon_core.package_identification:_identify(mujoco/model/plugin) by extensions ['colcon_meta']
[0.421s] Level 1:colcon.colcon_core.package_identification:_identify(mujoco/model/plugin) by extension 'colcon_meta'
[0.421s] Level 1:colcon.colcon_core.package_identification:_identify(mujoco/model/plugin) by extensions ['ros']
[0.421s] Level 1:colcon.colcon_core.package_identification:_identify(mujoco/model/plugin) by extension 'ros'
[0.421s] Level 1:colcon.colcon_core.package_identification:_identify(mujoco/model/plugin) by extensions ['cmake', 'python']
[0.421s] Level 1:colcon.colcon_core.package_identification:_identify(mujoco/model/plugin) by extension 'cmake'
[0.421s] Level 1:colcon.colcon_core.package_identification:_identify(mujoco/model/plugin) by extension 'python'
[0.421s] Level 1:colcon.colcon_core.package_identification:_identify(mujoco/model/plugin) by extensions ['python_setup_py']
[0.421s] Level 1:colcon.colcon_core.package_identification:_identify(mujoco/model/plugin) by extension 'python_setup_py'
[0.421s] Level 1:colcon.colcon_core.package_identification:_identify(mujoco/model/plugin/actuator) by extensions ['ignore', 'ignore_ament_install']
[0.421s] Level 1:colcon.colcon_core.package_identification:_identify(mujoco/model/plugin/actuator) by extension 'ignore'
[0.421s] Level 1:colcon.colcon_core.package_identification:_identify(mujoco/model/plugin/actuator) by extension 'ignore_ament_install'
[0.421s] Level 1:colcon.colcon_core.package_identification:_identify(mujoco/model/plugin/actuator) by extensions ['colcon_pkg']
[0.421s] Level 1:colcon.colcon_core.package_identification:_identify(mujoco/model/plugin/actuator) by extension 'colcon_pkg'
[0.421s] Level 1:colcon.colcon_core.package_identification:_identify(mujoco/model/plugin/actuator) by extensions ['colcon_meta']
[0.421s] Level 1:colcon.colcon_core.package_identification:_identify(mujoco/model/plugin/actuator) by extension 'colcon_meta'
[0.422s] Level 1:colcon.colcon_core.package_identification:_identify(mujoco/model/plugin/actuator) by extensions ['ros']
[0.422s] Level 1:colcon.colcon_core.package_identification:_identify(mujoco/model/plugin/actuator) by extension 'ros'
[0.422s] Level 1:colcon.colcon_core.package_identification:_identify(mujoco/model/plugin/actuator) by extensions ['cmake', 'python']
[0.422s] Level 1:colcon.colcon_core.package_identification:_identify(mujoco/model/plugin/actuator) by extension 'cmake'
[0.422s] Level 1:colcon.colcon_core.package_identification:_identify(mujoco/model/plugin/actuator) by extension 'python'
[0.422s] Level 1:colcon.colcon_core.package_identification:_identify(mujoco/model/plugin/actuator) by extensions ['python_setup_py']
[0.422s] Level 1:colcon.colcon_core.package_identification:_identify(mujoco/model/plugin/actuator) by extension 'python_setup_py'
[0.422s] Level 1:colcon.colcon_core.package_identification:_identify(mujoco/model/plugin/elasticity) by extensions ['ignore', 'ignore_ament_install']
[0.422s] Level 1:colcon.colcon_core.package_identification:_identify(mujoco/model/plugin/elasticity) by extension 'ignore'
[0.422s] Level 1:colcon.colcon_core.package_identification:_identify(mujoco/model/plugin/elasticity) by extension 'ignore_ament_install'
[0.422s] Level 1:colcon.colcon_core.package_identification:_identify(mujoco/model/plugin/elasticity) by extensions ['colcon_pkg']
[0.422s] Level 1:colcon.colcon_core.package_identification:_identify(mujoco/model/plugin/elasticity) by extension 'colcon_pkg'
[0.422s] Level 1:colcon.colcon_core.package_identification:_identify(mujoco/model/plugin/elasticity) by extensions ['colcon_meta']
[0.422s] Level 1:colcon.colcon_core.package_identification:_identify(mujoco/model/plugin/elasticity) by extension 'colcon_meta'
[0.422s] Level 1:colcon.colcon_core.package_identification:_identify(mujoco/model/plugin/elasticity) by extensions ['ros']
[0.422s] Level 1:colcon.colcon_core.package_identification:_identify(mujoco/model/plugin/elasticity) by extension 'ros'
[0.422s] Level 1:colcon.colcon_core.package_identification:_identify(mujoco/model/plugin/elasticity) by extensions ['cmake', 'python']
[0.422s] Level 1:colcon.colcon_core.package_identification:_identify(mujoco/model/plugin/elasticity) by extension 'cmake'
[0.423s] Level 1:colcon.colcon_core.package_identification:_identify(mujoco/model/plugin/elasticity) by extension 'python'
[0.423s] Level 1:colcon.colcon_core.package_identification:_identify(mujoco/model/plugin/elasticity) by extensions ['python_setup_py']
[0.423s] Level 1:colcon.colcon_core.package_identification:_identify(mujoco/model/plugin/elasticity) by extension 'python_setup_py'
[0.423s] Level 1:colcon.colcon_core.package_identification:_identify(mujoco/model/plugin/sdf) by extensions ['ignore', 'ignore_ament_install']
[0.423s] Level 1:colcon.colcon_core.package_identification:_identify(mujoco/model/plugin/sdf) by extension 'ignore'
[0.423s] Level 1:colcon.colcon_core.package_identification:_identify(mujoco/model/plugin/sdf) by extension 'ignore_ament_install'
[0.423s] Level 1:colcon.colcon_core.package_identification:_identify(mujoco/model/plugin/sdf) by extensions ['colcon_pkg']
[0.423s] Level 1:colcon.colcon_core.package_identification:_identify(mujoco/model/plugin/sdf) by extension 'colcon_pkg'
[0.423s] Level 1:colcon.colcon_core.package_identification:_identify(mujoco/model/plugin/sdf) by extensions ['colcon_meta']
[0.423s] Level 1:colcon.colcon_core.package_identification:_identify(mujoco/model/plugin/sdf) by extension 'colcon_meta'
[0.423s] Level 1:colcon.colcon_core.package_identification:_identify(mujoco/model/plugin/sdf) by extensions ['ros']
[0.423s] Level 1:colcon.colcon_core.package_identification:_identify(mujoco/model/plugin/sdf) by extension 'ros'
[0.423s] Level 1:colcon.colcon_core.package_identification:_identify(mujoco/model/plugin/sdf) by extensions ['cmake', 'python']
[0.423s] Level 1:colcon.colcon_core.package_identification:_identify(mujoco/model/plugin/sdf) by extension 'cmake'
[0.423s] Level 1:colcon.colcon_core.package_identification:_identify(mujoco/model/plugin/sdf) by extension 'python'
[0.423s] Level 1:colcon.colcon_core.package_identification:_identify(mujoco/model/plugin/sdf) by extensions ['python_setup_py']
[0.423s] Level 1:colcon.colcon_core.package_identification:_identify(mujoco/model/plugin/sdf) by extension 'python_setup_py'
[0.424s] Level 1:colcon.colcon_core.package_identification:_identify(mujoco/model/plugin/sdf/asset) by extensions ['ignore', 'ignore_ament_install']
[0.424s] Level 1:colcon.colcon_core.package_identification:_identify(mujoco/model/plugin/sdf/asset) by extension 'ignore'
[0.424s] Level 1:colcon.colcon_core.package_identification:_identify(mujoco/model/plugin/sdf/asset) by extension 'ignore_ament_install'
[0.424s] Level 1:colcon.colcon_core.package_identification:_identify(mujoco/model/plugin/sdf/asset) by extensions ['colcon_pkg']
[0.424s] Level 1:colcon.colcon_core.package_identification:_identify(mujoco/model/plugin/sdf/asset) by extension 'colcon_pkg'
[0.424s] Level 1:colcon.colcon_core.package_identification:_identify(mujoco/model/plugin/sdf/asset) by extensions ['colcon_meta']
[0.424s] Level 1:colcon.colcon_core.package_identification:_identify(mujoco/model/plugin/sdf/asset) by extension 'colcon_meta'
[0.424s] Level 1:colcon.colcon_core.package_identification:_identify(mujoco/model/plugin/sdf/asset) by extensions ['ros']
[0.424s] Level 1:colcon.colcon_core.package_identification:_identify(mujoco/model/plugin/sdf/asset) by extension 'ros'
[0.424s] Level 1:colcon.colcon_core.package_identification:_identify(mujoco/model/plugin/sdf/asset) by extensions ['cmake', 'python']
[0.424s] Level 1:colcon.colcon_core.package_identification:_identify(mujoco/model/plugin/sdf/asset) by extension 'cmake'
[0.424s] Level 1:colcon.colcon_core.package_identification:_identify(mujoco/model/plugin/sdf/asset) by extension 'python'
[0.424s] Level 1:colcon.colcon_core.package_identification:_identify(mujoco/model/plugin/sdf/asset) by extensions ['python_setup_py']
[0.424s] Level 1:colcon.colcon_core.package_identification:_identify(mujoco/model/plugin/sdf/asset) by extension 'python_setup_py'
[0.424s] Level 1:colcon.colcon_core.package_identification:_identify(mujoco/model/plugin/sensor) by extensions ['ignore', 'ignore_ament_install']
[0.424s] Level 1:colcon.colcon_core.package_identification:_identify(mujoco/model/plugin/sensor) by extension 'ignore'
[0.424s] Level 1:colcon.colcon_core.package_identification:_identify(mujoco/model/plugin/sensor) by extension 'ignore_ament_install'
[0.425s] Level 1:colcon.colcon_core.package_identification:_identify(mujoco/model/plugin/sensor) by extensions ['colcon_pkg']
[0.425s] Level 1:colcon.colcon_core.package_identification:_identify(mujoco/model/plugin/sensor) by extension 'colcon_pkg'
[0.425s] Level 1:colcon.colcon_core.package_identification:_identify(mujoco/model/plugin/sensor) by extensions ['colcon_meta']
[0.425s] Level 1:colcon.colcon_core.package_identification:_identify(mujoco/model/plugin/sensor) by extension 'colcon_meta'
[0.425s] Level 1:colcon.colcon_core.package_identification:_identify(mujoco/model/plugin/sensor) by extensions ['ros']
[0.425s] Level 1:colcon.colcon_core.package_identification:_identify(mujoco/model/plugin/sensor) by extension 'ros'
[0.425s] Level 1:colcon.colcon_core.package_identification:_identify(mujoco/model/plugin/sensor) by extensions ['cmake', 'python']
[0.425s] Level 1:colcon.colcon_core.package_identification:_identify(mujoco/model/plugin/sensor) by extension 'cmake'
[0.425s] Level 1:colcon.colcon_core.package_identification:_identify(mujoco/model/plugin/sensor) by extension 'python'
[0.425s] Level 1:colcon.colcon_core.package_identification:_identify(mujoco/model/plugin/sensor) by extensions ['python_setup_py']
[0.425s] Level 1:colcon.colcon_core.package_identification:_identify(mujoco/model/plugin/sensor) by extension 'python_setup_py'
[0.425s] Level 1:colcon.colcon_core.package_identification:_identify(mujoco/model/replicate) by extensions ['ignore', 'ignore_ament_install']
[0.425s] Level 1:colcon.colcon_core.package_identification:_identify(mujoco/model/replicate) by extension 'ignore'
[0.425s] Level 1:colcon.colcon_core.package_identification:_identify(mujoco/model/replicate) by extension 'ignore_ament_install'
[0.425s] Level 1:colcon.colcon_core.package_identification:_identify(mujoco/model/replicate) by extensions ['colcon_pkg']
[0.425s] Level 1:colcon.colcon_core.package_identification:_identify(mujoco/model/replicate) by extension 'colcon_pkg'
[0.425s] Level 1:colcon.colcon_core.package_identification:_identify(mujoco/model/replicate) by extensions ['colcon_meta']
[0.425s] Level 1:colcon.colcon_core.package_identification:_identify(mujoco/model/replicate) by extension 'colcon_meta'
[0.425s] Level 1:colcon.colcon_core.package_identification:_identify(mujoco/model/replicate) by extensions ['ros']
[0.426s] Level 1:colcon.colcon_core.package_identification:_identify(mujoco/model/replicate) by extension 'ros'
[0.426s] Level 1:colcon.colcon_core.package_identification:_identify(mujoco/model/replicate) by extensions ['cmake', 'python']
[0.426s] Level 1:colcon.colcon_core.package_identification:_identify(mujoco/model/replicate) by extension 'cmake'
[0.426s] Level 1:colcon.colcon_core.package_identification:_identify(mujoco/model/replicate) by extension 'python'
[0.426s] Level 1:colcon.colcon_core.package_identification:_identify(mujoco/model/replicate) by extensions ['python_setup_py']
[0.426s] Level 1:colcon.colcon_core.package_identification:_identify(mujoco/model/replicate) by extension 'python_setup_py'
[0.426s] Level 1:colcon.colcon_core.package_identification:_identify(mujoco/model/replicate/asset) by extensions ['ignore', 'ignore_ament_install']
[0.426s] Level 1:colcon.colcon_core.package_identification:_identify(mujoco/model/replicate/asset) by extension 'ignore'
[0.426s] Level 1:colcon.colcon_core.package_identification:_identify(mujoco/model/replicate/asset) by extension 'ignore_ament_install'
[0.426s] Level 1:colcon.colcon_core.package_identification:_identify(mujoco/model/replicate/asset) by extensions ['colcon_pkg']
[0.426s] Level 1:colcon.colcon_core.package_identification:_identify(mujoco/model/replicate/asset) by extension 'colcon_pkg'
[0.426s] Level 1:colcon.colcon_core.package_identification:_identify(mujoco/model/replicate/asset) by extensions ['colcon_meta']
[0.426s] Level 1:colcon.colcon_core.package_identification:_identify(mujoco/model/replicate/asset) by extension 'colcon_meta'
[0.426s] Level 1:colcon.colcon_core.package_identification:_identify(mujoco/model/replicate/asset) by extensions ['ros']
[0.426s] Level 1:colcon.colcon_core.package_identification:_identify(mujoco/model/replicate/asset) by extension 'ros'
[0.426s] Level 1:colcon.colcon_core.package_identification:_identify(mujoco/model/replicate/asset) by extensions ['cmake', 'python']
[0.426s] Level 1:colcon.colcon_core.package_identification:_identify(mujoco/model/replicate/asset) by extension 'cmake'
[0.426s] Level 1:colcon.colcon_core.package_identification:_identify(mujoco/model/replicate/asset) by extension 'python'
[0.427s] Level 1:colcon.colcon_core.package_identification:_identify(mujoco/model/replicate/asset) by extensions ['python_setup_py']
[0.427s] Level 1:colcon.colcon_core.package_identification:_identify(mujoco/model/replicate/asset) by extension 'python_setup_py'
[0.427s] Level 1:colcon.colcon_core.package_identification:_identify(mujoco/model/slider_crank) by extensions ['ignore', 'ignore_ament_install']
[0.427s] Level 1:colcon.colcon_core.package_identification:_identify(mujoco/model/slider_crank) by extension 'ignore'
[0.427s] Level 1:colcon.colcon_core.package_identification:_identify(mujoco/model/slider_crank) by extension 'ignore_ament_install'
[0.427s] Level 1:colcon.colcon_core.package_identification:_identify(mujoco/model/slider_crank) by extensions ['colcon_pkg']
[0.427s] Level 1:colcon.colcon_core.package_identification:_identify(mujoco/model/slider_crank) by extension 'colcon_pkg'
[0.427s] Level 1:colcon.colcon_core.package_identification:_identify(mujoco/model/slider_crank) by extensions ['colcon_meta']
[0.427s] Level 1:colcon.colcon_core.package_identification:_identify(mujoco/model/slider_crank) by extension 'colcon_meta'
[0.427s] Level 1:colcon.colcon_core.package_identification:_identify(mujoco/model/slider_crank) by extensions ['ros']
[0.427s] Level 1:colcon.colcon_core.package_identification:_identify(mujoco/model/slider_crank) by extension 'ros'
[0.427s] Level 1:colcon.colcon_core.package_identification:_identify(mujoco/model/slider_crank) by extensions ['cmake', 'python']
[0.427s] Level 1:colcon.colcon_core.package_identification:_identify(mujoco/model/slider_crank) by extension 'cmake'
[0.427s] Level 1:colcon.colcon_core.package_identification:_identify(mujoco/model/slider_crank) by extension 'python'
[0.427s] Level 1:colcon.colcon_core.package_identification:_identify(mujoco/model/slider_crank) by extensions ['python_setup_py']
[0.427s] Level 1:colcon.colcon_core.package_identification:_identify(mujoco/model/slider_crank) by extension 'python_setup_py'
[0.427s] Level 1:colcon.colcon_core.package_identification:_identify(mujoco/model/tendon_arm) by extensions ['ignore', 'ignore_ament_install']
[0.428s] Level 1:colcon.colcon_core.package_identification:_identify(mujoco/model/tendon_arm) by extension 'ignore'
[0.428s] Level 1:colcon.colcon_core.package_identification:_identify(mujoco/model/tendon_arm) by extension 'ignore_ament_install'
[0.428s] Level 1:colcon.colcon_core.package_identification:_identify(mujoco/model/tendon_arm) by extensions ['colcon_pkg']
[0.428s] Level 1:colcon.colcon_core.package_identification:_identify(mujoco/model/tendon_arm) by extension 'colcon_pkg'
[0.428s] Level 1:colcon.colcon_core.package_identification:_identify(mujoco/model/tendon_arm) by extensions ['colcon_meta']
[0.428s] Level 1:colcon.colcon_core.package_identification:_identify(mujoco/model/tendon_arm) by extension 'colcon_meta'
[0.428s] Level 1:colcon.colcon_core.package_identification:_identify(mujoco/model/tendon_arm) by extensions ['ros']
[0.428s] Level 1:colcon.colcon_core.package_identification:_identify(mujoco/model/tendon_arm) by extension 'ros'
[0.428s] Level 1:colcon.colcon_core.package_identification:_identify(mujoco/model/tendon_arm) by extensions ['cmake', 'python']
[0.428s] Level 1:colcon.colcon_core.package_identification:_identify(mujoco/model/tendon_arm) by extension 'cmake'
[0.428s] Level 1:colcon.colcon_core.package_identification:_identify(mujoco/model/tendon_arm) by extension 'python'
[0.428s] Level 1:colcon.colcon_core.package_identification:_identify(mujoco/model/tendon_arm) by extensions ['python_setup_py']
[0.428s] Level 1:colcon.colcon_core.package_identification:_identify(mujoco/model/tendon_arm) by extension 'python_setup_py'
[0.428s] Level 1:colcon.colcon_core.package_identification:_identify(mujoco/sample) by extensions ['ignore', 'ignore_ament_install']
[0.428s] Level 1:colcon.colcon_core.package_identification:_identify(mujoco/sample) by extension 'ignore'
[0.428s] Level 1:colcon.colcon_core.package_identification:_identify(mujoco/sample) by extension 'ignore_ament_install'
[0.428s] Level 1:colcon.colcon_core.package_identification:_identify(mujoco/sample) by extensions ['colcon_pkg']
[0.428s] Level 1:colcon.colcon_core.package_identification:_identify(mujoco/sample) by extension 'colcon_pkg'
[0.428s] Level 1:colcon.colcon_core.package_identification:_identify(mujoco/sample) by extensions ['colcon_meta']
[0.429s] Level 1:colcon.colcon_core.package_identification:_identify(mujoco/sample) by extension 'colcon_meta'
[0.429s] Level 1:colcon.colcon_core.package_identification:_identify(mujoco/sample) by extensions ['ros']
[0.429s] Level 1:colcon.colcon_core.package_identification:_identify(mujoco/sample) by extension 'ros'
[0.429s] Level 1:colcon.colcon_core.package_identification:_identify(mujoco/sample) by extensions ['cmake', 'python']
[0.429s] Level 1:colcon.colcon_core.package_identification:_identify(mujoco/sample) by extension 'cmake'
[0.429s] Level 1:colcon.colcon_core.package_identification:_identify(mujoco/sample) by extension 'python'
[0.429s] Level 1:colcon.colcon_core.package_identification:_identify(mujoco/sample) by extensions ['python_setup_py']
[0.429s] Level 1:colcon.colcon_core.package_identification:_identify(mujoco/sample) by extension 'python_setup_py'
[0.429s] Level 1:colcon.colcon_core.package_identification:_identify(mujoco/sample/cmake) by extensions ['ignore', 'ignore_ament_install']
[0.429s] Level 1:colcon.colcon_core.package_identification:_identify(mujoco/sample/cmake) by extension 'ignore'
[0.429s] Level 1:colcon.colcon_core.package_identification:_identify(mujoco/sample/cmake) by extension 'ignore_ament_install'
[0.429s] Level 1:colcon.colcon_core.package_identification:_identify(mujoco/sample/cmake) by extensions ['colcon_pkg']
[0.429s] Level 1:colcon.colcon_core.package_identification:_identify(mujoco/sample/cmake) by extension 'colcon_pkg'
[0.429s] Level 1:colcon.colcon_core.package_identification:_identify(mujoco/sample/cmake) by extensions ['colcon_meta']
[0.429s] Level 1:colcon.colcon_core.package_identification:_identify(mujoco/sample/cmake) by extension 'colcon_meta'
[0.429s] Level 1:colcon.colcon_core.package_identification:_identify(mujoco/sample/cmake) by extensions ['ros']
[0.429s] Level 1:colcon.colcon_core.package_identification:_identify(mujoco/sample/cmake) by extension 'ros'
[0.429s] Level 1:colcon.colcon_core.package_identification:_identify(mujoco/sample/cmake) by extensions ['cmake', 'python']
[0.430s] Level 1:colcon.colcon_core.package_identification:_identify(mujoco/sample/cmake) by extension 'cmake'
[0.430s] Level 1:colcon.colcon_core.package_identification:_identify(mujoco/sample/cmake) by extension 'python'
[0.430s] Level 1:colcon.colcon_core.package_identification:_identify(mujoco/sample/cmake) by extensions ['python_setup_py']
[0.430s] Level 1:colcon.colcon_core.package_identification:_identify(mujoco/sample/cmake) by extension 'python_setup_py'
[0.430s] Level 1:colcon.colcon_core.package_identification:_identify(mujoco/simulate) by extensions ['ignore', 'ignore_ament_install']
[0.430s] Level 1:colcon.colcon_core.package_identification:_identify(mujoco/simulate) by extension 'ignore'
[0.430s] Level 1:colcon.colcon_core.package_identification:_identify(mujoco/simulate) by extension 'ignore_ament_install'
[0.430s] Level 1:colcon.colcon_core.package_identification:_identify(mujoco/simulate) by extensions ['colcon_pkg']
[0.430s] Level 1:colcon.colcon_core.package_identification:_identify(mujoco/simulate) by extension 'colcon_pkg'
[0.430s] Level 1:colcon.colcon_core.package_identification:_identify(mujoco/simulate) by extensions ['colcon_meta']
[0.430s] Level 1:colcon.colcon_core.package_identification:_identify(mujoco/simulate) by extension 'colcon_meta'
[0.430s] Level 1:colcon.colcon_core.package_identification:_identify(mujoco/simulate) by extensions ['ros']
[0.430s] Level 1:colcon.colcon_core.package_identification:_identify(mujoco/simulate) by extension 'ros'
[0.430s] Level 1:colcon.colcon_core.package_identification:_identify(mujoco/simulate) by extensions ['cmake', 'python']
[0.430s] Level 1:colcon.colcon_core.package_identification:_identify(mujoco/simulate) by extension 'cmake'
[0.430s] Level 1:colcon.colcon_core.package_identification:_identify(mujoco/simulate) by extension 'python'
[0.430s] Level 1:colcon.colcon_core.package_identification:_identify(mujoco/simulate) by extensions ['python_setup_py']
[0.430s] Level 1:colcon.colcon_core.package_identification:_identify(mujoco/simulate) by extension 'python_setup_py'
[0.430s] Level 1:colcon.colcon_core.package_identification:_identify(mujoco/simulate/cmake) by extensions ['ignore', 'ignore_ament_install']
[0.431s] Level 1:colcon.colcon_core.package_identification:_identify(mujoco/simulate/cmake) by extension 'ignore'
[0.431s] Level 1:colcon.colcon_core.package_identification:_identify(mujoco/simulate/cmake) by extension 'ignore_ament_install'
[0.431s] Level 1:colcon.colcon_core.package_identification:_identify(mujoco/simulate/cmake) by extensions ['colcon_pkg']
[0.431s] Level 1:colcon.colcon_core.package_identification:_identify(mujoco/simulate/cmake) by extension 'colcon_pkg'
[0.431s] Level 1:colcon.colcon_core.package_identification:_identify(mujoco/simulate/cmake) by extensions ['colcon_meta']
[0.431s] Level 1:colcon.colcon_core.package_identification:_identify(mujoco/simulate/cmake) by extension 'colcon_meta'
[0.431s] Level 1:colcon.colcon_core.package_identification:_identify(mujoco/simulate/cmake) by extensions ['ros']
[0.431s] Level 1:colcon.colcon_core.package_identification:_identify(mujoco/simulate/cmake) by extension 'ros'
[0.431s] Level 1:colcon.colcon_core.package_identification:_identify(mujoco/simulate/cmake) by extensions ['cmake', 'python']
[0.431s] Level 1:colcon.colcon_core.package_identification:_identify(mujoco/simulate/cmake) by extension 'cmake'
[0.431s] Level 1:colcon.colcon_core.package_identification:_identify(mujoco/simulate/cmake) by extension 'python'
[0.431s] Level 1:colcon.colcon_core.package_identification:_identify(mujoco/simulate/cmake) by extensions ['python_setup_py']
[0.431s] Level 1:colcon.colcon_core.package_identification:_identify(mujoco/simulate/cmake) by extension 'python_setup_py'
[0.431s] Level 1:colcon.colcon_core.package_identification:_identify(src) by extensions ['ignore', 'ignore_ament_install']
[0.431s] Level 1:colcon.colcon_core.package_identification:_identify(src) by extension 'ignore'
[0.431s] Level 1:colcon.colcon_core.package_identification:_identify(src) by extension 'ignore_ament_install'
[0.431s] Level 1:colcon.colcon_core.package_identification:_identify(src) by extensions ['colcon_pkg']
[0.432s] Level 1:colcon.colcon_core.package_identification:_identify(src) by extension 'colcon_pkg'
[0.432s] Level 1:colcon.colcon_core.package_identification:_identify(src) by extensions ['colcon_meta']
[0.432s] Level 1:colcon.colcon_core.package_identification:_identify(src) by extension 'colcon_meta'
[0.432s] Level 1:colcon.colcon_core.package_identification:_identify(src) by extensions ['ros']
[0.432s] Level 1:colcon.colcon_core.package_identification:_identify(src) by extension 'ros'
[0.432s] Level 1:colcon.colcon_core.package_identification:_identify(src) by extensions ['cmake', 'python']
[0.432s] Level 1:colcon.colcon_core.package_identification:_identify(src) by extension 'cmake'
[0.432s] Level 1:colcon.colcon_core.package_identification:_identify(src) by extension 'python'
[0.432s] Level 1:colcon.colcon_core.package_identification:_identify(src) by extensions ['python_setup_py']
[0.432s] Level 1:colcon.colcon_core.package_identification:_identify(src) by extension 'python_setup_py'
[0.432s] Level 1:colcon.colcon_core.package_identification:_identify(src/direct_control) by extensions ['ignore', 'ignore_ament_install']
[0.432s] Level 1:colcon.colcon_core.package_identification:_identify(src/direct_control) by extension 'ignore'
[0.432s] Level 1:colcon.colcon_core.package_identification:_identify(src/direct_control) by extension 'ignore_ament_install'
[0.432s] Level 1:colcon.colcon_core.package_identification:_identify(src/direct_control) by extensions ['colcon_pkg']
[0.432s] Level 1:colcon.colcon_core.package_identification:_identify(src/direct_control) by extension 'colcon_pkg'
[0.432s] Level 1:colcon.colcon_core.package_identification:_identify(src/direct_control) by extensions ['colcon_meta']
[0.432s] Level 1:colcon.colcon_core.package_identification:_identify(src/direct_control) by extension 'colcon_meta'
[0.432s] Level 1:colcon.colcon_core.package_identification:_identify(src/direct_control) by extensions ['ros']
[0.432s] Level 1:colcon.colcon_core.package_identification:_identify(src/direct_control) by extension 'ros'
[0.436s] DEBUG:colcon.colcon_core.package_identification:Package 'src/direct_control' with type 'ros.ament_python' and name 'direct_control'
[0.436s] Level 1:colcon.colcon_core.package_identification:_identify(src/rov_attitude_controller) by extensions ['ignore', 'ignore_ament_install']
[0.436s] Level 1:colcon.colcon_core.package_identification:_identify(src/rov_attitude_controller) by extension 'ignore'
[0.436s] Level 1:colcon.colcon_core.package_identification:_identify(src/rov_attitude_controller) by extension 'ignore_ament_install'
[0.436s] Level 1:colcon.colcon_core.package_identification:_identify(src/rov_attitude_controller) by extensions ['colcon_pkg']
[0.436s] Level 1:colcon.colcon_core.package_identification:_identify(src/rov_attitude_controller) by extension 'colcon_pkg'
[0.436s] Level 1:colcon.colcon_core.package_identification:_identify(src/rov_attitude_controller) by extensions ['colcon_meta']
[0.436s] Level 1:colcon.colcon_core.package_identification:_identify(src/rov_attitude_controller) by extension 'colcon_meta'
[0.436s] Level 1:colcon.colcon_core.package_identification:_identify(src/rov_attitude_controller) by extensions ['ros']
[0.436s] Level 1:colcon.colcon_core.package_identification:_identify(src/rov_attitude_controller) by extension 'ros'
[0.437s] DEBUG:colcon.colcon_core.package_identification:Package 'src/rov_attitude_controller' with type 'ros.ament_python' and name 'rov_attitude_controller'
[0.437s] Level 1:colcon.colcon_core.package_identification:_identify(src/rov_controllers) by extensions ['ignore', 'ignore_ament_install']
[0.437s] Level 1:colcon.colcon_core.package_identification:_identify(src/rov_controllers) by extension 'ignore'
[0.437s] Level 1:colcon.colcon_core.package_identification:_identify(src/rov_controllers) by extension 'ignore_ament_install'
[0.437s] Level 1:colcon.colcon_core.package_identification:_identify(src/rov_controllers) by extensions ['colcon_pkg']
[0.437s] Level 1:colcon.colcon_core.package_identification:_identify(src/rov_controllers) by extension 'colcon_pkg'
[0.437s] Level 1:colcon.colcon_core.package_identification:_identify(src/rov_controllers) by extensions ['colcon_meta']
[0.437s] Level 1:colcon.colcon_core.package_identification:_identify(src/rov_controllers) by extension 'colcon_meta'
[0.437s] Level 1:colcon.colcon_core.package_identification:_identify(src/rov_controllers) by extensions ['ros']
[0.437s] Level 1:colcon.colcon_core.package_identification:_identify(src/rov_controllers) by extension 'ros'
[0.438s] DEBUG:colcon.colcon_core.package_identification:Package 'src/rov_controllers' with type 'ros.ament_cmake' and name 'rov_controllers'
[0.438s] Level 1:colcon.colcon_core.package_identification:_identify(src/rov_hardware_interface) by extensions ['ignore', 'ignore_ament_install']
[0.438s] Level 1:colcon.colcon_core.package_identification:_identify(src/rov_hardware_interface) by extension 'ignore'
[0.438s] Level 1:colcon.colcon_core.package_identification:_identify(src/rov_hardware_interface) by extension 'ignore_ament_install'
[0.438s] Level 1:colcon.colcon_core.package_identification:_identify(src/rov_hardware_interface) by extensions ['colcon_pkg']
[0.438s] Level 1:colcon.colcon_core.package_identification:_identify(src/rov_hardware_interface) by extension 'colcon_pkg'
[0.438s] Level 1:colcon.colcon_core.package_identification:_identify(src/rov_hardware_interface) by extensions ['colcon_meta']
[0.439s] Level 1:colcon.colcon_core.package_identification:_identify(src/rov_hardware_interface) by extension 'colcon_meta'
[0.439s] Level 1:colcon.colcon_core.package_identification:_identify(src/rov_hardware_interface) by extensions ['ros']
[0.439s] Level 1:colcon.colcon_core.package_identification:_identify(src/rov_hardware_interface) by extension 'ros'
[0.439s] DEBUG:colcon.colcon_core.package_identification:Package 'src/rov_hardware_interface' with type 'ros.ament_cmake' and name 'rov_hardware_interface'
[0.440s] Level 1:colcon.colcon_core.package_identification:_identify(src/rov_mujoco_bringup) by extensions ['ignore', 'ignore_ament_install']
[0.440s] Level 1:colcon.colcon_core.package_identification:_identify(src/rov_mujoco_bringup) by extension 'ignore'
[0.440s] Level 1:colcon.colcon_core.package_identification:_identify(src/rov_mujoco_bringup) by extension 'ignore_ament_install'
[0.440s] Level 1:colcon.colcon_core.package_identification:_identify(src/rov_mujoco_bringup) by extensions ['colcon_pkg']
[0.440s] Level 1:colcon.colcon_core.package_identification:_identify(src/rov_mujoco_bringup) by extension 'colcon_pkg'
[0.440s] Level 1:colcon.colcon_core.package_identification:_identify(src/rov_mujoco_bringup) by extensions ['colcon_meta']
[0.440s] Level 1:colcon.colcon_core.package_identification:_identify(src/rov_mujoco_bringup) by extension 'colcon_meta'
[0.440s] Level 1:colcon.colcon_core.package_identification:_identify(src/rov_mujoco_bringup) by extensions ['ros']
[0.440s] Level 1:colcon.colcon_core.package_identification:_identify(src/rov_mujoco_bringup) by extension 'ros'
[0.441s] DEBUG:colcon.colcon_core.package_identification:Package 'src/rov_mujoco_bringup' with type 'ros.ament_cmake' and name 'rov_mujoco_bringup'
[0.441s] Level 1:colcon.colcon_core.package_identification:_identify(src/rov_mujoco_description) by extensions ['ignore', 'ignore_ament_install']
[0.441s] Level 1:colcon.colcon_core.package_identification:_identify(src/rov_mujoco_description) by extension 'ignore'
[0.441s] Level 1:colcon.colcon_core.package_identification:_identify(src/rov_mujoco_description) by extension 'ignore_ament_install'
[0.441s] Level 1:colcon.colcon_core.package_identification:_identify(src/rov_mujoco_description) by extensions ['colcon_pkg']
[0.441s] Level 1:colcon.colcon_core.package_identification:_identify(src/rov_mujoco_description) by extension 'colcon_pkg'
[0.441s] Level 1:colcon.colcon_core.package_identification:_identify(src/rov_mujoco_description) by extensions ['colcon_meta']
[0.441s] Level 1:colcon.colcon_core.package_identification:_identify(src/rov_mujoco_description) by extension 'colcon_meta'
[0.441s] Level 1:colcon.colcon_core.package_identification:_identify(src/rov_mujoco_description) by extensions ['ros']
[0.441s] Level 1:colcon.colcon_core.package_identification:_identify(src/rov_mujoco_description) by extension 'ros'
[0.442s] DEBUG:colcon.colcon_core.package_identification:Package 'src/rov_mujoco_description' with type 'ros.ament_cmake' and name 'rov_mujoco_description'
[0.442s] Level 1:colcon.colcon_core.package_identification:_identify(src/rov_mujoco_sim) by extensions ['ignore', 'ignore_ament_install']
[0.442s] Level 1:colcon.colcon_core.package_identification:_identify(src/rov_mujoco_sim) by extension 'ignore'
[0.442s] Level 1:colcon.colcon_core.package_identification:_identify(src/rov_mujoco_sim) by extension 'ignore_ament_install'
[0.442s] Level 1:colcon.colcon_core.package_identification:_identify(src/rov_mujoco_sim) by extensions ['colcon_pkg']
[0.442s] Level 1:colcon.colcon_core.package_identification:_identify(src/rov_mujoco_sim) by extension 'colcon_pkg'
[0.442s] Level 1:colcon.colcon_core.package_identification:_identify(src/rov_mujoco_sim) by extensions ['colcon_meta']
[0.442s] Level 1:colcon.colcon_core.package_identification:_identify(src/rov_mujoco_sim) by extension 'colcon_meta'
[0.442s] Level 1:colcon.colcon_core.package_identification:_identify(src/rov_mujoco_sim) by extensions ['ros']
[0.442s] Level 1:colcon.colcon_core.package_identification:_identify(src/rov_mujoco_sim) by extension 'ros'
[0.443s] DEBUG:colcon.colcon_core.package_identification:Package 'src/rov_mujoco_sim' with type 'ros.ament_cmake' and name 'rov_mujoco_sim'
[0.443s] Level 1:colcon.colcon_core.package_identification:_identify(src/rov_path_follower) by extensions ['ignore', 'ignore_ament_install']
[0.443s] Level 1:colcon.colcon_core.package_identification:_identify(src/rov_path_follower) by extension 'ignore'
[0.443s] Level 1:colcon.colcon_core.package_identification:_identify(src/rov_path_follower) by extension 'ignore_ament_install'
[0.443s] Level 1:colcon.colcon_core.package_identification:_identify(src/rov_path_follower) by extensions ['colcon_pkg']
[0.443s] Level 1:colcon.colcon_core.package_identification:_identify(src/rov_path_follower) by extension 'colcon_pkg'
[0.443s] Level 1:colcon.colcon_core.package_identification:_identify(src/rov_path_follower) by extensions ['colcon_meta']
[0.443s] Level 1:colcon.colcon_core.package_identification:_identify(src/rov_path_follower) by extension 'colcon_meta'
[0.443s] Level 1:colcon.colcon_core.package_identification:_identify(src/rov_path_follower) by extensions ['ros']
[0.444s] Level 1:colcon.colcon_core.package_identification:_identify(src/rov_path_follower) by extension 'ros'
[0.452s] DEBUG:colcon.colcon_core.package_identification:Package 'src/rov_path_follower' with type 'ros.ament_python' and name 'rov_path_follower'
[0.452s] Level 1:colcon.colcon_core.package_identification:_identify(src/rov_path_generator) by extensions ['ignore', 'ignore_ament_install']
[0.452s] Level 1:colcon.colcon_core.package_identification:_identify(src/rov_path_generator) by extension 'ignore'
[0.453s] Level 1:colcon.colcon_core.package_identification:_identify(src/rov_path_generator) by extension 'ignore_ament_install'
[0.453s] Level 1:colcon.colcon_core.package_identification:_identify(src/rov_path_generator) by extensions ['colcon_pkg']
[0.453s] Level 1:colcon.colcon_core.package_identification:_identify(src/rov_path_generator) by extension 'colcon_pkg'
[0.453s] Level 1:colcon.colcon_core.package_identification:_identify(src/rov_path_generator) by extensions ['colcon_meta']
[0.453s] Level 1:colcon.colcon_core.package_identification:_identify(src/rov_path_generator) by extension 'colcon_meta'
[0.453s] Level 1:colcon.colcon_core.package_identification:_identify(src/rov_path_generator) by extensions ['ros']
[0.453s] Level 1:colcon.colcon_core.package_identification:_identify(src/rov_path_generator) by extension 'ros'
[0.453s] DEBUG:colcon.colcon_core.package_identification:Package 'src/rov_path_generator' with type 'ros.ament_python' and name 'rov_path_generator'
[0.454s] Level 1:colcon.colcon_core.package_identification:_identify(src/rov_position_controller) by extensions ['ignore', 'ignore_ament_install']
[0.454s] Level 1:colcon.colcon_core.package_identification:_identify(src/rov_position_controller) by extension 'ignore'
[0.454s] Level 1:colcon.colcon_core.package_identification:_identify(src/rov_position_controller) by extension 'ignore_ament_install'
[0.454s] Level 1:colcon.colcon_core.package_identification:_identify(src/rov_position_controller) by extensions ['colcon_pkg']
[0.454s] Level 1:colcon.colcon_core.package_identification:_identify(src/rov_position_controller) by extension 'colcon_pkg'
[0.454s] Level 1:colcon.colcon_core.package_identification:_identify(src/rov_position_controller) by extensions ['colcon_meta']
[0.454s] Level 1:colcon.colcon_core.package_identification:_identify(src/rov_position_controller) by extension 'colcon_meta'
[0.454s] Level 1:colcon.colcon_core.package_identification:_identify(src/rov_position_controller) by extensions ['ros']
[0.454s] Level 1:colcon.colcon_core.package_identification:_identify(src/rov_position_controller) by extension 'ros'
[0.454s] DEBUG:colcon.colcon_core.package_identification:Package 'src/rov_position_controller' with type 'ros.ament_python' and name 'rov_position_controller'
[0.455s] Level 1:colcon.colcon_core.package_identification:_identify(src/rov_real_bringup) by extensions ['ignore', 'ignore_ament_install']
[0.455s] Level 1:colcon.colcon_core.package_identification:_identify(src/rov_real_bringup) by extension 'ignore'
[0.455s] Level 1:colcon.colcon_core.package_identification:_identify(src/rov_real_bringup) by extension 'ignore_ament_install'
[0.455s] Level 1:colcon.colcon_core.package_identification:_identify(src/rov_real_bringup) by extensions ['colcon_pkg']
[0.455s] Level 1:colcon.colcon_core.package_identification:_identify(src/rov_real_bringup) by extension 'colcon_pkg'
[0.455s] Level 1:colcon.colcon_core.package_identification:_identify(src/rov_real_bringup) by extensions ['colcon_meta']
[0.455s] Level 1:colcon.colcon_core.package_identification:_identify(src/rov_real_bringup) by extension 'colcon_meta'
[0.455s] Level 1:colcon.colcon_core.package_identification:_identify(src/rov_real_bringup) by extensions ['ros']
[0.455s] Level 1:colcon.colcon_core.package_identification:_identify(src/rov_real_bringup) by extension 'ros'
[0.456s] DEBUG:colcon.colcon_core.package_identification:Package 'src/rov_real_bringup' with type 'ros.ament_cmake' and name 'rov_real_bringup'
[0.456s] Level 1:colcon.colcon_core.package_identification:_identify(src/rov_real_description) by extensions ['ignore', 'ignore_ament_install']
[0.456s] Level 1:colcon.colcon_core.package_identification:_identify(src/rov_real_description) by extension 'ignore'
[0.457s] Level 1:colcon.colcon_core.package_identification:_identify(src/rov_real_description) by extension 'ignore_ament_install'
[0.457s] Level 1:colcon.colcon_core.package_identification:_identify(src/rov_real_description) by extensions ['colcon_pkg']
[0.457s] Level 1:colcon.colcon_core.package_identification:_identify(src/rov_real_description) by extension 'colcon_pkg'
[0.457s] Level 1:colcon.colcon_core.package_identification:_identify(src/rov_real_description) by extensions ['colcon_meta']
[0.457s] Level 1:colcon.colcon_core.package_identification:_identify(src/rov_real_description) by extension 'colcon_meta'
[0.457s] Level 1:colcon.colcon_core.package_identification:_identify(src/rov_real_description) by extensions ['ros']
[0.457s] Level 1:colcon.colcon_core.package_identification:_identify(src/rov_real_description) by extension 'ros'
[0.457s] DEBUG:colcon.colcon_core.package_identification:Package 'src/rov_real_description' with type 'ros.ament_cmake' and name 'rov_real_description'
[0.457s] Level 1:colcon.colcon_core.package_discovery:discover_packages(recursive) using defaults
[0.457s] Level 1:colcon.colcon_core.package_discovery:discover_packages(ignore) discover
[0.457s] Level 1:colcon.colcon_core.package_discovery:discover_packages(ignore) using defaults
[0.457s] Level 1:colcon.colcon_core.package_discovery:discover_packages(path) discover
[0.457s] Level 1:colcon.colcon_core.package_discovery:discover_packages(path) using defaults
[0.478s] Level 1:colcon.colcon_core.package_discovery:discover_packages(prefix_path) check parameters
[0.478s] Level 1:colcon.colcon_core.package_discovery:discover_packages(prefix_path) discover
[0.481s] DEBUG:colcon.colcon_installed_package_information.package_discovery:Found 9 installed packages in /home/eia/repo/rbi_2025_2/rov/rov_ws/install
[0.483s] DEBUG:colcon.colcon_installed_package_information.package_discovery:Found 460 installed packages in /opt/ros/humble
[0.486s] Level 1:colcon.colcon_core.package_discovery:discover_packages(prefix_path) using defaults
[0.542s] Level 5:colcon.colcon_core.verb:set package 'direct_control' build argument 'cmake_args' from command line to 'None'
[0.542s] Level 5:colcon.colcon_core.verb:set package 'direct_control' build argument 'cmake_target' from command line to 'None'
[0.542s] Level 5:colcon.colcon_core.verb:set package 'direct_control' build argument 'cmake_target_skip_unavailable' from command line to 'False'
[0.542s] Level 5:colcon.colcon_core.verb:set package 'direct_control' build argument 'cmake_clean_cache' from command line to 'False'
[0.543s] Level 5:colcon.colcon_core.verb:set package 'direct_control' build argument 'cmake_clean_first' from command line to 'False'
[0.543s] Level 5:colcon.colcon_core.verb:set package 'direct_control' build argument 'cmake_force_configure' from command line to 'False'
[0.543s] Level 5:colcon.colcon_core.verb:set package 'direct_control' build argument 'ament_cmake_args' from command line to 'None'
[0.543s] Level 5:colcon.colcon_core.verb:set package 'direct_control' build argument 'catkin_cmake_args' from command line to 'None'
[0.543s] Level 5:colcon.colcon_core.verb:set package 'direct_control' build argument 'catkin_skip_building_tests' from command line to 'False'
[0.543s] DEBUG:colcon.colcon_core.verb:Building package 'direct_control' with the following arguments: {'ament_cmake_args': None, 'build_base': '/home/eia/rbi_2025/rov/rov_ws/build/direct_control', 'catkin_cmake_args': None, 'catkin_skip_building_tests': False, 'cmake_args': None, 'cmake_clean_cache': False, 'cmake_clean_first': False, 'cmake_force_configure': False, 'cmake_target': None, 'cmake_target_skip_unavailable': False, 'install_base': '/home/eia/rbi_2025/rov/rov_ws/install/direct_control', 'merge_install': False, 'path': '/home/eia/rbi_2025/rov/rov_ws/src/direct_control', 'symlink_install': True, 'test_result_base': None}
[0.543s] Level 5:colcon.colcon_core.verb:set package 'rov_attitude_controller' build argument 'cmake_args' from command line to 'None'
[0.543s] Level 5:colcon.colcon_core.verb:set package 'rov_attitude_controller' build argument 'cmake_target' from command line to 'None'
[0.543s] Level 5:colcon.colcon_core.verb:set package 'rov_attitude_controller' build argument 'cmake_target_skip_unavailable' from command line to 'False'
[0.543s] Level 5:colcon.colcon_core.verb:set package 'rov_attitude_controller' build argument 'cmake_clean_cache' from command line to 'False'
[0.543s] Level 5:colcon.colcon_core.verb:set package 'rov_attitude_controller' build argument 'cmake_clean_first' from command line to 'False'
[0.543s] Level 5:colcon.colcon_core.verb:set package 'rov_attitude_controller' build argument 'cmake_force_configure' from command line to 'False'
[0.543s] Level 5:colcon.colcon_core.verb:set package 'rov_attitude_controller' build argument 'ament_cmake_args' from command line to 'None'
[0.543s] Level 5:colcon.colcon_core.verb:set package 'rov_attitude_controller' build argument 'catkin_cmake_args' from command line to 'None'
[0.543s] Level 5:colcon.colcon_core.verb:set package 'rov_attitude_controller' build argument 'catkin_skip_building_tests' from command line to 'False'
[0.543s] DEBUG:colcon.colcon_core.verb:Building package 'rov_attitude_controller' with the following arguments: {'ament_cmake_args': None, 'build_base': '/home/eia/rbi_2025/rov/rov_ws/build/rov_attitude_controller', 'catkin_cmake_args': None, 'catkin_skip_building_tests': False, 'cmake_args': None, 'cmake_clean_cache': False, 'cmake_clean_first': False, 'cmake_force_configure': False, 'cmake_target': None, 'cmake_target_skip_unavailable': False, 'install_base': '/home/eia/rbi_2025/rov/rov_ws/install/rov_attitude_controller', 'merge_install': False, 'path': '/home/eia/rbi_2025/rov/rov_ws/src/rov_attitude_controller', 'symlink_install': True, 'test_result_base': None}
[0.544s] Level 5:colcon.colcon_core.verb:set package 'rov_controllers' build argument 'cmake_args' from command line to 'None'
[0.544s] Level 5:colcon.colcon_core.verb:set package 'rov_controllers' build argument 'cmake_target' from command line to 'None'
[0.544s] Level 5:colcon.colcon_core.verb:set package 'rov_controllers' build argument 'cmake_target_skip_unavailable' from command line to 'False'
[0.544s] Level 5:colcon.colcon_core.verb:set package 'rov_controllers' build argument 'cmake_clean_cache' from command line to 'False'
[0.544s] Level 5:colcon.colcon_core.verb:set package 'rov_controllers' build argument 'cmake_clean_first' from command line to 'False'
[0.544s] Level 5:colcon.colcon_core.verb:set package 'rov_controllers' build argument 'cmake_force_configure' from command line to 'False'
[0.544s] Level 5:colcon.colcon_core.verb:set package 'rov_controllers' build argument 'ament_cmake_args' from command line to 'None'
[0.544s] Level 5:colcon.colcon_core.verb:set package 'rov_controllers' build argument 'catkin_cmake_args' from command line to 'None'
[0.544s] Level 5:colcon.colcon_core.verb:set package 'rov_controllers' build argument 'catkin_skip_building_tests' from command line to 'False'
[0.544s] DEBUG:colcon.colcon_core.verb:Building package 'rov_controllers' with the following arguments: {'ament_cmake_args': None, 'build_base': '/home/eia/rbi_2025/rov/rov_ws/build/rov_controllers', 'catkin_cmake_args': None, 'catkin_skip_building_tests': False, 'cmake_args': None, 'cmake_clean_cache': False, 'cmake_clean_first': False, 'cmake_force_configure': False, 'cmake_target': None, 'cmake_target_skip_unavailable': False, 'install_base': '/home/eia/rbi_2025/rov/rov_ws/install/rov_controllers', 'merge_install': False, 'path': '/home/eia/rbi_2025/rov/rov_ws/src/rov_controllers', 'symlink_install': True, 'test_result_base': None}
[0.545s] Level 5:colcon.colcon_core.verb:set package 'rov_hardware_interface' build argument 'cmake_args' from command line to 'None'
[0.545s] Level 5:colcon.colcon_core.verb:set package 'rov_hardware_interface' build argument 'cmake_target' from command line to 'None'
[0.545s] Level 5:colcon.colcon_core.verb:set package 'rov_hardware_interface' build argument 'cmake_target_skip_unavailable' from command line to 'False'
[0.545s] Level 5:colcon.colcon_core.verb:set package 'rov_hardware_interface' build argument 'cmake_clean_cache' from command line to 'False'
[0.545s] Level 5:colcon.colcon_core.verb:set package 'rov_hardware_interface' build argument 'cmake_clean_first' from command line to 'False'
[0.545s] Level 5:colcon.colcon_core.verb:set package 'rov_hardware_interface' build argument 'cmake_force_configure' from command line to 'False'
[0.545s] Level 5:colcon.colcon_core.verb:set package 'rov_hardware_interface' build argument 'ament_cmake_args' from command line to 'None'
[0.545s] Level 5:colcon.colcon_core.verb:set package 'rov_hardware_interface' build argument 'catkin_cmake_args' from command line to 'None'
[0.545s] Level 5:colcon.colcon_core.verb:set package 'rov_hardware_interface' build argument 'catkin_skip_building_tests' from command line to 'False'
[0.545s] DEBUG:colcon.colcon_core.verb:Building package 'rov_hardware_interface' with the following arguments: {'ament_cmake_args': None, 'build_base': '/home/eia/rbi_2025/rov/rov_ws/build/rov_hardware_interface', 'catkin_cmake_args': None, 'catkin_skip_building_tests': False, 'cmake_args': None, 'cmake_clean_cache': False, 'cmake_clean_first': False, 'cmake_force_configure': False, 'cmake_target': None, 'cmake_target_skip_unavailable': False, 'install_base': '/home/eia/rbi_2025/rov/rov_ws/install/rov_hardware_interface', 'merge_install': False, 'path': '/home/eia/rbi_2025/rov/rov_ws/src/rov_hardware_interface', 'symlink_install': True, 'test_result_base': None}
[0.545s] Level 5:colcon.colcon_core.verb:set package 'rov_mujoco_bringup' build argument 'cmake_args' from command line to 'None'
[0.546s] Level 5:colcon.colcon_core.verb:set package 'rov_mujoco_bringup' build argument 'cmake_target' from command line to 'None'
[0.546s] Level 5:colcon.colcon_core.verb:set package 'rov_mujoco_bringup' build argument 'cmake_target_skip_unavailable' from command line to 'False'
[0.546s] Level 5:colcon.colcon_core.verb:set package 'rov_mujoco_bringup' build argument 'cmake_clean_cache' from command line to 'False'
[0.546s] Level 5:colcon.colcon_core.verb:set package 'rov_mujoco_bringup' build argument 'cmake_clean_first' from command line to 'False'
[0.546s] Level 5:colcon.colcon_core.verb:set package 'rov_mujoco_bringup' build argument 'cmake_force_configure' from command line to 'False'
[0.546s] Level 5:colcon.colcon_core.verb:set package 'rov_mujoco_bringup' build argument 'ament_cmake_args' from command line to 'None'
[0.546s] Level 5:colcon.colcon_core.verb:set package 'rov_mujoco_bringup' build argument 'catkin_cmake_args' from command line to 'None'
[0.546s] Level 5:colcon.colcon_core.verb:set package 'rov_mujoco_bringup' build argument 'catkin_skip_building_tests' from command line to 'False'
[0.546s] DEBUG:colcon.colcon_core.verb:Building package 'rov_mujoco_bringup' with the following arguments: {'ament_cmake_args': None, 'build_base': '/home/eia/rbi_2025/rov/rov_ws/build/rov_mujoco_bringup', 'catkin_cmake_args': None, 'catkin_skip_building_tests': False, 'cmake_args': None, 'cmake_clean_cache': False, 'cmake_clean_first': False, 'cmake_force_configure': False, 'cmake_target': None, 'cmake_target_skip_unavailable': False, 'install_base': '/home/eia/rbi_2025/rov/rov_ws/install/rov_mujoco_bringup', 'merge_install': False, 'path': '/home/eia/rbi_2025/rov/rov_ws/src/rov_mujoco_bringup', 'symlink_install': True, 'test_result_base': None}
[0.546s] Level 5:colcon.colcon_core.verb:set package 'rov_mujoco_description' build argument 'cmake_args' from command line to 'None'
[0.546s] Level 5:colcon.colcon_core.verb:set package 'rov_mujoco_description' build argument 'cmake_target' from command line to 'None'
[0.546s] Level 5:colcon.colcon_core.verb:set package 'rov_mujoco_description' build argument 'cmake_target_skip_unavailable' from command line to 'False'
[0.546s] Level 5:colcon.colcon_core.verb:set package 'rov_mujoco_description' build argument 'cmake_clean_cache' from command line to 'False'
[0.546s] Level 5:colcon.colcon_core.verb:set package 'rov_mujoco_description' build argument 'cmake_clean_first' from command line to 'False'
[0.546s] Level 5:colcon.colcon_core.verb:set package 'rov_mujoco_description' build argument 'cmake_force_configure' from command line to 'False'
[0.546s] Level 5:colcon.colcon_core.verb:set package 'rov_mujoco_description' build argument 'ament_cmake_args' from command line to 'None'
[0.546s] Level 5:colcon.colcon_core.verb:set package 'rov_mujoco_description' build argument 'catkin_cmake_args' from command line to 'None'
[0.546s] Level 5:colcon.colcon_core.verb:set package 'rov_mujoco_description' build argument 'catkin_skip_building_tests' from command line to 'False'
[0.546s] DEBUG:colcon.colcon_core.verb:Building package 'rov_mujoco_description' with the following arguments: {'ament_cmake_args': None, 'build_base': '/home/eia/rbi_2025/rov/rov_ws/build/rov_mujoco_description', 'catkin_cmake_args': None, 'catkin_skip_building_tests': False, 'cmake_args': None, 'cmake_clean_cache': False, 'cmake_clean_first': False, 'cmake_force_configure': False, 'cmake_target': None, 'cmake_target_skip_unavailable': False, 'install_base': '/home/eia/rbi_2025/rov/rov_ws/install/rov_mujoco_description', 'merge_install': False, 'path': '/home/eia/rbi_2025/rov/rov_ws/src/rov_mujoco_description', 'symlink_install': True, 'test_result_base': None}
[0.547s] Level 5:colcon.colcon_core.verb:set package 'rov_mujoco_sim' build argument 'cmake_args' from command line to 'None'
[0.547s] Level 5:colcon.colcon_core.verb:set package 'rov_mujoco_sim' build argument 'cmake_target' from command line to 'None'
[0.547s] Level 5:colcon.colcon_core.verb:set package 'rov_mujoco_sim' build argument 'cmake_target_skip_unavailable' from command line to 'False'
[0.547s] Level 5:colcon.colcon_core.verb:set package 'rov_mujoco_sim' build argument 'cmake_clean_cache' from command line to 'False'
[0.547s] Level 5:colcon.colcon_core.verb:set package 'rov_mujoco_sim' build argument 'cmake_clean_first' from command line to 'False'
[0.547s] Level 5:colcon.colcon_core.verb:set package 'rov_mujoco_sim' build argument 'cmake_force_configure' from command line to 'False'
[0.547s] Level 5:colcon.colcon_core.verb:set package 'rov_mujoco_sim' build argument 'ament_cmake_args' from command line to 'None'
[0.547s] Level 5:colcon.colcon_core.verb:set package 'rov_mujoco_sim' build argument 'catkin_cmake_args' from command line to 'None'
[0.547s] Level 5:colcon.colcon_core.verb:set package 'rov_mujoco_sim' build argument 'catkin_skip_building_tests' from command line to 'False'
[0.547s] DEBUG:colcon.colcon_core.verb:Building package 'rov_mujoco_sim' with the following arguments: {'ament_cmake_args': None, 'build_base': '/home/eia/rbi_2025/rov/rov_ws/build/rov_mujoco_sim', 'catkin_cmake_args': None, 'catkin_skip_building_tests': False, 'cmake_args': None, 'cmake_clean_cache': False, 'cmake_clean_first': False, 'cmake_force_configure': False, 'cmake_target': None, 'cmake_target_skip_unavailable': False, 'install_base': '/home/eia/rbi_2025/rov/rov_ws/install/rov_mujoco_sim', 'merge_install': False, 'path': '/home/eia/rbi_2025/rov/rov_ws/src/rov_mujoco_sim', 'symlink_install': True, 'test_result_base': None}
[0.547s] Level 5:colcon.colcon_core.verb:set package 'rov_path_follower' build argument 'cmake_args' from command line to 'None'
[0.547s] Level 5:colcon.colcon_core.verb:set package 'rov_path_follower' build argument 'cmake_target' from command line to 'None'
[0.547s] Level 5:colcon.colcon_core.verb:set package 'rov_path_follower' build argument 'cmake_target_skip_unavailable' from command line to 'False'
[0.547s] Level 5:colcon.colcon_core.verb:set package 'rov_path_follower' build argument 'cmake_clean_cache' from command line to 'False'
[0.547s] Level 5:colcon.colcon_core.verb:set package 'rov_path_follower' build argument 'cmake_clean_first' from command line to 'False'
[0.548s] Level 5:colcon.colcon_core.verb:set package 'rov_path_follower' build argument 'cmake_force_configure' from command line to 'False'
[0.548s] Level 5:colcon.colcon_core.verb:set package 'rov_path_follower' build argument 'ament_cmake_args' from command line to 'None'
[0.548s] Level 5:colcon.colcon_core.verb:set package 'rov_path_follower' build argument 'catkin_cmake_args' from command line to 'None'
[0.548s] Level 5:colcon.colcon_core.verb:set package 'rov_path_follower' build argument 'catkin_skip_building_tests' from command line to 'False'
[0.548s] DEBUG:colcon.colcon_core.verb:Building package 'rov_path_follower' with the following arguments: {'ament_cmake_args': None, 'build_base': '/home/eia/rbi_2025/rov/rov_ws/build/rov_path_follower', 'catkin_cmake_args': None, 'catkin_skip_building_tests': False, 'cmake_args': None, 'cmake_clean_cache': False, 'cmake_clean_first': False, 'cmake_force_configure': False, 'cmake_target': None, 'cmake_target_skip_unavailable': False, 'install_base': '/home/eia/rbi_2025/rov/rov_ws/install/rov_path_follower', 'merge_install': False, 'path': '/home/eia/rbi_2025/rov/rov_ws/src/rov_path_follower', 'symlink_install': True, 'test_result_base': None}
[0.548s] Level 5:colcon.colcon_core.verb:set package 'rov_path_generator' build argument 'cmake_args' from command line to 'None'
[0.548s] Level 5:colcon.colcon_core.verb:set package 'rov_path_generator' build argument 'cmake_target' from command line to 'None'
[0.548s] Level 5:colcon.colcon_core.verb:set package 'rov_path_generator' build argument 'cmake_target_skip_unavailable' from command line to 'False'
[0.548s] Level 5:colcon.colcon_core.verb:set package 'rov_path_generator' build argument 'cmake_clean_cache' from command line to 'False'
[0.548s] Level 5:colcon.colcon_core.verb:set package 'rov_path_generator' build argument 'cmake_clean_first' from command line to 'False'
[0.548s] Level 5:colcon.colcon_core.verb:set package 'rov_path_generator' build argument 'cmake_force_configure' from command line to 'False'
[0.548s] Level 5:colcon.colcon_core.verb:set package 'rov_path_generator' build argument 'ament_cmake_args' from command line to 'None'
[0.548s] Level 5:colcon.colcon_core.verb:set package 'rov_path_generator' build argument 'catkin_cmake_args' from command line to 'None'
[0.548s] Level 5:colcon.colcon_core.verb:set package 'rov_path_generator' build argument 'catkin_skip_building_tests' from command line to 'False'
[0.548s] DEBUG:colcon.colcon_core.verb:Building package 'rov_path_generator' with the following arguments: {'ament_cmake_args': None, 'build_base': '/home/eia/rbi_2025/rov/rov_ws/build/rov_path_generator', 'catkin_cmake_args': None, 'catkin_skip_building_tests': False, 'cmake_args': None, 'cmake_clean_cache': False, 'cmake_clean_first': False, 'cmake_force_configure': False, 'cmake_target': None, 'cmake_target_skip_unavailable': False, 'install_base': '/home/eia/rbi_2025/rov/rov_ws/install/rov_path_generator', 'merge_install': False, 'path': '/home/eia/rbi_2025/rov/rov_ws/src/rov_path_generator', 'symlink_install': True, 'test_result_base': None}
[0.549s] Level 5:colcon.colcon_core.verb:set package 'rov_position_controller' build argument 'cmake_args' from command line to 'None'
[0.549s] Level 5:colcon.colcon_core.verb:set package 'rov_position_controller' build argument 'cmake_target' from command line to 'None'
[0.549s] Level 5:colcon.colcon_core.verb:set package 'rov_position_controller' build argument 'cmake_target_skip_unavailable' from command line to 'False'
[0.549s] Level 5:colcon.colcon_core.verb:set package 'rov_position_controller' build argument 'cmake_clean_cache' from command line to 'False'
[0.549s] Level 5:colcon.colcon_core.verb:set package 'rov_position_controller' build argument 'cmake_clean_first' from command line to 'False'
[0.549s] Level 5:colcon.colcon_core.verb:set package 'rov_position_controller' build argument 'cmake_force_configure' from command line to 'False'
[0.549s] Level 5:colcon.colcon_core.verb:set package 'rov_position_controller' build argument 'ament_cmake_args' from command line to 'None'
[0.549s] Level 5:colcon.colcon_core.verb:set package 'rov_position_controller' build argument 'catkin_cmake_args' from command line to 'None'
[0.549s] Level 5:colcon.colcon_core.verb:set package 'rov_position_controller' build argument 'catkin_skip_building_tests' from command line to 'False'
[0.549s] DEBUG:colcon.colcon_core.verb:Building package 'rov_position_controller' with the following arguments: {'ament_cmake_args': None, 'build_base': '/home/eia/rbi_2025/rov/rov_ws/build/rov_position_controller', 'catkin_cmake_args': None, 'catkin_skip_building_tests': False, 'cmake_args': None, 'cmake_clean_cache': False, 'cmake_clean_first': False, 'cmake_force_configure': False, 'cmake_target': None, 'cmake_target_skip_unavailable': False, 'install_base': '/home/eia/rbi_2025/rov/rov_ws/install/rov_position_controller', 'merge_install': False, 'path': '/home/eia/rbi_2025/rov/rov_ws/src/rov_position_controller', 'symlink_install': True, 'test_result_base': None}
[0.549s] Level 5:colcon.colcon_core.verb:set package 'rov_real_bringup' build argument 'cmake_args' from command line to 'None'
[0.549s] Level 5:colcon.colcon_core.verb:set package 'rov_real_bringup' build argument 'cmake_target' from command line to 'None'
[0.549s] Level 5:colcon.colcon_core.verb:set package 'rov_real_bringup' build argument 'cmake_target_skip_unavailable' from command line to 'False'
[0.549s] Level 5:colcon.colcon_core.verb:set package 'rov_real_bringup' build argument 'cmake_clean_cache' from command line to 'False'
[0.549s] Level 5:colcon.colcon_core.verb:set package 'rov_real_bringup' build argument 'cmake_clean_first' from command line to 'False'
[0.550s] Level 5:colcon.colcon_core.verb:set package 'rov_real_bringup' build argument 'cmake_force_configure' from command line to 'False'
[0.550s] Level 5:colcon.colcon_core.verb:set package 'rov_real_bringup' build argument 'ament_cmake_args' from command line to 'None'
[0.550s] Level 5:colcon.colcon_core.verb:set package 'rov_real_bringup' build argument 'catkin_cmake_args' from command line to 'None'
[0.550s] Level 5:colcon.colcon_core.verb:set package 'rov_real_bringup' build argument 'catkin_skip_building_tests' from command line to 'False'
[0.550s] DEBUG:colcon.colcon_core.verb:Building package 'rov_real_bringup' with the following arguments: {'ament_cmake_args': None, 'build_base': '/home/eia/rbi_2025/rov/rov_ws/build/rov_real_bringup', 'catkin_cmake_args': None, 'catkin_skip_building_tests': False, 'cmake_args': None, 'cmake_clean_cache': False, 'cmake_clean_first': False, 'cmake_force_configure': False, 'cmake_target': None, 'cmake_target_skip_unavailable': False, 'install_base': '/home/eia/rbi_2025/rov/rov_ws/install/rov_real_bringup', 'merge_install': False, 'path': '/home/eia/rbi_2025/rov/rov_ws/src/rov_real_bringup', 'symlink_install': True, 'test_result_base': None}
[0.550s] Level 5:colcon.colcon_core.verb:set package 'rov_real_description' build argument 'cmake_args' from command line to 'None'
[0.550s] Level 5:colcon.colcon_core.verb:set package 'rov_real_description' build argument 'cmake_target' from command line to 'None'
[0.550s] Level 5:colcon.colcon_core.verb:set package 'rov_real_description' build argument 'cmake_target_skip_unavailable' from command line to 'False'
[0.550s] Level 5:colcon.colcon_core.verb:set package 'rov_real_description' build argument 'cmake_clean_cache' from command line to 'False'
[0.550s] Level 5:colcon.colcon_core.verb:set package 'rov_real_description' build argument 'cmake_clean_first' from command line to 'False'
[0.550s] Level 5:colcon.colcon_core.verb:set package 'rov_real_description' build argument 'cmake_force_configure' from command line to 'False'
[0.550s] Level 5:colcon.colcon_core.verb:set package 'rov_real_description' build argument 'ament_cmake_args' from command line to 'None'
[0.550s] Level 5:colcon.colcon_core.verb:set package 'rov_real_description' build argument 'catkin_cmake_args' from command line to 'None'
[0.550s] Level 5:colcon.colcon_core.verb:set package 'rov_real_description' build argument 'catkin_skip_building_tests' from command line to 'False'
[0.550s] DEBUG:colcon.colcon_core.verb:Building package 'rov_real_description' with the following arguments: {'ament_cmake_args': None, 'build_base': '/home/eia/rbi_2025/rov/rov_ws/build/rov_real_description', 'catkin_cmake_args': None, 'catkin_skip_building_tests': False, 'cmake_args': None, 'cmake_clean_cache': False, 'cmake_clean_first': False, 'cmake_force_configure': False, 'cmake_target': None, 'cmake_target_skip_unavailable': False, 'install_base': '/home/eia/rbi_2025/rov/rov_ws/install/rov_real_description', 'merge_install': False, 'path': '/home/eia/rbi_2025/rov/rov_ws/src/rov_real_description', 'symlink_install': True, 'test_result_base': None}
[0.551s] INFO:colcon.colcon_core.executor:Executing jobs using 'parallel' executor
[0.552s] DEBUG:colcon.colcon_parallel_executor.executor.parallel:run_until_complete
[0.552s] INFO:colcon.colcon_ros.task.ament_python.build:Building ROS package in '/home/eia/rbi_2025/rov/rov_ws/src/direct_control' with build type 'ament_python'
[0.553s] Level 1:colcon.colcon_core.shell:create_environment_hook('direct_control', 'ament_prefix_path')
[0.555s] INFO:colcon.colcon_core.plugin_system:Skipping extension 'colcon_core.shell.bat': Not used on non-Windows systems
[0.555s] INFO:colcon.colcon_core.shell:Creating environment hook '/home/eia/rbi_2025/rov/rov_ws/install/direct_control/share/direct_control/hook/ament_prefix_path.ps1'
[0.556s] INFO:colcon.colcon_core.shell:Creating environment descriptor '/home/eia/rbi_2025/rov/rov_ws/install/direct_control/share/direct_control/hook/ament_prefix_path.dsv'
[0.556s] INFO:colcon.colcon_core.shell:Creating environment hook '/home/eia/rbi_2025/rov/rov_ws/install/direct_control/share/direct_control/hook/ament_prefix_path.sh'
[0.557s] INFO:colcon.colcon_core.shell:Skip shell extension 'powershell' for command environment: Not usable outside of PowerShell
[0.557s] DEBUG:colcon.colcon_core.shell:Skip shell extension 'dsv' for command environment
[0.561s] INFO:colcon.colcon_ros.task.ament_python.build:Building ROS package in '/home/eia/rbi_2025/rov/rov_ws/src/rov_attitude_controller' with build type 'ament_python'
[0.561s] Level 1:colcon.colcon_core.shell:create_environment_hook('rov_attitude_controller', 'ament_prefix_path')
[0.562s] INFO:colcon.colcon_core.shell:Creating environment hook '/home/eia/rbi_2025/rov/rov_ws/install/rov_attitude_controller/share/rov_attitude_controller/hook/ament_prefix_path.ps1'
[0.562s] INFO:colcon.colcon_core.shell:Creating environment descriptor '/home/eia/rbi_2025/rov/rov_ws/install/rov_attitude_controller/share/rov_attitude_controller/hook/ament_prefix_path.dsv'
[0.563s] INFO:colcon.colcon_core.shell:Creating environment hook '/home/eia/rbi_2025/rov/rov_ws/install/rov_attitude_controller/share/rov_attitude_controller/hook/ament_prefix_path.sh'
[0.563s] INFO:colcon.colcon_core.shell:Skip shell extension 'powershell' for command environment: Not usable outside of PowerShell
[0.563s] DEBUG:colcon.colcon_core.shell:Skip shell extension 'dsv' for command environment
[0.567s] INFO:colcon.colcon_ros.task.ament_cmake.build:Building ROS package in '/home/eia/rbi_2025/rov/rov_ws/src/rov_controllers' with build type 'ament_cmake'
[0.568s] INFO:colcon.colcon_cmake.task.cmake.build:Building CMake package in '/home/eia/rbi_2025/rov/rov_ws/src/rov_controllers'
[0.568s] INFO:colcon.colcon_core.shell:Skip shell extension 'powershell' for command environment: Not usable outside of PowerShell
[0.568s] DEBUG:colcon.colcon_core.shell:Skip shell extension 'dsv' for command environment
[0.572s] INFO:colcon.colcon_ros.task.ament_cmake.build:Building ROS package in '/home/eia/rbi_2025/rov/rov_ws/src/rov_hardware_interface' with build type 'ament_cmake'
[0.572s] INFO:colcon.colcon_cmake.task.cmake.build:Building CMake package in '/home/eia/rbi_2025/rov/rov_ws/src/rov_hardware_interface'
[0.572s] INFO:colcon.colcon_core.shell:Skip shell extension 'powershell' for command environment: Not usable outside of PowerShell
[0.573s] DEBUG:colcon.colcon_core.shell:Skip shell extension 'dsv' for command environment
[0.577s] INFO:colcon.colcon_ros.task.ament_cmake.build:Building ROS package in '/home/eia/rbi_2025/rov/rov_ws/src/rov_mujoco_bringup' with build type 'ament_cmake'
[0.577s] INFO:colcon.colcon_cmake.task.cmake.build:Building CMake package in '/home/eia/rbi_2025/rov/rov_ws/src/rov_mujoco_bringup'
[0.577s] INFO:colcon.colcon_core.shell:Skip shell extension 'powershell' for command environment: Not usable outside of PowerShell
[0.577s] DEBUG:colcon.colcon_core.shell:Skip shell extension 'dsv' for command environment
[0.581s] INFO:colcon.colcon_ros.task.ament_cmake.build:Building ROS package in '/home/eia/rbi_2025/rov/rov_ws/src/rov_mujoco_description' with build type 'ament_cmake'
[0.581s] INFO:colcon.colcon_cmake.task.cmake.build:Building CMake package in '/home/eia/rbi_2025/rov/rov_ws/src/rov_mujoco_description'
[0.581s] INFO:colcon.colcon_core.shell:Skip shell extension 'powershell' for command environment: Not usable outside of PowerShell
[0.582s] DEBUG:colcon.colcon_core.shell:Skip shell extension 'dsv' for command environment
[0.586s] INFO:colcon.colcon_ros.task.ament_cmake.build:Building ROS package in '/home/eia/rbi_2025/rov/rov_ws/src/rov_mujoco_sim' with build type 'ament_cmake'
[0.586s] INFO:colcon.colcon_cmake.task.cmake.build:Building CMake package in '/home/eia/rbi_2025/rov/rov_ws/src/rov_mujoco_sim'
[0.587s] INFO:colcon.colcon_core.shell:Skip shell extension 'powershell' for command environment: Not usable outside of PowerShell
[0.587s] DEBUG:colcon.colcon_core.shell:Skip shell extension 'dsv' for command environment
[0.591s] INFO:colcon.colcon_ros.task.ament_python.build:Building ROS package in '/home/eia/rbi_2025/rov/rov_ws/src/rov_path_follower' with build type 'ament_python'
[0.592s] Level 1:colcon.colcon_core.shell:create_environment_hook('rov_path_follower', 'ament_prefix_path')
[0.592s] INFO:colcon.colcon_core.shell:Creating environment hook '/home/eia/rbi_2025/rov/rov_ws/install/rov_path_follower/share/rov_path_follower/hook/ament_prefix_path.ps1'
[0.593s] INFO:colcon.colcon_core.shell:Creating environment descriptor '/home/eia/rbi_2025/rov/rov_ws/install/rov_path_follower/share/rov_path_follower/hook/ament_prefix_path.dsv'
[0.593s] INFO:colcon.colcon_core.shell:Creating environment hook '/home/eia/rbi_2025/rov/rov_ws/install/rov_path_follower/share/rov_path_follower/hook/ament_prefix_path.sh'
[0.593s] INFO:colcon.colcon_core.shell:Skip shell extension 'powershell' for command environment: Not usable outside of PowerShell
[0.594s] DEBUG:colcon.colcon_core.shell:Skip shell extension 'dsv' for command environment
[0.597s] INFO:colcon.colcon_ros.task.ament_python.build:Building ROS package in '/home/eia/rbi_2025/rov/rov_ws/src/rov_path_generator' with build type 'ament_python'
[0.597s] Level 1:colcon.colcon_core.shell:create_environment_hook('rov_path_generator', 'ament_prefix_path')
[0.598s] INFO:colcon.colcon_core.shell:Creating environment hook '/home/eia/rbi_2025/rov/rov_ws/install/rov_path_generator/share/rov_path_generator/hook/ament_prefix_path.ps1'
[0.598s] INFO:colcon.colcon_core.shell:Creating environment descriptor '/home/eia/rbi_2025/rov/rov_ws/install/rov_path_generator/share/rov_path_generator/hook/ament_prefix_path.dsv'
[0.599s] INFO:colcon.colcon_core.shell:Creating environment hook '/home/eia/rbi_2025/rov/rov_ws/install/rov_path_generator/share/rov_path_generator/hook/ament_prefix_path.sh'
[0.599s] INFO:colcon.colcon_core.shell:Skip shell extension 'powershell' for command environment: Not usable outside of PowerShell
[0.599s] DEBUG:colcon.colcon_core.shell:Skip shell extension 'dsv' for command environment
[0.603s] INFO:colcon.colcon_ros.task.ament_python.build:Building ROS package in '/home/eia/rbi_2025/rov/rov_ws/src/rov_position_controller' with build type 'ament_python'
[0.603s] Level 1:colcon.colcon_core.shell:create_environment_hook('rov_position_controller', 'ament_prefix_path')
[0.604s] INFO:colcon.colcon_core.shell:Creating environment hook '/home/eia/rbi_2025/rov/rov_ws/install/rov_position_controller/share/rov_position_controller/hook/ament_prefix_path.ps1'
[0.604s] INFO:colcon.colcon_core.shell:Creating environment descriptor '/home/eia/rbi_2025/rov/rov_ws/install/rov_position_controller/share/rov_position_controller/hook/ament_prefix_path.dsv'
[0.605s] INFO:colcon.colcon_core.shell:Creating environment hook '/home/eia/rbi_2025/rov/rov_ws/install/rov_position_controller/share/rov_position_controller/hook/ament_prefix_path.sh'
[0.606s] INFO:colcon.colcon_core.shell:Skip shell extension 'powershell' for command environment: Not usable outside of PowerShell
[0.606s] DEBUG:colcon.colcon_core.shell:Skip shell extension 'dsv' for command environment
[0.609s] INFO:colcon.colcon_ros.task.ament_cmake.build:Building ROS package in '/home/eia/rbi_2025/rov/rov_ws/src/rov_real_bringup' with build type 'ament_cmake'
[0.609s] INFO:colcon.colcon_cmake.task.cmake.build:Building CMake package in '/home/eia/rbi_2025/rov/rov_ws/src/rov_real_bringup'
[0.610s] INFO:colcon.colcon_core.shell:Skip shell extension 'powershell' for command environment: Not usable outside of PowerShell
[0.610s] DEBUG:colcon.colcon_core.shell:Skip shell extension 'dsv' for command environment
[0.615s] INFO:colcon.colcon_ros.task.ament_cmake.build:Building ROS package in '/home/eia/rbi_2025/rov/rov_ws/src/rov_real_description' with build type 'ament_cmake'
[0.615s] INFO:colcon.colcon_cmake.task.cmake.build:Building CMake package in '/home/eia/rbi_2025/rov/rov_ws/src/rov_real_description'
[0.615s] INFO:colcon.colcon_core.shell:Skip shell extension 'powershell' for command environment: Not usable outside of PowerShell
[0.615s] DEBUG:colcon.colcon_core.shell:Skip shell extension 'dsv' for command environment
[1.074s] INFO:colcon.colcon_core.task.python.build:Building Python package in '/home/eia/rbi_2025/rov/rov_ws/src/direct_control'
[1.074s] INFO:colcon.colcon_core.shell:Skip shell extension 'powershell' for command environment: Not usable outside of PowerShell
[1.075s] DEBUG:colcon.colcon_core.shell:Skip shell extension 'dsv' for command environment
[1.526s] INFO:colcon.colcon_core.task.python.build:Building Python package in '/home/eia/rbi_2025/rov/rov_ws/src/rov_attitude_controller'
[1.527s] INFO:colcon.colcon_core.shell:Skip shell extension 'powershell' for command environment: Not usable outside of PowerShell
[1.527s] DEBUG:colcon.colcon_core.shell:Skip shell extension 'dsv' for command environment
[1.535s] DEBUG:colcon.colcon_core.event_handler.log_command:Invoking command in '/home/eia/rbi_2025/rov/rov_ws/build/rov_controllers': CMAKE_PREFIX_PATH=${CMAKE_PREFIX_PATH}:/home/eia/repo/rbi_2025_2/rov/rov_ws/install/rov_position_controller:/home/eia/repo/rbi_2025_2/rov/rov_ws/install/rov_path_generator:/home/eia/repo/rbi_2025_2/rov/rov_ws/install/rov_path_follower:/home/eia/repo/rbi_2025_2/rov/rov_ws/install/rov_attitude_controller:/home/eia/repo/rbi_2025_2/rov/rov_ws/install/direct_control:/opt/ros/humble /usr/bin/cmake --build /home/eia/rbi_2025/rov/rov_ws/build/rov_controllers -- -j12 -l12
[1.538s] DEBUG:colcon.colcon_core.event_handler.log_command:Invoking command in '/home/eia/rbi_2025/rov/rov_ws/build/rov_hardware_interface': CMAKE_PREFIX_PATH=${CMAKE_PREFIX_PATH}:/home/eia/repo/rbi_2025_2/rov/rov_ws/install/rov_position_controller:/home/eia/repo/rbi_2025_2/rov/rov_ws/install/rov_path_generator:/home/eia/repo/rbi_2025_2/rov/rov_ws/install/rov_path_follower:/home/eia/repo/rbi_2025_2/rov/rov_ws/install/rov_attitude_controller:/home/eia/repo/rbi_2025_2/rov/rov_ws/install/direct_control:/opt/ros/humble /usr/bin/cmake --build /home/eia/rbi_2025/rov/rov_ws/build/rov_hardware_interface -- -j12 -l12
[1.542s] DEBUG:colcon.colcon_core.event_handler.log_command:Invoking command in '/home/eia/rbi_2025/rov/rov_ws/build/rov_mujoco_bringup': CMAKE_PREFIX_PATH=${CMAKE_PREFIX_PATH}:/home/eia/repo/rbi_2025_2/rov/rov_ws/install/rov_position_controller:/home/eia/repo/rbi_2025_2/rov/rov_ws/install/rov_path_generator:/home/eia/repo/rbi_2025_2/rov/rov_ws/install/rov_path_follower:/home/eia/repo/rbi_2025_2/rov/rov_ws/install/rov_attitude_controller:/home/eia/repo/rbi_2025_2/rov/rov_ws/install/direct_control:/opt/ros/humble /usr/bin/cmake --build /home/eia/rbi_2025/rov/rov_ws/build/rov_mujoco_bringup -- -j12 -l12
[1.545s] DEBUG:colcon.colcon_core.event_handler.log_command:Invoking command in '/home/eia/rbi_2025/rov/rov_ws/build/rov_mujoco_description': CMAKE_PREFIX_PATH=${CMAKE_PREFIX_PATH}:/home/eia/repo/rbi_2025_2/rov/rov_ws/install/rov_position_controller:/home/eia/repo/rbi_2025_2/rov/rov_ws/install/rov_path_generator:/home/eia/repo/rbi_2025_2/rov/rov_ws/install/rov_path_follower:/home/eia/repo/rbi_2025_2/rov/rov_ws/install/rov_attitude_controller:/home/eia/repo/rbi_2025_2/rov/rov_ws/install/direct_control:/opt/ros/humble /usr/bin/cmake --build /home/eia/rbi_2025/rov/rov_ws/build/rov_mujoco_description -- -j12 -l12
[1.550s] DEBUG:colcon.colcon_core.event_handler.log_command:Invoking command in '/home/eia/rbi_2025/rov/rov_ws/build/rov_mujoco_sim': CMAKE_PREFIX_PATH=${CMAKE_PREFIX_PATH}:/home/eia/repo/rbi_2025_2/rov/rov_ws/install/rov_position_controller:/home/eia/repo/rbi_2025_2/rov/rov_ws/install/rov_path_generator:/home/eia/repo/rbi_2025_2/rov/rov_ws/install/rov_path_follower:/home/eia/repo/rbi_2025_2/rov/rov_ws/install/rov_attitude_controller:/home/eia/repo/rbi_2025_2/rov/rov_ws/install/direct_control:/opt/ros/humble /usr/bin/cmake --build /home/eia/rbi_2025/rov/rov_ws/build/rov_mujoco_sim -- -j12 -l12
[2.115s] INFO:colcon.colcon_core.task.python.build:Building Python package in '/home/eia/rbi_2025/rov/rov_ws/src/rov_path_follower'
[2.116s] INFO:colcon.colcon_core.shell:Skip shell extension 'powershell' for command environment: Not usable outside of PowerShell
[2.116s] DEBUG:colcon.colcon_core.shell:Skip shell extension 'dsv' for command environment
[2.610s] INFO:colcon.colcon_core.task.python.build:Building Python package in '/home/eia/rbi_2025/rov/rov_ws/src/rov_path_generator'
[2.610s] INFO:colcon.colcon_core.shell:Skip shell extension 'powershell' for command environment: Not usable outside of PowerShell
[2.610s] DEBUG:colcon.colcon_core.shell:Skip shell extension 'dsv' for command environment
[3.117s] INFO:colcon.colcon_core.task.python.build:Building Python package in '/home/eia/rbi_2025/rov/rov_ws/src/rov_position_controller'
[3.118s] INFO:colcon.colcon_core.shell:Skip shell extension 'powershell' for command environment: Not usable outside of PowerShell
[3.118s] DEBUG:colcon.colcon_core.shell:Skip shell extension 'dsv' for command environment
[3.130s] DEBUG:colcon.colcon_core.event_handler.log_command:Invoking command in '/home/eia/rbi_2025/rov/rov_ws/build/rov_real_bringup': CMAKE_PREFIX_PATH=${CMAKE_PREFIX_PATH}:/home/eia/repo/rbi_2025_2/rov/rov_ws/install/rov_position_controller:/home/eia/repo/rbi_2025_2/rov/rov_ws/install/rov_path_generator:/home/eia/repo/rbi_2025_2/rov/rov_ws/install/rov_path_follower:/home/eia/repo/rbi_2025_2/rov/rov_ws/install/rov_attitude_controller:/home/eia/repo/rbi_2025_2/rov/rov_ws/install/direct_control:/opt/ros/humble /usr/bin/cmake --build /home/eia/rbi_2025/rov/rov_ws/build/rov_real_bringup -- -j12 -l12
[3.136s] DEBUG:colcon.colcon_core.event_handler.log_command:Invoking command in '/home/eia/rbi_2025/rov/rov_ws/build/rov_real_description': CMAKE_PREFIX_PATH=${CMAKE_PREFIX_PATH}:/home/eia/repo/rbi_2025_2/rov/rov_ws/install/rov_position_controller:/home/eia/repo/rbi_2025_2/rov/rov_ws/install/rov_path_generator:/home/eia/repo/rbi_2025_2/rov/rov_ws/install/rov_path_follower:/home/eia/repo/rbi_2025_2/rov/rov_ws/install/rov_attitude_controller:/home/eia/repo/rbi_2025_2/rov/rov_ws/install/direct_control:/opt/ros/humble /usr/bin/cmake --build /home/eia/rbi_2025/rov/rov_ws/build/rov_real_description -- -j12 -l12
[3.143s] DEBUG:colcon.colcon_core.event_handler.log_command:Invoked command in '/home/eia/rbi_2025/rov/rov_ws/build/rov_mujoco_bringup' returned '0': CMAKE_PREFIX_PATH=${CMAKE_PREFIX_PATH}:/home/eia/repo/rbi_2025_2/rov/rov_ws/install/rov_position_controller:/home/eia/repo/rbi_2025_2/rov/rov_ws/install/rov_path_generator:/home/eia/repo/rbi_2025_2/rov/rov_ws/install/rov_path_follower:/home/eia/repo/rbi_2025_2/rov/rov_ws/install/rov_attitude_controller:/home/eia/repo/rbi_2025_2/rov/rov_ws/install/direct_control:/opt/ros/humble /usr/bin/cmake --build /home/eia/rbi_2025/rov/rov_ws/build/rov_mujoco_bringup -- -j12 -l12
[3.153s] DEBUG:colcon.colcon_core.event_handler.log_command:Invoking command in '/home/eia/rbi_2025/rov/rov_ws/build/rov_mujoco_bringup': CMAKE_PREFIX_PATH=${CMAKE_PREFIX_PATH}:/home/eia/repo/rbi_2025_2/rov/rov_ws/install/rov_position_controller:/home/eia/repo/rbi_2025_2/rov/rov_ws/install/rov_path_generator:/home/eia/repo/rbi_2025_2/rov/rov_ws/install/rov_path_follower:/home/eia/repo/rbi_2025_2/rov/rov_ws/install/rov_attitude_controller:/home/eia/repo/rbi_2025_2/rov/rov_ws/install/direct_control:/opt/ros/humble /usr/bin/cmake --install /home/eia/rbi_2025/rov/rov_ws/build/rov_mujoco_bringup
[3.154s] DEBUG:colcon.colcon_core.event_handler.log_command:Invoked command in '/home/eia/rbi_2025/rov/rov_ws/build/rov_mujoco_description' returned '0': CMAKE_PREFIX_PATH=${CMAKE_PREFIX_PATH}:/home/eia/repo/rbi_2025_2/rov/rov_ws/install/rov_position_controller:/home/eia/repo/rbi_2025_2/rov/rov_ws/install/rov_path_generator:/home/eia/repo/rbi_2025_2/rov/rov_ws/install/rov_path_follower:/home/eia/repo/rbi_2025_2/rov/rov_ws/install/rov_attitude_controller:/home/eia/repo/rbi_2025_2/rov/rov_ws/install/direct_control:/opt/ros/humble /usr/bin/cmake --build /home/eia/rbi_2025/rov/rov_ws/build/rov_mujoco_description -- -j12 -l12
[3.157s] DEBUG:colcon.colcon_core.event_handler.log_command:Invoking command in '/home/eia/rbi_2025/rov/rov_ws/build/rov_mujoco_description': CMAKE_PREFIX_PATH=${CMAKE_PREFIX_PATH}:/home/eia/repo/rbi_2025_2/rov/rov_ws/install/rov_position_controller:/home/eia/repo/rbi_2025_2/rov/rov_ws/install/rov_path_generator:/home/eia/repo/rbi_2025_2/rov/rov_ws/install/rov_path_follower:/home/eia/repo/rbi_2025_2/rov/rov_ws/install/rov_attitude_controller:/home/eia/repo/rbi_2025_2/rov/rov_ws/install/direct_control:/opt/ros/humble /usr/bin/cmake --install /home/eia/rbi_2025/rov/rov_ws/build/rov_mujoco_description
[3.158s] DEBUG:colcon.colcon_core.event_handler.log_command:Invoked command in '/home/eia/rbi_2025/rov/rov_ws/build/rov_hardware_interface' returned '0': CMAKE_PREFIX_PATH=${CMAKE_PREFIX_PATH}:/home/eia/repo/rbi_2025_2/rov/rov_ws/install/rov_position_controller:/home/eia/repo/rbi_2025_2/rov/rov_ws/install/rov_path_generator:/home/eia/repo/rbi_2025_2/rov/rov_ws/install/rov_path_follower:/home/eia/repo/rbi_2025_2/rov/rov_ws/install/rov_attitude_controller:/home/eia/repo/rbi_2025_2/rov/rov_ws/install/direct_control:/opt/ros/humble /usr/bin/cmake --build /home/eia/rbi_2025/rov/rov_ws/build/rov_hardware_interface -- -j12 -l12
[3.161s] DEBUG:colcon.colcon_core.event_handler.log_command:Invoking command in '/home/eia/rbi_2025/rov/rov_ws/build/rov_hardware_interface': CMAKE_PREFIX_PATH=${CMAKE_PREFIX_PATH}:/home/eia/repo/rbi_2025_2/rov/rov_ws/install/rov_position_controller:/home/eia/repo/rbi_2025_2/rov/rov_ws/install/rov_path_generator:/home/eia/repo/rbi_2025_2/rov/rov_ws/install/rov_path_follower:/home/eia/repo/rbi_2025_2/rov/rov_ws/install/rov_attitude_controller:/home/eia/repo/rbi_2025_2/rov/rov_ws/install/direct_control:/opt/ros/humble /usr/bin/cmake --install /home/eia/rbi_2025/rov/rov_ws/build/rov_hardware_interface
[3.162s] DEBUG:colcon.colcon_core.event_handler.log_command:Invoked command in '/home/eia/rbi_2025/rov/rov_ws/build/rov_mujoco_sim' returned '0': CMAKE_PREFIX_PATH=${CMAKE_PREFIX_PATH}:/home/eia/repo/rbi_2025_2/rov/rov_ws/install/rov_position_controller:/home/eia/repo/rbi_2025_2/rov/rov_ws/install/rov_path_generator:/home/eia/repo/rbi_2025_2/rov/rov_ws/install/rov_path_follower:/home/eia/repo/rbi_2025_2/rov/rov_ws/install/rov_attitude_controller:/home/eia/repo/rbi_2025_2/rov/rov_ws/install/direct_control:/opt/ros/humble /usr/bin/cmake --build /home/eia/rbi_2025/rov/rov_ws/build/rov_mujoco_sim -- -j12 -l12
[3.166s] DEBUG:colcon.colcon_core.event_handler.log_command:Invoking command in '/home/eia/rbi_2025/rov/rov_ws/build/rov_mujoco_sim': CMAKE_PREFIX_PATH=${CMAKE_PREFIX_PATH}:/home/eia/repo/rbi_2025_2/rov/rov_ws/install/rov_position_controller:/home/eia/repo/rbi_2025_2/rov/rov_ws/install/rov_path_generator:/home/eia/repo/rbi_2025_2/rov/rov_ws/install/rov_path_follower:/home/eia/repo/rbi_2025_2/rov/rov_ws/install/rov_attitude_controller:/home/eia/repo/rbi_2025_2/rov/rov_ws/install/direct_control:/opt/ros/humble /usr/bin/cmake --install /home/eia/rbi_2025/rov/rov_ws/build/rov_mujoco_sim
[3.211s] Level 1:colcon.colcon_core.environment:create_environment_scripts_only(rov_mujoco_bringup)
[3.213s] DEBUG:colcon.colcon_core.event_handler.log_command:Invoked command in '/home/eia/rbi_2025/rov/rov_ws/build/rov_mujoco_bringup' returned '0': CMAKE_PREFIX_PATH=${CMAKE_PREFIX_PATH}:/home/eia/repo/rbi_2025_2/rov/rov_ws/install/rov_position_controller:/home/eia/repo/rbi_2025_2/rov/rov_ws/install/rov_path_generator:/home/eia/repo/rbi_2025_2/rov/rov_ws/install/rov_path_follower:/home/eia/repo/rbi_2025_2/rov/rov_ws/install/rov_attitude_controller:/home/eia/repo/rbi_2025_2/rov/rov_ws/install/direct_control:/opt/ros/humble /usr/bin/cmake --install /home/eia/rbi_2025/rov/rov_ws/build/rov_mujoco_bringup
[3.217s] Level 1:colcon.colcon_core.environment:checking '/home/eia/rbi_2025/rov/rov_ws/install/rov_mujoco_bringup' for CMake module files
[3.218s] Level 1:colcon.colcon_core.environment:checking '/home/eia/rbi_2025/rov/rov_ws/install/rov_mujoco_bringup' for CMake config files
[3.219s] Level 1:colcon.colcon_core.shell:create_environment_hook('rov_mujoco_bringup', 'cmake_prefix_path')
[3.219s] INFO:colcon.colcon_core.shell:Creating environment hook '/home/eia/rbi_2025/rov/rov_ws/install/rov_mujoco_bringup/share/rov_mujoco_bringup/hook/cmake_prefix_path.ps1'
[3.220s] INFO:colcon.colcon_core.shell:Creating environment descriptor '/home/eia/rbi_2025/rov/rov_ws/install/rov_mujoco_bringup/share/rov_mujoco_bringup/hook/cmake_prefix_path.dsv'
[3.221s] INFO:colcon.colcon_core.shell:Creating environment hook '/home/eia/rbi_2025/rov/rov_ws/install/rov_mujoco_bringup/share/rov_mujoco_bringup/hook/cmake_prefix_path.sh'
[3.222s] Level 1:colcon.colcon_core.environment:checking '/home/eia/rbi_2025/rov/rov_ws/install/rov_mujoco_bringup/bin'
[3.222s] Level 1:colcon.colcon_core.environment:checking '/home/eia/rbi_2025/rov/rov_ws/install/rov_mujoco_bringup/lib/pkgconfig/rov_mujoco_bringup.pc'
[3.223s] Level 1:colcon.colcon_core.environment:checking '/home/eia/rbi_2025/rov/rov_ws/install/rov_mujoco_bringup/lib/python3.10/site-packages'
[3.223s] Level 1:colcon.colcon_core.environment:checking '/home/eia/rbi_2025/rov/rov_ws/install/rov_mujoco_bringup/bin'
[3.224s] INFO:colcon.colcon_core.shell:Creating package script '/home/eia/rbi_2025/rov/rov_ws/install/rov_mujoco_bringup/share/rov_mujoco_bringup/package.ps1'
[3.225s] INFO:colcon.colcon_core.shell:Creating package descriptor '/home/eia/rbi_2025/rov/rov_ws/install/rov_mujoco_bringup/share/rov_mujoco_bringup/package.dsv'
[3.226s] INFO:colcon.colcon_core.shell:Creating package script '/home/eia/rbi_2025/rov/rov_ws/install/rov_mujoco_bringup/share/rov_mujoco_bringup/package.sh'
[3.228s] INFO:colcon.colcon_core.shell:Creating package script '/home/eia/rbi_2025/rov/rov_ws/install/rov_mujoco_bringup/share/rov_mujoco_bringup/package.bash'
[3.229s] INFO:colcon.colcon_core.shell:Creating package script '/home/eia/rbi_2025/rov/rov_ws/install/rov_mujoco_bringup/share/rov_mujoco_bringup/package.zsh'
[3.231s] Level 1:colcon.colcon_core.environment:create_file_with_runtime_dependencies(/home/eia/rbi_2025/rov/rov_ws/install/rov_mujoco_bringup/share/colcon-core/packages/rov_mujoco_bringup)
[3.232s] Level 1:colcon.colcon_core.environment:create_environment_scripts_only(rov_mujoco_bringup)
[3.232s] Level 1:colcon.colcon_core.environment:checking '/home/eia/rbi_2025/rov/rov_ws/install/rov_mujoco_bringup' for CMake module files
[3.233s] Level 1:colcon.colcon_core.environment:checking '/home/eia/rbi_2025/rov/rov_ws/install/rov_mujoco_bringup' for CMake config files
[3.234s] Level 1:colcon.colcon_core.shell:create_environment_hook('rov_mujoco_bringup', 'cmake_prefix_path')
[3.235s] INFO:colcon.colcon_core.shell:Creating environment hook '/home/eia/rbi_2025/rov/rov_ws/install/rov_mujoco_bringup/share/rov_mujoco_bringup/hook/cmake_prefix_path.ps1'
[3.235s] INFO:colcon.colcon_core.shell:Creating environment descriptor '/home/eia/rbi_2025/rov/rov_ws/install/rov_mujoco_bringup/share/rov_mujoco_bringup/hook/cmake_prefix_path.dsv'
[3.236s] INFO:colcon.colcon_core.shell:Creating environment hook '/home/eia/rbi_2025/rov/rov_ws/install/rov_mujoco_bringup/share/rov_mujoco_bringup/hook/cmake_prefix_path.sh'
[3.237s] Level 1:colcon.colcon_core.environment:checking '/home/eia/rbi_2025/rov/rov_ws/install/rov_mujoco_bringup/bin'
[3.237s] Level 1:colcon.colcon_core.environment:checking '/home/eia/rbi_2025/rov/rov_ws/install/rov_mujoco_bringup/lib/pkgconfig/rov_mujoco_bringup.pc'
[3.237s] Level 1:colcon.colcon_core.environment:checking '/home/eia/rbi_2025/rov/rov_ws/install/rov_mujoco_bringup/lib/python3.10/site-packages'
[3.238s] Level 1:colcon.colcon_core.environment:checking '/home/eia/rbi_2025/rov/rov_ws/install/rov_mujoco_bringup/bin'
[3.239s] INFO:colcon.colcon_core.shell:Creating package script '/home/eia/rbi_2025/rov/rov_ws/install/rov_mujoco_bringup/share/rov_mujoco_bringup/package.ps1'
[3.240s] INFO:colcon.colcon_core.shell:Creating package descriptor '/home/eia/rbi_2025/rov/rov_ws/install/rov_mujoco_bringup/share/rov_mujoco_bringup/package.dsv'
[3.241s] INFO:colcon.colcon_core.shell:Creating package script '/home/eia/rbi_2025/rov/rov_ws/install/rov_mujoco_bringup/share/rov_mujoco_bringup/package.sh'
[3.241s] INFO:colcon.colcon_core.shell:Creating package script '/home/eia/rbi_2025/rov/rov_ws/install/rov_mujoco_bringup/share/rov_mujoco_bringup/package.bash'
[3.242s] INFO:colcon.colcon_core.shell:Creating package script '/home/eia/rbi_2025/rov/rov_ws/install/rov_mujoco_bringup/share/rov_mujoco_bringup/package.zsh'
[3.243s] Level 1:colcon.colcon_core.environment:create_file_with_runtime_dependencies(/home/eia/rbi_2025/rov/rov_ws/install/rov_mujoco_bringup/share/colcon-core/packages/rov_mujoco_bringup)
[3.243s] Level 1:colcon.colcon_core.environment:create_environment_scripts_only(rov_hardware_interface)
[3.244s] Level 1:colcon.colcon_core.environment:checking '/home/eia/rbi_2025/rov/rov_ws/install/rov_hardware_interface' for CMake module files
[3.245s] Level 1:colcon.colcon_core.environment:checking '/home/eia/rbi_2025/rov/rov_ws/install/rov_hardware_interface' for CMake config files
[3.245s] Level 1:colcon.colcon_core.shell:create_environment_hook('rov_hardware_interface', 'cmake_prefix_path')
[3.246s] INFO:colcon.colcon_core.shell:Creating environment hook '/home/eia/rbi_2025/rov/rov_ws/install/rov_hardware_interface/share/rov_hardware_interface/hook/cmake_prefix_path.ps1'
[3.248s] INFO:colcon.colcon_core.shell:Creating environment descriptor '/home/eia/rbi_2025/rov/rov_ws/install/rov_hardware_interface/share/rov_hardware_interface/hook/cmake_prefix_path.dsv'
[3.249s] INFO:colcon.colcon_core.shell:Creating environment hook '/home/eia/rbi_2025/rov/rov_ws/install/rov_hardware_interface/share/rov_hardware_interface/hook/cmake_prefix_path.sh'
[3.249s] Level 1:colcon.colcon_core.environment:checking '/home/eia/rbi_2025/rov/rov_ws/install/rov_hardware_interface/lib'
[3.250s] Level 1:colcon.colcon_core.shell:create_environment_hook('rov_hardware_interface', 'ld_library_path_lib')
[3.250s] INFO:colcon.colcon_core.shell:Creating environment hook '/home/eia/rbi_2025/rov/rov_ws/install/rov_hardware_interface/share/rov_hardware_interface/hook/ld_library_path_lib.ps1'
[3.247s] DEBUG:colcon.colcon_core.event_handler.log_command:Invoked command in '/home/eia/rbi_2025/rov/rov_ws/build/rov_hardware_interface' returned '0': CMAKE_PREFIX_PATH=${CMAKE_PREFIX_PATH}:/home/eia/repo/rbi_2025_2/rov/rov_ws/install/rov_position_controller:/home/eia/repo/rbi_2025_2/rov/rov_ws/install/rov_path_generator:/home/eia/repo/rbi_2025_2/rov/rov_ws/install/rov_path_follower:/home/eia/repo/rbi_2025_2/rov/rov_ws/install/rov_attitude_controller:/home/eia/repo/rbi_2025_2/rov/rov_ws/install/direct_control:/opt/ros/humble /usr/bin/cmake --install /home/eia/rbi_2025/rov/rov_ws/build/rov_hardware_interface
[3.251s] INFO:colcon.colcon_core.shell:Creating environment descriptor '/home/eia/rbi_2025/rov/rov_ws/install/rov_hardware_interface/share/rov_hardware_interface/hook/ld_library_path_lib.dsv'
[3.252s] INFO:colcon.colcon_core.shell:Creating environment hook '/home/eia/rbi_2025/rov/rov_ws/install/rov_hardware_interface/share/rov_hardware_interface/hook/ld_library_path_lib.sh'
[3.253s] Level 1:colcon.colcon_core.environment:checking '/home/eia/rbi_2025/rov/rov_ws/install/rov_hardware_interface/bin'
[3.253s] Level 1:colcon.colcon_core.environment:checking '/home/eia/rbi_2025/rov/rov_ws/install/rov_hardware_interface/lib/pkgconfig/rov_hardware_interface.pc'
[3.253s] Level 1:colcon.colcon_core.environment:checking '/home/eia/rbi_2025/rov/rov_ws/install/rov_hardware_interface/lib/python3.10/site-packages'
[3.254s] Level 1:colcon.colcon_core.environment:checking '/home/eia/rbi_2025/rov/rov_ws/install/rov_hardware_interface/bin'
[3.254s] INFO:colcon.colcon_core.shell:Creating package script '/home/eia/rbi_2025/rov/rov_ws/install/rov_hardware_interface/share/rov_hardware_interface/package.ps1'
[3.255s] INFO:colcon.colcon_core.shell:Creating package descriptor '/home/eia/rbi_2025/rov/rov_ws/install/rov_hardware_interface/share/rov_hardware_interface/package.dsv'
[3.256s] INFO:colcon.colcon_core.shell:Creating package script '/home/eia/rbi_2025/rov/rov_ws/install/rov_hardware_interface/share/rov_hardware_interface/package.sh'
[3.257s] INFO:colcon.colcon_core.shell:Creating package script '/home/eia/rbi_2025/rov/rov_ws/install/rov_hardware_interface/share/rov_hardware_interface/package.bash'
[3.258s] INFO:colcon.colcon_core.shell:Creating package script '/home/eia/rbi_2025/rov/rov_ws/install/rov_hardware_interface/share/rov_hardware_interface/package.zsh'
[3.258s] Level 1:colcon.colcon_core.environment:create_file_with_runtime_dependencies(/home/eia/rbi_2025/rov/rov_ws/install/rov_hardware_interface/share/colcon-core/packages/rov_hardware_interface)
[3.260s] Level 1:colcon.colcon_core.environment:create_environment_scripts_only(rov_hardware_interface)
[3.260s] Level 1:colcon.colcon_core.environment:checking '/home/eia/rbi_2025/rov/rov_ws/install/rov_hardware_interface' for CMake module files
[3.262s] Level 1:colcon.colcon_core.environment:checking '/home/eia/rbi_2025/rov/rov_ws/install/rov_hardware_interface' for CMake config files
[3.262s] Level 1:colcon.colcon_core.shell:create_environment_hook('rov_hardware_interface', 'cmake_prefix_path')
[3.263s] INFO:colcon.colcon_core.shell:Creating environment hook '/home/eia/rbi_2025/rov/rov_ws/install/rov_hardware_interface/share/rov_hardware_interface/hook/cmake_prefix_path.ps1'
[3.263s] INFO:colcon.colcon_core.shell:Creating environment descriptor '/home/eia/rbi_2025/rov/rov_ws/install/rov_hardware_interface/share/rov_hardware_interface/hook/cmake_prefix_path.dsv'
[3.264s] INFO:colcon.colcon_core.shell:Creating environment hook '/home/eia/rbi_2025/rov/rov_ws/install/rov_hardware_interface/share/rov_hardware_interface/hook/cmake_prefix_path.sh'
[3.265s] Level 1:colcon.colcon_core.environment:checking '/home/eia/rbi_2025/rov/rov_ws/install/rov_hardware_interface/lib'
[3.265s] Level 1:colcon.colcon_core.shell:create_environment_hook('rov_hardware_interface', 'ld_library_path_lib')
[3.266s] INFO:colcon.colcon_core.shell:Creating environment hook '/home/eia/rbi_2025/rov/rov_ws/install/rov_hardware_interface/share/rov_hardware_interface/hook/ld_library_path_lib.ps1'
[3.266s] INFO:colcon.colcon_core.shell:Creating environment descriptor '/home/eia/rbi_2025/rov/rov_ws/install/rov_hardware_interface/share/rov_hardware_interface/hook/ld_library_path_lib.dsv'
[3.267s] INFO:colcon.colcon_core.shell:Creating environment hook '/home/eia/rbi_2025/rov/rov_ws/install/rov_hardware_interface/share/rov_hardware_interface/hook/ld_library_path_lib.sh'
[3.268s] Level 1:colcon.colcon_core.environment:checking '/home/eia/rbi_2025/rov/rov_ws/install/rov_hardware_interface/bin'
[3.268s] Level 1:colcon.colcon_core.environment:checking '/home/eia/rbi_2025/rov/rov_ws/install/rov_hardware_interface/lib/pkgconfig/rov_hardware_interface.pc'
[3.268s] Level 1:colcon.colcon_core.environment:checking '/home/eia/rbi_2025/rov/rov_ws/install/rov_hardware_interface/lib/python3.10/site-packages'
[3.269s] Level 1:colcon.colcon_core.environment:checking '/home/eia/rbi_2025/rov/rov_ws/install/rov_hardware_interface/bin'
[3.269s] INFO:colcon.colcon_core.shell:Creating package script '/home/eia/rbi_2025/rov/rov_ws/install/rov_hardware_interface/share/rov_hardware_interface/package.ps1'
[3.270s] INFO:colcon.colcon_core.shell:Creating package descriptor '/home/eia/rbi_2025/rov/rov_ws/install/rov_hardware_interface/share/rov_hardware_interface/package.dsv'
[3.272s] INFO:colcon.colcon_core.shell:Creating package script '/home/eia/rbi_2025/rov/rov_ws/install/rov_hardware_interface/share/rov_hardware_interface/package.sh'
[3.273s] INFO:colcon.colcon_core.shell:Creating package script '/home/eia/rbi_2025/rov/rov_ws/install/rov_hardware_interface/share/rov_hardware_interface/package.bash'
[3.273s] INFO:colcon.colcon_core.shell:Creating package script '/home/eia/rbi_2025/rov/rov_ws/install/rov_hardware_interface/share/rov_hardware_interface/package.zsh'
[3.274s] Level 1:colcon.colcon_core.environment:create_file_with_runtime_dependencies(/home/eia/rbi_2025/rov/rov_ws/install/rov_hardware_interface/share/colcon-core/packages/rov_hardware_interface)
[3.275s] Level 1:colcon.colcon_core.environment:create_environment_scripts_only(rov_mujoco_description)
[3.276s] Level 1:colcon.colcon_core.environment:checking '/home/eia/rbi_2025/rov/rov_ws/install/rov_mujoco_description' for CMake module files
[3.277s] Level 1:colcon.colcon_core.environment:checking '/home/eia/rbi_2025/rov/rov_ws/install/rov_mujoco_description' for CMake config files
[3.278s] Level 1:colcon.colcon_core.shell:create_environment_hook('rov_mujoco_description', 'cmake_prefix_path')
[3.279s] INFO:colcon.colcon_core.shell:Creating environment hook '/home/eia/rbi_2025/rov/rov_ws/install/rov_mujoco_description/share/rov_mujoco_description/hook/cmake_prefix_path.ps1'
[3.279s] INFO:colcon.colcon_core.shell:Creating environment descriptor '/home/eia/rbi_2025/rov/rov_ws/install/rov_mujoco_description/share/rov_mujoco_description/hook/cmake_prefix_path.dsv'
[3.276s] DEBUG:colcon.colcon_core.event_handler.log_command:Invoked command in '/home/eia/rbi_2025/rov/rov_ws/build/rov_mujoco_description' returned '0': CMAKE_PREFIX_PATH=${CMAKE_PREFIX_PATH}:/home/eia/repo/rbi_2025_2/rov/rov_ws/install/rov_position_controller:/home/eia/repo/rbi_2025_2/rov/rov_ws/install/rov_path_generator:/home/eia/repo/rbi_2025_2/rov/rov_ws/install/rov_path_follower:/home/eia/repo/rbi_2025_2/rov/rov_ws/install/rov_attitude_controller:/home/eia/repo/rbi_2025_2/rov/rov_ws/install/direct_control:/opt/ros/humble /usr/bin/cmake --install /home/eia/rbi_2025/rov/rov_ws/build/rov_mujoco_description
[3.280s] INFO:colcon.colcon_core.shell:Creating environment hook '/home/eia/rbi_2025/rov/rov_ws/install/rov_mujoco_description/share/rov_mujoco_description/hook/cmake_prefix_path.sh'
[3.281s] Level 1:colcon.colcon_core.environment:checking '/home/eia/rbi_2025/rov/rov_ws/install/rov_mujoco_description/bin'
[3.281s] Level 1:colcon.colcon_core.environment:checking '/home/eia/rbi_2025/rov/rov_ws/install/rov_mujoco_description/lib/pkgconfig/rov_mujoco_description.pc'
[3.282s] Level 1:colcon.colcon_core.environment:checking '/home/eia/rbi_2025/rov/rov_ws/install/rov_mujoco_description/lib/python3.10/site-packages'
[3.282s] Level 1:colcon.colcon_core.environment:checking '/home/eia/rbi_2025/rov/rov_ws/install/rov_mujoco_description/bin'
[3.283s] INFO:colcon.colcon_core.shell:Creating package script '/home/eia/rbi_2025/rov/rov_ws/install/rov_mujoco_description/share/rov_mujoco_description/package.ps1'
[3.284s] INFO:colcon.colcon_core.shell:Creating package descriptor '/home/eia/rbi_2025/rov/rov_ws/install/rov_mujoco_description/share/rov_mujoco_description/package.dsv'
[3.285s] INFO:colcon.colcon_core.shell:Creating package script '/home/eia/rbi_2025/rov/rov_ws/install/rov_mujoco_description/share/rov_mujoco_description/package.sh'
[3.286s] INFO:colcon.colcon_core.shell:Creating package script '/home/eia/rbi_2025/rov/rov_ws/install/rov_mujoco_description/share/rov_mujoco_description/package.bash'
[3.286s] INFO:colcon.colcon_core.shell:Creating package script '/home/eia/rbi_2025/rov/rov_ws/install/rov_mujoco_description/share/rov_mujoco_description/package.zsh'
[3.287s] Level 1:colcon.colcon_core.environment:create_file_with_runtime_dependencies(/home/eia/rbi_2025/rov/rov_ws/install/rov_mujoco_description/share/colcon-core/packages/rov_mujoco_description)
[3.288s] Level 1:colcon.colcon_core.environment:create_environment_scripts_only(rov_mujoco_description)
[3.289s] Level 1:colcon.colcon_core.environment:checking '/home/eia/rbi_2025/rov/rov_ws/install/rov_mujoco_description' for CMake module files
[3.289s] Level 1:colcon.colcon_core.environment:checking '/home/eia/rbi_2025/rov/rov_ws/install/rov_mujoco_description' for CMake config files
[3.290s] Level 1:colcon.colcon_core.shell:create_environment_hook('rov_mujoco_description', 'cmake_prefix_path')
[3.291s] INFO:colcon.colcon_core.shell:Creating environment hook '/home/eia/rbi_2025/rov/rov_ws/install/rov_mujoco_description/share/rov_mujoco_description/hook/cmake_prefix_path.ps1'
[3.292s] INFO:colcon.colcon_core.shell:Creating environment descriptor '/home/eia/rbi_2025/rov/rov_ws/install/rov_mujoco_description/share/rov_mujoco_description/hook/cmake_prefix_path.dsv'
[3.292s] INFO:colcon.colcon_core.shell:Creating environment hook '/home/eia/rbi_2025/rov/rov_ws/install/rov_mujoco_description/share/rov_mujoco_description/hook/cmake_prefix_path.sh'
[3.293s] Level 1:colcon.colcon_core.environment:checking '/home/eia/rbi_2025/rov/rov_ws/install/rov_mujoco_description/bin'
[3.293s] Level 1:colcon.colcon_core.environment:checking '/home/eia/rbi_2025/rov/rov_ws/install/rov_mujoco_description/lib/pkgconfig/rov_mujoco_description.pc'
[3.294s] Level 1:colcon.colcon_core.environment:checking '/home/eia/rbi_2025/rov/rov_ws/install/rov_mujoco_description/lib/python3.10/site-packages'
[3.294s] Level 1:colcon.colcon_core.environment:checking '/home/eia/rbi_2025/rov/rov_ws/install/rov_mujoco_description/bin'
[3.295s] INFO:colcon.colcon_core.shell:Creating package script '/home/eia/rbi_2025/rov/rov_ws/install/rov_mujoco_description/share/rov_mujoco_description/package.ps1'
[3.296s] INFO:colcon.colcon_core.shell:Creating package descriptor '/home/eia/rbi_2025/rov/rov_ws/install/rov_mujoco_description/share/rov_mujoco_description/package.dsv'
[3.297s] INFO:colcon.colcon_core.shell:Creating package script '/home/eia/rbi_2025/rov/rov_ws/install/rov_mujoco_description/share/rov_mujoco_description/package.sh'
[3.298s] INFO:colcon.colcon_core.shell:Creating package script '/home/eia/rbi_2025/rov/rov_ws/install/rov_mujoco_description/share/rov_mujoco_description/package.bash'
[3.298s] INFO:colcon.colcon_core.shell:Creating package script '/home/eia/rbi_2025/rov/rov_ws/install/rov_mujoco_description/share/rov_mujoco_description/package.zsh'
[3.299s] Level 1:colcon.colcon_core.environment:create_file_with_runtime_dependencies(/home/eia/rbi_2025/rov/rov_ws/install/rov_mujoco_description/share/colcon-core/packages/rov_mujoco_description)
[3.301s] DEBUG:colcon.colcon_core.event_handler.log_command:Invoked command in '/home/eia/rbi_2025/rov/rov_ws/build/rov_real_bringup' returned '0': CMAKE_PREFIX_PATH=${CMAKE_PREFIX_PATH}:/home/eia/repo/rbi_2025_2/rov/rov_ws/install/rov_position_controller:/home/eia/repo/rbi_2025_2/rov/rov_ws/install/rov_path_generator:/home/eia/repo/rbi_2025_2/rov/rov_ws/install/rov_path_follower:/home/eia/repo/rbi_2025_2/rov/rov_ws/install/rov_attitude_controller:/home/eia/repo/rbi_2025_2/rov/rov_ws/install/direct_control:/opt/ros/humble /usr/bin/cmake --build /home/eia/rbi_2025/rov/rov_ws/build/rov_real_bringup -- -j12 -l12
[3.304s] DEBUG:colcon.colcon_core.event_handler.log_command:Invoking command in '/home/eia/rbi_2025/rov/rov_ws/build/rov_real_bringup': CMAKE_PREFIX_PATH=${CMAKE_PREFIX_PATH}:/home/eia/repo/rbi_2025_2/rov/rov_ws/install/rov_position_controller:/home/eia/repo/rbi_2025_2/rov/rov_ws/install/rov_path_generator:/home/eia/repo/rbi_2025_2/rov/rov_ws/install/rov_path_follower:/home/eia/repo/rbi_2025_2/rov/rov_ws/install/rov_attitude_controller:/home/eia/repo/rbi_2025_2/rov/rov_ws/install/direct_control:/opt/ros/humble /usr/bin/cmake --install /home/eia/rbi_2025/rov/rov_ws/build/rov_real_bringup
[3.339s] Level 1:colcon.colcon_core.environment:create_environment_scripts_only(rov_real_bringup)
[3.339s] Level 1:colcon.colcon_core.environment:checking '/home/eia/rbi_2025/rov/rov_ws/install/rov_real_bringup' for CMake module files
[3.340s] Level 1:colcon.colcon_core.environment:checking '/home/eia/rbi_2025/rov/rov_ws/install/rov_real_bringup' for CMake config files
[3.341s] DEBUG:colcon.colcon_core.event_handler.log_command:Invoked command in '/home/eia/rbi_2025/rov/rov_ws/build/rov_real_bringup' returned '0': CMAKE_PREFIX_PATH=${CMAKE_PREFIX_PATH}:/home/eia/repo/rbi_2025_2/rov/rov_ws/install/rov_position_controller:/home/eia/repo/rbi_2025_2/rov/rov_ws/install/rov_path_generator:/home/eia/repo/rbi_2025_2/rov/rov_ws/install/rov_path_follower:/home/eia/repo/rbi_2025_2/rov/rov_ws/install/rov_attitude_controller:/home/eia/repo/rbi_2025_2/rov/rov_ws/install/direct_control:/opt/ros/humble /usr/bin/cmake --install /home/eia/rbi_2025/rov/rov_ws/build/rov_real_bringup
[3.342s] Level 1:colcon.colcon_core.shell:create_environment_hook('rov_real_bringup', 'cmake_prefix_path')
[3.342s] INFO:colcon.colcon_core.shell:Creating environment hook '/home/eia/rbi_2025/rov/rov_ws/install/rov_real_bringup/share/rov_real_bringup/hook/cmake_prefix_path.ps1'
[3.343s] INFO:colcon.colcon_core.shell:Creating environment descriptor '/home/eia/rbi_2025/rov/rov_ws/install/rov_real_bringup/share/rov_real_bringup/hook/cmake_prefix_path.dsv'
[3.344s] INFO:colcon.colcon_core.shell:Creating environment hook '/home/eia/rbi_2025/rov/rov_ws/install/rov_real_bringup/share/rov_real_bringup/hook/cmake_prefix_path.sh'
[3.345s] Level 1:colcon.colcon_core.environment:checking '/home/eia/rbi_2025/rov/rov_ws/install/rov_real_bringup/bin'
[3.345s] Level 1:colcon.colcon_core.environment:checking '/home/eia/rbi_2025/rov/rov_ws/install/rov_real_bringup/lib/pkgconfig/rov_real_bringup.pc'
[3.345s] Level 1:colcon.colcon_core.environment:checking '/home/eia/rbi_2025/rov/rov_ws/install/rov_real_bringup/lib/python3.10/site-packages'
[3.346s] Level 1:colcon.colcon_core.environment:checking '/home/eia/rbi_2025/rov/rov_ws/install/rov_real_bringup/bin'
[3.346s] INFO:colcon.colcon_core.shell:Creating package script '/home/eia/rbi_2025/rov/rov_ws/install/rov_real_bringup/share/rov_real_bringup/package.ps1'
[3.347s] INFO:colcon.colcon_core.shell:Creating package descriptor '/home/eia/rbi_2025/rov/rov_ws/install/rov_real_bringup/share/rov_real_bringup/package.dsv'
[3.348s] INFO:colcon.colcon_core.shell:Creating package script '/home/eia/rbi_2025/rov/rov_ws/install/rov_real_bringup/share/rov_real_bringup/package.sh'
[3.349s] INFO:colcon.colcon_core.shell:Creating package script '/home/eia/rbi_2025/rov/rov_ws/install/rov_real_bringup/share/rov_real_bringup/package.bash'
[3.350s] INFO:colcon.colcon_core.shell:Creating package script '/home/eia/rbi_2025/rov/rov_ws/install/rov_real_bringup/share/rov_real_bringup/package.zsh'
[3.350s] Level 1:colcon.colcon_core.environment:create_file_with_runtime_dependencies(/home/eia/rbi_2025/rov/rov_ws/install/rov_real_bringup/share/colcon-core/packages/rov_real_bringup)
[3.351s] Level 1:colcon.colcon_core.environment:create_environment_scripts_only(rov_real_bringup)
[3.352s] Level 1:colcon.colcon_core.environment:checking '/home/eia/rbi_2025/rov/rov_ws/install/rov_real_bringup' for CMake module files
[3.353s] Level 1:colcon.colcon_core.environment:checking '/home/eia/rbi_2025/rov/rov_ws/install/rov_real_bringup' for CMake config files
[3.353s] Level 1:colcon.colcon_core.shell:create_environment_hook('rov_real_bringup', 'cmake_prefix_path')
[3.354s] INFO:colcon.colcon_core.shell:Creating environment hook '/home/eia/rbi_2025/rov/rov_ws/install/rov_real_bringup/share/rov_real_bringup/hook/cmake_prefix_path.ps1'
[3.355s] INFO:colcon.colcon_core.shell:Creating environment descriptor '/home/eia/rbi_2025/rov/rov_ws/install/rov_real_bringup/share/rov_real_bringup/hook/cmake_prefix_path.dsv'
[3.356s] INFO:colcon.colcon_core.shell:Creating environment hook '/home/eia/rbi_2025/rov/rov_ws/install/rov_real_bringup/share/rov_real_bringup/hook/cmake_prefix_path.sh'
[3.357s] Level 1:colcon.colcon_core.environment:checking '/home/eia/rbi_2025/rov/rov_ws/install/rov_real_bringup/bin'
[3.357s] Level 1:colcon.colcon_core.environment:checking '/home/eia/rbi_2025/rov/rov_ws/install/rov_real_bringup/lib/pkgconfig/rov_real_bringup.pc'
[3.357s] Level 1:colcon.colcon_core.environment:checking '/home/eia/rbi_2025/rov/rov_ws/install/rov_real_bringup/lib/python3.10/site-packages'
[3.358s] Level 1:colcon.colcon_core.environment:checking '/home/eia/rbi_2025/rov/rov_ws/install/rov_real_bringup/bin'
[3.358s] INFO:colcon.colcon_core.shell:Creating package script '/home/eia/rbi_2025/rov/rov_ws/install/rov_real_bringup/share/rov_real_bringup/package.ps1'
[3.360s] INFO:colcon.colcon_core.shell:Creating package descriptor '/home/eia/rbi_2025/rov/rov_ws/install/rov_real_bringup/share/rov_real_bringup/package.dsv'
[3.360s] INFO:colcon.colcon_core.shell:Creating package script '/home/eia/rbi_2025/rov/rov_ws/install/rov_real_bringup/share/rov_real_bringup/package.sh'
[3.361s] INFO:colcon.colcon_core.shell:Creating package script '/home/eia/rbi_2025/rov/rov_ws/install/rov_real_bringup/share/rov_real_bringup/package.bash'
[3.362s] INFO:colcon.colcon_core.shell:Creating package script '/home/eia/rbi_2025/rov/rov_ws/install/rov_real_bringup/share/rov_real_bringup/package.zsh'
[3.363s] Level 1:colcon.colcon_core.environment:create_file_with_runtime_dependencies(/home/eia/rbi_2025/rov/rov_ws/install/rov_real_bringup/share/colcon-core/packages/rov_real_bringup)
[3.503s] Level 1:colcon.colcon_core.environment:create_environment_scripts_only(rov_mujoco_sim)
[3.504s] Level 1:colcon.colcon_core.environment:checking '/home/eia/rbi_2025/rov/rov_ws/install/rov_mujoco_sim' for CMake module files
[3.505s] DEBUG:colcon.colcon_core.event_handler.log_command:Invoked command in '/home/eia/rbi_2025/rov/rov_ws/build/rov_mujoco_sim' returned '0': CMAKE_PREFIX_PATH=${CMAKE_PREFIX_PATH}:/home/eia/repo/rbi_2025_2/rov/rov_ws/install/rov_position_controller:/home/eia/repo/rbi_2025_2/rov/rov_ws/install/rov_path_generator:/home/eia/repo/rbi_2025_2/rov/rov_ws/install/rov_path_follower:/home/eia/repo/rbi_2025_2/rov/rov_ws/install/rov_attitude_controller:/home/eia/repo/rbi_2025_2/rov/rov_ws/install/direct_control:/opt/ros/humble /usr/bin/cmake --install /home/eia/rbi_2025/rov/rov_ws/build/rov_mujoco_sim
[3.505s] Level 1:colcon.colcon_core.environment:checking '/home/eia/rbi_2025/rov/rov_ws/install/rov_mujoco_sim' for CMake config files
[3.506s] Level 1:colcon.colcon_core.shell:create_environment_hook('rov_mujoco_sim', 'cmake_prefix_path')
[3.506s] INFO:colcon.colcon_core.shell:Creating environment hook '/home/eia/rbi_2025/rov/rov_ws/install/rov_mujoco_sim/share/rov_mujoco_sim/hook/cmake_prefix_path.ps1'
[3.507s] INFO:colcon.colcon_core.shell:Creating environment descriptor '/home/eia/rbi_2025/rov/rov_ws/install/rov_mujoco_sim/share/rov_mujoco_sim/hook/cmake_prefix_path.dsv'
[3.508s] INFO:colcon.colcon_core.shell:Creating environment hook '/home/eia/rbi_2025/rov/rov_ws/install/rov_mujoco_sim/share/rov_mujoco_sim/hook/cmake_prefix_path.sh'
[3.509s] Level 1:colcon.colcon_core.environment:checking '/home/eia/rbi_2025/rov/rov_ws/install/rov_mujoco_sim/lib'
[3.509s] Level 1:colcon.colcon_core.shell:create_environment_hook('rov_mujoco_sim', 'ld_library_path_lib')
[3.509s] INFO:colcon.colcon_core.shell:Creating environment hook '/home/eia/rbi_2025/rov/rov_ws/install/rov_mujoco_sim/share/rov_mujoco_sim/hook/ld_library_path_lib.ps1'
[3.510s] INFO:colcon.colcon_core.shell:Creating environment descriptor '/home/eia/rbi_2025/rov/rov_ws/install/rov_mujoco_sim/share/rov_mujoco_sim/hook/ld_library_path_lib.dsv'
[3.510s] INFO:colcon.colcon_core.shell:Creating environment hook '/home/eia/rbi_2025/rov/rov_ws/install/rov_mujoco_sim/share/rov_mujoco_sim/hook/ld_library_path_lib.sh'
[3.511s] Level 1:colcon.colcon_core.environment:checking '/home/eia/rbi_2025/rov/rov_ws/install/rov_mujoco_sim/bin'
[3.511s] Level 1:colcon.colcon_core.environment:checking '/home/eia/rbi_2025/rov/rov_ws/install/rov_mujoco_sim/lib/pkgconfig/rov_mujoco_sim.pc'
[3.512s] Level 1:colcon.colcon_core.environment:checking '/home/eia/rbi_2025/rov/rov_ws/install/rov_mujoco_sim/lib/python3.10/site-packages'
[3.512s] Level 1:colcon.colcon_core.environment:checking '/home/eia/rbi_2025/rov/rov_ws/install/rov_mujoco_sim/bin'
[3.513s] INFO:colcon.colcon_core.shell:Creating package script '/home/eia/rbi_2025/rov/rov_ws/install/rov_mujoco_sim/share/rov_mujoco_sim/package.ps1'
[3.514s] INFO:colcon.colcon_core.shell:Creating package descriptor '/home/eia/rbi_2025/rov/rov_ws/install/rov_mujoco_sim/share/rov_mujoco_sim/package.dsv'
[3.515s] INFO:colcon.colcon_core.shell:Creating package script '/home/eia/rbi_2025/rov/rov_ws/install/rov_mujoco_sim/share/rov_mujoco_sim/package.sh'
[3.515s] INFO:colcon.colcon_core.shell:Creating package script '/home/eia/rbi_2025/rov/rov_ws/install/rov_mujoco_sim/share/rov_mujoco_sim/package.bash'
[3.516s] INFO:colcon.colcon_core.shell:Creating package script '/home/eia/rbi_2025/rov/rov_ws/install/rov_mujoco_sim/share/rov_mujoco_sim/package.zsh'
[3.517s] Level 1:colcon.colcon_core.environment:create_file_with_runtime_dependencies(/home/eia/rbi_2025/rov/rov_ws/install/rov_mujoco_sim/share/colcon-core/packages/rov_mujoco_sim)
[3.518s] Level 1:colcon.colcon_core.environment:create_environment_scripts_only(rov_mujoco_sim)
[3.518s] Level 1:colcon.colcon_core.environment:checking '/home/eia/rbi_2025/rov/rov_ws/install/rov_mujoco_sim' for CMake module files
[3.519s] Level 1:colcon.colcon_core.environment:checking '/home/eia/rbi_2025/rov/rov_ws/install/rov_mujoco_sim' for CMake config files
[3.520s] Level 1:colcon.colcon_core.shell:create_environment_hook('rov_mujoco_sim', 'cmake_prefix_path')
[3.520s] INFO:colcon.colcon_core.shell:Creating environment hook '/home/eia/rbi_2025/rov/rov_ws/install/rov_mujoco_sim/share/rov_mujoco_sim/hook/cmake_prefix_path.ps1'
[3.521s] INFO:colcon.colcon_core.shell:Creating environment descriptor '/home/eia/rbi_2025/rov/rov_ws/install/rov_mujoco_sim/share/rov_mujoco_sim/hook/cmake_prefix_path.dsv'
[3.522s] INFO:colcon.colcon_core.shell:Creating environment hook '/home/eia/rbi_2025/rov/rov_ws/install/rov_mujoco_sim/share/rov_mujoco_sim/hook/cmake_prefix_path.sh'
[3.523s] Level 1:colcon.colcon_core.environment:checking '/home/eia/rbi_2025/rov/rov_ws/install/rov_mujoco_sim/lib'
[3.523s] Level 1:colcon.colcon_core.shell:create_environment_hook('rov_mujoco_sim', 'ld_library_path_lib')
[3.523s] INFO:colcon.colcon_core.shell:Creating environment hook '/home/eia/rbi_2025/rov/rov_ws/install/rov_mujoco_sim/share/rov_mujoco_sim/hook/ld_library_path_lib.ps1'
[3.524s] INFO:colcon.colcon_core.shell:Creating environment descriptor '/home/eia/rbi_2025/rov/rov_ws/install/rov_mujoco_sim/share/rov_mujoco_sim/hook/ld_library_path_lib.dsv'
[3.525s] INFO:colcon.colcon_core.shell:Creating environment hook '/home/eia/rbi_2025/rov/rov_ws/install/rov_mujoco_sim/share/rov_mujoco_sim/hook/ld_library_path_lib.sh'
[3.525s] Level 1:colcon.colcon_core.environment:checking '/home/eia/rbi_2025/rov/rov_ws/install/rov_mujoco_sim/bin'
[3.525s] Level 1:colcon.colcon_core.environment:checking '/home/eia/rbi_2025/rov/rov_ws/install/rov_mujoco_sim/lib/pkgconfig/rov_mujoco_sim.pc'
[3.526s] Level 1:colcon.colcon_core.environment:checking '/home/eia/rbi_2025/rov/rov_ws/install/rov_mujoco_sim/lib/python3.10/site-packages'
[3.526s] Level 1:colcon.colcon_core.environment:checking '/home/eia/rbi_2025/rov/rov_ws/install/rov_mujoco_sim/bin'
[3.527s] INFO:colcon.colcon_core.shell:Creating package script '/home/eia/rbi_2025/rov/rov_ws/install/rov_mujoco_sim/share/rov_mujoco_sim/package.ps1'
[3.528s] INFO:colcon.colcon_core.shell:Creating package descriptor '/home/eia/rbi_2025/rov/rov_ws/install/rov_mujoco_sim/share/rov_mujoco_sim/package.dsv'
[3.529s] INFO:colcon.colcon_core.shell:Creating package script '/home/eia/rbi_2025/rov/rov_ws/install/rov_mujoco_sim/share/rov_mujoco_sim/package.sh'
[3.530s] INFO:colcon.colcon_core.shell:Creating package script '/home/eia/rbi_2025/rov/rov_ws/install/rov_mujoco_sim/share/rov_mujoco_sim/package.bash'
[3.530s] INFO:colcon.colcon_core.shell:Creating package script '/home/eia/rbi_2025/rov/rov_ws/install/rov_mujoco_sim/share/rov_mujoco_sim/package.zsh'
[3.531s] Level 1:colcon.colcon_core.environment:create_file_with_runtime_dependencies(/home/eia/rbi_2025/rov/rov_ws/install/rov_mujoco_sim/share/colcon-core/packages/rov_mujoco_sim)
[3.598s] DEBUG:colcon.colcon_core.event_handler.log_command:Invoked command in '/home/eia/rbi_2025/rov/rov_ws/build/rov_real_description' returned '0': CMAKE_PREFIX_PATH=${CMAKE_PREFIX_PATH}:/home/eia/repo/rbi_2025_2/rov/rov_ws/install/rov_position_controller:/home/eia/repo/rbi_2025_2/rov/rov_ws/install/rov_path_generator:/home/eia/repo/rbi_2025_2/rov/rov_ws/install/rov_path_follower:/home/eia/repo/rbi_2025_2/rov/rov_ws/install/rov_attitude_controller:/home/eia/repo/rbi_2025_2/rov/rov_ws/install/direct_control:/opt/ros/humble /usr/bin/cmake --build /home/eia/rbi_2025/rov/rov_ws/build/rov_real_description -- -j12 -l12
[3.601s] DEBUG:colcon.colcon_core.event_handler.log_command:Invoking command in '/home/eia/rbi_2025/rov/rov_ws/build/rov_real_description': CMAKE_PREFIX_PATH=${CMAKE_PREFIX_PATH}:/home/eia/repo/rbi_2025_2/rov/rov_ws/install/rov_position_controller:/home/eia/repo/rbi_2025_2/rov/rov_ws/install/rov_path_generator:/home/eia/repo/rbi_2025_2/rov/rov_ws/install/rov_path_follower:/home/eia/repo/rbi_2025_2/rov/rov_ws/install/rov_attitude_controller:/home/eia/repo/rbi_2025_2/rov/rov_ws/install/direct_control:/opt/ros/humble /usr/bin/cmake --install /home/eia/rbi_2025/rov/rov_ws/build/rov_real_description
[3.943s] Level 1:colcon.colcon_core.environment:create_environment_scripts_only(rov_real_description)
[3.943s] Level 1:colcon.colcon_core.environment:checking '/home/eia/rbi_2025/rov/rov_ws/install/rov_real_description' for CMake module files
[3.944s] Level 1:colcon.colcon_core.environment:checking '/home/eia/rbi_2025/rov/rov_ws/install/rov_real_description' for CMake config files
[3.945s] Level 1:colcon.colcon_core.shell:create_environment_hook('rov_real_description', 'cmake_prefix_path')
[3.945s] INFO:colcon.colcon_core.shell:Creating environment hook '/home/eia/rbi_2025/rov/rov_ws/install/rov_real_description/share/rov_real_description/hook/cmake_prefix_path.ps1'
[3.946s] INFO:colcon.colcon_core.shell:Creating environment descriptor '/home/eia/rbi_2025/rov/rov_ws/install/rov_real_description/share/rov_real_description/hook/cmake_prefix_path.dsv'
[3.950s] INFO:colcon.colcon_core.shell:Creating environment hook '/home/eia/rbi_2025/rov/rov_ws/install/rov_real_description/share/rov_real_description/hook/cmake_prefix_path.sh'
[3.951s] Level 1:colcon.colcon_core.environment:checking '/home/eia/rbi_2025/rov/rov_ws/install/rov_real_description/bin'
[3.951s] Level 1:colcon.colcon_core.environment:checking '/home/eia/rbi_2025/rov/rov_ws/install/rov_real_description/lib/pkgconfig/rov_real_description.pc'
[3.952s] Level 1:colcon.colcon_core.environment:checking '/home/eia/rbi_2025/rov/rov_ws/install/rov_real_description/lib/python3.10/site-packages'
[3.952s] Level 1:colcon.colcon_core.environment:checking '/home/eia/rbi_2025/rov/rov_ws/install/rov_real_description/bin'
[3.952s] INFO:colcon.colcon_core.shell:Creating package script '/home/eia/rbi_2025/rov/rov_ws/install/rov_real_description/share/rov_real_description/package.ps1'
[3.957s] INFO:colcon.colcon_core.shell:Creating package descriptor '/home/eia/rbi_2025/rov/rov_ws/install/rov_real_description/share/rov_real_description/package.dsv'
[3.959s] INFO:colcon.colcon_core.shell:Creating package script '/home/eia/rbi_2025/rov/rov_ws/install/rov_real_description/share/rov_real_description/package.sh'
[3.958s] DEBUG:colcon.colcon_core.event_handler.log_command:Invoked command in '/home/eia/rbi_2025/rov/rov_ws/build/rov_real_description' returned '0': CMAKE_PREFIX_PATH=${CMAKE_PREFIX_PATH}:/home/eia/repo/rbi_2025_2/rov/rov_ws/install/rov_position_controller:/home/eia/repo/rbi_2025_2/rov/rov_ws/install/rov_path_generator:/home/eia/repo/rbi_2025_2/rov/rov_ws/install/rov_path_follower:/home/eia/repo/rbi_2025_2/rov/rov_ws/install/rov_attitude_controller:/home/eia/repo/rbi_2025_2/rov/rov_ws/install/direct_control:/opt/ros/humble /usr/bin/cmake --install /home/eia/rbi_2025/rov/rov_ws/build/rov_real_description
[3.960s] INFO:colcon.colcon_core.shell:Creating package script '/home/eia/rbi_2025/rov/rov_ws/install/rov_real_description/share/rov_real_description/package.bash'
[3.961s] INFO:colcon.colcon_core.shell:Creating package script '/home/eia/rbi_2025/rov/rov_ws/install/rov_real_description/share/rov_real_description/package.zsh'
[3.962s] Level 1:colcon.colcon_core.environment:create_file_with_runtime_dependencies(/home/eia/rbi_2025/rov/rov_ws/install/rov_real_description/share/colcon-core/packages/rov_real_description)
[3.963s] Level 1:colcon.colcon_core.environment:create_environment_scripts_only(rov_real_description)
[3.964s] Level 1:colcon.colcon_core.environment:checking '/home/eia/rbi_2025/rov/rov_ws/install/rov_real_description' for CMake module files
[3.964s] Level 1:colcon.colcon_core.environment:checking '/home/eia/rbi_2025/rov/rov_ws/install/rov_real_description' for CMake config files
[3.966s] Level 1:colcon.colcon_core.shell:create_environment_hook('rov_real_description', 'cmake_prefix_path')
[3.966s] INFO:colcon.colcon_core.shell:Creating environment hook '/home/eia/rbi_2025/rov/rov_ws/install/rov_real_description/share/rov_real_description/hook/cmake_prefix_path.ps1'
[3.967s] INFO:colcon.colcon_core.shell:Creating environment descriptor '/home/eia/rbi_2025/rov/rov_ws/install/rov_real_description/share/rov_real_description/hook/cmake_prefix_path.dsv'
[3.968s] INFO:colcon.colcon_core.shell:Creating environment hook '/home/eia/rbi_2025/rov/rov_ws/install/rov_real_description/share/rov_real_description/hook/cmake_prefix_path.sh'
[3.969s] Level 1:colcon.colcon_core.environment:checking '/home/eia/rbi_2025/rov/rov_ws/install/rov_real_description/bin'
[3.969s] Level 1:colcon.colcon_core.environment:checking '/home/eia/rbi_2025/rov/rov_ws/install/rov_real_description/lib/pkgconfig/rov_real_description.pc'
[3.970s] Level 1:colcon.colcon_core.environment:checking '/home/eia/rbi_2025/rov/rov_ws/install/rov_real_description/lib/python3.10/site-packages'
[3.971s] Level 1:colcon.colcon_core.environment:checking '/home/eia/rbi_2025/rov/rov_ws/install/rov_real_description/bin'
[3.971s] INFO:colcon.colcon_core.shell:Creating package script '/home/eia/rbi_2025/rov/rov_ws/install/rov_real_description/share/rov_real_description/package.ps1'
[3.972s] INFO:colcon.colcon_core.shell:Creating package descriptor '/home/eia/rbi_2025/rov/rov_ws/install/rov_real_description/share/rov_real_description/package.dsv'
[3.973s] INFO:colcon.colcon_core.shell:Creating package script '/home/eia/rbi_2025/rov/rov_ws/install/rov_real_description/share/rov_real_description/package.sh'
[3.974s] INFO:colcon.colcon_core.shell:Creating package script '/home/eia/rbi_2025/rov/rov_ws/install/rov_real_description/share/rov_real_description/package.bash'
[3.975s] INFO:colcon.colcon_core.shell:Creating package script '/home/eia/rbi_2025/rov/rov_ws/install/rov_real_description/share/rov_real_description/package.zsh'
[3.977s] Level 1:colcon.colcon_core.environment:create_file_with_runtime_dependencies(/home/eia/rbi_2025/rov/rov_ws/install/rov_real_description/share/colcon-core/packages/rov_real_description)
[4.266s] DEBUG:colcon.colcon_core.event_handler.log_command:Invoking command in '/home/eia/rbi_2025/rov/rov_ws/build/rov_path_follower': PYTHONPATH=/home/eia/rbi_2025/rov/rov_ws/build/rov_path_follower/prefix_override:/home/eia/.local/lib/python3.10/site-packages/colcon_core/task/python/colcon_distutils_commands:/home/eia/rbi_2025/rov/rov_ws/install/rov_path_follower/lib/python3.10/site-packages:${PYTHONPATH} /usr/bin/python3 -W ignore:setup.py install is deprecated -W ignore:easy_install command is deprecated setup.py develop --editable --build-directory /home/eia/rbi_2025/rov/rov_ws/build/rov_path_follower/build --no-deps symlink_data
[4.278s] DEBUG:colcon.colcon_core.event_handler.log_command:Invoking command in '/home/eia/rbi_2025/rov/rov_ws/build/direct_control': PYTHONPATH=/home/eia/rbi_2025/rov/rov_ws/build/direct_control/prefix_override:/home/eia/.local/lib/python3.10/site-packages/colcon_core/task/python/colcon_distutils_commands:/home/eia/rbi_2025/rov/rov_ws/install/direct_control/lib/python3.10/site-packages:${PYTHONPATH} /usr/bin/python3 -W ignore:setup.py install is deprecated -W ignore:easy_install command is deprecated setup.py develop --editable --build-directory /home/eia/rbi_2025/rov/rov_ws/build/direct_control/build --no-deps symlink_data
[4.315s] DEBUG:colcon.colcon_core.event_handler.log_command:Invoking command in '/home/eia/rbi_2025/rov/rov_ws/build/rov_path_generator': PYTHONPATH=/home/eia/rbi_2025/rov/rov_ws/build/rov_path_generator/prefix_override:/home/eia/.local/lib/python3.10/site-packages/colcon_core/task/python/colcon_distutils_commands:/home/eia/rbi_2025/rov/rov_ws/install/rov_path_generator/lib/python3.10/site-packages:${PYTHONPATH} /usr/bin/python3 -W ignore:setup.py install is deprecated -W ignore:easy_install command is deprecated setup.py develop --editable --build-directory /home/eia/rbi_2025/rov/rov_ws/build/rov_path_generator/build --no-deps symlink_data
[4.369s] DEBUG:colcon.colcon_core.event_handler.log_command:Invoking command in '/home/eia/rbi_2025/rov/rov_ws/build/rov_position_controller': PYTHONPATH=/home/eia/rbi_2025/rov/rov_ws/build/rov_position_controller/prefix_override:/home/eia/.local/lib/python3.10/site-packages/colcon_core/task/python/colcon_distutils_commands:/home/eia/rbi_2025/rov/rov_ws/install/rov_position_controller/lib/python3.10/site-packages:${PYTHONPATH} /usr/bin/python3 -W ignore:setup.py install is deprecated -W ignore:easy_install command is deprecated setup.py develop --editable --build-directory /home/eia/rbi_2025/rov/rov_ws/build/rov_position_controller/build --no-deps symlink_data
[4.379s] DEBUG:colcon.colcon_core.event_handler.log_command:Invoking command in '/home/eia/rbi_2025/rov/rov_ws/build/rov_attitude_controller': PYTHONPATH=/home/eia/rbi_2025/rov/rov_ws/build/rov_attitude_controller/prefix_override:/home/eia/.local/lib/python3.10/site-packages/colcon_core/task/python/colcon_distutils_commands:/home/eia/rbi_2025/rov/rov_ws/install/rov_attitude_controller/lib/python3.10/site-packages:${PYTHONPATH} /usr/bin/python3 -W ignore:setup.py install is deprecated -W ignore:easy_install command is deprecated setup.py develop --editable --build-directory /home/eia/rbi_2025/rov/rov_ws/build/rov_attitude_controller/build --no-deps symlink_data
[5.574s] Level 1:colcon.colcon_core.shell:create_environment_hook('direct_control', 'pythonpath_develop')
[5.574s] INFO:colcon.colcon_core.shell:Creating environment hook '/home/eia/rbi_2025/rov/rov_ws/build/direct_control/share/direct_control/hook/pythonpath_develop.ps1'
[5.575s] DEBUG:colcon.colcon_core.event_handler.log_command:Invoked command in '/home/eia/rbi_2025/rov/rov_ws/build/direct_control' returned '0': PYTHONPATH=/home/eia/rbi_2025/rov/rov_ws/build/direct_control/prefix_override:/home/eia/.local/lib/python3.10/site-packages/colcon_core/task/python/colcon_distutils_commands:/home/eia/rbi_2025/rov/rov_ws/install/direct_control/lib/python3.10/site-packages:${PYTHONPATH} /usr/bin/python3 -W ignore:setup.py install is deprecated -W ignore:easy_install command is deprecated setup.py develop --editable --build-directory /home/eia/rbi_2025/rov/rov_ws/build/direct_control/build --no-deps symlink_data
[5.576s] INFO:colcon.colcon_core.shell:Creating environment descriptor '/home/eia/rbi_2025/rov/rov_ws/build/direct_control/share/direct_control/hook/pythonpath_develop.dsv'
[5.577s] INFO:colcon.colcon_core.shell:Creating environment hook '/home/eia/rbi_2025/rov/rov_ws/build/direct_control/share/direct_control/hook/pythonpath_develop.sh'
[5.577s] Level 1:colcon.colcon_core.environment:checking '/home/eia/rbi_2025/rov/rov_ws/install/direct_control' for CMake module files
[5.578s] Level 1:colcon.colcon_core.environment:checking '/home/eia/rbi_2025/rov/rov_ws/install/direct_control' for CMake config files
[5.579s] Level 1:colcon.colcon_core.environment:checking '/home/eia/rbi_2025/rov/rov_ws/install/direct_control/lib'
[5.579s] Level 1:colcon.colcon_core.environment:checking '/home/eia/rbi_2025/rov/rov_ws/install/direct_control/bin'
[5.580s] Level 1:colcon.colcon_core.environment:checking '/home/eia/rbi_2025/rov/rov_ws/install/direct_control/lib/pkgconfig/direct_control.pc'
[5.580s] Level 1:colcon.colcon_core.environment:checking '/home/eia/rbi_2025/rov/rov_ws/install/direct_control/lib/python3.10/site-packages'
[5.580s] Level 1:colcon.colcon_core.shell:create_environment_hook('direct_control', 'pythonpath')
[5.581s] INFO:colcon.colcon_core.shell:Creating environment hook '/home/eia/rbi_2025/rov/rov_ws/install/direct_control/share/direct_control/hook/pythonpath.ps1'
[5.582s] INFO:colcon.colcon_core.shell:Creating environment descriptor '/home/eia/rbi_2025/rov/rov_ws/install/direct_control/share/direct_control/hook/pythonpath.dsv'
[5.582s] INFO:colcon.colcon_core.shell:Creating environment hook '/home/eia/rbi_2025/rov/rov_ws/install/direct_control/share/direct_control/hook/pythonpath.sh'
[5.583s] Level 1:colcon.colcon_core.environment:checking '/home/eia/rbi_2025/rov/rov_ws/install/direct_control/bin'
[5.583s] Level 1:colcon.colcon_core.environment:create_environment_scripts_only(direct_control)
[5.584s] INFO:colcon.colcon_core.shell:Creating package script '/home/eia/rbi_2025/rov/rov_ws/install/direct_control/share/direct_control/package.ps1'
[5.585s] INFO:colcon.colcon_core.shell:Creating package descriptor '/home/eia/rbi_2025/rov/rov_ws/install/direct_control/share/direct_control/package.dsv'
[5.587s] INFO:colcon.colcon_core.shell:Creating package script '/home/eia/rbi_2025/rov/rov_ws/install/direct_control/share/direct_control/package.sh'
[5.588s] INFO:colcon.colcon_core.shell:Creating package script '/home/eia/rbi_2025/rov/rov_ws/install/direct_control/share/direct_control/package.bash'
[5.590s] INFO:colcon.colcon_core.shell:Creating package script '/home/eia/rbi_2025/rov/rov_ws/install/direct_control/share/direct_control/package.zsh'
[5.590s] Level 1:colcon.colcon_core.environment:create_file_with_runtime_dependencies(/home/eia/rbi_2025/rov/rov_ws/install/direct_control/share/colcon-core/packages/direct_control)
[5.653s] Level 1:colcon.colcon_core.shell:create_environment_hook('rov_position_controller', 'pythonpath_develop')
[5.653s] INFO:colcon.colcon_core.shell:Creating environment hook '/home/eia/rbi_2025/rov/rov_ws/build/rov_position_controller/share/rov_position_controller/hook/pythonpath_develop.ps1'
[5.654s] DEBUG:colcon.colcon_core.event_handler.log_command:Invoked command in '/home/eia/rbi_2025/rov/rov_ws/build/rov_position_controller' returned '0': PYTHONPATH=/home/eia/rbi_2025/rov/rov_ws/build/rov_position_controller/prefix_override:/home/eia/.local/lib/python3.10/site-packages/colcon_core/task/python/colcon_distutils_commands:/home/eia/rbi_2025/rov/rov_ws/install/rov_position_controller/lib/python3.10/site-packages:${PYTHONPATH} /usr/bin/python3 -W ignore:setup.py install is deprecated -W ignore:easy_install command is deprecated setup.py develop --editable --build-directory /home/eia/rbi_2025/rov/rov_ws/build/rov_position_controller/build --no-deps symlink_data
[5.656s] INFO:colcon.colcon_core.shell:Creating environment descriptor '/home/eia/rbi_2025/rov/rov_ws/build/rov_position_controller/share/rov_position_controller/hook/pythonpath_develop.dsv'
[5.656s] INFO:colcon.colcon_core.shell:Creating environment hook '/home/eia/rbi_2025/rov/rov_ws/build/rov_position_controller/share/rov_position_controller/hook/pythonpath_develop.sh'
[5.657s] Level 1:colcon.colcon_core.environment:checking '/home/eia/rbi_2025/rov/rov_ws/install/rov_position_controller' for CMake module files
[5.658s] Level 1:colcon.colcon_core.environment:checking '/home/eia/rbi_2025/rov/rov_ws/install/rov_position_controller' for CMake config files
[5.659s] Level 1:colcon.colcon_core.environment:checking '/home/eia/rbi_2025/rov/rov_ws/install/rov_position_controller/lib'
[5.659s] Level 1:colcon.colcon_core.environment:checking '/home/eia/rbi_2025/rov/rov_ws/install/rov_position_controller/bin'
[5.659s] Level 1:colcon.colcon_core.environment:checking '/home/eia/rbi_2025/rov/rov_ws/install/rov_position_controller/lib/pkgconfig/rov_position_controller.pc'
[5.659s] Level 1:colcon.colcon_core.environment:checking '/home/eia/rbi_2025/rov/rov_ws/install/rov_position_controller/lib/python3.10/site-packages'
[5.659s] Level 1:colcon.colcon_core.shell:create_environment_hook('rov_position_controller', 'pythonpath')
[5.660s] INFO:colcon.colcon_core.shell:Creating environment hook '/home/eia/rbi_2025/rov/rov_ws/install/rov_position_controller/share/rov_position_controller/hook/pythonpath.ps1'
[5.661s] INFO:colcon.colcon_core.shell:Creating environment descriptor '/home/eia/rbi_2025/rov/rov_ws/install/rov_position_controller/share/rov_position_controller/hook/pythonpath.dsv'
[5.661s] INFO:colcon.colcon_core.shell:Creating environment hook '/home/eia/rbi_2025/rov/rov_ws/install/rov_position_controller/share/rov_position_controller/hook/pythonpath.sh'
[5.662s] Level 1:colcon.colcon_core.environment:checking '/home/eia/rbi_2025/rov/rov_ws/install/rov_position_controller/bin'
[5.662s] Level 1:colcon.colcon_core.environment:create_environment_scripts_only(rov_position_controller)
[5.663s] INFO:colcon.colcon_core.shell:Creating package script '/home/eia/rbi_2025/rov/rov_ws/install/rov_position_controller/share/rov_position_controller/package.ps1'
[5.664s] INFO:colcon.colcon_core.shell:Creating package descriptor '/home/eia/rbi_2025/rov/rov_ws/install/rov_position_controller/share/rov_position_controller/package.dsv'
[5.665s] INFO:colcon.colcon_core.shell:Creating package script '/home/eia/rbi_2025/rov/rov_ws/install/rov_position_controller/share/rov_position_controller/package.sh'
[5.665s] INFO:colcon.colcon_core.shell:Creating package script '/home/eia/rbi_2025/rov/rov_ws/install/rov_position_controller/share/rov_position_controller/package.bash'
[5.666s] INFO:colcon.colcon_core.shell:Creating package script '/home/eia/rbi_2025/rov/rov_ws/install/rov_position_controller/share/rov_position_controller/package.zsh'
[5.666s] Level 1:colcon.colcon_core.environment:create_file_with_runtime_dependencies(/home/eia/rbi_2025/rov/rov_ws/install/rov_position_controller/share/colcon-core/packages/rov_position_controller)
[5.689s] Level 1:colcon.colcon_core.shell:create_environment_hook('rov_path_generator', 'pythonpath_develop')
[5.689s] INFO:colcon.colcon_core.shell:Creating environment hook '/home/eia/rbi_2025/rov/rov_ws/build/rov_path_generator/share/rov_path_generator/hook/pythonpath_develop.ps1'
[5.690s] DEBUG:colcon.colcon_core.event_handler.log_command:Invoked command in '/home/eia/rbi_2025/rov/rov_ws/build/rov_path_generator' returned '0': PYTHONPATH=/home/eia/rbi_2025/rov/rov_ws/build/rov_path_generator/prefix_override:/home/eia/.local/lib/python3.10/site-packages/colcon_core/task/python/colcon_distutils_commands:/home/eia/rbi_2025/rov/rov_ws/install/rov_path_generator/lib/python3.10/site-packages:${PYTHONPATH} /usr/bin/python3 -W ignore:setup.py install is deprecated -W ignore:easy_install command is deprecated setup.py develop --editable --build-directory /home/eia/rbi_2025/rov/rov_ws/build/rov_path_generator/build --no-deps symlink_data
[5.690s] INFO:colcon.colcon_core.shell:Creating environment descriptor '/home/eia/rbi_2025/rov/rov_ws/build/rov_path_generator/share/rov_path_generator/hook/pythonpath_develop.dsv'
[5.691s] INFO:colcon.colcon_core.shell:Creating environment hook '/home/eia/rbi_2025/rov/rov_ws/build/rov_path_generator/share/rov_path_generator/hook/pythonpath_develop.sh'
[5.691s] Level 1:colcon.colcon_core.environment:checking '/home/eia/rbi_2025/rov/rov_ws/install/rov_path_generator' for CMake module files
[5.692s] Level 1:colcon.colcon_core.environment:checking '/home/eia/rbi_2025/rov/rov_ws/install/rov_path_generator' for CMake config files
[5.692s] Level 1:colcon.colcon_core.environment:checking '/home/eia/rbi_2025/rov/rov_ws/install/rov_path_generator/lib'
[5.693s] Level 1:colcon.colcon_core.environment:checking '/home/eia/rbi_2025/rov/rov_ws/install/rov_path_generator/bin'
[5.693s] Level 1:colcon.colcon_core.environment:checking '/home/eia/rbi_2025/rov/rov_ws/install/rov_path_generator/lib/pkgconfig/rov_path_generator.pc'
[5.693s] Level 1:colcon.colcon_core.environment:checking '/home/eia/rbi_2025/rov/rov_ws/install/rov_path_generator/lib/python3.10/site-packages'
[5.693s] Level 1:colcon.colcon_core.shell:create_environment_hook('rov_path_generator', 'pythonpath')
[5.693s] INFO:colcon.colcon_core.shell:Creating environment hook '/home/eia/rbi_2025/rov/rov_ws/install/rov_path_generator/share/rov_path_generator/hook/pythonpath.ps1'
[5.694s] INFO:colcon.colcon_core.shell:Creating environment descriptor '/home/eia/rbi_2025/rov/rov_ws/install/rov_path_generator/share/rov_path_generator/hook/pythonpath.dsv'
[5.694s] INFO:colcon.colcon_core.shell:Creating environment hook '/home/eia/rbi_2025/rov/rov_ws/install/rov_path_generator/share/rov_path_generator/hook/pythonpath.sh'
[5.695s] Level 1:colcon.colcon_core.environment:checking '/home/eia/rbi_2025/rov/rov_ws/install/rov_path_generator/bin'
[5.695s] Level 1:colcon.colcon_core.environment:create_environment_scripts_only(rov_path_generator)
[5.695s] INFO:colcon.colcon_core.shell:Creating package script '/home/eia/rbi_2025/rov/rov_ws/install/rov_path_generator/share/rov_path_generator/package.ps1'
[5.696s] INFO:colcon.colcon_core.shell:Creating package descriptor '/home/eia/rbi_2025/rov/rov_ws/install/rov_path_generator/share/rov_path_generator/package.dsv'
[5.696s] INFO:colcon.colcon_core.shell:Creating package script '/home/eia/rbi_2025/rov/rov_ws/install/rov_path_generator/share/rov_path_generator/package.sh'
[5.697s] INFO:colcon.colcon_core.shell:Creating package script '/home/eia/rbi_2025/rov/rov_ws/install/rov_path_generator/share/rov_path_generator/package.bash'
[5.697s] INFO:colcon.colcon_core.shell:Creating package script '/home/eia/rbi_2025/rov/rov_ws/install/rov_path_generator/share/rov_path_generator/package.zsh'
[5.698s] Level 1:colcon.colcon_core.environment:create_file_with_runtime_dependencies(/home/eia/rbi_2025/rov/rov_ws/install/rov_path_generator/share/colcon-core/packages/rov_path_generator)
[5.724s] Level 1:colcon.colcon_core.shell:create_environment_hook('rov_path_follower', 'pythonpath_develop')
[5.724s] INFO:colcon.colcon_core.shell:Creating environment hook '/home/eia/rbi_2025/rov/rov_ws/build/rov_path_follower/share/rov_path_follower/hook/pythonpath_develop.ps1'
[5.725s] DEBUG:colcon.colcon_core.event_handler.log_command:Invoked command in '/home/eia/rbi_2025/rov/rov_ws/build/rov_path_follower' returned '0': PYTHONPATH=/home/eia/rbi_2025/rov/rov_ws/build/rov_path_follower/prefix_override:/home/eia/.local/lib/python3.10/site-packages/colcon_core/task/python/colcon_distutils_commands:/home/eia/rbi_2025/rov/rov_ws/install/rov_path_follower/lib/python3.10/site-packages:${PYTHONPATH} /usr/bin/python3 -W ignore:setup.py install is deprecated -W ignore:easy_install command is deprecated setup.py develop --editable --build-directory /home/eia/rbi_2025/rov/rov_ws/build/rov_path_follower/build --no-deps symlink_data
[5.726s] INFO:colcon.colcon_core.shell:Creating environment descriptor '/home/eia/rbi_2025/rov/rov_ws/build/rov_path_follower/share/rov_path_follower/hook/pythonpath_develop.dsv'
[5.727s] INFO:colcon.colcon_core.shell:Creating environment hook '/home/eia/rbi_2025/rov/rov_ws/build/rov_path_follower/share/rov_path_follower/hook/pythonpath_develop.sh'
[5.728s] Level 1:colcon.colcon_core.environment:checking '/home/eia/rbi_2025/rov/rov_ws/install/rov_path_follower' for CMake module files
[5.729s] Level 1:colcon.colcon_core.environment:checking '/home/eia/rbi_2025/rov/rov_ws/install/rov_path_follower' for CMake config files
[5.729s] Level 1:colcon.colcon_core.environment:checking '/home/eia/rbi_2025/rov/rov_ws/install/rov_path_follower/lib'
[5.729s] Level 1:colcon.colcon_core.environment:checking '/home/eia/rbi_2025/rov/rov_ws/install/rov_path_follower/bin'
[5.729s] Level 1:colcon.colcon_core.environment:checking '/home/eia/rbi_2025/rov/rov_ws/install/rov_path_follower/lib/pkgconfig/rov_path_follower.pc'
[5.730s] Level 1:colcon.colcon_core.environment:checking '/home/eia/rbi_2025/rov/rov_ws/install/rov_path_follower/lib/python3.10/site-packages'
[5.730s] Level 1:colcon.colcon_core.shell:create_environment_hook('rov_path_follower', 'pythonpath')
[5.730s] INFO:colcon.colcon_core.shell:Creating environment hook '/home/eia/rbi_2025/rov/rov_ws/install/rov_path_follower/share/rov_path_follower/hook/pythonpath.ps1'
[5.730s] INFO:colcon.colcon_core.shell:Creating environment descriptor '/home/eia/rbi_2025/rov/rov_ws/install/rov_path_follower/share/rov_path_follower/hook/pythonpath.dsv'
[5.731s] INFO:colcon.colcon_core.shell:Creating environment hook '/home/eia/rbi_2025/rov/rov_ws/install/rov_path_follower/share/rov_path_follower/hook/pythonpath.sh'
[5.731s] Level 1:colcon.colcon_core.environment:checking '/home/eia/rbi_2025/rov/rov_ws/install/rov_path_follower/bin'
[5.731s] Level 1:colcon.colcon_core.environment:create_environment_scripts_only(rov_path_follower)
[5.732s] INFO:colcon.colcon_core.shell:Creating package script '/home/eia/rbi_2025/rov/rov_ws/install/rov_path_follower/share/rov_path_follower/package.ps1'
[5.733s] INFO:colcon.colcon_core.shell:Creating package descriptor '/home/eia/rbi_2025/rov/rov_ws/install/rov_path_follower/share/rov_path_follower/package.dsv'
[5.733s] INFO:colcon.colcon_core.shell:Creating package script '/home/eia/rbi_2025/rov/rov_ws/install/rov_path_follower/share/rov_path_follower/package.sh'
[5.734s] INFO:colcon.colcon_core.shell:Creating package script '/home/eia/rbi_2025/rov/rov_ws/install/rov_path_follower/share/rov_path_follower/package.bash'
[5.734s] INFO:colcon.colcon_core.shell:Creating package script '/home/eia/rbi_2025/rov/rov_ws/install/rov_path_follower/share/rov_path_follower/package.zsh'
[5.735s] Level 1:colcon.colcon_core.environment:create_file_with_runtime_dependencies(/home/eia/rbi_2025/rov/rov_ws/install/rov_path_follower/share/colcon-core/packages/rov_path_follower)
[5.835s] Level 1:colcon.colcon_core.shell:create_environment_hook('rov_attitude_controller', 'pythonpath_develop')
[5.835s] INFO:colcon.colcon_core.shell:Creating environment hook '/home/eia/rbi_2025/rov/rov_ws/build/rov_attitude_controller/share/rov_attitude_controller/hook/pythonpath_develop.ps1'
[5.836s] DEBUG:colcon.colcon_core.event_handler.log_command:Invoked command in '/home/eia/rbi_2025/rov/rov_ws/build/rov_attitude_controller' returned '0': PYTHONPATH=/home/eia/rbi_2025/rov/rov_ws/build/rov_attitude_controller/prefix_override:/home/eia/.local/lib/python3.10/site-packages/colcon_core/task/python/colcon_distutils_commands:/home/eia/rbi_2025/rov/rov_ws/install/rov_attitude_controller/lib/python3.10/site-packages:${PYTHONPATH} /usr/bin/python3 -W ignore:setup.py install is deprecated -W ignore:easy_install command is deprecated setup.py develop --editable --build-directory /home/eia/rbi_2025/rov/rov_ws/build/rov_attitude_controller/build --no-deps symlink_data
[5.836s] INFO:colcon.colcon_core.shell:Creating environment descriptor '/home/eia/rbi_2025/rov/rov_ws/build/rov_attitude_controller/share/rov_attitude_controller/hook/pythonpath_develop.dsv'
[5.837s] INFO:colcon.colcon_core.shell:Creating environment hook '/home/eia/rbi_2025/rov/rov_ws/build/rov_attitude_controller/share/rov_attitude_controller/hook/pythonpath_develop.sh'
[5.837s] Level 1:colcon.colcon_core.environment:checking '/home/eia/rbi_2025/rov/rov_ws/install/rov_attitude_controller' for CMake module files
[5.838s] Level 1:colcon.colcon_core.environment:checking '/home/eia/rbi_2025/rov/rov_ws/install/rov_attitude_controller' for CMake config files
[5.838s] Level 1:colcon.colcon_core.environment:checking '/home/eia/rbi_2025/rov/rov_ws/install/rov_attitude_controller/lib'
[5.838s] Level 1:colcon.colcon_core.environment:checking '/home/eia/rbi_2025/rov/rov_ws/install/rov_attitude_controller/bin'
[5.838s] Level 1:colcon.colcon_core.environment:checking '/home/eia/rbi_2025/rov/rov_ws/install/rov_attitude_controller/lib/pkgconfig/rov_attitude_controller.pc'
[5.839s] Level 1:colcon.colcon_core.environment:checking '/home/eia/rbi_2025/rov/rov_ws/install/rov_attitude_controller/lib/python3.10/site-packages'
[5.839s] Level 1:colcon.colcon_core.shell:create_environment_hook('rov_attitude_controller', 'pythonpath')
[5.839s] INFO:colcon.colcon_core.shell:Creating environment hook '/home/eia/rbi_2025/rov/rov_ws/install/rov_attitude_controller/share/rov_attitude_controller/hook/pythonpath.ps1'
[5.839s] INFO:colcon.colcon_core.shell:Creating environment descriptor '/home/eia/rbi_2025/rov/rov_ws/install/rov_attitude_controller/share/rov_attitude_controller/hook/pythonpath.dsv'
[5.840s] INFO:colcon.colcon_core.shell:Creating environment hook '/home/eia/rbi_2025/rov/rov_ws/install/rov_attitude_controller/share/rov_attitude_controller/hook/pythonpath.sh'
[5.840s] Level 1:colcon.colcon_core.environment:checking '/home/eia/rbi_2025/rov/rov_ws/install/rov_attitude_controller/bin'
[5.840s] Level 1:colcon.colcon_core.environment:create_environment_scripts_only(rov_attitude_controller)
[5.841s] INFO:colcon.colcon_core.shell:Creating package script '/home/eia/rbi_2025/rov/rov_ws/install/rov_attitude_controller/share/rov_attitude_controller/package.ps1'
[5.841s] INFO:colcon.colcon_core.shell:Creating package descriptor '/home/eia/rbi_2025/rov/rov_ws/install/rov_attitude_controller/share/rov_attitude_controller/package.dsv'
[5.842s] INFO:colcon.colcon_core.shell:Creating package script '/home/eia/rbi_2025/rov/rov_ws/install/rov_attitude_controller/share/rov_attitude_controller/package.sh'
[5.842s] INFO:colcon.colcon_core.shell:Creating package script '/home/eia/rbi_2025/rov/rov_ws/install/rov_attitude_controller/share/rov_attitude_controller/package.bash'
[5.843s] INFO:colcon.colcon_core.shell:Creating package script '/home/eia/rbi_2025/rov/rov_ws/install/rov_attitude_controller/share/rov_attitude_controller/package.zsh'
[5.843s] Level 1:colcon.colcon_core.environment:create_file_with_runtime_dependencies(/home/eia/rbi_2025/rov/rov_ws/install/rov_attitude_controller/share/colcon-core/packages/rov_attitude_controller)
[20.738s] DEBUG:colcon.colcon_core.event_handler.log_command:Invoked command in '/home/eia/rbi_2025/rov/rov_ws/build/rov_controllers' returned '0': CMAKE_PREFIX_PATH=${CMAKE_PREFIX_PATH}:/home/eia/repo/rbi_2025_2/rov/rov_ws/install/rov_position_controller:/home/eia/repo/rbi_2025_2/rov/rov_ws/install/rov_path_generator:/home/eia/repo/rbi_2025_2/rov/rov_ws/install/rov_path_follower:/home/eia/repo/rbi_2025_2/rov/rov_ws/install/rov_attitude_controller:/home/eia/repo/rbi_2025_2/rov/rov_ws/install/direct_control:/opt/ros/humble /usr/bin/cmake --build /home/eia/rbi_2025/rov/rov_ws/build/rov_controllers -- -j12 -l12
[20.740s] DEBUG:colcon.colcon_core.event_handler.log_command:Invoking command in '/home/eia/rbi_2025/rov/rov_ws/build/rov_controllers': CMAKE_PREFIX_PATH=${CMAKE_PREFIX_PATH}:/home/eia/repo/rbi_2025_2/rov/rov_ws/install/rov_position_controller:/home/eia/repo/rbi_2025_2/rov/rov_ws/install/rov_path_generator:/home/eia/repo/rbi_2025_2/rov/rov_ws/install/rov_path_follower:/home/eia/repo/rbi_2025_2/rov/rov_ws/install/rov_attitude_controller:/home/eia/repo/rbi_2025_2/rov/rov_ws/install/direct_control:/opt/ros/humble /usr/bin/cmake --install /home/eia/rbi_2025/rov/rov_ws/build/rov_controllers
[20.962s] Level 1:colcon.colcon_core.environment:create_environment_scripts_only(rov_controllers)
[20.962s] Level 1:colcon.colcon_core.environment:checking '/home/eia/rbi_2025/rov/rov_ws/install/rov_controllers' for CMake module files
[20.963s] DEBUG:colcon.colcon_core.event_handler.log_command:Invoked command in '/home/eia/rbi_2025/rov/rov_ws/build/rov_controllers' returned '0': CMAKE_PREFIX_PATH=${CMAKE_PREFIX_PATH}:/home/eia/repo/rbi_2025_2/rov/rov_ws/install/rov_position_controller:/home/eia/repo/rbi_2025_2/rov/rov_ws/install/rov_path_generator:/home/eia/repo/rbi_2025_2/rov/rov_ws/install/rov_path_follower:/home/eia/repo/rbi_2025_2/rov/rov_ws/install/rov_attitude_controller:/home/eia/repo/rbi_2025_2/rov/rov_ws/install/direct_control:/opt/ros/humble /usr/bin/cmake --install /home/eia/rbi_2025/rov/rov_ws/build/rov_controllers
[20.963s] Level 1:colcon.colcon_core.environment:checking '/home/eia/rbi_2025/rov/rov_ws/install/rov_controllers' for CMake config files
[20.964s] Level 1:colcon.colcon_core.shell:create_environment_hook('rov_controllers', 'cmake_prefix_path')
[20.964s] INFO:colcon.colcon_core.shell:Creating environment hook '/home/eia/rbi_2025/rov/rov_ws/install/rov_controllers/share/rov_controllers/hook/cmake_prefix_path.ps1'
[20.964s] INFO:colcon.colcon_core.shell:Creating environment descriptor '/home/eia/rbi_2025/rov/rov_ws/install/rov_controllers/share/rov_controllers/hook/cmake_prefix_path.dsv'
[20.965s] INFO:colcon.colcon_core.shell:Creating environment hook '/home/eia/rbi_2025/rov/rov_ws/install/rov_controllers/share/rov_controllers/hook/cmake_prefix_path.sh'
[20.965s] Level 1:colcon.colcon_core.environment:checking '/home/eia/rbi_2025/rov/rov_ws/install/rov_controllers/lib'
[20.965s] Level 1:colcon.colcon_core.shell:create_environment_hook('rov_controllers', 'ld_library_path_lib')
[20.966s] INFO:colcon.colcon_core.shell:Creating environment hook '/home/eia/rbi_2025/rov/rov_ws/install/rov_controllers/share/rov_controllers/hook/ld_library_path_lib.ps1'
[20.966s] INFO:colcon.colcon_core.shell:Creating environment descriptor '/home/eia/rbi_2025/rov/rov_ws/install/rov_controllers/share/rov_controllers/hook/ld_library_path_lib.dsv'
[20.967s] INFO:colcon.colcon_core.shell:Creating environment hook '/home/eia/rbi_2025/rov/rov_ws/install/rov_controllers/share/rov_controllers/hook/ld_library_path_lib.sh'
[20.967s] Level 1:colcon.colcon_core.environment:checking '/home/eia/rbi_2025/rov/rov_ws/install/rov_controllers/bin'
[20.967s] Level 1:colcon.colcon_core.environment:checking '/home/eia/rbi_2025/rov/rov_ws/install/rov_controllers/lib/pkgconfig/rov_controllers.pc'
[20.967s] Level 1:colcon.colcon_core.environment:checking '/home/eia/rbi_2025/rov/rov_ws/install/rov_controllers/lib/python3.10/site-packages'
[20.968s] Level 1:colcon.colcon_core.environment:checking '/home/eia/rbi_2025/rov/rov_ws/install/rov_controllers/bin'
[20.968s] INFO:colcon.colcon_core.shell:Creating package script '/home/eia/rbi_2025/rov/rov_ws/install/rov_controllers/share/rov_controllers/package.ps1'
[20.968s] INFO:colcon.colcon_core.shell:Creating package descriptor '/home/eia/rbi_2025/rov/rov_ws/install/rov_controllers/share/rov_controllers/package.dsv'
[20.969s] INFO:colcon.colcon_core.shell:Creating package script '/home/eia/rbi_2025/rov/rov_ws/install/rov_controllers/share/rov_controllers/package.sh'
[20.969s] INFO:colcon.colcon_core.shell:Creating package script '/home/eia/rbi_2025/rov/rov_ws/install/rov_controllers/share/rov_controllers/package.bash'
[20.970s] INFO:colcon.colcon_core.shell:Creating package script '/home/eia/rbi_2025/rov/rov_ws/install/rov_controllers/share/rov_controllers/package.zsh'
[20.970s] Level 1:colcon.colcon_core.environment:create_file_with_runtime_dependencies(/home/eia/rbi_2025/rov/rov_ws/install/rov_controllers/share/colcon-core/packages/rov_controllers)
[20.971s] Level 1:colcon.colcon_core.environment:create_environment_scripts_only(rov_controllers)
[20.971s] Level 1:colcon.colcon_core.environment:checking '/home/eia/rbi_2025/rov/rov_ws/install/rov_controllers' for CMake module files
[20.971s] Level 1:colcon.colcon_core.environment:checking '/home/eia/rbi_2025/rov/rov_ws/install/rov_controllers' for CMake config files
[20.972s] Level 1:colcon.colcon_core.shell:create_environment_hook('rov_controllers', 'cmake_prefix_path')
[20.972s] INFO:colcon.colcon_core.shell:Creating environment hook '/home/eia/rbi_2025/rov/rov_ws/install/rov_controllers/share/rov_controllers/hook/cmake_prefix_path.ps1'
[20.972s] INFO:colcon.colcon_core.shell:Creating environment descriptor '/home/eia/rbi_2025/rov/rov_ws/install/rov_controllers/share/rov_controllers/hook/cmake_prefix_path.dsv'
[20.973s] INFO:colcon.colcon_core.shell:Creating environment hook '/home/eia/rbi_2025/rov/rov_ws/install/rov_controllers/share/rov_controllers/hook/cmake_prefix_path.sh'
[20.973s] Level 1:colcon.colcon_core.environment:checking '/home/eia/rbi_2025/rov/rov_ws/install/rov_controllers/lib'
[20.973s] Level 1:colcon.colcon_core.shell:create_environment_hook('rov_controllers', 'ld_library_path_lib')
[20.973s] INFO:colcon.colcon_core.shell:Creating environment hook '/home/eia/rbi_2025/rov/rov_ws/install/rov_controllers/share/rov_controllers/hook/ld_library_path_lib.ps1'
[20.974s] INFO:colcon.colcon_core.shell:Creating environment descriptor '/home/eia/rbi_2025/rov/rov_ws/install/rov_controllers/share/rov_controllers/hook/ld_library_path_lib.dsv'
[20.974s] INFO:colcon.colcon_core.shell:Creating environment hook '/home/eia/rbi_2025/rov/rov_ws/install/rov_controllers/share/rov_controllers/hook/ld_library_path_lib.sh'
[20.975s] Level 1:colcon.colcon_core.environment:checking '/home/eia/rbi_2025/rov/rov_ws/install/rov_controllers/bin'
[20.975s] Level 1:colcon.colcon_core.environment:checking '/home/eia/rbi_2025/rov/rov_ws/install/rov_controllers/lib/pkgconfig/rov_controllers.pc'
[20.975s] Level 1:colcon.colcon_core.environment:checking '/home/eia/rbi_2025/rov/rov_ws/install/rov_controllers/lib/python3.10/site-packages'
[20.975s] Level 1:colcon.colcon_core.environment:checking '/home/eia/rbi_2025/rov/rov_ws/install/rov_controllers/bin'
[20.976s] INFO:colcon.colcon_core.shell:Creating package script '/home/eia/rbi_2025/rov/rov_ws/install/rov_controllers/share/rov_controllers/package.ps1'
[20.976s] INFO:colcon.colcon_core.shell:Creating package descriptor '/home/eia/rbi_2025/rov/rov_ws/install/rov_controllers/share/rov_controllers/package.dsv'
[20.977s] INFO:colcon.colcon_core.shell:Creating package script '/home/eia/rbi_2025/rov/rov_ws/install/rov_controllers/share/rov_controllers/package.sh'
[20.977s] INFO:colcon.colcon_core.shell:Creating package script '/home/eia/rbi_2025/rov/rov_ws/install/rov_controllers/share/rov_controllers/package.bash'
[20.978s] INFO:colcon.colcon_core.shell:Creating package script '/home/eia/rbi_2025/rov/rov_ws/install/rov_controllers/share/rov_controllers/package.zsh'
[20.978s] Level 1:colcon.colcon_core.environment:create_file_with_runtime_dependencies(/home/eia/rbi_2025/rov/rov_ws/install/rov_controllers/share/colcon-core/packages/rov_controllers)
[20.978s] DEBUG:colcon.colcon_parallel_executor.executor.parallel:closing loop
[20.979s] DEBUG:colcon.colcon_parallel_executor.executor.parallel:loop closed
[20.979s] DEBUG:colcon.colcon_parallel_executor.executor.parallel:run_until_complete finished with '0'
[20.979s] DEBUG:colcon.colcon_core.event_reactor:joining thread
[20.985s] INFO:colcon.colcon_core.plugin_system:Skipping extension 'colcon_notification.desktop_notification.terminal_notifier': Not used on non-Darwin systems
[20.985s] INFO:colcon.colcon_core.plugin_system:Skipping extension 'colcon_notification.desktop_notification.win32': Not used on non-Windows systems
[20.985s] INFO:colcon.colcon_notification.desktop_notification:Sending desktop notification using 'notify2'
[20.997s] DEBUG:colcon.colcon_core.event_reactor:joined thread
[20.997s] INFO:colcon.colcon_core.shell:Creating prefix script '/home/eia/rbi_2025/rov/rov_ws/install/local_setup.ps1'
[20.998s] INFO:colcon.colcon_core.shell:Creating prefix util module '/home/eia/rbi_2025/rov/rov_ws/install/_local_setup_util_ps1.py'
[21.000s] INFO:colcon.colcon_core.shell:Creating prefix chain script '/home/eia/rbi_2025/rov/rov_ws/install/setup.ps1'
[21.002s] INFO:colcon.colcon_core.shell:Creating prefix script '/home/eia/rbi_2025/rov/rov_ws/install/local_setup.sh'
[21.002s] INFO:colcon.colcon_core.shell:Creating prefix util module '/home/eia/rbi_2025/rov/rov_ws/install/_local_setup_util_sh.py'
[21.003s] INFO:colcon.colcon_core.shell:Creating prefix chain script '/home/eia/rbi_2025/rov/rov_ws/install/setup.sh'
[21.005s] INFO:colcon.colcon_core.shell:Creating prefix script '/home/eia/rbi_2025/rov/rov_ws/install/local_setup.bash'
[21.005s] INFO:colcon.colcon_core.shell:Creating prefix chain script '/home/eia/rbi_2025/rov/rov_ws/install/setup.bash'
[21.007s] INFO:colcon.colcon_core.shell:Creating prefix script '/home/eia/rbi_2025/rov/rov_ws/install/local_setup.zsh'
[21.007s] INFO:colcon.colcon_core.shell:Creating prefix chain script '/home/eia/rbi_2025/rov/rov_ws/install/setup.zsh'
