[0.609s] DEBUG:colcon:Command line arguments: ['/home/eia/.local/bin/colcon', 'build', '--symlink-install']
[0.610s] DEBUG:colcon:Parsed command line arguments: Namespace(log_base=None, log_level=None, verb_name='build', build_base='build', install_base='install', merge_install=False, symlink_install=True, test_result_base=None, continue_on_error=False, executor='parallel', parallel_workers=12, event_handlers=None, ignore_user_meta=False, metas=['./colcon.meta'], base_paths=['.'], packages_ignore=None, packages_ignore_regex=None, paths=None, packages_up_to=None, packages_up_to_regex=None, packages_above=None, packages_above_and_dependencies=None, packages_above_depth=None, packages_select_by_dep=None, packages_skip_by_dep=None, packages_skip_up_to=None, packages_select_build_failed=False, packages_skip_build_finished=False, packages_select_test_failures=False, packages_skip_test_passed=False, packages_select=None, packages_skip=None, packages_select_regex=None, packages_skip_regex=None, packages_start=None, packages_end=None, allow_overriding=[], cmake_args=None, cmake_target=None, cmake_target_skip_unavailable=False, cmake_clean_cache=False, cmake_clean_first=False, cmake_force_configure=False, ament_cmake_args=None, catkin_cmake_args=None, catkin_skip_building_tests=False, mixin_files=None, mixin=None, verb_parser=<colcon_mixin.mixin.mixin_argument.MixinArgumentDecorator object at 0x7484b4d758a0>, verb_extension=<colcon_core.verb.build.BuildVerb object at 0x7484b4ef9ed0>, main=<bound method BuildVerb.main of <colcon_core.verb.build.BuildVerb object at 0x7484b4ef9ed0>>, mixin_verb=('build',))
[1.358s] Level 1:colcon.colcon_core.package_discovery:discover_packages(colcon_meta) check parameters
[1.358s] Level 1:colcon.colcon_core.package_discovery:discover_packages(recursive) check parameters
[1.359s] Level 1:colcon.colcon_core.package_discovery:discover_packages(ignore) check parameters
[1.359s] Level 1:colcon.colcon_core.package_discovery:discover_packages(path) check parameters
[1.359s] Level 1:colcon.colcon_core.package_discovery:discover_packages(colcon_meta) discover
[1.359s] Level 1:colcon.colcon_core.package_discovery:discover_packages(recursive) discover
[1.359s] INFO:colcon.colcon_core.package_discovery:Crawling recursively for packages in '/home/eia/rbi_2025/scara/scara_ws'
[1.359s] Level 1:colcon.colcon_core.package_identification:_identify(.) by extensions ['ignore', 'ignore_ament_install']
[1.360s] Level 1:colcon.colcon_core.package_identification:_identify(.) by extension 'ignore'
[1.360s] Level 1:colcon.colcon_core.package_identification:_identify(.) by extension 'ignore_ament_install'
[1.360s] Level 1:colcon.colcon_core.package_identification:_identify(.) by extensions ['colcon_pkg']
[1.360s] Level 1:colcon.colcon_core.package_identification:_identify(.) by extension 'colcon_pkg'
[1.361s] Level 1:colcon.colcon_core.package_identification:_identify(.) by extensions ['colcon_meta']
[1.361s] Level 1:colcon.colcon_core.package_identification:_identify(.) by extension 'colcon_meta'
[1.361s] Level 1:colcon.colcon_core.package_identification:_identify(.) by extensions ['ros']
[1.361s] Level 1:colcon.colcon_core.package_identification:_identify(.) by extension 'ros'
[1.436s] Level 1:colcon.colcon_core.package_identification:_identify(.) by extensions ['cmake', 'python']
[1.436s] Level 1:colcon.colcon_core.package_identification:_identify(.) by extension 'cmake'
[1.436s] Level 1:colcon.colcon_core.package_identification:_identify(.) by extension 'python'
[1.436s] Level 1:colcon.colcon_core.package_identification:_identify(.) by extensions ['python_setup_py']
[1.436s] Level 1:colcon.colcon_core.package_identification:_identify(.) by extension 'python_setup_py'
[1.437s] Level 1:colcon.colcon_core.package_identification:_identify(build) by extensions ['ignore', 'ignore_ament_install']
[1.437s] Level 1:colcon.colcon_core.package_identification:_identify(build) by extension 'ignore'
[1.437s] Level 1:colcon.colcon_core.package_identification:_identify(build) ignored
[1.438s] Level 1:colcon.colcon_core.package_identification:_identify(install) by extensions ['ignore', 'ignore_ament_install']
[1.438s] Level 1:colcon.colcon_core.package_identification:_identify(install) by extension 'ignore'
[1.438s] Level 1:colcon.colcon_core.package_identification:_identify(install) ignored
[1.438s] Level 1:colcon.colcon_core.package_identification:_identify(log) by extensions ['ignore', 'ignore_ament_install']
[1.439s] Level 1:colcon.colcon_core.package_identification:_identify(log) by extension 'ignore'
[1.439s] Level 1:colcon.colcon_core.package_identification:_identify(log) ignored
[1.439s] Level 1:colcon.colcon_core.package_identification:_identify(mujoco) by extensions ['ignore', 'ignore_ament_install']
[1.440s] Level 1:colcon.colcon_core.package_identification:_identify(mujoco) by extension 'ignore'
[1.440s] Level 1:colcon.colcon_core.package_identification:_identify(mujoco) by extension 'ignore_ament_install'
[1.440s] Level 1:colcon.colcon_core.package_identification:_identify(mujoco) by extensions ['colcon_pkg']
[1.440s] Level 1:colcon.colcon_core.package_identification:_identify(mujoco) by extension 'colcon_pkg'
[1.440s] Level 1:colcon.colcon_core.package_identification:_identify(mujoco) by extensions ['colcon_meta']
[1.440s] Level 1:colcon.colcon_core.package_identification:_identify(mujoco) by extension 'colcon_meta'
[1.440s] Level 1:colcon.colcon_core.package_identification:_identify(mujoco) by extensions ['ros']
[1.441s] Level 1:colcon.colcon_core.package_identification:_identify(mujoco) by extension 'ros'
[1.441s] Level 1:colcon.colcon_core.package_identification:_identify(mujoco) by extensions ['cmake', 'python']
[1.441s] Level 1:colcon.colcon_core.package_identification:_identify(mujoco) by extension 'cmake'
[1.441s] Level 1:colcon.colcon_core.package_identification:_identify(mujoco) by extension 'python'
[1.441s] Level 1:colcon.colcon_core.package_identification:_identify(mujoco) by extensions ['python_setup_py']
[1.441s] Level 1:colcon.colcon_core.package_identification:_identify(mujoco) by extension 'python_setup_py'
[1.442s] Level 1:colcon.colcon_core.package_identification:_identify(mujoco/bin) by extensions ['ignore', 'ignore_ament_install']
[1.442s] Level 1:colcon.colcon_core.package_identification:_identify(mujoco/bin) by extension 'ignore'
[1.442s] Level 1:colcon.colcon_core.package_identification:_identify(mujoco/bin) by extension 'ignore_ament_install'
[1.442s] Level 1:colcon.colcon_core.package_identification:_identify(mujoco/bin) by extensions ['colcon_pkg']
[1.443s] Level 1:colcon.colcon_core.package_identification:_identify(mujoco/bin) by extension 'colcon_pkg'
[1.443s] Level 1:colcon.colcon_core.package_identification:_identify(mujoco/bin) by extensions ['colcon_meta']
[1.443s] Level 1:colcon.colcon_core.package_identification:_identify(mujoco/bin) by extension 'colcon_meta'
[1.443s] Level 1:colcon.colcon_core.package_identification:_identify(mujoco/bin) by extensions ['ros']
[1.443s] Level 1:colcon.colcon_core.package_identification:_identify(mujoco/bin) by extension 'ros'
[1.443s] Level 1:colcon.colcon_core.package_identification:_identify(mujoco/bin) by extensions ['cmake', 'python']
[1.444s] Level 1:colcon.colcon_core.package_identification:_identify(mujoco/bin) by extension 'cmake'
[1.444s] Level 1:colcon.colcon_core.package_identification:_identify(mujoco/bin) by extension 'python'
[1.444s] Level 1:colcon.colcon_core.package_identification:_identify(mujoco/bin) by extensions ['python_setup_py']
[1.444s] Level 1:colcon.colcon_core.package_identification:_identify(mujoco/bin) by extension 'python_setup_py'
[1.444s] Level 1:colcon.colcon_core.package_identification:_identify(mujoco/bin/mujoco_plugin) by extensions ['ignore', 'ignore_ament_install']
[1.445s] Level 1:colcon.colcon_core.package_identification:_identify(mujoco/bin/mujoco_plugin) by extension 'ignore'
[1.445s] Level 1:colcon.colcon_core.package_identification:_identify(mujoco/bin/mujoco_plugin) by extension 'ignore_ament_install'
[1.445s] Level 1:colcon.colcon_core.package_identification:_identify(mujoco/bin/mujoco_plugin) by extensions ['colcon_pkg']
[1.445s] Level 1:colcon.colcon_core.package_identification:_identify(mujoco/bin/mujoco_plugin) by extension 'colcon_pkg'
[1.445s] Level 1:colcon.colcon_core.package_identification:_identify(mujoco/bin/mujoco_plugin) by extensions ['colcon_meta']
[1.446s] Level 1:colcon.colcon_core.package_identification:_identify(mujoco/bin/mujoco_plugin) by extension 'colcon_meta'
[1.446s] Level 1:colcon.colcon_core.package_identification:_identify(mujoco/bin/mujoco_plugin) by extensions ['ros']
[1.446s] Level 1:colcon.colcon_core.package_identification:_identify(mujoco/bin/mujoco_plugin) by extension 'ros'
[1.446s] Level 1:colcon.colcon_core.package_identification:_identify(mujoco/bin/mujoco_plugin) by extensions ['cmake', 'python']
[1.446s] Level 1:colcon.colcon_core.package_identification:_identify(mujoco/bin/mujoco_plugin) by extension 'cmake'
[1.446s] Level 1:colcon.colcon_core.package_identification:_identify(mujoco/bin/mujoco_plugin) by extension 'python'
[1.447s] Level 1:colcon.colcon_core.package_identification:_identify(mujoco/bin/mujoco_plugin) by extensions ['python_setup_py']
[1.447s] Level 1:colcon.colcon_core.package_identification:_identify(mujoco/bin/mujoco_plugin) by extension 'python_setup_py'
[1.447s] Level 1:colcon.colcon_core.package_identification:_identify(mujoco/include) by extensions ['ignore', 'ignore_ament_install']
[1.447s] Level 1:colcon.colcon_core.package_identification:_identify(mujoco/include) by extension 'ignore'
[1.448s] Level 1:colcon.colcon_core.package_identification:_identify(mujoco/include) by extension 'ignore_ament_install'
[1.448s] Level 1:colcon.colcon_core.package_identification:_identify(mujoco/include) by extensions ['colcon_pkg']
[1.448s] Level 1:colcon.colcon_core.package_identification:_identify(mujoco/include) by extension 'colcon_pkg'
[1.448s] Level 1:colcon.colcon_core.package_identification:_identify(mujoco/include) by extensions ['colcon_meta']
[1.448s] Level 1:colcon.colcon_core.package_identification:_identify(mujoco/include) by extension 'colcon_meta'
[1.448s] Level 1:colcon.colcon_core.package_identification:_identify(mujoco/include) by extensions ['ros']
[1.448s] Level 1:colcon.colcon_core.package_identification:_identify(mujoco/include) by extension 'ros'
[1.449s] Level 1:colcon.colcon_core.package_identification:_identify(mujoco/include) by extensions ['cmake', 'python']
[1.449s] Level 1:colcon.colcon_core.package_identification:_identify(mujoco/include) by extension 'cmake'
[1.449s] Level 1:colcon.colcon_core.package_identification:_identify(mujoco/include) by extension 'python'
[1.449s] Level 1:colcon.colcon_core.package_identification:_identify(mujoco/include) by extensions ['python_setup_py']
[1.449s] Level 1:colcon.colcon_core.package_identification:_identify(mujoco/include) by extension 'python_setup_py'
[1.450s] Level 1:colcon.colcon_core.package_identification:_identify(mujoco/include/mujoco) by extensions ['ignore', 'ignore_ament_install']
[1.450s] Level 1:colcon.colcon_core.package_identification:_identify(mujoco/include/mujoco) by extension 'ignore'
[1.450s] Level 1:colcon.colcon_core.package_identification:_identify(mujoco/include/mujoco) by extension 'ignore_ament_install'
[1.450s] Level 1:colcon.colcon_core.package_identification:_identify(mujoco/include/mujoco) by extensions ['colcon_pkg']
[1.451s] Level 1:colcon.colcon_core.package_identification:_identify(mujoco/include/mujoco) by extension 'colcon_pkg'
[1.451s] Level 1:colcon.colcon_core.package_identification:_identify(mujoco/include/mujoco) by extensions ['colcon_meta']
[1.451s] Level 1:colcon.colcon_core.package_identification:_identify(mujoco/include/mujoco) by extension 'colcon_meta'
[1.451s] Level 1:colcon.colcon_core.package_identification:_identify(mujoco/include/mujoco) by extensions ['ros']
[1.451s] Level 1:colcon.colcon_core.package_identification:_identify(mujoco/include/mujoco) by extension 'ros'
[1.451s] Level 1:colcon.colcon_core.package_identification:_identify(mujoco/include/mujoco) by extensions ['cmake', 'python']
[1.452s] Level 1:colcon.colcon_core.package_identification:_identify(mujoco/include/mujoco) by extension 'cmake'
[1.452s] Level 1:colcon.colcon_core.package_identification:_identify(mujoco/include/mujoco) by extension 'python'
[1.452s] Level 1:colcon.colcon_core.package_identification:_identify(mujoco/include/mujoco) by extensions ['python_setup_py']
[1.452s] Level 1:colcon.colcon_core.package_identification:_identify(mujoco/include/mujoco) by extension 'python_setup_py'
[1.452s] Level 1:colcon.colcon_core.package_identification:_identify(mujoco/include/mujoco/experimental) by extensions ['ignore', 'ignore_ament_install']
[1.453s] Level 1:colcon.colcon_core.package_identification:_identify(mujoco/include/mujoco/experimental) by extension 'ignore'
[1.453s] Level 1:colcon.colcon_core.package_identification:_identify(mujoco/include/mujoco/experimental) by extension 'ignore_ament_install'
[1.453s] Level 1:colcon.colcon_core.package_identification:_identify(mujoco/include/mujoco/experimental) by extensions ['colcon_pkg']
[1.453s] Level 1:colcon.colcon_core.package_identification:_identify(mujoco/include/mujoco/experimental) by extension 'colcon_pkg'
[1.453s] Level 1:colcon.colcon_core.package_identification:_identify(mujoco/include/mujoco/experimental) by extensions ['colcon_meta']
[1.454s] Level 1:colcon.colcon_core.package_identification:_identify(mujoco/include/mujoco/experimental) by extension 'colcon_meta'
[1.454s] Level 1:colcon.colcon_core.package_identification:_identify(mujoco/include/mujoco/experimental) by extensions ['ros']
[1.454s] Level 1:colcon.colcon_core.package_identification:_identify(mujoco/include/mujoco/experimental) by extension 'ros'
[1.454s] Level 1:colcon.colcon_core.package_identification:_identify(mujoco/include/mujoco/experimental) by extensions ['cmake', 'python']
[1.454s] Level 1:colcon.colcon_core.package_identification:_identify(mujoco/include/mujoco/experimental) by extension 'cmake'
[1.454s] Level 1:colcon.colcon_core.package_identification:_identify(mujoco/include/mujoco/experimental) by extension 'python'
[1.455s] Level 1:colcon.colcon_core.package_identification:_identify(mujoco/include/mujoco/experimental) by extensions ['python_setup_py']
[1.455s] Level 1:colcon.colcon_core.package_identification:_identify(mujoco/include/mujoco/experimental) by extension 'python_setup_py'
[1.455s] Level 1:colcon.colcon_core.package_identification:_identify(mujoco/include/mujoco/experimental/usd) by extensions ['ignore', 'ignore_ament_install']
[1.455s] Level 1:colcon.colcon_core.package_identification:_identify(mujoco/include/mujoco/experimental/usd) by extension 'ignore'
[1.456s] Level 1:colcon.colcon_core.package_identification:_identify(mujoco/include/mujoco/experimental/usd) by extension 'ignore_ament_install'
[1.456s] Level 1:colcon.colcon_core.package_identification:_identify(mujoco/include/mujoco/experimental/usd) by extensions ['colcon_pkg']
[1.456s] Level 1:colcon.colcon_core.package_identification:_identify(mujoco/include/mujoco/experimental/usd) by extension 'colcon_pkg'
[1.456s] Level 1:colcon.colcon_core.package_identification:_identify(mujoco/include/mujoco/experimental/usd) by extensions ['colcon_meta']
[1.456s] Level 1:colcon.colcon_core.package_identification:_identify(mujoco/include/mujoco/experimental/usd) by extension 'colcon_meta'
[1.456s] Level 1:colcon.colcon_core.package_identification:_identify(mujoco/include/mujoco/experimental/usd) by extensions ['ros']
[1.457s] Level 1:colcon.colcon_core.package_identification:_identify(mujoco/include/mujoco/experimental/usd) by extension 'ros'
[1.457s] Level 1:colcon.colcon_core.package_identification:_identify(mujoco/include/mujoco/experimental/usd) by extensions ['cmake', 'python']
[1.457s] Level 1:colcon.colcon_core.package_identification:_identify(mujoco/include/mujoco/experimental/usd) by extension 'cmake'
[1.457s] Level 1:colcon.colcon_core.package_identification:_identify(mujoco/include/mujoco/experimental/usd) by extension 'python'
[1.457s] Level 1:colcon.colcon_core.package_identification:_identify(mujoco/include/mujoco/experimental/usd) by extensions ['python_setup_py']
[1.457s] Level 1:colcon.colcon_core.package_identification:_identify(mujoco/include/mujoco/experimental/usd) by extension 'python_setup_py'
[1.458s] Level 1:colcon.colcon_core.package_identification:_identify(mujoco/include/mujoco/experimental/usd/mjcPhysics) by extensions ['ignore', 'ignore_ament_install']
[1.458s] Level 1:colcon.colcon_core.package_identification:_identify(mujoco/include/mujoco/experimental/usd/mjcPhysics) by extension 'ignore'
[1.458s] Level 1:colcon.colcon_core.package_identification:_identify(mujoco/include/mujoco/experimental/usd/mjcPhysics) by extension 'ignore_ament_install'
[1.459s] Level 1:colcon.colcon_core.package_identification:_identify(mujoco/include/mujoco/experimental/usd/mjcPhysics) by extensions ['colcon_pkg']
[1.459s] Level 1:colcon.colcon_core.package_identification:_identify(mujoco/include/mujoco/experimental/usd/mjcPhysics) by extension 'colcon_pkg'
[1.459s] Level 1:colcon.colcon_core.package_identification:_identify(mujoco/include/mujoco/experimental/usd/mjcPhysics) by extensions ['colcon_meta']
[1.459s] Level 1:colcon.colcon_core.package_identification:_identify(mujoco/include/mujoco/experimental/usd/mjcPhysics) by extension 'colcon_meta'
[1.459s] Level 1:colcon.colcon_core.package_identification:_identify(mujoco/include/mujoco/experimental/usd/mjcPhysics) by extensions ['ros']
[1.459s] Level 1:colcon.colcon_core.package_identification:_identify(mujoco/include/mujoco/experimental/usd/mjcPhysics) by extension 'ros'
[1.460s] Level 1:colcon.colcon_core.package_identification:_identify(mujoco/include/mujoco/experimental/usd/mjcPhysics) by extensions ['cmake', 'python']
[1.460s] Level 1:colcon.colcon_core.package_identification:_identify(mujoco/include/mujoco/experimental/usd/mjcPhysics) by extension 'cmake'
[1.460s] Level 1:colcon.colcon_core.package_identification:_identify(mujoco/include/mujoco/experimental/usd/mjcPhysics) by extension 'python'
[1.460s] Level 1:colcon.colcon_core.package_identification:_identify(mujoco/include/mujoco/experimental/usd/mjcPhysics) by extensions ['python_setup_py']
[1.460s] Level 1:colcon.colcon_core.package_identification:_identify(mujoco/include/mujoco/experimental/usd/mjcPhysics) by extension 'python_setup_py'
[1.460s] Level 1:colcon.colcon_core.package_identification:_identify(mujoco/lib) by extensions ['ignore', 'ignore_ament_install']
[1.461s] Level 1:colcon.colcon_core.package_identification:_identify(mujoco/lib) by extension 'ignore'
[1.461s] Level 1:colcon.colcon_core.package_identification:_identify(mujoco/lib) by extension 'ignore_ament_install'
[1.461s] Level 1:colcon.colcon_core.package_identification:_identify(mujoco/lib) by extensions ['colcon_pkg']
[1.461s] Level 1:colcon.colcon_core.package_identification:_identify(mujoco/lib) by extension 'colcon_pkg'
[1.461s] Level 1:colcon.colcon_core.package_identification:_identify(mujoco/lib) by extensions ['colcon_meta']
[1.462s] Level 1:colcon.colcon_core.package_identification:_identify(mujoco/lib) by extension 'colcon_meta'
[1.462s] Level 1:colcon.colcon_core.package_identification:_identify(mujoco/lib) by extensions ['ros']
[1.462s] Level 1:colcon.colcon_core.package_identification:_identify(mujoco/lib) by extension 'ros'
[1.462s] Level 1:colcon.colcon_core.package_identification:_identify(mujoco/lib) by extensions ['cmake', 'python']
[1.462s] Level 1:colcon.colcon_core.package_identification:_identify(mujoco/lib) by extension 'cmake'
[1.462s] Level 1:colcon.colcon_core.package_identification:_identify(mujoco/lib) by extension 'python'
[1.463s] Level 1:colcon.colcon_core.package_identification:_identify(mujoco/lib) by extensions ['python_setup_py']
[1.463s] Level 1:colcon.colcon_core.package_identification:_identify(mujoco/lib) by extension 'python_setup_py'
[1.463s] Level 1:colcon.colcon_core.package_identification:_identify(mujoco/model) by extensions ['ignore', 'ignore_ament_install']
[1.463s] Level 1:colcon.colcon_core.package_identification:_identify(mujoco/model) by extension 'ignore'
[1.464s] Level 1:colcon.colcon_core.package_identification:_identify(mujoco/model) by extension 'ignore_ament_install'
[1.464s] Level 1:colcon.colcon_core.package_identification:_identify(mujoco/model) by extensions ['colcon_pkg']
[1.464s] Level 1:colcon.colcon_core.package_identification:_identify(mujoco/model) by extension 'colcon_pkg'
[1.464s] Level 1:colcon.colcon_core.package_identification:_identify(mujoco/model) by extensions ['colcon_meta']
[1.464s] Level 1:colcon.colcon_core.package_identification:_identify(mujoco/model) by extension 'colcon_meta'
[1.464s] Level 1:colcon.colcon_core.package_identification:_identify(mujoco/model) by extensions ['ros']
[1.465s] Level 1:colcon.colcon_core.package_identification:_identify(mujoco/model) by extension 'ros'
[1.465s] Level 1:colcon.colcon_core.package_identification:_identify(mujoco/model) by extensions ['cmake', 'python']
[1.465s] Level 1:colcon.colcon_core.package_identification:_identify(mujoco/model) by extension 'cmake'
[1.465s] Level 1:colcon.colcon_core.package_identification:_identify(mujoco/model) by extension 'python'
[1.465s] Level 1:colcon.colcon_core.package_identification:_identify(mujoco/model) by extensions ['python_setup_py']
[1.465s] Level 1:colcon.colcon_core.package_identification:_identify(mujoco/model) by extension 'python_setup_py'
[1.466s] Level 1:colcon.colcon_core.package_identification:_identify(mujoco/model/adhesion) by extensions ['ignore', 'ignore_ament_install']
[1.466s] Level 1:colcon.colcon_core.package_identification:_identify(mujoco/model/adhesion) by extension 'ignore'
[1.466s] Level 1:colcon.colcon_core.package_identification:_identify(mujoco/model/adhesion) by extension 'ignore_ament_install'
[1.467s] Level 1:colcon.colcon_core.package_identification:_identify(mujoco/model/adhesion) by extensions ['colcon_pkg']
[1.467s] Level 1:colcon.colcon_core.package_identification:_identify(mujoco/model/adhesion) by extension 'colcon_pkg'
[1.467s] Level 1:colcon.colcon_core.package_identification:_identify(mujoco/model/adhesion) by extensions ['colcon_meta']
[1.467s] Level 1:colcon.colcon_core.package_identification:_identify(mujoco/model/adhesion) by extension 'colcon_meta'
[1.467s] Level 1:colcon.colcon_core.package_identification:_identify(mujoco/model/adhesion) by extensions ['ros']
[1.467s] Level 1:colcon.colcon_core.package_identification:_identify(mujoco/model/adhesion) by extension 'ros'
[1.468s] Level 1:colcon.colcon_core.package_identification:_identify(mujoco/model/adhesion) by extensions ['cmake', 'python']
[1.468s] Level 1:colcon.colcon_core.package_identification:_identify(mujoco/model/adhesion) by extension 'cmake'
[1.468s] Level 1:colcon.colcon_core.package_identification:_identify(mujoco/model/adhesion) by extension 'python'
[1.468s] Level 1:colcon.colcon_core.package_identification:_identify(mujoco/model/adhesion) by extensions ['python_setup_py']
[1.468s] Level 1:colcon.colcon_core.package_identification:_identify(mujoco/model/adhesion) by extension 'python_setup_py'
[1.468s] Level 1:colcon.colcon_core.package_identification:_identify(mujoco/model/balloons) by extensions ['ignore', 'ignore_ament_install']
[1.469s] Level 1:colcon.colcon_core.package_identification:_identify(mujoco/model/balloons) by extension 'ignore'
[1.469s] Level 1:colcon.colcon_core.package_identification:_identify(mujoco/model/balloons) by extension 'ignore_ament_install'
[1.469s] Level 1:colcon.colcon_core.package_identification:_identify(mujoco/model/balloons) by extensions ['colcon_pkg']
[1.469s] Level 1:colcon.colcon_core.package_identification:_identify(mujoco/model/balloons) by extension 'colcon_pkg'
[1.469s] Level 1:colcon.colcon_core.package_identification:_identify(mujoco/model/balloons) by extensions ['colcon_meta']
[1.470s] Level 1:colcon.colcon_core.package_identification:_identify(mujoco/model/balloons) by extension 'colcon_meta'
[1.470s] Level 1:colcon.colcon_core.package_identification:_identify(mujoco/model/balloons) by extensions ['ros']
[1.470s] Level 1:colcon.colcon_core.package_identification:_identify(mujoco/model/balloons) by extension 'ros'
[1.470s] Level 1:colcon.colcon_core.package_identification:_identify(mujoco/model/balloons) by extensions ['cmake', 'python']
[1.470s] Level 1:colcon.colcon_core.package_identification:_identify(mujoco/model/balloons) by extension 'cmake'
[1.470s] Level 1:colcon.colcon_core.package_identification:_identify(mujoco/model/balloons) by extension 'python'
[1.471s] Level 1:colcon.colcon_core.package_identification:_identify(mujoco/model/balloons) by extensions ['python_setup_py']
[1.471s] Level 1:colcon.colcon_core.package_identification:_identify(mujoco/model/balloons) by extension 'python_setup_py'
[1.471s] Level 1:colcon.colcon_core.package_identification:_identify(mujoco/model/car) by extensions ['ignore', 'ignore_ament_install']
[1.471s] Level 1:colcon.colcon_core.package_identification:_identify(mujoco/model/car) by extension 'ignore'
[1.472s] Level 1:colcon.colcon_core.package_identification:_identify(mujoco/model/car) by extension 'ignore_ament_install'
[1.472s] Level 1:colcon.colcon_core.package_identification:_identify(mujoco/model/car) by extensions ['colcon_pkg']
[1.472s] Level 1:colcon.colcon_core.package_identification:_identify(mujoco/model/car) by extension 'colcon_pkg'
[1.472s] Level 1:colcon.colcon_core.package_identification:_identify(mujoco/model/car) by extensions ['colcon_meta']
[1.472s] Level 1:colcon.colcon_core.package_identification:_identify(mujoco/model/car) by extension 'colcon_meta'
[1.472s] Level 1:colcon.colcon_core.package_identification:_identify(mujoco/model/car) by extensions ['ros']
[1.472s] Level 1:colcon.colcon_core.package_identification:_identify(mujoco/model/car) by extension 'ros'
[1.473s] Level 1:colcon.colcon_core.package_identification:_identify(mujoco/model/car) by extensions ['cmake', 'python']
[1.473s] Level 1:colcon.colcon_core.package_identification:_identify(mujoco/model/car) by extension 'cmake'
[1.473s] Level 1:colcon.colcon_core.package_identification:_identify(mujoco/model/car) by extension 'python'
[1.473s] Level 1:colcon.colcon_core.package_identification:_identify(mujoco/model/car) by extensions ['python_setup_py']
[1.473s] Level 1:colcon.colcon_core.package_identification:_identify(mujoco/model/car) by extension 'python_setup_py'
[1.474s] Level 1:colcon.colcon_core.package_identification:_identify(mujoco/model/cards) by extensions ['ignore', 'ignore_ament_install']
[1.474s] Level 1:colcon.colcon_core.package_identification:_identify(mujoco/model/cards) by extension 'ignore'
[1.474s] Level 1:colcon.colcon_core.package_identification:_identify(mujoco/model/cards) by extension 'ignore_ament_install'
[1.474s] Level 1:colcon.colcon_core.package_identification:_identify(mujoco/model/cards) by extensions ['colcon_pkg']
[1.474s] Level 1:colcon.colcon_core.package_identification:_identify(mujoco/model/cards) by extension 'colcon_pkg'
[1.475s] Level 1:colcon.colcon_core.package_identification:_identify(mujoco/model/cards) by extensions ['colcon_meta']
[1.475s] Level 1:colcon.colcon_core.package_identification:_identify(mujoco/model/cards) by extension 'colcon_meta'
[1.475s] Level 1:colcon.colcon_core.package_identification:_identify(mujoco/model/cards) by extensions ['ros']
[1.475s] Level 1:colcon.colcon_core.package_identification:_identify(mujoco/model/cards) by extension 'ros'
[1.475s] Level 1:colcon.colcon_core.package_identification:_identify(mujoco/model/cards) by extensions ['cmake', 'python']
[1.475s] Level 1:colcon.colcon_core.package_identification:_identify(mujoco/model/cards) by extension 'cmake'
[1.476s] Level 1:colcon.colcon_core.package_identification:_identify(mujoco/model/cards) by extension 'python'
[1.476s] Level 1:colcon.colcon_core.package_identification:_identify(mujoco/model/cards) by extensions ['python_setup_py']
[1.476s] Level 1:colcon.colcon_core.package_identification:_identify(mujoco/model/cards) by extension 'python_setup_py'
[1.476s] Level 1:colcon.colcon_core.package_identification:_identify(mujoco/model/cards/assets) by extensions ['ignore', 'ignore_ament_install']
[1.477s] Level 1:colcon.colcon_core.package_identification:_identify(mujoco/model/cards/assets) by extension 'ignore'
[1.477s] Level 1:colcon.colcon_core.package_identification:_identify(mujoco/model/cards/assets) by extension 'ignore_ament_install'
[1.477s] Level 1:colcon.colcon_core.package_identification:_identify(mujoco/model/cards/assets) by extensions ['colcon_pkg']
[1.477s] Level 1:colcon.colcon_core.package_identification:_identify(mujoco/model/cards/assets) by extension 'colcon_pkg'
[1.478s] Level 1:colcon.colcon_core.package_identification:_identify(mujoco/model/cards/assets) by extensions ['colcon_meta']
[1.478s] Level 1:colcon.colcon_core.package_identification:_identify(mujoco/model/cards/assets) by extension 'colcon_meta'
[1.478s] Level 1:colcon.colcon_core.package_identification:_identify(mujoco/model/cards/assets) by extensions ['ros']
[1.478s] Level 1:colcon.colcon_core.package_identification:_identify(mujoco/model/cards/assets) by extension 'ros'
[1.478s] Level 1:colcon.colcon_core.package_identification:_identify(mujoco/model/cards/assets) by extensions ['cmake', 'python']
[1.478s] Level 1:colcon.colcon_core.package_identification:_identify(mujoco/model/cards/assets) by extension 'cmake'
[1.479s] Level 1:colcon.colcon_core.package_identification:_identify(mujoco/model/cards/assets) by extension 'python'
[1.479s] Level 1:colcon.colcon_core.package_identification:_identify(mujoco/model/cards/assets) by extensions ['python_setup_py']
[1.479s] Level 1:colcon.colcon_core.package_identification:_identify(mujoco/model/cards/assets) by extension 'python_setup_py'
[1.479s] Level 1:colcon.colcon_core.package_identification:_identify(mujoco/model/cube) by extensions ['ignore', 'ignore_ament_install']
[1.479s] Level 1:colcon.colcon_core.package_identification:_identify(mujoco/model/cube) by extension 'ignore'
[1.480s] Level 1:colcon.colcon_core.package_identification:_identify(mujoco/model/cube) by extension 'ignore_ament_install'
[1.480s] Level 1:colcon.colcon_core.package_identification:_identify(mujoco/model/cube) by extensions ['colcon_pkg']
[1.480s] Level 1:colcon.colcon_core.package_identification:_identify(mujoco/model/cube) by extension 'colcon_pkg'
[1.480s] Level 1:colcon.colcon_core.package_identification:_identify(mujoco/model/cube) by extensions ['colcon_meta']
[1.480s] Level 1:colcon.colcon_core.package_identification:_identify(mujoco/model/cube) by extension 'colcon_meta'
[1.480s] Level 1:colcon.colcon_core.package_identification:_identify(mujoco/model/cube) by extensions ['ros']
[1.481s] Level 1:colcon.colcon_core.package_identification:_identify(mujoco/model/cube) by extension 'ros'
[1.481s] Level 1:colcon.colcon_core.package_identification:_identify(mujoco/model/cube) by extensions ['cmake', 'python']
[1.481s] Level 1:colcon.colcon_core.package_identification:_identify(mujoco/model/cube) by extension 'cmake'
[1.481s] Level 1:colcon.colcon_core.package_identification:_identify(mujoco/model/cube) by extension 'python'
[1.481s] Level 1:colcon.colcon_core.package_identification:_identify(mujoco/model/cube) by extensions ['python_setup_py']
[1.481s] Level 1:colcon.colcon_core.package_identification:_identify(mujoco/model/cube) by extension 'python_setup_py'
[1.482s] Level 1:colcon.colcon_core.package_identification:_identify(mujoco/model/cube/assets) by extensions ['ignore', 'ignore_ament_install']
[1.482s] Level 1:colcon.colcon_core.package_identification:_identify(mujoco/model/cube/assets) by extension 'ignore'
[1.482s] Level 1:colcon.colcon_core.package_identification:_identify(mujoco/model/cube/assets) by extension 'ignore_ament_install'
[1.483s] Level 1:colcon.colcon_core.package_identification:_identify(mujoco/model/cube/assets) by extensions ['colcon_pkg']
[1.483s] Level 1:colcon.colcon_core.package_identification:_identify(mujoco/model/cube/assets) by extension 'colcon_pkg'
[1.483s] Level 1:colcon.colcon_core.package_identification:_identify(mujoco/model/cube/assets) by extensions ['colcon_meta']
[1.483s] Level 1:colcon.colcon_core.package_identification:_identify(mujoco/model/cube/assets) by extension 'colcon_meta'
[1.483s] Level 1:colcon.colcon_core.package_identification:_identify(mujoco/model/cube/assets) by extensions ['ros']
[1.483s] Level 1:colcon.colcon_core.package_identification:_identify(mujoco/model/cube/assets) by extension 'ros'
[1.484s] Level 1:colcon.colcon_core.package_identification:_identify(mujoco/model/cube/assets) by extensions ['cmake', 'python']
[1.484s] Level 1:colcon.colcon_core.package_identification:_identify(mujoco/model/cube/assets) by extension 'cmake'
[1.484s] Level 1:colcon.colcon_core.package_identification:_identify(mujoco/model/cube/assets) by extension 'python'
[1.484s] Level 1:colcon.colcon_core.package_identification:_identify(mujoco/model/cube/assets) by extensions ['python_setup_py']
[1.484s] Level 1:colcon.colcon_core.package_identification:_identify(mujoco/model/cube/assets) by extension 'python_setup_py'
[1.485s] Level 1:colcon.colcon_core.package_identification:_identify(mujoco/model/flex) by extensions ['ignore', 'ignore_ament_install']
[1.485s] Level 1:colcon.colcon_core.package_identification:_identify(mujoco/model/flex) by extension 'ignore'
[1.485s] Level 1:colcon.colcon_core.package_identification:_identify(mujoco/model/flex) by extension 'ignore_ament_install'
[1.485s] Level 1:colcon.colcon_core.package_identification:_identify(mujoco/model/flex) by extensions ['colcon_pkg']
[1.485s] Level 1:colcon.colcon_core.package_identification:_identify(mujoco/model/flex) by extension 'colcon_pkg'
[1.486s] Level 1:colcon.colcon_core.package_identification:_identify(mujoco/model/flex) by extensions ['colcon_meta']
[1.486s] Level 1:colcon.colcon_core.package_identification:_identify(mujoco/model/flex) by extension 'colcon_meta'
[1.486s] Level 1:colcon.colcon_core.package_identification:_identify(mujoco/model/flex) by extensions ['ros']
[1.486s] Level 1:colcon.colcon_core.package_identification:_identify(mujoco/model/flex) by extension 'ros'
[1.486s] Level 1:colcon.colcon_core.package_identification:_identify(mujoco/model/flex) by extensions ['cmake', 'python']
[1.486s] Level 1:colcon.colcon_core.package_identification:_identify(mujoco/model/flex) by extension 'cmake'
[1.487s] Level 1:colcon.colcon_core.package_identification:_identify(mujoco/model/flex) by extension 'python'
[1.487s] Level 1:colcon.colcon_core.package_identification:_identify(mujoco/model/flex) by extensions ['python_setup_py']
[1.487s] Level 1:colcon.colcon_core.package_identification:_identify(mujoco/model/flex) by extension 'python_setup_py'
[1.487s] Level 1:colcon.colcon_core.package_identification:_identify(mujoco/model/flex/asset) by extensions ['ignore', 'ignore_ament_install']
[1.488s] Level 1:colcon.colcon_core.package_identification:_identify(mujoco/model/flex/asset) by extension 'ignore'
[1.488s] Level 1:colcon.colcon_core.package_identification:_identify(mujoco/model/flex/asset) by extension 'ignore_ament_install'
[1.488s] Level 1:colcon.colcon_core.package_identification:_identify(mujoco/model/flex/asset) by extensions ['colcon_pkg']
[1.488s] Level 1:colcon.colcon_core.package_identification:_identify(mujoco/model/flex/asset) by extension 'colcon_pkg'
[1.489s] Level 1:colcon.colcon_core.package_identification:_identify(mujoco/model/flex/asset) by extensions ['colcon_meta']
[1.489s] Level 1:colcon.colcon_core.package_identification:_identify(mujoco/model/flex/asset) by extension 'colcon_meta'
[1.489s] Level 1:colcon.colcon_core.package_identification:_identify(mujoco/model/flex/asset) by extensions ['ros']
[1.489s] Level 1:colcon.colcon_core.package_identification:_identify(mujoco/model/flex/asset) by extension 'ros'
[1.489s] Level 1:colcon.colcon_core.package_identification:_identify(mujoco/model/flex/asset) by extensions ['cmake', 'python']
[1.489s] Level 1:colcon.colcon_core.package_identification:_identify(mujoco/model/flex/asset) by extension 'cmake'
[1.490s] Level 1:colcon.colcon_core.package_identification:_identify(mujoco/model/flex/asset) by extension 'python'
[1.490s] Level 1:colcon.colcon_core.package_identification:_identify(mujoco/model/flex/asset) by extensions ['python_setup_py']
[1.490s] Level 1:colcon.colcon_core.package_identification:_identify(mujoco/model/flex/asset) by extension 'python_setup_py'
[1.491s] Level 1:colcon.colcon_core.package_identification:_identify(mujoco/model/hammock) by extensions ['ignore', 'ignore_ament_install']
[1.491s] Level 1:colcon.colcon_core.package_identification:_identify(mujoco/model/hammock) by extension 'ignore'
[1.491s] Level 1:colcon.colcon_core.package_identification:_identify(mujoco/model/hammock) by extension 'ignore_ament_install'
[1.492s] Level 1:colcon.colcon_core.package_identification:_identify(mujoco/model/hammock) by extensions ['colcon_pkg']
[1.492s] Level 1:colcon.colcon_core.package_identification:_identify(mujoco/model/hammock) by extension 'colcon_pkg'
[1.492s] Level 1:colcon.colcon_core.package_identification:_identify(mujoco/model/hammock) by extensions ['colcon_meta']
[1.492s] Level 1:colcon.colcon_core.package_identification:_identify(mujoco/model/hammock) by extension 'colcon_meta'
[1.492s] Level 1:colcon.colcon_core.package_identification:_identify(mujoco/model/hammock) by extensions ['ros']
[1.492s] Level 1:colcon.colcon_core.package_identification:_identify(mujoco/model/hammock) by extension 'ros'
[1.493s] Level 1:colcon.colcon_core.package_identification:_identify(mujoco/model/hammock) by extensions ['cmake', 'python']
[1.493s] Level 1:colcon.colcon_core.package_identification:_identify(mujoco/model/hammock) by extension 'cmake'
[1.493s] Level 1:colcon.colcon_core.package_identification:_identify(mujoco/model/hammock) by extension 'python'
[1.494s] Level 1:colcon.colcon_core.package_identification:_identify(mujoco/model/hammock) by extensions ['python_setup_py']
[1.494s] Level 1:colcon.colcon_core.package_identification:_identify(mujoco/model/hammock) by extension 'python_setup_py'
[1.494s] Level 1:colcon.colcon_core.package_identification:_identify(mujoco/model/humanoid) by extensions ['ignore', 'ignore_ament_install']
[1.495s] Level 1:colcon.colcon_core.package_identification:_identify(mujoco/model/humanoid) by extension 'ignore'
[1.495s] Level 1:colcon.colcon_core.package_identification:_identify(mujoco/model/humanoid) by extension 'ignore_ament_install'
[1.495s] Level 1:colcon.colcon_core.package_identification:_identify(mujoco/model/humanoid) by extensions ['colcon_pkg']
[1.495s] Level 1:colcon.colcon_core.package_identification:_identify(mujoco/model/humanoid) by extension 'colcon_pkg'
[1.495s] Level 1:colcon.colcon_core.package_identification:_identify(mujoco/model/humanoid) by extensions ['colcon_meta']
[1.496s] Level 1:colcon.colcon_core.package_identification:_identify(mujoco/model/humanoid) by extension 'colcon_meta'
[1.496s] Level 1:colcon.colcon_core.package_identification:_identify(mujoco/model/humanoid) by extensions ['ros']
[1.496s] Level 1:colcon.colcon_core.package_identification:_identify(mujoco/model/humanoid) by extension 'ros'
[1.497s] Level 1:colcon.colcon_core.package_identification:_identify(mujoco/model/humanoid) by extensions ['cmake', 'python']
[1.497s] Level 1:colcon.colcon_core.package_identification:_identify(mujoco/model/humanoid) by extension 'cmake'
[1.497s] Level 1:colcon.colcon_core.package_identification:_identify(mujoco/model/humanoid) by extension 'python'
[1.497s] Level 1:colcon.colcon_core.package_identification:_identify(mujoco/model/humanoid) by extensions ['python_setup_py']
[1.497s] Level 1:colcon.colcon_core.package_identification:_identify(mujoco/model/humanoid) by extension 'python_setup_py'
[1.498s] Level 1:colcon.colcon_core.package_identification:_identify(mujoco/model/mug) by extensions ['ignore', 'ignore_ament_install']
[1.498s] Level 1:colcon.colcon_core.package_identification:_identify(mujoco/model/mug) by extension 'ignore'
[1.498s] Level 1:colcon.colcon_core.package_identification:_identify(mujoco/model/mug) by extension 'ignore_ament_install'
[1.499s] Level 1:colcon.colcon_core.package_identification:_identify(mujoco/model/mug) by extensions ['colcon_pkg']
[1.499s] Level 1:colcon.colcon_core.package_identification:_identify(mujoco/model/mug) by extension 'colcon_pkg'
[1.499s] Level 1:colcon.colcon_core.package_identification:_identify(mujoco/model/mug) by extensions ['colcon_meta']
[1.500s] Level 1:colcon.colcon_core.package_identification:_identify(mujoco/model/mug) by extension 'colcon_meta'
[1.500s] Level 1:colcon.colcon_core.package_identification:_identify(mujoco/model/mug) by extensions ['ros']
[1.500s] Level 1:colcon.colcon_core.package_identification:_identify(mujoco/model/mug) by extension 'ros'
[1.500s] Level 1:colcon.colcon_core.package_identification:_identify(mujoco/model/mug) by extensions ['cmake', 'python']
[1.500s] Level 1:colcon.colcon_core.package_identification:_identify(mujoco/model/mug) by extension 'cmake'
[1.501s] Level 1:colcon.colcon_core.package_identification:_identify(mujoco/model/mug) by extension 'python'
[1.501s] Level 1:colcon.colcon_core.package_identification:_identify(mujoco/model/mug) by extensions ['python_setup_py']
[1.501s] Level 1:colcon.colcon_core.package_identification:_identify(mujoco/model/mug) by extension 'python_setup_py'
[1.502s] Level 1:colcon.colcon_core.package_identification:_identify(mujoco/model/plugin) by extensions ['ignore', 'ignore_ament_install']
[1.502s] Level 1:colcon.colcon_core.package_identification:_identify(mujoco/model/plugin) by extension 'ignore'
[1.502s] Level 1:colcon.colcon_core.package_identification:_identify(mujoco/model/plugin) by extension 'ignore_ament_install'
[1.503s] Level 1:colcon.colcon_core.package_identification:_identify(mujoco/model/plugin) by extensions ['colcon_pkg']
[1.503s] Level 1:colcon.colcon_core.package_identification:_identify(mujoco/model/plugin) by extension 'colcon_pkg'
[1.503s] Level 1:colcon.colcon_core.package_identification:_identify(mujoco/model/plugin) by extensions ['colcon_meta']
[1.503s] Level 1:colcon.colcon_core.package_identification:_identify(mujoco/model/plugin) by extension 'colcon_meta'
[1.503s] Level 1:colcon.colcon_core.package_identification:_identify(mujoco/model/plugin) by extensions ['ros']
[1.504s] Level 1:colcon.colcon_core.package_identification:_identify(mujoco/model/plugin) by extension 'ros'
[1.504s] Level 1:colcon.colcon_core.package_identification:_identify(mujoco/model/plugin) by extensions ['cmake', 'python']
[1.504s] Level 1:colcon.colcon_core.package_identification:_identify(mujoco/model/plugin) by extension 'cmake'
[1.505s] Level 1:colcon.colcon_core.package_identification:_identify(mujoco/model/plugin) by extension 'python'
[1.505s] Level 1:colcon.colcon_core.package_identification:_identify(mujoco/model/plugin) by extensions ['python_setup_py']
[1.505s] Level 1:colcon.colcon_core.package_identification:_identify(mujoco/model/plugin) by extension 'python_setup_py'
[1.506s] Level 1:colcon.colcon_core.package_identification:_identify(mujoco/model/plugin/actuator) by extensions ['ignore', 'ignore_ament_install']
[1.506s] Level 1:colcon.colcon_core.package_identification:_identify(mujoco/model/plugin/actuator) by extension 'ignore'
[1.506s] Level 1:colcon.colcon_core.package_identification:_identify(mujoco/model/plugin/actuator) by extension 'ignore_ament_install'
[1.507s] Level 1:colcon.colcon_core.package_identification:_identify(mujoco/model/plugin/actuator) by extensions ['colcon_pkg']
[1.507s] Level 1:colcon.colcon_core.package_identification:_identify(mujoco/model/plugin/actuator) by extension 'colcon_pkg'
[1.507s] Level 1:colcon.colcon_core.package_identification:_identify(mujoco/model/plugin/actuator) by extensions ['colcon_meta']
[1.507s] Level 1:colcon.colcon_core.package_identification:_identify(mujoco/model/plugin/actuator) by extension 'colcon_meta'
[1.507s] Level 1:colcon.colcon_core.package_identification:_identify(mujoco/model/plugin/actuator) by extensions ['ros']
[1.508s] Level 1:colcon.colcon_core.package_identification:_identify(mujoco/model/plugin/actuator) by extension 'ros'
[1.508s] Level 1:colcon.colcon_core.package_identification:_identify(mujoco/model/plugin/actuator) by extensions ['cmake', 'python']
[1.508s] Level 1:colcon.colcon_core.package_identification:_identify(mujoco/model/plugin/actuator) by extension 'cmake'
[1.508s] Level 1:colcon.colcon_core.package_identification:_identify(mujoco/model/plugin/actuator) by extension 'python'
[1.509s] Level 1:colcon.colcon_core.package_identification:_identify(mujoco/model/plugin/actuator) by extensions ['python_setup_py']
[1.509s] Level 1:colcon.colcon_core.package_identification:_identify(mujoco/model/plugin/actuator) by extension 'python_setup_py'
[1.509s] Level 1:colcon.colcon_core.package_identification:_identify(mujoco/model/plugin/elasticity) by extensions ['ignore', 'ignore_ament_install']
[1.510s] Level 1:colcon.colcon_core.package_identification:_identify(mujoco/model/plugin/elasticity) by extension 'ignore'
[1.510s] Level 1:colcon.colcon_core.package_identification:_identify(mujoco/model/plugin/elasticity) by extension 'ignore_ament_install'
[1.510s] Level 1:colcon.colcon_core.package_identification:_identify(mujoco/model/plugin/elasticity) by extensions ['colcon_pkg']
[1.511s] Level 1:colcon.colcon_core.package_identification:_identify(mujoco/model/plugin/elasticity) by extension 'colcon_pkg'
[1.511s] Level 1:colcon.colcon_core.package_identification:_identify(mujoco/model/plugin/elasticity) by extensions ['colcon_meta']
[1.511s] Level 1:colcon.colcon_core.package_identification:_identify(mujoco/model/plugin/elasticity) by extension 'colcon_meta'
[1.512s] Level 1:colcon.colcon_core.package_identification:_identify(mujoco/model/plugin/elasticity) by extensions ['ros']
[1.512s] Level 1:colcon.colcon_core.package_identification:_identify(mujoco/model/plugin/elasticity) by extension 'ros'
[1.512s] Level 1:colcon.colcon_core.package_identification:_identify(mujoco/model/plugin/elasticity) by extensions ['cmake', 'python']
[1.512s] Level 1:colcon.colcon_core.package_identification:_identify(mujoco/model/plugin/elasticity) by extension 'cmake'
[1.512s] Level 1:colcon.colcon_core.package_identification:_identify(mujoco/model/plugin/elasticity) by extension 'python'
[1.513s] Level 1:colcon.colcon_core.package_identification:_identify(mujoco/model/plugin/elasticity) by extensions ['python_setup_py']
[1.513s] Level 1:colcon.colcon_core.package_identification:_identify(mujoco/model/plugin/elasticity) by extension 'python_setup_py'
[1.513s] Level 1:colcon.colcon_core.package_identification:_identify(mujoco/model/plugin/sdf) by extensions ['ignore', 'ignore_ament_install']
[1.513s] Level 1:colcon.colcon_core.package_identification:_identify(mujoco/model/plugin/sdf) by extension 'ignore'
[1.514s] Level 1:colcon.colcon_core.package_identification:_identify(mujoco/model/plugin/sdf) by extension 'ignore_ament_install'
[1.514s] Level 1:colcon.colcon_core.package_identification:_identify(mujoco/model/plugin/sdf) by extensions ['colcon_pkg']
[1.514s] Level 1:colcon.colcon_core.package_identification:_identify(mujoco/model/plugin/sdf) by extension 'colcon_pkg'
[1.514s] Level 1:colcon.colcon_core.package_identification:_identify(mujoco/model/plugin/sdf) by extensions ['colcon_meta']
[1.514s] Level 1:colcon.colcon_core.package_identification:_identify(mujoco/model/plugin/sdf) by extension 'colcon_meta'
[1.515s] Level 1:colcon.colcon_core.package_identification:_identify(mujoco/model/plugin/sdf) by extensions ['ros']
[1.515s] Level 1:colcon.colcon_core.package_identification:_identify(mujoco/model/plugin/sdf) by extension 'ros'
[1.515s] Level 1:colcon.colcon_core.package_identification:_identify(mujoco/model/plugin/sdf) by extensions ['cmake', 'python']
[1.515s] Level 1:colcon.colcon_core.package_identification:_identify(mujoco/model/plugin/sdf) by extension 'cmake'
[1.515s] Level 1:colcon.colcon_core.package_identification:_identify(mujoco/model/plugin/sdf) by extension 'python'
[1.515s] Level 1:colcon.colcon_core.package_identification:_identify(mujoco/model/plugin/sdf) by extensions ['python_setup_py']
[1.516s] Level 1:colcon.colcon_core.package_identification:_identify(mujoco/model/plugin/sdf) by extension 'python_setup_py'
[1.516s] Level 1:colcon.colcon_core.package_identification:_identify(mujoco/model/plugin/sdf/asset) by extensions ['ignore', 'ignore_ament_install']
[1.516s] Level 1:colcon.colcon_core.package_identification:_identify(mujoco/model/plugin/sdf/asset) by extension 'ignore'
[1.517s] Level 1:colcon.colcon_core.package_identification:_identify(mujoco/model/plugin/sdf/asset) by extension 'ignore_ament_install'
[1.517s] Level 1:colcon.colcon_core.package_identification:_identify(mujoco/model/plugin/sdf/asset) by extensions ['colcon_pkg']
[1.517s] Level 1:colcon.colcon_core.package_identification:_identify(mujoco/model/plugin/sdf/asset) by extension 'colcon_pkg'
[1.517s] Level 1:colcon.colcon_core.package_identification:_identify(mujoco/model/plugin/sdf/asset) by extensions ['colcon_meta']
[1.517s] Level 1:colcon.colcon_core.package_identification:_identify(mujoco/model/plugin/sdf/asset) by extension 'colcon_meta'
[1.517s] Level 1:colcon.colcon_core.package_identification:_identify(mujoco/model/plugin/sdf/asset) by extensions ['ros']
[1.518s] Level 1:colcon.colcon_core.package_identification:_identify(mujoco/model/plugin/sdf/asset) by extension 'ros'
[1.518s] Level 1:colcon.colcon_core.package_identification:_identify(mujoco/model/plugin/sdf/asset) by extensions ['cmake', 'python']
[1.518s] Level 1:colcon.colcon_core.package_identification:_identify(mujoco/model/plugin/sdf/asset) by extension 'cmake'
[1.518s] Level 1:colcon.colcon_core.package_identification:_identify(mujoco/model/plugin/sdf/asset) by extension 'python'
[1.518s] Level 1:colcon.colcon_core.package_identification:_identify(mujoco/model/plugin/sdf/asset) by extensions ['python_setup_py']
[1.518s] Level 1:colcon.colcon_core.package_identification:_identify(mujoco/model/plugin/sdf/asset) by extension 'python_setup_py'
[1.519s] Level 1:colcon.colcon_core.package_identification:_identify(mujoco/model/plugin/sensor) by extensions ['ignore', 'ignore_ament_install']
[1.519s] Level 1:colcon.colcon_core.package_identification:_identify(mujoco/model/plugin/sensor) by extension 'ignore'
[1.519s] Level 1:colcon.colcon_core.package_identification:_identify(mujoco/model/plugin/sensor) by extension 'ignore_ament_install'
[1.520s] Level 1:colcon.colcon_core.package_identification:_identify(mujoco/model/plugin/sensor) by extensions ['colcon_pkg']
[1.520s] Level 1:colcon.colcon_core.package_identification:_identify(mujoco/model/plugin/sensor) by extension 'colcon_pkg'
[1.520s] Level 1:colcon.colcon_core.package_identification:_identify(mujoco/model/plugin/sensor) by extensions ['colcon_meta']
[1.520s] Level 1:colcon.colcon_core.package_identification:_identify(mujoco/model/plugin/sensor) by extension 'colcon_meta'
[1.520s] Level 1:colcon.colcon_core.package_identification:_identify(mujoco/model/plugin/sensor) by extensions ['ros']
[1.520s] Level 1:colcon.colcon_core.package_identification:_identify(mujoco/model/plugin/sensor) by extension 'ros'
[1.521s] Level 1:colcon.colcon_core.package_identification:_identify(mujoco/model/plugin/sensor) by extensions ['cmake', 'python']
[1.521s] Level 1:colcon.colcon_core.package_identification:_identify(mujoco/model/plugin/sensor) by extension 'cmake'
[1.521s] Level 1:colcon.colcon_core.package_identification:_identify(mujoco/model/plugin/sensor) by extension 'python'
[1.521s] Level 1:colcon.colcon_core.package_identification:_identify(mujoco/model/plugin/sensor) by extensions ['python_setup_py']
[1.521s] Level 1:colcon.colcon_core.package_identification:_identify(mujoco/model/plugin/sensor) by extension 'python_setup_py'
[1.522s] Level 1:colcon.colcon_core.package_identification:_identify(mujoco/model/replicate) by extensions ['ignore', 'ignore_ament_install']
[1.522s] Level 1:colcon.colcon_core.package_identification:_identify(mujoco/model/replicate) by extension 'ignore'
[1.522s] Level 1:colcon.colcon_core.package_identification:_identify(mujoco/model/replicate) by extension 'ignore_ament_install'
[1.523s] Level 1:colcon.colcon_core.package_identification:_identify(mujoco/model/replicate) by extensions ['colcon_pkg']
[1.523s] Level 1:colcon.colcon_core.package_identification:_identify(mujoco/model/replicate) by extension 'colcon_pkg'
[1.523s] Level 1:colcon.colcon_core.package_identification:_identify(mujoco/model/replicate) by extensions ['colcon_meta']
[1.523s] Level 1:colcon.colcon_core.package_identification:_identify(mujoco/model/replicate) by extension 'colcon_meta'
[1.523s] Level 1:colcon.colcon_core.package_identification:_identify(mujoco/model/replicate) by extensions ['ros']
[1.523s] Level 1:colcon.colcon_core.package_identification:_identify(mujoco/model/replicate) by extension 'ros'
[1.524s] Level 1:colcon.colcon_core.package_identification:_identify(mujoco/model/replicate) by extensions ['cmake', 'python']
[1.524s] Level 1:colcon.colcon_core.package_identification:_identify(mujoco/model/replicate) by extension 'cmake'
[1.524s] Level 1:colcon.colcon_core.package_identification:_identify(mujoco/model/replicate) by extension 'python'
[1.524s] Level 1:colcon.colcon_core.package_identification:_identify(mujoco/model/replicate) by extensions ['python_setup_py']
[1.524s] Level 1:colcon.colcon_core.package_identification:_identify(mujoco/model/replicate) by extension 'python_setup_py'
[1.525s] Level 1:colcon.colcon_core.package_identification:_identify(mujoco/model/replicate/asset) by extensions ['ignore', 'ignore_ament_install']
[1.525s] Level 1:colcon.colcon_core.package_identification:_identify(mujoco/model/replicate/asset) by extension 'ignore'
[1.525s] Level 1:colcon.colcon_core.package_identification:_identify(mujoco/model/replicate/asset) by extension 'ignore_ament_install'
[1.525s] Level 1:colcon.colcon_core.package_identification:_identify(mujoco/model/replicate/asset) by extensions ['colcon_pkg']
[1.525s] Level 1:colcon.colcon_core.package_identification:_identify(mujoco/model/replicate/asset) by extension 'colcon_pkg'
[1.526s] Level 1:colcon.colcon_core.package_identification:_identify(mujoco/model/replicate/asset) by extensions ['colcon_meta']
[1.526s] Level 1:colcon.colcon_core.package_identification:_identify(mujoco/model/replicate/asset) by extension 'colcon_meta'
[1.526s] Level 1:colcon.colcon_core.package_identification:_identify(mujoco/model/replicate/asset) by extensions ['ros']
[1.526s] Level 1:colcon.colcon_core.package_identification:_identify(mujoco/model/replicate/asset) by extension 'ros'
[1.526s] Level 1:colcon.colcon_core.package_identification:_identify(mujoco/model/replicate/asset) by extensions ['cmake', 'python']
[1.526s] Level 1:colcon.colcon_core.package_identification:_identify(mujoco/model/replicate/asset) by extension 'cmake'
[1.527s] Level 1:colcon.colcon_core.package_identification:_identify(mujoco/model/replicate/asset) by extension 'python'
[1.527s] Level 1:colcon.colcon_core.package_identification:_identify(mujoco/model/replicate/asset) by extensions ['python_setup_py']
[1.527s] Level 1:colcon.colcon_core.package_identification:_identify(mujoco/model/replicate/asset) by extension 'python_setup_py'
[1.527s] Level 1:colcon.colcon_core.package_identification:_identify(mujoco/model/slider_crank) by extensions ['ignore', 'ignore_ament_install']
[1.528s] Level 1:colcon.colcon_core.package_identification:_identify(mujoco/model/slider_crank) by extension 'ignore'
[1.528s] Level 1:colcon.colcon_core.package_identification:_identify(mujoco/model/slider_crank) by extension 'ignore_ament_install'
[1.528s] Level 1:colcon.colcon_core.package_identification:_identify(mujoco/model/slider_crank) by extensions ['colcon_pkg']
[1.528s] Level 1:colcon.colcon_core.package_identification:_identify(mujoco/model/slider_crank) by extension 'colcon_pkg'
[1.528s] Level 1:colcon.colcon_core.package_identification:_identify(mujoco/model/slider_crank) by extensions ['colcon_meta']
[1.529s] Level 1:colcon.colcon_core.package_identification:_identify(mujoco/model/slider_crank) by extension 'colcon_meta'
[1.529s] Level 1:colcon.colcon_core.package_identification:_identify(mujoco/model/slider_crank) by extensions ['ros']
[1.529s] Level 1:colcon.colcon_core.package_identification:_identify(mujoco/model/slider_crank) by extension 'ros'
[1.529s] Level 1:colcon.colcon_core.package_identification:_identify(mujoco/model/slider_crank) by extensions ['cmake', 'python']
[1.529s] Level 1:colcon.colcon_core.package_identification:_identify(mujoco/model/slider_crank) by extension 'cmake'
[1.530s] Level 1:colcon.colcon_core.package_identification:_identify(mujoco/model/slider_crank) by extension 'python'
[1.530s] Level 1:colcon.colcon_core.package_identification:_identify(mujoco/model/slider_crank) by extensions ['python_setup_py']
[1.530s] Level 1:colcon.colcon_core.package_identification:_identify(mujoco/model/slider_crank) by extension 'python_setup_py'
[1.530s] Level 1:colcon.colcon_core.package_identification:_identify(mujoco/model/tendon_arm) by extensions ['ignore', 'ignore_ament_install']
[1.531s] Level 1:colcon.colcon_core.package_identification:_identify(mujoco/model/tendon_arm) by extension 'ignore'
[1.531s] Level 1:colcon.colcon_core.package_identification:_identify(mujoco/model/tendon_arm) by extension 'ignore_ament_install'
[1.531s] Level 1:colcon.colcon_core.package_identification:_identify(mujoco/model/tendon_arm) by extensions ['colcon_pkg']
[1.531s] Level 1:colcon.colcon_core.package_identification:_identify(mujoco/model/tendon_arm) by extension 'colcon_pkg'
[1.531s] Level 1:colcon.colcon_core.package_identification:_identify(mujoco/model/tendon_arm) by extensions ['colcon_meta']
[1.531s] Level 1:colcon.colcon_core.package_identification:_identify(mujoco/model/tendon_arm) by extension 'colcon_meta'
[1.532s] Level 1:colcon.colcon_core.package_identification:_identify(mujoco/model/tendon_arm) by extensions ['ros']
[1.532s] Level 1:colcon.colcon_core.package_identification:_identify(mujoco/model/tendon_arm) by extension 'ros'
[1.532s] Level 1:colcon.colcon_core.package_identification:_identify(mujoco/model/tendon_arm) by extensions ['cmake', 'python']
[1.532s] Level 1:colcon.colcon_core.package_identification:_identify(mujoco/model/tendon_arm) by extension 'cmake'
[1.532s] Level 1:colcon.colcon_core.package_identification:_identify(mujoco/model/tendon_arm) by extension 'python'
[1.533s] Level 1:colcon.colcon_core.package_identification:_identify(mujoco/model/tendon_arm) by extensions ['python_setup_py']
[1.533s] Level 1:colcon.colcon_core.package_identification:_identify(mujoco/model/tendon_arm) by extension 'python_setup_py'
[1.533s] Level 1:colcon.colcon_core.package_identification:_identify(mujoco/sample) by extensions ['ignore', 'ignore_ament_install']
[1.533s] Level 1:colcon.colcon_core.package_identification:_identify(mujoco/sample) by extension 'ignore'
[1.534s] Level 1:colcon.colcon_core.package_identification:_identify(mujoco/sample) by extension 'ignore_ament_install'
[1.534s] Level 1:colcon.colcon_core.package_identification:_identify(mujoco/sample) by extensions ['colcon_pkg']
[1.534s] Level 1:colcon.colcon_core.package_identification:_identify(mujoco/sample) by extension 'colcon_pkg'
[1.534s] Level 1:colcon.colcon_core.package_identification:_identify(mujoco/sample) by extensions ['colcon_meta']
[1.534s] Level 1:colcon.colcon_core.package_identification:_identify(mujoco/sample) by extension 'colcon_meta'
[1.534s] Level 1:colcon.colcon_core.package_identification:_identify(mujoco/sample) by extensions ['ros']
[1.535s] Level 1:colcon.colcon_core.package_identification:_identify(mujoco/sample) by extension 'ros'
[1.535s] Level 1:colcon.colcon_core.package_identification:_identify(mujoco/sample) by extensions ['cmake', 'python']
[1.535s] Level 1:colcon.colcon_core.package_identification:_identify(mujoco/sample) by extension 'cmake'
[1.535s] Level 1:colcon.colcon_core.package_identification:_identify(mujoco/sample) by extension 'python'
[1.535s] Level 1:colcon.colcon_core.package_identification:_identify(mujoco/sample) by extensions ['python_setup_py']
[1.535s] Level 1:colcon.colcon_core.package_identification:_identify(mujoco/sample) by extension 'python_setup_py'
[1.536s] Level 1:colcon.colcon_core.package_identification:_identify(mujoco/sample/cmake) by extensions ['ignore', 'ignore_ament_install']
[1.536s] Level 1:colcon.colcon_core.package_identification:_identify(mujoco/sample/cmake) by extension 'ignore'
[1.536s] Level 1:colcon.colcon_core.package_identification:_identify(mujoco/sample/cmake) by extension 'ignore_ament_install'
[1.536s] Level 1:colcon.colcon_core.package_identification:_identify(mujoco/sample/cmake) by extensions ['colcon_pkg']
[1.537s] Level 1:colcon.colcon_core.package_identification:_identify(mujoco/sample/cmake) by extension 'colcon_pkg'
[1.537s] Level 1:colcon.colcon_core.package_identification:_identify(mujoco/sample/cmake) by extensions ['colcon_meta']
[1.537s] Level 1:colcon.colcon_core.package_identification:_identify(mujoco/sample/cmake) by extension 'colcon_meta'
[1.537s] Level 1:colcon.colcon_core.package_identification:_identify(mujoco/sample/cmake) by extensions ['ros']
[1.537s] Level 1:colcon.colcon_core.package_identification:_identify(mujoco/sample/cmake) by extension 'ros'
[1.538s] Level 1:colcon.colcon_core.package_identification:_identify(mujoco/sample/cmake) by extensions ['cmake', 'python']
[1.538s] Level 1:colcon.colcon_core.package_identification:_identify(mujoco/sample/cmake) by extension 'cmake'
[1.538s] Level 1:colcon.colcon_core.package_identification:_identify(mujoco/sample/cmake) by extension 'python'
[1.538s] Level 1:colcon.colcon_core.package_identification:_identify(mujoco/sample/cmake) by extensions ['python_setup_py']
[1.538s] Level 1:colcon.colcon_core.package_identification:_identify(mujoco/sample/cmake) by extension 'python_setup_py'
[1.538s] Level 1:colcon.colcon_core.package_identification:_identify(mujoco/simulate) by extensions ['ignore', 'ignore_ament_install']
[1.539s] Level 1:colcon.colcon_core.package_identification:_identify(mujoco/simulate) by extension 'ignore'
[1.539s] Level 1:colcon.colcon_core.package_identification:_identify(mujoco/simulate) by extension 'ignore_ament_install'
[1.539s] Level 1:colcon.colcon_core.package_identification:_identify(mujoco/simulate) by extensions ['colcon_pkg']
[1.539s] Level 1:colcon.colcon_core.package_identification:_identify(mujoco/simulate) by extension 'colcon_pkg'
[1.539s] Level 1:colcon.colcon_core.package_identification:_identify(mujoco/simulate) by extensions ['colcon_meta']
[1.540s] Level 1:colcon.colcon_core.package_identification:_identify(mujoco/simulate) by extension 'colcon_meta'
[1.540s] Level 1:colcon.colcon_core.package_identification:_identify(mujoco/simulate) by extensions ['ros']
[1.540s] Level 1:colcon.colcon_core.package_identification:_identify(mujoco/simulate) by extension 'ros'
[1.540s] Level 1:colcon.colcon_core.package_identification:_identify(mujoco/simulate) by extensions ['cmake', 'python']
[1.540s] Level 1:colcon.colcon_core.package_identification:_identify(mujoco/simulate) by extension 'cmake'
[1.540s] Level 1:colcon.colcon_core.package_identification:_identify(mujoco/simulate) by extension 'python'
[1.541s] Level 1:colcon.colcon_core.package_identification:_identify(mujoco/simulate) by extensions ['python_setup_py']
[1.541s] Level 1:colcon.colcon_core.package_identification:_identify(mujoco/simulate) by extension 'python_setup_py'
[1.541s] Level 1:colcon.colcon_core.package_identification:_identify(mujoco/simulate/cmake) by extensions ['ignore', 'ignore_ament_install']
[1.541s] Level 1:colcon.colcon_core.package_identification:_identify(mujoco/simulate/cmake) by extension 'ignore'
[1.542s] Level 1:colcon.colcon_core.package_identification:_identify(mujoco/simulate/cmake) by extension 'ignore_ament_install'
[1.542s] Level 1:colcon.colcon_core.package_identification:_identify(mujoco/simulate/cmake) by extensions ['colcon_pkg']
[1.542s] Level 1:colcon.colcon_core.package_identification:_identify(mujoco/simulate/cmake) by extension 'colcon_pkg'
[1.542s] Level 1:colcon.colcon_core.package_identification:_identify(mujoco/simulate/cmake) by extensions ['colcon_meta']
[1.542s] Level 1:colcon.colcon_core.package_identification:_identify(mujoco/simulate/cmake) by extension 'colcon_meta'
[1.542s] Level 1:colcon.colcon_core.package_identification:_identify(mujoco/simulate/cmake) by extensions ['ros']
[1.542s] Level 1:colcon.colcon_core.package_identification:_identify(mujoco/simulate/cmake) by extension 'ros'
[1.543s] Level 1:colcon.colcon_core.package_identification:_identify(mujoco/simulate/cmake) by extensions ['cmake', 'python']
[1.543s] Level 1:colcon.colcon_core.package_identification:_identify(mujoco/simulate/cmake) by extension 'cmake'
[1.543s] Level 1:colcon.colcon_core.package_identification:_identify(mujoco/simulate/cmake) by extension 'python'
[1.543s] Level 1:colcon.colcon_core.package_identification:_identify(mujoco/simulate/cmake) by extensions ['python_setup_py']
[1.543s] Level 1:colcon.colcon_core.package_identification:_identify(mujoco/simulate/cmake) by extension 'python_setup_py'
[1.544s] Level 1:colcon.colcon_core.package_identification:_identify(src) by extensions ['ignore', 'ignore_ament_install']
[1.544s] Level 1:colcon.colcon_core.package_identification:_identify(src) by extension 'ignore'
[1.544s] Level 1:colcon.colcon_core.package_identification:_identify(src) by extension 'ignore_ament_install'
[1.544s] Level 1:colcon.colcon_core.package_identification:_identify(src) by extensions ['colcon_pkg']
[1.545s] Level 1:colcon.colcon_core.package_identification:_identify(src) by extension 'colcon_pkg'
[1.545s] Level 1:colcon.colcon_core.package_identification:_identify(src) by extensions ['colcon_meta']
[1.545s] Level 1:colcon.colcon_core.package_identification:_identify(src) by extension 'colcon_meta'
[1.545s] Level 1:colcon.colcon_core.package_identification:_identify(src) by extensions ['ros']
[1.545s] Level 1:colcon.colcon_core.package_identification:_identify(src) by extension 'ros'
[1.545s] Level 1:colcon.colcon_core.package_identification:_identify(src) by extensions ['cmake', 'python']
[1.546s] Level 1:colcon.colcon_core.package_identification:_identify(src) by extension 'cmake'
[1.546s] Level 1:colcon.colcon_core.package_identification:_identify(src) by extension 'python'
[1.546s] Level 1:colcon.colcon_core.package_identification:_identify(src) by extensions ['python_setup_py']
[1.546s] Level 1:colcon.colcon_core.package_identification:_identify(src) by extension 'python_setup_py'
[1.546s] Level 1:colcon.colcon_core.package_identification:_identify(src/premade_path_publisher) by extensions ['ignore', 'ignore_ament_install']
[1.547s] Level 1:colcon.colcon_core.package_identification:_identify(src/premade_path_publisher) by extension 'ignore'
[1.547s] Level 1:colcon.colcon_core.package_identification:_identify(src/premade_path_publisher) by extension 'ignore_ament_install'
[1.547s] Level 1:colcon.colcon_core.package_identification:_identify(src/premade_path_publisher) by extensions ['colcon_pkg']
[1.547s] Level 1:colcon.colcon_core.package_identification:_identify(src/premade_path_publisher) by extension 'colcon_pkg'
[1.547s] Level 1:colcon.colcon_core.package_identification:_identify(src/premade_path_publisher) by extensions ['colcon_meta']
[1.547s] Level 1:colcon.colcon_core.package_identification:_identify(src/premade_path_publisher) by extension 'colcon_meta'
[1.548s] Level 1:colcon.colcon_core.package_identification:_identify(src/premade_path_publisher) by extensions ['ros']
[1.548s] Level 1:colcon.colcon_core.package_identification:_identify(src/premade_path_publisher) by extension 'ros'
[1.558s] DEBUG:colcon.colcon_core.package_identification:Package 'src/premade_path_publisher' with type 'ros.ament_python' and name 'premade_path_publisher'
[1.558s] Level 1:colcon.colcon_core.package_identification:_identify(src/scara_general_ik_solver) by extensions ['ignore', 'ignore_ament_install']
[1.558s] Level 1:colcon.colcon_core.package_identification:_identify(src/scara_general_ik_solver) by extension 'ignore'
[1.558s] Level 1:colcon.colcon_core.package_identification:_identify(src/scara_general_ik_solver) by extension 'ignore_ament_install'
[1.559s] Level 1:colcon.colcon_core.package_identification:_identify(src/scara_general_ik_solver) by extensions ['colcon_pkg']
[1.559s] Level 1:colcon.colcon_core.package_identification:_identify(src/scara_general_ik_solver) by extension 'colcon_pkg'
[1.559s] Level 1:colcon.colcon_core.package_identification:_identify(src/scara_general_ik_solver) by extensions ['colcon_meta']
[1.559s] Level 1:colcon.colcon_core.package_identification:_identify(src/scara_general_ik_solver) by extension 'colcon_meta'
[1.559s] Level 1:colcon.colcon_core.package_identification:_identify(src/scara_general_ik_solver) by extensions ['ros']
[1.559s] Level 1:colcon.colcon_core.package_identification:_identify(src/scara_general_ik_solver) by extension 'ros'
[1.561s] DEBUG:colcon.colcon_core.package_identification:Package 'src/scara_general_ik_solver' with type 'ros.ament_python' and name 'scara_general_ik_solver'
[1.562s] Level 1:colcon.colcon_core.package_identification:_identify(src/scara_gz_bringup) by extensions ['ignore', 'ignore_ament_install']
[1.562s] Level 1:colcon.colcon_core.package_identification:_identify(src/scara_gz_bringup) by extension 'ignore'
[1.562s] Level 1:colcon.colcon_core.package_identification:_identify(src/scara_gz_bringup) by extension 'ignore_ament_install'
[1.562s] Level 1:colcon.colcon_core.package_identification:_identify(src/scara_gz_bringup) by extensions ['colcon_pkg']
[1.563s] Level 1:colcon.colcon_core.package_identification:_identify(src/scara_gz_bringup) by extension 'colcon_pkg'
[1.563s] Level 1:colcon.colcon_core.package_identification:_identify(src/scara_gz_bringup) by extensions ['colcon_meta']
[1.563s] Level 1:colcon.colcon_core.package_identification:_identify(src/scara_gz_bringup) by extension 'colcon_meta'
[1.563s] Level 1:colcon.colcon_core.package_identification:_identify(src/scara_gz_bringup) by extensions ['ros']
[1.563s] Level 1:colcon.colcon_core.package_identification:_identify(src/scara_gz_bringup) by extension 'ros'
[1.565s] DEBUG:colcon.colcon_core.package_identification:Package 'src/scara_gz_bringup' with type 'ros.ament_cmake' and name 'scara_gz_bringup'
[1.565s] Level 1:colcon.colcon_core.package_identification:_identify(src/scara_gz_description) by extensions ['ignore', 'ignore_ament_install']
[1.566s] Level 1:colcon.colcon_core.package_identification:_identify(src/scara_gz_description) by extension 'ignore'
[1.566s] Level 1:colcon.colcon_core.package_identification:_identify(src/scara_gz_description) by extension 'ignore_ament_install'
[1.566s] Level 1:colcon.colcon_core.package_identification:_identify(src/scara_gz_description) by extensions ['colcon_pkg']
[1.566s] Level 1:colcon.colcon_core.package_identification:_identify(src/scara_gz_description) by extension 'colcon_pkg'
[1.566s] Level 1:colcon.colcon_core.package_identification:_identify(src/scara_gz_description) by extensions ['colcon_meta']
[1.566s] Level 1:colcon.colcon_core.package_identification:_identify(src/scara_gz_description) by extension 'colcon_meta'
[1.567s] Level 1:colcon.colcon_core.package_identification:_identify(src/scara_gz_description) by extensions ['ros']
[1.567s] Level 1:colcon.colcon_core.package_identification:_identify(src/scara_gz_description) by extension 'ros'
[1.568s] DEBUG:colcon.colcon_core.package_identification:Package 'src/scara_gz_description' with type 'ros.ament_cmake' and name 'scara_gz_description'
[1.569s] Level 1:colcon.colcon_core.package_identification:_identify(src/scara_hardware_interface) by extensions ['ignore', 'ignore_ament_install']
[1.569s] Level 1:colcon.colcon_core.package_identification:_identify(src/scara_hardware_interface) by extension 'ignore'
[1.569s] Level 1:colcon.colcon_core.package_identification:_identify(src/scara_hardware_interface) by extension 'ignore_ament_install'
[1.569s] Level 1:colcon.colcon_core.package_identification:_identify(src/scara_hardware_interface) by extensions ['colcon_pkg']
[1.570s] Level 1:colcon.colcon_core.package_identification:_identify(src/scara_hardware_interface) by extension 'colcon_pkg'
[1.570s] Level 1:colcon.colcon_core.package_identification:_identify(src/scara_hardware_interface) by extensions ['colcon_meta']
[1.570s] Level 1:colcon.colcon_core.package_identification:_identify(src/scara_hardware_interface) by extension 'colcon_meta'
[1.570s] Level 1:colcon.colcon_core.package_identification:_identify(src/scara_hardware_interface) by extensions ['ros']
[1.570s] Level 1:colcon.colcon_core.package_identification:_identify(src/scara_hardware_interface) by extension 'ros'
[1.593s] DEBUG:colcon.colcon_core.package_identification:Package 'src/scara_hardware_interface' with type 'ros.ament_cmake' and name 'scara_hardware_interface'
[1.593s] Level 1:colcon.colcon_core.package_identification:_identify(src/scara_mujoco_bringup) by extensions ['ignore', 'ignore_ament_install']
[1.594s] Level 1:colcon.colcon_core.package_identification:_identify(src/scara_mujoco_bringup) by extension 'ignore'
[1.594s] Level 1:colcon.colcon_core.package_identification:_identify(src/scara_mujoco_bringup) by extension 'ignore_ament_install'
[1.594s] Level 1:colcon.colcon_core.package_identification:_identify(src/scara_mujoco_bringup) by extensions ['colcon_pkg']
[1.595s] Level 1:colcon.colcon_core.package_identification:_identify(src/scara_mujoco_bringup) by extension 'colcon_pkg'
[1.595s] Level 1:colcon.colcon_core.package_identification:_identify(src/scara_mujoco_bringup) by extensions ['colcon_meta']
[1.595s] Level 1:colcon.colcon_core.package_identification:_identify(src/scara_mujoco_bringup) by extension 'colcon_meta'
[1.595s] Level 1:colcon.colcon_core.package_identification:_identify(src/scara_mujoco_bringup) by extensions ['ros']
[1.595s] Level 1:colcon.colcon_core.package_identification:_identify(src/scara_mujoco_bringup) by extension 'ros'
[1.597s] DEBUG:colcon.colcon_core.package_identification:Package 'src/scara_mujoco_bringup' with type 'ros.ament_cmake' and name 'scara_mujoco_bringup'
[1.597s] Level 1:colcon.colcon_core.package_identification:_identify(src/scara_mujoco_description) by extensions ['ignore', 'ignore_ament_install']
[1.598s] Level 1:colcon.colcon_core.package_identification:_identify(src/scara_mujoco_description) by extension 'ignore'
[1.598s] Level 1:colcon.colcon_core.package_identification:_identify(src/scara_mujoco_description) by extension 'ignore_ament_install'
[1.598s] Level 1:colcon.colcon_core.package_identification:_identify(src/scara_mujoco_description) by extensions ['colcon_pkg']
[1.598s] Level 1:colcon.colcon_core.package_identification:_identify(src/scara_mujoco_description) by extension 'colcon_pkg'
[1.598s] Level 1:colcon.colcon_core.package_identification:_identify(src/scara_mujoco_description) by extensions ['colcon_meta']
[1.599s] Level 1:colcon.colcon_core.package_identification:_identify(src/scara_mujoco_description) by extension 'colcon_meta'
[1.599s] Level 1:colcon.colcon_core.package_identification:_identify(src/scara_mujoco_description) by extensions ['ros']
[1.599s] Level 1:colcon.colcon_core.package_identification:_identify(src/scara_mujoco_description) by extension 'ros'
[1.601s] DEBUG:colcon.colcon_core.package_identification:Package 'src/scara_mujoco_description' with type 'ros.ament_cmake' and name 'scara_mujoco_description'
[1.601s] Level 1:colcon.colcon_core.package_identification:_identify(src/scara_mujoco_python_sim) by extensions ['ignore', 'ignore_ament_install']
[1.601s] Level 1:colcon.colcon_core.package_identification:_identify(src/scara_mujoco_python_sim) by extension 'ignore'
[1.601s] Level 1:colcon.colcon_core.package_identification:_identify(src/scara_mujoco_python_sim) by extension 'ignore_ament_install'
[1.602s] Level 1:colcon.colcon_core.package_identification:_identify(src/scara_mujoco_python_sim) by extensions ['colcon_pkg']
[1.602s] Level 1:colcon.colcon_core.package_identification:_identify(src/scara_mujoco_python_sim) by extension 'colcon_pkg'
[1.602s] Level 1:colcon.colcon_core.package_identification:_identify(src/scara_mujoco_python_sim) by extensions ['colcon_meta']
[1.602s] Level 1:colcon.colcon_core.package_identification:_identify(src/scara_mujoco_python_sim) by extension 'colcon_meta'
[1.602s] Level 1:colcon.colcon_core.package_identification:_identify(src/scara_mujoco_python_sim) by extensions ['ros']
[1.602s] Level 1:colcon.colcon_core.package_identification:_identify(src/scara_mujoco_python_sim) by extension 'ros'
[1.604s] DEBUG:colcon.colcon_core.package_identification:Package 'src/scara_mujoco_python_sim' with type 'ros.ament_python' and name 'scara_mujoco_python_sim'
[1.604s] Level 1:colcon.colcon_core.package_identification:_identify(src/scara_mujoco_sim) by extensions ['ignore', 'ignore_ament_install']
[1.605s] Level 1:colcon.colcon_core.package_identification:_identify(src/scara_mujoco_sim) by extension 'ignore'
[1.605s] Level 1:colcon.colcon_core.package_identification:_identify(src/scara_mujoco_sim) by extension 'ignore_ament_install'
[1.605s] Level 1:colcon.colcon_core.package_identification:_identify(src/scara_mujoco_sim) by extensions ['colcon_pkg']
[1.605s] Level 1:colcon.colcon_core.package_identification:_identify(src/scara_mujoco_sim) by extension 'colcon_pkg'
[1.606s] Level 1:colcon.colcon_core.package_identification:_identify(src/scara_mujoco_sim) by extensions ['colcon_meta']
[1.606s] Level 1:colcon.colcon_core.package_identification:_identify(src/scara_mujoco_sim) by extension 'colcon_meta'
[1.606s] Level 1:colcon.colcon_core.package_identification:_identify(src/scara_mujoco_sim) by extensions ['ros']
[1.606s] Level 1:colcon.colcon_core.package_identification:_identify(src/scara_mujoco_sim) by extension 'ros'
[1.609s] DEBUG:colcon.colcon_core.package_identification:Package 'src/scara_mujoco_sim' with type 'ros.ament_cmake' and name 'scara_mujoco_sim'
[1.609s] Level 1:colcon.colcon_core.package_identification:_identify(src/scara_path_controller) by extensions ['ignore', 'ignore_ament_install']
[1.609s] Level 1:colcon.colcon_core.package_identification:_identify(src/scara_path_controller) by extension 'ignore'
[1.610s] Level 1:colcon.colcon_core.package_identification:_identify(src/scara_path_controller) by extension 'ignore_ament_install'
[1.610s] Level 1:colcon.colcon_core.package_identification:_identify(src/scara_path_controller) by extensions ['colcon_pkg']
[1.610s] Level 1:colcon.colcon_core.package_identification:_identify(src/scara_path_controller) by extension 'colcon_pkg'
[1.610s] Level 1:colcon.colcon_core.package_identification:_identify(src/scara_path_controller) by extensions ['colcon_meta']
[1.610s] Level 1:colcon.colcon_core.package_identification:_identify(src/scara_path_controller) by extension 'colcon_meta'
[1.610s] Level 1:colcon.colcon_core.package_identification:_identify(src/scara_path_controller) by extensions ['ros']
[1.610s] Level 1:colcon.colcon_core.package_identification:_identify(src/scara_path_controller) by extension 'ros'
[1.613s] DEBUG:colcon.colcon_core.package_identification:Package 'src/scara_path_controller' with type 'ros.ament_python' and name 'scara_path_controller'
[1.613s] Level 1:colcon.colcon_core.package_identification:_identify(src/scara_path_generator) by extensions ['ignore', 'ignore_ament_install']
[1.613s] Level 1:colcon.colcon_core.package_identification:_identify(src/scara_path_generator) by extension 'ignore'
[1.614s] Level 1:colcon.colcon_core.package_identification:_identify(src/scara_path_generator) by extension 'ignore_ament_install'
[1.614s] Level 1:colcon.colcon_core.package_identification:_identify(src/scara_path_generator) by extensions ['colcon_pkg']
[1.614s] Level 1:colcon.colcon_core.package_identification:_identify(src/scara_path_generator) by extension 'colcon_pkg'
[1.614s] Level 1:colcon.colcon_core.package_identification:_identify(src/scara_path_generator) by extensions ['colcon_meta']
[1.614s] Level 1:colcon.colcon_core.package_identification:_identify(src/scara_path_generator) by extension 'colcon_meta'
[1.615s] Level 1:colcon.colcon_core.package_identification:_identify(src/scara_path_generator) by extensions ['ros']
[1.615s] Level 1:colcon.colcon_core.package_identification:_identify(src/scara_path_generator) by extension 'ros'
[1.616s] DEBUG:colcon.colcon_core.package_identification:Package 'src/scara_path_generator' with type 'ros.ament_python' and name 'scara_path_generator'
[1.617s] Level 1:colcon.colcon_core.package_identification:_identify(src/scara_real_bringup) by extensions ['ignore', 'ignore_ament_install']
[1.617s] Level 1:colcon.colcon_core.package_identification:_identify(src/scara_real_bringup) by extension 'ignore'
[1.617s] Level 1:colcon.colcon_core.package_identification:_identify(src/scara_real_bringup) by extension 'ignore_ament_install'
[1.617s] Level 1:colcon.colcon_core.package_identification:_identify(src/scara_real_bringup) by extensions ['colcon_pkg']
[1.618s] Level 1:colcon.colcon_core.package_identification:_identify(src/scara_real_bringup) by extension 'colcon_pkg'
[1.618s] Level 1:colcon.colcon_core.package_identification:_identify(src/scara_real_bringup) by extensions ['colcon_meta']
[1.618s] Level 1:colcon.colcon_core.package_identification:_identify(src/scara_real_bringup) by extension 'colcon_meta'
[1.618s] Level 1:colcon.colcon_core.package_identification:_identify(src/scara_real_bringup) by extensions ['ros']
[1.618s] Level 1:colcon.colcon_core.package_identification:_identify(src/scara_real_bringup) by extension 'ros'
[1.620s] DEBUG:colcon.colcon_core.package_identification:Package 'src/scara_real_bringup' with type 'ros.ament_cmake' and name 'scara_real_bringup'
[1.620s] Level 1:colcon.colcon_core.package_identification:_identify(src/scara_real_description) by extensions ['ignore', 'ignore_ament_install']
[1.621s] Level 1:colcon.colcon_core.package_identification:_identify(src/scara_real_description) by extension 'ignore'
[1.621s] Level 1:colcon.colcon_core.package_identification:_identify(src/scara_real_description) by extension 'ignore_ament_install'
[1.621s] Level 1:colcon.colcon_core.package_identification:_identify(src/scara_real_description) by extensions ['colcon_pkg']
[1.621s] Level 1:colcon.colcon_core.package_identification:_identify(src/scara_real_description) by extension 'colcon_pkg'
[1.621s] Level 1:colcon.colcon_core.package_identification:_identify(src/scara_real_description) by extensions ['colcon_meta']
[1.621s] Level 1:colcon.colcon_core.package_identification:_identify(src/scara_real_description) by extension 'colcon_meta'
[1.622s] Level 1:colcon.colcon_core.package_identification:_identify(src/scara_real_description) by extensions ['ros']
[1.622s] Level 1:colcon.colcon_core.package_identification:_identify(src/scara_real_description) by extension 'ros'
[1.623s] DEBUG:colcon.colcon_core.package_identification:Package 'src/scara_real_description' with type 'ros.ament_cmake' and name 'scara_real_description'
[1.624s] Level 1:colcon.colcon_core.package_identification:_identify(src/scara_tf_generator) by extensions ['ignore', 'ignore_ament_install']
[1.624s] Level 1:colcon.colcon_core.package_identification:_identify(src/scara_tf_generator) by extension 'ignore'
[1.624s] Level 1:colcon.colcon_core.package_identification:_identify(src/scara_tf_generator) by extension 'ignore_ament_install'
[1.625s] Level 1:colcon.colcon_core.package_identification:_identify(src/scara_tf_generator) by extensions ['colcon_pkg']
[1.625s] Level 1:colcon.colcon_core.package_identification:_identify(src/scara_tf_generator) by extension 'colcon_pkg'
[1.625s] Level 1:colcon.colcon_core.package_identification:_identify(src/scara_tf_generator) by extensions ['colcon_meta']
[1.625s] Level 1:colcon.colcon_core.package_identification:_identify(src/scara_tf_generator) by extension 'colcon_meta'
[1.625s] Level 1:colcon.colcon_core.package_identification:_identify(src/scara_tf_generator) by extensions ['ros']
[1.625s] Level 1:colcon.colcon_core.package_identification:_identify(src/scara_tf_generator) by extension 'ros'
[1.627s] DEBUG:colcon.colcon_core.package_identification:Package 'src/scara_tf_generator' with type 'ros.ament_python' and name 'scara_tf_generator'
[1.627s] Level 1:colcon.colcon_core.package_discovery:discover_packages(recursive) using defaults
[1.627s] Level 1:colcon.colcon_core.package_discovery:discover_packages(ignore) discover
[1.628s] Level 1:colcon.colcon_core.package_discovery:discover_packages(ignore) using defaults
[1.628s] Level 1:colcon.colcon_core.package_discovery:discover_packages(path) discover
[1.628s] Level 1:colcon.colcon_core.package_discovery:discover_packages(path) using defaults
[1.694s] Level 1:colcon.colcon_core.package_discovery:discover_packages(prefix_path) check parameters
[1.695s] Level 1:colcon.colcon_core.package_discovery:discover_packages(prefix_path) discover
[1.702s] DEBUG:colcon.colcon_installed_package_information.package_discovery:Found 14 installed packages in /home/eia/rbi_2025/scara/scara_ws/install
[1.708s] DEBUG:colcon.colcon_installed_package_information.package_discovery:Found 452 installed packages in /opt/ros/humble
[1.717s] Level 1:colcon.colcon_core.package_discovery:discover_packages(prefix_path) using defaults
[1.908s] Level 5:colcon.colcon_core.verb:set package 'premade_path_publisher' build argument 'cmake_args' from command line to 'None'
[1.908s] Level 5:colcon.colcon_core.verb:set package 'premade_path_publisher' build argument 'cmake_target' from command line to 'None'
[1.908s] Level 5:colcon.colcon_core.verb:set package 'premade_path_publisher' build argument 'cmake_target_skip_unavailable' from command line to 'False'
[1.908s] Level 5:colcon.colcon_core.verb:set package 'premade_path_publisher' build argument 'cmake_clean_cache' from command line to 'False'
[1.908s] Level 5:colcon.colcon_core.verb:set package 'premade_path_publisher' build argument 'cmake_clean_first' from command line to 'False'
[1.909s] Level 5:colcon.colcon_core.verb:set package 'premade_path_publisher' build argument 'cmake_force_configure' from command line to 'False'
[1.909s] Level 5:colcon.colcon_core.verb:set package 'premade_path_publisher' build argument 'ament_cmake_args' from command line to 'None'
[1.909s] Level 5:colcon.colcon_core.verb:set package 'premade_path_publisher' build argument 'catkin_cmake_args' from command line to 'None'
[1.909s] Level 5:colcon.colcon_core.verb:set package 'premade_path_publisher' build argument 'catkin_skip_building_tests' from command line to 'False'
[1.909s] DEBUG:colcon.colcon_core.verb:Building package 'premade_path_publisher' with the following arguments: {'ament_cmake_args': None, 'build_base': '/home/eia/rbi_2025/scara/scara_ws/build/premade_path_publisher', 'catkin_cmake_args': None, 'catkin_skip_building_tests': False, 'cmake_args': None, 'cmake_clean_cache': False, 'cmake_clean_first': False, 'cmake_force_configure': False, 'cmake_target': None, 'cmake_target_skip_unavailable': False, 'install_base': '/home/eia/rbi_2025/scara/scara_ws/install/premade_path_publisher', 'merge_install': False, 'path': '/home/eia/rbi_2025/scara/scara_ws/src/premade_path_publisher', 'symlink_install': True, 'test_result_base': None}
[1.910s] Level 5:colcon.colcon_core.verb:set package 'scara_general_ik_solver' build argument 'cmake_args' from command line to 'None'
[1.910s] Level 5:colcon.colcon_core.verb:set package 'scara_general_ik_solver' build argument 'cmake_target' from command line to 'None'
[1.911s] Level 5:colcon.colcon_core.verb:set package 'scara_general_ik_solver' build argument 'cmake_target_skip_unavailable' from command line to 'False'
[1.911s] Level 5:colcon.colcon_core.verb:set package 'scara_general_ik_solver' build argument 'cmake_clean_cache' from command line to 'False'
[1.911s] Level 5:colcon.colcon_core.verb:set package 'scara_general_ik_solver' build argument 'cmake_clean_first' from command line to 'False'
[1.911s] Level 5:colcon.colcon_core.verb:set package 'scara_general_ik_solver' build argument 'cmake_force_configure' from command line to 'False'
[1.911s] Level 5:colcon.colcon_core.verb:set package 'scara_general_ik_solver' build argument 'ament_cmake_args' from command line to 'None'
[1.911s] Level 5:colcon.colcon_core.verb:set package 'scara_general_ik_solver' build argument 'catkin_cmake_args' from command line to 'None'
[1.911s] Level 5:colcon.colcon_core.verb:set package 'scara_general_ik_solver' build argument 'catkin_skip_building_tests' from command line to 'False'
[1.911s] DEBUG:colcon.colcon_core.verb:Building package 'scara_general_ik_solver' with the following arguments: {'ament_cmake_args': None, 'build_base': '/home/eia/rbi_2025/scara/scara_ws/build/scara_general_ik_solver', 'catkin_cmake_args': None, 'catkin_skip_building_tests': False, 'cmake_args': None, 'cmake_clean_cache': False, 'cmake_clean_first': False, 'cmake_force_configure': False, 'cmake_target': None, 'cmake_target_skip_unavailable': False, 'install_base': '/home/eia/rbi_2025/scara/scara_ws/install/scara_general_ik_solver', 'merge_install': False, 'path': '/home/eia/rbi_2025/scara/scara_ws/src/scara_general_ik_solver', 'symlink_install': True, 'test_result_base': None}
[1.913s] Level 5:colcon.colcon_core.verb:set package 'scara_gz_bringup' build argument 'cmake_args' from command line to 'None'
[1.913s] Level 5:colcon.colcon_core.verb:set package 'scara_gz_bringup' build argument 'cmake_target' from command line to 'None'
[1.913s] Level 5:colcon.colcon_core.verb:set package 'scara_gz_bringup' build argument 'cmake_target_skip_unavailable' from command line to 'False'
[1.913s] Level 5:colcon.colcon_core.verb:set package 'scara_gz_bringup' build argument 'cmake_clean_cache' from command line to 'False'
[1.913s] Level 5:colcon.colcon_core.verb:set package 'scara_gz_bringup' build argument 'cmake_clean_first' from command line to 'False'
[1.913s] Level 5:colcon.colcon_core.verb:set package 'scara_gz_bringup' build argument 'cmake_force_configure' from command line to 'False'
[1.913s] Level 5:colcon.colcon_core.verb:set package 'scara_gz_bringup' build argument 'ament_cmake_args' from command line to 'None'
[1.913s] Level 5:colcon.colcon_core.verb:set package 'scara_gz_bringup' build argument 'catkin_cmake_args' from command line to 'None'
[1.913s] Level 5:colcon.colcon_core.verb:set package 'scara_gz_bringup' build argument 'catkin_skip_building_tests' from command line to 'False'
[1.913s] DEBUG:colcon.colcon_core.verb:Building package 'scara_gz_bringup' with the following arguments: {'ament_cmake_args': None, 'build_base': '/home/eia/rbi_2025/scara/scara_ws/build/scara_gz_bringup', 'catkin_cmake_args': None, 'catkin_skip_building_tests': False, 'cmake_args': None, 'cmake_clean_cache': False, 'cmake_clean_first': False, 'cmake_force_configure': False, 'cmake_target': None, 'cmake_target_skip_unavailable': False, 'install_base': '/home/eia/rbi_2025/scara/scara_ws/install/scara_gz_bringup', 'merge_install': False, 'path': '/home/eia/rbi_2025/scara/scara_ws/src/scara_gz_bringup', 'symlink_install': True, 'test_result_base': None}
[1.915s] Level 5:colcon.colcon_core.verb:set package 'scara_gz_description' build argument 'cmake_args' from command line to 'None'
[1.915s] Level 5:colcon.colcon_core.verb:set package 'scara_gz_description' build argument 'cmake_target' from command line to 'None'
[1.915s] Level 5:colcon.colcon_core.verb:set package 'scara_gz_description' build argument 'cmake_target_skip_unavailable' from command line to 'False'
[1.915s] Level 5:colcon.colcon_core.verb:set package 'scara_gz_description' build argument 'cmake_clean_cache' from command line to 'False'
[1.915s] Level 5:colcon.colcon_core.verb:set package 'scara_gz_description' build argument 'cmake_clean_first' from command line to 'False'
[1.915s] Level 5:colcon.colcon_core.verb:set package 'scara_gz_description' build argument 'cmake_force_configure' from command line to 'False'
[1.915s] Level 5:colcon.colcon_core.verb:set package 'scara_gz_description' build argument 'ament_cmake_args' from command line to 'None'
[1.915s] Level 5:colcon.colcon_core.verb:set package 'scara_gz_description' build argument 'catkin_cmake_args' from command line to 'None'
[1.916s] Level 5:colcon.colcon_core.verb:set package 'scara_gz_description' build argument 'catkin_skip_building_tests' from command line to 'False'
[1.916s] DEBUG:colcon.colcon_core.verb:Building package 'scara_gz_description' with the following arguments: {'ament_cmake_args': None, 'build_base': '/home/eia/rbi_2025/scara/scara_ws/build/scara_gz_description', 'catkin_cmake_args': None, 'catkin_skip_building_tests': False, 'cmake_args': None, 'cmake_clean_cache': False, 'cmake_clean_first': False, 'cmake_force_configure': False, 'cmake_target': None, 'cmake_target_skip_unavailable': False, 'install_base': '/home/eia/rbi_2025/scara/scara_ws/install/scara_gz_description', 'merge_install': False, 'path': '/home/eia/rbi_2025/scara/scara_ws/src/scara_gz_description', 'symlink_install': True, 'test_result_base': None}
[1.917s] Level 5:colcon.colcon_core.verb:set package 'scara_hardware_interface' build argument 'cmake_args' from command line to 'None'
[1.917s] Level 5:colcon.colcon_core.verb:set package 'scara_hardware_interface' build argument 'cmake_target' from command line to 'None'
[1.917s] Level 5:colcon.colcon_core.verb:set package 'scara_hardware_interface' build argument 'cmake_target_skip_unavailable' from command line to 'False'
[1.917s] Level 5:colcon.colcon_core.verb:set package 'scara_hardware_interface' build argument 'cmake_clean_cache' from command line to 'False'
[1.917s] Level 5:colcon.colcon_core.verb:set package 'scara_hardware_interface' build argument 'cmake_clean_first' from command line to 'False'
[1.917s] Level 5:colcon.colcon_core.verb:set package 'scara_hardware_interface' build argument 'cmake_force_configure' from command line to 'False'
[1.918s] Level 5:colcon.colcon_core.verb:set package 'scara_hardware_interface' build argument 'ament_cmake_args' from command line to 'None'
[1.918s] Level 5:colcon.colcon_core.verb:set package 'scara_hardware_interface' build argument 'catkin_cmake_args' from command line to 'None'
[1.918s] Level 5:colcon.colcon_core.verb:set package 'scara_hardware_interface' build argument 'catkin_skip_building_tests' from command line to 'False'
[1.918s] DEBUG:colcon.colcon_core.verb:Building package 'scara_hardware_interface' with the following arguments: {'ament_cmake_args': None, 'build_base': '/home/eia/rbi_2025/scara/scara_ws/build/scara_hardware_interface', 'catkin_cmake_args': None, 'catkin_skip_building_tests': False, 'cmake_args': None, 'cmake_clean_cache': False, 'cmake_clean_first': False, 'cmake_force_configure': False, 'cmake_target': None, 'cmake_target_skip_unavailable': False, 'install_base': '/home/eia/rbi_2025/scara/scara_ws/install/scara_hardware_interface', 'merge_install': False, 'path': '/home/eia/rbi_2025/scara/scara_ws/src/scara_hardware_interface', 'symlink_install': True, 'test_result_base': None}
[1.919s] Level 5:colcon.colcon_core.verb:set package 'scara_mujoco_bringup' build argument 'cmake_args' from command line to 'None'
[1.919s] Level 5:colcon.colcon_core.verb:set package 'scara_mujoco_bringup' build argument 'cmake_target' from command line to 'None'
[1.919s] Level 5:colcon.colcon_core.verb:set package 'scara_mujoco_bringup' build argument 'cmake_target_skip_unavailable' from command line to 'False'
[1.919s] Level 5:colcon.colcon_core.verb:set package 'scara_mujoco_bringup' build argument 'cmake_clean_cache' from command line to 'False'
[1.920s] Level 5:colcon.colcon_core.verb:set package 'scara_mujoco_bringup' build argument 'cmake_clean_first' from command line to 'False'
[1.920s] Level 5:colcon.colcon_core.verb:set package 'scara_mujoco_bringup' build argument 'cmake_force_configure' from command line to 'False'
[1.920s] Level 5:colcon.colcon_core.verb:set package 'scara_mujoco_bringup' build argument 'ament_cmake_args' from command line to 'None'
[1.920s] Level 5:colcon.colcon_core.verb:set package 'scara_mujoco_bringup' build argument 'catkin_cmake_args' from command line to 'None'
[1.920s] Level 5:colcon.colcon_core.verb:set package 'scara_mujoco_bringup' build argument 'catkin_skip_building_tests' from command line to 'False'
[1.920s] DEBUG:colcon.colcon_core.verb:Building package 'scara_mujoco_bringup' with the following arguments: {'ament_cmake_args': None, 'build_base': '/home/eia/rbi_2025/scara/scara_ws/build/scara_mujoco_bringup', 'catkin_cmake_args': None, 'catkin_skip_building_tests': False, 'cmake_args': None, 'cmake_clean_cache': False, 'cmake_clean_first': False, 'cmake_force_configure': False, 'cmake_target': None, 'cmake_target_skip_unavailable': False, 'install_base': '/home/eia/rbi_2025/scara/scara_ws/install/scara_mujoco_bringup', 'merge_install': False, 'path': '/home/eia/rbi_2025/scara/scara_ws/src/scara_mujoco_bringup', 'symlink_install': True, 'test_result_base': None}
[1.921s] Level 5:colcon.colcon_core.verb:set package 'scara_mujoco_description' build argument 'cmake_args' from command line to 'None'
[1.921s] Level 5:colcon.colcon_core.verb:set package 'scara_mujoco_description' build argument 'cmake_target' from command line to 'None'
[1.922s] Level 5:colcon.colcon_core.verb:set package 'scara_mujoco_description' build argument 'cmake_target_skip_unavailable' from command line to 'False'
[1.922s] Level 5:colcon.colcon_core.verb:set package 'scara_mujoco_description' build argument 'cmake_clean_cache' from command line to 'False'
[1.922s] Level 5:colcon.colcon_core.verb:set package 'scara_mujoco_description' build argument 'cmake_clean_first' from command line to 'False'
[1.922s] Level 5:colcon.colcon_core.verb:set package 'scara_mujoco_description' build argument 'cmake_force_configure' from command line to 'False'
[1.922s] Level 5:colcon.colcon_core.verb:set package 'scara_mujoco_description' build argument 'ament_cmake_args' from command line to 'None'
[1.922s] Level 5:colcon.colcon_core.verb:set package 'scara_mujoco_description' build argument 'catkin_cmake_args' from command line to 'None'
[1.922s] Level 5:colcon.colcon_core.verb:set package 'scara_mujoco_description' build argument 'catkin_skip_building_tests' from command line to 'False'
[1.922s] DEBUG:colcon.colcon_core.verb:Building package 'scara_mujoco_description' with the following arguments: {'ament_cmake_args': None, 'build_base': '/home/eia/rbi_2025/scara/scara_ws/build/scara_mujoco_description', 'catkin_cmake_args': None, 'catkin_skip_building_tests': False, 'cmake_args': None, 'cmake_clean_cache': False, 'cmake_clean_first': False, 'cmake_force_configure': False, 'cmake_target': None, 'cmake_target_skip_unavailable': False, 'install_base': '/home/eia/rbi_2025/scara/scara_ws/install/scara_mujoco_description', 'merge_install': False, 'path': '/home/eia/rbi_2025/scara/scara_ws/src/scara_mujoco_description', 'symlink_install': True, 'test_result_base': None}
[1.923s] Level 5:colcon.colcon_core.verb:set package 'scara_mujoco_python_sim' build argument 'cmake_args' from command line to 'None'
[1.924s] Level 5:colcon.colcon_core.verb:set package 'scara_mujoco_python_sim' build argument 'cmake_target' from command line to 'None'
[1.924s] Level 5:colcon.colcon_core.verb:set package 'scara_mujoco_python_sim' build argument 'cmake_target_skip_unavailable' from command line to 'False'
[1.924s] Level 5:colcon.colcon_core.verb:set package 'scara_mujoco_python_sim' build argument 'cmake_clean_cache' from command line to 'False'
[1.924s] Level 5:colcon.colcon_core.verb:set package 'scara_mujoco_python_sim' build argument 'cmake_clean_first' from command line to 'False'
[1.924s] Level 5:colcon.colcon_core.verb:set package 'scara_mujoco_python_sim' build argument 'cmake_force_configure' from command line to 'False'
[1.924s] Level 5:colcon.colcon_core.verb:set package 'scara_mujoco_python_sim' build argument 'ament_cmake_args' from command line to 'None'
[1.924s] Level 5:colcon.colcon_core.verb:set package 'scara_mujoco_python_sim' build argument 'catkin_cmake_args' from command line to 'None'
[1.924s] Level 5:colcon.colcon_core.verb:set package 'scara_mujoco_python_sim' build argument 'catkin_skip_building_tests' from command line to 'False'
[1.924s] DEBUG:colcon.colcon_core.verb:Building package 'scara_mujoco_python_sim' with the following arguments: {'ament_cmake_args': None, 'build_base': '/home/eia/rbi_2025/scara/scara_ws/build/scara_mujoco_python_sim', 'catkin_cmake_args': None, 'catkin_skip_building_tests': False, 'cmake_args': None, 'cmake_clean_cache': False, 'cmake_clean_first': False, 'cmake_force_configure': False, 'cmake_target': None, 'cmake_target_skip_unavailable': False, 'install_base': '/home/eia/rbi_2025/scara/scara_ws/install/scara_mujoco_python_sim', 'merge_install': False, 'path': '/home/eia/rbi_2025/scara/scara_ws/src/scara_mujoco_python_sim', 'symlink_install': True, 'test_result_base': None}
[1.926s] Level 5:colcon.colcon_core.verb:set package 'scara_mujoco_sim' build argument 'cmake_args' from command line to 'None'
[1.926s] Level 5:colcon.colcon_core.verb:set package 'scara_mujoco_sim' build argument 'cmake_target' from command line to 'None'
[1.926s] Level 5:colcon.colcon_core.verb:set package 'scara_mujoco_sim' build argument 'cmake_target_skip_unavailable' from command line to 'False'
[1.926s] Level 5:colcon.colcon_core.verb:set package 'scara_mujoco_sim' build argument 'cmake_clean_cache' from command line to 'False'
[1.926s] Level 5:colcon.colcon_core.verb:set package 'scara_mujoco_sim' build argument 'cmake_clean_first' from command line to 'False'
[1.926s] Level 5:colcon.colcon_core.verb:set package 'scara_mujoco_sim' build argument 'cmake_force_configure' from command line to 'False'
[1.926s] Level 5:colcon.colcon_core.verb:set package 'scara_mujoco_sim' build argument 'ament_cmake_args' from command line to 'None'
[1.926s] Level 5:colcon.colcon_core.verb:set package 'scara_mujoco_sim' build argument 'catkin_cmake_args' from command line to 'None'
[1.926s] Level 5:colcon.colcon_core.verb:set package 'scara_mujoco_sim' build argument 'catkin_skip_building_tests' from command line to 'False'
[1.926s] DEBUG:colcon.colcon_core.verb:Building package 'scara_mujoco_sim' with the following arguments: {'ament_cmake_args': None, 'build_base': '/home/eia/rbi_2025/scara/scara_ws/build/scara_mujoco_sim', 'catkin_cmake_args': None, 'catkin_skip_building_tests': False, 'cmake_args': None, 'cmake_clean_cache': False, 'cmake_clean_first': False, 'cmake_force_configure': False, 'cmake_target': None, 'cmake_target_skip_unavailable': False, 'install_base': '/home/eia/rbi_2025/scara/scara_ws/install/scara_mujoco_sim', 'merge_install': False, 'path': '/home/eia/rbi_2025/scara/scara_ws/src/scara_mujoco_sim', 'symlink_install': True, 'test_result_base': None}
[1.928s] Level 5:colcon.colcon_core.verb:set package 'scara_path_controller' build argument 'cmake_args' from command line to 'None'
[1.928s] Level 5:colcon.colcon_core.verb:set package 'scara_path_controller' build argument 'cmake_target' from command line to 'None'
[1.928s] Level 5:colcon.colcon_core.verb:set package 'scara_path_controller' build argument 'cmake_target_skip_unavailable' from command line to 'False'
[1.928s] Level 5:colcon.colcon_core.verb:set package 'scara_path_controller' build argument 'cmake_clean_cache' from command line to 'False'
[1.928s] Level 5:colcon.colcon_core.verb:set package 'scara_path_controller' build argument 'cmake_clean_first' from command line to 'False'
[1.928s] Level 5:colcon.colcon_core.verb:set package 'scara_path_controller' build argument 'cmake_force_configure' from command line to 'False'
[1.928s] Level 5:colcon.colcon_core.verb:set package 'scara_path_controller' build argument 'ament_cmake_args' from command line to 'None'
[1.928s] Level 5:colcon.colcon_core.verb:set package 'scara_path_controller' build argument 'catkin_cmake_args' from command line to 'None'
[1.929s] Level 5:colcon.colcon_core.verb:set package 'scara_path_controller' build argument 'catkin_skip_building_tests' from command line to 'False'
[1.929s] DEBUG:colcon.colcon_core.verb:Building package 'scara_path_controller' with the following arguments: {'ament_cmake_args': None, 'build_base': '/home/eia/rbi_2025/scara/scara_ws/build/scara_path_controller', 'catkin_cmake_args': None, 'catkin_skip_building_tests': False, 'cmake_args': None, 'cmake_clean_cache': False, 'cmake_clean_first': False, 'cmake_force_configure': False, 'cmake_target': None, 'cmake_target_skip_unavailable': False, 'install_base': '/home/eia/rbi_2025/scara/scara_ws/install/scara_path_controller', 'merge_install': False, 'path': '/home/eia/rbi_2025/scara/scara_ws/src/scara_path_controller', 'symlink_install': True, 'test_result_base': None}
[1.930s] Level 5:colcon.colcon_core.verb:set package 'scara_path_generator' build argument 'cmake_args' from command line to 'None'
[1.930s] Level 5:colcon.colcon_core.verb:set package 'scara_path_generator' build argument 'cmake_target' from command line to 'None'
[1.930s] Level 5:colcon.colcon_core.verb:set package 'scara_path_generator' build argument 'cmake_target_skip_unavailable' from command line to 'False'
[1.930s] Level 5:colcon.colcon_core.verb:set package 'scara_path_generator' build argument 'cmake_clean_cache' from command line to 'False'
[1.930s] Level 5:colcon.colcon_core.verb:set package 'scara_path_generator' build argument 'cmake_clean_first' from command line to 'False'
[1.930s] Level 5:colcon.colcon_core.verb:set package 'scara_path_generator' build argument 'cmake_force_configure' from command line to 'False'
[1.931s] Level 5:colcon.colcon_core.verb:set package 'scara_path_generator' build argument 'ament_cmake_args' from command line to 'None'
[1.931s] Level 5:colcon.colcon_core.verb:set package 'scara_path_generator' build argument 'catkin_cmake_args' from command line to 'None'
[1.931s] Level 5:colcon.colcon_core.verb:set package 'scara_path_generator' build argument 'catkin_skip_building_tests' from command line to 'False'
[1.931s] DEBUG:colcon.colcon_core.verb:Building package 'scara_path_generator' with the following arguments: {'ament_cmake_args': None, 'build_base': '/home/eia/rbi_2025/scara/scara_ws/build/scara_path_generator', 'catkin_cmake_args': None, 'catkin_skip_building_tests': False, 'cmake_args': None, 'cmake_clean_cache': False, 'cmake_clean_first': False, 'cmake_force_configure': False, 'cmake_target': None, 'cmake_target_skip_unavailable': False, 'install_base': '/home/eia/rbi_2025/scara/scara_ws/install/scara_path_generator', 'merge_install': False, 'path': '/home/eia/rbi_2025/scara/scara_ws/src/scara_path_generator', 'symlink_install': True, 'test_result_base': None}
[1.932s] Level 5:colcon.colcon_core.verb:set package 'scara_real_bringup' build argument 'cmake_args' from command line to 'None'
[1.932s] Level 5:colcon.colcon_core.verb:set package 'scara_real_bringup' build argument 'cmake_target' from command line to 'None'
[1.932s] Level 5:colcon.colcon_core.verb:set package 'scara_real_bringup' build argument 'cmake_target_skip_unavailable' from command line to 'False'
[1.932s] Level 5:colcon.colcon_core.verb:set package 'scara_real_bringup' build argument 'cmake_clean_cache' from command line to 'False'
[1.933s] Level 5:colcon.colcon_core.verb:set package 'scara_real_bringup' build argument 'cmake_clean_first' from command line to 'False'
[1.933s] Level 5:colcon.colcon_core.verb:set package 'scara_real_bringup' build argument 'cmake_force_configure' from command line to 'False'
[1.933s] Level 5:colcon.colcon_core.verb:set package 'scara_real_bringup' build argument 'ament_cmake_args' from command line to 'None'
[1.933s] Level 5:colcon.colcon_core.verb:set package 'scara_real_bringup' build argument 'catkin_cmake_args' from command line to 'None'
[1.933s] Level 5:colcon.colcon_core.verb:set package 'scara_real_bringup' build argument 'catkin_skip_building_tests' from command line to 'False'
[1.933s] DEBUG:colcon.colcon_core.verb:Building package 'scara_real_bringup' with the following arguments: {'ament_cmake_args': None, 'build_base': '/home/eia/rbi_2025/scara/scara_ws/build/scara_real_bringup', 'catkin_cmake_args': None, 'catkin_skip_building_tests': False, 'cmake_args': None, 'cmake_clean_cache': False, 'cmake_clean_first': False, 'cmake_force_configure': False, 'cmake_target': None, 'cmake_target_skip_unavailable': False, 'install_base': '/home/eia/rbi_2025/scara/scara_ws/install/scara_real_bringup', 'merge_install': False, 'path': '/home/eia/rbi_2025/scara/scara_ws/src/scara_real_bringup', 'symlink_install': True, 'test_result_base': None}
[1.934s] Level 5:colcon.colcon_core.verb:set package 'scara_real_description' build argument 'cmake_args' from command line to 'None'
[1.934s] Level 5:colcon.colcon_core.verb:set package 'scara_real_description' build argument 'cmake_target' from command line to 'None'
[1.934s] Level 5:colcon.colcon_core.verb:set package 'scara_real_description' build argument 'cmake_target_skip_unavailable' from command line to 'False'
[1.935s] Level 5:colcon.colcon_core.verb:set package 'scara_real_description' build argument 'cmake_clean_cache' from command line to 'False'
[1.935s] Level 5:colcon.colcon_core.verb:set package 'scara_real_description' build argument 'cmake_clean_first' from command line to 'False'
[1.935s] Level 5:colcon.colcon_core.verb:set package 'scara_real_description' build argument 'cmake_force_configure' from command line to 'False'
[1.935s] Level 5:colcon.colcon_core.verb:set package 'scara_real_description' build argument 'ament_cmake_args' from command line to 'None'
[1.935s] Level 5:colcon.colcon_core.verb:set package 'scara_real_description' build argument 'catkin_cmake_args' from command line to 'None'
[1.935s] Level 5:colcon.colcon_core.verb:set package 'scara_real_description' build argument 'catkin_skip_building_tests' from command line to 'False'
[1.935s] DEBUG:colcon.colcon_core.verb:Building package 'scara_real_description' with the following arguments: {'ament_cmake_args': None, 'build_base': '/home/eia/rbi_2025/scara/scara_ws/build/scara_real_description', 'catkin_cmake_args': None, 'catkin_skip_building_tests': False, 'cmake_args': None, 'cmake_clean_cache': False, 'cmake_clean_first': False, 'cmake_force_configure': False, 'cmake_target': None, 'cmake_target_skip_unavailable': False, 'install_base': '/home/eia/rbi_2025/scara/scara_ws/install/scara_real_description', 'merge_install': False, 'path': '/home/eia/rbi_2025/scara/scara_ws/src/scara_real_description', 'symlink_install': True, 'test_result_base': None}
[1.936s] Level 5:colcon.colcon_core.verb:set package 'scara_tf_generator' build argument 'cmake_args' from command line to 'None'
[1.937s] Level 5:colcon.colcon_core.verb:set package 'scara_tf_generator' build argument 'cmake_target' from command line to 'None'
[1.937s] Level 5:colcon.colcon_core.verb:set package 'scara_tf_generator' build argument 'cmake_target_skip_unavailable' from command line to 'False'
[1.937s] Level 5:colcon.colcon_core.verb:set package 'scara_tf_generator' build argument 'cmake_clean_cache' from command line to 'False'
[1.937s] Level 5:colcon.colcon_core.verb:set package 'scara_tf_generator' build argument 'cmake_clean_first' from command line to 'False'
[1.937s] Level 5:colcon.colcon_core.verb:set package 'scara_tf_generator' build argument 'cmake_force_configure' from command line to 'False'
[1.937s] Level 5:colcon.colcon_core.verb:set package 'scara_tf_generator' build argument 'ament_cmake_args' from command line to 'None'
[1.937s] Level 5:colcon.colcon_core.verb:set package 'scara_tf_generator' build argument 'catkin_cmake_args' from command line to 'None'
[1.937s] Level 5:colcon.colcon_core.verb:set package 'scara_tf_generator' build argument 'catkin_skip_building_tests' from command line to 'False'
[1.937s] DEBUG:colcon.colcon_core.verb:Building package 'scara_tf_generator' with the following arguments: {'ament_cmake_args': None, 'build_base': '/home/eia/rbi_2025/scara/scara_ws/build/scara_tf_generator', 'catkin_cmake_args': None, 'catkin_skip_building_tests': False, 'cmake_args': None, 'cmake_clean_cache': False, 'cmake_clean_first': False, 'cmake_force_configure': False, 'cmake_target': None, 'cmake_target_skip_unavailable': False, 'install_base': '/home/eia/rbi_2025/scara/scara_ws/install/scara_tf_generator', 'merge_install': False, 'path': '/home/eia/rbi_2025/scara/scara_ws/src/scara_tf_generator', 'symlink_install': True, 'test_result_base': None}
[1.938s] INFO:colcon.colcon_core.executor:Executing jobs using 'parallel' executor
[1.941s] DEBUG:colcon.colcon_parallel_executor.executor.parallel:run_until_complete
[1.942s] INFO:colcon.colcon_ros.task.ament_python.build:Building ROS package in '/home/eia/rbi_2025/scara/scara_ws/src/premade_path_publisher' with build type 'ament_python'
[1.943s] Level 1:colcon.colcon_core.shell:create_environment_hook('premade_path_publisher', 'ament_prefix_path')
[1.950s] INFO:colcon.colcon_core.plugin_system:Skipping extension 'colcon_core.shell.bat': Not used on non-Windows systems
[1.951s] INFO:colcon.colcon_core.shell:Creating environment hook '/home/eia/rbi_2025/scara/scara_ws/install/premade_path_publisher/share/premade_path_publisher/hook/ament_prefix_path.ps1'
[1.953s] INFO:colcon.colcon_core.shell:Creating environment descriptor '/home/eia/rbi_2025/scara/scara_ws/install/premade_path_publisher/share/premade_path_publisher/hook/ament_prefix_path.dsv'
[1.955s] INFO:colcon.colcon_core.shell:Creating environment hook '/home/eia/rbi_2025/scara/scara_ws/install/premade_path_publisher/share/premade_path_publisher/hook/ament_prefix_path.sh'
[1.957s] INFO:colcon.colcon_core.shell:Skip shell extension 'powershell' for command environment: Not usable outside of PowerShell
[1.957s] DEBUG:colcon.colcon_core.shell:Skip shell extension 'dsv' for command environment
[1.971s] INFO:colcon.colcon_ros.task.ament_python.build:Building ROS package in '/home/eia/rbi_2025/scara/scara_ws/src/scara_general_ik_solver' with build type 'ament_python'
[1.972s] Level 1:colcon.colcon_core.shell:create_environment_hook('scara_general_ik_solver', 'ament_prefix_path')
[1.973s] INFO:colcon.colcon_core.shell:Creating environment hook '/home/eia/rbi_2025/scara/scara_ws/install/scara_general_ik_solver/share/scara_general_ik_solver/hook/ament_prefix_path.ps1'
[1.974s] INFO:colcon.colcon_core.shell:Creating environment descriptor '/home/eia/rbi_2025/scara/scara_ws/install/scara_general_ik_solver/share/scara_general_ik_solver/hook/ament_prefix_path.dsv'
[1.976s] INFO:colcon.colcon_core.shell:Creating environment hook '/home/eia/rbi_2025/scara/scara_ws/install/scara_general_ik_solver/share/scara_general_ik_solver/hook/ament_prefix_path.sh'
[1.978s] INFO:colcon.colcon_core.shell:Skip shell extension 'powershell' for command environment: Not usable outside of PowerShell
[1.978s] DEBUG:colcon.colcon_core.shell:Skip shell extension 'dsv' for command environment
[1.993s] INFO:colcon.colcon_ros.task.ament_cmake.build:Building ROS package in '/home/eia/rbi_2025/scara/scara_ws/src/scara_gz_bringup' with build type 'ament_cmake'
[1.993s] INFO:colcon.colcon_cmake.task.cmake.build:Building CMake package in '/home/eia/rbi_2025/scara/scara_ws/src/scara_gz_bringup'
[1.994s] INFO:colcon.colcon_core.shell:Skip shell extension 'powershell' for command environment: Not usable outside of PowerShell
[1.995s] DEBUG:colcon.colcon_core.shell:Skip shell extension 'dsv' for command environment
[2.009s] INFO:colcon.colcon_ros.task.ament_cmake.build:Building ROS package in '/home/eia/rbi_2025/scara/scara_ws/src/scara_gz_description' with build type 'ament_cmake'
[2.010s] INFO:colcon.colcon_cmake.task.cmake.build:Building CMake package in '/home/eia/rbi_2025/scara/scara_ws/src/scara_gz_description'
[2.011s] INFO:colcon.colcon_core.shell:Skip shell extension 'powershell' for command environment: Not usable outside of PowerShell
[2.011s] DEBUG:colcon.colcon_core.shell:Skip shell extension 'dsv' for command environment
[2.026s] INFO:colcon.colcon_ros.task.ament_cmake.build:Building ROS package in '/home/eia/rbi_2025/scara/scara_ws/src/scara_hardware_interface' with build type 'ament_cmake'
[2.026s] INFO:colcon.colcon_cmake.task.cmake.build:Building CMake package in '/home/eia/rbi_2025/scara/scara_ws/src/scara_hardware_interface'
[2.027s] INFO:colcon.colcon_core.shell:Skip shell extension 'powershell' for command environment: Not usable outside of PowerShell
[2.027s] DEBUG:colcon.colcon_core.shell:Skip shell extension 'dsv' for command environment
[2.043s] INFO:colcon.colcon_ros.task.ament_cmake.build:Building ROS package in '/home/eia/rbi_2025/scara/scara_ws/src/scara_mujoco_bringup' with build type 'ament_cmake'
[2.044s] INFO:colcon.colcon_cmake.task.cmake.build:Building CMake package in '/home/eia/rbi_2025/scara/scara_ws/src/scara_mujoco_bringup'
[2.044s] INFO:colcon.colcon_core.shell:Skip shell extension 'powershell' for command environment: Not usable outside of PowerShell
[2.045s] DEBUG:colcon.colcon_core.shell:Skip shell extension 'dsv' for command environment
[2.060s] INFO:colcon.colcon_ros.task.ament_cmake.build:Building ROS package in '/home/eia/rbi_2025/scara/scara_ws/src/scara_mujoco_description' with build type 'ament_cmake'
[2.060s] INFO:colcon.colcon_cmake.task.cmake.build:Building CMake package in '/home/eia/rbi_2025/scara/scara_ws/src/scara_mujoco_description'
[2.061s] INFO:colcon.colcon_core.shell:Skip shell extension 'powershell' for command environment: Not usable outside of PowerShell
[2.061s] DEBUG:colcon.colcon_core.shell:Skip shell extension 'dsv' for command environment
[2.076s] INFO:colcon.colcon_ros.task.ament_python.build:Building ROS package in '/home/eia/rbi_2025/scara/scara_ws/src/scara_mujoco_python_sim' with build type 'ament_python'
[2.077s] Level 1:colcon.colcon_core.shell:create_environment_hook('scara_mujoco_python_sim', 'ament_prefix_path')
[2.078s] INFO:colcon.colcon_core.shell:Creating environment hook '/home/eia/rbi_2025/scara/scara_ws/install/scara_mujoco_python_sim/share/scara_mujoco_python_sim/hook/ament_prefix_path.ps1'
[2.080s] INFO:colcon.colcon_core.shell:Creating environment descriptor '/home/eia/rbi_2025/scara/scara_ws/install/scara_mujoco_python_sim/share/scara_mujoco_python_sim/hook/ament_prefix_path.dsv'
[2.081s] INFO:colcon.colcon_core.shell:Creating environment hook '/home/eia/rbi_2025/scara/scara_ws/install/scara_mujoco_python_sim/share/scara_mujoco_python_sim/hook/ament_prefix_path.sh'
[2.083s] INFO:colcon.colcon_core.shell:Skip shell extension 'powershell' for command environment: Not usable outside of PowerShell
[2.083s] DEBUG:colcon.colcon_core.shell:Skip shell extension 'dsv' for command environment
[2.098s] INFO:colcon.colcon_ros.task.ament_cmake.build:Building ROS package in '/home/eia/rbi_2025/scara/scara_ws/src/scara_mujoco_sim' with build type 'ament_cmake'
[2.098s] INFO:colcon.colcon_cmake.task.cmake.build:Building CMake package in '/home/eia/rbi_2025/scara/scara_ws/src/scara_mujoco_sim'
[2.099s] INFO:colcon.colcon_core.shell:Skip shell extension 'powershell' for command environment: Not usable outside of PowerShell
[2.099s] DEBUG:colcon.colcon_core.shell:Skip shell extension 'dsv' for command environment
[2.115s] INFO:colcon.colcon_ros.task.ament_python.build:Building ROS package in '/home/eia/rbi_2025/scara/scara_ws/src/scara_path_controller' with build type 'ament_python'
[2.115s] Level 1:colcon.colcon_core.shell:create_environment_hook('scara_path_controller', 'ament_prefix_path')
[2.116s] INFO:colcon.colcon_core.shell:Creating environment hook '/home/eia/rbi_2025/scara/scara_ws/install/scara_path_controller/share/scara_path_controller/hook/ament_prefix_path.ps1'
[2.118s] INFO:colcon.colcon_core.shell:Creating environment descriptor '/home/eia/rbi_2025/scara/scara_ws/install/scara_path_controller/share/scara_path_controller/hook/ament_prefix_path.dsv'
[2.120s] INFO:colcon.colcon_core.shell:Creating environment hook '/home/eia/rbi_2025/scara/scara_ws/install/scara_path_controller/share/scara_path_controller/hook/ament_prefix_path.sh'
[2.122s] INFO:colcon.colcon_core.shell:Skip shell extension 'powershell' for command environment: Not usable outside of PowerShell
[2.122s] DEBUG:colcon.colcon_core.shell:Skip shell extension 'dsv' for command environment
[2.137s] INFO:colcon.colcon_ros.task.ament_python.build:Building ROS package in '/home/eia/rbi_2025/scara/scara_ws/src/scara_path_generator' with build type 'ament_python'
[2.137s] Level 1:colcon.colcon_core.shell:create_environment_hook('scara_path_generator', 'ament_prefix_path')
[2.138s] INFO:colcon.colcon_core.shell:Creating environment hook '/home/eia/rbi_2025/scara/scara_ws/install/scara_path_generator/share/scara_path_generator/hook/ament_prefix_path.ps1'
[2.140s] INFO:colcon.colcon_core.shell:Creating environment descriptor '/home/eia/rbi_2025/scara/scara_ws/install/scara_path_generator/share/scara_path_generator/hook/ament_prefix_path.dsv'
[2.142s] INFO:colcon.colcon_core.shell:Creating environment hook '/home/eia/rbi_2025/scara/scara_ws/install/scara_path_generator/share/scara_path_generator/hook/ament_prefix_path.sh'
[2.144s] INFO:colcon.colcon_core.shell:Skip shell extension 'powershell' for command environment: Not usable outside of PowerShell
[2.144s] DEBUG:colcon.colcon_core.shell:Skip shell extension 'dsv' for command environment
[2.159s] INFO:colcon.colcon_ros.task.ament_cmake.build:Building ROS package in '/home/eia/rbi_2025/scara/scara_ws/src/scara_real_bringup' with build type 'ament_cmake'
[2.159s] INFO:colcon.colcon_cmake.task.cmake.build:Building CMake package in '/home/eia/rbi_2025/scara/scara_ws/src/scara_real_bringup'
[2.160s] INFO:colcon.colcon_core.shell:Skip shell extension 'powershell' for command environment: Not usable outside of PowerShell
[2.160s] DEBUG:colcon.colcon_core.shell:Skip shell extension 'dsv' for command environment
[3.506s] INFO:colcon.colcon_core.task.python.build:Building Python package in '/home/eia/rbi_2025/scara/scara_ws/src/premade_path_publisher'
[3.507s] INFO:colcon.colcon_core.shell:Skip shell extension 'powershell' for command environment: Not usable outside of PowerShell
[3.516s] DEBUG:colcon.colcon_core.shell:Skip shell extension 'dsv' for command environment
[4.838s] INFO:colcon.colcon_core.task.python.build:Building Python package in '/home/eia/rbi_2025/scara/scara_ws/src/scara_general_ik_solver'
[4.839s] INFO:colcon.colcon_core.shell:Skip shell extension 'powershell' for command environment: Not usable outside of PowerShell
[4.839s] DEBUG:colcon.colcon_core.shell:Skip shell extension 'dsv' for command environment
[4.875s] DEBUG:colcon.colcon_core.event_handler.log_command:Invoking command in '/home/eia/rbi_2025/scara/scara_ws/build/scara_gz_bringup': CMAKE_PREFIX_PATH=${CMAKE_PREFIX_PATH}:/home/eia/rbi_2025/scara/scara_ws/install/scara_tf_generator:/home/eia/rbi_2025/scara/scara_ws/install/scara_path_generator:/home/eia/rbi_2025/scara/scara_ws/install/scara_path_controller:/home/eia/rbi_2025/scara/scara_ws/install/scara_mujoco_python_sim:/home/eia/rbi_2025/scara/scara_ws/install/scara_general_ik_solver:/home/eia/rbi_2025/scara/scara_ws/install/premade_path_publisher:/opt/ros/humble /usr/bin/cmake --build /home/eia/rbi_2025/scara/scara_ws/build/scara_gz_bringup -- -j12 -l12
[4.887s] DEBUG:colcon.colcon_core.event_handler.log_command:Invoking command in '/home/eia/rbi_2025/scara/scara_ws/build/scara_gz_description': CMAKE_PREFIX_PATH=${CMAKE_PREFIX_PATH}:/home/eia/rbi_2025/scara/scara_ws/install/scara_tf_generator:/home/eia/rbi_2025/scara/scara_ws/install/scara_path_generator:/home/eia/rbi_2025/scara/scara_ws/install/scara_path_controller:/home/eia/rbi_2025/scara/scara_ws/install/scara_mujoco_python_sim:/home/eia/rbi_2025/scara/scara_ws/install/scara_general_ik_solver:/home/eia/rbi_2025/scara/scara_ws/install/premade_path_publisher:/opt/ros/humble /usr/bin/cmake --build /home/eia/rbi_2025/scara/scara_ws/build/scara_gz_description -- -j12 -l12
[4.898s] DEBUG:colcon.colcon_core.event_handler.log_command:Invoking command in '/home/eia/rbi_2025/scara/scara_ws/build/scara_hardware_interface': CMAKE_PREFIX_PATH=${CMAKE_PREFIX_PATH}:/home/eia/rbi_2025/scara/scara_ws/install/scara_tf_generator:/home/eia/rbi_2025/scara/scara_ws/install/scara_path_generator:/home/eia/rbi_2025/scara/scara_ws/install/scara_path_controller:/home/eia/rbi_2025/scara/scara_ws/install/scara_mujoco_python_sim:/home/eia/rbi_2025/scara/scara_ws/install/scara_general_ik_solver:/home/eia/rbi_2025/scara/scara_ws/install/premade_path_publisher:/opt/ros/humble /usr/bin/cmake --build /home/eia/rbi_2025/scara/scara_ws/build/scara_hardware_interface -- -j12 -l12
[4.911s] DEBUG:colcon.colcon_core.event_handler.log_command:Invoking command in '/home/eia/rbi_2025/scara/scara_ws/build/scara_mujoco_bringup': CMAKE_PREFIX_PATH=${CMAKE_PREFIX_PATH}:/home/eia/rbi_2025/scara/scara_ws/install/scara_tf_generator:/home/eia/rbi_2025/scara/scara_ws/install/scara_path_generator:/home/eia/rbi_2025/scara/scara_ws/install/scara_path_controller:/home/eia/rbi_2025/scara/scara_ws/install/scara_mujoco_python_sim:/home/eia/rbi_2025/scara/scara_ws/install/scara_general_ik_solver:/home/eia/rbi_2025/scara/scara_ws/install/premade_path_publisher:/opt/ros/humble /usr/bin/cmake --build /home/eia/rbi_2025/scara/scara_ws/build/scara_mujoco_bringup -- -j12 -l12
[4.925s] DEBUG:colcon.colcon_core.event_handler.log_command:Invoking command in '/home/eia/rbi_2025/scara/scara_ws/build/scara_mujoco_description': CMAKE_PREFIX_PATH=${CMAKE_PREFIX_PATH}:/home/eia/rbi_2025/scara/scara_ws/install/scara_tf_generator:/home/eia/rbi_2025/scara/scara_ws/install/scara_path_generator:/home/eia/rbi_2025/scara/scara_ws/install/scara_path_controller:/home/eia/rbi_2025/scara/scara_ws/install/scara_mujoco_python_sim:/home/eia/rbi_2025/scara/scara_ws/install/scara_general_ik_solver:/home/eia/rbi_2025/scara/scara_ws/install/premade_path_publisher:/opt/ros/humble /usr/bin/cmake --build /home/eia/rbi_2025/scara/scara_ws/build/scara_mujoco_description -- -j12 -l12
[6.264s] INFO:colcon.colcon_core.task.python.build:Building Python package in '/home/eia/rbi_2025/scara/scara_ws/src/scara_mujoco_python_sim'
[6.265s] INFO:colcon.colcon_core.shell:Skip shell extension 'powershell' for command environment: Not usable outside of PowerShell
[6.266s] DEBUG:colcon.colcon_core.shell:Skip shell extension 'dsv' for command environment
[6.298s] DEBUG:colcon.colcon_core.event_handler.log_command:Invoking command in '/home/eia/rbi_2025/scara/scara_ws/build/scara_mujoco_sim': CMAKE_PREFIX_PATH=${CMAKE_PREFIX_PATH}:/home/eia/rbi_2025/scara/scara_ws/install/scara_tf_generator:/home/eia/rbi_2025/scara/scara_ws/install/scara_path_generator:/home/eia/rbi_2025/scara/scara_ws/install/scara_path_controller:/home/eia/rbi_2025/scara/scara_ws/install/scara_mujoco_python_sim:/home/eia/rbi_2025/scara/scara_ws/install/scara_general_ik_solver:/home/eia/rbi_2025/scara/scara_ws/install/premade_path_publisher:/opt/ros/humble /usr/bin/cmake --build /home/eia/rbi_2025/scara/scara_ws/build/scara_mujoco_sim -- -j12 -l12
[7.754s] INFO:colcon.colcon_core.task.python.build:Building Python package in '/home/eia/rbi_2025/scara/scara_ws/src/scara_path_controller'
[7.755s] INFO:colcon.colcon_core.shell:Skip shell extension 'powershell' for command environment: Not usable outside of PowerShell
[7.755s] DEBUG:colcon.colcon_core.shell:Skip shell extension 'dsv' for command environment
[9.288s] INFO:colcon.colcon_core.task.python.build:Building Python package in '/home/eia/rbi_2025/scara/scara_ws/src/scara_path_generator'
[9.289s] INFO:colcon.colcon_core.shell:Skip shell extension 'powershell' for command environment: Not usable outside of PowerShell
[9.290s] DEBUG:colcon.colcon_core.shell:Skip shell extension 'dsv' for command environment
[9.324s] DEBUG:colcon.colcon_core.event_handler.log_command:Invoking command in '/home/eia/rbi_2025/scara/scara_ws/build/scara_real_bringup': CMAKE_PREFIX_PATH=${CMAKE_PREFIX_PATH}:/home/eia/rbi_2025/scara/scara_ws/install/scara_tf_generator:/home/eia/rbi_2025/scara/scara_ws/install/scara_path_generator:/home/eia/rbi_2025/scara/scara_ws/install/scara_path_controller:/home/eia/rbi_2025/scara/scara_ws/install/scara_mujoco_python_sim:/home/eia/rbi_2025/scara/scara_ws/install/scara_general_ik_solver:/home/eia/rbi_2025/scara/scara_ws/install/premade_path_publisher:/opt/ros/humble /usr/bin/cmake --build /home/eia/rbi_2025/scara/scara_ws/build/scara_real_bringup -- -j12 -l12
[9.344s] DEBUG:colcon.colcon_core.event_handler.log_command:Invoked command in '/home/eia/rbi_2025/scara/scara_ws/build/scara_gz_description' returned '0': CMAKE_PREFIX_PATH=${CMAKE_PREFIX_PATH}:/home/eia/rbi_2025/scara/scara_ws/install/scara_tf_generator:/home/eia/rbi_2025/scara/scara_ws/install/scara_path_generator:/home/eia/rbi_2025/scara/scara_ws/install/scara_path_controller:/home/eia/rbi_2025/scara/scara_ws/install/scara_mujoco_python_sim:/home/eia/rbi_2025/scara/scara_ws/install/scara_general_ik_solver:/home/eia/rbi_2025/scara/scara_ws/install/premade_path_publisher:/opt/ros/humble /usr/bin/cmake --build /home/eia/rbi_2025/scara/scara_ws/build/scara_gz_description -- -j12 -l12
[9.379s] DEBUG:colcon.colcon_core.event_handler.log_command:Invoking command in '/home/eia/rbi_2025/scara/scara_ws/build/scara_gz_description': CMAKE_PREFIX_PATH=${CMAKE_PREFIX_PATH}:/home/eia/rbi_2025/scara/scara_ws/install/scara_tf_generator:/home/eia/rbi_2025/scara/scara_ws/install/scara_path_generator:/home/eia/rbi_2025/scara/scara_ws/install/scara_path_controller:/home/eia/rbi_2025/scara/scara_ws/install/scara_mujoco_python_sim:/home/eia/rbi_2025/scara/scara_ws/install/scara_general_ik_solver:/home/eia/rbi_2025/scara/scara_ws/install/premade_path_publisher:/opt/ros/humble /usr/bin/cmake --install /home/eia/rbi_2025/scara/scara_ws/build/scara_gz_description
[9.380s] DEBUG:colcon.colcon_core.event_handler.log_command:Invoked command in '/home/eia/rbi_2025/scara/scara_ws/build/scara_hardware_interface' returned '0': CMAKE_PREFIX_PATH=${CMAKE_PREFIX_PATH}:/home/eia/rbi_2025/scara/scara_ws/install/scara_tf_generator:/home/eia/rbi_2025/scara/scara_ws/install/scara_path_generator:/home/eia/rbi_2025/scara/scara_ws/install/scara_path_controller:/home/eia/rbi_2025/scara/scara_ws/install/scara_mujoco_python_sim:/home/eia/rbi_2025/scara/scara_ws/install/scara_general_ik_solver:/home/eia/rbi_2025/scara/scara_ws/install/premade_path_publisher:/opt/ros/humble /usr/bin/cmake --build /home/eia/rbi_2025/scara/scara_ws/build/scara_hardware_interface -- -j12 -l12
[9.388s] DEBUG:colcon.colcon_core.event_handler.log_command:Invoking command in '/home/eia/rbi_2025/scara/scara_ws/build/scara_hardware_interface': CMAKE_PREFIX_PATH=${CMAKE_PREFIX_PATH}:/home/eia/rbi_2025/scara/scara_ws/install/scara_tf_generator:/home/eia/rbi_2025/scara/scara_ws/install/scara_path_generator:/home/eia/rbi_2025/scara/scara_ws/install/scara_path_controller:/home/eia/rbi_2025/scara/scara_ws/install/scara_mujoco_python_sim:/home/eia/rbi_2025/scara/scara_ws/install/scara_general_ik_solver:/home/eia/rbi_2025/scara/scara_ws/install/premade_path_publisher:/opt/ros/humble /usr/bin/cmake --install /home/eia/rbi_2025/scara/scara_ws/build/scara_hardware_interface
[9.390s] DEBUG:colcon.colcon_core.event_handler.log_command:Invoked command in '/home/eia/rbi_2025/scara/scara_ws/build/scara_mujoco_bringup' returned '0': CMAKE_PREFIX_PATH=${CMAKE_PREFIX_PATH}:/home/eia/rbi_2025/scara/scara_ws/install/scara_tf_generator:/home/eia/rbi_2025/scara/scara_ws/install/scara_path_generator:/home/eia/rbi_2025/scara/scara_ws/install/scara_path_controller:/home/eia/rbi_2025/scara/scara_ws/install/scara_mujoco_python_sim:/home/eia/rbi_2025/scara/scara_ws/install/scara_general_ik_solver:/home/eia/rbi_2025/scara/scara_ws/install/premade_path_publisher:/opt/ros/humble /usr/bin/cmake --build /home/eia/rbi_2025/scara/scara_ws/build/scara_mujoco_bringup -- -j12 -l12
[9.398s] DEBUG:colcon.colcon_core.event_handler.log_command:Invoking command in '/home/eia/rbi_2025/scara/scara_ws/build/scara_mujoco_bringup': CMAKE_PREFIX_PATH=${CMAKE_PREFIX_PATH}:/home/eia/rbi_2025/scara/scara_ws/install/scara_tf_generator:/home/eia/rbi_2025/scara/scara_ws/install/scara_path_generator:/home/eia/rbi_2025/scara/scara_ws/install/scara_path_controller:/home/eia/rbi_2025/scara/scara_ws/install/scara_mujoco_python_sim:/home/eia/rbi_2025/scara/scara_ws/install/scara_general_ik_solver:/home/eia/rbi_2025/scara/scara_ws/install/premade_path_publisher:/opt/ros/humble /usr/bin/cmake --install /home/eia/rbi_2025/scara/scara_ws/build/scara_mujoco_bringup
[9.399s] DEBUG:colcon.colcon_core.event_handler.log_command:Invoked command in '/home/eia/rbi_2025/scara/scara_ws/build/scara_mujoco_description' returned '0': CMAKE_PREFIX_PATH=${CMAKE_PREFIX_PATH}:/home/eia/rbi_2025/scara/scara_ws/install/scara_tf_generator:/home/eia/rbi_2025/scara/scara_ws/install/scara_path_generator:/home/eia/rbi_2025/scara/scara_ws/install/scara_path_controller:/home/eia/rbi_2025/scara/scara_ws/install/scara_mujoco_python_sim:/home/eia/rbi_2025/scara/scara_ws/install/scara_general_ik_solver:/home/eia/rbi_2025/scara/scara_ws/install/premade_path_publisher:/opt/ros/humble /usr/bin/cmake --build /home/eia/rbi_2025/scara/scara_ws/build/scara_mujoco_description -- -j12 -l12
[9.407s] DEBUG:colcon.colcon_core.event_handler.log_command:Invoking command in '/home/eia/rbi_2025/scara/scara_ws/build/scara_mujoco_description': CMAKE_PREFIX_PATH=${CMAKE_PREFIX_PATH}:/home/eia/rbi_2025/scara/scara_ws/install/scara_tf_generator:/home/eia/rbi_2025/scara/scara_ws/install/scara_path_generator:/home/eia/rbi_2025/scara/scara_ws/install/scara_path_controller:/home/eia/rbi_2025/scara/scara_ws/install/scara_mujoco_python_sim:/home/eia/rbi_2025/scara/scara_ws/install/scara_general_ik_solver:/home/eia/rbi_2025/scara/scara_ws/install/premade_path_publisher:/opt/ros/humble /usr/bin/cmake --install /home/eia/rbi_2025/scara/scara_ws/build/scara_mujoco_description
[9.411s] DEBUG:colcon.colcon_core.event_handler.log_command:Invoked command in '/home/eia/rbi_2025/scara/scara_ws/build/scara_gz_bringup' returned '0': CMAKE_PREFIX_PATH=${CMAKE_PREFIX_PATH}:/home/eia/rbi_2025/scara/scara_ws/install/scara_tf_generator:/home/eia/rbi_2025/scara/scara_ws/install/scara_path_generator:/home/eia/rbi_2025/scara/scara_ws/install/scara_path_controller:/home/eia/rbi_2025/scara/scara_ws/install/scara_mujoco_python_sim:/home/eia/rbi_2025/scara/scara_ws/install/scara_general_ik_solver:/home/eia/rbi_2025/scara/scara_ws/install/premade_path_publisher:/opt/ros/humble /usr/bin/cmake --build /home/eia/rbi_2025/scara/scara_ws/build/scara_gz_bringup -- -j12 -l12
[9.419s] DEBUG:colcon.colcon_core.event_handler.log_command:Invoking command in '/home/eia/rbi_2025/scara/scara_ws/build/scara_gz_bringup': CMAKE_PREFIX_PATH=${CMAKE_PREFIX_PATH}:/home/eia/rbi_2025/scara/scara_ws/install/scara_tf_generator:/home/eia/rbi_2025/scara/scara_ws/install/scara_path_generator:/home/eia/rbi_2025/scara/scara_ws/install/scara_path_controller:/home/eia/rbi_2025/scara/scara_ws/install/scara_mujoco_python_sim:/home/eia/rbi_2025/scara/scara_ws/install/scara_general_ik_solver:/home/eia/rbi_2025/scara/scara_ws/install/premade_path_publisher:/opt/ros/humble /usr/bin/cmake --install /home/eia/rbi_2025/scara/scara_ws/build/scara_gz_bringup
[9.421s] DEBUG:colcon.colcon_core.event_handler.log_command:Invoked command in '/home/eia/rbi_2025/scara/scara_ws/build/scara_mujoco_sim' returned '0': CMAKE_PREFIX_PATH=${CMAKE_PREFIX_PATH}:/home/eia/rbi_2025/scara/scara_ws/install/scara_tf_generator:/home/eia/rbi_2025/scara/scara_ws/install/scara_path_generator:/home/eia/rbi_2025/scara/scara_ws/install/scara_path_controller:/home/eia/rbi_2025/scara/scara_ws/install/scara_mujoco_python_sim:/home/eia/rbi_2025/scara/scara_ws/install/scara_general_ik_solver:/home/eia/rbi_2025/scara/scara_ws/install/premade_path_publisher:/opt/ros/humble /usr/bin/cmake --build /home/eia/rbi_2025/scara/scara_ws/build/scara_mujoco_sim -- -j12 -l12
[9.434s] DEBUG:colcon.colcon_core.event_handler.log_command:Invoking command in '/home/eia/rbi_2025/scara/scara_ws/build/scara_mujoco_sim': CMAKE_PREFIX_PATH=${CMAKE_PREFIX_PATH}:/home/eia/rbi_2025/scara/scara_ws/install/scara_tf_generator:/home/eia/rbi_2025/scara/scara_ws/install/scara_path_generator:/home/eia/rbi_2025/scara/scara_ws/install/scara_path_controller:/home/eia/rbi_2025/scara/scara_ws/install/scara_mujoco_python_sim:/home/eia/rbi_2025/scara/scara_ws/install/scara_general_ik_solver:/home/eia/rbi_2025/scara/scara_ws/install/premade_path_publisher:/opt/ros/humble /usr/bin/cmake --install /home/eia/rbi_2025/scara/scara_ws/build/scara_mujoco_sim
[9.525s] Level 1:colcon.colcon_core.environment:create_environment_scripts_only(scara_gz_description)
[9.550s] Level 1:colcon.colcon_core.environment:checking '/home/eia/rbi_2025/scara/scara_ws/install/scara_gz_description' for CMake module files
[9.557s] Level 1:colcon.colcon_core.environment:checking '/home/eia/rbi_2025/scara/scara_ws/install/scara_gz_description' for CMake config files
[9.574s] Level 1:colcon.colcon_core.shell:create_environment_hook('scara_gz_description', 'cmake_prefix_path')
[9.576s] INFO:colcon.colcon_core.shell:Creating environment hook '/home/eia/rbi_2025/scara/scara_ws/install/scara_gz_description/share/scara_gz_description/hook/cmake_prefix_path.ps1'
[9.579s] INFO:colcon.colcon_core.shell:Creating environment descriptor '/home/eia/rbi_2025/scara/scara_ws/install/scara_gz_description/share/scara_gz_description/hook/cmake_prefix_path.dsv'
[9.584s] INFO:colcon.colcon_core.shell:Creating environment hook '/home/eia/rbi_2025/scara/scara_ws/install/scara_gz_description/share/scara_gz_description/hook/cmake_prefix_path.sh'
[9.592s] Level 1:colcon.colcon_core.environment:checking '/home/eia/rbi_2025/scara/scara_ws/install/scara_gz_description/bin'
[9.593s] Level 1:colcon.colcon_core.environment:checking '/home/eia/rbi_2025/scara/scara_ws/install/scara_gz_description/lib/pkgconfig/scara_gz_description.pc'
[9.595s] Level 1:colcon.colcon_core.environment:checking '/home/eia/rbi_2025/scara/scara_ws/install/scara_gz_description/lib/python3.10/site-packages'
[9.596s] Level 1:colcon.colcon_core.environment:checking '/home/eia/rbi_2025/scara/scara_ws/install/scara_gz_description/bin'
[9.598s] INFO:colcon.colcon_core.shell:Creating package script '/home/eia/rbi_2025/scara/scara_ws/install/scara_gz_description/share/scara_gz_description/package.ps1'
[9.607s] INFO:colcon.colcon_core.shell:Creating package descriptor '/home/eia/rbi_2025/scara/scara_ws/install/scara_gz_description/share/scara_gz_description/package.dsv'
[9.612s] INFO:colcon.colcon_core.shell:Creating package script '/home/eia/rbi_2025/scara/scara_ws/install/scara_gz_description/share/scara_gz_description/package.sh'
[9.618s] INFO:colcon.colcon_core.shell:Creating package script '/home/eia/rbi_2025/scara/scara_ws/install/scara_gz_description/share/scara_gz_description/package.bash'
[9.630s] INFO:colcon.colcon_core.shell:Creating package script '/home/eia/rbi_2025/scara/scara_ws/install/scara_gz_description/share/scara_gz_description/package.zsh'
[9.636s] Level 1:colcon.colcon_core.environment:create_file_with_runtime_dependencies(/home/eia/rbi_2025/scara/scara_ws/install/scara_gz_description/share/colcon-core/packages/scara_gz_description)
[9.642s] Level 1:colcon.colcon_core.environment:create_environment_scripts_only(scara_gz_description)
[9.643s] Level 1:colcon.colcon_core.environment:checking '/home/eia/rbi_2025/scara/scara_ws/install/scara_gz_description' for CMake module files
[9.652s] DEBUG:colcon.colcon_core.event_handler.log_command:Invoked command in '/home/eia/rbi_2025/scara/scara_ws/build/scara_gz_description' returned '0': CMAKE_PREFIX_PATH=${CMAKE_PREFIX_PATH}:/home/eia/rbi_2025/scara/scara_ws/install/scara_tf_generator:/home/eia/rbi_2025/scara/scara_ws/install/scara_path_generator:/home/eia/rbi_2025/scara/scara_ws/install/scara_path_controller:/home/eia/rbi_2025/scara/scara_ws/install/scara_mujoco_python_sim:/home/eia/rbi_2025/scara/scara_ws/install/scara_general_ik_solver:/home/eia/rbi_2025/scara/scara_ws/install/premade_path_publisher:/opt/ros/humble /usr/bin/cmake --install /home/eia/rbi_2025/scara/scara_ws/build/scara_gz_description
[9.653s] Level 1:colcon.colcon_core.environment:checking '/home/eia/rbi_2025/scara/scara_ws/install/scara_gz_description' for CMake config files
[9.655s] Level 1:colcon.colcon_core.shell:create_environment_hook('scara_gz_description', 'cmake_prefix_path')
[9.657s] INFO:colcon.colcon_core.shell:Creating environment hook '/home/eia/rbi_2025/scara/scara_ws/install/scara_gz_description/share/scara_gz_description/hook/cmake_prefix_path.ps1'
[9.659s] INFO:colcon.colcon_core.shell:Creating environment descriptor '/home/eia/rbi_2025/scara/scara_ws/install/scara_gz_description/share/scara_gz_description/hook/cmake_prefix_path.dsv'
[9.661s] INFO:colcon.colcon_core.shell:Creating environment hook '/home/eia/rbi_2025/scara/scara_ws/install/scara_gz_description/share/scara_gz_description/hook/cmake_prefix_path.sh'
[9.664s] Level 1:colcon.colcon_core.environment:checking '/home/eia/rbi_2025/scara/scara_ws/install/scara_gz_description/bin'
[9.665s] Level 1:colcon.colcon_core.environment:checking '/home/eia/rbi_2025/scara/scara_ws/install/scara_gz_description/lib/pkgconfig/scara_gz_description.pc'
[9.666s] Level 1:colcon.colcon_core.environment:checking '/home/eia/rbi_2025/scara/scara_ws/install/scara_gz_description/lib/python3.10/site-packages'
[9.668s] Level 1:colcon.colcon_core.environment:checking '/home/eia/rbi_2025/scara/scara_ws/install/scara_gz_description/bin'
[9.670s] INFO:colcon.colcon_core.shell:Creating package script '/home/eia/rbi_2025/scara/scara_ws/install/scara_gz_description/share/scara_gz_description/package.ps1'
[9.673s] INFO:colcon.colcon_core.shell:Creating package descriptor '/home/eia/rbi_2025/scara/scara_ws/install/scara_gz_description/share/scara_gz_description/package.dsv'
[9.676s] INFO:colcon.colcon_core.shell:Creating package script '/home/eia/rbi_2025/scara/scara_ws/install/scara_gz_description/share/scara_gz_description/package.sh'
[9.678s] INFO:colcon.colcon_core.shell:Creating package script '/home/eia/rbi_2025/scara/scara_ws/install/scara_gz_description/share/scara_gz_description/package.bash'
[9.681s] INFO:colcon.colcon_core.shell:Creating package script '/home/eia/rbi_2025/scara/scara_ws/install/scara_gz_description/share/scara_gz_description/package.zsh'
[9.685s] Level 1:colcon.colcon_core.environment:create_file_with_runtime_dependencies(/home/eia/rbi_2025/scara/scara_ws/install/scara_gz_description/share/colcon-core/packages/scara_gz_description)
[9.691s] DEBUG:colcon.colcon_core.event_handler.log_command:Invoked command in '/home/eia/rbi_2025/scara/scara_ws/build/scara_real_bringup' returned '0': CMAKE_PREFIX_PATH=${CMAKE_PREFIX_PATH}:/home/eia/rbi_2025/scara/scara_ws/install/scara_tf_generator:/home/eia/rbi_2025/scara/scara_ws/install/scara_path_generator:/home/eia/rbi_2025/scara/scara_ws/install/scara_path_controller:/home/eia/rbi_2025/scara/scara_ws/install/scara_mujoco_python_sim:/home/eia/rbi_2025/scara/scara_ws/install/scara_general_ik_solver:/home/eia/rbi_2025/scara/scara_ws/install/premade_path_publisher:/opt/ros/humble /usr/bin/cmake --build /home/eia/rbi_2025/scara/scara_ws/build/scara_real_bringup -- -j12 -l12
[9.699s] DEBUG:colcon.colcon_core.event_handler.log_command:Invoking command in '/home/eia/rbi_2025/scara/scara_ws/build/scara_real_bringup': CMAKE_PREFIX_PATH=${CMAKE_PREFIX_PATH}:/home/eia/rbi_2025/scara/scara_ws/install/scara_tf_generator:/home/eia/rbi_2025/scara/scara_ws/install/scara_path_generator:/home/eia/rbi_2025/scara/scara_ws/install/scara_path_controller:/home/eia/rbi_2025/scara/scara_ws/install/scara_mujoco_python_sim:/home/eia/rbi_2025/scara/scara_ws/install/scara_general_ik_solver:/home/eia/rbi_2025/scara/scara_ws/install/premade_path_publisher:/opt/ros/humble /usr/bin/cmake --install /home/eia/rbi_2025/scara/scara_ws/build/scara_real_bringup
[9.701s] INFO:colcon.colcon_ros.task.ament_cmake.build:Building ROS package in '/home/eia/rbi_2025/scara/scara_ws/src/scara_real_description' with build type 'ament_cmake'
[9.702s] INFO:colcon.colcon_cmake.task.cmake.build:Building CMake package in '/home/eia/rbi_2025/scara/scara_ws/src/scara_real_description'
[9.704s] INFO:colcon.colcon_core.shell:Skip shell extension 'powershell' for command environment: Not usable outside of PowerShell
[9.704s] DEBUG:colcon.colcon_core.shell:Skip shell extension 'dsv' for command environment
[9.733s] Level 1:colcon.colcon_core.environment:create_environment_scripts_only(scara_hardware_interface)
[9.737s] Level 1:colcon.colcon_core.environment:checking '/home/eia/rbi_2025/scara/scara_ws/install/scara_hardware_interface' for CMake module files
[9.739s] DEBUG:colcon.colcon_core.event_handler.log_command:Invoked command in '/home/eia/rbi_2025/scara/scara_ws/build/scara_hardware_interface' returned '0': CMAKE_PREFIX_PATH=${CMAKE_PREFIX_PATH}:/home/eia/rbi_2025/scara/scara_ws/install/scara_tf_generator:/home/eia/rbi_2025/scara/scara_ws/install/scara_path_generator:/home/eia/rbi_2025/scara/scara_ws/install/scara_path_controller:/home/eia/rbi_2025/scara/scara_ws/install/scara_mujoco_python_sim:/home/eia/rbi_2025/scara/scara_ws/install/scara_general_ik_solver:/home/eia/rbi_2025/scara/scara_ws/install/premade_path_publisher:/opt/ros/humble /usr/bin/cmake --install /home/eia/rbi_2025/scara/scara_ws/build/scara_hardware_interface
[9.748s] Level 1:colcon.colcon_core.environment:checking '/home/eia/rbi_2025/scara/scara_ws/install/scara_hardware_interface' for CMake config files
[9.750s] Level 1:colcon.colcon_core.shell:create_environment_hook('scara_hardware_interface', 'cmake_prefix_path')
[9.752s] INFO:colcon.colcon_core.shell:Creating environment hook '/home/eia/rbi_2025/scara/scara_ws/install/scara_hardware_interface/share/scara_hardware_interface/hook/cmake_prefix_path.ps1'
[9.755s] INFO:colcon.colcon_core.shell:Creating environment descriptor '/home/eia/rbi_2025/scara/scara_ws/install/scara_hardware_interface/share/scara_hardware_interface/hook/cmake_prefix_path.dsv'
[9.757s] INFO:colcon.colcon_core.shell:Creating environment hook '/home/eia/rbi_2025/scara/scara_ws/install/scara_hardware_interface/share/scara_hardware_interface/hook/cmake_prefix_path.sh'
[9.760s] Level 1:colcon.colcon_core.environment:checking '/home/eia/rbi_2025/scara/scara_ws/install/scara_hardware_interface/lib'
[9.761s] Level 1:colcon.colcon_core.shell:create_environment_hook('scara_hardware_interface', 'ld_library_path_lib')
[9.763s] INFO:colcon.colcon_core.shell:Creating environment hook '/home/eia/rbi_2025/scara/scara_ws/install/scara_hardware_interface/share/scara_hardware_interface/hook/ld_library_path_lib.ps1'
[9.765s] INFO:colcon.colcon_core.shell:Creating environment descriptor '/home/eia/rbi_2025/scara/scara_ws/install/scara_hardware_interface/share/scara_hardware_interface/hook/ld_library_path_lib.dsv'
[9.767s] INFO:colcon.colcon_core.shell:Creating environment hook '/home/eia/rbi_2025/scara/scara_ws/install/scara_hardware_interface/share/scara_hardware_interface/hook/ld_library_path_lib.sh'
[9.769s] Level 1:colcon.colcon_core.environment:checking '/home/eia/rbi_2025/scara/scara_ws/install/scara_hardware_interface/bin'
[9.770s] Level 1:colcon.colcon_core.environment:checking '/home/eia/rbi_2025/scara/scara_ws/install/scara_hardware_interface/lib/pkgconfig/scara_hardware_interface.pc'
[9.771s] Level 1:colcon.colcon_core.environment:checking '/home/eia/rbi_2025/scara/scara_ws/install/scara_hardware_interface/lib/python3.10/site-packages'
[9.773s] Level 1:colcon.colcon_core.environment:checking '/home/eia/rbi_2025/scara/scara_ws/install/scara_hardware_interface/bin'
[9.775s] INFO:colcon.colcon_core.shell:Creating package script '/home/eia/rbi_2025/scara/scara_ws/install/scara_hardware_interface/share/scara_hardware_interface/package.ps1'
[9.779s] INFO:colcon.colcon_core.shell:Creating package descriptor '/home/eia/rbi_2025/scara/scara_ws/install/scara_hardware_interface/share/scara_hardware_interface/package.dsv'
[9.784s] INFO:colcon.colcon_core.shell:Creating package script '/home/eia/rbi_2025/scara/scara_ws/install/scara_hardware_interface/share/scara_hardware_interface/package.sh'
[9.787s] INFO:colcon.colcon_core.shell:Creating package script '/home/eia/rbi_2025/scara/scara_ws/install/scara_hardware_interface/share/scara_hardware_interface/package.bash'
[9.789s] INFO:colcon.colcon_core.shell:Creating package script '/home/eia/rbi_2025/scara/scara_ws/install/scara_hardware_interface/share/scara_hardware_interface/package.zsh'
[9.791s] Level 1:colcon.colcon_core.environment:create_file_with_runtime_dependencies(/home/eia/rbi_2025/scara/scara_ws/install/scara_hardware_interface/share/colcon-core/packages/scara_hardware_interface)
[9.794s] Level 1:colcon.colcon_core.environment:create_environment_scripts_only(scara_hardware_interface)
[9.796s] Level 1:colcon.colcon_core.environment:checking '/home/eia/rbi_2025/scara/scara_ws/install/scara_hardware_interface' for CMake module files
[9.799s] Level 1:colcon.colcon_core.environment:checking '/home/eia/rbi_2025/scara/scara_ws/install/scara_hardware_interface' for CMake config files
[9.801s] Level 1:colcon.colcon_core.shell:create_environment_hook('scara_hardware_interface', 'cmake_prefix_path')
[9.802s] INFO:colcon.colcon_core.shell:Creating environment hook '/home/eia/rbi_2025/scara/scara_ws/install/scara_hardware_interface/share/scara_hardware_interface/hook/cmake_prefix_path.ps1'
[9.805s] INFO:colcon.colcon_core.shell:Creating environment descriptor '/home/eia/rbi_2025/scara/scara_ws/install/scara_hardware_interface/share/scara_hardware_interface/hook/cmake_prefix_path.dsv'
[9.807s] INFO:colcon.colcon_core.shell:Creating environment hook '/home/eia/rbi_2025/scara/scara_ws/install/scara_hardware_interface/share/scara_hardware_interface/hook/cmake_prefix_path.sh'
[9.810s] Level 1:colcon.colcon_core.environment:checking '/home/eia/rbi_2025/scara/scara_ws/install/scara_hardware_interface/lib'
[9.811s] Level 1:colcon.colcon_core.shell:create_environment_hook('scara_hardware_interface', 'ld_library_path_lib')
[9.812s] INFO:colcon.colcon_core.shell:Creating environment hook '/home/eia/rbi_2025/scara/scara_ws/install/scara_hardware_interface/share/scara_hardware_interface/hook/ld_library_path_lib.ps1'
[9.815s] INFO:colcon.colcon_core.shell:Creating environment descriptor '/home/eia/rbi_2025/scara/scara_ws/install/scara_hardware_interface/share/scara_hardware_interface/hook/ld_library_path_lib.dsv'
[9.817s] INFO:colcon.colcon_core.shell:Creating environment hook '/home/eia/rbi_2025/scara/scara_ws/install/scara_hardware_interface/share/scara_hardware_interface/hook/ld_library_path_lib.sh'
[9.819s] Level 1:colcon.colcon_core.environment:checking '/home/eia/rbi_2025/scara/scara_ws/install/scara_hardware_interface/bin'
[9.819s] Level 1:colcon.colcon_core.environment:checking '/home/eia/rbi_2025/scara/scara_ws/install/scara_hardware_interface/lib/pkgconfig/scara_hardware_interface.pc'
[9.821s] Level 1:colcon.colcon_core.environment:checking '/home/eia/rbi_2025/scara/scara_ws/install/scara_hardware_interface/lib/python3.10/site-packages'
[9.822s] Level 1:colcon.colcon_core.environment:checking '/home/eia/rbi_2025/scara/scara_ws/install/scara_hardware_interface/bin'
[9.825s] INFO:colcon.colcon_core.shell:Creating package script '/home/eia/rbi_2025/scara/scara_ws/install/scara_hardware_interface/share/scara_hardware_interface/package.ps1'
[9.828s] INFO:colcon.colcon_core.shell:Creating package descriptor '/home/eia/rbi_2025/scara/scara_ws/install/scara_hardware_interface/share/scara_hardware_interface/package.dsv'
[9.831s] INFO:colcon.colcon_core.shell:Creating package script '/home/eia/rbi_2025/scara/scara_ws/install/scara_hardware_interface/share/scara_hardware_interface/package.sh'
[9.834s] INFO:colcon.colcon_core.shell:Creating package script '/home/eia/rbi_2025/scara/scara_ws/install/scara_hardware_interface/share/scara_hardware_interface/package.bash'
[9.837s] INFO:colcon.colcon_core.shell:Creating package script '/home/eia/rbi_2025/scara/scara_ws/install/scara_hardware_interface/share/scara_hardware_interface/package.zsh'
[9.839s] Level 1:colcon.colcon_core.environment:create_file_with_runtime_dependencies(/home/eia/rbi_2025/scara/scara_ws/install/scara_hardware_interface/share/colcon-core/packages/scara_hardware_interface)
[9.840s] Level 1:colcon.colcon_core.environment:create_environment_scripts_only(scara_mujoco_bringup)
[9.842s] Level 1:colcon.colcon_core.environment:checking '/home/eia/rbi_2025/scara/scara_ws/install/scara_mujoco_bringup' for CMake module files
[9.847s] DEBUG:colcon.colcon_core.event_handler.log_command:Invoked command in '/home/eia/rbi_2025/scara/scara_ws/build/scara_mujoco_bringup' returned '0': CMAKE_PREFIX_PATH=${CMAKE_PREFIX_PATH}:/home/eia/rbi_2025/scara/scara_ws/install/scara_tf_generator:/home/eia/rbi_2025/scara/scara_ws/install/scara_path_generator:/home/eia/rbi_2025/scara/scara_ws/install/scara_path_controller:/home/eia/rbi_2025/scara/scara_ws/install/scara_mujoco_python_sim:/home/eia/rbi_2025/scara/scara_ws/install/scara_general_ik_solver:/home/eia/rbi_2025/scara/scara_ws/install/premade_path_publisher:/opt/ros/humble /usr/bin/cmake --install /home/eia/rbi_2025/scara/scara_ws/build/scara_mujoco_bringup
[9.849s] Level 1:colcon.colcon_core.environment:checking '/home/eia/rbi_2025/scara/scara_ws/install/scara_mujoco_bringup' for CMake config files
[9.851s] Level 1:colcon.colcon_core.shell:create_environment_hook('scara_mujoco_bringup', 'cmake_prefix_path')
[9.852s] INFO:colcon.colcon_core.shell:Creating environment hook '/home/eia/rbi_2025/scara/scara_ws/install/scara_mujoco_bringup/share/scara_mujoco_bringup/hook/cmake_prefix_path.ps1'
[9.855s] INFO:colcon.colcon_core.shell:Creating environment descriptor '/home/eia/rbi_2025/scara/scara_ws/install/scara_mujoco_bringup/share/scara_mujoco_bringup/hook/cmake_prefix_path.dsv'
[9.857s] INFO:colcon.colcon_core.shell:Creating environment hook '/home/eia/rbi_2025/scara/scara_ws/install/scara_mujoco_bringup/share/scara_mujoco_bringup/hook/cmake_prefix_path.sh'
[9.860s] Level 1:colcon.colcon_core.environment:checking '/home/eia/rbi_2025/scara/scara_ws/install/scara_mujoco_bringup/bin'
[9.860s] Level 1:colcon.colcon_core.environment:checking '/home/eia/rbi_2025/scara/scara_ws/install/scara_mujoco_bringup/lib/pkgconfig/scara_mujoco_bringup.pc'
[9.861s] Level 1:colcon.colcon_core.environment:checking '/home/eia/rbi_2025/scara/scara_ws/install/scara_mujoco_bringup/lib/python3.10/site-packages'
[9.863s] Level 1:colcon.colcon_core.environment:checking '/home/eia/rbi_2025/scara/scara_ws/install/scara_mujoco_bringup/bin'
[9.865s] INFO:colcon.colcon_core.shell:Creating package script '/home/eia/rbi_2025/scara/scara_ws/install/scara_mujoco_bringup/share/scara_mujoco_bringup/package.ps1'
[9.868s] INFO:colcon.colcon_core.shell:Creating package descriptor '/home/eia/rbi_2025/scara/scara_ws/install/scara_mujoco_bringup/share/scara_mujoco_bringup/package.dsv'
[9.870s] INFO:colcon.colcon_core.shell:Creating package script '/home/eia/rbi_2025/scara/scara_ws/install/scara_mujoco_bringup/share/scara_mujoco_bringup/package.sh'
[9.873s] INFO:colcon.colcon_core.shell:Creating package script '/home/eia/rbi_2025/scara/scara_ws/install/scara_mujoco_bringup/share/scara_mujoco_bringup/package.bash'
[9.875s] INFO:colcon.colcon_core.shell:Creating package script '/home/eia/rbi_2025/scara/scara_ws/install/scara_mujoco_bringup/share/scara_mujoco_bringup/package.zsh'
[9.877s] Level 1:colcon.colcon_core.environment:create_file_with_runtime_dependencies(/home/eia/rbi_2025/scara/scara_ws/install/scara_mujoco_bringup/share/colcon-core/packages/scara_mujoco_bringup)
[9.880s] Level 1:colcon.colcon_core.environment:create_environment_scripts_only(scara_mujoco_bringup)
[9.882s] Level 1:colcon.colcon_core.environment:checking '/home/eia/rbi_2025/scara/scara_ws/install/scara_mujoco_bringup' for CMake module files
[9.885s] Level 1:colcon.colcon_core.environment:checking '/home/eia/rbi_2025/scara/scara_ws/install/scara_mujoco_bringup' for CMake config files
[9.886s] Level 1:colcon.colcon_core.shell:create_environment_hook('scara_mujoco_bringup', 'cmake_prefix_path')
[9.888s] INFO:colcon.colcon_core.shell:Creating environment hook '/home/eia/rbi_2025/scara/scara_ws/install/scara_mujoco_bringup/share/scara_mujoco_bringup/hook/cmake_prefix_path.ps1'
[9.890s] INFO:colcon.colcon_core.shell:Creating environment descriptor '/home/eia/rbi_2025/scara/scara_ws/install/scara_mujoco_bringup/share/scara_mujoco_bringup/hook/cmake_prefix_path.dsv'
[9.892s] INFO:colcon.colcon_core.shell:Creating environment hook '/home/eia/rbi_2025/scara/scara_ws/install/scara_mujoco_bringup/share/scara_mujoco_bringup/hook/cmake_prefix_path.sh'
[9.895s] Level 1:colcon.colcon_core.environment:checking '/home/eia/rbi_2025/scara/scara_ws/install/scara_mujoco_bringup/bin'
[9.895s] Level 1:colcon.colcon_core.environment:checking '/home/eia/rbi_2025/scara/scara_ws/install/scara_mujoco_bringup/lib/pkgconfig/scara_mujoco_bringup.pc'
[9.897s] Level 1:colcon.colcon_core.environment:checking '/home/eia/rbi_2025/scara/scara_ws/install/scara_mujoco_bringup/lib/python3.10/site-packages'
[9.898s] Level 1:colcon.colcon_core.environment:checking '/home/eia/rbi_2025/scara/scara_ws/install/scara_mujoco_bringup/bin'
[9.900s] INFO:colcon.colcon_core.shell:Creating package script '/home/eia/rbi_2025/scara/scara_ws/install/scara_mujoco_bringup/share/scara_mujoco_bringup/package.ps1'
[9.903s] INFO:colcon.colcon_core.shell:Creating package descriptor '/home/eia/rbi_2025/scara/scara_ws/install/scara_mujoco_bringup/share/scara_mujoco_bringup/package.dsv'
[9.907s] INFO:colcon.colcon_core.shell:Creating package script '/home/eia/rbi_2025/scara/scara_ws/install/scara_mujoco_bringup/share/scara_mujoco_bringup/package.sh'
[9.910s] INFO:colcon.colcon_core.shell:Creating package script '/home/eia/rbi_2025/scara/scara_ws/install/scara_mujoco_bringup/share/scara_mujoco_bringup/package.bash'
[9.912s] INFO:colcon.colcon_core.shell:Creating package script '/home/eia/rbi_2025/scara/scara_ws/install/scara_mujoco_bringup/share/scara_mujoco_bringup/package.zsh'
[9.915s] Level 1:colcon.colcon_core.environment:create_file_with_runtime_dependencies(/home/eia/rbi_2025/scara/scara_ws/install/scara_mujoco_bringup/share/colcon-core/packages/scara_mujoco_bringup)
[9.916s] Level 1:colcon.colcon_core.environment:create_environment_scripts_only(scara_mujoco_description)
[9.918s] Level 1:colcon.colcon_core.environment:checking '/home/eia/rbi_2025/scara/scara_ws/install/scara_mujoco_description' for CMake module files
[9.923s] DEBUG:colcon.colcon_core.event_handler.log_command:Invoked command in '/home/eia/rbi_2025/scara/scara_ws/build/scara_mujoco_description' returned '0': CMAKE_PREFIX_PATH=${CMAKE_PREFIX_PATH}:/home/eia/rbi_2025/scara/scara_ws/install/scara_tf_generator:/home/eia/rbi_2025/scara/scara_ws/install/scara_path_generator:/home/eia/rbi_2025/scara/scara_ws/install/scara_path_controller:/home/eia/rbi_2025/scara/scara_ws/install/scara_mujoco_python_sim:/home/eia/rbi_2025/scara/scara_ws/install/scara_general_ik_solver:/home/eia/rbi_2025/scara/scara_ws/install/premade_path_publisher:/opt/ros/humble /usr/bin/cmake --install /home/eia/rbi_2025/scara/scara_ws/build/scara_mujoco_description
[9.924s] Level 1:colcon.colcon_core.environment:checking '/home/eia/rbi_2025/scara/scara_ws/install/scara_mujoco_description' for CMake config files
[9.926s] Level 1:colcon.colcon_core.shell:create_environment_hook('scara_mujoco_description', 'cmake_prefix_path')
[9.927s] INFO:colcon.colcon_core.shell:Creating environment hook '/home/eia/rbi_2025/scara/scara_ws/install/scara_mujoco_description/share/scara_mujoco_description/hook/cmake_prefix_path.ps1'
[9.930s] INFO:colcon.colcon_core.shell:Creating environment descriptor '/home/eia/rbi_2025/scara/scara_ws/install/scara_mujoco_description/share/scara_mujoco_description/hook/cmake_prefix_path.dsv'
[9.932s] INFO:colcon.colcon_core.shell:Creating environment hook '/home/eia/rbi_2025/scara/scara_ws/install/scara_mujoco_description/share/scara_mujoco_description/hook/cmake_prefix_path.sh'
[9.935s] Level 1:colcon.colcon_core.environment:checking '/home/eia/rbi_2025/scara/scara_ws/install/scara_mujoco_description/bin'
[9.935s] Level 1:colcon.colcon_core.environment:checking '/home/eia/rbi_2025/scara/scara_ws/install/scara_mujoco_description/lib/pkgconfig/scara_mujoco_description.pc'
[9.937s] Level 1:colcon.colcon_core.environment:checking '/home/eia/rbi_2025/scara/scara_ws/install/scara_mujoco_description/lib/python3.10/site-packages'
[9.938s] Level 1:colcon.colcon_core.environment:checking '/home/eia/rbi_2025/scara/scara_ws/install/scara_mujoco_description/bin'
[9.940s] INFO:colcon.colcon_core.shell:Creating package script '/home/eia/rbi_2025/scara/scara_ws/install/scara_mujoco_description/share/scara_mujoco_description/package.ps1'
[9.943s] INFO:colcon.colcon_core.shell:Creating package descriptor '/home/eia/rbi_2025/scara/scara_ws/install/scara_mujoco_description/share/scara_mujoco_description/package.dsv'
[9.945s] INFO:colcon.colcon_core.shell:Creating package script '/home/eia/rbi_2025/scara/scara_ws/install/scara_mujoco_description/share/scara_mujoco_description/package.sh'
[9.947s] INFO:colcon.colcon_core.shell:Creating package script '/home/eia/rbi_2025/scara/scara_ws/install/scara_mujoco_description/share/scara_mujoco_description/package.bash'
[9.949s] INFO:colcon.colcon_core.shell:Creating package script '/home/eia/rbi_2025/scara/scara_ws/install/scara_mujoco_description/share/scara_mujoco_description/package.zsh'
[9.951s] Level 1:colcon.colcon_core.environment:create_file_with_runtime_dependencies(/home/eia/rbi_2025/scara/scara_ws/install/scara_mujoco_description/share/colcon-core/packages/scara_mujoco_description)
[9.954s] Level 1:colcon.colcon_core.environment:create_environment_scripts_only(scara_mujoco_description)
[9.956s] Level 1:colcon.colcon_core.environment:checking '/home/eia/rbi_2025/scara/scara_ws/install/scara_mujoco_description' for CMake module files
[9.960s] Level 1:colcon.colcon_core.environment:checking '/home/eia/rbi_2025/scara/scara_ws/install/scara_mujoco_description' for CMake config files
[9.962s] Level 1:colcon.colcon_core.shell:create_environment_hook('scara_mujoco_description', 'cmake_prefix_path')
[9.964s] INFO:colcon.colcon_core.shell:Creating environment hook '/home/eia/rbi_2025/scara/scara_ws/install/scara_mujoco_description/share/scara_mujoco_description/hook/cmake_prefix_path.ps1'
[9.966s] INFO:colcon.colcon_core.shell:Creating environment descriptor '/home/eia/rbi_2025/scara/scara_ws/install/scara_mujoco_description/share/scara_mujoco_description/hook/cmake_prefix_path.dsv'
[9.968s] INFO:colcon.colcon_core.shell:Creating environment hook '/home/eia/rbi_2025/scara/scara_ws/install/scara_mujoco_description/share/scara_mujoco_description/hook/cmake_prefix_path.sh'
[9.971s] Level 1:colcon.colcon_core.environment:checking '/home/eia/rbi_2025/scara/scara_ws/install/scara_mujoco_description/bin'
[9.972s] Level 1:colcon.colcon_core.environment:checking '/home/eia/rbi_2025/scara/scara_ws/install/scara_mujoco_description/lib/pkgconfig/scara_mujoco_description.pc'
[9.973s] Level 1:colcon.colcon_core.environment:checking '/home/eia/rbi_2025/scara/scara_ws/install/scara_mujoco_description/lib/python3.10/site-packages'
[9.975s] Level 1:colcon.colcon_core.environment:checking '/home/eia/rbi_2025/scara/scara_ws/install/scara_mujoco_description/bin'
[9.977s] INFO:colcon.colcon_core.shell:Creating package script '/home/eia/rbi_2025/scara/scara_ws/install/scara_mujoco_description/share/scara_mujoco_description/package.ps1'
[9.980s] INFO:colcon.colcon_core.shell:Creating package descriptor '/home/eia/rbi_2025/scara/scara_ws/install/scara_mujoco_description/share/scara_mujoco_description/package.dsv'
[9.982s] INFO:colcon.colcon_core.shell:Creating package script '/home/eia/rbi_2025/scara/scara_ws/install/scara_mujoco_description/share/scara_mujoco_description/package.sh'
[9.985s] INFO:colcon.colcon_core.shell:Creating package script '/home/eia/rbi_2025/scara/scara_ws/install/scara_mujoco_description/share/scara_mujoco_description/package.bash'
[9.987s] INFO:colcon.colcon_core.shell:Creating package script '/home/eia/rbi_2025/scara/scara_ws/install/scara_mujoco_description/share/scara_mujoco_description/package.zsh'
[9.990s] Level 1:colcon.colcon_core.environment:create_file_with_runtime_dependencies(/home/eia/rbi_2025/scara/scara_ws/install/scara_mujoco_description/share/colcon-core/packages/scara_mujoco_description)
[9.991s] Level 1:colcon.colcon_core.environment:create_environment_scripts_only(scara_gz_bringup)
[9.992s] Level 1:colcon.colcon_core.environment:checking '/home/eia/rbi_2025/scara/scara_ws/install/scara_gz_bringup' for CMake module files
[9.997s] DEBUG:colcon.colcon_core.event_handler.log_command:Invoked command in '/home/eia/rbi_2025/scara/scara_ws/build/scara_gz_bringup' returned '0': CMAKE_PREFIX_PATH=${CMAKE_PREFIX_PATH}:/home/eia/rbi_2025/scara/scara_ws/install/scara_tf_generator:/home/eia/rbi_2025/scara/scara_ws/install/scara_path_generator:/home/eia/rbi_2025/scara/scara_ws/install/scara_path_controller:/home/eia/rbi_2025/scara/scara_ws/install/scara_mujoco_python_sim:/home/eia/rbi_2025/scara/scara_ws/install/scara_general_ik_solver:/home/eia/rbi_2025/scara/scara_ws/install/premade_path_publisher:/opt/ros/humble /usr/bin/cmake --install /home/eia/rbi_2025/scara/scara_ws/build/scara_gz_bringup
[9.998s] Level 1:colcon.colcon_core.environment:checking '/home/eia/rbi_2025/scara/scara_ws/install/scara_gz_bringup' for CMake config files
[10.000s] Level 1:colcon.colcon_core.shell:create_environment_hook('scara_gz_bringup', 'cmake_prefix_path')
[10.001s] INFO:colcon.colcon_core.shell:Creating environment hook '/home/eia/rbi_2025/scara/scara_ws/install/scara_gz_bringup/share/scara_gz_bringup/hook/cmake_prefix_path.ps1'
[10.003s] INFO:colcon.colcon_core.shell:Creating environment descriptor '/home/eia/rbi_2025/scara/scara_ws/install/scara_gz_bringup/share/scara_gz_bringup/hook/cmake_prefix_path.dsv'
[10.005s] INFO:colcon.colcon_core.shell:Creating environment hook '/home/eia/rbi_2025/scara/scara_ws/install/scara_gz_bringup/share/scara_gz_bringup/hook/cmake_prefix_path.sh'
[10.009s] Level 1:colcon.colcon_core.environment:checking '/home/eia/rbi_2025/scara/scara_ws/install/scara_gz_bringup/bin'
[10.009s] Level 1:colcon.colcon_core.environment:checking '/home/eia/rbi_2025/scara/scara_ws/install/scara_gz_bringup/lib/pkgconfig/scara_gz_bringup.pc'
[10.010s] Level 1:colcon.colcon_core.environment:checking '/home/eia/rbi_2025/scara/scara_ws/install/scara_gz_bringup/lib/python3.10/site-packages'
[10.012s] Level 1:colcon.colcon_core.environment:checking '/home/eia/rbi_2025/scara/scara_ws/install/scara_gz_bringup/bin'
[10.014s] INFO:colcon.colcon_core.shell:Creating package script '/home/eia/rbi_2025/scara/scara_ws/install/scara_gz_bringup/share/scara_gz_bringup/package.ps1'
[10.016s] INFO:colcon.colcon_core.shell:Creating package descriptor '/home/eia/rbi_2025/scara/scara_ws/install/scara_gz_bringup/share/scara_gz_bringup/package.dsv'
[10.018s] INFO:colcon.colcon_core.shell:Creating package script '/home/eia/rbi_2025/scara/scara_ws/install/scara_gz_bringup/share/scara_gz_bringup/package.sh'
[10.019s] INFO:colcon.colcon_core.shell:Creating package script '/home/eia/rbi_2025/scara/scara_ws/install/scara_gz_bringup/share/scara_gz_bringup/package.bash'
[10.021s] INFO:colcon.colcon_core.shell:Creating package script '/home/eia/rbi_2025/scara/scara_ws/install/scara_gz_bringup/share/scara_gz_bringup/package.zsh'
[10.022s] Level 1:colcon.colcon_core.environment:create_file_with_runtime_dependencies(/home/eia/rbi_2025/scara/scara_ws/install/scara_gz_bringup/share/colcon-core/packages/scara_gz_bringup)
[10.024s] Level 1:colcon.colcon_core.environment:create_environment_scripts_only(scara_gz_bringup)
[10.025s] Level 1:colcon.colcon_core.environment:checking '/home/eia/rbi_2025/scara/scara_ws/install/scara_gz_bringup' for CMake module files
[10.026s] Level 1:colcon.colcon_core.environment:checking '/home/eia/rbi_2025/scara/scara_ws/install/scara_gz_bringup' for CMake config files
[10.027s] Level 1:colcon.colcon_core.shell:create_environment_hook('scara_gz_bringup', 'cmake_prefix_path')
[10.028s] INFO:colcon.colcon_core.shell:Creating environment hook '/home/eia/rbi_2025/scara/scara_ws/install/scara_gz_bringup/share/scara_gz_bringup/hook/cmake_prefix_path.ps1'
[10.030s] INFO:colcon.colcon_core.shell:Creating environment descriptor '/home/eia/rbi_2025/scara/scara_ws/install/scara_gz_bringup/share/scara_gz_bringup/hook/cmake_prefix_path.dsv'
[10.031s] INFO:colcon.colcon_core.shell:Creating environment hook '/home/eia/rbi_2025/scara/scara_ws/install/scara_gz_bringup/share/scara_gz_bringup/hook/cmake_prefix_path.sh'
[10.034s] Level 1:colcon.colcon_core.environment:checking '/home/eia/rbi_2025/scara/scara_ws/install/scara_gz_bringup/bin'
[10.034s] Level 1:colcon.colcon_core.environment:checking '/home/eia/rbi_2025/scara/scara_ws/install/scara_gz_bringup/lib/pkgconfig/scara_gz_bringup.pc'
[10.035s] Level 1:colcon.colcon_core.environment:checking '/home/eia/rbi_2025/scara/scara_ws/install/scara_gz_bringup/lib/python3.10/site-packages'
[10.036s] Level 1:colcon.colcon_core.environment:checking '/home/eia/rbi_2025/scara/scara_ws/install/scara_gz_bringup/bin'
[10.037s] INFO:colcon.colcon_core.shell:Creating package script '/home/eia/rbi_2025/scara/scara_ws/install/scara_gz_bringup/share/scara_gz_bringup/package.ps1'
[10.039s] INFO:colcon.colcon_core.shell:Creating package descriptor '/home/eia/rbi_2025/scara/scara_ws/install/scara_gz_bringup/share/scara_gz_bringup/package.dsv'
[10.041s] INFO:colcon.colcon_core.shell:Creating package script '/home/eia/rbi_2025/scara/scara_ws/install/scara_gz_bringup/share/scara_gz_bringup/package.sh'
[10.043s] INFO:colcon.colcon_core.shell:Creating package script '/home/eia/rbi_2025/scara/scara_ws/install/scara_gz_bringup/share/scara_gz_bringup/package.bash'
[10.044s] INFO:colcon.colcon_core.shell:Creating package script '/home/eia/rbi_2025/scara/scara_ws/install/scara_gz_bringup/share/scara_gz_bringup/package.zsh'
[10.046s] Level 1:colcon.colcon_core.environment:create_file_with_runtime_dependencies(/home/eia/rbi_2025/scara/scara_ws/install/scara_gz_bringup/share/colcon-core/packages/scara_gz_bringup)
[10.049s] INFO:colcon.colcon_ros.task.ament_python.build:Building ROS package in '/home/eia/rbi_2025/scara/scara_ws/src/scara_tf_generator' with build type 'ament_python'
[10.050s] Level 1:colcon.colcon_core.shell:create_environment_hook('scara_tf_generator', 'ament_prefix_path')
[10.051s] INFO:colcon.colcon_core.shell:Creating environment hook '/home/eia/rbi_2025/scara/scara_ws/install/scara_tf_generator/share/scara_tf_generator/hook/ament_prefix_path.ps1'
[10.054s] INFO:colcon.colcon_core.shell:Creating environment descriptor '/home/eia/rbi_2025/scara/scara_ws/install/scara_tf_generator/share/scara_tf_generator/hook/ament_prefix_path.dsv'
[10.055s] INFO:colcon.colcon_core.shell:Creating environment hook '/home/eia/rbi_2025/scara/scara_ws/install/scara_tf_generator/share/scara_tf_generator/hook/ament_prefix_path.sh'
[10.058s] INFO:colcon.colcon_core.shell:Skip shell extension 'powershell' for command environment: Not usable outside of PowerShell
[10.058s] DEBUG:colcon.colcon_core.shell:Skip shell extension 'dsv' for command environment
[10.075s] Level 1:colcon.colcon_core.environment:create_environment_scripts_only(scara_mujoco_sim)
[10.077s] Level 1:colcon.colcon_core.environment:checking '/home/eia/rbi_2025/scara/scara_ws/install/scara_mujoco_sim' for CMake module files
[10.080s] DEBUG:colcon.colcon_core.event_handler.log_command:Invoked command in '/home/eia/rbi_2025/scara/scara_ws/build/scara_mujoco_sim' returned '0': CMAKE_PREFIX_PATH=${CMAKE_PREFIX_PATH}:/home/eia/rbi_2025/scara/scara_ws/install/scara_tf_generator:/home/eia/rbi_2025/scara/scara_ws/install/scara_path_generator:/home/eia/rbi_2025/scara/scara_ws/install/scara_path_controller:/home/eia/rbi_2025/scara/scara_ws/install/scara_mujoco_python_sim:/home/eia/rbi_2025/scara/scara_ws/install/scara_general_ik_solver:/home/eia/rbi_2025/scara/scara_ws/install/premade_path_publisher:/opt/ros/humble /usr/bin/cmake --install /home/eia/rbi_2025/scara/scara_ws/build/scara_mujoco_sim
[10.082s] Level 1:colcon.colcon_core.environment:checking '/home/eia/rbi_2025/scara/scara_ws/install/scara_mujoco_sim' for CMake config files
[10.084s] Level 1:colcon.colcon_core.shell:create_environment_hook('scara_mujoco_sim', 'cmake_prefix_path')
[10.085s] INFO:colcon.colcon_core.shell:Creating environment hook '/home/eia/rbi_2025/scara/scara_ws/install/scara_mujoco_sim/share/scara_mujoco_sim/hook/cmake_prefix_path.ps1'
[10.087s] INFO:colcon.colcon_core.shell:Creating environment descriptor '/home/eia/rbi_2025/scara/scara_ws/install/scara_mujoco_sim/share/scara_mujoco_sim/hook/cmake_prefix_path.dsv'
[10.088s] INFO:colcon.colcon_core.shell:Creating environment hook '/home/eia/rbi_2025/scara/scara_ws/install/scara_mujoco_sim/share/scara_mujoco_sim/hook/cmake_prefix_path.sh'
[10.091s] Level 1:colcon.colcon_core.environment:checking '/home/eia/rbi_2025/scara/scara_ws/install/scara_mujoco_sim/lib'
[10.091s] Level 1:colcon.colcon_core.shell:create_environment_hook('scara_mujoco_sim', 'ld_library_path_lib')
[10.092s] INFO:colcon.colcon_core.shell:Creating environment hook '/home/eia/rbi_2025/scara/scara_ws/install/scara_mujoco_sim/share/scara_mujoco_sim/hook/ld_library_path_lib.ps1'
[10.094s] INFO:colcon.colcon_core.shell:Creating environment descriptor '/home/eia/rbi_2025/scara/scara_ws/install/scara_mujoco_sim/share/scara_mujoco_sim/hook/ld_library_path_lib.dsv'
[10.095s] INFO:colcon.colcon_core.shell:Creating environment hook '/home/eia/rbi_2025/scara/scara_ws/install/scara_mujoco_sim/share/scara_mujoco_sim/hook/ld_library_path_lib.sh'
[10.097s] Level 1:colcon.colcon_core.environment:checking '/home/eia/rbi_2025/scara/scara_ws/install/scara_mujoco_sim/bin'
[10.097s] Level 1:colcon.colcon_core.environment:checking '/home/eia/rbi_2025/scara/scara_ws/install/scara_mujoco_sim/lib/pkgconfig/scara_mujoco_sim.pc'
[10.098s] Level 1:colcon.colcon_core.environment:checking '/home/eia/rbi_2025/scara/scara_ws/install/scara_mujoco_sim/lib/python3.10/site-packages'
[10.099s] Level 1:colcon.colcon_core.environment:checking '/home/eia/rbi_2025/scara/scara_ws/install/scara_mujoco_sim/bin'
[10.101s] INFO:colcon.colcon_core.shell:Creating package script '/home/eia/rbi_2025/scara/scara_ws/install/scara_mujoco_sim/share/scara_mujoco_sim/package.ps1'
[10.103s] INFO:colcon.colcon_core.shell:Creating package descriptor '/home/eia/rbi_2025/scara/scara_ws/install/scara_mujoco_sim/share/scara_mujoco_sim/package.dsv'
[10.105s] INFO:colcon.colcon_core.shell:Creating package script '/home/eia/rbi_2025/scara/scara_ws/install/scara_mujoco_sim/share/scara_mujoco_sim/package.sh'
[10.107s] INFO:colcon.colcon_core.shell:Creating package script '/home/eia/rbi_2025/scara/scara_ws/install/scara_mujoco_sim/share/scara_mujoco_sim/package.bash'
[10.109s] INFO:colcon.colcon_core.shell:Creating package script '/home/eia/rbi_2025/scara/scara_ws/install/scara_mujoco_sim/share/scara_mujoco_sim/package.zsh'
[10.111s] Level 1:colcon.colcon_core.environment:create_file_with_runtime_dependencies(/home/eia/rbi_2025/scara/scara_ws/install/scara_mujoco_sim/share/colcon-core/packages/scara_mujoco_sim)
[10.113s] Level 1:colcon.colcon_core.environment:create_environment_scripts_only(scara_mujoco_sim)
[10.114s] Level 1:colcon.colcon_core.environment:checking '/home/eia/rbi_2025/scara/scara_ws/install/scara_mujoco_sim' for CMake module files
[10.116s] Level 1:colcon.colcon_core.environment:checking '/home/eia/rbi_2025/scara/scara_ws/install/scara_mujoco_sim' for CMake config files
[10.117s] Level 1:colcon.colcon_core.shell:create_environment_hook('scara_mujoco_sim', 'cmake_prefix_path')
[10.118s] INFO:colcon.colcon_core.shell:Creating environment hook '/home/eia/rbi_2025/scara/scara_ws/install/scara_mujoco_sim/share/scara_mujoco_sim/hook/cmake_prefix_path.ps1'
[10.119s] INFO:colcon.colcon_core.shell:Creating environment descriptor '/home/eia/rbi_2025/scara/scara_ws/install/scara_mujoco_sim/share/scara_mujoco_sim/hook/cmake_prefix_path.dsv'
[10.121s] INFO:colcon.colcon_core.shell:Creating environment hook '/home/eia/rbi_2025/scara/scara_ws/install/scara_mujoco_sim/share/scara_mujoco_sim/hook/cmake_prefix_path.sh'
[10.123s] Level 1:colcon.colcon_core.environment:checking '/home/eia/rbi_2025/scara/scara_ws/install/scara_mujoco_sim/lib'
[10.123s] Level 1:colcon.colcon_core.shell:create_environment_hook('scara_mujoco_sim', 'ld_library_path_lib')
[10.124s] INFO:colcon.colcon_core.shell:Creating environment hook '/home/eia/rbi_2025/scara/scara_ws/install/scara_mujoco_sim/share/scara_mujoco_sim/hook/ld_library_path_lib.ps1'
[10.126s] INFO:colcon.colcon_core.shell:Creating environment descriptor '/home/eia/rbi_2025/scara/scara_ws/install/scara_mujoco_sim/share/scara_mujoco_sim/hook/ld_library_path_lib.dsv'
[10.127s] INFO:colcon.colcon_core.shell:Creating environment hook '/home/eia/rbi_2025/scara/scara_ws/install/scara_mujoco_sim/share/scara_mujoco_sim/hook/ld_library_path_lib.sh'
[10.128s] Level 1:colcon.colcon_core.environment:checking '/home/eia/rbi_2025/scara/scara_ws/install/scara_mujoco_sim/bin'
[10.129s] Level 1:colcon.colcon_core.environment:checking '/home/eia/rbi_2025/scara/scara_ws/install/scara_mujoco_sim/lib/pkgconfig/scara_mujoco_sim.pc'
[10.129s] Level 1:colcon.colcon_core.environment:checking '/home/eia/rbi_2025/scara/scara_ws/install/scara_mujoco_sim/lib/python3.10/site-packages'
[10.130s] Level 1:colcon.colcon_core.environment:checking '/home/eia/rbi_2025/scara/scara_ws/install/scara_mujoco_sim/bin'
[10.132s] INFO:colcon.colcon_core.shell:Creating package script '/home/eia/rbi_2025/scara/scara_ws/install/scara_mujoco_sim/share/scara_mujoco_sim/package.ps1'
[10.134s] INFO:colcon.colcon_core.shell:Creating package descriptor '/home/eia/rbi_2025/scara/scara_ws/install/scara_mujoco_sim/share/scara_mujoco_sim/package.dsv'
[10.136s] INFO:colcon.colcon_core.shell:Creating package script '/home/eia/rbi_2025/scara/scara_ws/install/scara_mujoco_sim/share/scara_mujoco_sim/package.sh'
[10.139s] INFO:colcon.colcon_core.shell:Creating package script '/home/eia/rbi_2025/scara/scara_ws/install/scara_mujoco_sim/share/scara_mujoco_sim/package.bash'
[10.140s] INFO:colcon.colcon_core.shell:Creating package script '/home/eia/rbi_2025/scara/scara_ws/install/scara_mujoco_sim/share/scara_mujoco_sim/package.zsh'
[10.142s] Level 1:colcon.colcon_core.environment:create_file_with_runtime_dependencies(/home/eia/rbi_2025/scara/scara_ws/install/scara_mujoco_sim/share/colcon-core/packages/scara_mujoco_sim)
[10.149s] Level 1:colcon.colcon_core.environment:create_environment_scripts_only(scara_real_bringup)
[10.151s] Level 1:colcon.colcon_core.environment:checking '/home/eia/rbi_2025/scara/scara_ws/install/scara_real_bringup' for CMake module files
[10.155s] DEBUG:colcon.colcon_core.event_handler.log_command:Invoked command in '/home/eia/rbi_2025/scara/scara_ws/build/scara_real_bringup' returned '0': CMAKE_PREFIX_PATH=${CMAKE_PREFIX_PATH}:/home/eia/rbi_2025/scara/scara_ws/install/scara_tf_generator:/home/eia/rbi_2025/scara/scara_ws/install/scara_path_generator:/home/eia/rbi_2025/scara/scara_ws/install/scara_path_controller:/home/eia/rbi_2025/scara/scara_ws/install/scara_mujoco_python_sim:/home/eia/rbi_2025/scara/scara_ws/install/scara_general_ik_solver:/home/eia/rbi_2025/scara/scara_ws/install/premade_path_publisher:/opt/ros/humble /usr/bin/cmake --install /home/eia/rbi_2025/scara/scara_ws/build/scara_real_bringup
[10.157s] Level 1:colcon.colcon_core.environment:checking '/home/eia/rbi_2025/scara/scara_ws/install/scara_real_bringup' for CMake config files
[10.158s] Level 1:colcon.colcon_core.shell:create_environment_hook('scara_real_bringup', 'cmake_prefix_path')
[10.159s] INFO:colcon.colcon_core.shell:Creating environment hook '/home/eia/rbi_2025/scara/scara_ws/install/scara_real_bringup/share/scara_real_bringup/hook/cmake_prefix_path.ps1'
[10.161s] INFO:colcon.colcon_core.shell:Creating environment descriptor '/home/eia/rbi_2025/scara/scara_ws/install/scara_real_bringup/share/scara_real_bringup/hook/cmake_prefix_path.dsv'
[10.163s] INFO:colcon.colcon_core.shell:Creating environment hook '/home/eia/rbi_2025/scara/scara_ws/install/scara_real_bringup/share/scara_real_bringup/hook/cmake_prefix_path.sh'
[10.165s] Level 1:colcon.colcon_core.environment:checking '/home/eia/rbi_2025/scara/scara_ws/install/scara_real_bringup/bin'
[10.166s] Level 1:colcon.colcon_core.environment:checking '/home/eia/rbi_2025/scara/scara_ws/install/scara_real_bringup/lib/pkgconfig/scara_real_bringup.pc'
[10.167s] Level 1:colcon.colcon_core.environment:checking '/home/eia/rbi_2025/scara/scara_ws/install/scara_real_bringup/lib/python3.10/site-packages'
[10.168s] Level 1:colcon.colcon_core.environment:checking '/home/eia/rbi_2025/scara/scara_ws/install/scara_real_bringup/bin'
[10.169s] INFO:colcon.colcon_core.shell:Creating package script '/home/eia/rbi_2025/scara/scara_ws/install/scara_real_bringup/share/scara_real_bringup/package.ps1'
[10.171s] INFO:colcon.colcon_core.shell:Creating package descriptor '/home/eia/rbi_2025/scara/scara_ws/install/scara_real_bringup/share/scara_real_bringup/package.dsv'
[10.173s] INFO:colcon.colcon_core.shell:Creating package script '/home/eia/rbi_2025/scara/scara_ws/install/scara_real_bringup/share/scara_real_bringup/package.sh'
[10.174s] INFO:colcon.colcon_core.shell:Creating package script '/home/eia/rbi_2025/scara/scara_ws/install/scara_real_bringup/share/scara_real_bringup/package.bash'
[10.176s] INFO:colcon.colcon_core.shell:Creating package script '/home/eia/rbi_2025/scara/scara_ws/install/scara_real_bringup/share/scara_real_bringup/package.zsh'
[10.177s] Level 1:colcon.colcon_core.environment:create_file_with_runtime_dependencies(/home/eia/rbi_2025/scara/scara_ws/install/scara_real_bringup/share/colcon-core/packages/scara_real_bringup)
[10.179s] Level 1:colcon.colcon_core.environment:create_environment_scripts_only(scara_real_bringup)
[10.180s] Level 1:colcon.colcon_core.environment:checking '/home/eia/rbi_2025/scara/scara_ws/install/scara_real_bringup' for CMake module files
[10.182s] Level 1:colcon.colcon_core.environment:checking '/home/eia/rbi_2025/scara/scara_ws/install/scara_real_bringup' for CMake config files
[10.183s] Level 1:colcon.colcon_core.shell:create_environment_hook('scara_real_bringup', 'cmake_prefix_path')
[10.184s] INFO:colcon.colcon_core.shell:Creating environment hook '/home/eia/rbi_2025/scara/scara_ws/install/scara_real_bringup/share/scara_real_bringup/hook/cmake_prefix_path.ps1'
[10.185s] INFO:colcon.colcon_core.shell:Creating environment descriptor '/home/eia/rbi_2025/scara/scara_ws/install/scara_real_bringup/share/scara_real_bringup/hook/cmake_prefix_path.dsv'
[10.187s] INFO:colcon.colcon_core.shell:Creating environment hook '/home/eia/rbi_2025/scara/scara_ws/install/scara_real_bringup/share/scara_real_bringup/hook/cmake_prefix_path.sh'
[10.189s] Level 1:colcon.colcon_core.environment:checking '/home/eia/rbi_2025/scara/scara_ws/install/scara_real_bringup/bin'
[10.189s] Level 1:colcon.colcon_core.environment:checking '/home/eia/rbi_2025/scara/scara_ws/install/scara_real_bringup/lib/pkgconfig/scara_real_bringup.pc'
[10.190s] Level 1:colcon.colcon_core.environment:checking '/home/eia/rbi_2025/scara/scara_ws/install/scara_real_bringup/lib/python3.10/site-packages'
[10.191s] Level 1:colcon.colcon_core.environment:checking '/home/eia/rbi_2025/scara/scara_ws/install/scara_real_bringup/bin'
[10.192s] INFO:colcon.colcon_core.shell:Creating package script '/home/eia/rbi_2025/scara/scara_ws/install/scara_real_bringup/share/scara_real_bringup/package.ps1'
[10.194s] INFO:colcon.colcon_core.shell:Creating package descriptor '/home/eia/rbi_2025/scara/scara_ws/install/scara_real_bringup/share/scara_real_bringup/package.dsv'
[10.196s] INFO:colcon.colcon_core.shell:Creating package script '/home/eia/rbi_2025/scara/scara_ws/install/scara_real_bringup/share/scara_real_bringup/package.sh'
[10.197s] INFO:colcon.colcon_core.shell:Creating package script '/home/eia/rbi_2025/scara/scara_ws/install/scara_real_bringup/share/scara_real_bringup/package.bash'
[10.199s] INFO:colcon.colcon_core.shell:Creating package script '/home/eia/rbi_2025/scara/scara_ws/install/scara_real_bringup/share/scara_real_bringup/package.zsh'
[10.201s] Level 1:colcon.colcon_core.environment:create_file_with_runtime_dependencies(/home/eia/rbi_2025/scara/scara_ws/install/scara_real_bringup/share/colcon-core/packages/scara_real_bringup)
[10.220s] DEBUG:colcon.colcon_core.event_handler.log_command:Invoking command in '/home/eia/rbi_2025/scara/scara_ws/build/scara_real_description': CMAKE_PREFIX_PATH=${CMAKE_PREFIX_PATH}:/home/eia/rbi_2025/scara/scara_ws/install/scara_tf_generator:/home/eia/rbi_2025/scara/scara_ws/install/scara_path_generator:/home/eia/rbi_2025/scara/scara_ws/install/scara_path_controller:/home/eia/rbi_2025/scara/scara_ws/install/scara_mujoco_python_sim:/home/eia/rbi_2025/scara/scara_ws/install/scara_general_ik_solver:/home/eia/rbi_2025/scara/scara_ws/install/premade_path_publisher:/opt/ros/humble /usr/bin/cmake --build /home/eia/rbi_2025/scara/scara_ws/build/scara_real_description -- -j12 -l12
[11.771s] INFO:colcon.colcon_core.task.python.build:Building Python package in '/home/eia/rbi_2025/scara/scara_ws/src/scara_tf_generator'
[11.772s] INFO:colcon.colcon_core.shell:Skip shell extension 'powershell' for command environment: Not usable outside of PowerShell
[11.772s] DEBUG:colcon.colcon_core.shell:Skip shell extension 'dsv' for command environment
[11.799s] DEBUG:colcon.colcon_core.event_handler.log_command:Invoking command in '/home/eia/rbi_2025/scara/scara_ws/build/scara_general_ik_solver': PYTHONPATH=/home/eia/rbi_2025/scara/scara_ws/build/scara_general_ik_solver/prefix_override:/home/eia/.local/lib/python3.10/site-packages/colcon_core/task/python/colcon_distutils_commands:/home/eia/rbi_2025/scara/scara_ws/install/scara_general_ik_solver/lib/python3.10/site-packages:${PYTHONPATH} /usr/bin/python3 -W ignore:setup.py install is deprecated -W ignore:easy_install command is deprecated setup.py develop --editable --build-directory /home/eia/rbi_2025/scara/scara_ws/build/scara_general_ik_solver/build --no-deps symlink_data
[11.808s] DEBUG:colcon.colcon_core.event_handler.log_command:Invoking command in '/home/eia/rbi_2025/scara/scara_ws/build/premade_path_publisher': PYTHONPATH=/home/eia/rbi_2025/scara/scara_ws/build/premade_path_publisher/prefix_override:/home/eia/.local/lib/python3.10/site-packages/colcon_core/task/python/colcon_distutils_commands:/home/eia/rbi_2025/scara/scara_ws/install/premade_path_publisher/lib/python3.10/site-packages:${PYTHONPATH} /usr/bin/python3 -W ignore:setup.py install is deprecated -W ignore:easy_install command is deprecated setup.py develop --editable --build-directory /home/eia/rbi_2025/scara/scara_ws/build/premade_path_publisher/build --no-deps symlink_data
[11.814s] DEBUG:colcon.colcon_core.event_handler.log_command:Invoking command in '/home/eia/rbi_2025/scara/scara_ws/build/scara_path_controller': PYTHONPATH=/home/eia/rbi_2025/scara/scara_ws/build/scara_path_controller/prefix_override:/home/eia/.local/lib/python3.10/site-packages/colcon_core/task/python/colcon_distutils_commands:/home/eia/rbi_2025/scara/scara_ws/install/scara_path_controller/lib/python3.10/site-packages:${PYTHONPATH} /usr/bin/python3 -W ignore:setup.py install is deprecated -W ignore:easy_install command is deprecated setup.py develop --editable --build-directory /home/eia/rbi_2025/scara/scara_ws/build/scara_path_controller/build --no-deps symlink_data
[11.828s] DEBUG:colcon.colcon_core.event_handler.log_command:Invoking command in '/home/eia/rbi_2025/scara/scara_ws/build/scara_mujoco_python_sim': PYTHONPATH=/home/eia/rbi_2025/scara/scara_ws/build/scara_mujoco_python_sim/prefix_override:/home/eia/.local/lib/python3.10/site-packages/colcon_core/task/python/colcon_distutils_commands:/home/eia/rbi_2025/scara/scara_ws/install/scara_mujoco_python_sim/lib/python3.10/site-packages:${PYTHONPATH} /usr/bin/python3 -W ignore:setup.py install is deprecated -W ignore:easy_install command is deprecated setup.py develop --editable --build-directory /home/eia/rbi_2025/scara/scara_ws/build/scara_mujoco_python_sim/build --no-deps symlink_data
[11.848s] DEBUG:colcon.colcon_core.event_handler.log_command:Invoking command in '/home/eia/rbi_2025/scara/scara_ws/build/scara_path_generator': PYTHONPATH=/home/eia/rbi_2025/scara/scara_ws/build/scara_path_generator/prefix_override:/home/eia/.local/lib/python3.10/site-packages/colcon_core/task/python/colcon_distutils_commands:/home/eia/rbi_2025/scara/scara_ws/install/scara_path_generator/lib/python3.10/site-packages:${PYTHONPATH} /usr/bin/python3 -W ignore:setup.py install is deprecated -W ignore:easy_install command is deprecated setup.py develop --editable --build-directory /home/eia/rbi_2025/scara/scara_ws/build/scara_path_generator/build --no-deps symlink_data
[11.850s] DEBUG:colcon.colcon_core.event_handler.log_command:Invoked command in '/home/eia/rbi_2025/scara/scara_ws/build/scara_real_description' returned '0': CMAKE_PREFIX_PATH=${CMAKE_PREFIX_PATH}:/home/eia/rbi_2025/scara/scara_ws/install/scara_tf_generator:/home/eia/rbi_2025/scara/scara_ws/install/scara_path_generator:/home/eia/rbi_2025/scara/scara_ws/install/scara_path_controller:/home/eia/rbi_2025/scara/scara_ws/install/scara_mujoco_python_sim:/home/eia/rbi_2025/scara/scara_ws/install/scara_general_ik_solver:/home/eia/rbi_2025/scara/scara_ws/install/premade_path_publisher:/opt/ros/humble /usr/bin/cmake --build /home/eia/rbi_2025/scara/scara_ws/build/scara_real_description -- -j12 -l12
[11.853s] DEBUG:colcon.colcon_core.event_handler.log_command:Invoking command in '/home/eia/rbi_2025/scara/scara_ws/build/scara_real_description': CMAKE_PREFIX_PATH=${CMAKE_PREFIX_PATH}:/home/eia/rbi_2025/scara/scara_ws/install/scara_tf_generator:/home/eia/rbi_2025/scara/scara_ws/install/scara_path_generator:/home/eia/rbi_2025/scara/scara_ws/install/scara_path_controller:/home/eia/rbi_2025/scara/scara_ws/install/scara_mujoco_python_sim:/home/eia/rbi_2025/scara/scara_ws/install/scara_general_ik_solver:/home/eia/rbi_2025/scara/scara_ws/install/premade_path_publisher:/opt/ros/humble /usr/bin/cmake --install /home/eia/rbi_2025/scara/scara_ws/build/scara_real_description
[11.933s] Level 1:colcon.colcon_core.environment:create_environment_scripts_only(scara_real_description)
[11.935s] DEBUG:colcon.colcon_core.event_handler.log_command:Invoked command in '/home/eia/rbi_2025/scara/scara_ws/build/scara_real_description' returned '0': CMAKE_PREFIX_PATH=${CMAKE_PREFIX_PATH}:/home/eia/rbi_2025/scara/scara_ws/install/scara_tf_generator:/home/eia/rbi_2025/scara/scara_ws/install/scara_path_generator:/home/eia/rbi_2025/scara/scara_ws/install/scara_path_controller:/home/eia/rbi_2025/scara/scara_ws/install/scara_mujoco_python_sim:/home/eia/rbi_2025/scara/scara_ws/install/scara_general_ik_solver:/home/eia/rbi_2025/scara/scara_ws/install/premade_path_publisher:/opt/ros/humble /usr/bin/cmake --install /home/eia/rbi_2025/scara/scara_ws/build/scara_real_description
[11.936s] Level 1:colcon.colcon_core.environment:checking '/home/eia/rbi_2025/scara/scara_ws/install/scara_real_description' for CMake module files
[11.939s] Level 1:colcon.colcon_core.environment:checking '/home/eia/rbi_2025/scara/scara_ws/install/scara_real_description' for CMake config files
[11.940s] Level 1:colcon.colcon_core.shell:create_environment_hook('scara_real_description', 'cmake_prefix_path')
[11.941s] INFO:colcon.colcon_core.shell:Creating environment hook '/home/eia/rbi_2025/scara/scara_ws/install/scara_real_description/share/scara_real_description/hook/cmake_prefix_path.ps1'
[11.943s] INFO:colcon.colcon_core.shell:Creating environment descriptor '/home/eia/rbi_2025/scara/scara_ws/install/scara_real_description/share/scara_real_description/hook/cmake_prefix_path.dsv'
[11.944s] INFO:colcon.colcon_core.shell:Creating environment hook '/home/eia/rbi_2025/scara/scara_ws/install/scara_real_description/share/scara_real_description/hook/cmake_prefix_path.sh'
[11.946s] Level 1:colcon.colcon_core.environment:checking '/home/eia/rbi_2025/scara/scara_ws/install/scara_real_description/bin'
[11.947s] Level 1:colcon.colcon_core.environment:checking '/home/eia/rbi_2025/scara/scara_ws/install/scara_real_description/lib/pkgconfig/scara_real_description.pc'
[11.947s] Level 1:colcon.colcon_core.environment:checking '/home/eia/rbi_2025/scara/scara_ws/install/scara_real_description/lib/python3.10/site-packages'
[11.948s] Level 1:colcon.colcon_core.environment:checking '/home/eia/rbi_2025/scara/scara_ws/install/scara_real_description/bin'
[11.949s] INFO:colcon.colcon_core.shell:Creating package script '/home/eia/rbi_2025/scara/scara_ws/install/scara_real_description/share/scara_real_description/package.ps1'
[11.951s] INFO:colcon.colcon_core.shell:Creating package descriptor '/home/eia/rbi_2025/scara/scara_ws/install/scara_real_description/share/scara_real_description/package.dsv'
[11.953s] INFO:colcon.colcon_core.shell:Creating package script '/home/eia/rbi_2025/scara/scara_ws/install/scara_real_description/share/scara_real_description/package.sh'
[11.954s] INFO:colcon.colcon_core.shell:Creating package script '/home/eia/rbi_2025/scara/scara_ws/install/scara_real_description/share/scara_real_description/package.bash'
[11.956s] INFO:colcon.colcon_core.shell:Creating package script '/home/eia/rbi_2025/scara/scara_ws/install/scara_real_description/share/scara_real_description/package.zsh'
[11.957s] Level 1:colcon.colcon_core.environment:create_file_with_runtime_dependencies(/home/eia/rbi_2025/scara/scara_ws/install/scara_real_description/share/colcon-core/packages/scara_real_description)
[11.959s] Level 1:colcon.colcon_core.environment:create_environment_scripts_only(scara_real_description)
[11.960s] Level 1:colcon.colcon_core.environment:checking '/home/eia/rbi_2025/scara/scara_ws/install/scara_real_description' for CMake module files
[11.962s] Level 1:colcon.colcon_core.environment:checking '/home/eia/rbi_2025/scara/scara_ws/install/scara_real_description' for CMake config files
[11.963s] Level 1:colcon.colcon_core.shell:create_environment_hook('scara_real_description', 'cmake_prefix_path')
[11.964s] INFO:colcon.colcon_core.shell:Creating environment hook '/home/eia/rbi_2025/scara/scara_ws/install/scara_real_description/share/scara_real_description/hook/cmake_prefix_path.ps1'
[11.965s] INFO:colcon.colcon_core.shell:Creating environment descriptor '/home/eia/rbi_2025/scara/scara_ws/install/scara_real_description/share/scara_real_description/hook/cmake_prefix_path.dsv'
[11.967s] INFO:colcon.colcon_core.shell:Creating environment hook '/home/eia/rbi_2025/scara/scara_ws/install/scara_real_description/share/scara_real_description/hook/cmake_prefix_path.sh'
[11.969s] Level 1:colcon.colcon_core.environment:checking '/home/eia/rbi_2025/scara/scara_ws/install/scara_real_description/bin'
[11.969s] Level 1:colcon.colcon_core.environment:checking '/home/eia/rbi_2025/scara/scara_ws/install/scara_real_description/lib/pkgconfig/scara_real_description.pc'
[11.970s] Level 1:colcon.colcon_core.environment:checking '/home/eia/rbi_2025/scara/scara_ws/install/scara_real_description/lib/python3.10/site-packages'
[11.971s] Level 1:colcon.colcon_core.environment:checking '/home/eia/rbi_2025/scara/scara_ws/install/scara_real_description/bin'
[11.972s] INFO:colcon.colcon_core.shell:Creating package script '/home/eia/rbi_2025/scara/scara_ws/install/scara_real_description/share/scara_real_description/package.ps1'
[11.974s] INFO:colcon.colcon_core.shell:Creating package descriptor '/home/eia/rbi_2025/scara/scara_ws/install/scara_real_description/share/scara_real_description/package.dsv'
[11.976s] INFO:colcon.colcon_core.shell:Creating package script '/home/eia/rbi_2025/scara/scara_ws/install/scara_real_description/share/scara_real_description/package.sh'
[11.978s] INFO:colcon.colcon_core.shell:Creating package script '/home/eia/rbi_2025/scara/scara_ws/install/scara_real_description/share/scara_real_description/package.bash'
[11.980s] INFO:colcon.colcon_core.shell:Creating package script '/home/eia/rbi_2025/scara/scara_ws/install/scara_real_description/share/scara_real_description/package.zsh'
[11.981s] Level 1:colcon.colcon_core.environment:create_file_with_runtime_dependencies(/home/eia/rbi_2025/scara/scara_ws/install/scara_real_description/share/colcon-core/packages/scara_real_description)
[14.014s] DEBUG:colcon.colcon_core.event_handler.log_command:Invoking command in '/home/eia/rbi_2025/scara/scara_ws/build/scara_tf_generator': PYTHONPATH=/home/eia/rbi_2025/scara/scara_ws/build/scara_tf_generator/prefix_override:/home/eia/.local/lib/python3.10/site-packages/colcon_core/task/python/colcon_distutils_commands:/home/eia/rbi_2025/scara/scara_ws/install/scara_tf_generator/lib/python3.10/site-packages:${PYTHONPATH} /usr/bin/python3 -W ignore:setup.py install is deprecated -W ignore:easy_install command is deprecated setup.py develop --editable --build-directory /home/eia/rbi_2025/scara/scara_ws/build/scara_tf_generator/build --no-deps symlink_data
[14.722s] Level 1:colcon.colcon_core.shell:create_environment_hook('scara_path_controller', 'pythonpath_develop')
[14.723s] INFO:colcon.colcon_core.shell:Creating environment hook '/home/eia/rbi_2025/scara/scara_ws/build/scara_path_controller/share/scara_path_controller/hook/pythonpath_develop.ps1'
[14.726s] DEBUG:colcon.colcon_core.event_handler.log_command:Invoked command in '/home/eia/rbi_2025/scara/scara_ws/build/scara_path_controller' returned '0': PYTHONPATH=/home/eia/rbi_2025/scara/scara_ws/build/scara_path_controller/prefix_override:/home/eia/.local/lib/python3.10/site-packages/colcon_core/task/python/colcon_distutils_commands:/home/eia/rbi_2025/scara/scara_ws/install/scara_path_controller/lib/python3.10/site-packages:${PYTHONPATH} /usr/bin/python3 -W ignore:setup.py install is deprecated -W ignore:easy_install command is deprecated setup.py develop --editable --build-directory /home/eia/rbi_2025/scara/scara_ws/build/scara_path_controller/build --no-deps symlink_data
[14.727s] INFO:colcon.colcon_core.shell:Creating environment descriptor '/home/eia/rbi_2025/scara/scara_ws/build/scara_path_controller/share/scara_path_controller/hook/pythonpath_develop.dsv'
[14.728s] INFO:colcon.colcon_core.shell:Creating environment hook '/home/eia/rbi_2025/scara/scara_ws/build/scara_path_controller/share/scara_path_controller/hook/pythonpath_develop.sh'
[14.730s] Level 1:colcon.colcon_core.environment:checking '/home/eia/rbi_2025/scara/scara_ws/install/scara_path_controller' for CMake module files
[14.732s] Level 1:colcon.colcon_core.environment:checking '/home/eia/rbi_2025/scara/scara_ws/install/scara_path_controller' for CMake config files
[14.734s] Level 1:colcon.colcon_core.environment:checking '/home/eia/rbi_2025/scara/scara_ws/install/scara_path_controller/lib'
[14.734s] Level 1:colcon.colcon_core.environment:checking '/home/eia/rbi_2025/scara/scara_ws/install/scara_path_controller/bin'
[14.734s] Level 1:colcon.colcon_core.environment:checking '/home/eia/rbi_2025/scara/scara_ws/install/scara_path_controller/lib/pkgconfig/scara_path_controller.pc'
[14.735s] Level 1:colcon.colcon_core.environment:checking '/home/eia/rbi_2025/scara/scara_ws/install/scara_path_controller/lib/python3.10/site-packages'
[14.736s] Level 1:colcon.colcon_core.shell:create_environment_hook('scara_path_controller', 'pythonpath')
[14.736s] INFO:colcon.colcon_core.shell:Creating environment hook '/home/eia/rbi_2025/scara/scara_ws/install/scara_path_controller/share/scara_path_controller/hook/pythonpath.ps1'
[14.738s] INFO:colcon.colcon_core.shell:Creating environment descriptor '/home/eia/rbi_2025/scara/scara_ws/install/scara_path_controller/share/scara_path_controller/hook/pythonpath.dsv'
[14.739s] INFO:colcon.colcon_core.shell:Creating environment hook '/home/eia/rbi_2025/scara/scara_ws/install/scara_path_controller/share/scara_path_controller/hook/pythonpath.sh'
[14.742s] Level 1:colcon.colcon_core.environment:checking '/home/eia/rbi_2025/scara/scara_ws/install/scara_path_controller/bin'
[14.742s] Level 1:colcon.colcon_core.environment:create_environment_scripts_only(scara_path_controller)
[14.743s] INFO:colcon.colcon_core.shell:Creating package script '/home/eia/rbi_2025/scara/scara_ws/install/scara_path_controller/share/scara_path_controller/package.ps1'
[14.746s] INFO:colcon.colcon_core.shell:Creating package descriptor '/home/eia/rbi_2025/scara/scara_ws/install/scara_path_controller/share/scara_path_controller/package.dsv'
[14.747s] INFO:colcon.colcon_core.shell:Creating package script '/home/eia/rbi_2025/scara/scara_ws/install/scara_path_controller/share/scara_path_controller/package.sh'
[14.749s] INFO:colcon.colcon_core.shell:Creating package script '/home/eia/rbi_2025/scara/scara_ws/install/scara_path_controller/share/scara_path_controller/package.bash'
[14.751s] INFO:colcon.colcon_core.shell:Creating package script '/home/eia/rbi_2025/scara/scara_ws/install/scara_path_controller/share/scara_path_controller/package.zsh'
[14.752s] Level 1:colcon.colcon_core.environment:create_file_with_runtime_dependencies(/home/eia/rbi_2025/scara/scara_ws/install/scara_path_controller/share/colcon-core/packages/scara_path_controller)
[14.796s] Level 1:colcon.colcon_core.shell:create_environment_hook('premade_path_publisher', 'pythonpath_develop')
[14.797s] INFO:colcon.colcon_core.shell:Creating environment hook '/home/eia/rbi_2025/scara/scara_ws/build/premade_path_publisher/share/premade_path_publisher/hook/pythonpath_develop.ps1'
[14.800s] DEBUG:colcon.colcon_core.event_handler.log_command:Invoked command in '/home/eia/rbi_2025/scara/scara_ws/build/premade_path_publisher' returned '0': PYTHONPATH=/home/eia/rbi_2025/scara/scara_ws/build/premade_path_publisher/prefix_override:/home/eia/.local/lib/python3.10/site-packages/colcon_core/task/python/colcon_distutils_commands:/home/eia/rbi_2025/scara/scara_ws/install/premade_path_publisher/lib/python3.10/site-packages:${PYTHONPATH} /usr/bin/python3 -W ignore:setup.py install is deprecated -W ignore:easy_install command is deprecated setup.py develop --editable --build-directory /home/eia/rbi_2025/scara/scara_ws/build/premade_path_publisher/build --no-deps symlink_data
[14.805s] INFO:colcon.colcon_core.shell:Creating environment descriptor '/home/eia/rbi_2025/scara/scara_ws/build/premade_path_publisher/share/premade_path_publisher/hook/pythonpath_develop.dsv'
[14.809s] INFO:colcon.colcon_core.shell:Creating environment hook '/home/eia/rbi_2025/scara/scara_ws/build/premade_path_publisher/share/premade_path_publisher/hook/pythonpath_develop.sh'
[14.815s] Level 1:colcon.colcon_core.environment:checking '/home/eia/rbi_2025/scara/scara_ws/install/premade_path_publisher' for CMake module files
[14.817s] Level 1:colcon.colcon_core.environment:checking '/home/eia/rbi_2025/scara/scara_ws/install/premade_path_publisher' for CMake config files
[14.821s] Level 1:colcon.colcon_core.environment:checking '/home/eia/rbi_2025/scara/scara_ws/install/premade_path_publisher/lib'
[14.821s] Level 1:colcon.colcon_core.environment:checking '/home/eia/rbi_2025/scara/scara_ws/install/premade_path_publisher/bin'
[14.822s] Level 1:colcon.colcon_core.environment:checking '/home/eia/rbi_2025/scara/scara_ws/install/premade_path_publisher/lib/pkgconfig/premade_path_publisher.pc'
[14.823s] Level 1:colcon.colcon_core.environment:checking '/home/eia/rbi_2025/scara/scara_ws/install/premade_path_publisher/lib/python3.10/site-packages'
[14.824s] Level 1:colcon.colcon_core.shell:create_environment_hook('premade_path_publisher', 'pythonpath')
[14.825s] INFO:colcon.colcon_core.shell:Creating environment hook '/home/eia/rbi_2025/scara/scara_ws/install/premade_path_publisher/share/premade_path_publisher/hook/pythonpath.ps1'
[14.828s] INFO:colcon.colcon_core.shell:Creating environment descriptor '/home/eia/rbi_2025/scara/scara_ws/install/premade_path_publisher/share/premade_path_publisher/hook/pythonpath.dsv'
[14.830s] INFO:colcon.colcon_core.shell:Creating environment hook '/home/eia/rbi_2025/scara/scara_ws/install/premade_path_publisher/share/premade_path_publisher/hook/pythonpath.sh'
[14.833s] Level 1:colcon.colcon_core.environment:checking '/home/eia/rbi_2025/scara/scara_ws/install/premade_path_publisher/bin'
[14.834s] Level 1:colcon.colcon_core.environment:create_environment_scripts_only(premade_path_publisher)
[14.836s] INFO:colcon.colcon_core.shell:Creating package script '/home/eia/rbi_2025/scara/scara_ws/install/premade_path_publisher/share/premade_path_publisher/package.ps1'
[14.840s] INFO:colcon.colcon_core.shell:Creating package descriptor '/home/eia/rbi_2025/scara/scara_ws/install/premade_path_publisher/share/premade_path_publisher/package.dsv'
[14.843s] INFO:colcon.colcon_core.shell:Creating package script '/home/eia/rbi_2025/scara/scara_ws/install/premade_path_publisher/share/premade_path_publisher/package.sh'
[14.846s] INFO:colcon.colcon_core.shell:Creating package script '/home/eia/rbi_2025/scara/scara_ws/install/premade_path_publisher/share/premade_path_publisher/package.bash'
[14.848s] INFO:colcon.colcon_core.shell:Creating package script '/home/eia/rbi_2025/scara/scara_ws/install/premade_path_publisher/share/premade_path_publisher/package.zsh'
[14.850s] Level 1:colcon.colcon_core.environment:create_file_with_runtime_dependencies(/home/eia/rbi_2025/scara/scara_ws/install/premade_path_publisher/share/colcon-core/packages/premade_path_publisher)
[14.910s] Level 1:colcon.colcon_core.shell:create_environment_hook('scara_general_ik_solver', 'pythonpath_develop')
[14.913s] DEBUG:colcon.colcon_core.event_handler.log_command:Invoked command in '/home/eia/rbi_2025/scara/scara_ws/build/scara_general_ik_solver' returned '0': PYTHONPATH=/home/eia/rbi_2025/scara/scara_ws/build/scara_general_ik_solver/prefix_override:/home/eia/.local/lib/python3.10/site-packages/colcon_core/task/python/colcon_distutils_commands:/home/eia/rbi_2025/scara/scara_ws/install/scara_general_ik_solver/lib/python3.10/site-packages:${PYTHONPATH} /usr/bin/python3 -W ignore:setup.py install is deprecated -W ignore:easy_install command is deprecated setup.py develop --editable --build-directory /home/eia/rbi_2025/scara/scara_ws/build/scara_general_ik_solver/build --no-deps symlink_data
[14.914s] INFO:colcon.colcon_core.shell:Creating environment hook '/home/eia/rbi_2025/scara/scara_ws/build/scara_general_ik_solver/share/scara_general_ik_solver/hook/pythonpath_develop.ps1'
[14.916s] INFO:colcon.colcon_core.shell:Creating environment descriptor '/home/eia/rbi_2025/scara/scara_ws/build/scara_general_ik_solver/share/scara_general_ik_solver/hook/pythonpath_develop.dsv'
[14.917s] INFO:colcon.colcon_core.shell:Creating environment hook '/home/eia/rbi_2025/scara/scara_ws/build/scara_general_ik_solver/share/scara_general_ik_solver/hook/pythonpath_develop.sh'
[14.920s] Level 1:colcon.colcon_core.environment:checking '/home/eia/rbi_2025/scara/scara_ws/install/scara_general_ik_solver' for CMake module files
[14.922s] Level 1:colcon.colcon_core.environment:checking '/home/eia/rbi_2025/scara/scara_ws/install/scara_general_ik_solver' for CMake config files
[14.924s] Level 1:colcon.colcon_core.environment:checking '/home/eia/rbi_2025/scara/scara_ws/install/scara_general_ik_solver/lib'
[14.924s] Level 1:colcon.colcon_core.environment:checking '/home/eia/rbi_2025/scara/scara_ws/install/scara_general_ik_solver/bin'
[14.924s] Level 1:colcon.colcon_core.environment:checking '/home/eia/rbi_2025/scara/scara_ws/install/scara_general_ik_solver/lib/pkgconfig/scara_general_ik_solver.pc'
[14.925s] Level 1:colcon.colcon_core.environment:checking '/home/eia/rbi_2025/scara/scara_ws/install/scara_general_ik_solver/lib/python3.10/site-packages'
[14.926s] Level 1:colcon.colcon_core.shell:create_environment_hook('scara_general_ik_solver', 'pythonpath')
[14.927s] INFO:colcon.colcon_core.shell:Creating environment hook '/home/eia/rbi_2025/scara/scara_ws/install/scara_general_ik_solver/share/scara_general_ik_solver/hook/pythonpath.ps1'
[14.928s] INFO:colcon.colcon_core.shell:Creating environment descriptor '/home/eia/rbi_2025/scara/scara_ws/install/scara_general_ik_solver/share/scara_general_ik_solver/hook/pythonpath.dsv'
[14.930s] INFO:colcon.colcon_core.shell:Creating environment hook '/home/eia/rbi_2025/scara/scara_ws/install/scara_general_ik_solver/share/scara_general_ik_solver/hook/pythonpath.sh'
[14.932s] Level 1:colcon.colcon_core.environment:checking '/home/eia/rbi_2025/scara/scara_ws/install/scara_general_ik_solver/bin'
[14.932s] Level 1:colcon.colcon_core.environment:create_environment_scripts_only(scara_general_ik_solver)
[14.934s] INFO:colcon.colcon_core.shell:Creating package script '/home/eia/rbi_2025/scara/scara_ws/install/scara_general_ik_solver/share/scara_general_ik_solver/package.ps1'
[14.936s] INFO:colcon.colcon_core.shell:Creating package descriptor '/home/eia/rbi_2025/scara/scara_ws/install/scara_general_ik_solver/share/scara_general_ik_solver/package.dsv'
[14.938s] INFO:colcon.colcon_core.shell:Creating package script '/home/eia/rbi_2025/scara/scara_ws/install/scara_general_ik_solver/share/scara_general_ik_solver/package.sh'
[14.940s] INFO:colcon.colcon_core.shell:Creating package script '/home/eia/rbi_2025/scara/scara_ws/install/scara_general_ik_solver/share/scara_general_ik_solver/package.bash'
[14.941s] INFO:colcon.colcon_core.shell:Creating package script '/home/eia/rbi_2025/scara/scara_ws/install/scara_general_ik_solver/share/scara_general_ik_solver/package.zsh'
[14.943s] Level 1:colcon.colcon_core.environment:create_file_with_runtime_dependencies(/home/eia/rbi_2025/scara/scara_ws/install/scara_general_ik_solver/share/colcon-core/packages/scara_general_ik_solver)
[14.946s] Level 1:colcon.colcon_core.shell:create_environment_hook('scara_mujoco_python_sim', 'pythonpath_develop')
[14.948s] INFO:colcon.colcon_core.shell:Creating environment hook '/home/eia/rbi_2025/scara/scara_ws/build/scara_mujoco_python_sim/share/scara_mujoco_python_sim/hook/pythonpath_develop.ps1'
[14.951s] DEBUG:colcon.colcon_core.event_handler.log_command:Invoked command in '/home/eia/rbi_2025/scara/scara_ws/build/scara_mujoco_python_sim' returned '0': PYTHONPATH=/home/eia/rbi_2025/scara/scara_ws/build/scara_mujoco_python_sim/prefix_override:/home/eia/.local/lib/python3.10/site-packages/colcon_core/task/python/colcon_distutils_commands:/home/eia/rbi_2025/scara/scara_ws/install/scara_mujoco_python_sim/lib/python3.10/site-packages:${PYTHONPATH} /usr/bin/python3 -W ignore:setup.py install is deprecated -W ignore:easy_install command is deprecated setup.py develop --editable --build-directory /home/eia/rbi_2025/scara/scara_ws/build/scara_mujoco_python_sim/build --no-deps symlink_data
[14.952s] INFO:colcon.colcon_core.shell:Creating environment descriptor '/home/eia/rbi_2025/scara/scara_ws/build/scara_mujoco_python_sim/share/scara_mujoco_python_sim/hook/pythonpath_develop.dsv'
[14.953s] INFO:colcon.colcon_core.shell:Creating environment hook '/home/eia/rbi_2025/scara/scara_ws/build/scara_mujoco_python_sim/share/scara_mujoco_python_sim/hook/pythonpath_develop.sh'
[14.955s] Level 1:colcon.colcon_core.environment:checking '/home/eia/rbi_2025/scara/scara_ws/install/scara_mujoco_python_sim' for CMake module files
[14.958s] Level 1:colcon.colcon_core.environment:checking '/home/eia/rbi_2025/scara/scara_ws/install/scara_mujoco_python_sim' for CMake config files
[14.960s] Level 1:colcon.colcon_core.environment:checking '/home/eia/rbi_2025/scara/scara_ws/install/scara_mujoco_python_sim/lib'
[14.960s] Level 1:colcon.colcon_core.environment:checking '/home/eia/rbi_2025/scara/scara_ws/install/scara_mujoco_python_sim/bin'
[14.961s] Level 1:colcon.colcon_core.environment:checking '/home/eia/rbi_2025/scara/scara_ws/install/scara_mujoco_python_sim/lib/pkgconfig/scara_mujoco_python_sim.pc'
[14.961s] Level 1:colcon.colcon_core.environment:checking '/home/eia/rbi_2025/scara/scara_ws/install/scara_mujoco_python_sim/lib/python3.10/site-packages'
[14.962s] Level 1:colcon.colcon_core.shell:create_environment_hook('scara_mujoco_python_sim', 'pythonpath')
[14.963s] INFO:colcon.colcon_core.shell:Creating environment hook '/home/eia/rbi_2025/scara/scara_ws/install/scara_mujoco_python_sim/share/scara_mujoco_python_sim/hook/pythonpath.ps1'
[14.964s] INFO:colcon.colcon_core.shell:Creating environment descriptor '/home/eia/rbi_2025/scara/scara_ws/install/scara_mujoco_python_sim/share/scara_mujoco_python_sim/hook/pythonpath.dsv'
[14.965s] INFO:colcon.colcon_core.shell:Creating environment hook '/home/eia/rbi_2025/scara/scara_ws/install/scara_mujoco_python_sim/share/scara_mujoco_python_sim/hook/pythonpath.sh'
[14.968s] Level 1:colcon.colcon_core.environment:checking '/home/eia/rbi_2025/scara/scara_ws/install/scara_mujoco_python_sim/bin'
[14.968s] Level 1:colcon.colcon_core.environment:create_environment_scripts_only(scara_mujoco_python_sim)
[14.969s] INFO:colcon.colcon_core.shell:Creating package script '/home/eia/rbi_2025/scara/scara_ws/install/scara_mujoco_python_sim/share/scara_mujoco_python_sim/package.ps1'
[14.971s] INFO:colcon.colcon_core.shell:Creating package descriptor '/home/eia/rbi_2025/scara/scara_ws/install/scara_mujoco_python_sim/share/scara_mujoco_python_sim/package.dsv'
[14.973s] INFO:colcon.colcon_core.shell:Creating package script '/home/eia/rbi_2025/scara/scara_ws/install/scara_mujoco_python_sim/share/scara_mujoco_python_sim/package.sh'
[14.975s] INFO:colcon.colcon_core.shell:Creating package script '/home/eia/rbi_2025/scara/scara_ws/install/scara_mujoco_python_sim/share/scara_mujoco_python_sim/package.bash'
[14.977s] INFO:colcon.colcon_core.shell:Creating package script '/home/eia/rbi_2025/scara/scara_ws/install/scara_mujoco_python_sim/share/scara_mujoco_python_sim/package.zsh'
[14.978s] Level 1:colcon.colcon_core.environment:create_file_with_runtime_dependencies(/home/eia/rbi_2025/scara/scara_ws/install/scara_mujoco_python_sim/share/colcon-core/packages/scara_mujoco_python_sim)
[14.983s] Level 1:colcon.colcon_core.shell:create_environment_hook('scara_path_generator', 'pythonpath_develop')
[14.984s] INFO:colcon.colcon_core.shell:Creating environment hook '/home/eia/rbi_2025/scara/scara_ws/build/scara_path_generator/share/scara_path_generator/hook/pythonpath_develop.ps1'
[14.988s] DEBUG:colcon.colcon_core.event_handler.log_command:Invoked command in '/home/eia/rbi_2025/scara/scara_ws/build/scara_path_generator' returned '0': PYTHONPATH=/home/eia/rbi_2025/scara/scara_ws/build/scara_path_generator/prefix_override:/home/eia/.local/lib/python3.10/site-packages/colcon_core/task/python/colcon_distutils_commands:/home/eia/rbi_2025/scara/scara_ws/install/scara_path_generator/lib/python3.10/site-packages:${PYTHONPATH} /usr/bin/python3 -W ignore:setup.py install is deprecated -W ignore:easy_install command is deprecated setup.py develop --editable --build-directory /home/eia/rbi_2025/scara/scara_ws/build/scara_path_generator/build --no-deps symlink_data
[14.989s] INFO:colcon.colcon_core.shell:Creating environment descriptor '/home/eia/rbi_2025/scara/scara_ws/build/scara_path_generator/share/scara_path_generator/hook/pythonpath_develop.dsv'
[14.990s] INFO:colcon.colcon_core.shell:Creating environment hook '/home/eia/rbi_2025/scara/scara_ws/build/scara_path_generator/share/scara_path_generator/hook/pythonpath_develop.sh'
[14.993s] Level 1:colcon.colcon_core.environment:checking '/home/eia/rbi_2025/scara/scara_ws/install/scara_path_generator' for CMake module files
[14.995s] Level 1:colcon.colcon_core.environment:checking '/home/eia/rbi_2025/scara/scara_ws/install/scara_path_generator' for CMake config files
[14.997s] Level 1:colcon.colcon_core.environment:checking '/home/eia/rbi_2025/scara/scara_ws/install/scara_path_generator/lib'
[14.997s] Level 1:colcon.colcon_core.environment:checking '/home/eia/rbi_2025/scara/scara_ws/install/scara_path_generator/bin'
[14.998s] Level 1:colcon.colcon_core.environment:checking '/home/eia/rbi_2025/scara/scara_ws/install/scara_path_generator/lib/pkgconfig/scara_path_generator.pc'
[14.999s] Level 1:colcon.colcon_core.environment:checking '/home/eia/rbi_2025/scara/scara_ws/install/scara_path_generator/lib/python3.10/site-packages'
[14.999s] Level 1:colcon.colcon_core.shell:create_environment_hook('scara_path_generator', 'pythonpath')
[15.000s] INFO:colcon.colcon_core.shell:Creating environment hook '/home/eia/rbi_2025/scara/scara_ws/install/scara_path_generator/share/scara_path_generator/hook/pythonpath.ps1'
[15.002s] INFO:colcon.colcon_core.shell:Creating environment descriptor '/home/eia/rbi_2025/scara/scara_ws/install/scara_path_generator/share/scara_path_generator/hook/pythonpath.dsv'
[15.004s] INFO:colcon.colcon_core.shell:Creating environment hook '/home/eia/rbi_2025/scara/scara_ws/install/scara_path_generator/share/scara_path_generator/hook/pythonpath.sh'
[15.006s] Level 1:colcon.colcon_core.environment:checking '/home/eia/rbi_2025/scara/scara_ws/install/scara_path_generator/bin'
[15.007s] Level 1:colcon.colcon_core.environment:create_environment_scripts_only(scara_path_generator)
[15.009s] INFO:colcon.colcon_core.shell:Creating package script '/home/eia/rbi_2025/scara/scara_ws/install/scara_path_generator/share/scara_path_generator/package.ps1'
[15.011s] INFO:colcon.colcon_core.shell:Creating package descriptor '/home/eia/rbi_2025/scara/scara_ws/install/scara_path_generator/share/scara_path_generator/package.dsv'
[15.013s] INFO:colcon.colcon_core.shell:Creating package script '/home/eia/rbi_2025/scara/scara_ws/install/scara_path_generator/share/scara_path_generator/package.sh'
[15.015s] INFO:colcon.colcon_core.shell:Creating package script '/home/eia/rbi_2025/scara/scara_ws/install/scara_path_generator/share/scara_path_generator/package.bash'
[15.017s] INFO:colcon.colcon_core.shell:Creating package script '/home/eia/rbi_2025/scara/scara_ws/install/scara_path_generator/share/scara_path_generator/package.zsh'
[15.019s] Level 1:colcon.colcon_core.environment:create_file_with_runtime_dependencies(/home/eia/rbi_2025/scara/scara_ws/install/scara_path_generator/share/colcon-core/packages/scara_path_generator)
[16.984s] Level 1:colcon.colcon_core.shell:create_environment_hook('scara_tf_generator', 'pythonpath_develop')
[16.985s] INFO:colcon.colcon_core.shell:Creating environment hook '/home/eia/rbi_2025/scara/scara_ws/build/scara_tf_generator/share/scara_tf_generator/hook/pythonpath_develop.ps1'
[16.986s] DEBUG:colcon.colcon_core.event_handler.log_command:Invoked command in '/home/eia/rbi_2025/scara/scara_ws/build/scara_tf_generator' returned '0': PYTHONPATH=/home/eia/rbi_2025/scara/scara_ws/build/scara_tf_generator/prefix_override:/home/eia/.local/lib/python3.10/site-packages/colcon_core/task/python/colcon_distutils_commands:/home/eia/rbi_2025/scara/scara_ws/install/scara_tf_generator/lib/python3.10/site-packages:${PYTHONPATH} /usr/bin/python3 -W ignore:setup.py install is deprecated -W ignore:easy_install command is deprecated setup.py develop --editable --build-directory /home/eia/rbi_2025/scara/scara_ws/build/scara_tf_generator/build --no-deps symlink_data
[16.988s] INFO:colcon.colcon_core.shell:Creating environment descriptor '/home/eia/rbi_2025/scara/scara_ws/build/scara_tf_generator/share/scara_tf_generator/hook/pythonpath_develop.dsv'
[16.989s] INFO:colcon.colcon_core.shell:Creating environment hook '/home/eia/rbi_2025/scara/scara_ws/build/scara_tf_generator/share/scara_tf_generator/hook/pythonpath_develop.sh'
[16.992s] Level 1:colcon.colcon_core.environment:checking '/home/eia/rbi_2025/scara/scara_ws/install/scara_tf_generator' for CMake module files
[16.993s] Level 1:colcon.colcon_core.environment:checking '/home/eia/rbi_2025/scara/scara_ws/install/scara_tf_generator' for CMake config files
[16.995s] Level 1:colcon.colcon_core.environment:checking '/home/eia/rbi_2025/scara/scara_ws/install/scara_tf_generator/lib'
[16.995s] Level 1:colcon.colcon_core.environment:checking '/home/eia/rbi_2025/scara/scara_ws/install/scara_tf_generator/bin'
[16.996s] Level 1:colcon.colcon_core.environment:checking '/home/eia/rbi_2025/scara/scara_ws/install/scara_tf_generator/lib/pkgconfig/scara_tf_generator.pc'
[16.997s] Level 1:colcon.colcon_core.environment:checking '/home/eia/rbi_2025/scara/scara_ws/install/scara_tf_generator/lib/python3.10/site-packages'
[16.997s] Level 1:colcon.colcon_core.shell:create_environment_hook('scara_tf_generator', 'pythonpath')
[16.998s] INFO:colcon.colcon_core.shell:Creating environment hook '/home/eia/rbi_2025/scara/scara_ws/install/scara_tf_generator/share/scara_tf_generator/hook/pythonpath.ps1'
[16.999s] INFO:colcon.colcon_core.shell:Creating environment descriptor '/home/eia/rbi_2025/scara/scara_ws/install/scara_tf_generator/share/scara_tf_generator/hook/pythonpath.dsv'
[17.001s] INFO:colcon.colcon_core.shell:Creating environment hook '/home/eia/rbi_2025/scara/scara_ws/install/scara_tf_generator/share/scara_tf_generator/hook/pythonpath.sh'
[17.003s] Level 1:colcon.colcon_core.environment:checking '/home/eia/rbi_2025/scara/scara_ws/install/scara_tf_generator/bin'
[17.003s] Level 1:colcon.colcon_core.environment:create_environment_scripts_only(scara_tf_generator)
[17.004s] INFO:colcon.colcon_core.shell:Creating package script '/home/eia/rbi_2025/scara/scara_ws/install/scara_tf_generator/share/scara_tf_generator/package.ps1'
[17.007s] INFO:colcon.colcon_core.shell:Creating package descriptor '/home/eia/rbi_2025/scara/scara_ws/install/scara_tf_generator/share/scara_tf_generator/package.dsv'
[17.008s] INFO:colcon.colcon_core.shell:Creating package script '/home/eia/rbi_2025/scara/scara_ws/install/scara_tf_generator/share/scara_tf_generator/package.sh'
[17.010s] INFO:colcon.colcon_core.shell:Creating package script '/home/eia/rbi_2025/scara/scara_ws/install/scara_tf_generator/share/scara_tf_generator/package.bash'
[17.012s] INFO:colcon.colcon_core.shell:Creating package script '/home/eia/rbi_2025/scara/scara_ws/install/scara_tf_generator/share/scara_tf_generator/package.zsh'
[17.013s] Level 1:colcon.colcon_core.environment:create_file_with_runtime_dependencies(/home/eia/rbi_2025/scara/scara_ws/install/scara_tf_generator/share/colcon-core/packages/scara_tf_generator)
[17.014s] DEBUG:colcon.colcon_parallel_executor.executor.parallel:closing loop
[17.015s] DEBUG:colcon.colcon_parallel_executor.executor.parallel:loop closed
[17.015s] DEBUG:colcon.colcon_parallel_executor.executor.parallel:run_until_complete finished with '0'
[17.015s] DEBUG:colcon.colcon_core.event_reactor:joining thread
[17.037s] INFO:colcon.colcon_core.plugin_system:Skipping extension 'colcon_notification.desktop_notification.terminal_notifier': Not used on non-Darwin systems
[17.038s] INFO:colcon.colcon_core.plugin_system:Skipping extension 'colcon_notification.desktop_notification.win32': Not used on non-Windows systems
[17.038s] INFO:colcon.colcon_notification.desktop_notification:Sending desktop notification using 'notify2'
[17.077s] DEBUG:colcon.colcon_core.event_reactor:joined thread
[17.078s] INFO:colcon.colcon_core.shell:Creating prefix script '/home/eia/rbi_2025/scara/scara_ws/install/local_setup.ps1'
[17.081s] INFO:colcon.colcon_core.shell:Creating prefix util module '/home/eia/rbi_2025/scara/scara_ws/install/_local_setup_util_ps1.py'
[17.087s] INFO:colcon.colcon_core.shell:Creating prefix chain script '/home/eia/rbi_2025/scara/scara_ws/install/setup.ps1'
[17.093s] INFO:colcon.colcon_core.shell:Creating prefix script '/home/eia/rbi_2025/scara/scara_ws/install/local_setup.sh'
[17.095s] INFO:colcon.colcon_core.shell:Creating prefix util module '/home/eia/rbi_2025/scara/scara_ws/install/_local_setup_util_sh.py'
[17.098s] INFO:colcon.colcon_core.shell:Creating prefix chain script '/home/eia/rbi_2025/scara/scara_ws/install/setup.sh'
[17.103s] INFO:colcon.colcon_core.shell:Creating prefix script '/home/eia/rbi_2025/scara/scara_ws/install/local_setup.bash'
[17.105s] INFO:colcon.colcon_core.shell:Creating prefix chain script '/home/eia/rbi_2025/scara/scara_ws/install/setup.bash'
[17.111s] INFO:colcon.colcon_core.shell:Creating prefix script '/home/eia/rbi_2025/scara/scara_ws/install/local_setup.zsh'
[17.113s] INFO:colcon.colcon_core.shell:Creating prefix chain script '/home/eia/rbi_2025/scara/scara_ws/install/setup.zsh'
