[0.164s] DEBUG:colcon:Command line arguments: ['/home/eia/.local/bin/colcon', 'build', '--symlink-install']
[0.164s] DEBUG:colcon:Parsed command line arguments: Namespace(log_base=None, log_level=None, verb_name='build', build_base='build', install_base='install', merge_install=False, symlink_install=True, test_result_base=None, continue_on_error=False, executor='parallel', parallel_workers=12, event_handlers=None, ignore_user_meta=False, metas=['./colcon.meta'], base_paths=['.'], packages_ignore=None, packages_ignore_regex=None, paths=None, packages_up_to=None, packages_up_to_regex=None, packages_above=None, packages_above_and_dependencies=None, packages_above_depth=None, packages_select_by_dep=None, packages_skip_by_dep=None, packages_skip_up_to=None, packages_select_build_failed=False, packages_skip_build_finished=False, packages_select_test_failures=False, packages_skip_test_passed=False, packages_select=None, packages_skip=None, packages_select_regex=None, packages_skip_regex=None, packages_start=None, packages_end=None, allow_overriding=[], cmake_args=None, cmake_target=None, cmake_target_skip_unavailable=False, cmake_clean_cache=False, cmake_clean_first=False, cmake_force_configure=False, ament_cmake_args=None, catkin_cmake_args=None, catkin_skip_building_tests=False, mixin_files=None, mixin=None, verb_parser=<colcon_mixin.mixin.mixin_argument.MixinArgumentDecorator object at 0x73003a184820>, verb_extension=<colcon_core.verb.build.BuildVerb object at 0x73003a2f4e50>, main=<bound method BuildVerb.main of <colcon_core.verb.build.BuildVerb object at 0x73003a2f4e50>>, mixin_verb=('build',))
[0.369s] Level 1:colcon.colcon_core.package_discovery:discover_packages(colcon_meta) check parameters
[0.370s] Level 1:colcon.colcon_core.package_discovery:discover_packages(recursive) check parameters
[0.370s] Level 1:colcon.colcon_core.package_discovery:discover_packages(ignore) check parameters
[0.370s] Level 1:colcon.colcon_core.package_discovery:discover_packages(path) check parameters
[0.370s] Level 1:colcon.colcon_core.package_discovery:discover_packages(colcon_meta) discover
[0.370s] Level 1:colcon.colcon_core.package_discovery:discover_packages(recursive) discover
[0.370s] INFO:colcon.colcon_core.package_discovery:Crawling recursively for packages in '/home/eia/repo/rbi_2025_2/rov/rov_ws'
[0.370s] Level 1:colcon.colcon_core.package_identification:_identify(.) by extensions ['ignore', 'ignore_ament_install']
[0.370s] Level 1:colcon.colcon_core.package_identification:_identify(.) by extension 'ignore'
[0.370s] Level 1:colcon.colcon_core.package_identification:_identify(.) by extension 'ignore_ament_install'
[0.370s] Level 1:colcon.colcon_core.package_identification:_identify(.) by extensions ['colcon_pkg']
[0.370s] Level 1:colcon.colcon_core.package_identification:_identify(.) by extension 'colcon_pkg'
[0.370s] Level 1:colcon.colcon_core.package_identification:_identify(.) by extensions ['colcon_meta']
[0.370s] Level 1:colcon.colcon_core.package_identification:_identify(.) by extension 'colcon_meta'
[0.370s] Level 1:colcon.colcon_core.package_identification:_identify(.) by extensions ['ros']
[0.370s] Level 1:colcon.colcon_core.package_identification:_identify(.) by extension 'ros'
[0.394s] Level 1:colcon.colcon_core.package_identification:_identify(.) by extensions ['cmake', 'python']
[0.394s] Level 1:colcon.colcon_core.package_identification:_identify(.) by extension 'cmake'
[0.394s] Level 1:colcon.colcon_core.package_identification:_identify(.) by extension 'python'
[0.394s] Level 1:colcon.colcon_core.package_identification:_identify(.) by extensions ['python_setup_py']
[0.394s] Level 1:colcon.colcon_core.package_identification:_identify(.) by extension 'python_setup_py'
[0.395s] Level 1:colcon.colcon_core.package_identification:_identify(build) by extensions ['ignore', 'ignore_ament_install']
[0.395s] Level 1:colcon.colcon_core.package_identification:_identify(build) by extension 'ignore'
[0.395s] Level 1:colcon.colcon_core.package_identification:_identify(build) ignored
[0.395s] Level 1:colcon.colcon_core.package_identification:_identify(install) by extensions ['ignore', 'ignore_ament_install']
[0.395s] Level 1:colcon.colcon_core.package_identification:_identify(install) by extension 'ignore'
[0.395s] Level 1:colcon.colcon_core.package_identification:_identify(install) ignored
[0.395s] Level 1:colcon.colcon_core.package_identification:_identify(log) by extensions ['ignore', 'ignore_ament_install']
[0.395s] Level 1:colcon.colcon_core.package_identification:_identify(log) by extension 'ignore'
[0.395s] Level 1:colcon.colcon_core.package_identification:_identify(log) ignored
[0.395s] Level 1:colcon.colcon_core.package_identification:_identify(mujoco) by extensions ['ignore', 'ignore_ament_install']
[0.396s] Level 1:colcon.colcon_core.package_identification:_identify(mujoco) by extension 'ignore'
[0.396s] Level 1:colcon.colcon_core.package_identification:_identify(mujoco) by extension 'ignore_ament_install'
[0.396s] Level 1:colcon.colcon_core.package_identification:_identify(mujoco) by extensions ['colcon_pkg']
[0.396s] Level 1:colcon.colcon_core.package_identification:_identify(mujoco) by extension 'colcon_pkg'
[0.396s] Level 1:colcon.colcon_core.package_identification:_identify(mujoco) by extensions ['colcon_meta']
[0.396s] Level 1:colcon.colcon_core.package_identification:_identify(mujoco) by extension 'colcon_meta'
[0.396s] Level 1:colcon.colcon_core.package_identification:_identify(mujoco) by extensions ['ros']
[0.396s] Level 1:colcon.colcon_core.package_identification:_identify(mujoco) by extension 'ros'
[0.396s] Level 1:colcon.colcon_core.package_identification:_identify(mujoco) by extensions ['cmake', 'python']
[0.396s] Level 1:colcon.colcon_core.package_identification:_identify(mujoco) by extension 'cmake'
[0.396s] Level 1:colcon.colcon_core.package_identification:_identify(mujoco) by extension 'python'
[0.396s] Level 1:colcon.colcon_core.package_identification:_identify(mujoco) by extensions ['python_setup_py']
[0.396s] Level 1:colcon.colcon_core.package_identification:_identify(mujoco) by extension 'python_setup_py'
[0.396s] Level 1:colcon.colcon_core.package_identification:_identify(mujoco/bin) by extensions ['ignore', 'ignore_ament_install']
[0.396s] Level 1:colcon.colcon_core.package_identification:_identify(mujoco/bin) by extension 'ignore'
[0.397s] Level 1:colcon.colcon_core.package_identification:_identify(mujoco/bin) by extension 'ignore_ament_install'
[0.397s] Level 1:colcon.colcon_core.package_identification:_identify(mujoco/bin) by extensions ['colcon_pkg']
[0.397s] Level 1:colcon.colcon_core.package_identification:_identify(mujoco/bin) by extension 'colcon_pkg'
[0.397s] Level 1:colcon.colcon_core.package_identification:_identify(mujoco/bin) by extensions ['colcon_meta']
[0.397s] Level 1:colcon.colcon_core.package_identification:_identify(mujoco/bin) by extension 'colcon_meta'
[0.397s] Level 1:colcon.colcon_core.package_identification:_identify(mujoco/bin) by extensions ['ros']
[0.397s] Level 1:colcon.colcon_core.package_identification:_identify(mujoco/bin) by extension 'ros'
[0.397s] Level 1:colcon.colcon_core.package_identification:_identify(mujoco/bin) by extensions ['cmake', 'python']
[0.397s] Level 1:colcon.colcon_core.package_identification:_identify(mujoco/bin) by extension 'cmake'
[0.397s] Level 1:colcon.colcon_core.package_identification:_identify(mujoco/bin) by extension 'python'
[0.397s] Level 1:colcon.colcon_core.package_identification:_identify(mujoco/bin) by extensions ['python_setup_py']
[0.397s] Level 1:colcon.colcon_core.package_identification:_identify(mujoco/bin) by extension 'python_setup_py'
[0.397s] Level 1:colcon.colcon_core.package_identification:_identify(mujoco/bin/mujoco_plugin) by extensions ['ignore', 'ignore_ament_install']
[0.398s] Level 1:colcon.colcon_core.package_identification:_identify(mujoco/bin/mujoco_plugin) by extension 'ignore'
[0.398s] Level 1:colcon.colcon_core.package_identification:_identify(mujoco/bin/mujoco_plugin) by extension 'ignore_ament_install'
[0.398s] Level 1:colcon.colcon_core.package_identification:_identify(mujoco/bin/mujoco_plugin) by extensions ['colcon_pkg']
[0.398s] Level 1:colcon.colcon_core.package_identification:_identify(mujoco/bin/mujoco_plugin) by extension 'colcon_pkg'
[0.398s] Level 1:colcon.colcon_core.package_identification:_identify(mujoco/bin/mujoco_plugin) by extensions ['colcon_meta']
[0.398s] Level 1:colcon.colcon_core.package_identification:_identify(mujoco/bin/mujoco_plugin) by extension 'colcon_meta'
[0.398s] Level 1:colcon.colcon_core.package_identification:_identify(mujoco/bin/mujoco_plugin) by extensions ['ros']
[0.398s] Level 1:colcon.colcon_core.package_identification:_identify(mujoco/bin/mujoco_plugin) by extension 'ros'
[0.398s] Level 1:colcon.colcon_core.package_identification:_identify(mujoco/bin/mujoco_plugin) by extensions ['cmake', 'python']
[0.398s] Level 1:colcon.colcon_core.package_identification:_identify(mujoco/bin/mujoco_plugin) by extension 'cmake'
[0.398s] Level 1:colcon.colcon_core.package_identification:_identify(mujoco/bin/mujoco_plugin) by extension 'python'
[0.398s] Level 1:colcon.colcon_core.package_identification:_identify(mujoco/bin/mujoco_plugin) by extensions ['python_setup_py']
[0.398s] Level 1:colcon.colcon_core.package_identification:_identify(mujoco/bin/mujoco_plugin) by extension 'python_setup_py'
[0.399s] Level 1:colcon.colcon_core.package_identification:_identify(mujoco/include) by extensions ['ignore', 'ignore_ament_install']
[0.399s] Level 1:colcon.colcon_core.package_identification:_identify(mujoco/include) by extension 'ignore'
[0.399s] Level 1:colcon.colcon_core.package_identification:_identify(mujoco/include) by extension 'ignore_ament_install'
[0.399s] Level 1:colcon.colcon_core.package_identification:_identify(mujoco/include) by extensions ['colcon_pkg']
[0.399s] Level 1:colcon.colcon_core.package_identification:_identify(mujoco/include) by extension 'colcon_pkg'
[0.399s] Level 1:colcon.colcon_core.package_identification:_identify(mujoco/include) by extensions ['colcon_meta']
[0.399s] Level 1:colcon.colcon_core.package_identification:_identify(mujoco/include) by extension 'colcon_meta'
[0.399s] Level 1:colcon.colcon_core.package_identification:_identify(mujoco/include) by extensions ['ros']
[0.399s] Level 1:colcon.colcon_core.package_identification:_identify(mujoco/include) by extension 'ros'
[0.399s] Level 1:colcon.colcon_core.package_identification:_identify(mujoco/include) by extensions ['cmake', 'python']
[0.399s] Level 1:colcon.colcon_core.package_identification:_identify(mujoco/include) by extension 'cmake'
[0.399s] Level 1:colcon.colcon_core.package_identification:_identify(mujoco/include) by extension 'python'
[0.399s] Level 1:colcon.colcon_core.package_identification:_identify(mujoco/include) by extensions ['python_setup_py']
[0.399s] Level 1:colcon.colcon_core.package_identification:_identify(mujoco/include) by extension 'python_setup_py'
[0.400s] Level 1:colcon.colcon_core.package_identification:_identify(mujoco/include/mujoco) by extensions ['ignore', 'ignore_ament_install']
[0.400s] Level 1:colcon.colcon_core.package_identification:_identify(mujoco/include/mujoco) by extension 'ignore'
[0.400s] Level 1:colcon.colcon_core.package_identification:_identify(mujoco/include/mujoco) by extension 'ignore_ament_install'
[0.400s] Level 1:colcon.colcon_core.package_identification:_identify(mujoco/include/mujoco) by extensions ['colcon_pkg']
[0.400s] Level 1:colcon.colcon_core.package_identification:_identify(mujoco/include/mujoco) by extension 'colcon_pkg'
[0.400s] Level 1:colcon.colcon_core.package_identification:_identify(mujoco/include/mujoco) by extensions ['colcon_meta']
[0.400s] Level 1:colcon.colcon_core.package_identification:_identify(mujoco/include/mujoco) by extension 'colcon_meta'
[0.400s] Level 1:colcon.colcon_core.package_identification:_identify(mujoco/include/mujoco) by extensions ['ros']
[0.400s] Level 1:colcon.colcon_core.package_identification:_identify(mujoco/include/mujoco) by extension 'ros'
[0.400s] Level 1:colcon.colcon_core.package_identification:_identify(mujoco/include/mujoco) by extensions ['cmake', 'python']
[0.400s] Level 1:colcon.colcon_core.package_identification:_identify(mujoco/include/mujoco) by extension 'cmake'
[0.401s] Level 1:colcon.colcon_core.package_identification:_identify(mujoco/include/mujoco) by extension 'python'
[0.401s] Level 1:colcon.colcon_core.package_identification:_identify(mujoco/include/mujoco) by extensions ['python_setup_py']
[0.401s] Level 1:colcon.colcon_core.package_identification:_identify(mujoco/include/mujoco) by extension 'python_setup_py'
[0.401s] Level 1:colcon.colcon_core.package_identification:_identify(mujoco/include/mujoco/experimental) by extensions ['ignore', 'ignore_ament_install']
[0.401s] Level 1:colcon.colcon_core.package_identification:_identify(mujoco/include/mujoco/experimental) by extension 'ignore'
[0.401s] Level 1:colcon.colcon_core.package_identification:_identify(mujoco/include/mujoco/experimental) by extension 'ignore_ament_install'
[0.401s] Level 1:colcon.colcon_core.package_identification:_identify(mujoco/include/mujoco/experimental) by extensions ['colcon_pkg']
[0.401s] Level 1:colcon.colcon_core.package_identification:_identify(mujoco/include/mujoco/experimental) by extension 'colcon_pkg'
[0.401s] Level 1:colcon.colcon_core.package_identification:_identify(mujoco/include/mujoco/experimental) by extensions ['colcon_meta']
[0.401s] Level 1:colcon.colcon_core.package_identification:_identify(mujoco/include/mujoco/experimental) by extension 'colcon_meta'
[0.401s] Level 1:colcon.colcon_core.package_identification:_identify(mujoco/include/mujoco/experimental) by extensions ['ros']
[0.401s] Level 1:colcon.colcon_core.package_identification:_identify(mujoco/include/mujoco/experimental) by extension 'ros'
[0.401s] Level 1:colcon.colcon_core.package_identification:_identify(mujoco/include/mujoco/experimental) by extensions ['cmake', 'python']
[0.401s] Level 1:colcon.colcon_core.package_identification:_identify(mujoco/include/mujoco/experimental) by extension 'cmake'
[0.401s] Level 1:colcon.colcon_core.package_identification:_identify(mujoco/include/mujoco/experimental) by extension 'python'
[0.401s] Level 1:colcon.colcon_core.package_identification:_identify(mujoco/include/mujoco/experimental) by extensions ['python_setup_py']
[0.401s] Level 1:colcon.colcon_core.package_identification:_identify(mujoco/include/mujoco/experimental) by extension 'python_setup_py'
[0.402s] Level 1:colcon.colcon_core.package_identification:_identify(mujoco/include/mujoco/experimental/usd) by extensions ['ignore', 'ignore_ament_install']
[0.402s] Level 1:colcon.colcon_core.package_identification:_identify(mujoco/include/mujoco/experimental/usd) by extension 'ignore'
[0.402s] Level 1:colcon.colcon_core.package_identification:_identify(mujoco/include/mujoco/experimental/usd) by extension 'ignore_ament_install'
[0.402s] Level 1:colcon.colcon_core.package_identification:_identify(mujoco/include/mujoco/experimental/usd) by extensions ['colcon_pkg']
[0.402s] Level 1:colcon.colcon_core.package_identification:_identify(mujoco/include/mujoco/experimental/usd) by extension 'colcon_pkg'
[0.402s] Level 1:colcon.colcon_core.package_identification:_identify(mujoco/include/mujoco/experimental/usd) by extensions ['colcon_meta']
[0.402s] Level 1:colcon.colcon_core.package_identification:_identify(mujoco/include/mujoco/experimental/usd) by extension 'colcon_meta'
[0.402s] Level 1:colcon.colcon_core.package_identification:_identify(mujoco/include/mujoco/experimental/usd) by extensions ['ros']
[0.402s] Level 1:colcon.colcon_core.package_identification:_identify(mujoco/include/mujoco/experimental/usd) by extension 'ros'
[0.402s] Level 1:colcon.colcon_core.package_identification:_identify(mujoco/include/mujoco/experimental/usd) by extensions ['cmake', 'python']
[0.402s] Level 1:colcon.colcon_core.package_identification:_identify(mujoco/include/mujoco/experimental/usd) by extension 'cmake'
[0.402s] Level 1:colcon.colcon_core.package_identification:_identify(mujoco/include/mujoco/experimental/usd) by extension 'python'
[0.402s] Level 1:colcon.colcon_core.package_identification:_identify(mujoco/include/mujoco/experimental/usd) by extensions ['python_setup_py']
[0.402s] Level 1:colcon.colcon_core.package_identification:_identify(mujoco/include/mujoco/experimental/usd) by extension 'python_setup_py'
[0.402s] Level 1:colcon.colcon_core.package_identification:_identify(mujoco/include/mujoco/experimental/usd/mjcPhysics) by extensions ['ignore', 'ignore_ament_install']
[0.403s] Level 1:colcon.colcon_core.package_identification:_identify(mujoco/include/mujoco/experimental/usd/mjcPhysics) by extension 'ignore'
[0.403s] Level 1:colcon.colcon_core.package_identification:_identify(mujoco/include/mujoco/experimental/usd/mjcPhysics) by extension 'ignore_ament_install'
[0.403s] Level 1:colcon.colcon_core.package_identification:_identify(mujoco/include/mujoco/experimental/usd/mjcPhysics) by extensions ['colcon_pkg']
[0.403s] Level 1:colcon.colcon_core.package_identification:_identify(mujoco/include/mujoco/experimental/usd/mjcPhysics) by extension 'colcon_pkg'
[0.403s] Level 1:colcon.colcon_core.package_identification:_identify(mujoco/include/mujoco/experimental/usd/mjcPhysics) by extensions ['colcon_meta']
[0.403s] Level 1:colcon.colcon_core.package_identification:_identify(mujoco/include/mujoco/experimental/usd/mjcPhysics) by extension 'colcon_meta'
[0.403s] Level 1:colcon.colcon_core.package_identification:_identify(mujoco/include/mujoco/experimental/usd/mjcPhysics) by extensions ['ros']
[0.403s] Level 1:colcon.colcon_core.package_identification:_identify(mujoco/include/mujoco/experimental/usd/mjcPhysics) by extension 'ros'
[0.403s] Level 1:colcon.colcon_core.package_identification:_identify(mujoco/include/mujoco/experimental/usd/mjcPhysics) by extensions ['cmake', 'python']
[0.403s] Level 1:colcon.colcon_core.package_identification:_identify(mujoco/include/mujoco/experimental/usd/mjcPhysics) by extension 'cmake'
[0.403s] Level 1:colcon.colcon_core.package_identification:_identify(mujoco/include/mujoco/experimental/usd/mjcPhysics) by extension 'python'
[0.403s] Level 1:colcon.colcon_core.package_identification:_identify(mujoco/include/mujoco/experimental/usd/mjcPhysics) by extensions ['python_setup_py']
[0.403s] Level 1:colcon.colcon_core.package_identification:_identify(mujoco/include/mujoco/experimental/usd/mjcPhysics) by extension 'python_setup_py'
[0.403s] Level 1:colcon.colcon_core.package_identification:_identify(mujoco/lib) by extensions ['ignore', 'ignore_ament_install']
[0.403s] Level 1:colcon.colcon_core.package_identification:_identify(mujoco/lib) by extension 'ignore'
[0.404s] Level 1:colcon.colcon_core.package_identification:_identify(mujoco/lib) by extension 'ignore_ament_install'
[0.404s] Level 1:colcon.colcon_core.package_identification:_identify(mujoco/lib) by extensions ['colcon_pkg']
[0.404s] Level 1:colcon.colcon_core.package_identification:_identify(mujoco/lib) by extension 'colcon_pkg'
[0.404s] Level 1:colcon.colcon_core.package_identification:_identify(mujoco/lib) by extensions ['colcon_meta']
[0.404s] Level 1:colcon.colcon_core.package_identification:_identify(mujoco/lib) by extension 'colcon_meta'
[0.404s] Level 1:colcon.colcon_core.package_identification:_identify(mujoco/lib) by extensions ['ros']
[0.404s] Level 1:colcon.colcon_core.package_identification:_identify(mujoco/lib) by extension 'ros'
[0.404s] Level 1:colcon.colcon_core.package_identification:_identify(mujoco/lib) by extensions ['cmake', 'python']
[0.404s] Level 1:colcon.colcon_core.package_identification:_identify(mujoco/lib) by extension 'cmake'
[0.404s] Level 1:colcon.colcon_core.package_identification:_identify(mujoco/lib) by extension 'python'
[0.404s] Level 1:colcon.colcon_core.package_identification:_identify(mujoco/lib) by extensions ['python_setup_py']
[0.404s] Level 1:colcon.colcon_core.package_identification:_identify(mujoco/lib) by extension 'python_setup_py'
[0.404s] Level 1:colcon.colcon_core.package_identification:_identify(mujoco/model) by extensions ['ignore', 'ignore_ament_install']
[0.404s] Level 1:colcon.colcon_core.package_identification:_identify(mujoco/model) by extension 'ignore'
[0.404s] Level 1:colcon.colcon_core.package_identification:_identify(mujoco/model) by extension 'ignore_ament_install'
[0.404s] Level 1:colcon.colcon_core.package_identification:_identify(mujoco/model) by extensions ['colcon_pkg']
[0.404s] Level 1:colcon.colcon_core.package_identification:_identify(mujoco/model) by extension 'colcon_pkg'
[0.404s] Level 1:colcon.colcon_core.package_identification:_identify(mujoco/model) by extensions ['colcon_meta']
[0.404s] Level 1:colcon.colcon_core.package_identification:_identify(mujoco/model) by extension 'colcon_meta'
[0.404s] Level 1:colcon.colcon_core.package_identification:_identify(mujoco/model) by extensions ['ros']
[0.405s] Level 1:colcon.colcon_core.package_identification:_identify(mujoco/model) by extension 'ros'
[0.405s] Level 1:colcon.colcon_core.package_identification:_identify(mujoco/model) by extensions ['cmake', 'python']
[0.405s] Level 1:colcon.colcon_core.package_identification:_identify(mujoco/model) by extension 'cmake'
[0.405s] Level 1:colcon.colcon_core.package_identification:_identify(mujoco/model) by extension 'python'
[0.405s] Level 1:colcon.colcon_core.package_identification:_identify(mujoco/model) by extensions ['python_setup_py']
[0.405s] Level 1:colcon.colcon_core.package_identification:_identify(mujoco/model) by extension 'python_setup_py'
[0.405s] Level 1:colcon.colcon_core.package_identification:_identify(mujoco/model/adhesion) by extensions ['ignore', 'ignore_ament_install']
[0.405s] Level 1:colcon.colcon_core.package_identification:_identify(mujoco/model/adhesion) by extension 'ignore'
[0.405s] Level 1:colcon.colcon_core.package_identification:_identify(mujoco/model/adhesion) by extension 'ignore_ament_install'
[0.405s] Level 1:colcon.colcon_core.package_identification:_identify(mujoco/model/adhesion) by extensions ['colcon_pkg']
[0.405s] Level 1:colcon.colcon_core.package_identification:_identify(mujoco/model/adhesion) by extension 'colcon_pkg'
[0.405s] Level 1:colcon.colcon_core.package_identification:_identify(mujoco/model/adhesion) by extensions ['colcon_meta']
[0.405s] Level 1:colcon.colcon_core.package_identification:_identify(mujoco/model/adhesion) by extension 'colcon_meta'
[0.405s] Level 1:colcon.colcon_core.package_identification:_identify(mujoco/model/adhesion) by extensions ['ros']
[0.405s] Level 1:colcon.colcon_core.package_identification:_identify(mujoco/model/adhesion) by extension 'ros'
[0.405s] Level 1:colcon.colcon_core.package_identification:_identify(mujoco/model/adhesion) by extensions ['cmake', 'python']
[0.405s] Level 1:colcon.colcon_core.package_identification:_identify(mujoco/model/adhesion) by extension 'cmake'
[0.405s] Level 1:colcon.colcon_core.package_identification:_identify(mujoco/model/adhesion) by extension 'python'
[0.405s] Level 1:colcon.colcon_core.package_identification:_identify(mujoco/model/adhesion) by extensions ['python_setup_py']
[0.405s] Level 1:colcon.colcon_core.package_identification:_identify(mujoco/model/adhesion) by extension 'python_setup_py'
[0.406s] Level 1:colcon.colcon_core.package_identification:_identify(mujoco/model/balloons) by extensions ['ignore', 'ignore_ament_install']
[0.406s] Level 1:colcon.colcon_core.package_identification:_identify(mujoco/model/balloons) by extension 'ignore'
[0.406s] Level 1:colcon.colcon_core.package_identification:_identify(mujoco/model/balloons) by extension 'ignore_ament_install'
[0.406s] Level 1:colcon.colcon_core.package_identification:_identify(mujoco/model/balloons) by extensions ['colcon_pkg']
[0.406s] Level 1:colcon.colcon_core.package_identification:_identify(mujoco/model/balloons) by extension 'colcon_pkg'
[0.406s] Level 1:colcon.colcon_core.package_identification:_identify(mujoco/model/balloons) by extensions ['colcon_meta']
[0.406s] Level 1:colcon.colcon_core.package_identification:_identify(mujoco/model/balloons) by extension 'colcon_meta'
[0.406s] Level 1:colcon.colcon_core.package_identification:_identify(mujoco/model/balloons) by extensions ['ros']
[0.406s] Level 1:colcon.colcon_core.package_identification:_identify(mujoco/model/balloons) by extension 'ros'
[0.406s] Level 1:colcon.colcon_core.package_identification:_identify(mujoco/model/balloons) by extensions ['cmake', 'python']
[0.406s] Level 1:colcon.colcon_core.package_identification:_identify(mujoco/model/balloons) by extension 'cmake'
[0.406s] Level 1:colcon.colcon_core.package_identification:_identify(mujoco/model/balloons) by extension 'python'
[0.406s] Level 1:colcon.colcon_core.package_identification:_identify(mujoco/model/balloons) by extensions ['python_setup_py']
[0.406s] Level 1:colcon.colcon_core.package_identification:_identify(mujoco/model/balloons) by extension 'python_setup_py'
[0.406s] Level 1:colcon.colcon_core.package_identification:_identify(mujoco/model/car) by extensions ['ignore', 'ignore_ament_install']
[0.406s] Level 1:colcon.colcon_core.package_identification:_identify(mujoco/model/car) by extension 'ignore'
[0.406s] Level 1:colcon.colcon_core.package_identification:_identify(mujoco/model/car) by extension 'ignore_ament_install'
[0.406s] Level 1:colcon.colcon_core.package_identification:_identify(mujoco/model/car) by extensions ['colcon_pkg']
[0.407s] Level 1:colcon.colcon_core.package_identification:_identify(mujoco/model/car) by extension 'colcon_pkg'
[0.407s] Level 1:colcon.colcon_core.package_identification:_identify(mujoco/model/car) by extensions ['colcon_meta']
[0.407s] Level 1:colcon.colcon_core.package_identification:_identify(mujoco/model/car) by extension 'colcon_meta'
[0.407s] Level 1:colcon.colcon_core.package_identification:_identify(mujoco/model/car) by extensions ['ros']
[0.407s] Level 1:colcon.colcon_core.package_identification:_identify(mujoco/model/car) by extension 'ros'
[0.407s] Level 1:colcon.colcon_core.package_identification:_identify(mujoco/model/car) by extensions ['cmake', 'python']
[0.407s] Level 1:colcon.colcon_core.package_identification:_identify(mujoco/model/car) by extension 'cmake'
[0.407s] Level 1:colcon.colcon_core.package_identification:_identify(mujoco/model/car) by extension 'python'
[0.407s] Level 1:colcon.colcon_core.package_identification:_identify(mujoco/model/car) by extensions ['python_setup_py']
[0.407s] Level 1:colcon.colcon_core.package_identification:_identify(mujoco/model/car) by extension 'python_setup_py'
[0.407s] Level 1:colcon.colcon_core.package_identification:_identify(mujoco/model/cards) by extensions ['ignore', 'ignore_ament_install']
[0.407s] Level 1:colcon.colcon_core.package_identification:_identify(mujoco/model/cards) by extension 'ignore'
[0.407s] Level 1:colcon.colcon_core.package_identification:_identify(mujoco/model/cards) by extension 'ignore_ament_install'
[0.407s] Level 1:colcon.colcon_core.package_identification:_identify(mujoco/model/cards) by extensions ['colcon_pkg']
[0.407s] Level 1:colcon.colcon_core.package_identification:_identify(mujoco/model/cards) by extension 'colcon_pkg'
[0.407s] Level 1:colcon.colcon_core.package_identification:_identify(mujoco/model/cards) by extensions ['colcon_meta']
[0.407s] Level 1:colcon.colcon_core.package_identification:_identify(mujoco/model/cards) by extension 'colcon_meta'
[0.407s] Level 1:colcon.colcon_core.package_identification:_identify(mujoco/model/cards) by extensions ['ros']
[0.407s] Level 1:colcon.colcon_core.package_identification:_identify(mujoco/model/cards) by extension 'ros'
[0.407s] Level 1:colcon.colcon_core.package_identification:_identify(mujoco/model/cards) by extensions ['cmake', 'python']
[0.407s] Level 1:colcon.colcon_core.package_identification:_identify(mujoco/model/cards) by extension 'cmake'
[0.407s] Level 1:colcon.colcon_core.package_identification:_identify(mujoco/model/cards) by extension 'python'
[0.408s] Level 1:colcon.colcon_core.package_identification:_identify(mujoco/model/cards) by extensions ['python_setup_py']
[0.408s] Level 1:colcon.colcon_core.package_identification:_identify(mujoco/model/cards) by extension 'python_setup_py'
[0.408s] Level 1:colcon.colcon_core.package_identification:_identify(mujoco/model/cards/assets) by extensions ['ignore', 'ignore_ament_install']
[0.408s] Level 1:colcon.colcon_core.package_identification:_identify(mujoco/model/cards/assets) by extension 'ignore'
[0.408s] Level 1:colcon.colcon_core.package_identification:_identify(mujoco/model/cards/assets) by extension 'ignore_ament_install'
[0.408s] Level 1:colcon.colcon_core.package_identification:_identify(mujoco/model/cards/assets) by extensions ['colcon_pkg']
[0.408s] Level 1:colcon.colcon_core.package_identification:_identify(mujoco/model/cards/assets) by extension 'colcon_pkg'
[0.408s] Level 1:colcon.colcon_core.package_identification:_identify(mujoco/model/cards/assets) by extensions ['colcon_meta']
[0.408s] Level 1:colcon.colcon_core.package_identification:_identify(mujoco/model/cards/assets) by extension 'colcon_meta'
[0.408s] Level 1:colcon.colcon_core.package_identification:_identify(mujoco/model/cards/assets) by extensions ['ros']
[0.408s] Level 1:colcon.colcon_core.package_identification:_identify(mujoco/model/cards/assets) by extension 'ros'
[0.408s] Level 1:colcon.colcon_core.package_identification:_identify(mujoco/model/cards/assets) by extensions ['cmake', 'python']
[0.408s] Level 1:colcon.colcon_core.package_identification:_identify(mujoco/model/cards/assets) by extension 'cmake'
[0.408s] Level 1:colcon.colcon_core.package_identification:_identify(mujoco/model/cards/assets) by extension 'python'
[0.408s] Level 1:colcon.colcon_core.package_identification:_identify(mujoco/model/cards/assets) by extensions ['python_setup_py']
[0.408s] Level 1:colcon.colcon_core.package_identification:_identify(mujoco/model/cards/assets) by extension 'python_setup_py'
[0.408s] Level 1:colcon.colcon_core.package_identification:_identify(mujoco/model/cube) by extensions ['ignore', 'ignore_ament_install']
[0.408s] Level 1:colcon.colcon_core.package_identification:_identify(mujoco/model/cube) by extension 'ignore'
[0.409s] Level 1:colcon.colcon_core.package_identification:_identify(mujoco/model/cube) by extension 'ignore_ament_install'
[0.409s] Level 1:colcon.colcon_core.package_identification:_identify(mujoco/model/cube) by extensions ['colcon_pkg']
[0.409s] Level 1:colcon.colcon_core.package_identification:_identify(mujoco/model/cube) by extension 'colcon_pkg'
[0.409s] Level 1:colcon.colcon_core.package_identification:_identify(mujoco/model/cube) by extensions ['colcon_meta']
[0.409s] Level 1:colcon.colcon_core.package_identification:_identify(mujoco/model/cube) by extension 'colcon_meta'
[0.409s] Level 1:colcon.colcon_core.package_identification:_identify(mujoco/model/cube) by extensions ['ros']
[0.409s] Level 1:colcon.colcon_core.package_identification:_identify(mujoco/model/cube) by extension 'ros'
[0.409s] Level 1:colcon.colcon_core.package_identification:_identify(mujoco/model/cube) by extensions ['cmake', 'python']
[0.409s] Level 1:colcon.colcon_core.package_identification:_identify(mujoco/model/cube) by extension 'cmake'
[0.409s] Level 1:colcon.colcon_core.package_identification:_identify(mujoco/model/cube) by extension 'python'
[0.409s] Level 1:colcon.colcon_core.package_identification:_identify(mujoco/model/cube) by extensions ['python_setup_py']
[0.409s] Level 1:colcon.colcon_core.package_identification:_identify(mujoco/model/cube) by extension 'python_setup_py'
[0.409s] Level 1:colcon.colcon_core.package_identification:_identify(mujoco/model/cube/assets) by extensions ['ignore', 'ignore_ament_install']
[0.409s] Level 1:colcon.colcon_core.package_identification:_identify(mujoco/model/cube/assets) by extension 'ignore'
[0.409s] Level 1:colcon.colcon_core.package_identification:_identify(mujoco/model/cube/assets) by extension 'ignore_ament_install'
[0.409s] Level 1:colcon.colcon_core.package_identification:_identify(mujoco/model/cube/assets) by extensions ['colcon_pkg']
[0.409s] Level 1:colcon.colcon_core.package_identification:_identify(mujoco/model/cube/assets) by extension 'colcon_pkg'
[0.409s] Level 1:colcon.colcon_core.package_identification:_identify(mujoco/model/cube/assets) by extensions ['colcon_meta']
[0.409s] Level 1:colcon.colcon_core.package_identification:_identify(mujoco/model/cube/assets) by extension 'colcon_meta'
[0.410s] Level 1:colcon.colcon_core.package_identification:_identify(mujoco/model/cube/assets) by extensions ['ros']
[0.410s] Level 1:colcon.colcon_core.package_identification:_identify(mujoco/model/cube/assets) by extension 'ros'
[0.410s] Level 1:colcon.colcon_core.package_identification:_identify(mujoco/model/cube/assets) by extensions ['cmake', 'python']
[0.410s] Level 1:colcon.colcon_core.package_identification:_identify(mujoco/model/cube/assets) by extension 'cmake'
[0.410s] Level 1:colcon.colcon_core.package_identification:_identify(mujoco/model/cube/assets) by extension 'python'
[0.410s] Level 1:colcon.colcon_core.package_identification:_identify(mujoco/model/cube/assets) by extensions ['python_setup_py']
[0.410s] Level 1:colcon.colcon_core.package_identification:_identify(mujoco/model/cube/assets) by extension 'python_setup_py'
[0.410s] Level 1:colcon.colcon_core.package_identification:_identify(mujoco/model/flex) by extensions ['ignore', 'ignore_ament_install']
[0.410s] Level 1:colcon.colcon_core.package_identification:_identify(mujoco/model/flex) by extension 'ignore'
[0.410s] Level 1:colcon.colcon_core.package_identification:_identify(mujoco/model/flex) by extension 'ignore_ament_install'
[0.410s] Level 1:colcon.colcon_core.package_identification:_identify(mujoco/model/flex) by extensions ['colcon_pkg']
[0.410s] Level 1:colcon.colcon_core.package_identification:_identify(mujoco/model/flex) by extension 'colcon_pkg'
[0.410s] Level 1:colcon.colcon_core.package_identification:_identify(mujoco/model/flex) by extensions ['colcon_meta']
[0.410s] Level 1:colcon.colcon_core.package_identification:_identify(mujoco/model/flex) by extension 'colcon_meta'
[0.410s] Level 1:colcon.colcon_core.package_identification:_identify(mujoco/model/flex) by extensions ['ros']
[0.410s] Level 1:colcon.colcon_core.package_identification:_identify(mujoco/model/flex) by extension 'ros'
[0.410s] Level 1:colcon.colcon_core.package_identification:_identify(mujoco/model/flex) by extensions ['cmake', 'python']
[0.410s] Level 1:colcon.colcon_core.package_identification:_identify(mujoco/model/flex) by extension 'cmake'
[0.410s] Level 1:colcon.colcon_core.package_identification:_identify(mujoco/model/flex) by extension 'python'
[0.410s] Level 1:colcon.colcon_core.package_identification:_identify(mujoco/model/flex) by extensions ['python_setup_py']
[0.411s] Level 1:colcon.colcon_core.package_identification:_identify(mujoco/model/flex) by extension 'python_setup_py'
[0.411s] Level 1:colcon.colcon_core.package_identification:_identify(mujoco/model/flex/asset) by extensions ['ignore', 'ignore_ament_install']
[0.411s] Level 1:colcon.colcon_core.package_identification:_identify(mujoco/model/flex/asset) by extension 'ignore'
[0.411s] Level 1:colcon.colcon_core.package_identification:_identify(mujoco/model/flex/asset) by extension 'ignore_ament_install'
[0.411s] Level 1:colcon.colcon_core.package_identification:_identify(mujoco/model/flex/asset) by extensions ['colcon_pkg']
[0.411s] Level 1:colcon.colcon_core.package_identification:_identify(mujoco/model/flex/asset) by extension 'colcon_pkg'
[0.411s] Level 1:colcon.colcon_core.package_identification:_identify(mujoco/model/flex/asset) by extensions ['colcon_meta']
[0.411s] Level 1:colcon.colcon_core.package_identification:_identify(mujoco/model/flex/asset) by extension 'colcon_meta'
[0.411s] Level 1:colcon.colcon_core.package_identification:_identify(mujoco/model/flex/asset) by extensions ['ros']
[0.411s] Level 1:colcon.colcon_core.package_identification:_identify(mujoco/model/flex/asset) by extension 'ros'
[0.411s] Level 1:colcon.colcon_core.package_identification:_identify(mujoco/model/flex/asset) by extensions ['cmake', 'python']
[0.411s] Level 1:colcon.colcon_core.package_identification:_identify(mujoco/model/flex/asset) by extension 'cmake'
[0.411s] Level 1:colcon.colcon_core.package_identification:_identify(mujoco/model/flex/asset) by extension 'python'
[0.411s] Level 1:colcon.colcon_core.package_identification:_identify(mujoco/model/flex/asset) by extensions ['python_setup_py']
[0.411s] Level 1:colcon.colcon_core.package_identification:_identify(mujoco/model/flex/asset) by extension 'python_setup_py'
[0.411s] Level 1:colcon.colcon_core.package_identification:_identify(mujoco/model/hammock) by extensions ['ignore', 'ignore_ament_install']
[0.411s] Level 1:colcon.colcon_core.package_identification:_identify(mujoco/model/hammock) by extension 'ignore'
[0.411s] Level 1:colcon.colcon_core.package_identification:_identify(mujoco/model/hammock) by extension 'ignore_ament_install'
[0.412s] Level 1:colcon.colcon_core.package_identification:_identify(mujoco/model/hammock) by extensions ['colcon_pkg']
[0.412s] Level 1:colcon.colcon_core.package_identification:_identify(mujoco/model/hammock) by extension 'colcon_pkg'
[0.412s] Level 1:colcon.colcon_core.package_identification:_identify(mujoco/model/hammock) by extensions ['colcon_meta']
[0.412s] Level 1:colcon.colcon_core.package_identification:_identify(mujoco/model/hammock) by extension 'colcon_meta'
[0.412s] Level 1:colcon.colcon_core.package_identification:_identify(mujoco/model/hammock) by extensions ['ros']
[0.412s] Level 1:colcon.colcon_core.package_identification:_identify(mujoco/model/hammock) by extension 'ros'
[0.412s] Level 1:colcon.colcon_core.package_identification:_identify(mujoco/model/hammock) by extensions ['cmake', 'python']
[0.412s] Level 1:colcon.colcon_core.package_identification:_identify(mujoco/model/hammock) by extension 'cmake'
[0.412s] Level 1:colcon.colcon_core.package_identification:_identify(mujoco/model/hammock) by extension 'python'
[0.412s] Level 1:colcon.colcon_core.package_identification:_identify(mujoco/model/hammock) by extensions ['python_setup_py']
[0.412s] Level 1:colcon.colcon_core.package_identification:_identify(mujoco/model/hammock) by extension 'python_setup_py'
[0.412s] Level 1:colcon.colcon_core.package_identification:_identify(mujoco/model/humanoid) by extensions ['ignore', 'ignore_ament_install']
[0.412s] Level 1:colcon.colcon_core.package_identification:_identify(mujoco/model/humanoid) by extension 'ignore'
[0.412s] Level 1:colcon.colcon_core.package_identification:_identify(mujoco/model/humanoid) by extension 'ignore_ament_install'
[0.412s] Level 1:colcon.colcon_core.package_identification:_identify(mujoco/model/humanoid) by extensions ['colcon_pkg']
[0.412s] Level 1:colcon.colcon_core.package_identification:_identify(mujoco/model/humanoid) by extension 'colcon_pkg'
[0.412s] Level 1:colcon.colcon_core.package_identification:_identify(mujoco/model/humanoid) by extensions ['colcon_meta']
[0.412s] Level 1:colcon.colcon_core.package_identification:_identify(mujoco/model/humanoid) by extension 'colcon_meta'
[0.412s] Level 1:colcon.colcon_core.package_identification:_identify(mujoco/model/humanoid) by extensions ['ros']
[0.412s] Level 1:colcon.colcon_core.package_identification:_identify(mujoco/model/humanoid) by extension 'ros'
[0.413s] Level 1:colcon.colcon_core.package_identification:_identify(mujoco/model/humanoid) by extensions ['cmake', 'python']
[0.413s] Level 1:colcon.colcon_core.package_identification:_identify(mujoco/model/humanoid) by extension 'cmake'
[0.413s] Level 1:colcon.colcon_core.package_identification:_identify(mujoco/model/humanoid) by extension 'python'
[0.413s] Level 1:colcon.colcon_core.package_identification:_identify(mujoco/model/humanoid) by extensions ['python_setup_py']
[0.413s] Level 1:colcon.colcon_core.package_identification:_identify(mujoco/model/humanoid) by extension 'python_setup_py'
[0.413s] Level 1:colcon.colcon_core.package_identification:_identify(mujoco/model/mug) by extensions ['ignore', 'ignore_ament_install']
[0.413s] Level 1:colcon.colcon_core.package_identification:_identify(mujoco/model/mug) by extension 'ignore'
[0.413s] Level 1:colcon.colcon_core.package_identification:_identify(mujoco/model/mug) by extension 'ignore_ament_install'
[0.413s] Level 1:colcon.colcon_core.package_identification:_identify(mujoco/model/mug) by extensions ['colcon_pkg']
[0.413s] Level 1:colcon.colcon_core.package_identification:_identify(mujoco/model/mug) by extension 'colcon_pkg'
[0.413s] Level 1:colcon.colcon_core.package_identification:_identify(mujoco/model/mug) by extensions ['colcon_meta']
[0.413s] Level 1:colcon.colcon_core.package_identification:_identify(mujoco/model/mug) by extension 'colcon_meta'
[0.413s] Level 1:colcon.colcon_core.package_identification:_identify(mujoco/model/mug) by extensions ['ros']
[0.413s] Level 1:colcon.colcon_core.package_identification:_identify(mujoco/model/mug) by extension 'ros'
[0.413s] Level 1:colcon.colcon_core.package_identification:_identify(mujoco/model/mug) by extensions ['cmake', 'python']
[0.413s] Level 1:colcon.colcon_core.package_identification:_identify(mujoco/model/mug) by extension 'cmake'
[0.413s] Level 1:colcon.colcon_core.package_identification:_identify(mujoco/model/mug) by extension 'python'
[0.413s] Level 1:colcon.colcon_core.package_identification:_identify(mujoco/model/mug) by extensions ['python_setup_py']
[0.413s] Level 1:colcon.colcon_core.package_identification:_identify(mujoco/model/mug) by extension 'python_setup_py'
[0.413s] Level 1:colcon.colcon_core.package_identification:_identify(mujoco/model/plugin) by extensions ['ignore', 'ignore_ament_install']
[0.414s] Level 1:colcon.colcon_core.package_identification:_identify(mujoco/model/plugin) by extension 'ignore'
[0.414s] Level 1:colcon.colcon_core.package_identification:_identify(mujoco/model/plugin) by extension 'ignore_ament_install'
[0.414s] Level 1:colcon.colcon_core.package_identification:_identify(mujoco/model/plugin) by extensions ['colcon_pkg']
[0.414s] Level 1:colcon.colcon_core.package_identification:_identify(mujoco/model/plugin) by extension 'colcon_pkg'
[0.414s] Level 1:colcon.colcon_core.package_identification:_identify(mujoco/model/plugin) by extensions ['colcon_meta']
[0.414s] Level 1:colcon.colcon_core.package_identification:_identify(mujoco/model/plugin) by extension 'colcon_meta'
[0.414s] Level 1:colcon.colcon_core.package_identification:_identify(mujoco/model/plugin) by extensions ['ros']
[0.414s] Level 1:colcon.colcon_core.package_identification:_identify(mujoco/model/plugin) by extension 'ros'
[0.414s] Level 1:colcon.colcon_core.package_identification:_identify(mujoco/model/plugin) by extensions ['cmake', 'python']
[0.414s] Level 1:colcon.colcon_core.package_identification:_identify(mujoco/model/plugin) by extension 'cmake'
[0.414s] Level 1:colcon.colcon_core.package_identification:_identify(mujoco/model/plugin) by extension 'python'
[0.414s] Level 1:colcon.colcon_core.package_identification:_identify(mujoco/model/plugin) by extensions ['python_setup_py']
[0.414s] Level 1:colcon.colcon_core.package_identification:_identify(mujoco/model/plugin) by extension 'python_setup_py'
[0.414s] Level 1:colcon.colcon_core.package_identification:_identify(mujoco/model/plugin/actuator) by extensions ['ignore', 'ignore_ament_install']
[0.414s] Level 1:colcon.colcon_core.package_identification:_identify(mujoco/model/plugin/actuator) by extension 'ignore'
[0.414s] Level 1:colcon.colcon_core.package_identification:_identify(mujoco/model/plugin/actuator) by extension 'ignore_ament_install'
[0.415s] Level 1:colcon.colcon_core.package_identification:_identify(mujoco/model/plugin/actuator) by extensions ['colcon_pkg']
[0.415s] Level 1:colcon.colcon_core.package_identification:_identify(mujoco/model/plugin/actuator) by extension 'colcon_pkg'
[0.415s] Level 1:colcon.colcon_core.package_identification:_identify(mujoco/model/plugin/actuator) by extensions ['colcon_meta']
[0.415s] Level 1:colcon.colcon_core.package_identification:_identify(mujoco/model/plugin/actuator) by extension 'colcon_meta'
[0.415s] Level 1:colcon.colcon_core.package_identification:_identify(mujoco/model/plugin/actuator) by extensions ['ros']
[0.415s] Level 1:colcon.colcon_core.package_identification:_identify(mujoco/model/plugin/actuator) by extension 'ros'
[0.415s] Level 1:colcon.colcon_core.package_identification:_identify(mujoco/model/plugin/actuator) by extensions ['cmake', 'python']
[0.415s] Level 1:colcon.colcon_core.package_identification:_identify(mujoco/model/plugin/actuator) by extension 'cmake'
[0.415s] Level 1:colcon.colcon_core.package_identification:_identify(mujoco/model/plugin/actuator) by extension 'python'
[0.415s] Level 1:colcon.colcon_core.package_identification:_identify(mujoco/model/plugin/actuator) by extensions ['python_setup_py']
[0.415s] Level 1:colcon.colcon_core.package_identification:_identify(mujoco/model/plugin/actuator) by extension 'python_setup_py'
[0.415s] Level 1:colcon.colcon_core.package_identification:_identify(mujoco/model/plugin/elasticity) by extensions ['ignore', 'ignore_ament_install']
[0.415s] Level 1:colcon.colcon_core.package_identification:_identify(mujoco/model/plugin/elasticity) by extension 'ignore'
[0.415s] Level 1:colcon.colcon_core.package_identification:_identify(mujoco/model/plugin/elasticity) by extension 'ignore_ament_install'
[0.415s] Level 1:colcon.colcon_core.package_identification:_identify(mujoco/model/plugin/elasticity) by extensions ['colcon_pkg']
[0.415s] Level 1:colcon.colcon_core.package_identification:_identify(mujoco/model/plugin/elasticity) by extension 'colcon_pkg'
[0.416s] Level 1:colcon.colcon_core.package_identification:_identify(mujoco/model/plugin/elasticity) by extensions ['colcon_meta']
[0.416s] Level 1:colcon.colcon_core.package_identification:_identify(mujoco/model/plugin/elasticity) by extension 'colcon_meta'
[0.416s] Level 1:colcon.colcon_core.package_identification:_identify(mujoco/model/plugin/elasticity) by extensions ['ros']
[0.416s] Level 1:colcon.colcon_core.package_identification:_identify(mujoco/model/plugin/elasticity) by extension 'ros'
[0.416s] Level 1:colcon.colcon_core.package_identification:_identify(mujoco/model/plugin/elasticity) by extensions ['cmake', 'python']
[0.416s] Level 1:colcon.colcon_core.package_identification:_identify(mujoco/model/plugin/elasticity) by extension 'cmake'
[0.416s] Level 1:colcon.colcon_core.package_identification:_identify(mujoco/model/plugin/elasticity) by extension 'python'
[0.416s] Level 1:colcon.colcon_core.package_identification:_identify(mujoco/model/plugin/elasticity) by extensions ['python_setup_py']
[0.416s] Level 1:colcon.colcon_core.package_identification:_identify(mujoco/model/plugin/elasticity) by extension 'python_setup_py'
[0.416s] Level 1:colcon.colcon_core.package_identification:_identify(mujoco/model/plugin/sdf) by extensions ['ignore', 'ignore_ament_install']
[0.416s] Level 1:colcon.colcon_core.package_identification:_identify(mujoco/model/plugin/sdf) by extension 'ignore'
[0.416s] Level 1:colcon.colcon_core.package_identification:_identify(mujoco/model/plugin/sdf) by extension 'ignore_ament_install'
[0.416s] Level 1:colcon.colcon_core.package_identification:_identify(mujoco/model/plugin/sdf) by extensions ['colcon_pkg']
[0.416s] Level 1:colcon.colcon_core.package_identification:_identify(mujoco/model/plugin/sdf) by extension 'colcon_pkg'
[0.416s] Level 1:colcon.colcon_core.package_identification:_identify(mujoco/model/plugin/sdf) by extensions ['colcon_meta']
[0.416s] Level 1:colcon.colcon_core.package_identification:_identify(mujoco/model/plugin/sdf) by extension 'colcon_meta'
[0.416s] Level 1:colcon.colcon_core.package_identification:_identify(mujoco/model/plugin/sdf) by extensions ['ros']
[0.416s] Level 1:colcon.colcon_core.package_identification:_identify(mujoco/model/plugin/sdf) by extension 'ros'
[0.417s] Level 1:colcon.colcon_core.package_identification:_identify(mujoco/model/plugin/sdf) by extensions ['cmake', 'python']
[0.417s] Level 1:colcon.colcon_core.package_identification:_identify(mujoco/model/plugin/sdf) by extension 'cmake'
[0.417s] Level 1:colcon.colcon_core.package_identification:_identify(mujoco/model/plugin/sdf) by extension 'python'
[0.417s] Level 1:colcon.colcon_core.package_identification:_identify(mujoco/model/plugin/sdf) by extensions ['python_setup_py']
[0.417s] Level 1:colcon.colcon_core.package_identification:_identify(mujoco/model/plugin/sdf) by extension 'python_setup_py'
[0.417s] Level 1:colcon.colcon_core.package_identification:_identify(mujoco/model/plugin/sdf/asset) by extensions ['ignore', 'ignore_ament_install']
[0.417s] Level 1:colcon.colcon_core.package_identification:_identify(mujoco/model/plugin/sdf/asset) by extension 'ignore'
[0.417s] Level 1:colcon.colcon_core.package_identification:_identify(mujoco/model/plugin/sdf/asset) by extension 'ignore_ament_install'
[0.417s] Level 1:colcon.colcon_core.package_identification:_identify(mujoco/model/plugin/sdf/asset) by extensions ['colcon_pkg']
[0.417s] Level 1:colcon.colcon_core.package_identification:_identify(mujoco/model/plugin/sdf/asset) by extension 'colcon_pkg'
[0.417s] Level 1:colcon.colcon_core.package_identification:_identify(mujoco/model/plugin/sdf/asset) by extensions ['colcon_meta']
[0.417s] Level 1:colcon.colcon_core.package_identification:_identify(mujoco/model/plugin/sdf/asset) by extension 'colcon_meta'
[0.417s] Level 1:colcon.colcon_core.package_identification:_identify(mujoco/model/plugin/sdf/asset) by extensions ['ros']
[0.417s] Level 1:colcon.colcon_core.package_identification:_identify(mujoco/model/plugin/sdf/asset) by extension 'ros'
[0.417s] Level 1:colcon.colcon_core.package_identification:_identify(mujoco/model/plugin/sdf/asset) by extensions ['cmake', 'python']
[0.417s] Level 1:colcon.colcon_core.package_identification:_identify(mujoco/model/plugin/sdf/asset) by extension 'cmake'
[0.417s] Level 1:colcon.colcon_core.package_identification:_identify(mujoco/model/plugin/sdf/asset) by extension 'python'
[0.417s] Level 1:colcon.colcon_core.package_identification:_identify(mujoco/model/plugin/sdf/asset) by extensions ['python_setup_py']
[0.417s] Level 1:colcon.colcon_core.package_identification:_identify(mujoco/model/plugin/sdf/asset) by extension 'python_setup_py'
[0.418s] Level 1:colcon.colcon_core.package_identification:_identify(mujoco/model/plugin/sensor) by extensions ['ignore', 'ignore_ament_install']
[0.418s] Level 1:colcon.colcon_core.package_identification:_identify(mujoco/model/plugin/sensor) by extension 'ignore'
[0.418s] Level 1:colcon.colcon_core.package_identification:_identify(mujoco/model/plugin/sensor) by extension 'ignore_ament_install'
[0.418s] Level 1:colcon.colcon_core.package_identification:_identify(mujoco/model/plugin/sensor) by extensions ['colcon_pkg']
[0.418s] Level 1:colcon.colcon_core.package_identification:_identify(mujoco/model/plugin/sensor) by extension 'colcon_pkg'
[0.418s] Level 1:colcon.colcon_core.package_identification:_identify(mujoco/model/plugin/sensor) by extensions ['colcon_meta']
[0.418s] Level 1:colcon.colcon_core.package_identification:_identify(mujoco/model/plugin/sensor) by extension 'colcon_meta'
[0.418s] Level 1:colcon.colcon_core.package_identification:_identify(mujoco/model/plugin/sensor) by extensions ['ros']
[0.418s] Level 1:colcon.colcon_core.package_identification:_identify(mujoco/model/plugin/sensor) by extension 'ros'
[0.418s] Level 1:colcon.colcon_core.package_identification:_identify(mujoco/model/plugin/sensor) by extensions ['cmake', 'python']
[0.418s] Level 1:colcon.colcon_core.package_identification:_identify(mujoco/model/plugin/sensor) by extension 'cmake'
[0.418s] Level 1:colcon.colcon_core.package_identification:_identify(mujoco/model/plugin/sensor) by extension 'python'
[0.418s] Level 1:colcon.colcon_core.package_identification:_identify(mujoco/model/plugin/sensor) by extensions ['python_setup_py']
[0.418s] Level 1:colcon.colcon_core.package_identification:_identify(mujoco/model/plugin/sensor) by extension 'python_setup_py'
[0.418s] Level 1:colcon.colcon_core.package_identification:_identify(mujoco/model/replicate) by extensions ['ignore', 'ignore_ament_install']
[0.418s] Level 1:colcon.colcon_core.package_identification:_identify(mujoco/model/replicate) by extension 'ignore'
[0.418s] Level 1:colcon.colcon_core.package_identification:_identify(mujoco/model/replicate) by extension 'ignore_ament_install'
[0.419s] Level 1:colcon.colcon_core.package_identification:_identify(mujoco/model/replicate) by extensions ['colcon_pkg']
[0.419s] Level 1:colcon.colcon_core.package_identification:_identify(mujoco/model/replicate) by extension 'colcon_pkg'
[0.419s] Level 1:colcon.colcon_core.package_identification:_identify(mujoco/model/replicate) by extensions ['colcon_meta']
[0.419s] Level 1:colcon.colcon_core.package_identification:_identify(mujoco/model/replicate) by extension 'colcon_meta'
[0.419s] Level 1:colcon.colcon_core.package_identification:_identify(mujoco/model/replicate) by extensions ['ros']
[0.419s] Level 1:colcon.colcon_core.package_identification:_identify(mujoco/model/replicate) by extension 'ros'
[0.419s] Level 1:colcon.colcon_core.package_identification:_identify(mujoco/model/replicate) by extensions ['cmake', 'python']
[0.419s] Level 1:colcon.colcon_core.package_identification:_identify(mujoco/model/replicate) by extension 'cmake'
[0.419s] Level 1:colcon.colcon_core.package_identification:_identify(mujoco/model/replicate) by extension 'python'
[0.419s] Level 1:colcon.colcon_core.package_identification:_identify(mujoco/model/replicate) by extensions ['python_setup_py']
[0.419s] Level 1:colcon.colcon_core.package_identification:_identify(mujoco/model/replicate) by extension 'python_setup_py'
[0.419s] Level 1:colcon.colcon_core.package_identification:_identify(mujoco/model/replicate/asset) by extensions ['ignore', 'ignore_ament_install']
[0.419s] Level 1:colcon.colcon_core.package_identification:_identify(mujoco/model/replicate/asset) by extension 'ignore'
[0.419s] Level 1:colcon.colcon_core.package_identification:_identify(mujoco/model/replicate/asset) by extension 'ignore_ament_install'
[0.419s] Level 1:colcon.colcon_core.package_identification:_identify(mujoco/model/replicate/asset) by extensions ['colcon_pkg']
[0.419s] Level 1:colcon.colcon_core.package_identification:_identify(mujoco/model/replicate/asset) by extension 'colcon_pkg'
[0.419s] Level 1:colcon.colcon_core.package_identification:_identify(mujoco/model/replicate/asset) by extensions ['colcon_meta']
[0.419s] Level 1:colcon.colcon_core.package_identification:_identify(mujoco/model/replicate/asset) by extension 'colcon_meta'
[0.419s] Level 1:colcon.colcon_core.package_identification:_identify(mujoco/model/replicate/asset) by extensions ['ros']
[0.419s] Level 1:colcon.colcon_core.package_identification:_identify(mujoco/model/replicate/asset) by extension 'ros'
[0.420s] Level 1:colcon.colcon_core.package_identification:_identify(mujoco/model/replicate/asset) by extensions ['cmake', 'python']
[0.420s] Level 1:colcon.colcon_core.package_identification:_identify(mujoco/model/replicate/asset) by extension 'cmake'
[0.420s] Level 1:colcon.colcon_core.package_identification:_identify(mujoco/model/replicate/asset) by extension 'python'
[0.420s] Level 1:colcon.colcon_core.package_identification:_identify(mujoco/model/replicate/asset) by extensions ['python_setup_py']
[0.420s] Level 1:colcon.colcon_core.package_identification:_identify(mujoco/model/replicate/asset) by extension 'python_setup_py'
[0.420s] Level 1:colcon.colcon_core.package_identification:_identify(mujoco/model/slider_crank) by extensions ['ignore', 'ignore_ament_install']
[0.420s] Level 1:colcon.colcon_core.package_identification:_identify(mujoco/model/slider_crank) by extension 'ignore'
[0.420s] Level 1:colcon.colcon_core.package_identification:_identify(mujoco/model/slider_crank) by extension 'ignore_ament_install'
[0.420s] Level 1:colcon.colcon_core.package_identification:_identify(mujoco/model/slider_crank) by extensions ['colcon_pkg']
[0.420s] Level 1:colcon.colcon_core.package_identification:_identify(mujoco/model/slider_crank) by extension 'colcon_pkg'
[0.420s] Level 1:colcon.colcon_core.package_identification:_identify(mujoco/model/slider_crank) by extensions ['colcon_meta']
[0.420s] Level 1:colcon.colcon_core.package_identification:_identify(mujoco/model/slider_crank) by extension 'colcon_meta'
[0.420s] Level 1:colcon.colcon_core.package_identification:_identify(mujoco/model/slider_crank) by extensions ['ros']
[0.420s] Level 1:colcon.colcon_core.package_identification:_identify(mujoco/model/slider_crank) by extension 'ros'
[0.420s] Level 1:colcon.colcon_core.package_identification:_identify(mujoco/model/slider_crank) by extensions ['cmake', 'python']
[0.420s] Level 1:colcon.colcon_core.package_identification:_identify(mujoco/model/slider_crank) by extension 'cmake'
[0.420s] Level 1:colcon.colcon_core.package_identification:_identify(mujoco/model/slider_crank) by extension 'python'
[0.420s] Level 1:colcon.colcon_core.package_identification:_identify(mujoco/model/slider_crank) by extensions ['python_setup_py']
[0.421s] Level 1:colcon.colcon_core.package_identification:_identify(mujoco/model/slider_crank) by extension 'python_setup_py'
[0.421s] Level 1:colcon.colcon_core.package_identification:_identify(mujoco/model/tendon_arm) by extensions ['ignore', 'ignore_ament_install']
[0.421s] Level 1:colcon.colcon_core.package_identification:_identify(mujoco/model/tendon_arm) by extension 'ignore'
[0.421s] Level 1:colcon.colcon_core.package_identification:_identify(mujoco/model/tendon_arm) by extension 'ignore_ament_install'
[0.421s] Level 1:colcon.colcon_core.package_identification:_identify(mujoco/model/tendon_arm) by extensions ['colcon_pkg']
[0.421s] Level 1:colcon.colcon_core.package_identification:_identify(mujoco/model/tendon_arm) by extension 'colcon_pkg'
[0.421s] Level 1:colcon.colcon_core.package_identification:_identify(mujoco/model/tendon_arm) by extensions ['colcon_meta']
[0.421s] Level 1:colcon.colcon_core.package_identification:_identify(mujoco/model/tendon_arm) by extension 'colcon_meta'
[0.421s] Level 1:colcon.colcon_core.package_identification:_identify(mujoco/model/tendon_arm) by extensions ['ros']
[0.421s] Level 1:colcon.colcon_core.package_identification:_identify(mujoco/model/tendon_arm) by extension 'ros'
[0.421s] Level 1:colcon.colcon_core.package_identification:_identify(mujoco/model/tendon_arm) by extensions ['cmake', 'python']
[0.421s] Level 1:colcon.colcon_core.package_identification:_identify(mujoco/model/tendon_arm) by extension 'cmake'
[0.421s] Level 1:colcon.colcon_core.package_identification:_identify(mujoco/model/tendon_arm) by extension 'python'
[0.421s] Level 1:colcon.colcon_core.package_identification:_identify(mujoco/model/tendon_arm) by extensions ['python_setup_py']
[0.421s] Level 1:colcon.colcon_core.package_identification:_identify(mujoco/model/tendon_arm) by extension 'python_setup_py'
[0.421s] Level 1:colcon.colcon_core.package_identification:_identify(mujoco/sample) by extensions ['ignore', 'ignore_ament_install']
[0.421s] Level 1:colcon.colcon_core.package_identification:_identify(mujoco/sample) by extension 'ignore'
[0.421s] Level 1:colcon.colcon_core.package_identification:_identify(mujoco/sample) by extension 'ignore_ament_install'
[0.422s] Level 1:colcon.colcon_core.package_identification:_identify(mujoco/sample) by extensions ['colcon_pkg']
[0.422s] Level 1:colcon.colcon_core.package_identification:_identify(mujoco/sample) by extension 'colcon_pkg'
[0.422s] Level 1:colcon.colcon_core.package_identification:_identify(mujoco/sample) by extensions ['colcon_meta']
[0.422s] Level 1:colcon.colcon_core.package_identification:_identify(mujoco/sample) by extension 'colcon_meta'
[0.422s] Level 1:colcon.colcon_core.package_identification:_identify(mujoco/sample) by extensions ['ros']
[0.422s] Level 1:colcon.colcon_core.package_identification:_identify(mujoco/sample) by extension 'ros'
[0.422s] Level 1:colcon.colcon_core.package_identification:_identify(mujoco/sample) by extensions ['cmake', 'python']
[0.422s] Level 1:colcon.colcon_core.package_identification:_identify(mujoco/sample) by extension 'cmake'
[0.422s] Level 1:colcon.colcon_core.package_identification:_identify(mujoco/sample) by extension 'python'
[0.422s] Level 1:colcon.colcon_core.package_identification:_identify(mujoco/sample) by extensions ['python_setup_py']
[0.422s] Level 1:colcon.colcon_core.package_identification:_identify(mujoco/sample) by extension 'python_setup_py'
[0.422s] Level 1:colcon.colcon_core.package_identification:_identify(mujoco/sample/cmake) by extensions ['ignore', 'ignore_ament_install']
[0.422s] Level 1:colcon.colcon_core.package_identification:_identify(mujoco/sample/cmake) by extension 'ignore'
[0.422s] Level 1:colcon.colcon_core.package_identification:_identify(mujoco/sample/cmake) by extension 'ignore_ament_install'
[0.422s] Level 1:colcon.colcon_core.package_identification:_identify(mujoco/sample/cmake) by extensions ['colcon_pkg']
[0.422s] Level 1:colcon.colcon_core.package_identification:_identify(mujoco/sample/cmake) by extension 'colcon_pkg'
[0.422s] Level 1:colcon.colcon_core.package_identification:_identify(mujoco/sample/cmake) by extensions ['colcon_meta']
[0.422s] Level 1:colcon.colcon_core.package_identification:_identify(mujoco/sample/cmake) by extension 'colcon_meta'
[0.422s] Level 1:colcon.colcon_core.package_identification:_identify(mujoco/sample/cmake) by extensions ['ros']
[0.422s] Level 1:colcon.colcon_core.package_identification:_identify(mujoco/sample/cmake) by extension 'ros'
[0.423s] Level 1:colcon.colcon_core.package_identification:_identify(mujoco/sample/cmake) by extensions ['cmake', 'python']
[0.423s] Level 1:colcon.colcon_core.package_identification:_identify(mujoco/sample/cmake) by extension 'cmake'
[0.423s] Level 1:colcon.colcon_core.package_identification:_identify(mujoco/sample/cmake) by extension 'python'
[0.423s] Level 1:colcon.colcon_core.package_identification:_identify(mujoco/sample/cmake) by extensions ['python_setup_py']
[0.423s] Level 1:colcon.colcon_core.package_identification:_identify(mujoco/sample/cmake) by extension 'python_setup_py'
[0.423s] Level 1:colcon.colcon_core.package_identification:_identify(mujoco/simulate) by extensions ['ignore', 'ignore_ament_install']
[0.423s] Level 1:colcon.colcon_core.package_identification:_identify(mujoco/simulate) by extension 'ignore'
[0.423s] Level 1:colcon.colcon_core.package_identification:_identify(mujoco/simulate) by extension 'ignore_ament_install'
[0.423s] Level 1:colcon.colcon_core.package_identification:_identify(mujoco/simulate) by extensions ['colcon_pkg']
[0.423s] Level 1:colcon.colcon_core.package_identification:_identify(mujoco/simulate) by extension 'colcon_pkg'
[0.423s] Level 1:colcon.colcon_core.package_identification:_identify(mujoco/simulate) by extensions ['colcon_meta']
[0.423s] Level 1:colcon.colcon_core.package_identification:_identify(mujoco/simulate) by extension 'colcon_meta'
[0.423s] Level 1:colcon.colcon_core.package_identification:_identify(mujoco/simulate) by extensions ['ros']
[0.423s] Level 1:colcon.colcon_core.package_identification:_identify(mujoco/simulate) by extension 'ros'
[0.423s] Level 1:colcon.colcon_core.package_identification:_identify(mujoco/simulate) by extensions ['cmake', 'python']
[0.423s] Level 1:colcon.colcon_core.package_identification:_identify(mujoco/simulate) by extension 'cmake'
[0.423s] Level 1:colcon.colcon_core.package_identification:_identify(mujoco/simulate) by extension 'python'
[0.424s] Level 1:colcon.colcon_core.package_identification:_identify(mujoco/simulate) by extensions ['python_setup_py']
[0.424s] Level 1:colcon.colcon_core.package_identification:_identify(mujoco/simulate) by extension 'python_setup_py'
[0.424s] Level 1:colcon.colcon_core.package_identification:_identify(mujoco/simulate/cmake) by extensions ['ignore', 'ignore_ament_install']
[0.424s] Level 1:colcon.colcon_core.package_identification:_identify(mujoco/simulate/cmake) by extension 'ignore'
[0.424s] Level 1:colcon.colcon_core.package_identification:_identify(mujoco/simulate/cmake) by extension 'ignore_ament_install'
[0.424s] Level 1:colcon.colcon_core.package_identification:_identify(mujoco/simulate/cmake) by extensions ['colcon_pkg']
[0.424s] Level 1:colcon.colcon_core.package_identification:_identify(mujoco/simulate/cmake) by extension 'colcon_pkg'
[0.424s] Level 1:colcon.colcon_core.package_identification:_identify(mujoco/simulate/cmake) by extensions ['colcon_meta']
[0.424s] Level 1:colcon.colcon_core.package_identification:_identify(mujoco/simulate/cmake) by extension 'colcon_meta'
[0.424s] Level 1:colcon.colcon_core.package_identification:_identify(mujoco/simulate/cmake) by extensions ['ros']
[0.424s] Level 1:colcon.colcon_core.package_identification:_identify(mujoco/simulate/cmake) by extension 'ros'
[0.424s] Level 1:colcon.colcon_core.package_identification:_identify(mujoco/simulate/cmake) by extensions ['cmake', 'python']
[0.424s] Level 1:colcon.colcon_core.package_identification:_identify(mujoco/simulate/cmake) by extension 'cmake'
[0.424s] Level 1:colcon.colcon_core.package_identification:_identify(mujoco/simulate/cmake) by extension 'python'
[0.424s] Level 1:colcon.colcon_core.package_identification:_identify(mujoco/simulate/cmake) by extensions ['python_setup_py']
[0.424s] Level 1:colcon.colcon_core.package_identification:_identify(mujoco/simulate/cmake) by extension 'python_setup_py'
[0.424s] Level 1:colcon.colcon_core.package_identification:_identify(src) by extensions ['ignore', 'ignore_ament_install']
[0.424s] Level 1:colcon.colcon_core.package_identification:_identify(src) by extension 'ignore'
[0.425s] Level 1:colcon.colcon_core.package_identification:_identify(src) by extension 'ignore_ament_install'
[0.425s] Level 1:colcon.colcon_core.package_identification:_identify(src) by extensions ['colcon_pkg']
[0.425s] Level 1:colcon.colcon_core.package_identification:_identify(src) by extension 'colcon_pkg'
[0.425s] Level 1:colcon.colcon_core.package_identification:_identify(src) by extensions ['colcon_meta']
[0.425s] Level 1:colcon.colcon_core.package_identification:_identify(src) by extension 'colcon_meta'
[0.425s] Level 1:colcon.colcon_core.package_identification:_identify(src) by extensions ['ros']
[0.425s] Level 1:colcon.colcon_core.package_identification:_identify(src) by extension 'ros'
[0.425s] Level 1:colcon.colcon_core.package_identification:_identify(src) by extensions ['cmake', 'python']
[0.425s] Level 1:colcon.colcon_core.package_identification:_identify(src) by extension 'cmake'
[0.425s] Level 1:colcon.colcon_core.package_identification:_identify(src) by extension 'python'
[0.425s] Level 1:colcon.colcon_core.package_identification:_identify(src) by extensions ['python_setup_py']
[0.425s] Level 1:colcon.colcon_core.package_identification:_identify(src) by extension 'python_setup_py'
[0.425s] Level 1:colcon.colcon_core.package_identification:_identify(src/direct_control) by extensions ['ignore', 'ignore_ament_install']
[0.425s] Level 1:colcon.colcon_core.package_identification:_identify(src/direct_control) by extension 'ignore'
[0.425s] Level 1:colcon.colcon_core.package_identification:_identify(src/direct_control) by extension 'ignore_ament_install'
[0.425s] Level 1:colcon.colcon_core.package_identification:_identify(src/direct_control) by extensions ['colcon_pkg']
[0.425s] Level 1:colcon.colcon_core.package_identification:_identify(src/direct_control) by extension 'colcon_pkg'
[0.425s] Level 1:colcon.colcon_core.package_identification:_identify(src/direct_control) by extensions ['colcon_meta']
[0.425s] Level 1:colcon.colcon_core.package_identification:_identify(src/direct_control) by extension 'colcon_meta'
[0.425s] Level 1:colcon.colcon_core.package_identification:_identify(src/direct_control) by extensions ['ros']
[0.425s] Level 1:colcon.colcon_core.package_identification:_identify(src/direct_control) by extension 'ros'
[0.428s] DEBUG:colcon.colcon_core.package_identification:Package 'src/direct_control' with type 'ros.ament_python' and name 'direct_control'
[0.428s] Level 1:colcon.colcon_core.package_identification:_identify(src/rov_attitude_controller) by extensions ['ignore', 'ignore_ament_install']
[0.428s] Level 1:colcon.colcon_core.package_identification:_identify(src/rov_attitude_controller) by extension 'ignore'
[0.428s] Level 1:colcon.colcon_core.package_identification:_identify(src/rov_attitude_controller) by extension 'ignore_ament_install'
[0.428s] Level 1:colcon.colcon_core.package_identification:_identify(src/rov_attitude_controller) by extensions ['colcon_pkg']
[0.428s] Level 1:colcon.colcon_core.package_identification:_identify(src/rov_attitude_controller) by extension 'colcon_pkg'
[0.428s] Level 1:colcon.colcon_core.package_identification:_identify(src/rov_attitude_controller) by extensions ['colcon_meta']
[0.428s] Level 1:colcon.colcon_core.package_identification:_identify(src/rov_attitude_controller) by extension 'colcon_meta'
[0.428s] Level 1:colcon.colcon_core.package_identification:_identify(src/rov_attitude_controller) by extensions ['ros']
[0.428s] Level 1:colcon.colcon_core.package_identification:_identify(src/rov_attitude_controller) by extension 'ros'
[0.429s] DEBUG:colcon.colcon_core.package_identification:Package 'src/rov_attitude_controller' with type 'ros.ament_python' and name 'rov_attitude_controller'
[0.429s] Level 1:colcon.colcon_core.package_identification:_identify(src/rov_controllers) by extensions ['ignore', 'ignore_ament_install']
[0.429s] Level 1:colcon.colcon_core.package_identification:_identify(src/rov_controllers) by extension 'ignore'
[0.429s] Level 1:colcon.colcon_core.package_identification:_identify(src/rov_controllers) by extension 'ignore_ament_install'
[0.429s] Level 1:colcon.colcon_core.package_identification:_identify(src/rov_controllers) by extensions ['colcon_pkg']
[0.429s] Level 1:colcon.colcon_core.package_identification:_identify(src/rov_controllers) by extension 'colcon_pkg'
[0.429s] Level 1:colcon.colcon_core.package_identification:_identify(src/rov_controllers) by extensions ['colcon_meta']
[0.429s] Level 1:colcon.colcon_core.package_identification:_identify(src/rov_controllers) by extension 'colcon_meta'
[0.429s] Level 1:colcon.colcon_core.package_identification:_identify(src/rov_controllers) by extensions ['ros']
[0.429s] Level 1:colcon.colcon_core.package_identification:_identify(src/rov_controllers) by extension 'ros'
[0.431s] DEBUG:colcon.colcon_core.package_identification:Package 'src/rov_controllers' with type 'ros.ament_cmake' and name 'rov_controllers'
[0.431s] Level 1:colcon.colcon_core.package_identification:_identify(src/rov_hardware_interface) by extensions ['ignore', 'ignore_ament_install']
[0.431s] Level 1:colcon.colcon_core.package_identification:_identify(src/rov_hardware_interface) by extension 'ignore'
[0.431s] Level 1:colcon.colcon_core.package_identification:_identify(src/rov_hardware_interface) by extension 'ignore_ament_install'
[0.431s] Level 1:colcon.colcon_core.package_identification:_identify(src/rov_hardware_interface) by extensions ['colcon_pkg']
[0.431s] Level 1:colcon.colcon_core.package_identification:_identify(src/rov_hardware_interface) by extension 'colcon_pkg'
[0.431s] Level 1:colcon.colcon_core.package_identification:_identify(src/rov_hardware_interface) by extensions ['colcon_meta']
[0.431s] Level 1:colcon.colcon_core.package_identification:_identify(src/rov_hardware_interface) by extension 'colcon_meta'
[0.431s] Level 1:colcon.colcon_core.package_identification:_identify(src/rov_hardware_interface) by extensions ['ros']
[0.431s] Level 1:colcon.colcon_core.package_identification:_identify(src/rov_hardware_interface) by extension 'ros'
[0.432s] DEBUG:colcon.colcon_core.package_identification:Package 'src/rov_hardware_interface' with type 'ros.ament_cmake' and name 'rov_hardware_interface'
[0.432s] Level 1:colcon.colcon_core.package_identification:_identify(src/rov_mujoco_bringup) by extensions ['ignore', 'ignore_ament_install']
[0.432s] Level 1:colcon.colcon_core.package_identification:_identify(src/rov_mujoco_bringup) by extension 'ignore'
[0.432s] Level 1:colcon.colcon_core.package_identification:_identify(src/rov_mujoco_bringup) by extension 'ignore_ament_install'
[0.433s] Level 1:colcon.colcon_core.package_identification:_identify(src/rov_mujoco_bringup) by extensions ['colcon_pkg']
[0.433s] Level 1:colcon.colcon_core.package_identification:_identify(src/rov_mujoco_bringup) by extension 'colcon_pkg'
[0.433s] Level 1:colcon.colcon_core.package_identification:_identify(src/rov_mujoco_bringup) by extensions ['colcon_meta']
[0.433s] Level 1:colcon.colcon_core.package_identification:_identify(src/rov_mujoco_bringup) by extension 'colcon_meta'
[0.433s] Level 1:colcon.colcon_core.package_identification:_identify(src/rov_mujoco_bringup) by extensions ['ros']
[0.433s] Level 1:colcon.colcon_core.package_identification:_identify(src/rov_mujoco_bringup) by extension 'ros'
[0.433s] DEBUG:colcon.colcon_core.package_identification:Package 'src/rov_mujoco_bringup' with type 'ros.ament_cmake' and name 'rov_mujoco_bringup'
[0.433s] Level 1:colcon.colcon_core.package_identification:_identify(src/rov_mujoco_description) by extensions ['ignore', 'ignore_ament_install']
[0.434s] Level 1:colcon.colcon_core.package_identification:_identify(src/rov_mujoco_description) by extension 'ignore'
[0.434s] Level 1:colcon.colcon_core.package_identification:_identify(src/rov_mujoco_description) by extension 'ignore_ament_install'
[0.434s] Level 1:colcon.colcon_core.package_identification:_identify(src/rov_mujoco_description) by extensions ['colcon_pkg']
[0.434s] Level 1:colcon.colcon_core.package_identification:_identify(src/rov_mujoco_description) by extension 'colcon_pkg'
[0.434s] Level 1:colcon.colcon_core.package_identification:_identify(src/rov_mujoco_description) by extensions ['colcon_meta']
[0.434s] Level 1:colcon.colcon_core.package_identification:_identify(src/rov_mujoco_description) by extension 'colcon_meta'
[0.434s] Level 1:colcon.colcon_core.package_identification:_identify(src/rov_mujoco_description) by extensions ['ros']
[0.434s] Level 1:colcon.colcon_core.package_identification:_identify(src/rov_mujoco_description) by extension 'ros'
[0.434s] DEBUG:colcon.colcon_core.package_identification:Package 'src/rov_mujoco_description' with type 'ros.ament_cmake' and name 'rov_mujoco_description'
[0.434s] Level 1:colcon.colcon_core.package_identification:_identify(src/rov_mujoco_sim) by extensions ['ignore', 'ignore_ament_install']
[0.435s] Level 1:colcon.colcon_core.package_identification:_identify(src/rov_mujoco_sim) by extension 'ignore'
[0.435s] Level 1:colcon.colcon_core.package_identification:_identify(src/rov_mujoco_sim) by extension 'ignore_ament_install'
[0.435s] Level 1:colcon.colcon_core.package_identification:_identify(src/rov_mujoco_sim) by extensions ['colcon_pkg']
[0.435s] Level 1:colcon.colcon_core.package_identification:_identify(src/rov_mujoco_sim) by extension 'colcon_pkg'
[0.435s] Level 1:colcon.colcon_core.package_identification:_identify(src/rov_mujoco_sim) by extensions ['colcon_meta']
[0.435s] Level 1:colcon.colcon_core.package_identification:_identify(src/rov_mujoco_sim) by extension 'colcon_meta'
[0.435s] Level 1:colcon.colcon_core.package_identification:_identify(src/rov_mujoco_sim) by extensions ['ros']
[0.435s] Level 1:colcon.colcon_core.package_identification:_identify(src/rov_mujoco_sim) by extension 'ros'
[0.437s] DEBUG:colcon.colcon_core.package_identification:Package 'src/rov_mujoco_sim' with type 'ros.ament_cmake' and name 'rov_mujoco_sim'
[0.437s] Level 1:colcon.colcon_core.package_identification:_identify(src/rov_path_follower) by extensions ['ignore', 'ignore_ament_install']
[0.437s] Level 1:colcon.colcon_core.package_identification:_identify(src/rov_path_follower) by extension 'ignore'
[0.437s] Level 1:colcon.colcon_core.package_identification:_identify(src/rov_path_follower) by extension 'ignore_ament_install'
[0.437s] Level 1:colcon.colcon_core.package_identification:_identify(src/rov_path_follower) by extensions ['colcon_pkg']
[0.437s] Level 1:colcon.colcon_core.package_identification:_identify(src/rov_path_follower) by extension 'colcon_pkg'
[0.437s] Level 1:colcon.colcon_core.package_identification:_identify(src/rov_path_follower) by extensions ['colcon_meta']
[0.437s] Level 1:colcon.colcon_core.package_identification:_identify(src/rov_path_follower) by extension 'colcon_meta'
[0.437s] Level 1:colcon.colcon_core.package_identification:_identify(src/rov_path_follower) by extensions ['ros']
[0.437s] Level 1:colcon.colcon_core.package_identification:_identify(src/rov_path_follower) by extension 'ros'
[0.438s] DEBUG:colcon.colcon_core.package_identification:Package 'src/rov_path_follower' with type 'ros.ament_python' and name 'rov_path_follower'
[0.438s] Level 1:colcon.colcon_core.package_identification:_identify(src/rov_path_generator) by extensions ['ignore', 'ignore_ament_install']
[0.438s] Level 1:colcon.colcon_core.package_identification:_identify(src/rov_path_generator) by extension 'ignore'
[0.438s] Level 1:colcon.colcon_core.package_identification:_identify(src/rov_path_generator) by extension 'ignore_ament_install'
[0.438s] Level 1:colcon.colcon_core.package_identification:_identify(src/rov_path_generator) by extensions ['colcon_pkg']
[0.438s] Level 1:colcon.colcon_core.package_identification:_identify(src/rov_path_generator) by extension 'colcon_pkg'
[0.438s] Level 1:colcon.colcon_core.package_identification:_identify(src/rov_path_generator) by extensions ['colcon_meta']
[0.438s] Level 1:colcon.colcon_core.package_identification:_identify(src/rov_path_generator) by extension 'colcon_meta'
[0.438s] Level 1:colcon.colcon_core.package_identification:_identify(src/rov_path_generator) by extensions ['ros']
[0.438s] Level 1:colcon.colcon_core.package_identification:_identify(src/rov_path_generator) by extension 'ros'
[0.439s] DEBUG:colcon.colcon_core.package_identification:Package 'src/rov_path_generator' with type 'ros.ament_python' and name 'rov_path_generator'
[0.439s] Level 1:colcon.colcon_core.package_identification:_identify(src/rov_position_controller) by extensions ['ignore', 'ignore_ament_install']
[0.439s] Level 1:colcon.colcon_core.package_identification:_identify(src/rov_position_controller) by extension 'ignore'
[0.439s] Level 1:colcon.colcon_core.package_identification:_identify(src/rov_position_controller) by extension 'ignore_ament_install'
[0.439s] Level 1:colcon.colcon_core.package_identification:_identify(src/rov_position_controller) by extensions ['colcon_pkg']
[0.439s] Level 1:colcon.colcon_core.package_identification:_identify(src/rov_position_controller) by extension 'colcon_pkg'
[0.439s] Level 1:colcon.colcon_core.package_identification:_identify(src/rov_position_controller) by extensions ['colcon_meta']
[0.439s] Level 1:colcon.colcon_core.package_identification:_identify(src/rov_position_controller) by extension 'colcon_meta'
[0.439s] Level 1:colcon.colcon_core.package_identification:_identify(src/rov_position_controller) by extensions ['ros']
[0.439s] Level 1:colcon.colcon_core.package_identification:_identify(src/rov_position_controller) by extension 'ros'
[0.440s] DEBUG:colcon.colcon_core.package_identification:Package 'src/rov_position_controller' with type 'ros.ament_python' and name 'rov_position_controller'
[0.440s] Level 1:colcon.colcon_core.package_identification:_identify(src/rov_real_bringup) by extensions ['ignore', 'ignore_ament_install']
[0.440s] Level 1:colcon.colcon_core.package_identification:_identify(src/rov_real_bringup) by extension 'ignore'
[0.440s] Level 1:colcon.colcon_core.package_identification:_identify(src/rov_real_bringup) by extension 'ignore_ament_install'
[0.440s] Level 1:colcon.colcon_core.package_identification:_identify(src/rov_real_bringup) by extensions ['colcon_pkg']
[0.440s] Level 1:colcon.colcon_core.package_identification:_identify(src/rov_real_bringup) by extension 'colcon_pkg'
[0.440s] Level 1:colcon.colcon_core.package_identification:_identify(src/rov_real_bringup) by extensions ['colcon_meta']
[0.440s] Level 1:colcon.colcon_core.package_identification:_identify(src/rov_real_bringup) by extension 'colcon_meta'
[0.440s] Level 1:colcon.colcon_core.package_identification:_identify(src/rov_real_bringup) by extensions ['ros']
[0.440s] Level 1:colcon.colcon_core.package_identification:_identify(src/rov_real_bringup) by extension 'ros'
[0.441s] DEBUG:colcon.colcon_core.package_identification:Package 'src/rov_real_bringup' with type 'ros.ament_cmake' and name 'rov_real_bringup'
[0.441s] Level 1:colcon.colcon_core.package_identification:_identify(src/rov_real_description) by extensions ['ignore', 'ignore_ament_install']
[0.441s] Level 1:colcon.colcon_core.package_identification:_identify(src/rov_real_description) by extension 'ignore'
[0.441s] Level 1:colcon.colcon_core.package_identification:_identify(src/rov_real_description) by extension 'ignore_ament_install'
[0.441s] Level 1:colcon.colcon_core.package_identification:_identify(src/rov_real_description) by extensions ['colcon_pkg']
[0.441s] Level 1:colcon.colcon_core.package_identification:_identify(src/rov_real_description) by extension 'colcon_pkg'
[0.441s] Level 1:colcon.colcon_core.package_identification:_identify(src/rov_real_description) by extensions ['colcon_meta']
[0.441s] Level 1:colcon.colcon_core.package_identification:_identify(src/rov_real_description) by extension 'colcon_meta'
[0.441s] Level 1:colcon.colcon_core.package_identification:_identify(src/rov_real_description) by extensions ['ros']
[0.441s] Level 1:colcon.colcon_core.package_identification:_identify(src/rov_real_description) by extension 'ros'
[0.442s] DEBUG:colcon.colcon_core.package_identification:Package 'src/rov_real_description' with type 'ros.ament_cmake' and name 'rov_real_description'
[0.442s] Level 1:colcon.colcon_core.package_discovery:discover_packages(recursive) using defaults
[0.442s] Level 1:colcon.colcon_core.package_discovery:discover_packages(ignore) discover
[0.442s] Level 1:colcon.colcon_core.package_discovery:discover_packages(ignore) using defaults
[0.442s] Level 1:colcon.colcon_core.package_discovery:discover_packages(path) discover
[0.442s] Level 1:colcon.colcon_core.package_discovery:discover_packages(path) using defaults
[0.474s] Level 1:colcon.colcon_core.package_discovery:discover_packages(prefix_path) check parameters
[0.474s] Level 1:colcon.colcon_core.package_discovery:discover_packages(prefix_path) discover
[0.476s] DEBUG:colcon.colcon_installed_package_information.package_discovery:Found 12 installed packages in /home/eia/repo/rbi_2025_2/rov/rov_ws/install
[0.478s] DEBUG:colcon.colcon_installed_package_information.package_discovery:Found 460 installed packages in /opt/ros/humble
[0.480s] Level 1:colcon.colcon_core.package_discovery:discover_packages(prefix_path) using defaults
[0.540s] Level 5:colcon.colcon_core.verb:set package 'direct_control' build argument 'cmake_args' from command line to 'None'
[0.540s] Level 5:colcon.colcon_core.verb:set package 'direct_control' build argument 'cmake_target' from command line to 'None'
[0.540s] Level 5:colcon.colcon_core.verb:set package 'direct_control' build argument 'cmake_target_skip_unavailable' from command line to 'False'
[0.540s] Level 5:colcon.colcon_core.verb:set package 'direct_control' build argument 'cmake_clean_cache' from command line to 'False'
[0.540s] Level 5:colcon.colcon_core.verb:set package 'direct_control' build argument 'cmake_clean_first' from command line to 'False'
[0.540s] Level 5:colcon.colcon_core.verb:set package 'direct_control' build argument 'cmake_force_configure' from command line to 'False'
[0.540s] Level 5:colcon.colcon_core.verb:set package 'direct_control' build argument 'ament_cmake_args' from command line to 'None'
[0.540s] Level 5:colcon.colcon_core.verb:set package 'direct_control' build argument 'catkin_cmake_args' from command line to 'None'
[0.540s] Level 5:colcon.colcon_core.verb:set package 'direct_control' build argument 'catkin_skip_building_tests' from command line to 'False'
[0.540s] DEBUG:colcon.colcon_core.verb:Building package 'direct_control' with the following arguments: {'ament_cmake_args': None, 'build_base': '/home/eia/repo/rbi_2025_2/rov/rov_ws/build/direct_control', 'catkin_cmake_args': None, 'catkin_skip_building_tests': False, 'cmake_args': None, 'cmake_clean_cache': False, 'cmake_clean_first': False, 'cmake_force_configure': False, 'cmake_target': None, 'cmake_target_skip_unavailable': False, 'install_base': '/home/eia/repo/rbi_2025_2/rov/rov_ws/install/direct_control', 'merge_install': False, 'path': '/home/eia/repo/rbi_2025_2/rov/rov_ws/src/direct_control', 'symlink_install': True, 'test_result_base': None}
[0.541s] Level 5:colcon.colcon_core.verb:set package 'rov_attitude_controller' build argument 'cmake_args' from command line to 'None'
[0.541s] Level 5:colcon.colcon_core.verb:set package 'rov_attitude_controller' build argument 'cmake_target' from command line to 'None'
[0.541s] Level 5:colcon.colcon_core.verb:set package 'rov_attitude_controller' build argument 'cmake_target_skip_unavailable' from command line to 'False'
[0.541s] Level 5:colcon.colcon_core.verb:set package 'rov_attitude_controller' build argument 'cmake_clean_cache' from command line to 'False'
[0.541s] Level 5:colcon.colcon_core.verb:set package 'rov_attitude_controller' build argument 'cmake_clean_first' from command line to 'False'
[0.541s] Level 5:colcon.colcon_core.verb:set package 'rov_attitude_controller' build argument 'cmake_force_configure' from command line to 'False'
[0.541s] Level 5:colcon.colcon_core.verb:set package 'rov_attitude_controller' build argument 'ament_cmake_args' from command line to 'None'
[0.541s] Level 5:colcon.colcon_core.verb:set package 'rov_attitude_controller' build argument 'catkin_cmake_args' from command line to 'None'
[0.541s] Level 5:colcon.colcon_core.verb:set package 'rov_attitude_controller' build argument 'catkin_skip_building_tests' from command line to 'False'
[0.541s] DEBUG:colcon.colcon_core.verb:Building package 'rov_attitude_controller' with the following arguments: {'ament_cmake_args': None, 'build_base': '/home/eia/repo/rbi_2025_2/rov/rov_ws/build/rov_attitude_controller', 'catkin_cmake_args': None, 'catkin_skip_building_tests': False, 'cmake_args': None, 'cmake_clean_cache': False, 'cmake_clean_first': False, 'cmake_force_configure': False, 'cmake_target': None, 'cmake_target_skip_unavailable': False, 'install_base': '/home/eia/repo/rbi_2025_2/rov/rov_ws/install/rov_attitude_controller', 'merge_install': False, 'path': '/home/eia/repo/rbi_2025_2/rov/rov_ws/src/rov_attitude_controller', 'symlink_install': True, 'test_result_base': None}
[0.541s] Level 5:colcon.colcon_core.verb:set package 'rov_controllers' build argument 'cmake_args' from command line to 'None'
[0.541s] Level 5:colcon.colcon_core.verb:set package 'rov_controllers' build argument 'cmake_target' from command line to 'None'
[0.541s] Level 5:colcon.colcon_core.verb:set package 'rov_controllers' build argument 'cmake_target_skip_unavailable' from command line to 'False'
[0.541s] Level 5:colcon.colcon_core.verb:set package 'rov_controllers' build argument 'cmake_clean_cache' from command line to 'False'
[0.542s] Level 5:colcon.colcon_core.verb:set package 'rov_controllers' build argument 'cmake_clean_first' from command line to 'False'
[0.542s] Level 5:colcon.colcon_core.verb:set package 'rov_controllers' build argument 'cmake_force_configure' from command line to 'False'
[0.542s] Level 5:colcon.colcon_core.verb:set package 'rov_controllers' build argument 'ament_cmake_args' from command line to 'None'
[0.542s] Level 5:colcon.colcon_core.verb:set package 'rov_controllers' build argument 'catkin_cmake_args' from command line to 'None'
[0.542s] Level 5:colcon.colcon_core.verb:set package 'rov_controllers' build argument 'catkin_skip_building_tests' from command line to 'False'
[0.542s] DEBUG:colcon.colcon_core.verb:Building package 'rov_controllers' with the following arguments: {'ament_cmake_args': None, 'build_base': '/home/eia/repo/rbi_2025_2/rov/rov_ws/build/rov_controllers', 'catkin_cmake_args': None, 'catkin_skip_building_tests': False, 'cmake_args': None, 'cmake_clean_cache': False, 'cmake_clean_first': False, 'cmake_force_configure': False, 'cmake_target': None, 'cmake_target_skip_unavailable': False, 'install_base': '/home/eia/repo/rbi_2025_2/rov/rov_ws/install/rov_controllers', 'merge_install': False, 'path': '/home/eia/repo/rbi_2025_2/rov/rov_ws/src/rov_controllers', 'symlink_install': True, 'test_result_base': None}
[0.542s] Level 5:colcon.colcon_core.verb:set package 'rov_hardware_interface' build argument 'cmake_args' from command line to 'None'
[0.542s] Level 5:colcon.colcon_core.verb:set package 'rov_hardware_interface' build argument 'cmake_target' from command line to 'None'
[0.542s] Level 5:colcon.colcon_core.verb:set package 'rov_hardware_interface' build argument 'cmake_target_skip_unavailable' from command line to 'False'
[0.542s] Level 5:colcon.colcon_core.verb:set package 'rov_hardware_interface' build argument 'cmake_clean_cache' from command line to 'False'
[0.542s] Level 5:colcon.colcon_core.verb:set package 'rov_hardware_interface' build argument 'cmake_clean_first' from command line to 'False'
[0.542s] Level 5:colcon.colcon_core.verb:set package 'rov_hardware_interface' build argument 'cmake_force_configure' from command line to 'False'
[0.542s] Level 5:colcon.colcon_core.verb:set package 'rov_hardware_interface' build argument 'ament_cmake_args' from command line to 'None'
[0.542s] Level 5:colcon.colcon_core.verb:set package 'rov_hardware_interface' build argument 'catkin_cmake_args' from command line to 'None'
[0.542s] Level 5:colcon.colcon_core.verb:set package 'rov_hardware_interface' build argument 'catkin_skip_building_tests' from command line to 'False'
[0.542s] DEBUG:colcon.colcon_core.verb:Building package 'rov_hardware_interface' with the following arguments: {'ament_cmake_args': None, 'build_base': '/home/eia/repo/rbi_2025_2/rov/rov_ws/build/rov_hardware_interface', 'catkin_cmake_args': None, 'catkin_skip_building_tests': False, 'cmake_args': None, 'cmake_clean_cache': False, 'cmake_clean_first': False, 'cmake_force_configure': False, 'cmake_target': None, 'cmake_target_skip_unavailable': False, 'install_base': '/home/eia/repo/rbi_2025_2/rov/rov_ws/install/rov_hardware_interface', 'merge_install': False, 'path': '/home/eia/repo/rbi_2025_2/rov/rov_ws/src/rov_hardware_interface', 'symlink_install': True, 'test_result_base': None}
[0.543s] Level 5:colcon.colcon_core.verb:set package 'rov_mujoco_bringup' build argument 'cmake_args' from command line to 'None'
[0.543s] Level 5:colcon.colcon_core.verb:set package 'rov_mujoco_bringup' build argument 'cmake_target' from command line to 'None'
[0.543s] Level 5:colcon.colcon_core.verb:set package 'rov_mujoco_bringup' build argument 'cmake_target_skip_unavailable' from command line to 'False'
[0.543s] Level 5:colcon.colcon_core.verb:set package 'rov_mujoco_bringup' build argument 'cmake_clean_cache' from command line to 'False'
[0.543s] Level 5:colcon.colcon_core.verb:set package 'rov_mujoco_bringup' build argument 'cmake_clean_first' from command line to 'False'
[0.543s] Level 5:colcon.colcon_core.verb:set package 'rov_mujoco_bringup' build argument 'cmake_force_configure' from command line to 'False'
[0.543s] Level 5:colcon.colcon_core.verb:set package 'rov_mujoco_bringup' build argument 'ament_cmake_args' from command line to 'None'
[0.543s] Level 5:colcon.colcon_core.verb:set package 'rov_mujoco_bringup' build argument 'catkin_cmake_args' from command line to 'None'
[0.543s] Level 5:colcon.colcon_core.verb:set package 'rov_mujoco_bringup' build argument 'catkin_skip_building_tests' from command line to 'False'
[0.543s] DEBUG:colcon.colcon_core.verb:Building package 'rov_mujoco_bringup' with the following arguments: {'ament_cmake_args': None, 'build_base': '/home/eia/repo/rbi_2025_2/rov/rov_ws/build/rov_mujoco_bringup', 'catkin_cmake_args': None, 'catkin_skip_building_tests': False, 'cmake_args': None, 'cmake_clean_cache': False, 'cmake_clean_first': False, 'cmake_force_configure': False, 'cmake_target': None, 'cmake_target_skip_unavailable': False, 'install_base': '/home/eia/repo/rbi_2025_2/rov/rov_ws/install/rov_mujoco_bringup', 'merge_install': False, 'path': '/home/eia/repo/rbi_2025_2/rov/rov_ws/src/rov_mujoco_bringup', 'symlink_install': True, 'test_result_base': None}
[0.543s] Level 5:colcon.colcon_core.verb:set package 'rov_mujoco_description' build argument 'cmake_args' from command line to 'None'
[0.543s] Level 5:colcon.colcon_core.verb:set package 'rov_mujoco_description' build argument 'cmake_target' from command line to 'None'
[0.543s] Level 5:colcon.colcon_core.verb:set package 'rov_mujoco_description' build argument 'cmake_target_skip_unavailable' from command line to 'False'
[0.543s] Level 5:colcon.colcon_core.verb:set package 'rov_mujoco_description' build argument 'cmake_clean_cache' from command line to 'False'
[0.543s] Level 5:colcon.colcon_core.verb:set package 'rov_mujoco_description' build argument 'cmake_clean_first' from command line to 'False'
[0.543s] Level 5:colcon.colcon_core.verb:set package 'rov_mujoco_description' build argument 'cmake_force_configure' from command line to 'False'
[0.543s] Level 5:colcon.colcon_core.verb:set package 'rov_mujoco_description' build argument 'ament_cmake_args' from command line to 'None'
[0.543s] Level 5:colcon.colcon_core.verb:set package 'rov_mujoco_description' build argument 'catkin_cmake_args' from command line to 'None'
[0.543s] Level 5:colcon.colcon_core.verb:set package 'rov_mujoco_description' build argument 'catkin_skip_building_tests' from command line to 'False'
[0.543s] DEBUG:colcon.colcon_core.verb:Building package 'rov_mujoco_description' with the following arguments: {'ament_cmake_args': None, 'build_base': '/home/eia/repo/rbi_2025_2/rov/rov_ws/build/rov_mujoco_description', 'catkin_cmake_args': None, 'catkin_skip_building_tests': False, 'cmake_args': None, 'cmake_clean_cache': False, 'cmake_clean_first': False, 'cmake_force_configure': False, 'cmake_target': None, 'cmake_target_skip_unavailable': False, 'install_base': '/home/eia/repo/rbi_2025_2/rov/rov_ws/install/rov_mujoco_description', 'merge_install': False, 'path': '/home/eia/repo/rbi_2025_2/rov/rov_ws/src/rov_mujoco_description', 'symlink_install': True, 'test_result_base': None}
[0.544s] Level 5:colcon.colcon_core.verb:set package 'rov_mujoco_sim' build argument 'cmake_args' from command line to 'None'
[0.544s] Level 5:colcon.colcon_core.verb:set package 'rov_mujoco_sim' build argument 'cmake_target' from command line to 'None'
[0.544s] Level 5:colcon.colcon_core.verb:set package 'rov_mujoco_sim' build argument 'cmake_target_skip_unavailable' from command line to 'False'
[0.544s] Level 5:colcon.colcon_core.verb:set package 'rov_mujoco_sim' build argument 'cmake_clean_cache' from command line to 'False'
[0.544s] Level 5:colcon.colcon_core.verb:set package 'rov_mujoco_sim' build argument 'cmake_clean_first' from command line to 'False'
[0.544s] Level 5:colcon.colcon_core.verb:set package 'rov_mujoco_sim' build argument 'cmake_force_configure' from command line to 'False'
[0.544s] Level 5:colcon.colcon_core.verb:set package 'rov_mujoco_sim' build argument 'ament_cmake_args' from command line to 'None'
[0.544s] Level 5:colcon.colcon_core.verb:set package 'rov_mujoco_sim' build argument 'catkin_cmake_args' from command line to 'None'
[0.544s] Level 5:colcon.colcon_core.verb:set package 'rov_mujoco_sim' build argument 'catkin_skip_building_tests' from command line to 'False'
[0.544s] DEBUG:colcon.colcon_core.verb:Building package 'rov_mujoco_sim' with the following arguments: {'ament_cmake_args': None, 'build_base': '/home/eia/repo/rbi_2025_2/rov/rov_ws/build/rov_mujoco_sim', 'catkin_cmake_args': None, 'catkin_skip_building_tests': False, 'cmake_args': None, 'cmake_clean_cache': False, 'cmake_clean_first': False, 'cmake_force_configure': False, 'cmake_target': None, 'cmake_target_skip_unavailable': False, 'install_base': '/home/eia/repo/rbi_2025_2/rov/rov_ws/install/rov_mujoco_sim', 'merge_install': False, 'path': '/home/eia/repo/rbi_2025_2/rov/rov_ws/src/rov_mujoco_sim', 'symlink_install': True, 'test_result_base': None}
[0.544s] Level 5:colcon.colcon_core.verb:set package 'rov_path_follower' build argument 'cmake_args' from command line to 'None'
[0.544s] Level 5:colcon.colcon_core.verb:set package 'rov_path_follower' build argument 'cmake_target' from command line to 'None'
[0.544s] Level 5:colcon.colcon_core.verb:set package 'rov_path_follower' build argument 'cmake_target_skip_unavailable' from command line to 'False'
[0.544s] Level 5:colcon.colcon_core.verb:set package 'rov_path_follower' build argument 'cmake_clean_cache' from command line to 'False'
[0.544s] Level 5:colcon.colcon_core.verb:set package 'rov_path_follower' build argument 'cmake_clean_first' from command line to 'False'
[0.544s] Level 5:colcon.colcon_core.verb:set package 'rov_path_follower' build argument 'cmake_force_configure' from command line to 'False'
[0.544s] Level 5:colcon.colcon_core.verb:set package 'rov_path_follower' build argument 'ament_cmake_args' from command line to 'None'
[0.545s] Level 5:colcon.colcon_core.verb:set package 'rov_path_follower' build argument 'catkin_cmake_args' from command line to 'None'
[0.545s] Level 5:colcon.colcon_core.verb:set package 'rov_path_follower' build argument 'catkin_skip_building_tests' from command line to 'False'
[0.545s] DEBUG:colcon.colcon_core.verb:Building package 'rov_path_follower' with the following arguments: {'ament_cmake_args': None, 'build_base': '/home/eia/repo/rbi_2025_2/rov/rov_ws/build/rov_path_follower', 'catkin_cmake_args': None, 'catkin_skip_building_tests': False, 'cmake_args': None, 'cmake_clean_cache': False, 'cmake_clean_first': False, 'cmake_force_configure': False, 'cmake_target': None, 'cmake_target_skip_unavailable': False, 'install_base': '/home/eia/repo/rbi_2025_2/rov/rov_ws/install/rov_path_follower', 'merge_install': False, 'path': '/home/eia/repo/rbi_2025_2/rov/rov_ws/src/rov_path_follower', 'symlink_install': True, 'test_result_base': None}
[0.545s] Level 5:colcon.colcon_core.verb:set package 'rov_path_generator' build argument 'cmake_args' from command line to 'None'
[0.545s] Level 5:colcon.colcon_core.verb:set package 'rov_path_generator' build argument 'cmake_target' from command line to 'None'
[0.545s] Level 5:colcon.colcon_core.verb:set package 'rov_path_generator' build argument 'cmake_target_skip_unavailable' from command line to 'False'
[0.545s] Level 5:colcon.colcon_core.verb:set package 'rov_path_generator' build argument 'cmake_clean_cache' from command line to 'False'
[0.545s] Level 5:colcon.colcon_core.verb:set package 'rov_path_generator' build argument 'cmake_clean_first' from command line to 'False'
[0.545s] Level 5:colcon.colcon_core.verb:set package 'rov_path_generator' build argument 'cmake_force_configure' from command line to 'False'
[0.545s] Level 5:colcon.colcon_core.verb:set package 'rov_path_generator' build argument 'ament_cmake_args' from command line to 'None'
[0.545s] Level 5:colcon.colcon_core.verb:set package 'rov_path_generator' build argument 'catkin_cmake_args' from command line to 'None'
[0.545s] Level 5:colcon.colcon_core.verb:set package 'rov_path_generator' build argument 'catkin_skip_building_tests' from command line to 'False'
[0.545s] DEBUG:colcon.colcon_core.verb:Building package 'rov_path_generator' with the following arguments: {'ament_cmake_args': None, 'build_base': '/home/eia/repo/rbi_2025_2/rov/rov_ws/build/rov_path_generator', 'catkin_cmake_args': None, 'catkin_skip_building_tests': False, 'cmake_args': None, 'cmake_clean_cache': False, 'cmake_clean_first': False, 'cmake_force_configure': False, 'cmake_target': None, 'cmake_target_skip_unavailable': False, 'install_base': '/home/eia/repo/rbi_2025_2/rov/rov_ws/install/rov_path_generator', 'merge_install': False, 'path': '/home/eia/repo/rbi_2025_2/rov/rov_ws/src/rov_path_generator', 'symlink_install': True, 'test_result_base': None}
[0.545s] Level 5:colcon.colcon_core.verb:set package 'rov_position_controller' build argument 'cmake_args' from command line to 'None'
[0.546s] Level 5:colcon.colcon_core.verb:set package 'rov_position_controller' build argument 'cmake_target' from command line to 'None'
[0.546s] Level 5:colcon.colcon_core.verb:set package 'rov_position_controller' build argument 'cmake_target_skip_unavailable' from command line to 'False'
[0.546s] Level 5:colcon.colcon_core.verb:set package 'rov_position_controller' build argument 'cmake_clean_cache' from command line to 'False'
[0.546s] Level 5:colcon.colcon_core.verb:set package 'rov_position_controller' build argument 'cmake_clean_first' from command line to 'False'
[0.546s] Level 5:colcon.colcon_core.verb:set package 'rov_position_controller' build argument 'cmake_force_configure' from command line to 'False'
[0.546s] Level 5:colcon.colcon_core.verb:set package 'rov_position_controller' build argument 'ament_cmake_args' from command line to 'None'
[0.546s] Level 5:colcon.colcon_core.verb:set package 'rov_position_controller' build argument 'catkin_cmake_args' from command line to 'None'
[0.546s] Level 5:colcon.colcon_core.verb:set package 'rov_position_controller' build argument 'catkin_skip_building_tests' from command line to 'False'
[0.546s] DEBUG:colcon.colcon_core.verb:Building package 'rov_position_controller' with the following arguments: {'ament_cmake_args': None, 'build_base': '/home/eia/repo/rbi_2025_2/rov/rov_ws/build/rov_position_controller', 'catkin_cmake_args': None, 'catkin_skip_building_tests': False, 'cmake_args': None, 'cmake_clean_cache': False, 'cmake_clean_first': False, 'cmake_force_configure': False, 'cmake_target': None, 'cmake_target_skip_unavailable': False, 'install_base': '/home/eia/repo/rbi_2025_2/rov/rov_ws/install/rov_position_controller', 'merge_install': False, 'path': '/home/eia/repo/rbi_2025_2/rov/rov_ws/src/rov_position_controller', 'symlink_install': True, 'test_result_base': None}
[0.546s] Level 5:colcon.colcon_core.verb:set package 'rov_real_bringup' build argument 'cmake_args' from command line to 'None'
[0.546s] Level 5:colcon.colcon_core.verb:set package 'rov_real_bringup' build argument 'cmake_target' from command line to 'None'
[0.546s] Level 5:colcon.colcon_core.verb:set package 'rov_real_bringup' build argument 'cmake_target_skip_unavailable' from command line to 'False'
[0.546s] Level 5:colcon.colcon_core.verb:set package 'rov_real_bringup' build argument 'cmake_clean_cache' from command line to 'False'
[0.546s] Level 5:colcon.colcon_core.verb:set package 'rov_real_bringup' build argument 'cmake_clean_first' from command line to 'False'
[0.546s] Level 5:colcon.colcon_core.verb:set package 'rov_real_bringup' build argument 'cmake_force_configure' from command line to 'False'
[0.546s] Level 5:colcon.colcon_core.verb:set package 'rov_real_bringup' build argument 'ament_cmake_args' from command line to 'None'
[0.546s] Level 5:colcon.colcon_core.verb:set package 'rov_real_bringup' build argument 'catkin_cmake_args' from command line to 'None'
[0.546s] Level 5:colcon.colcon_core.verb:set package 'rov_real_bringup' build argument 'catkin_skip_building_tests' from command line to 'False'
[0.546s] DEBUG:colcon.colcon_core.verb:Building package 'rov_real_bringup' with the following arguments: {'ament_cmake_args': None, 'build_base': '/home/eia/repo/rbi_2025_2/rov/rov_ws/build/rov_real_bringup', 'catkin_cmake_args': None, 'catkin_skip_building_tests': False, 'cmake_args': None, 'cmake_clean_cache': False, 'cmake_clean_first': False, 'cmake_force_configure': False, 'cmake_target': None, 'cmake_target_skip_unavailable': False, 'install_base': '/home/eia/repo/rbi_2025_2/rov/rov_ws/install/rov_real_bringup', 'merge_install': False, 'path': '/home/eia/repo/rbi_2025_2/rov/rov_ws/src/rov_real_bringup', 'symlink_install': True, 'test_result_base': None}
[0.547s] Level 5:colcon.colcon_core.verb:set package 'rov_real_description' build argument 'cmake_args' from command line to 'None'
[0.547s] Level 5:colcon.colcon_core.verb:set package 'rov_real_description' build argument 'cmake_target' from command line to 'None'
[0.547s] Level 5:colcon.colcon_core.verb:set package 'rov_real_description' build argument 'cmake_target_skip_unavailable' from command line to 'False'
[0.547s] Level 5:colcon.colcon_core.verb:set package 'rov_real_description' build argument 'cmake_clean_cache' from command line to 'False'
[0.547s] Level 5:colcon.colcon_core.verb:set package 'rov_real_description' build argument 'cmake_clean_first' from command line to 'False'
[0.547s] Level 5:colcon.colcon_core.verb:set package 'rov_real_description' build argument 'cmake_force_configure' from command line to 'False'
[0.547s] Level 5:colcon.colcon_core.verb:set package 'rov_real_description' build argument 'ament_cmake_args' from command line to 'None'
[0.547s] Level 5:colcon.colcon_core.verb:set package 'rov_real_description' build argument 'catkin_cmake_args' from command line to 'None'
[0.547s] Level 5:colcon.colcon_core.verb:set package 'rov_real_description' build argument 'catkin_skip_building_tests' from command line to 'False'
[0.547s] DEBUG:colcon.colcon_core.verb:Building package 'rov_real_description' with the following arguments: {'ament_cmake_args': None, 'build_base': '/home/eia/repo/rbi_2025_2/rov/rov_ws/build/rov_real_description', 'catkin_cmake_args': None, 'catkin_skip_building_tests': False, 'cmake_args': None, 'cmake_clean_cache': False, 'cmake_clean_first': False, 'cmake_force_configure': False, 'cmake_target': None, 'cmake_target_skip_unavailable': False, 'install_base': '/home/eia/repo/rbi_2025_2/rov/rov_ws/install/rov_real_description', 'merge_install': False, 'path': '/home/eia/repo/rbi_2025_2/rov/rov_ws/src/rov_real_description', 'symlink_install': True, 'test_result_base': None}
[0.547s] INFO:colcon.colcon_core.executor:Executing jobs using 'parallel' executor
[0.549s] DEBUG:colcon.colcon_parallel_executor.executor.parallel:run_until_complete
[0.549s] INFO:colcon.colcon_ros.task.ament_python.build:Building ROS package in '/home/eia/repo/rbi_2025_2/rov/rov_ws/src/direct_control' with build type 'ament_python'
[0.549s] Level 1:colcon.colcon_core.shell:create_environment_hook('direct_control', 'ament_prefix_path')
[0.551s] INFO:colcon.colcon_core.plugin_system:Skipping extension 'colcon_core.shell.bat': Not used on non-Windows systems
[0.552s] INFO:colcon.colcon_core.shell:Creating environment hook '/home/eia/repo/rbi_2025_2/rov/rov_ws/install/direct_control/share/direct_control/hook/ament_prefix_path.ps1'
[0.552s] INFO:colcon.colcon_core.shell:Creating environment descriptor '/home/eia/repo/rbi_2025_2/rov/rov_ws/install/direct_control/share/direct_control/hook/ament_prefix_path.dsv'
[0.553s] INFO:colcon.colcon_core.shell:Creating environment hook '/home/eia/repo/rbi_2025_2/rov/rov_ws/install/direct_control/share/direct_control/hook/ament_prefix_path.sh'
[0.554s] INFO:colcon.colcon_core.shell:Skip shell extension 'powershell' for command environment: Not usable outside of PowerShell
[0.554s] DEBUG:colcon.colcon_core.shell:Skip shell extension 'dsv' for command environment
[0.558s] INFO:colcon.colcon_ros.task.ament_python.build:Building ROS package in '/home/eia/repo/rbi_2025_2/rov/rov_ws/src/rov_attitude_controller' with build type 'ament_python'
[0.558s] Level 1:colcon.colcon_core.shell:create_environment_hook('rov_attitude_controller', 'ament_prefix_path')
[0.558s] INFO:colcon.colcon_core.shell:Creating environment hook '/home/eia/repo/rbi_2025_2/rov/rov_ws/install/rov_attitude_controller/share/rov_attitude_controller/hook/ament_prefix_path.ps1'
[0.559s] INFO:colcon.colcon_core.shell:Creating environment descriptor '/home/eia/repo/rbi_2025_2/rov/rov_ws/install/rov_attitude_controller/share/rov_attitude_controller/hook/ament_prefix_path.dsv'
[0.559s] INFO:colcon.colcon_core.shell:Creating environment hook '/home/eia/repo/rbi_2025_2/rov/rov_ws/install/rov_attitude_controller/share/rov_attitude_controller/hook/ament_prefix_path.sh'
[0.559s] INFO:colcon.colcon_core.shell:Skip shell extension 'powershell' for command environment: Not usable outside of PowerShell
[0.559s] DEBUG:colcon.colcon_core.shell:Skip shell extension 'dsv' for command environment
[0.563s] INFO:colcon.colcon_ros.task.ament_cmake.build:Building ROS package in '/home/eia/repo/rbi_2025_2/rov/rov_ws/src/rov_controllers' with build type 'ament_cmake'
[0.564s] INFO:colcon.colcon_cmake.task.cmake.build:Building CMake package in '/home/eia/repo/rbi_2025_2/rov/rov_ws/src/rov_controllers'
[0.564s] INFO:colcon.colcon_core.shell:Skip shell extension 'powershell' for command environment: Not usable outside of PowerShell
[0.564s] DEBUG:colcon.colcon_core.shell:Skip shell extension 'dsv' for command environment
[0.569s] INFO:colcon.colcon_ros.task.ament_cmake.build:Building ROS package in '/home/eia/repo/rbi_2025_2/rov/rov_ws/src/rov_hardware_interface' with build type 'ament_cmake'
[0.569s] INFO:colcon.colcon_cmake.task.cmake.build:Building CMake package in '/home/eia/repo/rbi_2025_2/rov/rov_ws/src/rov_hardware_interface'
[0.569s] INFO:colcon.colcon_core.shell:Skip shell extension 'powershell' for command environment: Not usable outside of PowerShell
[0.569s] DEBUG:colcon.colcon_core.shell:Skip shell extension 'dsv' for command environment
[0.573s] INFO:colcon.colcon_ros.task.ament_cmake.build:Building ROS package in '/home/eia/repo/rbi_2025_2/rov/rov_ws/src/rov_mujoco_bringup' with build type 'ament_cmake'
[0.573s] INFO:colcon.colcon_cmake.task.cmake.build:Building CMake package in '/home/eia/repo/rbi_2025_2/rov/rov_ws/src/rov_mujoco_bringup'
[0.574s] INFO:colcon.colcon_core.shell:Skip shell extension 'powershell' for command environment: Not usable outside of PowerShell
[0.574s] DEBUG:colcon.colcon_core.shell:Skip shell extension 'dsv' for command environment
[0.578s] INFO:colcon.colcon_ros.task.ament_cmake.build:Building ROS package in '/home/eia/repo/rbi_2025_2/rov/rov_ws/src/rov_mujoco_description' with build type 'ament_cmake'
[0.578s] INFO:colcon.colcon_cmake.task.cmake.build:Building CMake package in '/home/eia/repo/rbi_2025_2/rov/rov_ws/src/rov_mujoco_description'
[0.578s] INFO:colcon.colcon_core.shell:Skip shell extension 'powershell' for command environment: Not usable outside of PowerShell
[0.578s] DEBUG:colcon.colcon_core.shell:Skip shell extension 'dsv' for command environment
[0.583s] INFO:colcon.colcon_ros.task.ament_cmake.build:Building ROS package in '/home/eia/repo/rbi_2025_2/rov/rov_ws/src/rov_mujoco_sim' with build type 'ament_cmake'
[0.583s] INFO:colcon.colcon_cmake.task.cmake.build:Building CMake package in '/home/eia/repo/rbi_2025_2/rov/rov_ws/src/rov_mujoco_sim'
[0.584s] INFO:colcon.colcon_core.shell:Skip shell extension 'powershell' for command environment: Not usable outside of PowerShell
[0.584s] DEBUG:colcon.colcon_core.shell:Skip shell extension 'dsv' for command environment
[0.588s] INFO:colcon.colcon_ros.task.ament_python.build:Building ROS package in '/home/eia/repo/rbi_2025_2/rov/rov_ws/src/rov_path_follower' with build type 'ament_python'
[0.588s] Level 1:colcon.colcon_core.shell:create_environment_hook('rov_path_follower', 'ament_prefix_path')
[0.588s] INFO:colcon.colcon_core.shell:Creating environment hook '/home/eia/repo/rbi_2025_2/rov/rov_ws/install/rov_path_follower/share/rov_path_follower/hook/ament_prefix_path.ps1'
[0.589s] INFO:colcon.colcon_core.shell:Creating environment descriptor '/home/eia/repo/rbi_2025_2/rov/rov_ws/install/rov_path_follower/share/rov_path_follower/hook/ament_prefix_path.dsv'
[0.589s] INFO:colcon.colcon_core.shell:Creating environment hook '/home/eia/repo/rbi_2025_2/rov/rov_ws/install/rov_path_follower/share/rov_path_follower/hook/ament_prefix_path.sh'
[0.590s] INFO:colcon.colcon_core.shell:Skip shell extension 'powershell' for command environment: Not usable outside of PowerShell
[0.590s] DEBUG:colcon.colcon_core.shell:Skip shell extension 'dsv' for command environment
[0.594s] INFO:colcon.colcon_ros.task.ament_python.build:Building ROS package in '/home/eia/repo/rbi_2025_2/rov/rov_ws/src/rov_path_generator' with build type 'ament_python'
[0.594s] Level 1:colcon.colcon_core.shell:create_environment_hook('rov_path_generator', 'ament_prefix_path')
[0.594s] INFO:colcon.colcon_core.shell:Creating environment hook '/home/eia/repo/rbi_2025_2/rov/rov_ws/install/rov_path_generator/share/rov_path_generator/hook/ament_prefix_path.ps1'
[0.595s] INFO:colcon.colcon_core.shell:Creating environment descriptor '/home/eia/repo/rbi_2025_2/rov/rov_ws/install/rov_path_generator/share/rov_path_generator/hook/ament_prefix_path.dsv'
[0.595s] INFO:colcon.colcon_core.shell:Creating environment hook '/home/eia/repo/rbi_2025_2/rov/rov_ws/install/rov_path_generator/share/rov_path_generator/hook/ament_prefix_path.sh'
[0.595s] INFO:colcon.colcon_core.shell:Skip shell extension 'powershell' for command environment: Not usable outside of PowerShell
[0.595s] DEBUG:colcon.colcon_core.shell:Skip shell extension 'dsv' for command environment
[0.600s] INFO:colcon.colcon_ros.task.ament_python.build:Building ROS package in '/home/eia/repo/rbi_2025_2/rov/rov_ws/src/rov_position_controller' with build type 'ament_python'
[0.600s] Level 1:colcon.colcon_core.shell:create_environment_hook('rov_position_controller', 'ament_prefix_path')
[0.600s] INFO:colcon.colcon_core.shell:Creating environment hook '/home/eia/repo/rbi_2025_2/rov/rov_ws/install/rov_position_controller/share/rov_position_controller/hook/ament_prefix_path.ps1'
[0.601s] INFO:colcon.colcon_core.shell:Creating environment descriptor '/home/eia/repo/rbi_2025_2/rov/rov_ws/install/rov_position_controller/share/rov_position_controller/hook/ament_prefix_path.dsv'
[0.601s] INFO:colcon.colcon_core.shell:Creating environment hook '/home/eia/repo/rbi_2025_2/rov/rov_ws/install/rov_position_controller/share/rov_position_controller/hook/ament_prefix_path.sh'
[0.602s] INFO:colcon.colcon_core.shell:Skip shell extension 'powershell' for command environment: Not usable outside of PowerShell
[0.602s] DEBUG:colcon.colcon_core.shell:Skip shell extension 'dsv' for command environment
[0.607s] INFO:colcon.colcon_ros.task.ament_cmake.build:Building ROS package in '/home/eia/repo/rbi_2025_2/rov/rov_ws/src/rov_real_bringup' with build type 'ament_cmake'
[0.607s] INFO:colcon.colcon_cmake.task.cmake.build:Building CMake package in '/home/eia/repo/rbi_2025_2/rov/rov_ws/src/rov_real_bringup'
[0.607s] INFO:colcon.colcon_core.shell:Skip shell extension 'powershell' for command environment: Not usable outside of PowerShell
[0.607s] DEBUG:colcon.colcon_core.shell:Skip shell extension 'dsv' for command environment
[0.611s] INFO:colcon.colcon_ros.task.ament_cmake.build:Building ROS package in '/home/eia/repo/rbi_2025_2/rov/rov_ws/src/rov_real_description' with build type 'ament_cmake'
[0.612s] INFO:colcon.colcon_cmake.task.cmake.build:Building CMake package in '/home/eia/repo/rbi_2025_2/rov/rov_ws/src/rov_real_description'
[0.612s] INFO:colcon.colcon_core.shell:Skip shell extension 'powershell' for command environment: Not usable outside of PowerShell
[0.612s] DEBUG:colcon.colcon_core.shell:Skip shell extension 'dsv' for command environment
[1.063s] INFO:colcon.colcon_core.task.python.build:Building Python package in '/home/eia/repo/rbi_2025_2/rov/rov_ws/src/direct_control'
[1.063s] INFO:colcon.colcon_core.shell:Skip shell extension 'powershell' for command environment: Not usable outside of PowerShell
[1.063s] DEBUG:colcon.colcon_core.shell:Skip shell extension 'dsv' for command environment
[1.506s] INFO:colcon.colcon_core.task.python.build:Building Python package in '/home/eia/repo/rbi_2025_2/rov/rov_ws/src/rov_attitude_controller'
[1.506s] INFO:colcon.colcon_core.shell:Skip shell extension 'powershell' for command environment: Not usable outside of PowerShell
[1.506s] DEBUG:colcon.colcon_core.shell:Skip shell extension 'dsv' for command environment
[1.515s] DEBUG:colcon.colcon_core.event_handler.log_command:Invoking command in '/home/eia/repo/rbi_2025_2/rov/rov_ws/build/rov_controllers': CMAKE_PREFIX_PATH=${CMAKE_PREFIX_PATH}:/home/eia/repo/rbi_2025_2/rov/rov_ws/install/rov_position_controller:/home/eia/repo/rbi_2025_2/rov/rov_ws/install/rov_path_generator:/home/eia/repo/rbi_2025_2/rov/rov_ws/install/rov_path_follower:/home/eia/repo/rbi_2025_2/rov/rov_ws/install/rov_attitude_controller:/home/eia/repo/rbi_2025_2/rov/rov_ws/install/direct_control:/opt/ros/humble /usr/bin/cmake --build /home/eia/repo/rbi_2025_2/rov/rov_ws/build/rov_controllers -- -j12 -l12
[1.518s] DEBUG:colcon.colcon_core.event_handler.log_command:Invoking command in '/home/eia/repo/rbi_2025_2/rov/rov_ws/build/rov_hardware_interface': CMAKE_PREFIX_PATH=${CMAKE_PREFIX_PATH}:/home/eia/repo/rbi_2025_2/rov/rov_ws/install/rov_position_controller:/home/eia/repo/rbi_2025_2/rov/rov_ws/install/rov_path_generator:/home/eia/repo/rbi_2025_2/rov/rov_ws/install/rov_path_follower:/home/eia/repo/rbi_2025_2/rov/rov_ws/install/rov_attitude_controller:/home/eia/repo/rbi_2025_2/rov/rov_ws/install/direct_control:/opt/ros/humble /usr/bin/cmake --build /home/eia/repo/rbi_2025_2/rov/rov_ws/build/rov_hardware_interface -- -j12 -l12
[1.521s] DEBUG:colcon.colcon_core.event_handler.log_command:Invoking command in '/home/eia/repo/rbi_2025_2/rov/rov_ws/build/rov_mujoco_bringup': CMAKE_PREFIX_PATH=${CMAKE_PREFIX_PATH}:/home/eia/repo/rbi_2025_2/rov/rov_ws/install/rov_position_controller:/home/eia/repo/rbi_2025_2/rov/rov_ws/install/rov_path_generator:/home/eia/repo/rbi_2025_2/rov/rov_ws/install/rov_path_follower:/home/eia/repo/rbi_2025_2/rov/rov_ws/install/rov_attitude_controller:/home/eia/repo/rbi_2025_2/rov/rov_ws/install/direct_control:/opt/ros/humble /usr/bin/cmake --build /home/eia/repo/rbi_2025_2/rov/rov_ws/build/rov_mujoco_bringup -- -j12 -l12
[1.523s] DEBUG:colcon.colcon_core.event_handler.log_command:Invoking command in '/home/eia/repo/rbi_2025_2/rov/rov_ws/build/rov_mujoco_description': CMAKE_PREFIX_PATH=${CMAKE_PREFIX_PATH}:/home/eia/repo/rbi_2025_2/rov/rov_ws/install/rov_position_controller:/home/eia/repo/rbi_2025_2/rov/rov_ws/install/rov_path_generator:/home/eia/repo/rbi_2025_2/rov/rov_ws/install/rov_path_follower:/home/eia/repo/rbi_2025_2/rov/rov_ws/install/rov_attitude_controller:/home/eia/repo/rbi_2025_2/rov/rov_ws/install/direct_control:/opt/ros/humble /usr/bin/cmake --build /home/eia/repo/rbi_2025_2/rov/rov_ws/build/rov_mujoco_description -- -j12 -l12
[1.527s] DEBUG:colcon.colcon_core.event_handler.log_command:Invoking command in '/home/eia/repo/rbi_2025_2/rov/rov_ws/build/rov_mujoco_sim': CMAKE_PREFIX_PATH=${CMAKE_PREFIX_PATH}:/home/eia/repo/rbi_2025_2/rov/rov_ws/install/rov_position_controller:/home/eia/repo/rbi_2025_2/rov/rov_ws/install/rov_path_generator:/home/eia/repo/rbi_2025_2/rov/rov_ws/install/rov_path_follower:/home/eia/repo/rbi_2025_2/rov/rov_ws/install/rov_attitude_controller:/home/eia/repo/rbi_2025_2/rov/rov_ws/install/direct_control:/opt/ros/humble /usr/bin/cmake --build /home/eia/repo/rbi_2025_2/rov/rov_ws/build/rov_mujoco_sim -- -j12 -l12
[1.997s] INFO:colcon.colcon_core.task.python.build:Building Python package in '/home/eia/repo/rbi_2025_2/rov/rov_ws/src/rov_path_follower'
[1.997s] INFO:colcon.colcon_core.shell:Skip shell extension 'powershell' for command environment: Not usable outside of PowerShell
[1.997s] DEBUG:colcon.colcon_core.shell:Skip shell extension 'dsv' for command environment
[2.460s] INFO:colcon.colcon_core.task.python.build:Building Python package in '/home/eia/repo/rbi_2025_2/rov/rov_ws/src/rov_path_generator'
[2.460s] INFO:colcon.colcon_core.shell:Skip shell extension 'powershell' for command environment: Not usable outside of PowerShell
[2.460s] DEBUG:colcon.colcon_core.shell:Skip shell extension 'dsv' for command environment
[2.939s] INFO:colcon.colcon_core.task.python.build:Building Python package in '/home/eia/repo/rbi_2025_2/rov/rov_ws/src/rov_position_controller'
[2.939s] INFO:colcon.colcon_core.shell:Skip shell extension 'powershell' for command environment: Not usable outside of PowerShell
[2.939s] DEBUG:colcon.colcon_core.shell:Skip shell extension 'dsv' for command environment
[2.947s] DEBUG:colcon.colcon_core.event_handler.log_command:Invoking command in '/home/eia/repo/rbi_2025_2/rov/rov_ws/build/rov_real_bringup': CMAKE_PREFIX_PATH=${CMAKE_PREFIX_PATH}:/home/eia/repo/rbi_2025_2/rov/rov_ws/install/rov_position_controller:/home/eia/repo/rbi_2025_2/rov/rov_ws/install/rov_path_generator:/home/eia/repo/rbi_2025_2/rov/rov_ws/install/rov_path_follower:/home/eia/repo/rbi_2025_2/rov/rov_ws/install/rov_attitude_controller:/home/eia/repo/rbi_2025_2/rov/rov_ws/install/direct_control:/opt/ros/humble /usr/bin/cmake --build /home/eia/repo/rbi_2025_2/rov/rov_ws/build/rov_real_bringup -- -j12 -l12
[2.951s] DEBUG:colcon.colcon_core.event_handler.log_command:Invoking command in '/home/eia/repo/rbi_2025_2/rov/rov_ws/build/rov_real_description': CMAKE_PREFIX_PATH=${CMAKE_PREFIX_PATH}:/home/eia/repo/rbi_2025_2/rov/rov_ws/install/rov_position_controller:/home/eia/repo/rbi_2025_2/rov/rov_ws/install/rov_path_generator:/home/eia/repo/rbi_2025_2/rov/rov_ws/install/rov_path_follower:/home/eia/repo/rbi_2025_2/rov/rov_ws/install/rov_attitude_controller:/home/eia/repo/rbi_2025_2/rov/rov_ws/install/direct_control:/opt/ros/humble /usr/bin/cmake --build /home/eia/repo/rbi_2025_2/rov/rov_ws/build/rov_real_description -- -j12 -l12
[2.956s] DEBUG:colcon.colcon_core.event_handler.log_command:Invoked command in '/home/eia/repo/rbi_2025_2/rov/rov_ws/build/rov_controllers' returned '0': CMAKE_PREFIX_PATH=${CMAKE_PREFIX_PATH}:/home/eia/repo/rbi_2025_2/rov/rov_ws/install/rov_position_controller:/home/eia/repo/rbi_2025_2/rov/rov_ws/install/rov_path_generator:/home/eia/repo/rbi_2025_2/rov/rov_ws/install/rov_path_follower:/home/eia/repo/rbi_2025_2/rov/rov_ws/install/rov_attitude_controller:/home/eia/repo/rbi_2025_2/rov/rov_ws/install/direct_control:/opt/ros/humble /usr/bin/cmake --build /home/eia/repo/rbi_2025_2/rov/rov_ws/build/rov_controllers -- -j12 -l12
[2.968s] DEBUG:colcon.colcon_core.event_handler.log_command:Invoking command in '/home/eia/repo/rbi_2025_2/rov/rov_ws/build/rov_controllers': CMAKE_PREFIX_PATH=${CMAKE_PREFIX_PATH}:/home/eia/repo/rbi_2025_2/rov/rov_ws/install/rov_position_controller:/home/eia/repo/rbi_2025_2/rov/rov_ws/install/rov_path_generator:/home/eia/repo/rbi_2025_2/rov/rov_ws/install/rov_path_follower:/home/eia/repo/rbi_2025_2/rov/rov_ws/install/rov_attitude_controller:/home/eia/repo/rbi_2025_2/rov/rov_ws/install/direct_control:/opt/ros/humble /usr/bin/cmake --install /home/eia/repo/rbi_2025_2/rov/rov_ws/build/rov_controllers
[2.969s] DEBUG:colcon.colcon_core.event_handler.log_command:Invoked command in '/home/eia/repo/rbi_2025_2/rov/rov_ws/build/rov_mujoco_bringup' returned '0': CMAKE_PREFIX_PATH=${CMAKE_PREFIX_PATH}:/home/eia/repo/rbi_2025_2/rov/rov_ws/install/rov_position_controller:/home/eia/repo/rbi_2025_2/rov/rov_ws/install/rov_path_generator:/home/eia/repo/rbi_2025_2/rov/rov_ws/install/rov_path_follower:/home/eia/repo/rbi_2025_2/rov/rov_ws/install/rov_attitude_controller:/home/eia/repo/rbi_2025_2/rov/rov_ws/install/direct_control:/opt/ros/humble /usr/bin/cmake --build /home/eia/repo/rbi_2025_2/rov/rov_ws/build/rov_mujoco_bringup -- -j12 -l12
[2.971s] DEBUG:colcon.colcon_core.event_handler.log_command:Invoking command in '/home/eia/repo/rbi_2025_2/rov/rov_ws/build/rov_mujoco_bringup': CMAKE_PREFIX_PATH=${CMAKE_PREFIX_PATH}:/home/eia/repo/rbi_2025_2/rov/rov_ws/install/rov_position_controller:/home/eia/repo/rbi_2025_2/rov/rov_ws/install/rov_path_generator:/home/eia/repo/rbi_2025_2/rov/rov_ws/install/rov_path_follower:/home/eia/repo/rbi_2025_2/rov/rov_ws/install/rov_attitude_controller:/home/eia/repo/rbi_2025_2/rov/rov_ws/install/direct_control:/opt/ros/humble /usr/bin/cmake --install /home/eia/repo/rbi_2025_2/rov/rov_ws/build/rov_mujoco_bringup
[2.971s] DEBUG:colcon.colcon_core.event_handler.log_command:Invoked command in '/home/eia/repo/rbi_2025_2/rov/rov_ws/build/rov_mujoco_sim' returned '0': CMAKE_PREFIX_PATH=${CMAKE_PREFIX_PATH}:/home/eia/repo/rbi_2025_2/rov/rov_ws/install/rov_position_controller:/home/eia/repo/rbi_2025_2/rov/rov_ws/install/rov_path_generator:/home/eia/repo/rbi_2025_2/rov/rov_ws/install/rov_path_follower:/home/eia/repo/rbi_2025_2/rov/rov_ws/install/rov_attitude_controller:/home/eia/repo/rbi_2025_2/rov/rov_ws/install/direct_control:/opt/ros/humble /usr/bin/cmake --build /home/eia/repo/rbi_2025_2/rov/rov_ws/build/rov_mujoco_sim -- -j12 -l12
[2.973s] DEBUG:colcon.colcon_core.event_handler.log_command:Invoking command in '/home/eia/repo/rbi_2025_2/rov/rov_ws/build/rov_mujoco_sim': CMAKE_PREFIX_PATH=${CMAKE_PREFIX_PATH}:/home/eia/repo/rbi_2025_2/rov/rov_ws/install/rov_position_controller:/home/eia/repo/rbi_2025_2/rov/rov_ws/install/rov_path_generator:/home/eia/repo/rbi_2025_2/rov/rov_ws/install/rov_path_follower:/home/eia/repo/rbi_2025_2/rov/rov_ws/install/rov_attitude_controller:/home/eia/repo/rbi_2025_2/rov/rov_ws/install/direct_control:/opt/ros/humble /usr/bin/cmake --install /home/eia/repo/rbi_2025_2/rov/rov_ws/build/rov_mujoco_sim
[2.974s] DEBUG:colcon.colcon_core.event_handler.log_command:Invoked command in '/home/eia/repo/rbi_2025_2/rov/rov_ws/build/rov_mujoco_description' returned '0': CMAKE_PREFIX_PATH=${CMAKE_PREFIX_PATH}:/home/eia/repo/rbi_2025_2/rov/rov_ws/install/rov_position_controller:/home/eia/repo/rbi_2025_2/rov/rov_ws/install/rov_path_generator:/home/eia/repo/rbi_2025_2/rov/rov_ws/install/rov_path_follower:/home/eia/repo/rbi_2025_2/rov/rov_ws/install/rov_attitude_controller:/home/eia/repo/rbi_2025_2/rov/rov_ws/install/direct_control:/opt/ros/humble /usr/bin/cmake --build /home/eia/repo/rbi_2025_2/rov/rov_ws/build/rov_mujoco_description -- -j12 -l12
[2.977s] DEBUG:colcon.colcon_core.event_handler.log_command:Invoking command in '/home/eia/repo/rbi_2025_2/rov/rov_ws/build/rov_mujoco_description': CMAKE_PREFIX_PATH=${CMAKE_PREFIX_PATH}:/home/eia/repo/rbi_2025_2/rov/rov_ws/install/rov_position_controller:/home/eia/repo/rbi_2025_2/rov/rov_ws/install/rov_path_generator:/home/eia/repo/rbi_2025_2/rov/rov_ws/install/rov_path_follower:/home/eia/repo/rbi_2025_2/rov/rov_ws/install/rov_attitude_controller:/home/eia/repo/rbi_2025_2/rov/rov_ws/install/direct_control:/opt/ros/humble /usr/bin/cmake --install /home/eia/repo/rbi_2025_2/rov/rov_ws/build/rov_mujoco_description
[3.014s] Level 1:colcon.colcon_core.environment:create_environment_scripts_only(rov_controllers)
[3.016s] DEBUG:colcon.colcon_core.event_handler.log_command:Invoked command in '/home/eia/repo/rbi_2025_2/rov/rov_ws/build/rov_real_bringup' returned '0': CMAKE_PREFIX_PATH=${CMAKE_PREFIX_PATH}:/home/eia/repo/rbi_2025_2/rov/rov_ws/install/rov_position_controller:/home/eia/repo/rbi_2025_2/rov/rov_ws/install/rov_path_generator:/home/eia/repo/rbi_2025_2/rov/rov_ws/install/rov_path_follower:/home/eia/repo/rbi_2025_2/rov/rov_ws/install/rov_attitude_controller:/home/eia/repo/rbi_2025_2/rov/rov_ws/install/direct_control:/opt/ros/humble /usr/bin/cmake --build /home/eia/repo/rbi_2025_2/rov/rov_ws/build/rov_real_bringup -- -j12 -l12
[3.017s] DEBUG:colcon.colcon_core.event_handler.log_command:Invoking command in '/home/eia/repo/rbi_2025_2/rov/rov_ws/build/rov_real_bringup': CMAKE_PREFIX_PATH=${CMAKE_PREFIX_PATH}:/home/eia/repo/rbi_2025_2/rov/rov_ws/install/rov_position_controller:/home/eia/repo/rbi_2025_2/rov/rov_ws/install/rov_path_generator:/home/eia/repo/rbi_2025_2/rov/rov_ws/install/rov_path_follower:/home/eia/repo/rbi_2025_2/rov/rov_ws/install/rov_attitude_controller:/home/eia/repo/rbi_2025_2/rov/rov_ws/install/direct_control:/opt/ros/humble /usr/bin/cmake --install /home/eia/repo/rbi_2025_2/rov/rov_ws/build/rov_real_bringup
[3.017s] DEBUG:colcon.colcon_core.event_handler.log_command:Invoked command in '/home/eia/repo/rbi_2025_2/rov/rov_ws/build/rov_controllers' returned '0': CMAKE_PREFIX_PATH=${CMAKE_PREFIX_PATH}:/home/eia/repo/rbi_2025_2/rov/rov_ws/install/rov_position_controller:/home/eia/repo/rbi_2025_2/rov/rov_ws/install/rov_path_generator:/home/eia/repo/rbi_2025_2/rov/rov_ws/install/rov_path_follower:/home/eia/repo/rbi_2025_2/rov/rov_ws/install/rov_attitude_controller:/home/eia/repo/rbi_2025_2/rov/rov_ws/install/direct_control:/opt/ros/humble /usr/bin/cmake --install /home/eia/repo/rbi_2025_2/rov/rov_ws/build/rov_controllers
[3.020s] Level 1:colcon.colcon_core.environment:checking '/home/eia/repo/rbi_2025_2/rov/rov_ws/install/rov_controllers' for CMake module files
[3.021s] Level 1:colcon.colcon_core.environment:checking '/home/eia/repo/rbi_2025_2/rov/rov_ws/install/rov_controllers' for CMake config files
[3.022s] Level 1:colcon.colcon_core.shell:create_environment_hook('rov_controllers', 'cmake_prefix_path')
[3.022s] INFO:colcon.colcon_core.shell:Creating environment hook '/home/eia/repo/rbi_2025_2/rov/rov_ws/install/rov_controllers/share/rov_controllers/hook/cmake_prefix_path.ps1'
[3.023s] INFO:colcon.colcon_core.shell:Creating environment descriptor '/home/eia/repo/rbi_2025_2/rov/rov_ws/install/rov_controllers/share/rov_controllers/hook/cmake_prefix_path.dsv'
[3.023s] INFO:colcon.colcon_core.shell:Creating environment hook '/home/eia/repo/rbi_2025_2/rov/rov_ws/install/rov_controllers/share/rov_controllers/hook/cmake_prefix_path.sh'
[3.025s] Level 1:colcon.colcon_core.environment:checking '/home/eia/repo/rbi_2025_2/rov/rov_ws/install/rov_controllers/lib'
[3.025s] Level 1:colcon.colcon_core.shell:create_environment_hook('rov_controllers', 'ld_library_path_lib')
[3.025s] INFO:colcon.colcon_core.shell:Creating environment hook '/home/eia/repo/rbi_2025_2/rov/rov_ws/install/rov_controllers/share/rov_controllers/hook/ld_library_path_lib.ps1'
[3.026s] INFO:colcon.colcon_core.shell:Creating environment descriptor '/home/eia/repo/rbi_2025_2/rov/rov_ws/install/rov_controllers/share/rov_controllers/hook/ld_library_path_lib.dsv'
[3.027s] INFO:colcon.colcon_core.shell:Creating environment hook '/home/eia/repo/rbi_2025_2/rov/rov_ws/install/rov_controllers/share/rov_controllers/hook/ld_library_path_lib.sh'
[3.027s] Level 1:colcon.colcon_core.environment:checking '/home/eia/repo/rbi_2025_2/rov/rov_ws/install/rov_controllers/bin'
[3.027s] Level 1:colcon.colcon_core.environment:checking '/home/eia/repo/rbi_2025_2/rov/rov_ws/install/rov_controllers/lib/pkgconfig/rov_controllers.pc'
[3.028s] Level 1:colcon.colcon_core.environment:checking '/home/eia/repo/rbi_2025_2/rov/rov_ws/install/rov_controllers/lib/python3.10/site-packages'
[3.028s] Level 1:colcon.colcon_core.environment:checking '/home/eia/repo/rbi_2025_2/rov/rov_ws/install/rov_controllers/bin'
[3.029s] INFO:colcon.colcon_core.shell:Creating package script '/home/eia/repo/rbi_2025_2/rov/rov_ws/install/rov_controllers/share/rov_controllers/package.ps1'
[3.031s] INFO:colcon.colcon_core.shell:Creating package descriptor '/home/eia/repo/rbi_2025_2/rov/rov_ws/install/rov_controllers/share/rov_controllers/package.dsv'
[3.032s] INFO:colcon.colcon_core.shell:Creating package script '/home/eia/repo/rbi_2025_2/rov/rov_ws/install/rov_controllers/share/rov_controllers/package.sh'
[3.034s] INFO:colcon.colcon_core.shell:Creating package script '/home/eia/repo/rbi_2025_2/rov/rov_ws/install/rov_controllers/share/rov_controllers/package.bash'
[3.035s] INFO:colcon.colcon_core.shell:Creating package script '/home/eia/repo/rbi_2025_2/rov/rov_ws/install/rov_controllers/share/rov_controllers/package.zsh'
[3.036s] Level 1:colcon.colcon_core.environment:create_file_with_runtime_dependencies(/home/eia/repo/rbi_2025_2/rov/rov_ws/install/rov_controllers/share/colcon-core/packages/rov_controllers)
[3.038s] Level 1:colcon.colcon_core.environment:create_environment_scripts_only(rov_controllers)
[3.038s] Level 1:colcon.colcon_core.environment:checking '/home/eia/repo/rbi_2025_2/rov/rov_ws/install/rov_controllers' for CMake module files
[3.039s] Level 1:colcon.colcon_core.environment:checking '/home/eia/repo/rbi_2025_2/rov/rov_ws/install/rov_controllers' for CMake config files
[3.039s] Level 1:colcon.colcon_core.shell:create_environment_hook('rov_controllers', 'cmake_prefix_path')
[3.040s] INFO:colcon.colcon_core.shell:Creating environment hook '/home/eia/repo/rbi_2025_2/rov/rov_ws/install/rov_controllers/share/rov_controllers/hook/cmake_prefix_path.ps1'
[3.040s] INFO:colcon.colcon_core.shell:Creating environment descriptor '/home/eia/repo/rbi_2025_2/rov/rov_ws/install/rov_controllers/share/rov_controllers/hook/cmake_prefix_path.dsv'
[3.041s] INFO:colcon.colcon_core.shell:Creating environment hook '/home/eia/repo/rbi_2025_2/rov/rov_ws/install/rov_controllers/share/rov_controllers/hook/cmake_prefix_path.sh'
[3.042s] Level 1:colcon.colcon_core.environment:checking '/home/eia/repo/rbi_2025_2/rov/rov_ws/install/rov_controllers/lib'
[3.042s] Level 1:colcon.colcon_core.shell:create_environment_hook('rov_controllers', 'ld_library_path_lib')
[3.042s] INFO:colcon.colcon_core.shell:Creating environment hook '/home/eia/repo/rbi_2025_2/rov/rov_ws/install/rov_controllers/share/rov_controllers/hook/ld_library_path_lib.ps1'
[3.043s] INFO:colcon.colcon_core.shell:Creating environment descriptor '/home/eia/repo/rbi_2025_2/rov/rov_ws/install/rov_controllers/share/rov_controllers/hook/ld_library_path_lib.dsv'
[3.043s] INFO:colcon.colcon_core.shell:Creating environment hook '/home/eia/repo/rbi_2025_2/rov/rov_ws/install/rov_controllers/share/rov_controllers/hook/ld_library_path_lib.sh'
[3.044s] Level 1:colcon.colcon_core.environment:checking '/home/eia/repo/rbi_2025_2/rov/rov_ws/install/rov_controllers/bin'
[3.044s] Level 1:colcon.colcon_core.environment:checking '/home/eia/repo/rbi_2025_2/rov/rov_ws/install/rov_controllers/lib/pkgconfig/rov_controllers.pc'
[3.045s] Level 1:colcon.colcon_core.environment:checking '/home/eia/repo/rbi_2025_2/rov/rov_ws/install/rov_controllers/lib/python3.10/site-packages'
[3.045s] Level 1:colcon.colcon_core.environment:checking '/home/eia/repo/rbi_2025_2/rov/rov_ws/install/rov_controllers/bin'
[3.046s] INFO:colcon.colcon_core.shell:Creating package script '/home/eia/repo/rbi_2025_2/rov/rov_ws/install/rov_controllers/share/rov_controllers/package.ps1'
[3.047s] INFO:colcon.colcon_core.shell:Creating package descriptor '/home/eia/repo/rbi_2025_2/rov/rov_ws/install/rov_controllers/share/rov_controllers/package.dsv'
[3.048s] INFO:colcon.colcon_core.shell:Creating package script '/home/eia/repo/rbi_2025_2/rov/rov_ws/install/rov_controllers/share/rov_controllers/package.sh'
[3.048s] INFO:colcon.colcon_core.shell:Creating package script '/home/eia/repo/rbi_2025_2/rov/rov_ws/install/rov_controllers/share/rov_controllers/package.bash'
[3.049s] INFO:colcon.colcon_core.shell:Creating package script '/home/eia/repo/rbi_2025_2/rov/rov_ws/install/rov_controllers/share/rov_controllers/package.zsh'
[3.050s] Level 1:colcon.colcon_core.environment:create_file_with_runtime_dependencies(/home/eia/repo/rbi_2025_2/rov/rov_ws/install/rov_controllers/share/colcon-core/packages/rov_controllers)
[3.050s] Level 1:colcon.colcon_core.environment:create_environment_scripts_only(rov_mujoco_bringup)
[3.051s] Level 1:colcon.colcon_core.environment:checking '/home/eia/repo/rbi_2025_2/rov/rov_ws/install/rov_mujoco_bringup' for CMake module files
[3.053s] DEBUG:colcon.colcon_core.event_handler.log_command:Invoked command in '/home/eia/repo/rbi_2025_2/rov/rov_ws/build/rov_mujoco_bringup' returned '0': CMAKE_PREFIX_PATH=${CMAKE_PREFIX_PATH}:/home/eia/repo/rbi_2025_2/rov/rov_ws/install/rov_position_controller:/home/eia/repo/rbi_2025_2/rov/rov_ws/install/rov_path_generator:/home/eia/repo/rbi_2025_2/rov/rov_ws/install/rov_path_follower:/home/eia/repo/rbi_2025_2/rov/rov_ws/install/rov_attitude_controller:/home/eia/repo/rbi_2025_2/rov/rov_ws/install/direct_control:/opt/ros/humble /usr/bin/cmake --install /home/eia/repo/rbi_2025_2/rov/rov_ws/build/rov_mujoco_bringup
[3.053s] Level 1:colcon.colcon_core.environment:checking '/home/eia/repo/rbi_2025_2/rov/rov_ws/install/rov_mujoco_bringup' for CMake config files
[3.053s] Level 1:colcon.colcon_core.shell:create_environment_hook('rov_mujoco_bringup', 'cmake_prefix_path')
[3.054s] INFO:colcon.colcon_core.shell:Creating environment hook '/home/eia/repo/rbi_2025_2/rov/rov_ws/install/rov_mujoco_bringup/share/rov_mujoco_bringup/hook/cmake_prefix_path.ps1'
[3.055s] INFO:colcon.colcon_core.shell:Creating environment descriptor '/home/eia/repo/rbi_2025_2/rov/rov_ws/install/rov_mujoco_bringup/share/rov_mujoco_bringup/hook/cmake_prefix_path.dsv'
[3.055s] INFO:colcon.colcon_core.shell:Creating environment hook '/home/eia/repo/rbi_2025_2/rov/rov_ws/install/rov_mujoco_bringup/share/rov_mujoco_bringup/hook/cmake_prefix_path.sh'
[3.057s] Level 1:colcon.colcon_core.environment:checking '/home/eia/repo/rbi_2025_2/rov/rov_ws/install/rov_mujoco_bringup/bin'
[3.057s] Level 1:colcon.colcon_core.environment:checking '/home/eia/repo/rbi_2025_2/rov/rov_ws/install/rov_mujoco_bringup/lib/pkgconfig/rov_mujoco_bringup.pc'
[3.057s] Level 1:colcon.colcon_core.environment:checking '/home/eia/repo/rbi_2025_2/rov/rov_ws/install/rov_mujoco_bringup/lib/python3.10/site-packages'
[3.057s] Level 1:colcon.colcon_core.environment:checking '/home/eia/repo/rbi_2025_2/rov/rov_ws/install/rov_mujoco_bringup/bin'
[3.058s] INFO:colcon.colcon_core.shell:Creating package script '/home/eia/repo/rbi_2025_2/rov/rov_ws/install/rov_mujoco_bringup/share/rov_mujoco_bringup/package.ps1'
[3.059s] INFO:colcon.colcon_core.shell:Creating package descriptor '/home/eia/repo/rbi_2025_2/rov/rov_ws/install/rov_mujoco_bringup/share/rov_mujoco_bringup/package.dsv'
[3.059s] INFO:colcon.colcon_core.shell:Creating package script '/home/eia/repo/rbi_2025_2/rov/rov_ws/install/rov_mujoco_bringup/share/rov_mujoco_bringup/package.sh'
[3.060s] INFO:colcon.colcon_core.shell:Creating package script '/home/eia/repo/rbi_2025_2/rov/rov_ws/install/rov_mujoco_bringup/share/rov_mujoco_bringup/package.bash'
[3.061s] INFO:colcon.colcon_core.shell:Creating package script '/home/eia/repo/rbi_2025_2/rov/rov_ws/install/rov_mujoco_bringup/share/rov_mujoco_bringup/package.zsh'
[3.061s] Level 1:colcon.colcon_core.environment:create_file_with_runtime_dependencies(/home/eia/repo/rbi_2025_2/rov/rov_ws/install/rov_mujoco_bringup/share/colcon-core/packages/rov_mujoco_bringup)
[3.062s] Level 1:colcon.colcon_core.environment:create_environment_scripts_only(rov_mujoco_bringup)
[3.063s] Level 1:colcon.colcon_core.environment:checking '/home/eia/repo/rbi_2025_2/rov/rov_ws/install/rov_mujoco_bringup' for CMake module files
[3.064s] Level 1:colcon.colcon_core.environment:checking '/home/eia/repo/rbi_2025_2/rov/rov_ws/install/rov_mujoco_bringup' for CMake config files
[3.064s] Level 1:colcon.colcon_core.shell:create_environment_hook('rov_mujoco_bringup', 'cmake_prefix_path')
[3.064s] INFO:colcon.colcon_core.shell:Creating environment hook '/home/eia/repo/rbi_2025_2/rov/rov_ws/install/rov_mujoco_bringup/share/rov_mujoco_bringup/hook/cmake_prefix_path.ps1'
[3.065s] INFO:colcon.colcon_core.shell:Creating environment descriptor '/home/eia/repo/rbi_2025_2/rov/rov_ws/install/rov_mujoco_bringup/share/rov_mujoco_bringup/hook/cmake_prefix_path.dsv'
[3.066s] INFO:colcon.colcon_core.shell:Creating environment hook '/home/eia/repo/rbi_2025_2/rov/rov_ws/install/rov_mujoco_bringup/share/rov_mujoco_bringup/hook/cmake_prefix_path.sh'
[3.067s] Level 1:colcon.colcon_core.environment:checking '/home/eia/repo/rbi_2025_2/rov/rov_ws/install/rov_mujoco_bringup/bin'
[3.067s] Level 1:colcon.colcon_core.environment:checking '/home/eia/repo/rbi_2025_2/rov/rov_ws/install/rov_mujoco_bringup/lib/pkgconfig/rov_mujoco_bringup.pc'
[3.067s] Level 1:colcon.colcon_core.environment:checking '/home/eia/repo/rbi_2025_2/rov/rov_ws/install/rov_mujoco_bringup/lib/python3.10/site-packages'
[3.068s] Level 1:colcon.colcon_core.environment:checking '/home/eia/repo/rbi_2025_2/rov/rov_ws/install/rov_mujoco_bringup/bin'
[3.068s] INFO:colcon.colcon_core.shell:Creating package script '/home/eia/repo/rbi_2025_2/rov/rov_ws/install/rov_mujoco_bringup/share/rov_mujoco_bringup/package.ps1'
[3.069s] INFO:colcon.colcon_core.shell:Creating package descriptor '/home/eia/repo/rbi_2025_2/rov/rov_ws/install/rov_mujoco_bringup/share/rov_mujoco_bringup/package.dsv'
[3.070s] INFO:colcon.colcon_core.shell:Creating package script '/home/eia/repo/rbi_2025_2/rov/rov_ws/install/rov_mujoco_bringup/share/rov_mujoco_bringup/package.sh'
[3.071s] INFO:colcon.colcon_core.shell:Creating package script '/home/eia/repo/rbi_2025_2/rov/rov_ws/install/rov_mujoco_bringup/share/rov_mujoco_bringup/package.bash'
[3.072s] INFO:colcon.colcon_core.shell:Creating package script '/home/eia/repo/rbi_2025_2/rov/rov_ws/install/rov_mujoco_bringup/share/rov_mujoco_bringup/package.zsh'
[3.072s] Level 1:colcon.colcon_core.environment:create_file_with_runtime_dependencies(/home/eia/repo/rbi_2025_2/rov/rov_ws/install/rov_mujoco_bringup/share/colcon-core/packages/rov_mujoco_bringup)
[3.074s] DEBUG:colcon.colcon_core.event_handler.log_command:Invoked command in '/home/eia/repo/rbi_2025_2/rov/rov_ws/build/rov_real_description' returned '0': CMAKE_PREFIX_PATH=${CMAKE_PREFIX_PATH}:/home/eia/repo/rbi_2025_2/rov/rov_ws/install/rov_position_controller:/home/eia/repo/rbi_2025_2/rov/rov_ws/install/rov_path_generator:/home/eia/repo/rbi_2025_2/rov/rov_ws/install/rov_path_follower:/home/eia/repo/rbi_2025_2/rov/rov_ws/install/rov_attitude_controller:/home/eia/repo/rbi_2025_2/rov/rov_ws/install/direct_control:/opt/ros/humble /usr/bin/cmake --build /home/eia/repo/rbi_2025_2/rov/rov_ws/build/rov_real_description -- -j12 -l12
[3.076s] DEBUG:colcon.colcon_core.event_handler.log_command:Invoking command in '/home/eia/repo/rbi_2025_2/rov/rov_ws/build/rov_real_description': CMAKE_PREFIX_PATH=${CMAKE_PREFIX_PATH}:/home/eia/repo/rbi_2025_2/rov/rov_ws/install/rov_position_controller:/home/eia/repo/rbi_2025_2/rov/rov_ws/install/rov_path_generator:/home/eia/repo/rbi_2025_2/rov/rov_ws/install/rov_path_follower:/home/eia/repo/rbi_2025_2/rov/rov_ws/install/rov_attitude_controller:/home/eia/repo/rbi_2025_2/rov/rov_ws/install/direct_control:/opt/ros/humble /usr/bin/cmake --install /home/eia/repo/rbi_2025_2/rov/rov_ws/build/rov_real_description
[3.076s] Level 1:colcon.colcon_core.environment:create_environment_scripts_only(rov_mujoco_sim)
[3.077s] Level 1:colcon.colcon_core.environment:checking '/home/eia/repo/rbi_2025_2/rov/rov_ws/install/rov_mujoco_sim' for CMake module files
[3.078s] DEBUG:colcon.colcon_core.event_handler.log_command:Invoked command in '/home/eia/repo/rbi_2025_2/rov/rov_ws/build/rov_mujoco_sim' returned '0': CMAKE_PREFIX_PATH=${CMAKE_PREFIX_PATH}:/home/eia/repo/rbi_2025_2/rov/rov_ws/install/rov_position_controller:/home/eia/repo/rbi_2025_2/rov/rov_ws/install/rov_path_generator:/home/eia/repo/rbi_2025_2/rov/rov_ws/install/rov_path_follower:/home/eia/repo/rbi_2025_2/rov/rov_ws/install/rov_attitude_controller:/home/eia/repo/rbi_2025_2/rov/rov_ws/install/direct_control:/opt/ros/humble /usr/bin/cmake --install /home/eia/repo/rbi_2025_2/rov/rov_ws/build/rov_mujoco_sim
[3.079s] Level 1:colcon.colcon_core.environment:checking '/home/eia/repo/rbi_2025_2/rov/rov_ws/install/rov_mujoco_sim' for CMake config files
[3.079s] Level 1:colcon.colcon_core.shell:create_environment_hook('rov_mujoco_sim', 'cmake_prefix_path')
[3.080s] INFO:colcon.colcon_core.shell:Creating environment hook '/home/eia/repo/rbi_2025_2/rov/rov_ws/install/rov_mujoco_sim/share/rov_mujoco_sim/hook/cmake_prefix_path.ps1'
[3.080s] INFO:colcon.colcon_core.shell:Creating environment descriptor '/home/eia/repo/rbi_2025_2/rov/rov_ws/install/rov_mujoco_sim/share/rov_mujoco_sim/hook/cmake_prefix_path.dsv'
[3.081s] INFO:colcon.colcon_core.shell:Creating environment hook '/home/eia/repo/rbi_2025_2/rov/rov_ws/install/rov_mujoco_sim/share/rov_mujoco_sim/hook/cmake_prefix_path.sh'
[3.082s] Level 1:colcon.colcon_core.environment:checking '/home/eia/repo/rbi_2025_2/rov/rov_ws/install/rov_mujoco_sim/lib'
[3.082s] Level 1:colcon.colcon_core.shell:create_environment_hook('rov_mujoco_sim', 'ld_library_path_lib')
[3.083s] INFO:colcon.colcon_core.shell:Creating environment hook '/home/eia/repo/rbi_2025_2/rov/rov_ws/install/rov_mujoco_sim/share/rov_mujoco_sim/hook/ld_library_path_lib.ps1'
[3.083s] INFO:colcon.colcon_core.shell:Creating environment descriptor '/home/eia/repo/rbi_2025_2/rov/rov_ws/install/rov_mujoco_sim/share/rov_mujoco_sim/hook/ld_library_path_lib.dsv'
[3.084s] INFO:colcon.colcon_core.shell:Creating environment hook '/home/eia/repo/rbi_2025_2/rov/rov_ws/install/rov_mujoco_sim/share/rov_mujoco_sim/hook/ld_library_path_lib.sh'
[3.085s] Level 1:colcon.colcon_core.environment:checking '/home/eia/repo/rbi_2025_2/rov/rov_ws/install/rov_mujoco_sim/bin'
[3.085s] Level 1:colcon.colcon_core.environment:checking '/home/eia/repo/rbi_2025_2/rov/rov_ws/install/rov_mujoco_sim/lib/pkgconfig/rov_mujoco_sim.pc'
[3.085s] Level 1:colcon.colcon_core.environment:checking '/home/eia/repo/rbi_2025_2/rov/rov_ws/install/rov_mujoco_sim/lib/python3.10/site-packages'
[3.086s] Level 1:colcon.colcon_core.environment:checking '/home/eia/repo/rbi_2025_2/rov/rov_ws/install/rov_mujoco_sim/bin'
[3.086s] INFO:colcon.colcon_core.shell:Creating package script '/home/eia/repo/rbi_2025_2/rov/rov_ws/install/rov_mujoco_sim/share/rov_mujoco_sim/package.ps1'
[3.088s] INFO:colcon.colcon_core.shell:Creating package descriptor '/home/eia/repo/rbi_2025_2/rov/rov_ws/install/rov_mujoco_sim/share/rov_mujoco_sim/package.dsv'
[3.089s] INFO:colcon.colcon_core.shell:Creating package script '/home/eia/repo/rbi_2025_2/rov/rov_ws/install/rov_mujoco_sim/share/rov_mujoco_sim/package.sh'
[3.090s] INFO:colcon.colcon_core.shell:Creating package script '/home/eia/repo/rbi_2025_2/rov/rov_ws/install/rov_mujoco_sim/share/rov_mujoco_sim/package.bash'
[3.091s] INFO:colcon.colcon_core.shell:Creating package script '/home/eia/repo/rbi_2025_2/rov/rov_ws/install/rov_mujoco_sim/share/rov_mujoco_sim/package.zsh'
[3.091s] Level 1:colcon.colcon_core.environment:create_file_with_runtime_dependencies(/home/eia/repo/rbi_2025_2/rov/rov_ws/install/rov_mujoco_sim/share/colcon-core/packages/rov_mujoco_sim)
[3.092s] Level 1:colcon.colcon_core.environment:create_environment_scripts_only(rov_mujoco_sim)
[3.092s] Level 1:colcon.colcon_core.environment:checking '/home/eia/repo/rbi_2025_2/rov/rov_ws/install/rov_mujoco_sim' for CMake module files
[3.093s] Level 1:colcon.colcon_core.environment:checking '/home/eia/repo/rbi_2025_2/rov/rov_ws/install/rov_mujoco_sim' for CMake config files
[3.094s] Level 1:colcon.colcon_core.shell:create_environment_hook('rov_mujoco_sim', 'cmake_prefix_path')
[3.094s] INFO:colcon.colcon_core.shell:Creating environment hook '/home/eia/repo/rbi_2025_2/rov/rov_ws/install/rov_mujoco_sim/share/rov_mujoco_sim/hook/cmake_prefix_path.ps1'
[3.095s] INFO:colcon.colcon_core.shell:Creating environment descriptor '/home/eia/repo/rbi_2025_2/rov/rov_ws/install/rov_mujoco_sim/share/rov_mujoco_sim/hook/cmake_prefix_path.dsv'
[3.096s] INFO:colcon.colcon_core.shell:Creating environment hook '/home/eia/repo/rbi_2025_2/rov/rov_ws/install/rov_mujoco_sim/share/rov_mujoco_sim/hook/cmake_prefix_path.sh'
[3.097s] Level 1:colcon.colcon_core.environment:checking '/home/eia/repo/rbi_2025_2/rov/rov_ws/install/rov_mujoco_sim/lib'
[3.097s] Level 1:colcon.colcon_core.shell:create_environment_hook('rov_mujoco_sim', 'ld_library_path_lib')
[3.097s] INFO:colcon.colcon_core.shell:Creating environment hook '/home/eia/repo/rbi_2025_2/rov/rov_ws/install/rov_mujoco_sim/share/rov_mujoco_sim/hook/ld_library_path_lib.ps1'
[3.098s] INFO:colcon.colcon_core.shell:Creating environment descriptor '/home/eia/repo/rbi_2025_2/rov/rov_ws/install/rov_mujoco_sim/share/rov_mujoco_sim/hook/ld_library_path_lib.dsv'
[3.099s] INFO:colcon.colcon_core.shell:Creating environment hook '/home/eia/repo/rbi_2025_2/rov/rov_ws/install/rov_mujoco_sim/share/rov_mujoco_sim/hook/ld_library_path_lib.sh'
[3.099s] Level 1:colcon.colcon_core.environment:checking '/home/eia/repo/rbi_2025_2/rov/rov_ws/install/rov_mujoco_sim/bin'
[3.099s] Level 1:colcon.colcon_core.environment:checking '/home/eia/repo/rbi_2025_2/rov/rov_ws/install/rov_mujoco_sim/lib/pkgconfig/rov_mujoco_sim.pc'
[3.100s] Level 1:colcon.colcon_core.environment:checking '/home/eia/repo/rbi_2025_2/rov/rov_ws/install/rov_mujoco_sim/lib/python3.10/site-packages'
[3.100s] Level 1:colcon.colcon_core.environment:checking '/home/eia/repo/rbi_2025_2/rov/rov_ws/install/rov_mujoco_sim/bin'
[3.101s] INFO:colcon.colcon_core.shell:Creating package script '/home/eia/repo/rbi_2025_2/rov/rov_ws/install/rov_mujoco_sim/share/rov_mujoco_sim/package.ps1'
[3.102s] INFO:colcon.colcon_core.shell:Creating package descriptor '/home/eia/repo/rbi_2025_2/rov/rov_ws/install/rov_mujoco_sim/share/rov_mujoco_sim/package.dsv'
[3.103s] INFO:colcon.colcon_core.shell:Creating package script '/home/eia/repo/rbi_2025_2/rov/rov_ws/install/rov_mujoco_sim/share/rov_mujoco_sim/package.sh'
[3.104s] INFO:colcon.colcon_core.shell:Creating package script '/home/eia/repo/rbi_2025_2/rov/rov_ws/install/rov_mujoco_sim/share/rov_mujoco_sim/package.bash'
[3.104s] INFO:colcon.colcon_core.shell:Creating package script '/home/eia/repo/rbi_2025_2/rov/rov_ws/install/rov_mujoco_sim/share/rov_mujoco_sim/package.zsh'
[3.105s] Level 1:colcon.colcon_core.environment:create_file_with_runtime_dependencies(/home/eia/repo/rbi_2025_2/rov/rov_ws/install/rov_mujoco_sim/share/colcon-core/packages/rov_mujoco_sim)
[3.106s] Level 1:colcon.colcon_core.environment:create_environment_scripts_only(rov_mujoco_description)
[3.107s] Level 1:colcon.colcon_core.environment:checking '/home/eia/repo/rbi_2025_2/rov/rov_ws/install/rov_mujoco_description' for CMake module files
[3.109s] DEBUG:colcon.colcon_core.event_handler.log_command:Invoked command in '/home/eia/repo/rbi_2025_2/rov/rov_ws/build/rov_mujoco_description' returned '0': CMAKE_PREFIX_PATH=${CMAKE_PREFIX_PATH}:/home/eia/repo/rbi_2025_2/rov/rov_ws/install/rov_position_controller:/home/eia/repo/rbi_2025_2/rov/rov_ws/install/rov_path_generator:/home/eia/repo/rbi_2025_2/rov/rov_ws/install/rov_path_follower:/home/eia/repo/rbi_2025_2/rov/rov_ws/install/rov_attitude_controller:/home/eia/repo/rbi_2025_2/rov/rov_ws/install/direct_control:/opt/ros/humble /usr/bin/cmake --install /home/eia/repo/rbi_2025_2/rov/rov_ws/build/rov_mujoco_description
[3.111s] Level 1:colcon.colcon_core.environment:checking '/home/eia/repo/rbi_2025_2/rov/rov_ws/install/rov_mujoco_description' for CMake config files
[3.116s] Level 1:colcon.colcon_core.shell:create_environment_hook('rov_mujoco_description', 'cmake_prefix_path')
[3.116s] INFO:colcon.colcon_core.shell:Creating environment hook '/home/eia/repo/rbi_2025_2/rov/rov_ws/install/rov_mujoco_description/share/rov_mujoco_description/hook/cmake_prefix_path.ps1'
[3.117s] INFO:colcon.colcon_core.shell:Creating environment descriptor '/home/eia/repo/rbi_2025_2/rov/rov_ws/install/rov_mujoco_description/share/rov_mujoco_description/hook/cmake_prefix_path.dsv'
[3.118s] INFO:colcon.colcon_core.shell:Creating environment hook '/home/eia/repo/rbi_2025_2/rov/rov_ws/install/rov_mujoco_description/share/rov_mujoco_description/hook/cmake_prefix_path.sh'
[3.119s] Level 1:colcon.colcon_core.environment:checking '/home/eia/repo/rbi_2025_2/rov/rov_ws/install/rov_mujoco_description/bin'
[3.119s] Level 1:colcon.colcon_core.environment:checking '/home/eia/repo/rbi_2025_2/rov/rov_ws/install/rov_mujoco_description/lib/pkgconfig/rov_mujoco_description.pc'
[3.119s] Level 1:colcon.colcon_core.environment:checking '/home/eia/repo/rbi_2025_2/rov/rov_ws/install/rov_mujoco_description/lib/python3.10/site-packages'
[3.120s] Level 1:colcon.colcon_core.environment:checking '/home/eia/repo/rbi_2025_2/rov/rov_ws/install/rov_mujoco_description/bin'
[3.120s] INFO:colcon.colcon_core.shell:Creating package script '/home/eia/repo/rbi_2025_2/rov/rov_ws/install/rov_mujoco_description/share/rov_mujoco_description/package.ps1'
[3.121s] INFO:colcon.colcon_core.shell:Creating package descriptor '/home/eia/repo/rbi_2025_2/rov/rov_ws/install/rov_mujoco_description/share/rov_mujoco_description/package.dsv'
[3.122s] INFO:colcon.colcon_core.shell:Creating package script '/home/eia/repo/rbi_2025_2/rov/rov_ws/install/rov_mujoco_description/share/rov_mujoco_description/package.sh'
[3.122s] INFO:colcon.colcon_core.shell:Creating package script '/home/eia/repo/rbi_2025_2/rov/rov_ws/install/rov_mujoco_description/share/rov_mujoco_description/package.bash'
[3.123s] INFO:colcon.colcon_core.shell:Creating package script '/home/eia/repo/rbi_2025_2/rov/rov_ws/install/rov_mujoco_description/share/rov_mujoco_description/package.zsh'
[3.123s] Level 1:colcon.colcon_core.environment:create_file_with_runtime_dependencies(/home/eia/repo/rbi_2025_2/rov/rov_ws/install/rov_mujoco_description/share/colcon-core/packages/rov_mujoco_description)
[3.124s] Level 1:colcon.colcon_core.environment:create_environment_scripts_only(rov_mujoco_description)
[3.125s] Level 1:colcon.colcon_core.environment:checking '/home/eia/repo/rbi_2025_2/rov/rov_ws/install/rov_mujoco_description' for CMake module files
[3.126s] Level 1:colcon.colcon_core.environment:checking '/home/eia/repo/rbi_2025_2/rov/rov_ws/install/rov_mujoco_description' for CMake config files
[3.126s] Level 1:colcon.colcon_core.shell:create_environment_hook('rov_mujoco_description', 'cmake_prefix_path')
[3.126s] INFO:colcon.colcon_core.shell:Creating environment hook '/home/eia/repo/rbi_2025_2/rov/rov_ws/install/rov_mujoco_description/share/rov_mujoco_description/hook/cmake_prefix_path.ps1'
[3.127s] INFO:colcon.colcon_core.shell:Creating environment descriptor '/home/eia/repo/rbi_2025_2/rov/rov_ws/install/rov_mujoco_description/share/rov_mujoco_description/hook/cmake_prefix_path.dsv'
[3.128s] INFO:colcon.colcon_core.shell:Creating environment hook '/home/eia/repo/rbi_2025_2/rov/rov_ws/install/rov_mujoco_description/share/rov_mujoco_description/hook/cmake_prefix_path.sh'
[3.129s] Level 1:colcon.colcon_core.environment:checking '/home/eia/repo/rbi_2025_2/rov/rov_ws/install/rov_mujoco_description/bin'
[3.129s] Level 1:colcon.colcon_core.environment:checking '/home/eia/repo/rbi_2025_2/rov/rov_ws/install/rov_mujoco_description/lib/pkgconfig/rov_mujoco_description.pc'
[3.129s] Level 1:colcon.colcon_core.environment:checking '/home/eia/repo/rbi_2025_2/rov/rov_ws/install/rov_mujoco_description/lib/python3.10/site-packages'
[3.130s] Level 1:colcon.colcon_core.environment:checking '/home/eia/repo/rbi_2025_2/rov/rov_ws/install/rov_mujoco_description/bin'
[3.130s] INFO:colcon.colcon_core.shell:Creating package script '/home/eia/repo/rbi_2025_2/rov/rov_ws/install/rov_mujoco_description/share/rov_mujoco_description/package.ps1'
[3.131s] INFO:colcon.colcon_core.shell:Creating package descriptor '/home/eia/repo/rbi_2025_2/rov/rov_ws/install/rov_mujoco_description/share/rov_mujoco_description/package.dsv'
[3.132s] INFO:colcon.colcon_core.shell:Creating package script '/home/eia/repo/rbi_2025_2/rov/rov_ws/install/rov_mujoco_description/share/rov_mujoco_description/package.sh'
[3.133s] INFO:colcon.colcon_core.shell:Creating package script '/home/eia/repo/rbi_2025_2/rov/rov_ws/install/rov_mujoco_description/share/rov_mujoco_description/package.bash'
[3.134s] INFO:colcon.colcon_core.shell:Creating package script '/home/eia/repo/rbi_2025_2/rov/rov_ws/install/rov_mujoco_description/share/rov_mujoco_description/package.zsh'
[3.134s] Level 1:colcon.colcon_core.environment:create_file_with_runtime_dependencies(/home/eia/repo/rbi_2025_2/rov/rov_ws/install/rov_mujoco_description/share/colcon-core/packages/rov_mujoco_description)
[3.136s] Level 1:colcon.colcon_core.environment:create_environment_scripts_only(rov_real_bringup)
[3.136s] Level 1:colcon.colcon_core.environment:checking '/home/eia/repo/rbi_2025_2/rov/rov_ws/install/rov_real_bringup' for CMake module files
[3.138s] DEBUG:colcon.colcon_core.event_handler.log_command:Invoked command in '/home/eia/repo/rbi_2025_2/rov/rov_ws/build/rov_real_bringup' returned '0': CMAKE_PREFIX_PATH=${CMAKE_PREFIX_PATH}:/home/eia/repo/rbi_2025_2/rov/rov_ws/install/rov_position_controller:/home/eia/repo/rbi_2025_2/rov/rov_ws/install/rov_path_generator:/home/eia/repo/rbi_2025_2/rov/rov_ws/install/rov_path_follower:/home/eia/repo/rbi_2025_2/rov/rov_ws/install/rov_attitude_controller:/home/eia/repo/rbi_2025_2/rov/rov_ws/install/direct_control:/opt/ros/humble /usr/bin/cmake --install /home/eia/repo/rbi_2025_2/rov/rov_ws/build/rov_real_bringup
[3.138s] Level 1:colcon.colcon_core.environment:checking '/home/eia/repo/rbi_2025_2/rov/rov_ws/install/rov_real_bringup' for CMake config files
[3.138s] Level 1:colcon.colcon_core.shell:create_environment_hook('rov_real_bringup', 'cmake_prefix_path')
[3.139s] INFO:colcon.colcon_core.shell:Creating environment hook '/home/eia/repo/rbi_2025_2/rov/rov_ws/install/rov_real_bringup/share/rov_real_bringup/hook/cmake_prefix_path.ps1'
[3.140s] INFO:colcon.colcon_core.shell:Creating environment descriptor '/home/eia/repo/rbi_2025_2/rov/rov_ws/install/rov_real_bringup/share/rov_real_bringup/hook/cmake_prefix_path.dsv'
[3.140s] INFO:colcon.colcon_core.shell:Creating environment hook '/home/eia/repo/rbi_2025_2/rov/rov_ws/install/rov_real_bringup/share/rov_real_bringup/hook/cmake_prefix_path.sh'
[3.141s] Level 1:colcon.colcon_core.environment:checking '/home/eia/repo/rbi_2025_2/rov/rov_ws/install/rov_real_bringup/bin'
[3.141s] Level 1:colcon.colcon_core.environment:checking '/home/eia/repo/rbi_2025_2/rov/rov_ws/install/rov_real_bringup/lib/pkgconfig/rov_real_bringup.pc'
[3.142s] Level 1:colcon.colcon_core.environment:checking '/home/eia/repo/rbi_2025_2/rov/rov_ws/install/rov_real_bringup/lib/python3.10/site-packages'
[3.142s] Level 1:colcon.colcon_core.environment:checking '/home/eia/repo/rbi_2025_2/rov/rov_ws/install/rov_real_bringup/bin'
[3.142s] INFO:colcon.colcon_core.shell:Creating package script '/home/eia/repo/rbi_2025_2/rov/rov_ws/install/rov_real_bringup/share/rov_real_bringup/package.ps1'
[3.143s] INFO:colcon.colcon_core.shell:Creating package descriptor '/home/eia/repo/rbi_2025_2/rov/rov_ws/install/rov_real_bringup/share/rov_real_bringup/package.dsv'
[3.144s] INFO:colcon.colcon_core.shell:Creating package script '/home/eia/repo/rbi_2025_2/rov/rov_ws/install/rov_real_bringup/share/rov_real_bringup/package.sh'
[3.144s] INFO:colcon.colcon_core.shell:Creating package script '/home/eia/repo/rbi_2025_2/rov/rov_ws/install/rov_real_bringup/share/rov_real_bringup/package.bash'
[3.145s] INFO:colcon.colcon_core.shell:Creating package script '/home/eia/repo/rbi_2025_2/rov/rov_ws/install/rov_real_bringup/share/rov_real_bringup/package.zsh'
[3.146s] Level 1:colcon.colcon_core.environment:create_file_with_runtime_dependencies(/home/eia/repo/rbi_2025_2/rov/rov_ws/install/rov_real_bringup/share/colcon-core/packages/rov_real_bringup)
[3.147s] Level 1:colcon.colcon_core.environment:create_environment_scripts_only(rov_real_bringup)
[3.147s] Level 1:colcon.colcon_core.environment:checking '/home/eia/repo/rbi_2025_2/rov/rov_ws/install/rov_real_bringup' for CMake module files
[3.148s] Level 1:colcon.colcon_core.environment:checking '/home/eia/repo/rbi_2025_2/rov/rov_ws/install/rov_real_bringup' for CMake config files
[3.149s] Level 1:colcon.colcon_core.shell:create_environment_hook('rov_real_bringup', 'cmake_prefix_path')
[3.149s] INFO:colcon.colcon_core.shell:Creating environment hook '/home/eia/repo/rbi_2025_2/rov/rov_ws/install/rov_real_bringup/share/rov_real_bringup/hook/cmake_prefix_path.ps1'
[3.150s] INFO:colcon.colcon_core.shell:Creating environment descriptor '/home/eia/repo/rbi_2025_2/rov/rov_ws/install/rov_real_bringup/share/rov_real_bringup/hook/cmake_prefix_path.dsv'
[3.151s] INFO:colcon.colcon_core.shell:Creating environment hook '/home/eia/repo/rbi_2025_2/rov/rov_ws/install/rov_real_bringup/share/rov_real_bringup/hook/cmake_prefix_path.sh'
[3.152s] Level 1:colcon.colcon_core.environment:checking '/home/eia/repo/rbi_2025_2/rov/rov_ws/install/rov_real_bringup/bin'
[3.152s] Level 1:colcon.colcon_core.environment:checking '/home/eia/repo/rbi_2025_2/rov/rov_ws/install/rov_real_bringup/lib/pkgconfig/rov_real_bringup.pc'
[3.152s] Level 1:colcon.colcon_core.environment:checking '/home/eia/repo/rbi_2025_2/rov/rov_ws/install/rov_real_bringup/lib/python3.10/site-packages'
[3.152s] Level 1:colcon.colcon_core.environment:checking '/home/eia/repo/rbi_2025_2/rov/rov_ws/install/rov_real_bringup/bin'
[3.153s] INFO:colcon.colcon_core.shell:Creating package script '/home/eia/repo/rbi_2025_2/rov/rov_ws/install/rov_real_bringup/share/rov_real_bringup/package.ps1'
[3.154s] INFO:colcon.colcon_core.shell:Creating package descriptor '/home/eia/repo/rbi_2025_2/rov/rov_ws/install/rov_real_bringup/share/rov_real_bringup/package.dsv'
[3.155s] INFO:colcon.colcon_core.shell:Creating package script '/home/eia/repo/rbi_2025_2/rov/rov_ws/install/rov_real_bringup/share/rov_real_bringup/package.sh'
[3.155s] INFO:colcon.colcon_core.shell:Creating package script '/home/eia/repo/rbi_2025_2/rov/rov_ws/install/rov_real_bringup/share/rov_real_bringup/package.bash'
[3.156s] INFO:colcon.colcon_core.shell:Creating package script '/home/eia/repo/rbi_2025_2/rov/rov_ws/install/rov_real_bringup/share/rov_real_bringup/package.zsh'
[3.157s] Level 1:colcon.colcon_core.environment:create_file_with_runtime_dependencies(/home/eia/repo/rbi_2025_2/rov/rov_ws/install/rov_real_bringup/share/colcon-core/packages/rov_real_bringup)
[3.158s] Level 1:colcon.colcon_core.environment:create_environment_scripts_only(rov_real_description)
[3.158s] Level 1:colcon.colcon_core.environment:checking '/home/eia/repo/rbi_2025_2/rov/rov_ws/install/rov_real_description' for CMake module files
[3.160s] DEBUG:colcon.colcon_core.event_handler.log_command:Invoked command in '/home/eia/repo/rbi_2025_2/rov/rov_ws/build/rov_real_description' returned '0': CMAKE_PREFIX_PATH=${CMAKE_PREFIX_PATH}:/home/eia/repo/rbi_2025_2/rov/rov_ws/install/rov_position_controller:/home/eia/repo/rbi_2025_2/rov/rov_ws/install/rov_path_generator:/home/eia/repo/rbi_2025_2/rov/rov_ws/install/rov_path_follower:/home/eia/repo/rbi_2025_2/rov/rov_ws/install/rov_attitude_controller:/home/eia/repo/rbi_2025_2/rov/rov_ws/install/direct_control:/opt/ros/humble /usr/bin/cmake --install /home/eia/repo/rbi_2025_2/rov/rov_ws/build/rov_real_description
[3.160s] Level 1:colcon.colcon_core.environment:checking '/home/eia/repo/rbi_2025_2/rov/rov_ws/install/rov_real_description' for CMake config files
[3.160s] Level 1:colcon.colcon_core.shell:create_environment_hook('rov_real_description', 'cmake_prefix_path')
[3.161s] INFO:colcon.colcon_core.shell:Creating environment hook '/home/eia/repo/rbi_2025_2/rov/rov_ws/install/rov_real_description/share/rov_real_description/hook/cmake_prefix_path.ps1'
[3.162s] INFO:colcon.colcon_core.shell:Creating environment descriptor '/home/eia/repo/rbi_2025_2/rov/rov_ws/install/rov_real_description/share/rov_real_description/hook/cmake_prefix_path.dsv'
[3.162s] INFO:colcon.colcon_core.shell:Creating environment hook '/home/eia/repo/rbi_2025_2/rov/rov_ws/install/rov_real_description/share/rov_real_description/hook/cmake_prefix_path.sh'
[3.163s] Level 1:colcon.colcon_core.environment:checking '/home/eia/repo/rbi_2025_2/rov/rov_ws/install/rov_real_description/bin'
[3.163s] Level 1:colcon.colcon_core.environment:checking '/home/eia/repo/rbi_2025_2/rov/rov_ws/install/rov_real_description/lib/pkgconfig/rov_real_description.pc'
[3.164s] Level 1:colcon.colcon_core.environment:checking '/home/eia/repo/rbi_2025_2/rov/rov_ws/install/rov_real_description/lib/python3.10/site-packages'
[3.164s] Level 1:colcon.colcon_core.environment:checking '/home/eia/repo/rbi_2025_2/rov/rov_ws/install/rov_real_description/bin'
[3.165s] INFO:colcon.colcon_core.shell:Creating package script '/home/eia/repo/rbi_2025_2/rov/rov_ws/install/rov_real_description/share/rov_real_description/package.ps1'
[3.166s] INFO:colcon.colcon_core.shell:Creating package descriptor '/home/eia/repo/rbi_2025_2/rov/rov_ws/install/rov_real_description/share/rov_real_description/package.dsv'
[3.166s] INFO:colcon.colcon_core.shell:Creating package script '/home/eia/repo/rbi_2025_2/rov/rov_ws/install/rov_real_description/share/rov_real_description/package.sh'
[3.167s] INFO:colcon.colcon_core.shell:Creating package script '/home/eia/repo/rbi_2025_2/rov/rov_ws/install/rov_real_description/share/rov_real_description/package.bash'
[3.167s] INFO:colcon.colcon_core.shell:Creating package script '/home/eia/repo/rbi_2025_2/rov/rov_ws/install/rov_real_description/share/rov_real_description/package.zsh'
[3.168s] Level 1:colcon.colcon_core.environment:create_file_with_runtime_dependencies(/home/eia/repo/rbi_2025_2/rov/rov_ws/install/rov_real_description/share/colcon-core/packages/rov_real_description)
[3.169s] Level 1:colcon.colcon_core.environment:create_environment_scripts_only(rov_real_description)
[3.169s] Level 1:colcon.colcon_core.environment:checking '/home/eia/repo/rbi_2025_2/rov/rov_ws/install/rov_real_description' for CMake module files
[3.170s] Level 1:colcon.colcon_core.environment:checking '/home/eia/repo/rbi_2025_2/rov/rov_ws/install/rov_real_description' for CMake config files
[3.171s] Level 1:colcon.colcon_core.shell:create_environment_hook('rov_real_description', 'cmake_prefix_path')
[3.171s] INFO:colcon.colcon_core.shell:Creating environment hook '/home/eia/repo/rbi_2025_2/rov/rov_ws/install/rov_real_description/share/rov_real_description/hook/cmake_prefix_path.ps1'
[3.172s] INFO:colcon.colcon_core.shell:Creating environment descriptor '/home/eia/repo/rbi_2025_2/rov/rov_ws/install/rov_real_description/share/rov_real_description/hook/cmake_prefix_path.dsv'
[3.172s] INFO:colcon.colcon_core.shell:Creating environment hook '/home/eia/repo/rbi_2025_2/rov/rov_ws/install/rov_real_description/share/rov_real_description/hook/cmake_prefix_path.sh'
[3.173s] Level 1:colcon.colcon_core.environment:checking '/home/eia/repo/rbi_2025_2/rov/rov_ws/install/rov_real_description/bin'
[3.173s] Level 1:colcon.colcon_core.environment:checking '/home/eia/repo/rbi_2025_2/rov/rov_ws/install/rov_real_description/lib/pkgconfig/rov_real_description.pc'
[3.174s] Level 1:colcon.colcon_core.environment:checking '/home/eia/repo/rbi_2025_2/rov/rov_ws/install/rov_real_description/lib/python3.10/site-packages'
[3.174s] Level 1:colcon.colcon_core.environment:checking '/home/eia/repo/rbi_2025_2/rov/rov_ws/install/rov_real_description/bin'
[3.174s] INFO:colcon.colcon_core.shell:Creating package script '/home/eia/repo/rbi_2025_2/rov/rov_ws/install/rov_real_description/share/rov_real_description/package.ps1'
[3.176s] INFO:colcon.colcon_core.shell:Creating package descriptor '/home/eia/repo/rbi_2025_2/rov/rov_ws/install/rov_real_description/share/rov_real_description/package.dsv'
[3.176s] INFO:colcon.colcon_core.shell:Creating package script '/home/eia/repo/rbi_2025_2/rov/rov_ws/install/rov_real_description/share/rov_real_description/package.sh'
[3.177s] INFO:colcon.colcon_core.shell:Creating package script '/home/eia/repo/rbi_2025_2/rov/rov_ws/install/rov_real_description/share/rov_real_description/package.bash'
[3.178s] INFO:colcon.colcon_core.shell:Creating package script '/home/eia/repo/rbi_2025_2/rov/rov_ws/install/rov_real_description/share/rov_real_description/package.zsh'
[3.179s] Level 1:colcon.colcon_core.environment:create_file_with_runtime_dependencies(/home/eia/repo/rbi_2025_2/rov/rov_ws/install/rov_real_description/share/colcon-core/packages/rov_real_description)
[3.790s] DEBUG:colcon.colcon_core.event_handler.log_command:Invoking command in '/home/eia/repo/rbi_2025_2/rov/rov_ws/build/direct_control': PYTHONPATH=/home/eia/repo/rbi_2025_2/rov/rov_ws/build/direct_control/prefix_override:/home/eia/.local/lib/python3.10/site-packages/colcon_core/task/python/colcon_distutils_commands:/home/eia/repo/rbi_2025_2/rov/rov_ws/install/direct_control/lib/python3.10/site-packages:${PYTHONPATH} /usr/bin/python3 -W ignore:setup.py install is deprecated -W ignore:easy_install command is deprecated setup.py develop --editable --build-directory /home/eia/repo/rbi_2025_2/rov/rov_ws/build/direct_control/build --no-deps symlink_data
[3.827s] DEBUG:colcon.colcon_core.event_handler.log_command:Invoking command in '/home/eia/repo/rbi_2025_2/rov/rov_ws/build/rov_path_generator': PYTHONPATH=/home/eia/repo/rbi_2025_2/rov/rov_ws/build/rov_path_generator/prefix_override:/home/eia/.local/lib/python3.10/site-packages/colcon_core/task/python/colcon_distutils_commands:/home/eia/repo/rbi_2025_2/rov/rov_ws/install/rov_path_generator/lib/python3.10/site-packages:${PYTHONPATH} /usr/bin/python3 -W ignore:setup.py install is deprecated -W ignore:easy_install command is deprecated setup.py develop --editable --build-directory /home/eia/repo/rbi_2025_2/rov/rov_ws/build/rov_path_generator/build --no-deps symlink_data
[3.858s] DEBUG:colcon.colcon_core.event_handler.log_command:Invoking command in '/home/eia/repo/rbi_2025_2/rov/rov_ws/build/rov_path_follower': PYTHONPATH=/home/eia/repo/rbi_2025_2/rov/rov_ws/build/rov_path_follower/prefix_override:/home/eia/.local/lib/python3.10/site-packages/colcon_core/task/python/colcon_distutils_commands:/home/eia/repo/rbi_2025_2/rov/rov_ws/install/rov_path_follower/lib/python3.10/site-packages:${PYTHONPATH} /usr/bin/python3 -W ignore:setup.py install is deprecated -W ignore:easy_install command is deprecated setup.py develop --editable --build-directory /home/eia/repo/rbi_2025_2/rov/rov_ws/build/rov_path_follower/build --no-deps symlink_data
[3.877s] DEBUG:colcon.colcon_core.event_handler.log_command:Invoking command in '/home/eia/repo/rbi_2025_2/rov/rov_ws/build/rov_attitude_controller': PYTHONPATH=/home/eia/repo/rbi_2025_2/rov/rov_ws/build/rov_attitude_controller/prefix_override:/home/eia/.local/lib/python3.10/site-packages/colcon_core/task/python/colcon_distutils_commands:/home/eia/repo/rbi_2025_2/rov/rov_ws/install/rov_attitude_controller/lib/python3.10/site-packages:${PYTHONPATH} /usr/bin/python3 -W ignore:setup.py install is deprecated -W ignore:easy_install command is deprecated setup.py develop --editable --build-directory /home/eia/repo/rbi_2025_2/rov/rov_ws/build/rov_attitude_controller/build --no-deps symlink_data
[3.897s] DEBUG:colcon.colcon_core.event_handler.log_command:Invoking command in '/home/eia/repo/rbi_2025_2/rov/rov_ws/build/rov_position_controller': PYTHONPATH=/home/eia/repo/rbi_2025_2/rov/rov_ws/build/rov_position_controller/prefix_override:/home/eia/.local/lib/python3.10/site-packages/colcon_core/task/python/colcon_distutils_commands:/home/eia/repo/rbi_2025_2/rov/rov_ws/install/rov_position_controller/lib/python3.10/site-packages:${PYTHONPATH} /usr/bin/python3 -W ignore:setup.py install is deprecated -W ignore:easy_install command is deprecated setup.py develop --editable --build-directory /home/eia/repo/rbi_2025_2/rov/rov_ws/build/rov_position_controller/build --no-deps symlink_data
[4.874s] Level 1:colcon.colcon_core.shell:create_environment_hook('rov_path_generator', 'pythonpath_develop')
[4.875s] INFO:colcon.colcon_core.shell:Creating environment hook '/home/eia/repo/rbi_2025_2/rov/rov_ws/build/rov_path_generator/share/rov_path_generator/hook/pythonpath_develop.ps1'
[4.875s] DEBUG:colcon.colcon_core.event_handler.log_command:Invoked command in '/home/eia/repo/rbi_2025_2/rov/rov_ws/build/rov_path_generator' returned '0': PYTHONPATH=/home/eia/repo/rbi_2025_2/rov/rov_ws/build/rov_path_generator/prefix_override:/home/eia/.local/lib/python3.10/site-packages/colcon_core/task/python/colcon_distutils_commands:/home/eia/repo/rbi_2025_2/rov/rov_ws/install/rov_path_generator/lib/python3.10/site-packages:${PYTHONPATH} /usr/bin/python3 -W ignore:setup.py install is deprecated -W ignore:easy_install command is deprecated setup.py develop --editable --build-directory /home/eia/repo/rbi_2025_2/rov/rov_ws/build/rov_path_generator/build --no-deps symlink_data
[4.876s] INFO:colcon.colcon_core.shell:Creating environment descriptor '/home/eia/repo/rbi_2025_2/rov/rov_ws/build/rov_path_generator/share/rov_path_generator/hook/pythonpath_develop.dsv'
[4.876s] INFO:colcon.colcon_core.shell:Creating environment hook '/home/eia/repo/rbi_2025_2/rov/rov_ws/build/rov_path_generator/share/rov_path_generator/hook/pythonpath_develop.sh'
[4.877s] Level 1:colcon.colcon_core.environment:checking '/home/eia/repo/rbi_2025_2/rov/rov_ws/install/rov_path_generator' for CMake module files
[4.878s] Level 1:colcon.colcon_core.environment:checking '/home/eia/repo/rbi_2025_2/rov/rov_ws/install/rov_path_generator' for CMake config files
[4.878s] Level 1:colcon.colcon_core.environment:checking '/home/eia/repo/rbi_2025_2/rov/rov_ws/install/rov_path_generator/lib'
[4.878s] Level 1:colcon.colcon_core.environment:checking '/home/eia/repo/rbi_2025_2/rov/rov_ws/install/rov_path_generator/bin'
[4.879s] Level 1:colcon.colcon_core.environment:checking '/home/eia/repo/rbi_2025_2/rov/rov_ws/install/rov_path_generator/lib/pkgconfig/rov_path_generator.pc'
[4.879s] Level 1:colcon.colcon_core.environment:checking '/home/eia/repo/rbi_2025_2/rov/rov_ws/install/rov_path_generator/lib/python3.10/site-packages'
[4.879s] Level 1:colcon.colcon_core.shell:create_environment_hook('rov_path_generator', 'pythonpath')
[4.879s] INFO:colcon.colcon_core.shell:Creating environment hook '/home/eia/repo/rbi_2025_2/rov/rov_ws/install/rov_path_generator/share/rov_path_generator/hook/pythonpath.ps1'
[4.880s] INFO:colcon.colcon_core.shell:Creating environment descriptor '/home/eia/repo/rbi_2025_2/rov/rov_ws/install/rov_path_generator/share/rov_path_generator/hook/pythonpath.dsv'
[4.881s] INFO:colcon.colcon_core.shell:Creating environment hook '/home/eia/repo/rbi_2025_2/rov/rov_ws/install/rov_path_generator/share/rov_path_generator/hook/pythonpath.sh'
[4.881s] Level 1:colcon.colcon_core.environment:checking '/home/eia/repo/rbi_2025_2/rov/rov_ws/install/rov_path_generator/bin'
[4.882s] Level 1:colcon.colcon_core.environment:create_environment_scripts_only(rov_path_generator)
[4.882s] INFO:colcon.colcon_core.shell:Creating package script '/home/eia/repo/rbi_2025_2/rov/rov_ws/install/rov_path_generator/share/rov_path_generator/package.ps1'
[4.883s] INFO:colcon.colcon_core.shell:Creating package descriptor '/home/eia/repo/rbi_2025_2/rov/rov_ws/install/rov_path_generator/share/rov_path_generator/package.dsv'
[4.883s] INFO:colcon.colcon_core.shell:Creating package script '/home/eia/repo/rbi_2025_2/rov/rov_ws/install/rov_path_generator/share/rov_path_generator/package.sh'
[4.884s] INFO:colcon.colcon_core.shell:Creating package script '/home/eia/repo/rbi_2025_2/rov/rov_ws/install/rov_path_generator/share/rov_path_generator/package.bash'
[4.884s] INFO:colcon.colcon_core.shell:Creating package script '/home/eia/repo/rbi_2025_2/rov/rov_ws/install/rov_path_generator/share/rov_path_generator/package.zsh'
[4.885s] Level 1:colcon.colcon_core.environment:create_file_with_runtime_dependencies(/home/eia/repo/rbi_2025_2/rov/rov_ws/install/rov_path_generator/share/colcon-core/packages/rov_path_generator)
[4.918s] Level 1:colcon.colcon_core.shell:create_environment_hook('rov_path_follower', 'pythonpath_develop')
[4.918s] INFO:colcon.colcon_core.shell:Creating environment hook '/home/eia/repo/rbi_2025_2/rov/rov_ws/build/rov_path_follower/share/rov_path_follower/hook/pythonpath_develop.ps1'
[4.919s] DEBUG:colcon.colcon_core.event_handler.log_command:Invoked command in '/home/eia/repo/rbi_2025_2/rov/rov_ws/build/rov_path_follower' returned '0': PYTHONPATH=/home/eia/repo/rbi_2025_2/rov/rov_ws/build/rov_path_follower/prefix_override:/home/eia/.local/lib/python3.10/site-packages/colcon_core/task/python/colcon_distutils_commands:/home/eia/repo/rbi_2025_2/rov/rov_ws/install/rov_path_follower/lib/python3.10/site-packages:${PYTHONPATH} /usr/bin/python3 -W ignore:setup.py install is deprecated -W ignore:easy_install command is deprecated setup.py develop --editable --build-directory /home/eia/repo/rbi_2025_2/rov/rov_ws/build/rov_path_follower/build --no-deps symlink_data
[4.920s] INFO:colcon.colcon_core.shell:Creating environment descriptor '/home/eia/repo/rbi_2025_2/rov/rov_ws/build/rov_path_follower/share/rov_path_follower/hook/pythonpath_develop.dsv'
[4.920s] INFO:colcon.colcon_core.shell:Creating environment hook '/home/eia/repo/rbi_2025_2/rov/rov_ws/build/rov_path_follower/share/rov_path_follower/hook/pythonpath_develop.sh'
[4.921s] Level 1:colcon.colcon_core.environment:checking '/home/eia/repo/rbi_2025_2/rov/rov_ws/install/rov_path_follower' for CMake module files
[4.922s] Level 1:colcon.colcon_core.environment:checking '/home/eia/repo/rbi_2025_2/rov/rov_ws/install/rov_path_follower' for CMake config files
[4.922s] Level 1:colcon.colcon_core.environment:checking '/home/eia/repo/rbi_2025_2/rov/rov_ws/install/rov_path_follower/lib'
[4.922s] Level 1:colcon.colcon_core.environment:checking '/home/eia/repo/rbi_2025_2/rov/rov_ws/install/rov_path_follower/bin'
[4.923s] Level 1:colcon.colcon_core.environment:checking '/home/eia/repo/rbi_2025_2/rov/rov_ws/install/rov_path_follower/lib/pkgconfig/rov_path_follower.pc'
[4.923s] Level 1:colcon.colcon_core.environment:checking '/home/eia/repo/rbi_2025_2/rov/rov_ws/install/rov_path_follower/lib/python3.10/site-packages'
[4.923s] Level 1:colcon.colcon_core.shell:create_environment_hook('rov_path_follower', 'pythonpath')
[4.923s] INFO:colcon.colcon_core.shell:Creating environment hook '/home/eia/repo/rbi_2025_2/rov/rov_ws/install/rov_path_follower/share/rov_path_follower/hook/pythonpath.ps1'
[4.924s] INFO:colcon.colcon_core.shell:Creating environment descriptor '/home/eia/repo/rbi_2025_2/rov/rov_ws/install/rov_path_follower/share/rov_path_follower/hook/pythonpath.dsv'
[4.924s] INFO:colcon.colcon_core.shell:Creating environment hook '/home/eia/repo/rbi_2025_2/rov/rov_ws/install/rov_path_follower/share/rov_path_follower/hook/pythonpath.sh'
[4.925s] Level 1:colcon.colcon_core.environment:checking '/home/eia/repo/rbi_2025_2/rov/rov_ws/install/rov_path_follower/bin'
[4.925s] Level 1:colcon.colcon_core.environment:create_environment_scripts_only(rov_path_follower)
[4.926s] INFO:colcon.colcon_core.shell:Creating package script '/home/eia/repo/rbi_2025_2/rov/rov_ws/install/rov_path_follower/share/rov_path_follower/package.ps1'
[4.926s] INFO:colcon.colcon_core.shell:Creating package descriptor '/home/eia/repo/rbi_2025_2/rov/rov_ws/install/rov_path_follower/share/rov_path_follower/package.dsv'
[4.927s] INFO:colcon.colcon_core.shell:Creating package script '/home/eia/repo/rbi_2025_2/rov/rov_ws/install/rov_path_follower/share/rov_path_follower/package.sh'
[4.928s] INFO:colcon.colcon_core.shell:Creating package script '/home/eia/repo/rbi_2025_2/rov/rov_ws/install/rov_path_follower/share/rov_path_follower/package.bash'
[4.928s] INFO:colcon.colcon_core.shell:Creating package script '/home/eia/repo/rbi_2025_2/rov/rov_ws/install/rov_path_follower/share/rov_path_follower/package.zsh'
[4.929s] Level 1:colcon.colcon_core.environment:create_file_with_runtime_dependencies(/home/eia/repo/rbi_2025_2/rov/rov_ws/install/rov_path_follower/share/colcon-core/packages/rov_path_follower)
[4.933s] Level 1:colcon.colcon_core.shell:create_environment_hook('direct_control', 'pythonpath_develop')
[4.934s] INFO:colcon.colcon_core.shell:Creating environment hook '/home/eia/repo/rbi_2025_2/rov/rov_ws/build/direct_control/share/direct_control/hook/pythonpath_develop.ps1'
[4.935s] DEBUG:colcon.colcon_core.event_handler.log_command:Invoked command in '/home/eia/repo/rbi_2025_2/rov/rov_ws/build/direct_control' returned '0': PYTHONPATH=/home/eia/repo/rbi_2025_2/rov/rov_ws/build/direct_control/prefix_override:/home/eia/.local/lib/python3.10/site-packages/colcon_core/task/python/colcon_distutils_commands:/home/eia/repo/rbi_2025_2/rov/rov_ws/install/direct_control/lib/python3.10/site-packages:${PYTHONPATH} /usr/bin/python3 -W ignore:setup.py install is deprecated -W ignore:easy_install command is deprecated setup.py develop --editable --build-directory /home/eia/repo/rbi_2025_2/rov/rov_ws/build/direct_control/build --no-deps symlink_data
[4.935s] INFO:colcon.colcon_core.shell:Creating environment descriptor '/home/eia/repo/rbi_2025_2/rov/rov_ws/build/direct_control/share/direct_control/hook/pythonpath_develop.dsv'
[4.936s] INFO:colcon.colcon_core.shell:Creating environment hook '/home/eia/repo/rbi_2025_2/rov/rov_ws/build/direct_control/share/direct_control/hook/pythonpath_develop.sh'
[4.936s] Level 1:colcon.colcon_core.environment:checking '/home/eia/repo/rbi_2025_2/rov/rov_ws/install/direct_control' for CMake module files
[4.937s] Level 1:colcon.colcon_core.environment:checking '/home/eia/repo/rbi_2025_2/rov/rov_ws/install/direct_control' for CMake config files
[4.937s] Level 1:colcon.colcon_core.environment:checking '/home/eia/repo/rbi_2025_2/rov/rov_ws/install/direct_control/lib'
[4.937s] Level 1:colcon.colcon_core.environment:checking '/home/eia/repo/rbi_2025_2/rov/rov_ws/install/direct_control/bin'
[4.938s] Level 1:colcon.colcon_core.environment:checking '/home/eia/repo/rbi_2025_2/rov/rov_ws/install/direct_control/lib/pkgconfig/direct_control.pc'
[4.938s] Level 1:colcon.colcon_core.environment:checking '/home/eia/repo/rbi_2025_2/rov/rov_ws/install/direct_control/lib/python3.10/site-packages'
[4.938s] Level 1:colcon.colcon_core.shell:create_environment_hook('direct_control', 'pythonpath')
[4.938s] INFO:colcon.colcon_core.shell:Creating environment hook '/home/eia/repo/rbi_2025_2/rov/rov_ws/install/direct_control/share/direct_control/hook/pythonpath.ps1'
[4.939s] INFO:colcon.colcon_core.shell:Creating environment descriptor '/home/eia/repo/rbi_2025_2/rov/rov_ws/install/direct_control/share/direct_control/hook/pythonpath.dsv'
[4.939s] INFO:colcon.colcon_core.shell:Creating environment hook '/home/eia/repo/rbi_2025_2/rov/rov_ws/install/direct_control/share/direct_control/hook/pythonpath.sh'
[4.940s] Level 1:colcon.colcon_core.environment:checking '/home/eia/repo/rbi_2025_2/rov/rov_ws/install/direct_control/bin'
[4.940s] Level 1:colcon.colcon_core.environment:create_environment_scripts_only(direct_control)
[4.940s] INFO:colcon.colcon_core.shell:Creating package script '/home/eia/repo/rbi_2025_2/rov/rov_ws/install/direct_control/share/direct_control/package.ps1'
[4.941s] INFO:colcon.colcon_core.shell:Creating package descriptor '/home/eia/repo/rbi_2025_2/rov/rov_ws/install/direct_control/share/direct_control/package.dsv'
[4.941s] INFO:colcon.colcon_core.shell:Creating package script '/home/eia/repo/rbi_2025_2/rov/rov_ws/install/direct_control/share/direct_control/package.sh'
[4.942s] INFO:colcon.colcon_core.shell:Creating package script '/home/eia/repo/rbi_2025_2/rov/rov_ws/install/direct_control/share/direct_control/package.bash'
[4.942s] INFO:colcon.colcon_core.shell:Creating package script '/home/eia/repo/rbi_2025_2/rov/rov_ws/install/direct_control/share/direct_control/package.zsh'
[4.943s] Level 1:colcon.colcon_core.environment:create_file_with_runtime_dependencies(/home/eia/repo/rbi_2025_2/rov/rov_ws/install/direct_control/share/colcon-core/packages/direct_control)
[5.014s] Level 1:colcon.colcon_core.shell:create_environment_hook('rov_position_controller', 'pythonpath_develop')
[5.014s] INFO:colcon.colcon_core.shell:Creating environment hook '/home/eia/repo/rbi_2025_2/rov/rov_ws/build/rov_position_controller/share/rov_position_controller/hook/pythonpath_develop.ps1'
[5.015s] DEBUG:colcon.colcon_core.event_handler.log_command:Invoked command in '/home/eia/repo/rbi_2025_2/rov/rov_ws/build/rov_position_controller' returned '0': PYTHONPATH=/home/eia/repo/rbi_2025_2/rov/rov_ws/build/rov_position_controller/prefix_override:/home/eia/.local/lib/python3.10/site-packages/colcon_core/task/python/colcon_distutils_commands:/home/eia/repo/rbi_2025_2/rov/rov_ws/install/rov_position_controller/lib/python3.10/site-packages:${PYTHONPATH} /usr/bin/python3 -W ignore:setup.py install is deprecated -W ignore:easy_install command is deprecated setup.py develop --editable --build-directory /home/eia/repo/rbi_2025_2/rov/rov_ws/build/rov_position_controller/build --no-deps symlink_data
[5.016s] INFO:colcon.colcon_core.shell:Creating environment descriptor '/home/eia/repo/rbi_2025_2/rov/rov_ws/build/rov_position_controller/share/rov_position_controller/hook/pythonpath_develop.dsv'
[5.016s] INFO:colcon.colcon_core.shell:Creating environment hook '/home/eia/repo/rbi_2025_2/rov/rov_ws/build/rov_position_controller/share/rov_position_controller/hook/pythonpath_develop.sh'
[5.017s] Level 1:colcon.colcon_core.environment:checking '/home/eia/repo/rbi_2025_2/rov/rov_ws/install/rov_position_controller' for CMake module files
[5.017s] Level 1:colcon.colcon_core.environment:checking '/home/eia/repo/rbi_2025_2/rov/rov_ws/install/rov_position_controller' for CMake config files
[5.018s] Level 1:colcon.colcon_core.environment:checking '/home/eia/repo/rbi_2025_2/rov/rov_ws/install/rov_position_controller/lib'
[5.018s] Level 1:colcon.colcon_core.environment:checking '/home/eia/repo/rbi_2025_2/rov/rov_ws/install/rov_position_controller/bin'
[5.018s] Level 1:colcon.colcon_core.environment:checking '/home/eia/repo/rbi_2025_2/rov/rov_ws/install/rov_position_controller/lib/pkgconfig/rov_position_controller.pc'
[5.019s] Level 1:colcon.colcon_core.environment:checking '/home/eia/repo/rbi_2025_2/rov/rov_ws/install/rov_position_controller/lib/python3.10/site-packages'
[5.019s] Level 1:colcon.colcon_core.shell:create_environment_hook('rov_position_controller', 'pythonpath')
[5.019s] INFO:colcon.colcon_core.shell:Creating environment hook '/home/eia/repo/rbi_2025_2/rov/rov_ws/install/rov_position_controller/share/rov_position_controller/hook/pythonpath.ps1'
[5.020s] INFO:colcon.colcon_core.shell:Creating environment descriptor '/home/eia/repo/rbi_2025_2/rov/rov_ws/install/rov_position_controller/share/rov_position_controller/hook/pythonpath.dsv'
[5.020s] INFO:colcon.colcon_core.shell:Creating environment hook '/home/eia/repo/rbi_2025_2/rov/rov_ws/install/rov_position_controller/share/rov_position_controller/hook/pythonpath.sh'
[5.021s] Level 1:colcon.colcon_core.environment:checking '/home/eia/repo/rbi_2025_2/rov/rov_ws/install/rov_position_controller/bin'
[5.021s] Level 1:colcon.colcon_core.environment:create_environment_scripts_only(rov_position_controller)
[5.021s] INFO:colcon.colcon_core.shell:Creating package script '/home/eia/repo/rbi_2025_2/rov/rov_ws/install/rov_position_controller/share/rov_position_controller/package.ps1'
[5.022s] INFO:colcon.colcon_core.shell:Creating package descriptor '/home/eia/repo/rbi_2025_2/rov/rov_ws/install/rov_position_controller/share/rov_position_controller/package.dsv'
[5.023s] INFO:colcon.colcon_core.shell:Creating package script '/home/eia/repo/rbi_2025_2/rov/rov_ws/install/rov_position_controller/share/rov_position_controller/package.sh'
[5.023s] INFO:colcon.colcon_core.shell:Creating package script '/home/eia/repo/rbi_2025_2/rov/rov_ws/install/rov_position_controller/share/rov_position_controller/package.bash'
[5.024s] INFO:colcon.colcon_core.shell:Creating package script '/home/eia/repo/rbi_2025_2/rov/rov_ws/install/rov_position_controller/share/rov_position_controller/package.zsh'
[5.024s] Level 1:colcon.colcon_core.environment:create_file_with_runtime_dependencies(/home/eia/repo/rbi_2025_2/rov/rov_ws/install/rov_position_controller/share/colcon-core/packages/rov_position_controller)
[5.025s] Level 1:colcon.colcon_core.shell:create_environment_hook('rov_attitude_controller', 'pythonpath_develop')
[5.026s] INFO:colcon.colcon_core.shell:Creating environment hook '/home/eia/repo/rbi_2025_2/rov/rov_ws/build/rov_attitude_controller/share/rov_attitude_controller/hook/pythonpath_develop.ps1'
[5.026s] DEBUG:colcon.colcon_core.event_handler.log_command:Invoked command in '/home/eia/repo/rbi_2025_2/rov/rov_ws/build/rov_attitude_controller' returned '0': PYTHONPATH=/home/eia/repo/rbi_2025_2/rov/rov_ws/build/rov_attitude_controller/prefix_override:/home/eia/.local/lib/python3.10/site-packages/colcon_core/task/python/colcon_distutils_commands:/home/eia/repo/rbi_2025_2/rov/rov_ws/install/rov_attitude_controller/lib/python3.10/site-packages:${PYTHONPATH} /usr/bin/python3 -W ignore:setup.py install is deprecated -W ignore:easy_install command is deprecated setup.py develop --editable --build-directory /home/eia/repo/rbi_2025_2/rov/rov_ws/build/rov_attitude_controller/build --no-deps symlink_data
[5.027s] INFO:colcon.colcon_core.shell:Creating environment descriptor '/home/eia/repo/rbi_2025_2/rov/rov_ws/build/rov_attitude_controller/share/rov_attitude_controller/hook/pythonpath_develop.dsv'
[5.027s] INFO:colcon.colcon_core.shell:Creating environment hook '/home/eia/repo/rbi_2025_2/rov/rov_ws/build/rov_attitude_controller/share/rov_attitude_controller/hook/pythonpath_develop.sh'
[5.028s] Level 1:colcon.colcon_core.environment:checking '/home/eia/repo/rbi_2025_2/rov/rov_ws/install/rov_attitude_controller' for CMake module files
[5.028s] Level 1:colcon.colcon_core.environment:checking '/home/eia/repo/rbi_2025_2/rov/rov_ws/install/rov_attitude_controller' for CMake config files
[5.029s] Level 1:colcon.colcon_core.environment:checking '/home/eia/repo/rbi_2025_2/rov/rov_ws/install/rov_attitude_controller/lib'
[5.029s] Level 1:colcon.colcon_core.environment:checking '/home/eia/repo/rbi_2025_2/rov/rov_ws/install/rov_attitude_controller/bin'
[5.029s] Level 1:colcon.colcon_core.environment:checking '/home/eia/repo/rbi_2025_2/rov/rov_ws/install/rov_attitude_controller/lib/pkgconfig/rov_attitude_controller.pc'
[5.030s] Level 1:colcon.colcon_core.environment:checking '/home/eia/repo/rbi_2025_2/rov/rov_ws/install/rov_attitude_controller/lib/python3.10/site-packages'
[5.030s] Level 1:colcon.colcon_core.shell:create_environment_hook('rov_attitude_controller', 'pythonpath')
[5.030s] INFO:colcon.colcon_core.shell:Creating environment hook '/home/eia/repo/rbi_2025_2/rov/rov_ws/install/rov_attitude_controller/share/rov_attitude_controller/hook/pythonpath.ps1'
[5.031s] INFO:colcon.colcon_core.shell:Creating environment descriptor '/home/eia/repo/rbi_2025_2/rov/rov_ws/install/rov_attitude_controller/share/rov_attitude_controller/hook/pythonpath.dsv'
[5.031s] INFO:colcon.colcon_core.shell:Creating environment hook '/home/eia/repo/rbi_2025_2/rov/rov_ws/install/rov_attitude_controller/share/rov_attitude_controller/hook/pythonpath.sh'
[5.032s] Level 1:colcon.colcon_core.environment:checking '/home/eia/repo/rbi_2025_2/rov/rov_ws/install/rov_attitude_controller/bin'
[5.032s] Level 1:colcon.colcon_core.environment:create_environment_scripts_only(rov_attitude_controller)
[5.032s] INFO:colcon.colcon_core.shell:Creating package script '/home/eia/repo/rbi_2025_2/rov/rov_ws/install/rov_attitude_controller/share/rov_attitude_controller/package.ps1'
[5.033s] INFO:colcon.colcon_core.shell:Creating package descriptor '/home/eia/repo/rbi_2025_2/rov/rov_ws/install/rov_attitude_controller/share/rov_attitude_controller/package.dsv'
[5.033s] INFO:colcon.colcon_core.shell:Creating package script '/home/eia/repo/rbi_2025_2/rov/rov_ws/install/rov_attitude_controller/share/rov_attitude_controller/package.sh'
[5.034s] INFO:colcon.colcon_core.shell:Creating package script '/home/eia/repo/rbi_2025_2/rov/rov_ws/install/rov_attitude_controller/share/rov_attitude_controller/package.bash'
[5.034s] INFO:colcon.colcon_core.shell:Creating package script '/home/eia/repo/rbi_2025_2/rov/rov_ws/install/rov_attitude_controller/share/rov_attitude_controller/package.zsh'
[5.035s] Level 1:colcon.colcon_core.environment:create_file_with_runtime_dependencies(/home/eia/repo/rbi_2025_2/rov/rov_ws/install/rov_attitude_controller/share/colcon-core/packages/rov_attitude_controller)
[6.598s] DEBUG:colcon.colcon_core.event_handler.log_command:Invoked command in '/home/eia/repo/rbi_2025_2/rov/rov_ws/build/rov_hardware_interface' returned '0': CMAKE_PREFIX_PATH=${CMAKE_PREFIX_PATH}:/home/eia/repo/rbi_2025_2/rov/rov_ws/install/rov_position_controller:/home/eia/repo/rbi_2025_2/rov/rov_ws/install/rov_path_generator:/home/eia/repo/rbi_2025_2/rov/rov_ws/install/rov_path_follower:/home/eia/repo/rbi_2025_2/rov/rov_ws/install/rov_attitude_controller:/home/eia/repo/rbi_2025_2/rov/rov_ws/install/direct_control:/opt/ros/humble /usr/bin/cmake --build /home/eia/repo/rbi_2025_2/rov/rov_ws/build/rov_hardware_interface -- -j12 -l12
[6.600s] DEBUG:colcon.colcon_core.event_handler.log_command:Invoking command in '/home/eia/repo/rbi_2025_2/rov/rov_ws/build/rov_hardware_interface': CMAKE_PREFIX_PATH=${CMAKE_PREFIX_PATH}:/home/eia/repo/rbi_2025_2/rov/rov_ws/install/rov_position_controller:/home/eia/repo/rbi_2025_2/rov/rov_ws/install/rov_path_generator:/home/eia/repo/rbi_2025_2/rov/rov_ws/install/rov_path_follower:/home/eia/repo/rbi_2025_2/rov/rov_ws/install/rov_attitude_controller:/home/eia/repo/rbi_2025_2/rov/rov_ws/install/direct_control:/opt/ros/humble /usr/bin/cmake --install /home/eia/repo/rbi_2025_2/rov/rov_ws/build/rov_hardware_interface
[6.620s] Level 1:colcon.colcon_core.environment:create_environment_scripts_only(rov_hardware_interface)
[6.621s] Level 1:colcon.colcon_core.environment:checking '/home/eia/repo/rbi_2025_2/rov/rov_ws/install/rov_hardware_interface' for CMake module files
[6.621s] DEBUG:colcon.colcon_core.event_handler.log_command:Invoked command in '/home/eia/repo/rbi_2025_2/rov/rov_ws/build/rov_hardware_interface' returned '0': CMAKE_PREFIX_PATH=${CMAKE_PREFIX_PATH}:/home/eia/repo/rbi_2025_2/rov/rov_ws/install/rov_position_controller:/home/eia/repo/rbi_2025_2/rov/rov_ws/install/rov_path_generator:/home/eia/repo/rbi_2025_2/rov/rov_ws/install/rov_path_follower:/home/eia/repo/rbi_2025_2/rov/rov_ws/install/rov_attitude_controller:/home/eia/repo/rbi_2025_2/rov/rov_ws/install/direct_control:/opt/ros/humble /usr/bin/cmake --install /home/eia/repo/rbi_2025_2/rov/rov_ws/build/rov_hardware_interface
[6.622s] Level 1:colcon.colcon_core.environment:checking '/home/eia/repo/rbi_2025_2/rov/rov_ws/install/rov_hardware_interface' for CMake config files
[6.622s] Level 1:colcon.colcon_core.shell:create_environment_hook('rov_hardware_interface', 'cmake_prefix_path')
[6.622s] INFO:colcon.colcon_core.shell:Creating environment hook '/home/eia/repo/rbi_2025_2/rov/rov_ws/install/rov_hardware_interface/share/rov_hardware_interface/hook/cmake_prefix_path.ps1'
[6.623s] INFO:colcon.colcon_core.shell:Creating environment descriptor '/home/eia/repo/rbi_2025_2/rov/rov_ws/install/rov_hardware_interface/share/rov_hardware_interface/hook/cmake_prefix_path.dsv'
[6.623s] INFO:colcon.colcon_core.shell:Creating environment hook '/home/eia/repo/rbi_2025_2/rov/rov_ws/install/rov_hardware_interface/share/rov_hardware_interface/hook/cmake_prefix_path.sh'
[6.624s] Level 1:colcon.colcon_core.environment:checking '/home/eia/repo/rbi_2025_2/rov/rov_ws/install/rov_hardware_interface/lib'
[6.624s] Level 1:colcon.colcon_core.shell:create_environment_hook('rov_hardware_interface', 'ld_library_path_lib')
[6.624s] INFO:colcon.colcon_core.shell:Creating environment hook '/home/eia/repo/rbi_2025_2/rov/rov_ws/install/rov_hardware_interface/share/rov_hardware_interface/hook/ld_library_path_lib.ps1'
[6.624s] INFO:colcon.colcon_core.shell:Creating environment descriptor '/home/eia/repo/rbi_2025_2/rov/rov_ws/install/rov_hardware_interface/share/rov_hardware_interface/hook/ld_library_path_lib.dsv'
[6.625s] INFO:colcon.colcon_core.shell:Creating environment hook '/home/eia/repo/rbi_2025_2/rov/rov_ws/install/rov_hardware_interface/share/rov_hardware_interface/hook/ld_library_path_lib.sh'
[6.625s] Level 1:colcon.colcon_core.environment:checking '/home/eia/repo/rbi_2025_2/rov/rov_ws/install/rov_hardware_interface/bin'
[6.625s] Level 1:colcon.colcon_core.environment:checking '/home/eia/repo/rbi_2025_2/rov/rov_ws/install/rov_hardware_interface/lib/pkgconfig/rov_hardware_interface.pc'
[6.625s] Level 1:colcon.colcon_core.environment:checking '/home/eia/repo/rbi_2025_2/rov/rov_ws/install/rov_hardware_interface/lib/python3.10/site-packages'
[6.626s] Level 1:colcon.colcon_core.environment:checking '/home/eia/repo/rbi_2025_2/rov/rov_ws/install/rov_hardware_interface/bin'
[6.626s] INFO:colcon.colcon_core.shell:Creating package script '/home/eia/repo/rbi_2025_2/rov/rov_ws/install/rov_hardware_interface/share/rov_hardware_interface/package.ps1'
[6.626s] INFO:colcon.colcon_core.shell:Creating package descriptor '/home/eia/repo/rbi_2025_2/rov/rov_ws/install/rov_hardware_interface/share/rov_hardware_interface/package.dsv'
[6.627s] INFO:colcon.colcon_core.shell:Creating package script '/home/eia/repo/rbi_2025_2/rov/rov_ws/install/rov_hardware_interface/share/rov_hardware_interface/package.sh'
[6.627s] INFO:colcon.colcon_core.shell:Creating package script '/home/eia/repo/rbi_2025_2/rov/rov_ws/install/rov_hardware_interface/share/rov_hardware_interface/package.bash'
[6.628s] INFO:colcon.colcon_core.shell:Creating package script '/home/eia/repo/rbi_2025_2/rov/rov_ws/install/rov_hardware_interface/share/rov_hardware_interface/package.zsh'
[6.628s] Level 1:colcon.colcon_core.environment:create_file_with_runtime_dependencies(/home/eia/repo/rbi_2025_2/rov/rov_ws/install/rov_hardware_interface/share/colcon-core/packages/rov_hardware_interface)
[6.628s] Level 1:colcon.colcon_core.environment:create_environment_scripts_only(rov_hardware_interface)
[6.629s] Level 1:colcon.colcon_core.environment:checking '/home/eia/repo/rbi_2025_2/rov/rov_ws/install/rov_hardware_interface' for CMake module files
[6.629s] Level 1:colcon.colcon_core.environment:checking '/home/eia/repo/rbi_2025_2/rov/rov_ws/install/rov_hardware_interface' for CMake config files
[6.629s] Level 1:colcon.colcon_core.shell:create_environment_hook('rov_hardware_interface', 'cmake_prefix_path')
[6.630s] INFO:colcon.colcon_core.shell:Creating environment hook '/home/eia/repo/rbi_2025_2/rov/rov_ws/install/rov_hardware_interface/share/rov_hardware_interface/hook/cmake_prefix_path.ps1'
[6.630s] INFO:colcon.colcon_core.shell:Creating environment descriptor '/home/eia/repo/rbi_2025_2/rov/rov_ws/install/rov_hardware_interface/share/rov_hardware_interface/hook/cmake_prefix_path.dsv'
[6.630s] INFO:colcon.colcon_core.shell:Creating environment hook '/home/eia/repo/rbi_2025_2/rov/rov_ws/install/rov_hardware_interface/share/rov_hardware_interface/hook/cmake_prefix_path.sh'
[6.631s] Level 1:colcon.colcon_core.environment:checking '/home/eia/repo/rbi_2025_2/rov/rov_ws/install/rov_hardware_interface/lib'
[6.631s] Level 1:colcon.colcon_core.shell:create_environment_hook('rov_hardware_interface', 'ld_library_path_lib')
[6.631s] INFO:colcon.colcon_core.shell:Creating environment hook '/home/eia/repo/rbi_2025_2/rov/rov_ws/install/rov_hardware_interface/share/rov_hardware_interface/hook/ld_library_path_lib.ps1'
[6.632s] INFO:colcon.colcon_core.shell:Creating environment descriptor '/home/eia/repo/rbi_2025_2/rov/rov_ws/install/rov_hardware_interface/share/rov_hardware_interface/hook/ld_library_path_lib.dsv'
[6.632s] INFO:colcon.colcon_core.shell:Creating environment hook '/home/eia/repo/rbi_2025_2/rov/rov_ws/install/rov_hardware_interface/share/rov_hardware_interface/hook/ld_library_path_lib.sh'
[6.632s] Level 1:colcon.colcon_core.environment:checking '/home/eia/repo/rbi_2025_2/rov/rov_ws/install/rov_hardware_interface/bin'
[6.632s] Level 1:colcon.colcon_core.environment:checking '/home/eia/repo/rbi_2025_2/rov/rov_ws/install/rov_hardware_interface/lib/pkgconfig/rov_hardware_interface.pc'
[6.633s] Level 1:colcon.colcon_core.environment:checking '/home/eia/repo/rbi_2025_2/rov/rov_ws/install/rov_hardware_interface/lib/python3.10/site-packages'
[6.633s] Level 1:colcon.colcon_core.environment:checking '/home/eia/repo/rbi_2025_2/rov/rov_ws/install/rov_hardware_interface/bin'
[6.633s] INFO:colcon.colcon_core.shell:Creating package script '/home/eia/repo/rbi_2025_2/rov/rov_ws/install/rov_hardware_interface/share/rov_hardware_interface/package.ps1'
[6.634s] INFO:colcon.colcon_core.shell:Creating package descriptor '/home/eia/repo/rbi_2025_2/rov/rov_ws/install/rov_hardware_interface/share/rov_hardware_interface/package.dsv'
[6.634s] INFO:colcon.colcon_core.shell:Creating package script '/home/eia/repo/rbi_2025_2/rov/rov_ws/install/rov_hardware_interface/share/rov_hardware_interface/package.sh'
[6.635s] INFO:colcon.colcon_core.shell:Creating package script '/home/eia/repo/rbi_2025_2/rov/rov_ws/install/rov_hardware_interface/share/rov_hardware_interface/package.bash'
[6.635s] INFO:colcon.colcon_core.shell:Creating package script '/home/eia/repo/rbi_2025_2/rov/rov_ws/install/rov_hardware_interface/share/rov_hardware_interface/package.zsh'
[6.635s] Level 1:colcon.colcon_core.environment:create_file_with_runtime_dependencies(/home/eia/repo/rbi_2025_2/rov/rov_ws/install/rov_hardware_interface/share/colcon-core/packages/rov_hardware_interface)
[6.636s] DEBUG:colcon.colcon_parallel_executor.executor.parallel:closing loop
[6.636s] DEBUG:colcon.colcon_parallel_executor.executor.parallel:loop closed
[6.636s] DEBUG:colcon.colcon_parallel_executor.executor.parallel:run_until_complete finished with '0'
[6.636s] DEBUG:colcon.colcon_core.event_reactor:joining thread
[6.642s] INFO:colcon.colcon_core.plugin_system:Skipping extension 'colcon_notification.desktop_notification.terminal_notifier': Not used on non-Darwin systems
[6.642s] INFO:colcon.colcon_core.plugin_system:Skipping extension 'colcon_notification.desktop_notification.win32': Not used on non-Windows systems
[6.642s] INFO:colcon.colcon_notification.desktop_notification:Sending desktop notification using 'notify2'
[6.653s] DEBUG:colcon.colcon_core.event_reactor:joined thread
[6.653s] INFO:colcon.colcon_core.shell:Creating prefix script '/home/eia/repo/rbi_2025_2/rov/rov_ws/install/local_setup.ps1'
[6.654s] INFO:colcon.colcon_core.shell:Creating prefix util module '/home/eia/repo/rbi_2025_2/rov/rov_ws/install/_local_setup_util_ps1.py'
[6.655s] INFO:colcon.colcon_core.shell:Creating prefix chain script '/home/eia/repo/rbi_2025_2/rov/rov_ws/install/setup.ps1'
[6.657s] INFO:colcon.colcon_core.shell:Creating prefix script '/home/eia/repo/rbi_2025_2/rov/rov_ws/install/local_setup.sh'
[6.657s] INFO:colcon.colcon_core.shell:Creating prefix util module '/home/eia/repo/rbi_2025_2/rov/rov_ws/install/_local_setup_util_sh.py'
[6.658s] INFO:colcon.colcon_core.shell:Creating prefix chain script '/home/eia/repo/rbi_2025_2/rov/rov_ws/install/setup.sh'
[6.659s] INFO:colcon.colcon_core.shell:Creating prefix script '/home/eia/repo/rbi_2025_2/rov/rov_ws/install/local_setup.bash'
[6.660s] INFO:colcon.colcon_core.shell:Creating prefix chain script '/home/eia/repo/rbi_2025_2/rov/rov_ws/install/setup.bash'
[6.661s] INFO:colcon.colcon_core.shell:Creating prefix script '/home/eia/repo/rbi_2025_2/rov/rov_ws/install/local_setup.zsh'
[6.661s] INFO:colcon.colcon_core.shell:Creating prefix chain script '/home/eia/repo/rbi_2025_2/rov/rov_ws/install/setup.zsh'
