[0.127s] DEBUG:colcon:Command line arguments: ['/home/eia/.local/bin/colcon', 'build', '--symlink-install']
[0.127s] DEBUG:colcon:Parsed command line arguments: Namespace(log_base=None, log_level=None, verb_name='build', build_base='build', install_base='install', merge_install=False, symlink_install=True, test_result_base=None, continue_on_error=False, executor='parallel', parallel_workers=12, event_handlers=None, ignore_user_meta=False, metas=['./colcon.meta'], base_paths=['.'], packages_ignore=None, packages_ignore_regex=None, paths=None, packages_up_to=None, packages_up_to_regex=None, packages_above=None, packages_above_and_dependencies=None, packages_above_depth=None, packages_select_by_dep=None, packages_skip_by_dep=None, packages_skip_up_to=None, packages_select_build_failed=False, packages_skip_build_finished=False, packages_select_test_failures=False, packages_skip_test_passed=False, packages_select=None, packages_skip=None, packages_select_regex=None, packages_skip_regex=None, packages_start=None, packages_end=None, cmake_args=None, cmake_target=None, cmake_target_skip_unavailable=False, cmake_clean_cache=False, cmake_clean_first=False, cmake_force_configure=False, ament_cmake_args=None, catkin_cmake_args=None, catkin_skip_building_tests=False, verb_parser=<colcon_defaults.argument_parser.defaults.DefaultArgumentsDecorator object at 0x7c25cc53f940>, verb_extension=<colcon_core.verb.build.BuildVerb object at 0x7c25cc6fc550>, main=<bound method BuildVerb.main of <colcon_core.verb.build.BuildVerb object at 0x7c25cc6fc550>>)
[0.328s] Level 1:colcon.colcon_core.package_discovery:discover_packages(colcon_meta) check parameters
[0.328s] Level 1:colcon.colcon_core.package_discovery:discover_packages(recursive) check parameters
[0.328s] Level 1:colcon.colcon_core.package_discovery:discover_packages(ignore) check parameters
[0.328s] Level 1:colcon.colcon_core.package_discovery:discover_packages(path) check parameters
[0.328s] Level 1:colcon.colcon_core.package_discovery:discover_packages(colcon_meta) discover
[0.328s] Level 1:colcon.colcon_core.package_discovery:discover_packages(recursive) discover
[0.328s] INFO:colcon.colcon_core.package_discovery:Crawling recursively for packages in '/home/eia/repo/rbi_2025_2/scara/scara_ws'
[0.328s] Level 1:colcon.colcon_core.package_identification:_identify(.) by extensions ['ignore', 'ignore_ament_install']
[0.328s] Level 1:colcon.colcon_core.package_identification:_identify(.) by extension 'ignore'
[0.328s] Level 1:colcon.colcon_core.package_identification:_identify(.) by extension 'ignore_ament_install'
[0.328s] Level 1:colcon.colcon_core.package_identification:_identify(.) by extensions ['colcon_pkg']
[0.328s] Level 1:colcon.colcon_core.package_identification:_identify(.) by extension 'colcon_pkg'
[0.328s] Level 1:colcon.colcon_core.package_identification:_identify(.) by extensions ['colcon_meta']
[0.329s] Level 1:colcon.colcon_core.package_identification:_identify(.) by extension 'colcon_meta'
[0.329s] Level 1:colcon.colcon_core.package_identification:_identify(.) by extensions ['ros']
[0.329s] Level 1:colcon.colcon_core.package_identification:_identify(.) by extension 'ros'
[0.356s] Level 1:colcon.colcon_core.package_identification:_identify(.) by extensions ['cmake', 'python']
[0.356s] Level 1:colcon.colcon_core.package_identification:_identify(.) by extension 'cmake'
[0.357s] Level 1:colcon.colcon_core.package_identification:_identify(.) by extension 'python'
[0.357s] Level 1:colcon.colcon_core.package_identification:_identify(.) by extensions ['python_setup_py']
[0.357s] Level 1:colcon.colcon_core.package_identification:_identify(.) by extension 'python_setup_py'
[0.357s] Level 1:colcon.colcon_core.package_identification:_identify(build) by extensions ['ignore', 'ignore_ament_install']
[0.357s] Level 1:colcon.colcon_core.package_identification:_identify(build) by extension 'ignore'
[0.357s] Level 1:colcon.colcon_core.package_identification:_identify(build) ignored
[0.357s] Level 1:colcon.colcon_core.package_identification:_identify(install) by extensions ['ignore', 'ignore_ament_install']
[0.357s] Level 1:colcon.colcon_core.package_identification:_identify(install) by extension 'ignore'
[0.358s] Level 1:colcon.colcon_core.package_identification:_identify(install) ignored
[0.358s] Level 1:colcon.colcon_core.package_identification:_identify(log) by extensions ['ignore', 'ignore_ament_install']
[0.358s] Level 1:colcon.colcon_core.package_identification:_identify(log) by extension 'ignore'
[0.358s] Level 1:colcon.colcon_core.package_identification:_identify(log) ignored
[0.358s] Level 1:colcon.colcon_core.package_identification:_identify(mujoco) by extensions ['ignore', 'ignore_ament_install']
[0.358s] Level 1:colcon.colcon_core.package_identification:_identify(mujoco) by extension 'ignore'
[0.358s] Level 1:colcon.colcon_core.package_identification:_identify(mujoco) by extension 'ignore_ament_install'
[0.358s] Level 1:colcon.colcon_core.package_identification:_identify(mujoco) by extensions ['colcon_pkg']
[0.358s] Level 1:colcon.colcon_core.package_identification:_identify(mujoco) by extension 'colcon_pkg'
[0.359s] Level 1:colcon.colcon_core.package_identification:_identify(mujoco) by extensions ['colcon_meta']
[0.359s] Level 1:colcon.colcon_core.package_identification:_identify(mujoco) by extension 'colcon_meta'
[0.359s] Level 1:colcon.colcon_core.package_identification:_identify(mujoco) by extensions ['ros']
[0.359s] Level 1:colcon.colcon_core.package_identification:_identify(mujoco) by extension 'ros'
[0.359s] Level 1:colcon.colcon_core.package_identification:_identify(mujoco) by extensions ['cmake', 'python']
[0.359s] Level 1:colcon.colcon_core.package_identification:_identify(mujoco) by extension 'cmake'
[0.359s] Level 1:colcon.colcon_core.package_identification:_identify(mujoco) by extension 'python'
[0.359s] Level 1:colcon.colcon_core.package_identification:_identify(mujoco) by extensions ['python_setup_py']
[0.359s] Level 1:colcon.colcon_core.package_identification:_identify(mujoco) by extension 'python_setup_py'
[0.359s] Level 1:colcon.colcon_core.package_identification:_identify(mujoco/bin) by extensions ['ignore', 'ignore_ament_install']
[0.359s] Level 1:colcon.colcon_core.package_identification:_identify(mujoco/bin) by extension 'ignore'
[0.359s] Level 1:colcon.colcon_core.package_identification:_identify(mujoco/bin) by extension 'ignore_ament_install'
[0.359s] Level 1:colcon.colcon_core.package_identification:_identify(mujoco/bin) by extensions ['colcon_pkg']
[0.359s] Level 1:colcon.colcon_core.package_identification:_identify(mujoco/bin) by extension 'colcon_pkg'
[0.360s] Level 1:colcon.colcon_core.package_identification:_identify(mujoco/bin) by extensions ['colcon_meta']
[0.360s] Level 1:colcon.colcon_core.package_identification:_identify(mujoco/bin) by extension 'colcon_meta'
[0.360s] Level 1:colcon.colcon_core.package_identification:_identify(mujoco/bin) by extensions ['ros']
[0.360s] Level 1:colcon.colcon_core.package_identification:_identify(mujoco/bin) by extension 'ros'
[0.360s] Level 1:colcon.colcon_core.package_identification:_identify(mujoco/bin) by extensions ['cmake', 'python']
[0.360s] Level 1:colcon.colcon_core.package_identification:_identify(mujoco/bin) by extension 'cmake'
[0.360s] Level 1:colcon.colcon_core.package_identification:_identify(mujoco/bin) by extension 'python'
[0.360s] Level 1:colcon.colcon_core.package_identification:_identify(mujoco/bin) by extensions ['python_setup_py']
[0.360s] Level 1:colcon.colcon_core.package_identification:_identify(mujoco/bin) by extension 'python_setup_py'
[0.360s] Level 1:colcon.colcon_core.package_identification:_identify(mujoco/bin/mujoco_plugin) by extensions ['ignore', 'ignore_ament_install']
[0.360s] Level 1:colcon.colcon_core.package_identification:_identify(mujoco/bin/mujoco_plugin) by extension 'ignore'
[0.360s] Level 1:colcon.colcon_core.package_identification:_identify(mujoco/bin/mujoco_plugin) by extension 'ignore_ament_install'
[0.360s] Level 1:colcon.colcon_core.package_identification:_identify(mujoco/bin/mujoco_plugin) by extensions ['colcon_pkg']
[0.360s] Level 1:colcon.colcon_core.package_identification:_identify(mujoco/bin/mujoco_plugin) by extension 'colcon_pkg'
[0.361s] Level 1:colcon.colcon_core.package_identification:_identify(mujoco/bin/mujoco_plugin) by extensions ['colcon_meta']
[0.361s] Level 1:colcon.colcon_core.package_identification:_identify(mujoco/bin/mujoco_plugin) by extension 'colcon_meta'
[0.361s] Level 1:colcon.colcon_core.package_identification:_identify(mujoco/bin/mujoco_plugin) by extensions ['ros']
[0.361s] Level 1:colcon.colcon_core.package_identification:_identify(mujoco/bin/mujoco_plugin) by extension 'ros'
[0.361s] Level 1:colcon.colcon_core.package_identification:_identify(mujoco/bin/mujoco_plugin) by extensions ['cmake', 'python']
[0.361s] Level 1:colcon.colcon_core.package_identification:_identify(mujoco/bin/mujoco_plugin) by extension 'cmake'
[0.361s] Level 1:colcon.colcon_core.package_identification:_identify(mujoco/bin/mujoco_plugin) by extension 'python'
[0.361s] Level 1:colcon.colcon_core.package_identification:_identify(mujoco/bin/mujoco_plugin) by extensions ['python_setup_py']
[0.361s] Level 1:colcon.colcon_core.package_identification:_identify(mujoco/bin/mujoco_plugin) by extension 'python_setup_py'
[0.361s] Level 1:colcon.colcon_core.package_identification:_identify(mujoco/include) by extensions ['ignore', 'ignore_ament_install']
[0.361s] Level 1:colcon.colcon_core.package_identification:_identify(mujoco/include) by extension 'ignore'
[0.361s] Level 1:colcon.colcon_core.package_identification:_identify(mujoco/include) by extension 'ignore_ament_install'
[0.361s] Level 1:colcon.colcon_core.package_identification:_identify(mujoco/include) by extensions ['colcon_pkg']
[0.362s] Level 1:colcon.colcon_core.package_identification:_identify(mujoco/include) by extension 'colcon_pkg'
[0.362s] Level 1:colcon.colcon_core.package_identification:_identify(mujoco/include) by extensions ['colcon_meta']
[0.362s] Level 1:colcon.colcon_core.package_identification:_identify(mujoco/include) by extension 'colcon_meta'
[0.362s] Level 1:colcon.colcon_core.package_identification:_identify(mujoco/include) by extensions ['ros']
[0.362s] Level 1:colcon.colcon_core.package_identification:_identify(mujoco/include) by extension 'ros'
[0.362s] Level 1:colcon.colcon_core.package_identification:_identify(mujoco/include) by extensions ['cmake', 'python']
[0.362s] Level 1:colcon.colcon_core.package_identification:_identify(mujoco/include) by extension 'cmake'
[0.362s] Level 1:colcon.colcon_core.package_identification:_identify(mujoco/include) by extension 'python'
[0.362s] Level 1:colcon.colcon_core.package_identification:_identify(mujoco/include) by extensions ['python_setup_py']
[0.362s] Level 1:colcon.colcon_core.package_identification:_identify(mujoco/include) by extension 'python_setup_py'
[0.362s] Level 1:colcon.colcon_core.package_identification:_identify(mujoco/include/mujoco) by extensions ['ignore', 'ignore_ament_install']
[0.362s] Level 1:colcon.colcon_core.package_identification:_identify(mujoco/include/mujoco) by extension 'ignore'
[0.362s] Level 1:colcon.colcon_core.package_identification:_identify(mujoco/include/mujoco) by extension 'ignore_ament_install'
[0.362s] Level 1:colcon.colcon_core.package_identification:_identify(mujoco/include/mujoco) by extensions ['colcon_pkg']
[0.362s] Level 1:colcon.colcon_core.package_identification:_identify(mujoco/include/mujoco) by extension 'colcon_pkg'
[0.363s] Level 1:colcon.colcon_core.package_identification:_identify(mujoco/include/mujoco) by extensions ['colcon_meta']
[0.363s] Level 1:colcon.colcon_core.package_identification:_identify(mujoco/include/mujoco) by extension 'colcon_meta'
[0.363s] Level 1:colcon.colcon_core.package_identification:_identify(mujoco/include/mujoco) by extensions ['ros']
[0.363s] Level 1:colcon.colcon_core.package_identification:_identify(mujoco/include/mujoco) by extension 'ros'
[0.363s] Level 1:colcon.colcon_core.package_identification:_identify(mujoco/include/mujoco) by extensions ['cmake', 'python']
[0.363s] Level 1:colcon.colcon_core.package_identification:_identify(mujoco/include/mujoco) by extension 'cmake'
[0.363s] Level 1:colcon.colcon_core.package_identification:_identify(mujoco/include/mujoco) by extension 'python'
[0.363s] Level 1:colcon.colcon_core.package_identification:_identify(mujoco/include/mujoco) by extensions ['python_setup_py']
[0.363s] Level 1:colcon.colcon_core.package_identification:_identify(mujoco/include/mujoco) by extension 'python_setup_py'
[0.363s] Level 1:colcon.colcon_core.package_identification:_identify(mujoco/include/mujoco/experimental) by extensions ['ignore', 'ignore_ament_install']
[0.363s] Level 1:colcon.colcon_core.package_identification:_identify(mujoco/include/mujoco/experimental) by extension 'ignore'
[0.363s] Level 1:colcon.colcon_core.package_identification:_identify(mujoco/include/mujoco/experimental) by extension 'ignore_ament_install'
[0.363s] Level 1:colcon.colcon_core.package_identification:_identify(mujoco/include/mujoco/experimental) by extensions ['colcon_pkg']
[0.363s] Level 1:colcon.colcon_core.package_identification:_identify(mujoco/include/mujoco/experimental) by extension 'colcon_pkg'
[0.364s] Level 1:colcon.colcon_core.package_identification:_identify(mujoco/include/mujoco/experimental) by extensions ['colcon_meta']
[0.364s] Level 1:colcon.colcon_core.package_identification:_identify(mujoco/include/mujoco/experimental) by extension 'colcon_meta'
[0.364s] Level 1:colcon.colcon_core.package_identification:_identify(mujoco/include/mujoco/experimental) by extensions ['ros']
[0.364s] Level 1:colcon.colcon_core.package_identification:_identify(mujoco/include/mujoco/experimental) by extension 'ros'
[0.364s] Level 1:colcon.colcon_core.package_identification:_identify(mujoco/include/mujoco/experimental) by extensions ['cmake', 'python']
[0.364s] Level 1:colcon.colcon_core.package_identification:_identify(mujoco/include/mujoco/experimental) by extension 'cmake'
[0.364s] Level 1:colcon.colcon_core.package_identification:_identify(mujoco/include/mujoco/experimental) by extension 'python'
[0.364s] Level 1:colcon.colcon_core.package_identification:_identify(mujoco/include/mujoco/experimental) by extensions ['python_setup_py']
[0.364s] Level 1:colcon.colcon_core.package_identification:_identify(mujoco/include/mujoco/experimental) by extension 'python_setup_py'
[0.364s] Level 1:colcon.colcon_core.package_identification:_identify(mujoco/include/mujoco/experimental/usd) by extensions ['ignore', 'ignore_ament_install']
[0.364s] Level 1:colcon.colcon_core.package_identification:_identify(mujoco/include/mujoco/experimental/usd) by extension 'ignore'
[0.364s] Level 1:colcon.colcon_core.package_identification:_identify(mujoco/include/mujoco/experimental/usd) by extension 'ignore_ament_install'
[0.364s] Level 1:colcon.colcon_core.package_identification:_identify(mujoco/include/mujoco/experimental/usd) by extensions ['colcon_pkg']
[0.365s] Level 1:colcon.colcon_core.package_identification:_identify(mujoco/include/mujoco/experimental/usd) by extension 'colcon_pkg'
[0.365s] Level 1:colcon.colcon_core.package_identification:_identify(mujoco/include/mujoco/experimental/usd) by extensions ['colcon_meta']
[0.365s] Level 1:colcon.colcon_core.package_identification:_identify(mujoco/include/mujoco/experimental/usd) by extension 'colcon_meta'
[0.365s] Level 1:colcon.colcon_core.package_identification:_identify(mujoco/include/mujoco/experimental/usd) by extensions ['ros']
[0.365s] Level 1:colcon.colcon_core.package_identification:_identify(mujoco/include/mujoco/experimental/usd) by extension 'ros'
[0.365s] Level 1:colcon.colcon_core.package_identification:_identify(mujoco/include/mujoco/experimental/usd) by extensions ['cmake', 'python']
[0.365s] Level 1:colcon.colcon_core.package_identification:_identify(mujoco/include/mujoco/experimental/usd) by extension 'cmake'
[0.365s] Level 1:colcon.colcon_core.package_identification:_identify(mujoco/include/mujoco/experimental/usd) by extension 'python'
[0.365s] Level 1:colcon.colcon_core.package_identification:_identify(mujoco/include/mujoco/experimental/usd) by extensions ['python_setup_py']
[0.365s] Level 1:colcon.colcon_core.package_identification:_identify(mujoco/include/mujoco/experimental/usd) by extension 'python_setup_py'
[0.365s] Level 1:colcon.colcon_core.package_identification:_identify(mujoco/include/mujoco/experimental/usd/mjcPhysics) by extensions ['ignore', 'ignore_ament_install']
[0.365s] Level 1:colcon.colcon_core.package_identification:_identify(mujoco/include/mujoco/experimental/usd/mjcPhysics) by extension 'ignore'
[0.365s] Level 1:colcon.colcon_core.package_identification:_identify(mujoco/include/mujoco/experimental/usd/mjcPhysics) by extension 'ignore_ament_install'
[0.366s] Level 1:colcon.colcon_core.package_identification:_identify(mujoco/include/mujoco/experimental/usd/mjcPhysics) by extensions ['colcon_pkg']
[0.366s] Level 1:colcon.colcon_core.package_identification:_identify(mujoco/include/mujoco/experimental/usd/mjcPhysics) by extension 'colcon_pkg'
[0.366s] Level 1:colcon.colcon_core.package_identification:_identify(mujoco/include/mujoco/experimental/usd/mjcPhysics) by extensions ['colcon_meta']
[0.366s] Level 1:colcon.colcon_core.package_identification:_identify(mujoco/include/mujoco/experimental/usd/mjcPhysics) by extension 'colcon_meta'
[0.366s] Level 1:colcon.colcon_core.package_identification:_identify(mujoco/include/mujoco/experimental/usd/mjcPhysics) by extensions ['ros']
[0.366s] Level 1:colcon.colcon_core.package_identification:_identify(mujoco/include/mujoco/experimental/usd/mjcPhysics) by extension 'ros'
[0.366s] Level 1:colcon.colcon_core.package_identification:_identify(mujoco/include/mujoco/experimental/usd/mjcPhysics) by extensions ['cmake', 'python']
[0.366s] Level 1:colcon.colcon_core.package_identification:_identify(mujoco/include/mujoco/experimental/usd/mjcPhysics) by extension 'cmake'
[0.366s] Level 1:colcon.colcon_core.package_identification:_identify(mujoco/include/mujoco/experimental/usd/mjcPhysics) by extension 'python'
[0.366s] Level 1:colcon.colcon_core.package_identification:_identify(mujoco/include/mujoco/experimental/usd/mjcPhysics) by extensions ['python_setup_py']
[0.366s] Level 1:colcon.colcon_core.package_identification:_identify(mujoco/include/mujoco/experimental/usd/mjcPhysics) by extension 'python_setup_py'
[0.367s] Level 1:colcon.colcon_core.package_identification:_identify(mujoco/lib) by extensions ['ignore', 'ignore_ament_install']
[0.367s] Level 1:colcon.colcon_core.package_identification:_identify(mujoco/lib) by extension 'ignore'
[0.367s] Level 1:colcon.colcon_core.package_identification:_identify(mujoco/lib) by extension 'ignore_ament_install'
[0.367s] Level 1:colcon.colcon_core.package_identification:_identify(mujoco/lib) by extensions ['colcon_pkg']
[0.367s] Level 1:colcon.colcon_core.package_identification:_identify(mujoco/lib) by extension 'colcon_pkg'
[0.367s] Level 1:colcon.colcon_core.package_identification:_identify(mujoco/lib) by extensions ['colcon_meta']
[0.367s] Level 1:colcon.colcon_core.package_identification:_identify(mujoco/lib) by extension 'colcon_meta'
[0.367s] Level 1:colcon.colcon_core.package_identification:_identify(mujoco/lib) by extensions ['ros']
[0.367s] Level 1:colcon.colcon_core.package_identification:_identify(mujoco/lib) by extension 'ros'
[0.368s] Level 1:colcon.colcon_core.package_identification:_identify(mujoco/lib) by extensions ['cmake', 'python']
[0.368s] Level 1:colcon.colcon_core.package_identification:_identify(mujoco/lib) by extension 'cmake'
[0.368s] Level 1:colcon.colcon_core.package_identification:_identify(mujoco/lib) by extension 'python'
[0.368s] Level 1:colcon.colcon_core.package_identification:_identify(mujoco/lib) by extensions ['python_setup_py']
[0.368s] Level 1:colcon.colcon_core.package_identification:_identify(mujoco/lib) by extension 'python_setup_py'
[0.368s] Level 1:colcon.colcon_core.package_identification:_identify(mujoco/model) by extensions ['ignore', 'ignore_ament_install']
[0.368s] Level 1:colcon.colcon_core.package_identification:_identify(mujoco/model) by extension 'ignore'
[0.368s] Level 1:colcon.colcon_core.package_identification:_identify(mujoco/model) by extension 'ignore_ament_install'
[0.368s] Level 1:colcon.colcon_core.package_identification:_identify(mujoco/model) by extensions ['colcon_pkg']
[0.369s] Level 1:colcon.colcon_core.package_identification:_identify(mujoco/model) by extension 'colcon_pkg'
[0.369s] Level 1:colcon.colcon_core.package_identification:_identify(mujoco/model) by extensions ['colcon_meta']
[0.369s] Level 1:colcon.colcon_core.package_identification:_identify(mujoco/model) by extension 'colcon_meta'
[0.369s] Level 1:colcon.colcon_core.package_identification:_identify(mujoco/model) by extensions ['ros']
[0.369s] Level 1:colcon.colcon_core.package_identification:_identify(mujoco/model) by extension 'ros'
[0.369s] Level 1:colcon.colcon_core.package_identification:_identify(mujoco/model) by extensions ['cmake', 'python']
[0.369s] Level 1:colcon.colcon_core.package_identification:_identify(mujoco/model) by extension 'cmake'
[0.369s] Level 1:colcon.colcon_core.package_identification:_identify(mujoco/model) by extension 'python'
[0.369s] Level 1:colcon.colcon_core.package_identification:_identify(mujoco/model) by extensions ['python_setup_py']
[0.369s] Level 1:colcon.colcon_core.package_identification:_identify(mujoco/model) by extension 'python_setup_py'
[0.369s] Level 1:colcon.colcon_core.package_identification:_identify(mujoco/model/adhesion) by extensions ['ignore', 'ignore_ament_install']
[0.369s] Level 1:colcon.colcon_core.package_identification:_identify(mujoco/model/adhesion) by extension 'ignore'
[0.370s] Level 1:colcon.colcon_core.package_identification:_identify(mujoco/model/adhesion) by extension 'ignore_ament_install'
[0.370s] Level 1:colcon.colcon_core.package_identification:_identify(mujoco/model/adhesion) by extensions ['colcon_pkg']
[0.370s] Level 1:colcon.colcon_core.package_identification:_identify(mujoco/model/adhesion) by extension 'colcon_pkg'
[0.370s] Level 1:colcon.colcon_core.package_identification:_identify(mujoco/model/adhesion) by extensions ['colcon_meta']
[0.370s] Level 1:colcon.colcon_core.package_identification:_identify(mujoco/model/adhesion) by extension 'colcon_meta'
[0.370s] Level 1:colcon.colcon_core.package_identification:_identify(mujoco/model/adhesion) by extensions ['ros']
[0.370s] Level 1:colcon.colcon_core.package_identification:_identify(mujoco/model/adhesion) by extension 'ros'
[0.370s] Level 1:colcon.colcon_core.package_identification:_identify(mujoco/model/adhesion) by extensions ['cmake', 'python']
[0.370s] Level 1:colcon.colcon_core.package_identification:_identify(mujoco/model/adhesion) by extension 'cmake'
[0.370s] Level 1:colcon.colcon_core.package_identification:_identify(mujoco/model/adhesion) by extension 'python'
[0.370s] Level 1:colcon.colcon_core.package_identification:_identify(mujoco/model/adhesion) by extensions ['python_setup_py']
[0.370s] Level 1:colcon.colcon_core.package_identification:_identify(mujoco/model/adhesion) by extension 'python_setup_py'
[0.370s] Level 1:colcon.colcon_core.package_identification:_identify(mujoco/model/balloons) by extensions ['ignore', 'ignore_ament_install']
[0.371s] Level 1:colcon.colcon_core.package_identification:_identify(mujoco/model/balloons) by extension 'ignore'
[0.371s] Level 1:colcon.colcon_core.package_identification:_identify(mujoco/model/balloons) by extension 'ignore_ament_install'
[0.371s] Level 1:colcon.colcon_core.package_identification:_identify(mujoco/model/balloons) by extensions ['colcon_pkg']
[0.371s] Level 1:colcon.colcon_core.package_identification:_identify(mujoco/model/balloons) by extension 'colcon_pkg'
[0.371s] Level 1:colcon.colcon_core.package_identification:_identify(mujoco/model/balloons) by extensions ['colcon_meta']
[0.371s] Level 1:colcon.colcon_core.package_identification:_identify(mujoco/model/balloons) by extension 'colcon_meta'
[0.371s] Level 1:colcon.colcon_core.package_identification:_identify(mujoco/model/balloons) by extensions ['ros']
[0.371s] Level 1:colcon.colcon_core.package_identification:_identify(mujoco/model/balloons) by extension 'ros'
[0.371s] Level 1:colcon.colcon_core.package_identification:_identify(mujoco/model/balloons) by extensions ['cmake', 'python']
[0.371s] Level 1:colcon.colcon_core.package_identification:_identify(mujoco/model/balloons) by extension 'cmake'
[0.371s] Level 1:colcon.colcon_core.package_identification:_identify(mujoco/model/balloons) by extension 'python'
[0.371s] Level 1:colcon.colcon_core.package_identification:_identify(mujoco/model/balloons) by extensions ['python_setup_py']
[0.371s] Level 1:colcon.colcon_core.package_identification:_identify(mujoco/model/balloons) by extension 'python_setup_py'
[0.371s] Level 1:colcon.colcon_core.package_identification:_identify(mujoco/model/car) by extensions ['ignore', 'ignore_ament_install']
[0.372s] Level 1:colcon.colcon_core.package_identification:_identify(mujoco/model/car) by extension 'ignore'
[0.372s] Level 1:colcon.colcon_core.package_identification:_identify(mujoco/model/car) by extension 'ignore_ament_install'
[0.372s] Level 1:colcon.colcon_core.package_identification:_identify(mujoco/model/car) by extensions ['colcon_pkg']
[0.372s] Level 1:colcon.colcon_core.package_identification:_identify(mujoco/model/car) by extension 'colcon_pkg'
[0.372s] Level 1:colcon.colcon_core.package_identification:_identify(mujoco/model/car) by extensions ['colcon_meta']
[0.372s] Level 1:colcon.colcon_core.package_identification:_identify(mujoco/model/car) by extension 'colcon_meta'
[0.372s] Level 1:colcon.colcon_core.package_identification:_identify(mujoco/model/car) by extensions ['ros']
[0.372s] Level 1:colcon.colcon_core.package_identification:_identify(mujoco/model/car) by extension 'ros'
[0.372s] Level 1:colcon.colcon_core.package_identification:_identify(mujoco/model/car) by extensions ['cmake', 'python']
[0.372s] Level 1:colcon.colcon_core.package_identification:_identify(mujoco/model/car) by extension 'cmake'
[0.372s] Level 1:colcon.colcon_core.package_identification:_identify(mujoco/model/car) by extension 'python'
[0.372s] Level 1:colcon.colcon_core.package_identification:_identify(mujoco/model/car) by extensions ['python_setup_py']
[0.372s] Level 1:colcon.colcon_core.package_identification:_identify(mujoco/model/car) by extension 'python_setup_py'
[0.372s] Level 1:colcon.colcon_core.package_identification:_identify(mujoco/model/cards) by extensions ['ignore', 'ignore_ament_install']
[0.373s] Level 1:colcon.colcon_core.package_identification:_identify(mujoco/model/cards) by extension 'ignore'
[0.373s] Level 1:colcon.colcon_core.package_identification:_identify(mujoco/model/cards) by extension 'ignore_ament_install'
[0.373s] Level 1:colcon.colcon_core.package_identification:_identify(mujoco/model/cards) by extensions ['colcon_pkg']
[0.373s] Level 1:colcon.colcon_core.package_identification:_identify(mujoco/model/cards) by extension 'colcon_pkg'
[0.373s] Level 1:colcon.colcon_core.package_identification:_identify(mujoco/model/cards) by extensions ['colcon_meta']
[0.373s] Level 1:colcon.colcon_core.package_identification:_identify(mujoco/model/cards) by extension 'colcon_meta'
[0.373s] Level 1:colcon.colcon_core.package_identification:_identify(mujoco/model/cards) by extensions ['ros']
[0.373s] Level 1:colcon.colcon_core.package_identification:_identify(mujoco/model/cards) by extension 'ros'
[0.373s] Level 1:colcon.colcon_core.package_identification:_identify(mujoco/model/cards) by extensions ['cmake', 'python']
[0.373s] Level 1:colcon.colcon_core.package_identification:_identify(mujoco/model/cards) by extension 'cmake'
[0.373s] Level 1:colcon.colcon_core.package_identification:_identify(mujoco/model/cards) by extension 'python'
[0.373s] Level 1:colcon.colcon_core.package_identification:_identify(mujoco/model/cards) by extensions ['python_setup_py']
[0.373s] Level 1:colcon.colcon_core.package_identification:_identify(mujoco/model/cards) by extension 'python_setup_py'
[0.374s] Level 1:colcon.colcon_core.package_identification:_identify(mujoco/model/cards/assets) by extensions ['ignore', 'ignore_ament_install']
[0.374s] Level 1:colcon.colcon_core.package_identification:_identify(mujoco/model/cards/assets) by extension 'ignore'
[0.374s] Level 1:colcon.colcon_core.package_identification:_identify(mujoco/model/cards/assets) by extension 'ignore_ament_install'
[0.374s] Level 1:colcon.colcon_core.package_identification:_identify(mujoco/model/cards/assets) by extensions ['colcon_pkg']
[0.374s] Level 1:colcon.colcon_core.package_identification:_identify(mujoco/model/cards/assets) by extension 'colcon_pkg'
[0.374s] Level 1:colcon.colcon_core.package_identification:_identify(mujoco/model/cards/assets) by extensions ['colcon_meta']
[0.374s] Level 1:colcon.colcon_core.package_identification:_identify(mujoco/model/cards/assets) by extension 'colcon_meta'
[0.374s] Level 1:colcon.colcon_core.package_identification:_identify(mujoco/model/cards/assets) by extensions ['ros']
[0.374s] Level 1:colcon.colcon_core.package_identification:_identify(mujoco/model/cards/assets) by extension 'ros'
[0.374s] Level 1:colcon.colcon_core.package_identification:_identify(mujoco/model/cards/assets) by extensions ['cmake', 'python']
[0.374s] Level 1:colcon.colcon_core.package_identification:_identify(mujoco/model/cards/assets) by extension 'cmake'
[0.374s] Level 1:colcon.colcon_core.package_identification:_identify(mujoco/model/cards/assets) by extension 'python'
[0.374s] Level 1:colcon.colcon_core.package_identification:_identify(mujoco/model/cards/assets) by extensions ['python_setup_py']
[0.374s] Level 1:colcon.colcon_core.package_identification:_identify(mujoco/model/cards/assets) by extension 'python_setup_py'
[0.375s] Level 1:colcon.colcon_core.package_identification:_identify(mujoco/model/cube) by extensions ['ignore', 'ignore_ament_install']
[0.375s] Level 1:colcon.colcon_core.package_identification:_identify(mujoco/model/cube) by extension 'ignore'
[0.375s] Level 1:colcon.colcon_core.package_identification:_identify(mujoco/model/cube) by extension 'ignore_ament_install'
[0.375s] Level 1:colcon.colcon_core.package_identification:_identify(mujoco/model/cube) by extensions ['colcon_pkg']
[0.375s] Level 1:colcon.colcon_core.package_identification:_identify(mujoco/model/cube) by extension 'colcon_pkg'
[0.375s] Level 1:colcon.colcon_core.package_identification:_identify(mujoco/model/cube) by extensions ['colcon_meta']
[0.375s] Level 1:colcon.colcon_core.package_identification:_identify(mujoco/model/cube) by extension 'colcon_meta'
[0.375s] Level 1:colcon.colcon_core.package_identification:_identify(mujoco/model/cube) by extensions ['ros']
[0.375s] Level 1:colcon.colcon_core.package_identification:_identify(mujoco/model/cube) by extension 'ros'
[0.375s] Level 1:colcon.colcon_core.package_identification:_identify(mujoco/model/cube) by extensions ['cmake', 'python']
[0.375s] Level 1:colcon.colcon_core.package_identification:_identify(mujoco/model/cube) by extension 'cmake'
[0.375s] Level 1:colcon.colcon_core.package_identification:_identify(mujoco/model/cube) by extension 'python'
[0.375s] Level 1:colcon.colcon_core.package_identification:_identify(mujoco/model/cube) by extensions ['python_setup_py']
[0.375s] Level 1:colcon.colcon_core.package_identification:_identify(mujoco/model/cube) by extension 'python_setup_py'
[0.375s] Level 1:colcon.colcon_core.package_identification:_identify(mujoco/model/cube/assets) by extensions ['ignore', 'ignore_ament_install']
[0.376s] Level 1:colcon.colcon_core.package_identification:_identify(mujoco/model/cube/assets) by extension 'ignore'
[0.376s] Level 1:colcon.colcon_core.package_identification:_identify(mujoco/model/cube/assets) by extension 'ignore_ament_install'
[0.376s] Level 1:colcon.colcon_core.package_identification:_identify(mujoco/model/cube/assets) by extensions ['colcon_pkg']
[0.376s] Level 1:colcon.colcon_core.package_identification:_identify(mujoco/model/cube/assets) by extension 'colcon_pkg'
[0.376s] Level 1:colcon.colcon_core.package_identification:_identify(mujoco/model/cube/assets) by extensions ['colcon_meta']
[0.376s] Level 1:colcon.colcon_core.package_identification:_identify(mujoco/model/cube/assets) by extension 'colcon_meta'
[0.376s] Level 1:colcon.colcon_core.package_identification:_identify(mujoco/model/cube/assets) by extensions ['ros']
[0.376s] Level 1:colcon.colcon_core.package_identification:_identify(mujoco/model/cube/assets) by extension 'ros'
[0.376s] Level 1:colcon.colcon_core.package_identification:_identify(mujoco/model/cube/assets) by extensions ['cmake', 'python']
[0.376s] Level 1:colcon.colcon_core.package_identification:_identify(mujoco/model/cube/assets) by extension 'cmake'
[0.376s] Level 1:colcon.colcon_core.package_identification:_identify(mujoco/model/cube/assets) by extension 'python'
[0.376s] Level 1:colcon.colcon_core.package_identification:_identify(mujoco/model/cube/assets) by extensions ['python_setup_py']
[0.376s] Level 1:colcon.colcon_core.package_identification:_identify(mujoco/model/cube/assets) by extension 'python_setup_py'
[0.376s] Level 1:colcon.colcon_core.package_identification:_identify(mujoco/model/flex) by extensions ['ignore', 'ignore_ament_install']
[0.377s] Level 1:colcon.colcon_core.package_identification:_identify(mujoco/model/flex) by extension 'ignore'
[0.377s] Level 1:colcon.colcon_core.package_identification:_identify(mujoco/model/flex) by extension 'ignore_ament_install'
[0.377s] Level 1:colcon.colcon_core.package_identification:_identify(mujoco/model/flex) by extensions ['colcon_pkg']
[0.377s] Level 1:colcon.colcon_core.package_identification:_identify(mujoco/model/flex) by extension 'colcon_pkg'
[0.377s] Level 1:colcon.colcon_core.package_identification:_identify(mujoco/model/flex) by extensions ['colcon_meta']
[0.377s] Level 1:colcon.colcon_core.package_identification:_identify(mujoco/model/flex) by extension 'colcon_meta'
[0.377s] Level 1:colcon.colcon_core.package_identification:_identify(mujoco/model/flex) by extensions ['ros']
[0.377s] Level 1:colcon.colcon_core.package_identification:_identify(mujoco/model/flex) by extension 'ros'
[0.377s] Level 1:colcon.colcon_core.package_identification:_identify(mujoco/model/flex) by extensions ['cmake', 'python']
[0.377s] Level 1:colcon.colcon_core.package_identification:_identify(mujoco/model/flex) by extension 'cmake'
[0.377s] Level 1:colcon.colcon_core.package_identification:_identify(mujoco/model/flex) by extension 'python'
[0.377s] Level 1:colcon.colcon_core.package_identification:_identify(mujoco/model/flex) by extensions ['python_setup_py']
[0.377s] Level 1:colcon.colcon_core.package_identification:_identify(mujoco/model/flex) by extension 'python_setup_py'
[0.377s] Level 1:colcon.colcon_core.package_identification:_identify(mujoco/model/flex/asset) by extensions ['ignore', 'ignore_ament_install']
[0.378s] Level 1:colcon.colcon_core.package_identification:_identify(mujoco/model/flex/asset) by extension 'ignore'
[0.378s] Level 1:colcon.colcon_core.package_identification:_identify(mujoco/model/flex/asset) by extension 'ignore_ament_install'
[0.378s] Level 1:colcon.colcon_core.package_identification:_identify(mujoco/model/flex/asset) by extensions ['colcon_pkg']
[0.378s] Level 1:colcon.colcon_core.package_identification:_identify(mujoco/model/flex/asset) by extension 'colcon_pkg'
[0.378s] Level 1:colcon.colcon_core.package_identification:_identify(mujoco/model/flex/asset) by extensions ['colcon_meta']
[0.378s] Level 1:colcon.colcon_core.package_identification:_identify(mujoco/model/flex/asset) by extension 'colcon_meta'
[0.378s] Level 1:colcon.colcon_core.package_identification:_identify(mujoco/model/flex/asset) by extensions ['ros']
[0.378s] Level 1:colcon.colcon_core.package_identification:_identify(mujoco/model/flex/asset) by extension 'ros'
[0.378s] Level 1:colcon.colcon_core.package_identification:_identify(mujoco/model/flex/asset) by extensions ['cmake', 'python']
[0.378s] Level 1:colcon.colcon_core.package_identification:_identify(mujoco/model/flex/asset) by extension 'cmake'
[0.378s] Level 1:colcon.colcon_core.package_identification:_identify(mujoco/model/flex/asset) by extension 'python'
[0.378s] Level 1:colcon.colcon_core.package_identification:_identify(mujoco/model/flex/asset) by extensions ['python_setup_py']
[0.378s] Level 1:colcon.colcon_core.package_identification:_identify(mujoco/model/flex/asset) by extension 'python_setup_py'
[0.378s] Level 1:colcon.colcon_core.package_identification:_identify(mujoco/model/hammock) by extensions ['ignore', 'ignore_ament_install']
[0.378s] Level 1:colcon.colcon_core.package_identification:_identify(mujoco/model/hammock) by extension 'ignore'
[0.379s] Level 1:colcon.colcon_core.package_identification:_identify(mujoco/model/hammock) by extension 'ignore_ament_install'
[0.379s] Level 1:colcon.colcon_core.package_identification:_identify(mujoco/model/hammock) by extensions ['colcon_pkg']
[0.379s] Level 1:colcon.colcon_core.package_identification:_identify(mujoco/model/hammock) by extension 'colcon_pkg'
[0.379s] Level 1:colcon.colcon_core.package_identification:_identify(mujoco/model/hammock) by extensions ['colcon_meta']
[0.379s] Level 1:colcon.colcon_core.package_identification:_identify(mujoco/model/hammock) by extension 'colcon_meta'
[0.379s] Level 1:colcon.colcon_core.package_identification:_identify(mujoco/model/hammock) by extensions ['ros']
[0.379s] Level 1:colcon.colcon_core.package_identification:_identify(mujoco/model/hammock) by extension 'ros'
[0.379s] Level 1:colcon.colcon_core.package_identification:_identify(mujoco/model/hammock) by extensions ['cmake', 'python']
[0.379s] Level 1:colcon.colcon_core.package_identification:_identify(mujoco/model/hammock) by extension 'cmake'
[0.379s] Level 1:colcon.colcon_core.package_identification:_identify(mujoco/model/hammock) by extension 'python'
[0.379s] Level 1:colcon.colcon_core.package_identification:_identify(mujoco/model/hammock) by extensions ['python_setup_py']
[0.379s] Level 1:colcon.colcon_core.package_identification:_identify(mujoco/model/hammock) by extension 'python_setup_py'
[0.379s] Level 1:colcon.colcon_core.package_identification:_identify(mujoco/model/humanoid) by extensions ['ignore', 'ignore_ament_install']
[0.379s] Level 1:colcon.colcon_core.package_identification:_identify(mujoco/model/humanoid) by extension 'ignore'
[0.379s] Level 1:colcon.colcon_core.package_identification:_identify(mujoco/model/humanoid) by extension 'ignore_ament_install'
[0.379s] Level 1:colcon.colcon_core.package_identification:_identify(mujoco/model/humanoid) by extensions ['colcon_pkg']
[0.380s] Level 1:colcon.colcon_core.package_identification:_identify(mujoco/model/humanoid) by extension 'colcon_pkg'
[0.380s] Level 1:colcon.colcon_core.package_identification:_identify(mujoco/model/humanoid) by extensions ['colcon_meta']
[0.380s] Level 1:colcon.colcon_core.package_identification:_identify(mujoco/model/humanoid) by extension 'colcon_meta'
[0.380s] Level 1:colcon.colcon_core.package_identification:_identify(mujoco/model/humanoid) by extensions ['ros']
[0.380s] Level 1:colcon.colcon_core.package_identification:_identify(mujoco/model/humanoid) by extension 'ros'
[0.380s] Level 1:colcon.colcon_core.package_identification:_identify(mujoco/model/humanoid) by extensions ['cmake', 'python']
[0.380s] Level 1:colcon.colcon_core.package_identification:_identify(mujoco/model/humanoid) by extension 'cmake'
[0.380s] Level 1:colcon.colcon_core.package_identification:_identify(mujoco/model/humanoid) by extension 'python'
[0.380s] Level 1:colcon.colcon_core.package_identification:_identify(mujoco/model/humanoid) by extensions ['python_setup_py']
[0.380s] Level 1:colcon.colcon_core.package_identification:_identify(mujoco/model/humanoid) by extension 'python_setup_py'
[0.380s] Level 1:colcon.colcon_core.package_identification:_identify(mujoco/model/mug) by extensions ['ignore', 'ignore_ament_install']
[0.380s] Level 1:colcon.colcon_core.package_identification:_identify(mujoco/model/mug) by extension 'ignore'
[0.380s] Level 1:colcon.colcon_core.package_identification:_identify(mujoco/model/mug) by extension 'ignore_ament_install'
[0.380s] Level 1:colcon.colcon_core.package_identification:_identify(mujoco/model/mug) by extensions ['colcon_pkg']
[0.380s] Level 1:colcon.colcon_core.package_identification:_identify(mujoco/model/mug) by extension 'colcon_pkg'
[0.380s] Level 1:colcon.colcon_core.package_identification:_identify(mujoco/model/mug) by extensions ['colcon_meta']
[0.380s] Level 1:colcon.colcon_core.package_identification:_identify(mujoco/model/mug) by extension 'colcon_meta'
[0.381s] Level 1:colcon.colcon_core.package_identification:_identify(mujoco/model/mug) by extensions ['ros']
[0.381s] Level 1:colcon.colcon_core.package_identification:_identify(mujoco/model/mug) by extension 'ros'
[0.381s] Level 1:colcon.colcon_core.package_identification:_identify(mujoco/model/mug) by extensions ['cmake', 'python']
[0.381s] Level 1:colcon.colcon_core.package_identification:_identify(mujoco/model/mug) by extension 'cmake'
[0.381s] Level 1:colcon.colcon_core.package_identification:_identify(mujoco/model/mug) by extension 'python'
[0.381s] Level 1:colcon.colcon_core.package_identification:_identify(mujoco/model/mug) by extensions ['python_setup_py']
[0.381s] Level 1:colcon.colcon_core.package_identification:_identify(mujoco/model/mug) by extension 'python_setup_py'
[0.381s] Level 1:colcon.colcon_core.package_identification:_identify(mujoco/model/plugin) by extensions ['ignore', 'ignore_ament_install']
[0.381s] Level 1:colcon.colcon_core.package_identification:_identify(mujoco/model/plugin) by extension 'ignore'
[0.381s] Level 1:colcon.colcon_core.package_identification:_identify(mujoco/model/plugin) by extension 'ignore_ament_install'
[0.381s] Level 1:colcon.colcon_core.package_identification:_identify(mujoco/model/plugin) by extensions ['colcon_pkg']
[0.381s] Level 1:colcon.colcon_core.package_identification:_identify(mujoco/model/plugin) by extension 'colcon_pkg'
[0.381s] Level 1:colcon.colcon_core.package_identification:_identify(mujoco/model/plugin) by extensions ['colcon_meta']
[0.381s] Level 1:colcon.colcon_core.package_identification:_identify(mujoco/model/plugin) by extension 'colcon_meta'
[0.381s] Level 1:colcon.colcon_core.package_identification:_identify(mujoco/model/plugin) by extensions ['ros']
[0.382s] Level 1:colcon.colcon_core.package_identification:_identify(mujoco/model/plugin) by extension 'ros'
[0.382s] Level 1:colcon.colcon_core.package_identification:_identify(mujoco/model/plugin) by extensions ['cmake', 'python']
[0.382s] Level 1:colcon.colcon_core.package_identification:_identify(mujoco/model/plugin) by extension 'cmake'
[0.382s] Level 1:colcon.colcon_core.package_identification:_identify(mujoco/model/plugin) by extension 'python'
[0.382s] Level 1:colcon.colcon_core.package_identification:_identify(mujoco/model/plugin) by extensions ['python_setup_py']
[0.382s] Level 1:colcon.colcon_core.package_identification:_identify(mujoco/model/plugin) by extension 'python_setup_py'
[0.382s] Level 1:colcon.colcon_core.package_identification:_identify(mujoco/model/plugin/actuator) by extensions ['ignore', 'ignore_ament_install']
[0.382s] Level 1:colcon.colcon_core.package_identification:_identify(mujoco/model/plugin/actuator) by extension 'ignore'
[0.382s] Level 1:colcon.colcon_core.package_identification:_identify(mujoco/model/plugin/actuator) by extension 'ignore_ament_install'
[0.382s] Level 1:colcon.colcon_core.package_identification:_identify(mujoco/model/plugin/actuator) by extensions ['colcon_pkg']
[0.382s] Level 1:colcon.colcon_core.package_identification:_identify(mujoco/model/plugin/actuator) by extension 'colcon_pkg'
[0.382s] Level 1:colcon.colcon_core.package_identification:_identify(mujoco/model/plugin/actuator) by extensions ['colcon_meta']
[0.382s] Level 1:colcon.colcon_core.package_identification:_identify(mujoco/model/plugin/actuator) by extension 'colcon_meta'
[0.382s] Level 1:colcon.colcon_core.package_identification:_identify(mujoco/model/plugin/actuator) by extensions ['ros']
[0.382s] Level 1:colcon.colcon_core.package_identification:_identify(mujoco/model/plugin/actuator) by extension 'ros'
[0.383s] Level 1:colcon.colcon_core.package_identification:_identify(mujoco/model/plugin/actuator) by extensions ['cmake', 'python']
[0.383s] Level 1:colcon.colcon_core.package_identification:_identify(mujoco/model/plugin/actuator) by extension 'cmake'
[0.383s] Level 1:colcon.colcon_core.package_identification:_identify(mujoco/model/plugin/actuator) by extension 'python'
[0.383s] Level 1:colcon.colcon_core.package_identification:_identify(mujoco/model/plugin/actuator) by extensions ['python_setup_py']
[0.383s] Level 1:colcon.colcon_core.package_identification:_identify(mujoco/model/plugin/actuator) by extension 'python_setup_py'
[0.383s] Level 1:colcon.colcon_core.package_identification:_identify(mujoco/model/plugin/elasticity) by extensions ['ignore', 'ignore_ament_install']
[0.383s] Level 1:colcon.colcon_core.package_identification:_identify(mujoco/model/plugin/elasticity) by extension 'ignore'
[0.383s] Level 1:colcon.colcon_core.package_identification:_identify(mujoco/model/plugin/elasticity) by extension 'ignore_ament_install'
[0.383s] Level 1:colcon.colcon_core.package_identification:_identify(mujoco/model/plugin/elasticity) by extensions ['colcon_pkg']
[0.383s] Level 1:colcon.colcon_core.package_identification:_identify(mujoco/model/plugin/elasticity) by extension 'colcon_pkg'
[0.384s] Level 1:colcon.colcon_core.package_identification:_identify(mujoco/model/plugin/elasticity) by extensions ['colcon_meta']
[0.384s] Level 1:colcon.colcon_core.package_identification:_identify(mujoco/model/plugin/elasticity) by extension 'colcon_meta'
[0.384s] Level 1:colcon.colcon_core.package_identification:_identify(mujoco/model/plugin/elasticity) by extensions ['ros']
[0.384s] Level 1:colcon.colcon_core.package_identification:_identify(mujoco/model/plugin/elasticity) by extension 'ros'
[0.384s] Level 1:colcon.colcon_core.package_identification:_identify(mujoco/model/plugin/elasticity) by extensions ['cmake', 'python']
[0.384s] Level 1:colcon.colcon_core.package_identification:_identify(mujoco/model/plugin/elasticity) by extension 'cmake'
[0.384s] Level 1:colcon.colcon_core.package_identification:_identify(mujoco/model/plugin/elasticity) by extension 'python'
[0.384s] Level 1:colcon.colcon_core.package_identification:_identify(mujoco/model/plugin/elasticity) by extensions ['python_setup_py']
[0.384s] Level 1:colcon.colcon_core.package_identification:_identify(mujoco/model/plugin/elasticity) by extension 'python_setup_py'
[0.384s] Level 1:colcon.colcon_core.package_identification:_identify(mujoco/model/plugin/sdf) by extensions ['ignore', 'ignore_ament_install']
[0.385s] Level 1:colcon.colcon_core.package_identification:_identify(mujoco/model/plugin/sdf) by extension 'ignore'
[0.385s] Level 1:colcon.colcon_core.package_identification:_identify(mujoco/model/plugin/sdf) by extension 'ignore_ament_install'
[0.385s] Level 1:colcon.colcon_core.package_identification:_identify(mujoco/model/plugin/sdf) by extensions ['colcon_pkg']
[0.385s] Level 1:colcon.colcon_core.package_identification:_identify(mujoco/model/plugin/sdf) by extension 'colcon_pkg'
[0.385s] Level 1:colcon.colcon_core.package_identification:_identify(mujoco/model/plugin/sdf) by extensions ['colcon_meta']
[0.385s] Level 1:colcon.colcon_core.package_identification:_identify(mujoco/model/plugin/sdf) by extension 'colcon_meta'
[0.385s] Level 1:colcon.colcon_core.package_identification:_identify(mujoco/model/plugin/sdf) by extensions ['ros']
[0.385s] Level 1:colcon.colcon_core.package_identification:_identify(mujoco/model/plugin/sdf) by extension 'ros'
[0.385s] Level 1:colcon.colcon_core.package_identification:_identify(mujoco/model/plugin/sdf) by extensions ['cmake', 'python']
[0.385s] Level 1:colcon.colcon_core.package_identification:_identify(mujoco/model/plugin/sdf) by extension 'cmake'
[0.385s] Level 1:colcon.colcon_core.package_identification:_identify(mujoco/model/plugin/sdf) by extension 'python'
[0.386s] Level 1:colcon.colcon_core.package_identification:_identify(mujoco/model/plugin/sdf) by extensions ['python_setup_py']
[0.386s] Level 1:colcon.colcon_core.package_identification:_identify(mujoco/model/plugin/sdf) by extension 'python_setup_py'
[0.386s] Level 1:colcon.colcon_core.package_identification:_identify(mujoco/model/plugin/sdf/asset) by extensions ['ignore', 'ignore_ament_install']
[0.386s] Level 1:colcon.colcon_core.package_identification:_identify(mujoco/model/plugin/sdf/asset) by extension 'ignore'
[0.386s] Level 1:colcon.colcon_core.package_identification:_identify(mujoco/model/plugin/sdf/asset) by extension 'ignore_ament_install'
[0.386s] Level 1:colcon.colcon_core.package_identification:_identify(mujoco/model/plugin/sdf/asset) by extensions ['colcon_pkg']
[0.386s] Level 1:colcon.colcon_core.package_identification:_identify(mujoco/model/plugin/sdf/asset) by extension 'colcon_pkg'
[0.386s] Level 1:colcon.colcon_core.package_identification:_identify(mujoco/model/plugin/sdf/asset) by extensions ['colcon_meta']
[0.386s] Level 1:colcon.colcon_core.package_identification:_identify(mujoco/model/plugin/sdf/asset) by extension 'colcon_meta'
[0.386s] Level 1:colcon.colcon_core.package_identification:_identify(mujoco/model/plugin/sdf/asset) by extensions ['ros']
[0.386s] Level 1:colcon.colcon_core.package_identification:_identify(mujoco/model/plugin/sdf/asset) by extension 'ros'
[0.386s] Level 1:colcon.colcon_core.package_identification:_identify(mujoco/model/plugin/sdf/asset) by extensions ['cmake', 'python']
[0.386s] Level 1:colcon.colcon_core.package_identification:_identify(mujoco/model/plugin/sdf/asset) by extension 'cmake'
[0.387s] Level 1:colcon.colcon_core.package_identification:_identify(mujoco/model/plugin/sdf/asset) by extension 'python'
[0.387s] Level 1:colcon.colcon_core.package_identification:_identify(mujoco/model/plugin/sdf/asset) by extensions ['python_setup_py']
[0.387s] Level 1:colcon.colcon_core.package_identification:_identify(mujoco/model/plugin/sdf/asset) by extension 'python_setup_py'
[0.387s] Level 1:colcon.colcon_core.package_identification:_identify(mujoco/model/plugin/sensor) by extensions ['ignore', 'ignore_ament_install']
[0.387s] Level 1:colcon.colcon_core.package_identification:_identify(mujoco/model/plugin/sensor) by extension 'ignore'
[0.387s] Level 1:colcon.colcon_core.package_identification:_identify(mujoco/model/plugin/sensor) by extension 'ignore_ament_install'
[0.387s] Level 1:colcon.colcon_core.package_identification:_identify(mujoco/model/plugin/sensor) by extensions ['colcon_pkg']
[0.387s] Level 1:colcon.colcon_core.package_identification:_identify(mujoco/model/plugin/sensor) by extension 'colcon_pkg'
[0.387s] Level 1:colcon.colcon_core.package_identification:_identify(mujoco/model/plugin/sensor) by extensions ['colcon_meta']
[0.387s] Level 1:colcon.colcon_core.package_identification:_identify(mujoco/model/plugin/sensor) by extension 'colcon_meta'
[0.387s] Level 1:colcon.colcon_core.package_identification:_identify(mujoco/model/plugin/sensor) by extensions ['ros']
[0.387s] Level 1:colcon.colcon_core.package_identification:_identify(mujoco/model/plugin/sensor) by extension 'ros'
[0.387s] Level 1:colcon.colcon_core.package_identification:_identify(mujoco/model/plugin/sensor) by extensions ['cmake', 'python']
[0.388s] Level 1:colcon.colcon_core.package_identification:_identify(mujoco/model/plugin/sensor) by extension 'cmake'
[0.388s] Level 1:colcon.colcon_core.package_identification:_identify(mujoco/model/plugin/sensor) by extension 'python'
[0.388s] Level 1:colcon.colcon_core.package_identification:_identify(mujoco/model/plugin/sensor) by extensions ['python_setup_py']
[0.388s] Level 1:colcon.colcon_core.package_identification:_identify(mujoco/model/plugin/sensor) by extension 'python_setup_py'
[0.388s] Level 1:colcon.colcon_core.package_identification:_identify(mujoco/model/replicate) by extensions ['ignore', 'ignore_ament_install']
[0.388s] Level 1:colcon.colcon_core.package_identification:_identify(mujoco/model/replicate) by extension 'ignore'
[0.388s] Level 1:colcon.colcon_core.package_identification:_identify(mujoco/model/replicate) by extension 'ignore_ament_install'
[0.388s] Level 1:colcon.colcon_core.package_identification:_identify(mujoco/model/replicate) by extensions ['colcon_pkg']
[0.388s] Level 1:colcon.colcon_core.package_identification:_identify(mujoco/model/replicate) by extension 'colcon_pkg'
[0.388s] Level 1:colcon.colcon_core.package_identification:_identify(mujoco/model/replicate) by extensions ['colcon_meta']
[0.388s] Level 1:colcon.colcon_core.package_identification:_identify(mujoco/model/replicate) by extension 'colcon_meta'
[0.388s] Level 1:colcon.colcon_core.package_identification:_identify(mujoco/model/replicate) by extensions ['ros']
[0.388s] Level 1:colcon.colcon_core.package_identification:_identify(mujoco/model/replicate) by extension 'ros'
[0.389s] Level 1:colcon.colcon_core.package_identification:_identify(mujoco/model/replicate) by extensions ['cmake', 'python']
[0.389s] Level 1:colcon.colcon_core.package_identification:_identify(mujoco/model/replicate) by extension 'cmake'
[0.389s] Level 1:colcon.colcon_core.package_identification:_identify(mujoco/model/replicate) by extension 'python'
[0.389s] Level 1:colcon.colcon_core.package_identification:_identify(mujoco/model/replicate) by extensions ['python_setup_py']
[0.389s] Level 1:colcon.colcon_core.package_identification:_identify(mujoco/model/replicate) by extension 'python_setup_py'
[0.389s] Level 1:colcon.colcon_core.package_identification:_identify(mujoco/model/replicate/asset) by extensions ['ignore', 'ignore_ament_install']
[0.389s] Level 1:colcon.colcon_core.package_identification:_identify(mujoco/model/replicate/asset) by extension 'ignore'
[0.389s] Level 1:colcon.colcon_core.package_identification:_identify(mujoco/model/replicate/asset) by extension 'ignore_ament_install'
[0.389s] Level 1:colcon.colcon_core.package_identification:_identify(mujoco/model/replicate/asset) by extensions ['colcon_pkg']
[0.389s] Level 1:colcon.colcon_core.package_identification:_identify(mujoco/model/replicate/asset) by extension 'colcon_pkg'
[0.389s] Level 1:colcon.colcon_core.package_identification:_identify(mujoco/model/replicate/asset) by extensions ['colcon_meta']
[0.389s] Level 1:colcon.colcon_core.package_identification:_identify(mujoco/model/replicate/asset) by extension 'colcon_meta'
[0.389s] Level 1:colcon.colcon_core.package_identification:_identify(mujoco/model/replicate/asset) by extensions ['ros']
[0.389s] Level 1:colcon.colcon_core.package_identification:_identify(mujoco/model/replicate/asset) by extension 'ros'
[0.390s] Level 1:colcon.colcon_core.package_identification:_identify(mujoco/model/replicate/asset) by extensions ['cmake', 'python']
[0.390s] Level 1:colcon.colcon_core.package_identification:_identify(mujoco/model/replicate/asset) by extension 'cmake'
[0.390s] Level 1:colcon.colcon_core.package_identification:_identify(mujoco/model/replicate/asset) by extension 'python'
[0.390s] Level 1:colcon.colcon_core.package_identification:_identify(mujoco/model/replicate/asset) by extensions ['python_setup_py']
[0.390s] Level 1:colcon.colcon_core.package_identification:_identify(mujoco/model/replicate/asset) by extension 'python_setup_py'
[0.390s] Level 1:colcon.colcon_core.package_identification:_identify(mujoco/model/slider_crank) by extensions ['ignore', 'ignore_ament_install']
[0.390s] Level 1:colcon.colcon_core.package_identification:_identify(mujoco/model/slider_crank) by extension 'ignore'
[0.390s] Level 1:colcon.colcon_core.package_identification:_identify(mujoco/model/slider_crank) by extension 'ignore_ament_install'
[0.390s] Level 1:colcon.colcon_core.package_identification:_identify(mujoco/model/slider_crank) by extensions ['colcon_pkg']
[0.390s] Level 1:colcon.colcon_core.package_identification:_identify(mujoco/model/slider_crank) by extension 'colcon_pkg'
[0.390s] Level 1:colcon.colcon_core.package_identification:_identify(mujoco/model/slider_crank) by extensions ['colcon_meta']
[0.390s] Level 1:colcon.colcon_core.package_identification:_identify(mujoco/model/slider_crank) by extension 'colcon_meta'
[0.390s] Level 1:colcon.colcon_core.package_identification:_identify(mujoco/model/slider_crank) by extensions ['ros']
[0.390s] Level 1:colcon.colcon_core.package_identification:_identify(mujoco/model/slider_crank) by extension 'ros'
[0.391s] Level 1:colcon.colcon_core.package_identification:_identify(mujoco/model/slider_crank) by extensions ['cmake', 'python']
[0.391s] Level 1:colcon.colcon_core.package_identification:_identify(mujoco/model/slider_crank) by extension 'cmake'
[0.391s] Level 1:colcon.colcon_core.package_identification:_identify(mujoco/model/slider_crank) by extension 'python'
[0.391s] Level 1:colcon.colcon_core.package_identification:_identify(mujoco/model/slider_crank) by extensions ['python_setup_py']
[0.391s] Level 1:colcon.colcon_core.package_identification:_identify(mujoco/model/slider_crank) by extension 'python_setup_py'
[0.391s] Level 1:colcon.colcon_core.package_identification:_identify(mujoco/model/tendon_arm) by extensions ['ignore', 'ignore_ament_install']
[0.391s] Level 1:colcon.colcon_core.package_identification:_identify(mujoco/model/tendon_arm) by extension 'ignore'
[0.391s] Level 1:colcon.colcon_core.package_identification:_identify(mujoco/model/tendon_arm) by extension 'ignore_ament_install'
[0.391s] Level 1:colcon.colcon_core.package_identification:_identify(mujoco/model/tendon_arm) by extensions ['colcon_pkg']
[0.391s] Level 1:colcon.colcon_core.package_identification:_identify(mujoco/model/tendon_arm) by extension 'colcon_pkg'
[0.391s] Level 1:colcon.colcon_core.package_identification:_identify(mujoco/model/tendon_arm) by extensions ['colcon_meta']
[0.391s] Level 1:colcon.colcon_core.package_identification:_identify(mujoco/model/tendon_arm) by extension 'colcon_meta'
[0.392s] Level 1:colcon.colcon_core.package_identification:_identify(mujoco/model/tendon_arm) by extensions ['ros']
[0.392s] Level 1:colcon.colcon_core.package_identification:_identify(mujoco/model/tendon_arm) by extension 'ros'
[0.392s] Level 1:colcon.colcon_core.package_identification:_identify(mujoco/model/tendon_arm) by extensions ['cmake', 'python']
[0.392s] Level 1:colcon.colcon_core.package_identification:_identify(mujoco/model/tendon_arm) by extension 'cmake'
[0.392s] Level 1:colcon.colcon_core.package_identification:_identify(mujoco/model/tendon_arm) by extension 'python'
[0.392s] Level 1:colcon.colcon_core.package_identification:_identify(mujoco/model/tendon_arm) by extensions ['python_setup_py']
[0.392s] Level 1:colcon.colcon_core.package_identification:_identify(mujoco/model/tendon_arm) by extension 'python_setup_py'
[0.392s] Level 1:colcon.colcon_core.package_identification:_identify(mujoco/sample) by extensions ['ignore', 'ignore_ament_install']
[0.392s] Level 1:colcon.colcon_core.package_identification:_identify(mujoco/sample) by extension 'ignore'
[0.392s] Level 1:colcon.colcon_core.package_identification:_identify(mujoco/sample) by extension 'ignore_ament_install'
[0.392s] Level 1:colcon.colcon_core.package_identification:_identify(mujoco/sample) by extensions ['colcon_pkg']
[0.392s] Level 1:colcon.colcon_core.package_identification:_identify(mujoco/sample) by extension 'colcon_pkg'
[0.392s] Level 1:colcon.colcon_core.package_identification:_identify(mujoco/sample) by extensions ['colcon_meta']
[0.392s] Level 1:colcon.colcon_core.package_identification:_identify(mujoco/sample) by extension 'colcon_meta'
[0.392s] Level 1:colcon.colcon_core.package_identification:_identify(mujoco/sample) by extensions ['ros']
[0.392s] Level 1:colcon.colcon_core.package_identification:_identify(mujoco/sample) by extension 'ros'
[0.393s] Level 1:colcon.colcon_core.package_identification:_identify(mujoco/sample) by extensions ['cmake', 'python']
[0.393s] Level 1:colcon.colcon_core.package_identification:_identify(mujoco/sample) by extension 'cmake'
[0.393s] Level 1:colcon.colcon_core.package_identification:_identify(mujoco/sample) by extension 'python'
[0.393s] Level 1:colcon.colcon_core.package_identification:_identify(mujoco/sample) by extensions ['python_setup_py']
[0.393s] Level 1:colcon.colcon_core.package_identification:_identify(mujoco/sample) by extension 'python_setup_py'
[0.393s] Level 1:colcon.colcon_core.package_identification:_identify(mujoco/sample/cmake) by extensions ['ignore', 'ignore_ament_install']
[0.393s] Level 1:colcon.colcon_core.package_identification:_identify(mujoco/sample/cmake) by extension 'ignore'
[0.393s] Level 1:colcon.colcon_core.package_identification:_identify(mujoco/sample/cmake) by extension 'ignore_ament_install'
[0.393s] Level 1:colcon.colcon_core.package_identification:_identify(mujoco/sample/cmake) by extensions ['colcon_pkg']
[0.393s] Level 1:colcon.colcon_core.package_identification:_identify(mujoco/sample/cmake) by extension 'colcon_pkg'
[0.393s] Level 1:colcon.colcon_core.package_identification:_identify(mujoco/sample/cmake) by extensions ['colcon_meta']
[0.393s] Level 1:colcon.colcon_core.package_identification:_identify(mujoco/sample/cmake) by extension 'colcon_meta'
[0.393s] Level 1:colcon.colcon_core.package_identification:_identify(mujoco/sample/cmake) by extensions ['ros']
[0.393s] Level 1:colcon.colcon_core.package_identification:_identify(mujoco/sample/cmake) by extension 'ros'
[0.393s] Level 1:colcon.colcon_core.package_identification:_identify(mujoco/sample/cmake) by extensions ['cmake', 'python']
[0.394s] Level 1:colcon.colcon_core.package_identification:_identify(mujoco/sample/cmake) by extension 'cmake'
[0.394s] Level 1:colcon.colcon_core.package_identification:_identify(mujoco/sample/cmake) by extension 'python'
[0.394s] Level 1:colcon.colcon_core.package_identification:_identify(mujoco/sample/cmake) by extensions ['python_setup_py']
[0.394s] Level 1:colcon.colcon_core.package_identification:_identify(mujoco/sample/cmake) by extension 'python_setup_py'
[0.394s] Level 1:colcon.colcon_core.package_identification:_identify(mujoco/simulate) by extensions ['ignore', 'ignore_ament_install']
[0.394s] Level 1:colcon.colcon_core.package_identification:_identify(mujoco/simulate) by extension 'ignore'
[0.394s] Level 1:colcon.colcon_core.package_identification:_identify(mujoco/simulate) by extension 'ignore_ament_install'
[0.394s] Level 1:colcon.colcon_core.package_identification:_identify(mujoco/simulate) by extensions ['colcon_pkg']
[0.394s] Level 1:colcon.colcon_core.package_identification:_identify(mujoco/simulate) by extension 'colcon_pkg'
[0.394s] Level 1:colcon.colcon_core.package_identification:_identify(mujoco/simulate) by extensions ['colcon_meta']
[0.394s] Level 1:colcon.colcon_core.package_identification:_identify(mujoco/simulate) by extension 'colcon_meta'
[0.394s] Level 1:colcon.colcon_core.package_identification:_identify(mujoco/simulate) by extensions ['ros']
[0.394s] Level 1:colcon.colcon_core.package_identification:_identify(mujoco/simulate) by extension 'ros'
[0.394s] Level 1:colcon.colcon_core.package_identification:_identify(mujoco/simulate) by extensions ['cmake', 'python']
[0.394s] Level 1:colcon.colcon_core.package_identification:_identify(mujoco/simulate) by extension 'cmake'
[0.394s] Level 1:colcon.colcon_core.package_identification:_identify(mujoco/simulate) by extension 'python'
[0.395s] Level 1:colcon.colcon_core.package_identification:_identify(mujoco/simulate) by extensions ['python_setup_py']
[0.395s] Level 1:colcon.colcon_core.package_identification:_identify(mujoco/simulate) by extension 'python_setup_py'
[0.395s] Level 1:colcon.colcon_core.package_identification:_identify(mujoco/simulate/cmake) by extensions ['ignore', 'ignore_ament_install']
[0.395s] Level 1:colcon.colcon_core.package_identification:_identify(mujoco/simulate/cmake) by extension 'ignore'
[0.395s] Level 1:colcon.colcon_core.package_identification:_identify(mujoco/simulate/cmake) by extension 'ignore_ament_install'
[0.395s] Level 1:colcon.colcon_core.package_identification:_identify(mujoco/simulate/cmake) by extensions ['colcon_pkg']
[0.395s] Level 1:colcon.colcon_core.package_identification:_identify(mujoco/simulate/cmake) by extension 'colcon_pkg'
[0.395s] Level 1:colcon.colcon_core.package_identification:_identify(mujoco/simulate/cmake) by extensions ['colcon_meta']
[0.395s] Level 1:colcon.colcon_core.package_identification:_identify(mujoco/simulate/cmake) by extension 'colcon_meta'
[0.395s] Level 1:colcon.colcon_core.package_identification:_identify(mujoco/simulate/cmake) by extensions ['ros']
[0.395s] Level 1:colcon.colcon_core.package_identification:_identify(mujoco/simulate/cmake) by extension 'ros'
[0.395s] Level 1:colcon.colcon_core.package_identification:_identify(mujoco/simulate/cmake) by extensions ['cmake', 'python']
[0.395s] Level 1:colcon.colcon_core.package_identification:_identify(mujoco/simulate/cmake) by extension 'cmake'
[0.395s] Level 1:colcon.colcon_core.package_identification:_identify(mujoco/simulate/cmake) by extension 'python'
[0.395s] Level 1:colcon.colcon_core.package_identification:_identify(mujoco/simulate/cmake) by extensions ['python_setup_py']
[0.396s] Level 1:colcon.colcon_core.package_identification:_identify(mujoco/simulate/cmake) by extension 'python_setup_py'
[0.396s] Level 1:colcon.colcon_core.package_identification:_identify(src) by extensions ['ignore', 'ignore_ament_install']
[0.396s] Level 1:colcon.colcon_core.package_identification:_identify(src) by extension 'ignore'
[0.396s] Level 1:colcon.colcon_core.package_identification:_identify(src) by extension 'ignore_ament_install'
[0.396s] Level 1:colcon.colcon_core.package_identification:_identify(src) by extensions ['colcon_pkg']
[0.396s] Level 1:colcon.colcon_core.package_identification:_identify(src) by extension 'colcon_pkg'
[0.396s] Level 1:colcon.colcon_core.package_identification:_identify(src) by extensions ['colcon_meta']
[0.396s] Level 1:colcon.colcon_core.package_identification:_identify(src) by extension 'colcon_meta'
[0.396s] Level 1:colcon.colcon_core.package_identification:_identify(src) by extensions ['ros']
[0.396s] Level 1:colcon.colcon_core.package_identification:_identify(src) by extension 'ros'
[0.396s] Level 1:colcon.colcon_core.package_identification:_identify(src) by extensions ['cmake', 'python']
[0.396s] Level 1:colcon.colcon_core.package_identification:_identify(src) by extension 'cmake'
[0.396s] Level 1:colcon.colcon_core.package_identification:_identify(src) by extension 'python'
[0.396s] Level 1:colcon.colcon_core.package_identification:_identify(src) by extensions ['python_setup_py']
[0.396s] Level 1:colcon.colcon_core.package_identification:_identify(src) by extension 'python_setup_py'
[0.397s] Level 1:colcon.colcon_core.package_identification:_identify(src/premade_path_publisher) by extensions ['ignore', 'ignore_ament_install']
[0.397s] Level 1:colcon.colcon_core.package_identification:_identify(src/premade_path_publisher) by extension 'ignore'
[0.397s] Level 1:colcon.colcon_core.package_identification:_identify(src/premade_path_publisher) by extension 'ignore_ament_install'
[0.397s] Level 1:colcon.colcon_core.package_identification:_identify(src/premade_path_publisher) by extensions ['colcon_pkg']
[0.397s] Level 1:colcon.colcon_core.package_identification:_identify(src/premade_path_publisher) by extension 'colcon_pkg'
[0.397s] Level 1:colcon.colcon_core.package_identification:_identify(src/premade_path_publisher) by extensions ['colcon_meta']
[0.397s] Level 1:colcon.colcon_core.package_identification:_identify(src/premade_path_publisher) by extension 'colcon_meta'
[0.397s] Level 1:colcon.colcon_core.package_identification:_identify(src/premade_path_publisher) by extensions ['ros']
[0.397s] Level 1:colcon.colcon_core.package_identification:_identify(src/premade_path_publisher) by extension 'ros'
[0.400s] DEBUG:colcon.colcon_core.package_identification:Package 'src/premade_path_publisher' with type 'ros.ament_python' and name 'premade_path_publisher'
[0.401s] Level 1:colcon.colcon_core.package_identification:_identify(src/scara_general_ik_solver) by extensions ['ignore', 'ignore_ament_install']
[0.401s] Level 1:colcon.colcon_core.package_identification:_identify(src/scara_general_ik_solver) by extension 'ignore'
[0.401s] Level 1:colcon.colcon_core.package_identification:_identify(src/scara_general_ik_solver) by extension 'ignore_ament_install'
[0.401s] Level 1:colcon.colcon_core.package_identification:_identify(src/scara_general_ik_solver) by extensions ['colcon_pkg']
[0.401s] Level 1:colcon.colcon_core.package_identification:_identify(src/scara_general_ik_solver) by extension 'colcon_pkg'
[0.401s] Level 1:colcon.colcon_core.package_identification:_identify(src/scara_general_ik_solver) by extensions ['colcon_meta']
[0.401s] Level 1:colcon.colcon_core.package_identification:_identify(src/scara_general_ik_solver) by extension 'colcon_meta'
[0.401s] Level 1:colcon.colcon_core.package_identification:_identify(src/scara_general_ik_solver) by extensions ['ros']
[0.401s] Level 1:colcon.colcon_core.package_identification:_identify(src/scara_general_ik_solver) by extension 'ros'
[0.402s] DEBUG:colcon.colcon_core.package_identification:Package 'src/scara_general_ik_solver' with type 'ros.ament_python' and name 'scara_general_ik_solver'
[0.403s] Level 1:colcon.colcon_core.package_identification:_identify(src/scara_gz_bringup) by extensions ['ignore', 'ignore_ament_install']
[0.403s] Level 1:colcon.colcon_core.package_identification:_identify(src/scara_gz_bringup) by extension 'ignore'
[0.403s] Level 1:colcon.colcon_core.package_identification:_identify(src/scara_gz_bringup) by extension 'ignore_ament_install'
[0.403s] Level 1:colcon.colcon_core.package_identification:_identify(src/scara_gz_bringup) by extensions ['colcon_pkg']
[0.403s] Level 1:colcon.colcon_core.package_identification:_identify(src/scara_gz_bringup) by extension 'colcon_pkg'
[0.403s] Level 1:colcon.colcon_core.package_identification:_identify(src/scara_gz_bringup) by extensions ['colcon_meta']
[0.403s] Level 1:colcon.colcon_core.package_identification:_identify(src/scara_gz_bringup) by extension 'colcon_meta'
[0.403s] Level 1:colcon.colcon_core.package_identification:_identify(src/scara_gz_bringup) by extensions ['ros']
[0.403s] Level 1:colcon.colcon_core.package_identification:_identify(src/scara_gz_bringup) by extension 'ros'
[0.404s] DEBUG:colcon.colcon_core.package_identification:Package 'src/scara_gz_bringup' with type 'ros.ament_cmake' and name 'scara_gz_bringup'
[0.404s] Level 1:colcon.colcon_core.package_identification:_identify(src/scara_gz_description) by extensions ['ignore', 'ignore_ament_install']
[0.404s] Level 1:colcon.colcon_core.package_identification:_identify(src/scara_gz_description) by extension 'ignore'
[0.404s] Level 1:colcon.colcon_core.package_identification:_identify(src/scara_gz_description) by extension 'ignore_ament_install'
[0.404s] Level 1:colcon.colcon_core.package_identification:_identify(src/scara_gz_description) by extensions ['colcon_pkg']
[0.404s] Level 1:colcon.colcon_core.package_identification:_identify(src/scara_gz_description) by extension 'colcon_pkg'
[0.405s] Level 1:colcon.colcon_core.package_identification:_identify(src/scara_gz_description) by extensions ['colcon_meta']
[0.405s] Level 1:colcon.colcon_core.package_identification:_identify(src/scara_gz_description) by extension 'colcon_meta'
[0.405s] Level 1:colcon.colcon_core.package_identification:_identify(src/scara_gz_description) by extensions ['ros']
[0.405s] Level 1:colcon.colcon_core.package_identification:_identify(src/scara_gz_description) by extension 'ros'
[0.405s] DEBUG:colcon.colcon_core.package_identification:Package 'src/scara_gz_description' with type 'ros.ament_cmake' and name 'scara_gz_description'
[0.405s] Level 1:colcon.colcon_core.package_identification:_identify(src/scara_hardware_interface) by extensions ['ignore', 'ignore_ament_install']
[0.406s] Level 1:colcon.colcon_core.package_identification:_identify(src/scara_hardware_interface) by extension 'ignore'
[0.406s] Level 1:colcon.colcon_core.package_identification:_identify(src/scara_hardware_interface) by extension 'ignore_ament_install'
[0.406s] Level 1:colcon.colcon_core.package_identification:_identify(src/scara_hardware_interface) by extensions ['colcon_pkg']
[0.406s] Level 1:colcon.colcon_core.package_identification:_identify(src/scara_hardware_interface) by extension 'colcon_pkg'
[0.406s] Level 1:colcon.colcon_core.package_identification:_identify(src/scara_hardware_interface) by extensions ['colcon_meta']
[0.406s] Level 1:colcon.colcon_core.package_identification:_identify(src/scara_hardware_interface) by extension 'colcon_meta'
[0.406s] Level 1:colcon.colcon_core.package_identification:_identify(src/scara_hardware_interface) by extensions ['ros']
[0.406s] Level 1:colcon.colcon_core.package_identification:_identify(src/scara_hardware_interface) by extension 'ros'
[0.407s] DEBUG:colcon.colcon_core.package_identification:Package 'src/scara_hardware_interface' with type 'ros.ament_cmake' and name 'scara_hardware_interface'
[0.407s] Level 1:colcon.colcon_core.package_identification:_identify(src/scara_mujoco_bringup) by extensions ['ignore', 'ignore_ament_install']
[0.407s] Level 1:colcon.colcon_core.package_identification:_identify(src/scara_mujoco_bringup) by extension 'ignore'
[0.407s] Level 1:colcon.colcon_core.package_identification:_identify(src/scara_mujoco_bringup) by extension 'ignore_ament_install'
[0.408s] Level 1:colcon.colcon_core.package_identification:_identify(src/scara_mujoco_bringup) by extensions ['colcon_pkg']
[0.408s] Level 1:colcon.colcon_core.package_identification:_identify(src/scara_mujoco_bringup) by extension 'colcon_pkg'
[0.408s] Level 1:colcon.colcon_core.package_identification:_identify(src/scara_mujoco_bringup) by extensions ['colcon_meta']
[0.408s] Level 1:colcon.colcon_core.package_identification:_identify(src/scara_mujoco_bringup) by extension 'colcon_meta'
[0.408s] Level 1:colcon.colcon_core.package_identification:_identify(src/scara_mujoco_bringup) by extensions ['ros']
[0.408s] Level 1:colcon.colcon_core.package_identification:_identify(src/scara_mujoco_bringup) by extension 'ros'
[0.408s] DEBUG:colcon.colcon_core.package_identification:Package 'src/scara_mujoco_bringup' with type 'ros.ament_cmake' and name 'scara_mujoco_bringup'
[0.409s] Level 1:colcon.colcon_core.package_identification:_identify(src/scara_mujoco_description) by extensions ['ignore', 'ignore_ament_install']
[0.409s] Level 1:colcon.colcon_core.package_identification:_identify(src/scara_mujoco_description) by extension 'ignore'
[0.409s] Level 1:colcon.colcon_core.package_identification:_identify(src/scara_mujoco_description) by extension 'ignore_ament_install'
[0.409s] Level 1:colcon.colcon_core.package_identification:_identify(src/scara_mujoco_description) by extensions ['colcon_pkg']
[0.409s] Level 1:colcon.colcon_core.package_identification:_identify(src/scara_mujoco_description) by extension 'colcon_pkg'
[0.409s] Level 1:colcon.colcon_core.package_identification:_identify(src/scara_mujoco_description) by extensions ['colcon_meta']
[0.409s] Level 1:colcon.colcon_core.package_identification:_identify(src/scara_mujoco_description) by extension 'colcon_meta'
[0.409s] Level 1:colcon.colcon_core.package_identification:_identify(src/scara_mujoco_description) by extensions ['ros']
[0.409s] Level 1:colcon.colcon_core.package_identification:_identify(src/scara_mujoco_description) by extension 'ros'
[0.410s] DEBUG:colcon.colcon_core.package_identification:Package 'src/scara_mujoco_description' with type 'ros.ament_cmake' and name 'scara_mujoco_description'
[0.410s] Level 1:colcon.colcon_core.package_identification:_identify(src/scara_mujoco_python_sim) by extensions ['ignore', 'ignore_ament_install']
[0.410s] Level 1:colcon.colcon_core.package_identification:_identify(src/scara_mujoco_python_sim) by extension 'ignore'
[0.410s] Level 1:colcon.colcon_core.package_identification:_identify(src/scara_mujoco_python_sim) by extension 'ignore_ament_install'
[0.410s] Level 1:colcon.colcon_core.package_identification:_identify(src/scara_mujoco_python_sim) by extensions ['colcon_pkg']
[0.410s] Level 1:colcon.colcon_core.package_identification:_identify(src/scara_mujoco_python_sim) by extension 'colcon_pkg'
[0.410s] Level 1:colcon.colcon_core.package_identification:_identify(src/scara_mujoco_python_sim) by extensions ['colcon_meta']
[0.410s] Level 1:colcon.colcon_core.package_identification:_identify(src/scara_mujoco_python_sim) by extension 'colcon_meta'
[0.410s] Level 1:colcon.colcon_core.package_identification:_identify(src/scara_mujoco_python_sim) by extensions ['ros']
[0.410s] Level 1:colcon.colcon_core.package_identification:_identify(src/scara_mujoco_python_sim) by extension 'ros'
[0.411s] DEBUG:colcon.colcon_core.package_identification:Package 'src/scara_mujoco_python_sim' with type 'ros.ament_python' and name 'scara_mujoco_python_sim'
[0.411s] Level 1:colcon.colcon_core.package_identification:_identify(src/scara_mujoco_sim) by extensions ['ignore', 'ignore_ament_install']
[0.411s] Level 1:colcon.colcon_core.package_identification:_identify(src/scara_mujoco_sim) by extension 'ignore'
[0.411s] Level 1:colcon.colcon_core.package_identification:_identify(src/scara_mujoco_sim) by extension 'ignore_ament_install'
[0.411s] Level 1:colcon.colcon_core.package_identification:_identify(src/scara_mujoco_sim) by extensions ['colcon_pkg']
[0.411s] Level 1:colcon.colcon_core.package_identification:_identify(src/scara_mujoco_sim) by extension 'colcon_pkg'
[0.411s] Level 1:colcon.colcon_core.package_identification:_identify(src/scara_mujoco_sim) by extensions ['colcon_meta']
[0.411s] Level 1:colcon.colcon_core.package_identification:_identify(src/scara_mujoco_sim) by extension 'colcon_meta'
[0.412s] Level 1:colcon.colcon_core.package_identification:_identify(src/scara_mujoco_sim) by extensions ['ros']
[0.412s] Level 1:colcon.colcon_core.package_identification:_identify(src/scara_mujoco_sim) by extension 'ros'
[0.413s] DEBUG:colcon.colcon_core.package_identification:Package 'src/scara_mujoco_sim' with type 'ros.ament_cmake' and name 'scara_mujoco_sim'
[0.413s] Level 1:colcon.colcon_core.package_identification:_identify(src/scara_path_controller) by extensions ['ignore', 'ignore_ament_install']
[0.413s] Level 1:colcon.colcon_core.package_identification:_identify(src/scara_path_controller) by extension 'ignore'
[0.413s] Level 1:colcon.colcon_core.package_identification:_identify(src/scara_path_controller) by extension 'ignore_ament_install'
[0.413s] Level 1:colcon.colcon_core.package_identification:_identify(src/scara_path_controller) by extensions ['colcon_pkg']
[0.413s] Level 1:colcon.colcon_core.package_identification:_identify(src/scara_path_controller) by extension 'colcon_pkg'
[0.413s] Level 1:colcon.colcon_core.package_identification:_identify(src/scara_path_controller) by extensions ['colcon_meta']
[0.413s] Level 1:colcon.colcon_core.package_identification:_identify(src/scara_path_controller) by extension 'colcon_meta'
[0.413s] Level 1:colcon.colcon_core.package_identification:_identify(src/scara_path_controller) by extensions ['ros']
[0.413s] Level 1:colcon.colcon_core.package_identification:_identify(src/scara_path_controller) by extension 'ros'
[0.414s] DEBUG:colcon.colcon_core.package_identification:Package 'src/scara_path_controller' with type 'ros.ament_python' and name 'scara_path_controller'
[0.414s] Level 1:colcon.colcon_core.package_identification:_identify(src/scara_path_generator) by extensions ['ignore', 'ignore_ament_install']
[0.415s] Level 1:colcon.colcon_core.package_identification:_identify(src/scara_path_generator) by extension 'ignore'
[0.415s] Level 1:colcon.colcon_core.package_identification:_identify(src/scara_path_generator) by extension 'ignore_ament_install'
[0.415s] Level 1:colcon.colcon_core.package_identification:_identify(src/scara_path_generator) by extensions ['colcon_pkg']
[0.415s] Level 1:colcon.colcon_core.package_identification:_identify(src/scara_path_generator) by extension 'colcon_pkg'
[0.415s] Level 1:colcon.colcon_core.package_identification:_identify(src/scara_path_generator) by extensions ['colcon_meta']
[0.415s] Level 1:colcon.colcon_core.package_identification:_identify(src/scara_path_generator) by extension 'colcon_meta'
[0.415s] Level 1:colcon.colcon_core.package_identification:_identify(src/scara_path_generator) by extensions ['ros']
[0.415s] Level 1:colcon.colcon_core.package_identification:_identify(src/scara_path_generator) by extension 'ros'
[0.416s] DEBUG:colcon.colcon_core.package_identification:Package 'src/scara_path_generator' with type 'ros.ament_python' and name 'scara_path_generator'
[0.416s] Level 1:colcon.colcon_core.package_identification:_identify(src/scara_real_bringup) by extensions ['ignore', 'ignore_ament_install']
[0.416s] Level 1:colcon.colcon_core.package_identification:_identify(src/scara_real_bringup) by extension 'ignore'
[0.416s] Level 1:colcon.colcon_core.package_identification:_identify(src/scara_real_bringup) by extension 'ignore_ament_install'
[0.416s] Level 1:colcon.colcon_core.package_identification:_identify(src/scara_real_bringup) by extensions ['colcon_pkg']
[0.416s] Level 1:colcon.colcon_core.package_identification:_identify(src/scara_real_bringup) by extension 'colcon_pkg'
[0.417s] Level 1:colcon.colcon_core.package_identification:_identify(src/scara_real_bringup) by extensions ['colcon_meta']
[0.417s] Level 1:colcon.colcon_core.package_identification:_identify(src/scara_real_bringup) by extension 'colcon_meta'
[0.417s] Level 1:colcon.colcon_core.package_identification:_identify(src/scara_real_bringup) by extensions ['ros']
[0.417s] Level 1:colcon.colcon_core.package_identification:_identify(src/scara_real_bringup) by extension 'ros'
[0.418s] DEBUG:colcon.colcon_core.package_identification:Package 'src/scara_real_bringup' with type 'ros.ament_cmake' and name 'scara_real_bringup'
[0.418s] Level 1:colcon.colcon_core.package_identification:_identify(src/scara_real_description) by extensions ['ignore', 'ignore_ament_install']
[0.418s] Level 1:colcon.colcon_core.package_identification:_identify(src/scara_real_description) by extension 'ignore'
[0.418s] Level 1:colcon.colcon_core.package_identification:_identify(src/scara_real_description) by extension 'ignore_ament_install'
[0.418s] Level 1:colcon.colcon_core.package_identification:_identify(src/scara_real_description) by extensions ['colcon_pkg']
[0.418s] Level 1:colcon.colcon_core.package_identification:_identify(src/scara_real_description) by extension 'colcon_pkg'
[0.419s] Level 1:colcon.colcon_core.package_identification:_identify(src/scara_real_description) by extensions ['colcon_meta']
[0.419s] Level 1:colcon.colcon_core.package_identification:_identify(src/scara_real_description) by extension 'colcon_meta'
[0.419s] Level 1:colcon.colcon_core.package_identification:_identify(src/scara_real_description) by extensions ['ros']
[0.419s] Level 1:colcon.colcon_core.package_identification:_identify(src/scara_real_description) by extension 'ros'
[0.420s] DEBUG:colcon.colcon_core.package_identification:Package 'src/scara_real_description' with type 'ros.ament_cmake' and name 'scara_real_description'
[0.420s] Level 1:colcon.colcon_core.package_identification:_identify(src/scara_tf_generator) by extensions ['ignore', 'ignore_ament_install']
[0.420s] Level 1:colcon.colcon_core.package_identification:_identify(src/scara_tf_generator) by extension 'ignore'
[0.420s] Level 1:colcon.colcon_core.package_identification:_identify(src/scara_tf_generator) by extension 'ignore_ament_install'
[0.420s] Level 1:colcon.colcon_core.package_identification:_identify(src/scara_tf_generator) by extensions ['colcon_pkg']
[0.420s] Level 1:colcon.colcon_core.package_identification:_identify(src/scara_tf_generator) by extension 'colcon_pkg'
[0.420s] Level 1:colcon.colcon_core.package_identification:_identify(src/scara_tf_generator) by extensions ['colcon_meta']
[0.420s] Level 1:colcon.colcon_core.package_identification:_identify(src/scara_tf_generator) by extension 'colcon_meta'
[0.420s] Level 1:colcon.colcon_core.package_identification:_identify(src/scara_tf_generator) by extensions ['ros']
[0.420s] Level 1:colcon.colcon_core.package_identification:_identify(src/scara_tf_generator) by extension 'ros'
[0.421s] DEBUG:colcon.colcon_core.package_identification:Package 'src/scara_tf_generator' with type 'ros.ament_python' and name 'scara_tf_generator'
[0.421s] Level 1:colcon.colcon_core.package_discovery:discover_packages(recursive) using defaults
[0.421s] Level 1:colcon.colcon_core.package_discovery:discover_packages(ignore) discover
[0.421s] Level 1:colcon.colcon_core.package_discovery:discover_packages(ignore) using defaults
[0.421s] Level 1:colcon.colcon_core.package_discovery:discover_packages(path) discover
[0.421s] Level 1:colcon.colcon_core.package_discovery:discover_packages(path) using defaults
[0.464s] Level 5:colcon.colcon_core.verb:set package 'premade_path_publisher' build argument 'cmake_args' from command line to 'None'
[0.464s] Level 5:colcon.colcon_core.verb:set package 'premade_path_publisher' build argument 'cmake_target' from command line to 'None'
[0.464s] Level 5:colcon.colcon_core.verb:set package 'premade_path_publisher' build argument 'cmake_target_skip_unavailable' from command line to 'False'
[0.465s] Level 5:colcon.colcon_core.verb:set package 'premade_path_publisher' build argument 'cmake_clean_cache' from command line to 'False'
[0.465s] Level 5:colcon.colcon_core.verb:set package 'premade_path_publisher' build argument 'cmake_clean_first' from command line to 'False'
[0.465s] Level 5:colcon.colcon_core.verb:set package 'premade_path_publisher' build argument 'cmake_force_configure' from command line to 'False'
[0.465s] Level 5:colcon.colcon_core.verb:set package 'premade_path_publisher' build argument 'ament_cmake_args' from command line to 'None'
[0.465s] Level 5:colcon.colcon_core.verb:set package 'premade_path_publisher' build argument 'catkin_cmake_args' from command line to 'None'
[0.465s] Level 5:colcon.colcon_core.verb:set package 'premade_path_publisher' build argument 'catkin_skip_building_tests' from command line to 'False'
[0.465s] DEBUG:colcon.colcon_core.verb:Building package 'premade_path_publisher' with the following arguments: {'ament_cmake_args': None, 'build_base': '/home/eia/repo/rbi_2025_2/scara/scara_ws/build/premade_path_publisher', 'catkin_cmake_args': None, 'catkin_skip_building_tests': False, 'cmake_args': None, 'cmake_clean_cache': False, 'cmake_clean_first': False, 'cmake_force_configure': False, 'cmake_target': None, 'cmake_target_skip_unavailable': False, 'install_base': '/home/eia/repo/rbi_2025_2/scara/scara_ws/install/premade_path_publisher', 'merge_install': False, 'path': '/home/eia/repo/rbi_2025_2/scara/scara_ws/src/premade_path_publisher', 'symlink_install': True, 'test_result_base': None}
[0.465s] Level 5:colcon.colcon_core.verb:set package 'scara_general_ik_solver' build argument 'cmake_args' from command line to 'None'
[0.465s] Level 5:colcon.colcon_core.verb:set package 'scara_general_ik_solver' build argument 'cmake_target' from command line to 'None'
[0.465s] Level 5:colcon.colcon_core.verb:set package 'scara_general_ik_solver' build argument 'cmake_target_skip_unavailable' from command line to 'False'
[0.465s] Level 5:colcon.colcon_core.verb:set package 'scara_general_ik_solver' build argument 'cmake_clean_cache' from command line to 'False'
[0.465s] Level 5:colcon.colcon_core.verb:set package 'scara_general_ik_solver' build argument 'cmake_clean_first' from command line to 'False'
[0.465s] Level 5:colcon.colcon_core.verb:set package 'scara_general_ik_solver' build argument 'cmake_force_configure' from command line to 'False'
[0.466s] Level 5:colcon.colcon_core.verb:set package 'scara_general_ik_solver' build argument 'ament_cmake_args' from command line to 'None'
[0.466s] Level 5:colcon.colcon_core.verb:set package 'scara_general_ik_solver' build argument 'catkin_cmake_args' from command line to 'None'
[0.466s] Level 5:colcon.colcon_core.verb:set package 'scara_general_ik_solver' build argument 'catkin_skip_building_tests' from command line to 'False'
[0.466s] DEBUG:colcon.colcon_core.verb:Building package 'scara_general_ik_solver' with the following arguments: {'ament_cmake_args': None, 'build_base': '/home/eia/repo/rbi_2025_2/scara/scara_ws/build/scara_general_ik_solver', 'catkin_cmake_args': None, 'catkin_skip_building_tests': False, 'cmake_args': None, 'cmake_clean_cache': False, 'cmake_clean_first': False, 'cmake_force_configure': False, 'cmake_target': None, 'cmake_target_skip_unavailable': False, 'install_base': '/home/eia/repo/rbi_2025_2/scara/scara_ws/install/scara_general_ik_solver', 'merge_install': False, 'path': '/home/eia/repo/rbi_2025_2/scara/scara_ws/src/scara_general_ik_solver', 'symlink_install': True, 'test_result_base': None}
[0.466s] Level 5:colcon.colcon_core.verb:set package 'scara_gz_bringup' build argument 'cmake_args' from command line to 'None'
[0.466s] Level 5:colcon.colcon_core.verb:set package 'scara_gz_bringup' build argument 'cmake_target' from command line to 'None'
[0.467s] Level 5:colcon.colcon_core.verb:set package 'scara_gz_bringup' build argument 'cmake_target_skip_unavailable' from command line to 'False'
[0.467s] Level 5:colcon.colcon_core.verb:set package 'scara_gz_bringup' build argument 'cmake_clean_cache' from command line to 'False'
[0.467s] Level 5:colcon.colcon_core.verb:set package 'scara_gz_bringup' build argument 'cmake_clean_first' from command line to 'False'
[0.467s] Level 5:colcon.colcon_core.verb:set package 'scara_gz_bringup' build argument 'cmake_force_configure' from command line to 'False'
[0.467s] Level 5:colcon.colcon_core.verb:set package 'scara_gz_bringup' build argument 'ament_cmake_args' from command line to 'None'
[0.467s] Level 5:colcon.colcon_core.verb:set package 'scara_gz_bringup' build argument 'catkin_cmake_args' from command line to 'None'
[0.467s] Level 5:colcon.colcon_core.verb:set package 'scara_gz_bringup' build argument 'catkin_skip_building_tests' from command line to 'False'
[0.467s] DEBUG:colcon.colcon_core.verb:Building package 'scara_gz_bringup' with the following arguments: {'ament_cmake_args': None, 'build_base': '/home/eia/repo/rbi_2025_2/scara/scara_ws/build/scara_gz_bringup', 'catkin_cmake_args': None, 'catkin_skip_building_tests': False, 'cmake_args': None, 'cmake_clean_cache': False, 'cmake_clean_first': False, 'cmake_force_configure': False, 'cmake_target': None, 'cmake_target_skip_unavailable': False, 'install_base': '/home/eia/repo/rbi_2025_2/scara/scara_ws/install/scara_gz_bringup', 'merge_install': False, 'path': '/home/eia/repo/rbi_2025_2/scara/scara_ws/src/scara_gz_bringup', 'symlink_install': True, 'test_result_base': None}
[0.468s] Level 5:colcon.colcon_core.verb:set package 'scara_gz_description' build argument 'cmake_args' from command line to 'None'
[0.468s] Level 5:colcon.colcon_core.verb:set package 'scara_gz_description' build argument 'cmake_target' from command line to 'None'
[0.468s] Level 5:colcon.colcon_core.verb:set package 'scara_gz_description' build argument 'cmake_target_skip_unavailable' from command line to 'False'
[0.468s] Level 5:colcon.colcon_core.verb:set package 'scara_gz_description' build argument 'cmake_clean_cache' from command line to 'False'
[0.468s] Level 5:colcon.colcon_core.verb:set package 'scara_gz_description' build argument 'cmake_clean_first' from command line to 'False'
[0.468s] Level 5:colcon.colcon_core.verb:set package 'scara_gz_description' build argument 'cmake_force_configure' from command line to 'False'
[0.468s] Level 5:colcon.colcon_core.verb:set package 'scara_gz_description' build argument 'ament_cmake_args' from command line to 'None'
[0.468s] Level 5:colcon.colcon_core.verb:set package 'scara_gz_description' build argument 'catkin_cmake_args' from command line to 'None'
[0.468s] Level 5:colcon.colcon_core.verb:set package 'scara_gz_description' build argument 'catkin_skip_building_tests' from command line to 'False'
[0.468s] DEBUG:colcon.colcon_core.verb:Building package 'scara_gz_description' with the following arguments: {'ament_cmake_args': None, 'build_base': '/home/eia/repo/rbi_2025_2/scara/scara_ws/build/scara_gz_description', 'catkin_cmake_args': None, 'catkin_skip_building_tests': False, 'cmake_args': None, 'cmake_clean_cache': False, 'cmake_clean_first': False, 'cmake_force_configure': False, 'cmake_target': None, 'cmake_target_skip_unavailable': False, 'install_base': '/home/eia/repo/rbi_2025_2/scara/scara_ws/install/scara_gz_description', 'merge_install': False, 'path': '/home/eia/repo/rbi_2025_2/scara/scara_ws/src/scara_gz_description', 'symlink_install': True, 'test_result_base': None}
[0.469s] Level 5:colcon.colcon_core.verb:set package 'scara_hardware_interface' build argument 'cmake_args' from command line to 'None'
[0.469s] Level 5:colcon.colcon_core.verb:set package 'scara_hardware_interface' build argument 'cmake_target' from command line to 'None'
[0.469s] Level 5:colcon.colcon_core.verb:set package 'scara_hardware_interface' build argument 'cmake_target_skip_unavailable' from command line to 'False'
[0.469s] Level 5:colcon.colcon_core.verb:set package 'scara_hardware_interface' build argument 'cmake_clean_cache' from command line to 'False'
[0.469s] Level 5:colcon.colcon_core.verb:set package 'scara_hardware_interface' build argument 'cmake_clean_first' from command line to 'False'
[0.469s] Level 5:colcon.colcon_core.verb:set package 'scara_hardware_interface' build argument 'cmake_force_configure' from command line to 'False'
[0.469s] Level 5:colcon.colcon_core.verb:set package 'scara_hardware_interface' build argument 'ament_cmake_args' from command line to 'None'
[0.469s] Level 5:colcon.colcon_core.verb:set package 'scara_hardware_interface' build argument 'catkin_cmake_args' from command line to 'None'
[0.469s] Level 5:colcon.colcon_core.verb:set package 'scara_hardware_interface' build argument 'catkin_skip_building_tests' from command line to 'False'
[0.470s] DEBUG:colcon.colcon_core.verb:Building package 'scara_hardware_interface' with the following arguments: {'ament_cmake_args': None, 'build_base': '/home/eia/repo/rbi_2025_2/scara/scara_ws/build/scara_hardware_interface', 'catkin_cmake_args': None, 'catkin_skip_building_tests': False, 'cmake_args': None, 'cmake_clean_cache': False, 'cmake_clean_first': False, 'cmake_force_configure': False, 'cmake_target': None, 'cmake_target_skip_unavailable': False, 'install_base': '/home/eia/repo/rbi_2025_2/scara/scara_ws/install/scara_hardware_interface', 'merge_install': False, 'path': '/home/eia/repo/rbi_2025_2/scara/scara_ws/src/scara_hardware_interface', 'symlink_install': True, 'test_result_base': None}
[0.470s] Level 5:colcon.colcon_core.verb:set package 'scara_mujoco_bringup' build argument 'cmake_args' from command line to 'None'
[0.470s] Level 5:colcon.colcon_core.verb:set package 'scara_mujoco_bringup' build argument 'cmake_target' from command line to 'None'
[0.470s] Level 5:colcon.colcon_core.verb:set package 'scara_mujoco_bringup' build argument 'cmake_target_skip_unavailable' from command line to 'False'
[0.470s] Level 5:colcon.colcon_core.verb:set package 'scara_mujoco_bringup' build argument 'cmake_clean_cache' from command line to 'False'
[0.470s] Level 5:colcon.colcon_core.verb:set package 'scara_mujoco_bringup' build argument 'cmake_clean_first' from command line to 'False'
[0.470s] Level 5:colcon.colcon_core.verb:set package 'scara_mujoco_bringup' build argument 'cmake_force_configure' from command line to 'False'
[0.470s] Level 5:colcon.colcon_core.verb:set package 'scara_mujoco_bringup' build argument 'ament_cmake_args' from command line to 'None'
[0.470s] Level 5:colcon.colcon_core.verb:set package 'scara_mujoco_bringup' build argument 'catkin_cmake_args' from command line to 'None'
[0.470s] Level 5:colcon.colcon_core.verb:set package 'scara_mujoco_bringup' build argument 'catkin_skip_building_tests' from command line to 'False'
[0.471s] DEBUG:colcon.colcon_core.verb:Building package 'scara_mujoco_bringup' with the following arguments: {'ament_cmake_args': None, 'build_base': '/home/eia/repo/rbi_2025_2/scara/scara_ws/build/scara_mujoco_bringup', 'catkin_cmake_args': None, 'catkin_skip_building_tests': False, 'cmake_args': None, 'cmake_clean_cache': False, 'cmake_clean_first': False, 'cmake_force_configure': False, 'cmake_target': None, 'cmake_target_skip_unavailable': False, 'install_base': '/home/eia/repo/rbi_2025_2/scara/scara_ws/install/scara_mujoco_bringup', 'merge_install': False, 'path': '/home/eia/repo/rbi_2025_2/scara/scara_ws/src/scara_mujoco_bringup', 'symlink_install': True, 'test_result_base': None}
[0.471s] Level 5:colcon.colcon_core.verb:set package 'scara_mujoco_description' build argument 'cmake_args' from command line to 'None'
[0.471s] Level 5:colcon.colcon_core.verb:set package 'scara_mujoco_description' build argument 'cmake_target' from command line to 'None'
[0.471s] Level 5:colcon.colcon_core.verb:set package 'scara_mujoco_description' build argument 'cmake_target_skip_unavailable' from command line to 'False'
[0.471s] Level 5:colcon.colcon_core.verb:set package 'scara_mujoco_description' build argument 'cmake_clean_cache' from command line to 'False'
[0.472s] Level 5:colcon.colcon_core.verb:set package 'scara_mujoco_description' build argument 'cmake_clean_first' from command line to 'False'
[0.472s] Level 5:colcon.colcon_core.verb:set package 'scara_mujoco_description' build argument 'cmake_force_configure' from command line to 'False'
[0.472s] Level 5:colcon.colcon_core.verb:set package 'scara_mujoco_description' build argument 'ament_cmake_args' from command line to 'None'
[0.472s] Level 5:colcon.colcon_core.verb:set package 'scara_mujoco_description' build argument 'catkin_cmake_args' from command line to 'None'
[0.472s] Level 5:colcon.colcon_core.verb:set package 'scara_mujoco_description' build argument 'catkin_skip_building_tests' from command line to 'False'
[0.472s] DEBUG:colcon.colcon_core.verb:Building package 'scara_mujoco_description' with the following arguments: {'ament_cmake_args': None, 'build_base': '/home/eia/repo/rbi_2025_2/scara/scara_ws/build/scara_mujoco_description', 'catkin_cmake_args': None, 'catkin_skip_building_tests': False, 'cmake_args': None, 'cmake_clean_cache': False, 'cmake_clean_first': False, 'cmake_force_configure': False, 'cmake_target': None, 'cmake_target_skip_unavailable': False, 'install_base': '/home/eia/repo/rbi_2025_2/scara/scara_ws/install/scara_mujoco_description', 'merge_install': False, 'path': '/home/eia/repo/rbi_2025_2/scara/scara_ws/src/scara_mujoco_description', 'symlink_install': True, 'test_result_base': None}
[0.472s] Level 5:colcon.colcon_core.verb:set package 'scara_mujoco_python_sim' build argument 'cmake_args' from command line to 'None'
[0.472s] Level 5:colcon.colcon_core.verb:set package 'scara_mujoco_python_sim' build argument 'cmake_target' from command line to 'None'
[0.472s] Level 5:colcon.colcon_core.verb:set package 'scara_mujoco_python_sim' build argument 'cmake_target_skip_unavailable' from command line to 'False'
[0.472s] Level 5:colcon.colcon_core.verb:set package 'scara_mujoco_python_sim' build argument 'cmake_clean_cache' from command line to 'False'
[0.472s] Level 5:colcon.colcon_core.verb:set package 'scara_mujoco_python_sim' build argument 'cmake_clean_first' from command line to 'False'
[0.472s] Level 5:colcon.colcon_core.verb:set package 'scara_mujoco_python_sim' build argument 'cmake_force_configure' from command line to 'False'
[0.473s] Level 5:colcon.colcon_core.verb:set package 'scara_mujoco_python_sim' build argument 'ament_cmake_args' from command line to 'None'
[0.473s] Level 5:colcon.colcon_core.verb:set package 'scara_mujoco_python_sim' build argument 'catkin_cmake_args' from command line to 'None'
[0.473s] Level 5:colcon.colcon_core.verb:set package 'scara_mujoco_python_sim' build argument 'catkin_skip_building_tests' from command line to 'False'
[0.473s] DEBUG:colcon.colcon_core.verb:Building package 'scara_mujoco_python_sim' with the following arguments: {'ament_cmake_args': None, 'build_base': '/home/eia/repo/rbi_2025_2/scara/scara_ws/build/scara_mujoco_python_sim', 'catkin_cmake_args': None, 'catkin_skip_building_tests': False, 'cmake_args': None, 'cmake_clean_cache': False, 'cmake_clean_first': False, 'cmake_force_configure': False, 'cmake_target': None, 'cmake_target_skip_unavailable': False, 'install_base': '/home/eia/repo/rbi_2025_2/scara/scara_ws/install/scara_mujoco_python_sim', 'merge_install': False, 'path': '/home/eia/repo/rbi_2025_2/scara/scara_ws/src/scara_mujoco_python_sim', 'symlink_install': True, 'test_result_base': None}
[0.473s] Level 5:colcon.colcon_core.verb:set package 'scara_mujoco_sim' build argument 'cmake_args' from command line to 'None'
[0.473s] Level 5:colcon.colcon_core.verb:set package 'scara_mujoco_sim' build argument 'cmake_target' from command line to 'None'
[0.473s] Level 5:colcon.colcon_core.verb:set package 'scara_mujoco_sim' build argument 'cmake_target_skip_unavailable' from command line to 'False'
[0.473s] Level 5:colcon.colcon_core.verb:set package 'scara_mujoco_sim' build argument 'cmake_clean_cache' from command line to 'False'
[0.473s] Level 5:colcon.colcon_core.verb:set package 'scara_mujoco_sim' build argument 'cmake_clean_first' from command line to 'False'
[0.473s] Level 5:colcon.colcon_core.verb:set package 'scara_mujoco_sim' build argument 'cmake_force_configure' from command line to 'False'
[0.474s] Level 5:colcon.colcon_core.verb:set package 'scara_mujoco_sim' build argument 'ament_cmake_args' from command line to 'None'
[0.474s] Level 5:colcon.colcon_core.verb:set package 'scara_mujoco_sim' build argument 'catkin_cmake_args' from command line to 'None'
[0.474s] Level 5:colcon.colcon_core.verb:set package 'scara_mujoco_sim' build argument 'catkin_skip_building_tests' from command line to 'False'
[0.474s] DEBUG:colcon.colcon_core.verb:Building package 'scara_mujoco_sim' with the following arguments: {'ament_cmake_args': None, 'build_base': '/home/eia/repo/rbi_2025_2/scara/scara_ws/build/scara_mujoco_sim', 'catkin_cmake_args': None, 'catkin_skip_building_tests': False, 'cmake_args': None, 'cmake_clean_cache': False, 'cmake_clean_first': False, 'cmake_force_configure': False, 'cmake_target': None, 'cmake_target_skip_unavailable': False, 'install_base': '/home/eia/repo/rbi_2025_2/scara/scara_ws/install/scara_mujoco_sim', 'merge_install': False, 'path': '/home/eia/repo/rbi_2025_2/scara/scara_ws/src/scara_mujoco_sim', 'symlink_install': True, 'test_result_base': None}
[0.474s] Level 5:colcon.colcon_core.verb:set package 'scara_path_controller' build argument 'cmake_args' from command line to 'None'
[0.474s] Level 5:colcon.colcon_core.verb:set package 'scara_path_controller' build argument 'cmake_target' from command line to 'None'
[0.474s] Level 5:colcon.colcon_core.verb:set package 'scara_path_controller' build argument 'cmake_target_skip_unavailable' from command line to 'False'
[0.474s] Level 5:colcon.colcon_core.verb:set package 'scara_path_controller' build argument 'cmake_clean_cache' from command line to 'False'
[0.475s] Level 5:colcon.colcon_core.verb:set package 'scara_path_controller' build argument 'cmake_clean_first' from command line to 'False'
[0.475s] Level 5:colcon.colcon_core.verb:set package 'scara_path_controller' build argument 'cmake_force_configure' from command line to 'False'
[0.475s] Level 5:colcon.colcon_core.verb:set package 'scara_path_controller' build argument 'ament_cmake_args' from command line to 'None'
[0.475s] Level 5:colcon.colcon_core.verb:set package 'scara_path_controller' build argument 'catkin_cmake_args' from command line to 'None'
[0.475s] Level 5:colcon.colcon_core.verb:set package 'scara_path_controller' build argument 'catkin_skip_building_tests' from command line to 'False'
[0.475s] DEBUG:colcon.colcon_core.verb:Building package 'scara_path_controller' with the following arguments: {'ament_cmake_args': None, 'build_base': '/home/eia/repo/rbi_2025_2/scara/scara_ws/build/scara_path_controller', 'catkin_cmake_args': None, 'catkin_skip_building_tests': False, 'cmake_args': None, 'cmake_clean_cache': False, 'cmake_clean_first': False, 'cmake_force_configure': False, 'cmake_target': None, 'cmake_target_skip_unavailable': False, 'install_base': '/home/eia/repo/rbi_2025_2/scara/scara_ws/install/scara_path_controller', 'merge_install': False, 'path': '/home/eia/repo/rbi_2025_2/scara/scara_ws/src/scara_path_controller', 'symlink_install': True, 'test_result_base': None}
[0.475s] Level 5:colcon.colcon_core.verb:set package 'scara_path_generator' build argument 'cmake_args' from command line to 'None'
[0.476s] Level 5:colcon.colcon_core.verb:set package 'scara_path_generator' build argument 'cmake_target' from command line to 'None'
[0.476s] Level 5:colcon.colcon_core.verb:set package 'scara_path_generator' build argument 'cmake_target_skip_unavailable' from command line to 'False'
[0.476s] Level 5:colcon.colcon_core.verb:set package 'scara_path_generator' build argument 'cmake_clean_cache' from command line to 'False'
[0.476s] Level 5:colcon.colcon_core.verb:set package 'scara_path_generator' build argument 'cmake_clean_first' from command line to 'False'
[0.476s] Level 5:colcon.colcon_core.verb:set package 'scara_path_generator' build argument 'cmake_force_configure' from command line to 'False'
[0.476s] Level 5:colcon.colcon_core.verb:set package 'scara_path_generator' build argument 'ament_cmake_args' from command line to 'None'
[0.476s] Level 5:colcon.colcon_core.verb:set package 'scara_path_generator' build argument 'catkin_cmake_args' from command line to 'None'
[0.476s] Level 5:colcon.colcon_core.verb:set package 'scara_path_generator' build argument 'catkin_skip_building_tests' from command line to 'False'
[0.476s] DEBUG:colcon.colcon_core.verb:Building package 'scara_path_generator' with the following arguments: {'ament_cmake_args': None, 'build_base': '/home/eia/repo/rbi_2025_2/scara/scara_ws/build/scara_path_generator', 'catkin_cmake_args': None, 'catkin_skip_building_tests': False, 'cmake_args': None, 'cmake_clean_cache': False, 'cmake_clean_first': False, 'cmake_force_configure': False, 'cmake_target': None, 'cmake_target_skip_unavailable': False, 'install_base': '/home/eia/repo/rbi_2025_2/scara/scara_ws/install/scara_path_generator', 'merge_install': False, 'path': '/home/eia/repo/rbi_2025_2/scara/scara_ws/src/scara_path_generator', 'symlink_install': True, 'test_result_base': None}
[0.476s] Level 5:colcon.colcon_core.verb:set package 'scara_real_bringup' build argument 'cmake_args' from command line to 'None'
[0.476s] Level 5:colcon.colcon_core.verb:set package 'scara_real_bringup' build argument 'cmake_target' from command line to 'None'
[0.476s] Level 5:colcon.colcon_core.verb:set package 'scara_real_bringup' build argument 'cmake_target_skip_unavailable' from command line to 'False'
[0.476s] Level 5:colcon.colcon_core.verb:set package 'scara_real_bringup' build argument 'cmake_clean_cache' from command line to 'False'
[0.476s] Level 5:colcon.colcon_core.verb:set package 'scara_real_bringup' build argument 'cmake_clean_first' from command line to 'False'
[0.476s] Level 5:colcon.colcon_core.verb:set package 'scara_real_bringup' build argument 'cmake_force_configure' from command line to 'False'
[0.476s] Level 5:colcon.colcon_core.verb:set package 'scara_real_bringup' build argument 'ament_cmake_args' from command line to 'None'
[0.476s] Level 5:colcon.colcon_core.verb:set package 'scara_real_bringup' build argument 'catkin_cmake_args' from command line to 'None'
[0.477s] Level 5:colcon.colcon_core.verb:set package 'scara_real_bringup' build argument 'catkin_skip_building_tests' from command line to 'False'
[0.477s] DEBUG:colcon.colcon_core.verb:Building package 'scara_real_bringup' with the following arguments: {'ament_cmake_args': None, 'build_base': '/home/eia/repo/rbi_2025_2/scara/scara_ws/build/scara_real_bringup', 'catkin_cmake_args': None, 'catkin_skip_building_tests': False, 'cmake_args': None, 'cmake_clean_cache': False, 'cmake_clean_first': False, 'cmake_force_configure': False, 'cmake_target': None, 'cmake_target_skip_unavailable': False, 'install_base': '/home/eia/repo/rbi_2025_2/scara/scara_ws/install/scara_real_bringup', 'merge_install': False, 'path': '/home/eia/repo/rbi_2025_2/scara/scara_ws/src/scara_real_bringup', 'symlink_install': True, 'test_result_base': None}
[0.477s] Level 5:colcon.colcon_core.verb:set package 'scara_real_description' build argument 'cmake_args' from command line to 'None'
[0.477s] Level 5:colcon.colcon_core.verb:set package 'scara_real_description' build argument 'cmake_target' from command line to 'None'
[0.477s] Level 5:colcon.colcon_core.verb:set package 'scara_real_description' build argument 'cmake_target_skip_unavailable' from command line to 'False'
[0.477s] Level 5:colcon.colcon_core.verb:set package 'scara_real_description' build argument 'cmake_clean_cache' from command line to 'False'
[0.477s] Level 5:colcon.colcon_core.verb:set package 'scara_real_description' build argument 'cmake_clean_first' from command line to 'False'
[0.477s] Level 5:colcon.colcon_core.verb:set package 'scara_real_description' build argument 'cmake_force_configure' from command line to 'False'
[0.477s] Level 5:colcon.colcon_core.verb:set package 'scara_real_description' build argument 'ament_cmake_args' from command line to 'None'
[0.477s] Level 5:colcon.colcon_core.verb:set package 'scara_real_description' build argument 'catkin_cmake_args' from command line to 'None'
[0.477s] Level 5:colcon.colcon_core.verb:set package 'scara_real_description' build argument 'catkin_skip_building_tests' from command line to 'False'
[0.477s] DEBUG:colcon.colcon_core.verb:Building package 'scara_real_description' with the following arguments: {'ament_cmake_args': None, 'build_base': '/home/eia/repo/rbi_2025_2/scara/scara_ws/build/scara_real_description', 'catkin_cmake_args': None, 'catkin_skip_building_tests': False, 'cmake_args': None, 'cmake_clean_cache': False, 'cmake_clean_first': False, 'cmake_force_configure': False, 'cmake_target': None, 'cmake_target_skip_unavailable': False, 'install_base': '/home/eia/repo/rbi_2025_2/scara/scara_ws/install/scara_real_description', 'merge_install': False, 'path': '/home/eia/repo/rbi_2025_2/scara/scara_ws/src/scara_real_description', 'symlink_install': True, 'test_result_base': None}
[0.478s] Level 5:colcon.colcon_core.verb:set package 'scara_tf_generator' build argument 'cmake_args' from command line to 'None'
[0.478s] Level 5:colcon.colcon_core.verb:set package 'scara_tf_generator' build argument 'cmake_target' from command line to 'None'
[0.478s] Level 5:colcon.colcon_core.verb:set package 'scara_tf_generator' build argument 'cmake_target_skip_unavailable' from command line to 'False'
[0.478s] Level 5:colcon.colcon_core.verb:set package 'scara_tf_generator' build argument 'cmake_clean_cache' from command line to 'False'
[0.478s] Level 5:colcon.colcon_core.verb:set package 'scara_tf_generator' build argument 'cmake_clean_first' from command line to 'False'
[0.478s] Level 5:colcon.colcon_core.verb:set package 'scara_tf_generator' build argument 'cmake_force_configure' from command line to 'False'
[0.478s] Level 5:colcon.colcon_core.verb:set package 'scara_tf_generator' build argument 'ament_cmake_args' from command line to 'None'
[0.478s] Level 5:colcon.colcon_core.verb:set package 'scara_tf_generator' build argument 'catkin_cmake_args' from command line to 'None'
[0.478s] Level 5:colcon.colcon_core.verb:set package 'scara_tf_generator' build argument 'catkin_skip_building_tests' from command line to 'False'
[0.478s] DEBUG:colcon.colcon_core.verb:Building package 'scara_tf_generator' with the following arguments: {'ament_cmake_args': None, 'build_base': '/home/eia/repo/rbi_2025_2/scara/scara_ws/build/scara_tf_generator', 'catkin_cmake_args': None, 'catkin_skip_building_tests': False, 'cmake_args': None, 'cmake_clean_cache': False, 'cmake_clean_first': False, 'cmake_force_configure': False, 'cmake_target': None, 'cmake_target_skip_unavailable': False, 'install_base': '/home/eia/repo/rbi_2025_2/scara/scara_ws/install/scara_tf_generator', 'merge_install': False, 'path': '/home/eia/repo/rbi_2025_2/scara/scara_ws/src/scara_tf_generator', 'symlink_install': True, 'test_result_base': None}
[0.478s] INFO:colcon.colcon_core.executor:Executing jobs using 'parallel' executor
[0.479s] DEBUG:colcon.colcon_parallel_executor.executor.parallel:run_until_complete
[0.480s] INFO:colcon.colcon_ros.task.ament_python.build:Building ROS package in '/home/eia/repo/rbi_2025_2/scara/scara_ws/src/premade_path_publisher' with build type 'ament_python'
[0.480s] Level 1:colcon.colcon_core.shell:create_environment_hook('premade_path_publisher', 'ament_prefix_path')
[0.483s] INFO:colcon.colcon_core.plugin_system:Skipping extension 'colcon_core.shell.bat': Not used on non-Windows systems
[0.484s] INFO:colcon.colcon_core.shell:Creating environment hook '/home/eia/repo/rbi_2025_2/scara/scara_ws/install/premade_path_publisher/share/premade_path_publisher/hook/ament_prefix_path.ps1'
[0.485s] INFO:colcon.colcon_core.shell:Creating environment descriptor '/home/eia/repo/rbi_2025_2/scara/scara_ws/install/premade_path_publisher/share/premade_path_publisher/hook/ament_prefix_path.dsv'
[0.486s] INFO:colcon.colcon_core.shell:Creating environment hook '/home/eia/repo/rbi_2025_2/scara/scara_ws/install/premade_path_publisher/share/premade_path_publisher/hook/ament_prefix_path.sh'
[0.487s] INFO:colcon.colcon_core.shell:Skip shell extension 'powershell' for command environment: Not usable outside of PowerShell
[0.488s] DEBUG:colcon.colcon_core.shell:Skip shell extension 'dsv' for command environment
[0.490s] WARNING:colcon.colcon_ros.prefix_path.ament:The path '/home/eia/repo/rbi_2025_2/scara/scara_ws/install/scara_ik_solver' in the environment variable AMENT_PREFIX_PATH doesn't exist
[0.497s] INFO:colcon.colcon_ros.task.ament_python.build:Building ROS package in '/home/eia/repo/rbi_2025_2/scara/scara_ws/src/scara_general_ik_solver' with build type 'ament_python'
[0.497s] Level 1:colcon.colcon_core.shell:create_environment_hook('scara_general_ik_solver', 'ament_prefix_path')
[0.498s] INFO:colcon.colcon_core.shell:Creating environment hook '/home/eia/repo/rbi_2025_2/scara/scara_ws/install/scara_general_ik_solver/share/scara_general_ik_solver/hook/ament_prefix_path.ps1'
[0.498s] INFO:colcon.colcon_core.shell:Creating environment descriptor '/home/eia/repo/rbi_2025_2/scara/scara_ws/install/scara_general_ik_solver/share/scara_general_ik_solver/hook/ament_prefix_path.dsv'
[0.499s] INFO:colcon.colcon_core.shell:Creating environment hook '/home/eia/repo/rbi_2025_2/scara/scara_ws/install/scara_general_ik_solver/share/scara_general_ik_solver/hook/ament_prefix_path.sh'
[0.499s] INFO:colcon.colcon_core.shell:Skip shell extension 'powershell' for command environment: Not usable outside of PowerShell
[0.500s] DEBUG:colcon.colcon_core.shell:Skip shell extension 'dsv' for command environment
[0.506s] INFO:colcon.colcon_ros.task.ament_cmake.build:Building ROS package in '/home/eia/repo/rbi_2025_2/scara/scara_ws/src/scara_gz_bringup' with build type 'ament_cmake'
[0.506s] INFO:colcon.colcon_cmake.task.cmake.build:Building CMake package in '/home/eia/repo/rbi_2025_2/scara/scara_ws/src/scara_gz_bringup'
[0.506s] INFO:colcon.colcon_core.shell:Skip shell extension 'powershell' for command environment: Not usable outside of PowerShell
[0.506s] DEBUG:colcon.colcon_core.shell:Skip shell extension 'dsv' for command environment
[0.513s] INFO:colcon.colcon_ros.task.ament_cmake.build:Building ROS package in '/home/eia/repo/rbi_2025_2/scara/scara_ws/src/scara_gz_description' with build type 'ament_cmake'
[0.513s] INFO:colcon.colcon_cmake.task.cmake.build:Building CMake package in '/home/eia/repo/rbi_2025_2/scara/scara_ws/src/scara_gz_description'
[0.513s] INFO:colcon.colcon_core.shell:Skip shell extension 'powershell' for command environment: Not usable outside of PowerShell
[0.513s] DEBUG:colcon.colcon_core.shell:Skip shell extension 'dsv' for command environment
[0.520s] INFO:colcon.colcon_ros.task.ament_cmake.build:Building ROS package in '/home/eia/repo/rbi_2025_2/scara/scara_ws/src/scara_hardware_interface' with build type 'ament_cmake'
[0.520s] INFO:colcon.colcon_cmake.task.cmake.build:Building CMake package in '/home/eia/repo/rbi_2025_2/scara/scara_ws/src/scara_hardware_interface'
[0.521s] INFO:colcon.colcon_core.shell:Skip shell extension 'powershell' for command environment: Not usable outside of PowerShell
[0.521s] DEBUG:colcon.colcon_core.shell:Skip shell extension 'dsv' for command environment
[0.526s] INFO:colcon.colcon_ros.task.ament_cmake.build:Building ROS package in '/home/eia/repo/rbi_2025_2/scara/scara_ws/src/scara_mujoco_bringup' with build type 'ament_cmake'
[0.527s] INFO:colcon.colcon_cmake.task.cmake.build:Building CMake package in '/home/eia/repo/rbi_2025_2/scara/scara_ws/src/scara_mujoco_bringup'
[0.527s] INFO:colcon.colcon_core.shell:Skip shell extension 'powershell' for command environment: Not usable outside of PowerShell
[0.527s] DEBUG:colcon.colcon_core.shell:Skip shell extension 'dsv' for command environment
[0.533s] INFO:colcon.colcon_ros.task.ament_cmake.build:Building ROS package in '/home/eia/repo/rbi_2025_2/scara/scara_ws/src/scara_mujoco_description' with build type 'ament_cmake'
[0.533s] INFO:colcon.colcon_cmake.task.cmake.build:Building CMake package in '/home/eia/repo/rbi_2025_2/scara/scara_ws/src/scara_mujoco_description'
[0.533s] INFO:colcon.colcon_core.shell:Skip shell extension 'powershell' for command environment: Not usable outside of PowerShell
[0.533s] DEBUG:colcon.colcon_core.shell:Skip shell extension 'dsv' for command environment
[0.539s] INFO:colcon.colcon_ros.task.ament_python.build:Building ROS package in '/home/eia/repo/rbi_2025_2/scara/scara_ws/src/scara_mujoco_python_sim' with build type 'ament_python'
[0.540s] Level 1:colcon.colcon_core.shell:create_environment_hook('scara_mujoco_python_sim', 'ament_prefix_path')
[0.540s] INFO:colcon.colcon_core.shell:Creating environment hook '/home/eia/repo/rbi_2025_2/scara/scara_ws/install/scara_mujoco_python_sim/share/scara_mujoco_python_sim/hook/ament_prefix_path.ps1'
[0.541s] INFO:colcon.colcon_core.shell:Creating environment descriptor '/home/eia/repo/rbi_2025_2/scara/scara_ws/install/scara_mujoco_python_sim/share/scara_mujoco_python_sim/hook/ament_prefix_path.dsv'
[0.541s] INFO:colcon.colcon_core.shell:Creating environment hook '/home/eia/repo/rbi_2025_2/scara/scara_ws/install/scara_mujoco_python_sim/share/scara_mujoco_python_sim/hook/ament_prefix_path.sh'
[0.542s] INFO:colcon.colcon_core.shell:Skip shell extension 'powershell' for command environment: Not usable outside of PowerShell
[0.542s] DEBUG:colcon.colcon_core.shell:Skip shell extension 'dsv' for command environment
[0.548s] INFO:colcon.colcon_ros.task.ament_cmake.build:Building ROS package in '/home/eia/repo/rbi_2025_2/scara/scara_ws/src/scara_mujoco_sim' with build type 'ament_cmake'
[0.548s] INFO:colcon.colcon_cmake.task.cmake.build:Building CMake package in '/home/eia/repo/rbi_2025_2/scara/scara_ws/src/scara_mujoco_sim'
[0.549s] INFO:colcon.colcon_core.shell:Skip shell extension 'powershell' for command environment: Not usable outside of PowerShell
[0.549s] DEBUG:colcon.colcon_core.shell:Skip shell extension 'dsv' for command environment
[0.555s] INFO:colcon.colcon_ros.task.ament_python.build:Building ROS package in '/home/eia/repo/rbi_2025_2/scara/scara_ws/src/scara_path_controller' with build type 'ament_python'
[0.555s] Level 1:colcon.colcon_core.shell:create_environment_hook('scara_path_controller', 'ament_prefix_path')
[0.556s] INFO:colcon.colcon_core.shell:Creating environment hook '/home/eia/repo/rbi_2025_2/scara/scara_ws/install/scara_path_controller/share/scara_path_controller/hook/ament_prefix_path.ps1'
[0.556s] INFO:colcon.colcon_core.shell:Creating environment descriptor '/home/eia/repo/rbi_2025_2/scara/scara_ws/install/scara_path_controller/share/scara_path_controller/hook/ament_prefix_path.dsv'
[0.557s] INFO:colcon.colcon_core.shell:Creating environment hook '/home/eia/repo/rbi_2025_2/scara/scara_ws/install/scara_path_controller/share/scara_path_controller/hook/ament_prefix_path.sh'
[0.558s] INFO:colcon.colcon_core.shell:Skip shell extension 'powershell' for command environment: Not usable outside of PowerShell
[0.558s] DEBUG:colcon.colcon_core.shell:Skip shell extension 'dsv' for command environment
[0.563s] INFO:colcon.colcon_ros.task.ament_python.build:Building ROS package in '/home/eia/repo/rbi_2025_2/scara/scara_ws/src/scara_path_generator' with build type 'ament_python'
[0.563s] Level 1:colcon.colcon_core.shell:create_environment_hook('scara_path_generator', 'ament_prefix_path')
[0.563s] INFO:colcon.colcon_core.shell:Creating environment hook '/home/eia/repo/rbi_2025_2/scara/scara_ws/install/scara_path_generator/share/scara_path_generator/hook/ament_prefix_path.ps1'
[0.564s] INFO:colcon.colcon_core.shell:Creating environment descriptor '/home/eia/repo/rbi_2025_2/scara/scara_ws/install/scara_path_generator/share/scara_path_generator/hook/ament_prefix_path.dsv'
[0.565s] INFO:colcon.colcon_core.shell:Creating environment hook '/home/eia/repo/rbi_2025_2/scara/scara_ws/install/scara_path_generator/share/scara_path_generator/hook/ament_prefix_path.sh'
[0.566s] INFO:colcon.colcon_core.shell:Skip shell extension 'powershell' for command environment: Not usable outside of PowerShell
[0.566s] DEBUG:colcon.colcon_core.shell:Skip shell extension 'dsv' for command environment
[0.572s] INFO:colcon.colcon_ros.task.ament_cmake.build:Building ROS package in '/home/eia/repo/rbi_2025_2/scara/scara_ws/src/scara_real_bringup' with build type 'ament_cmake'
[0.572s] INFO:colcon.colcon_cmake.task.cmake.build:Building CMake package in '/home/eia/repo/rbi_2025_2/scara/scara_ws/src/scara_real_bringup'
[0.572s] INFO:colcon.colcon_core.shell:Skip shell extension 'powershell' for command environment: Not usable outside of PowerShell
[0.572s] DEBUG:colcon.colcon_core.shell:Skip shell extension 'dsv' for command environment
[0.967s] INFO:colcon.colcon_core.task.python.build:Building Python package in '/home/eia/repo/rbi_2025_2/scara/scara_ws/src/premade_path_publisher'
[0.968s] INFO:colcon.colcon_core.shell:Skip shell extension 'powershell' for command environment: Not usable outside of PowerShell
[0.968s] DEBUG:colcon.colcon_core.shell:Skip shell extension 'dsv' for command environment
[1.384s] INFO:colcon.colcon_core.task.python.build:Building Python package in '/home/eia/repo/rbi_2025_2/scara/scara_ws/src/scara_general_ik_solver'
[1.384s] INFO:colcon.colcon_core.shell:Skip shell extension 'powershell' for command environment: Not usable outside of PowerShell
[1.384s] DEBUG:colcon.colcon_core.shell:Skip shell extension 'dsv' for command environment
[1.396s] DEBUG:colcon.colcon_core.event_handler.log_command:Invoking command in '/home/eia/repo/rbi_2025_2/scara/scara_ws/build/scara_gz_bringup': CMAKE_PREFIX_PATH=${CMAKE_PREFIX_PATH}:/home/eia/repo/rbi_2025_2/scara/scara_ws/install/scara_general_ik_solver:/home/eia/repo/rbi_2025_2/scara/scara_ws/install/scara_tf_generator:/home/eia/repo/rbi_2025_2/scara/scara_ws/install/scara_path_generator:/home/eia/repo/rbi_2025_2/scara/scara_ws/install/scara_path_controller:/home/eia/repo/rbi_2025_2/scara/scara_ws/install/scara_mujoco_python_sim:/home/eia/repo/rbi_2025_2/scara/scara_ws/install/scara_ik_solver:/home/eia/repo/rbi_2025_2/scara/scara_ws/install/premade_path_publisher:/opt/ros/humble /usr/bin/cmake --build /home/eia/repo/rbi_2025_2/scara/scara_ws/build/scara_gz_bringup -- -j12 -l12
[1.401s] DEBUG:colcon.colcon_core.event_handler.log_command:Invoking command in '/home/eia/repo/rbi_2025_2/scara/scara_ws/build/scara_gz_description': CMAKE_PREFIX_PATH=${CMAKE_PREFIX_PATH}:/home/eia/repo/rbi_2025_2/scara/scara_ws/install/scara_general_ik_solver:/home/eia/repo/rbi_2025_2/scara/scara_ws/install/scara_tf_generator:/home/eia/repo/rbi_2025_2/scara/scara_ws/install/scara_path_generator:/home/eia/repo/rbi_2025_2/scara/scara_ws/install/scara_path_controller:/home/eia/repo/rbi_2025_2/scara/scara_ws/install/scara_mujoco_python_sim:/home/eia/repo/rbi_2025_2/scara/scara_ws/install/scara_ik_solver:/home/eia/repo/rbi_2025_2/scara/scara_ws/install/premade_path_publisher:/opt/ros/humble /usr/bin/cmake --build /home/eia/repo/rbi_2025_2/scara/scara_ws/build/scara_gz_description -- -j12 -l12
[1.404s] DEBUG:colcon.colcon_core.event_handler.log_command:Invoking command in '/home/eia/repo/rbi_2025_2/scara/scara_ws/build/scara_hardware_interface': CMAKE_PREFIX_PATH=${CMAKE_PREFIX_PATH}:/home/eia/repo/rbi_2025_2/scara/scara_ws/install/scara_general_ik_solver:/home/eia/repo/rbi_2025_2/scara/scara_ws/install/scara_tf_generator:/home/eia/repo/rbi_2025_2/scara/scara_ws/install/scara_path_generator:/home/eia/repo/rbi_2025_2/scara/scara_ws/install/scara_path_controller:/home/eia/repo/rbi_2025_2/scara/scara_ws/install/scara_mujoco_python_sim:/home/eia/repo/rbi_2025_2/scara/scara_ws/install/scara_ik_solver:/home/eia/repo/rbi_2025_2/scara/scara_ws/install/premade_path_publisher:/opt/ros/humble /usr/bin/cmake --build /home/eia/repo/rbi_2025_2/scara/scara_ws/build/scara_hardware_interface -- -j12 -l12
[1.409s] DEBUG:colcon.colcon_core.event_handler.log_command:Invoking command in '/home/eia/repo/rbi_2025_2/scara/scara_ws/build/scara_mujoco_bringup': CMAKE_PREFIX_PATH=${CMAKE_PREFIX_PATH}:/home/eia/repo/rbi_2025_2/scara/scara_ws/install/scara_general_ik_solver:/home/eia/repo/rbi_2025_2/scara/scara_ws/install/scara_tf_generator:/home/eia/repo/rbi_2025_2/scara/scara_ws/install/scara_path_generator:/home/eia/repo/rbi_2025_2/scara/scara_ws/install/scara_path_controller:/home/eia/repo/rbi_2025_2/scara/scara_ws/install/scara_mujoco_python_sim:/home/eia/repo/rbi_2025_2/scara/scara_ws/install/scara_ik_solver:/home/eia/repo/rbi_2025_2/scara/scara_ws/install/premade_path_publisher:/opt/ros/humble /usr/bin/cmake --build /home/eia/repo/rbi_2025_2/scara/scara_ws/build/scara_mujoco_bringup -- -j12 -l12
[1.413s] DEBUG:colcon.colcon_core.event_handler.log_command:Invoking command in '/home/eia/repo/rbi_2025_2/scara/scara_ws/build/scara_mujoco_description': CMAKE_PREFIX_PATH=${CMAKE_PREFIX_PATH}:/home/eia/repo/rbi_2025_2/scara/scara_ws/install/scara_general_ik_solver:/home/eia/repo/rbi_2025_2/scara/scara_ws/install/scara_tf_generator:/home/eia/repo/rbi_2025_2/scara/scara_ws/install/scara_path_generator:/home/eia/repo/rbi_2025_2/scara/scara_ws/install/scara_path_controller:/home/eia/repo/rbi_2025_2/scara/scara_ws/install/scara_mujoco_python_sim:/home/eia/repo/rbi_2025_2/scara/scara_ws/install/scara_ik_solver:/home/eia/repo/rbi_2025_2/scara/scara_ws/install/premade_path_publisher:/opt/ros/humble /usr/bin/cmake --build /home/eia/repo/rbi_2025_2/scara/scara_ws/build/scara_mujoco_description -- -j12 -l12
[1.824s] INFO:colcon.colcon_core.task.python.build:Building Python package in '/home/eia/repo/rbi_2025_2/scara/scara_ws/src/scara_mujoco_python_sim'
[1.824s] INFO:colcon.colcon_core.shell:Skip shell extension 'powershell' for command environment: Not usable outside of PowerShell
[1.824s] DEBUG:colcon.colcon_core.shell:Skip shell extension 'dsv' for command environment
[1.834s] DEBUG:colcon.colcon_core.event_handler.log_command:Invoking command in '/home/eia/repo/rbi_2025_2/scara/scara_ws/build/scara_mujoco_sim': CMAKE_PREFIX_PATH=${CMAKE_PREFIX_PATH}:/home/eia/repo/rbi_2025_2/scara/scara_ws/install/scara_general_ik_solver:/home/eia/repo/rbi_2025_2/scara/scara_ws/install/scara_tf_generator:/home/eia/repo/rbi_2025_2/scara/scara_ws/install/scara_path_generator:/home/eia/repo/rbi_2025_2/scara/scara_ws/install/scara_path_controller:/home/eia/repo/rbi_2025_2/scara/scara_ws/install/scara_mujoco_python_sim:/home/eia/repo/rbi_2025_2/scara/scara_ws/install/scara_ik_solver:/home/eia/repo/rbi_2025_2/scara/scara_ws/install/premade_path_publisher:/opt/ros/humble /usr/bin/cmake --build /home/eia/repo/rbi_2025_2/scara/scara_ws/build/scara_mujoco_sim -- -j12 -l12
[2.303s] INFO:colcon.colcon_core.task.python.build:Building Python package in '/home/eia/repo/rbi_2025_2/scara/scara_ws/src/scara_path_controller'
[2.304s] INFO:colcon.colcon_core.shell:Skip shell extension 'powershell' for command environment: Not usable outside of PowerShell
[2.304s] DEBUG:colcon.colcon_core.shell:Skip shell extension 'dsv' for command environment
[2.739s] INFO:colcon.colcon_core.task.python.build:Building Python package in '/home/eia/repo/rbi_2025_2/scara/scara_ws/src/scara_path_generator'
[2.740s] INFO:colcon.colcon_core.shell:Skip shell extension 'powershell' for command environment: Not usable outside of PowerShell
[2.740s] DEBUG:colcon.colcon_core.shell:Skip shell extension 'dsv' for command environment
[2.752s] DEBUG:colcon.colcon_core.event_handler.log_command:Invoking command in '/home/eia/repo/rbi_2025_2/scara/scara_ws/build/scara_real_bringup': CMAKE_PREFIX_PATH=${CMAKE_PREFIX_PATH}:/home/eia/repo/rbi_2025_2/scara/scara_ws/install/scara_general_ik_solver:/home/eia/repo/rbi_2025_2/scara/scara_ws/install/scara_tf_generator:/home/eia/repo/rbi_2025_2/scara/scara_ws/install/scara_path_generator:/home/eia/repo/rbi_2025_2/scara/scara_ws/install/scara_path_controller:/home/eia/repo/rbi_2025_2/scara/scara_ws/install/scara_mujoco_python_sim:/home/eia/repo/rbi_2025_2/scara/scara_ws/install/scara_ik_solver:/home/eia/repo/rbi_2025_2/scara/scara_ws/install/premade_path_publisher:/opt/ros/humble /usr/bin/cmake --build /home/eia/repo/rbi_2025_2/scara/scara_ws/build/scara_real_bringup -- -j12 -l12
[2.760s] DEBUG:colcon.colcon_core.event_handler.log_command:Invoked command in '/home/eia/repo/rbi_2025_2/scara/scara_ws/build/scara_gz_description' returned '0': CMAKE_PREFIX_PATH=${CMAKE_PREFIX_PATH}:/home/eia/repo/rbi_2025_2/scara/scara_ws/install/scara_general_ik_solver:/home/eia/repo/rbi_2025_2/scara/scara_ws/install/scara_tf_generator:/home/eia/repo/rbi_2025_2/scara/scara_ws/install/scara_path_generator:/home/eia/repo/rbi_2025_2/scara/scara_ws/install/scara_path_controller:/home/eia/repo/rbi_2025_2/scara/scara_ws/install/scara_mujoco_python_sim:/home/eia/repo/rbi_2025_2/scara/scara_ws/install/scara_ik_solver:/home/eia/repo/rbi_2025_2/scara/scara_ws/install/premade_path_publisher:/opt/ros/humble /usr/bin/cmake --build /home/eia/repo/rbi_2025_2/scara/scara_ws/build/scara_gz_description -- -j12 -l12
[2.772s] DEBUG:colcon.colcon_core.event_handler.log_command:Invoking command in '/home/eia/repo/rbi_2025_2/scara/scara_ws/build/scara_gz_description': CMAKE_PREFIX_PATH=${CMAKE_PREFIX_PATH}:/home/eia/repo/rbi_2025_2/scara/scara_ws/install/scara_general_ik_solver:/home/eia/repo/rbi_2025_2/scara/scara_ws/install/scara_tf_generator:/home/eia/repo/rbi_2025_2/scara/scara_ws/install/scara_path_generator:/home/eia/repo/rbi_2025_2/scara/scara_ws/install/scara_path_controller:/home/eia/repo/rbi_2025_2/scara/scara_ws/install/scara_mujoco_python_sim:/home/eia/repo/rbi_2025_2/scara/scara_ws/install/scara_ik_solver:/home/eia/repo/rbi_2025_2/scara/scara_ws/install/premade_path_publisher:/opt/ros/humble /usr/bin/cmake --install /home/eia/repo/rbi_2025_2/scara/scara_ws/build/scara_gz_description
[2.774s] DEBUG:colcon.colcon_core.event_handler.log_command:Invoked command in '/home/eia/repo/rbi_2025_2/scara/scara_ws/build/scara_gz_bringup' returned '0': CMAKE_PREFIX_PATH=${CMAKE_PREFIX_PATH}:/home/eia/repo/rbi_2025_2/scara/scara_ws/install/scara_general_ik_solver:/home/eia/repo/rbi_2025_2/scara/scara_ws/install/scara_tf_generator:/home/eia/repo/rbi_2025_2/scara/scara_ws/install/scara_path_generator:/home/eia/repo/rbi_2025_2/scara/scara_ws/install/scara_path_controller:/home/eia/repo/rbi_2025_2/scara/scara_ws/install/scara_mujoco_python_sim:/home/eia/repo/rbi_2025_2/scara/scara_ws/install/scara_ik_solver:/home/eia/repo/rbi_2025_2/scara/scara_ws/install/premade_path_publisher:/opt/ros/humble /usr/bin/cmake --build /home/eia/repo/rbi_2025_2/scara/scara_ws/build/scara_gz_bringup -- -j12 -l12
[2.776s] DEBUG:colcon.colcon_core.event_handler.log_command:Invoking command in '/home/eia/repo/rbi_2025_2/scara/scara_ws/build/scara_gz_bringup': CMAKE_PREFIX_PATH=${CMAKE_PREFIX_PATH}:/home/eia/repo/rbi_2025_2/scara/scara_ws/install/scara_general_ik_solver:/home/eia/repo/rbi_2025_2/scara/scara_ws/install/scara_tf_generator:/home/eia/repo/rbi_2025_2/scara/scara_ws/install/scara_path_generator:/home/eia/repo/rbi_2025_2/scara/scara_ws/install/scara_path_controller:/home/eia/repo/rbi_2025_2/scara/scara_ws/install/scara_mujoco_python_sim:/home/eia/repo/rbi_2025_2/scara/scara_ws/install/scara_ik_solver:/home/eia/repo/rbi_2025_2/scara/scara_ws/install/premade_path_publisher:/opt/ros/humble /usr/bin/cmake --install /home/eia/repo/rbi_2025_2/scara/scara_ws/build/scara_gz_bringup
[2.777s] DEBUG:colcon.colcon_core.event_handler.log_command:Invoked command in '/home/eia/repo/rbi_2025_2/scara/scara_ws/build/scara_mujoco_description' returned '0': CMAKE_PREFIX_PATH=${CMAKE_PREFIX_PATH}:/home/eia/repo/rbi_2025_2/scara/scara_ws/install/scara_general_ik_solver:/home/eia/repo/rbi_2025_2/scara/scara_ws/install/scara_tf_generator:/home/eia/repo/rbi_2025_2/scara/scara_ws/install/scara_path_generator:/home/eia/repo/rbi_2025_2/scara/scara_ws/install/scara_path_controller:/home/eia/repo/rbi_2025_2/scara/scara_ws/install/scara_mujoco_python_sim:/home/eia/repo/rbi_2025_2/scara/scara_ws/install/scara_ik_solver:/home/eia/repo/rbi_2025_2/scara/scara_ws/install/premade_path_publisher:/opt/ros/humble /usr/bin/cmake --build /home/eia/repo/rbi_2025_2/scara/scara_ws/build/scara_mujoco_description -- -j12 -l12
[2.779s] DEBUG:colcon.colcon_core.event_handler.log_command:Invoking command in '/home/eia/repo/rbi_2025_2/scara/scara_ws/build/scara_mujoco_description': CMAKE_PREFIX_PATH=${CMAKE_PREFIX_PATH}:/home/eia/repo/rbi_2025_2/scara/scara_ws/install/scara_general_ik_solver:/home/eia/repo/rbi_2025_2/scara/scara_ws/install/scara_tf_generator:/home/eia/repo/rbi_2025_2/scara/scara_ws/install/scara_path_generator:/home/eia/repo/rbi_2025_2/scara/scara_ws/install/scara_path_controller:/home/eia/repo/rbi_2025_2/scara/scara_ws/install/scara_mujoco_python_sim:/home/eia/repo/rbi_2025_2/scara/scara_ws/install/scara_ik_solver:/home/eia/repo/rbi_2025_2/scara/scara_ws/install/premade_path_publisher:/opt/ros/humble /usr/bin/cmake --install /home/eia/repo/rbi_2025_2/scara/scara_ws/build/scara_mujoco_description
[2.781s] DEBUG:colcon.colcon_core.event_handler.log_command:Invoked command in '/home/eia/repo/rbi_2025_2/scara/scara_ws/build/scara_mujoco_bringup' returned '0': CMAKE_PREFIX_PATH=${CMAKE_PREFIX_PATH}:/home/eia/repo/rbi_2025_2/scara/scara_ws/install/scara_general_ik_solver:/home/eia/repo/rbi_2025_2/scara/scara_ws/install/scara_tf_generator:/home/eia/repo/rbi_2025_2/scara/scara_ws/install/scara_path_generator:/home/eia/repo/rbi_2025_2/scara/scara_ws/install/scara_path_controller:/home/eia/repo/rbi_2025_2/scara/scara_ws/install/scara_mujoco_python_sim:/home/eia/repo/rbi_2025_2/scara/scara_ws/install/scara_ik_solver:/home/eia/repo/rbi_2025_2/scara/scara_ws/install/premade_path_publisher:/opt/ros/humble /usr/bin/cmake --build /home/eia/repo/rbi_2025_2/scara/scara_ws/build/scara_mujoco_bringup -- -j12 -l12
[2.783s] DEBUG:colcon.colcon_core.event_handler.log_command:Invoking command in '/home/eia/repo/rbi_2025_2/scara/scara_ws/build/scara_mujoco_bringup': CMAKE_PREFIX_PATH=${CMAKE_PREFIX_PATH}:/home/eia/repo/rbi_2025_2/scara/scara_ws/install/scara_general_ik_solver:/home/eia/repo/rbi_2025_2/scara/scara_ws/install/scara_tf_generator:/home/eia/repo/rbi_2025_2/scara/scara_ws/install/scara_path_generator:/home/eia/repo/rbi_2025_2/scara/scara_ws/install/scara_path_controller:/home/eia/repo/rbi_2025_2/scara/scara_ws/install/scara_mujoco_python_sim:/home/eia/repo/rbi_2025_2/scara/scara_ws/install/scara_ik_solver:/home/eia/repo/rbi_2025_2/scara/scara_ws/install/premade_path_publisher:/opt/ros/humble /usr/bin/cmake --install /home/eia/repo/rbi_2025_2/scara/scara_ws/build/scara_mujoco_bringup
[2.785s] DEBUG:colcon.colcon_core.event_handler.log_command:Invoked command in '/home/eia/repo/rbi_2025_2/scara/scara_ws/build/scara_hardware_interface' returned '0': CMAKE_PREFIX_PATH=${CMAKE_PREFIX_PATH}:/home/eia/repo/rbi_2025_2/scara/scara_ws/install/scara_general_ik_solver:/home/eia/repo/rbi_2025_2/scara/scara_ws/install/scara_tf_generator:/home/eia/repo/rbi_2025_2/scara/scara_ws/install/scara_path_generator:/home/eia/repo/rbi_2025_2/scara/scara_ws/install/scara_path_controller:/home/eia/repo/rbi_2025_2/scara/scara_ws/install/scara_mujoco_python_sim:/home/eia/repo/rbi_2025_2/scara/scara_ws/install/scara_ik_solver:/home/eia/repo/rbi_2025_2/scara/scara_ws/install/premade_path_publisher:/opt/ros/humble /usr/bin/cmake --build /home/eia/repo/rbi_2025_2/scara/scara_ws/build/scara_hardware_interface -- -j12 -l12
[2.788s] DEBUG:colcon.colcon_core.event_handler.log_command:Invoking command in '/home/eia/repo/rbi_2025_2/scara/scara_ws/build/scara_hardware_interface': CMAKE_PREFIX_PATH=${CMAKE_PREFIX_PATH}:/home/eia/repo/rbi_2025_2/scara/scara_ws/install/scara_general_ik_solver:/home/eia/repo/rbi_2025_2/scara/scara_ws/install/scara_tf_generator:/home/eia/repo/rbi_2025_2/scara/scara_ws/install/scara_path_generator:/home/eia/repo/rbi_2025_2/scara/scara_ws/install/scara_path_controller:/home/eia/repo/rbi_2025_2/scara/scara_ws/install/scara_mujoco_python_sim:/home/eia/repo/rbi_2025_2/scara/scara_ws/install/scara_ik_solver:/home/eia/repo/rbi_2025_2/scara/scara_ws/install/premade_path_publisher:/opt/ros/humble /usr/bin/cmake --install /home/eia/repo/rbi_2025_2/scara/scara_ws/build/scara_hardware_interface
[2.832s] Level 1:colcon.colcon_core.environment:create_environment_scripts_only(scara_mujoco_description)
[2.839s] DEBUG:colcon.colcon_core.event_handler.log_command:Invoked command in '/home/eia/repo/rbi_2025_2/scara/scara_ws/build/scara_real_bringup' returned '0': CMAKE_PREFIX_PATH=${CMAKE_PREFIX_PATH}:/home/eia/repo/rbi_2025_2/scara/scara_ws/install/scara_general_ik_solver:/home/eia/repo/rbi_2025_2/scara/scara_ws/install/scara_tf_generator:/home/eia/repo/rbi_2025_2/scara/scara_ws/install/scara_path_generator:/home/eia/repo/rbi_2025_2/scara/scara_ws/install/scara_path_controller:/home/eia/repo/rbi_2025_2/scara/scara_ws/install/scara_mujoco_python_sim:/home/eia/repo/rbi_2025_2/scara/scara_ws/install/scara_ik_solver:/home/eia/repo/rbi_2025_2/scara/scara_ws/install/premade_path_publisher:/opt/ros/humble /usr/bin/cmake --build /home/eia/repo/rbi_2025_2/scara/scara_ws/build/scara_real_bringup -- -j12 -l12
[2.840s] DEBUG:colcon.colcon_core.event_handler.log_command:Invoking command in '/home/eia/repo/rbi_2025_2/scara/scara_ws/build/scara_real_bringup': CMAKE_PREFIX_PATH=${CMAKE_PREFIX_PATH}:/home/eia/repo/rbi_2025_2/scara/scara_ws/install/scara_general_ik_solver:/home/eia/repo/rbi_2025_2/scara/scara_ws/install/scara_tf_generator:/home/eia/repo/rbi_2025_2/scara/scara_ws/install/scara_path_generator:/home/eia/repo/rbi_2025_2/scara/scara_ws/install/scara_path_controller:/home/eia/repo/rbi_2025_2/scara/scara_ws/install/scara_mujoco_python_sim:/home/eia/repo/rbi_2025_2/scara/scara_ws/install/scara_ik_solver:/home/eia/repo/rbi_2025_2/scara/scara_ws/install/premade_path_publisher:/opt/ros/humble /usr/bin/cmake --install /home/eia/repo/rbi_2025_2/scara/scara_ws/build/scara_real_bringup
[2.841s] DEBUG:colcon.colcon_core.event_handler.log_command:Invoked command in '/home/eia/repo/rbi_2025_2/scara/scara_ws/build/scara_mujoco_description' returned '0': CMAKE_PREFIX_PATH=${CMAKE_PREFIX_PATH}:/home/eia/repo/rbi_2025_2/scara/scara_ws/install/scara_general_ik_solver:/home/eia/repo/rbi_2025_2/scara/scara_ws/install/scara_tf_generator:/home/eia/repo/rbi_2025_2/scara/scara_ws/install/scara_path_generator:/home/eia/repo/rbi_2025_2/scara/scara_ws/install/scara_path_controller:/home/eia/repo/rbi_2025_2/scara/scara_ws/install/scara_mujoco_python_sim:/home/eia/repo/rbi_2025_2/scara/scara_ws/install/scara_ik_solver:/home/eia/repo/rbi_2025_2/scara/scara_ws/install/premade_path_publisher:/opt/ros/humble /usr/bin/cmake --install /home/eia/repo/rbi_2025_2/scara/scara_ws/build/scara_mujoco_description
[2.845s] Level 1:colcon.colcon_core.environment:checking '/home/eia/repo/rbi_2025_2/scara/scara_ws/install/scara_mujoco_description' for CMake module files
[2.846s] Level 1:colcon.colcon_core.environment:checking '/home/eia/repo/rbi_2025_2/scara/scara_ws/install/scara_mujoco_description' for CMake config files
[2.847s] Level 1:colcon.colcon_core.shell:create_environment_hook('scara_mujoco_description', 'cmake_prefix_path')
[2.847s] INFO:colcon.colcon_core.shell:Creating environment hook '/home/eia/repo/rbi_2025_2/scara/scara_ws/install/scara_mujoco_description/share/scara_mujoco_description/hook/cmake_prefix_path.ps1'
[2.848s] INFO:colcon.colcon_core.shell:Creating environment descriptor '/home/eia/repo/rbi_2025_2/scara/scara_ws/install/scara_mujoco_description/share/scara_mujoco_description/hook/cmake_prefix_path.dsv'
[2.849s] INFO:colcon.colcon_core.shell:Creating environment hook '/home/eia/repo/rbi_2025_2/scara/scara_ws/install/scara_mujoco_description/share/scara_mujoco_description/hook/cmake_prefix_path.sh'
[2.850s] Level 1:colcon.colcon_core.environment:checking '/home/eia/repo/rbi_2025_2/scara/scara_ws/install/scara_mujoco_description/bin'
[2.851s] Level 1:colcon.colcon_core.environment:checking '/home/eia/repo/rbi_2025_2/scara/scara_ws/install/scara_mujoco_description/lib/pkgconfig/scara_mujoco_description.pc'
[2.851s] Level 1:colcon.colcon_core.environment:checking '/home/eia/repo/rbi_2025_2/scara/scara_ws/install/scara_mujoco_description/lib/python3.10/site-packages'
[2.852s] Level 1:colcon.colcon_core.environment:checking '/home/eia/repo/rbi_2025_2/scara/scara_ws/install/scara_mujoco_description/bin'
[2.852s] INFO:colcon.colcon_core.shell:Creating package script '/home/eia/repo/rbi_2025_2/scara/scara_ws/install/scara_mujoco_description/share/scara_mujoco_description/package.ps1'
[2.854s] INFO:colcon.colcon_core.shell:Creating package descriptor '/home/eia/repo/rbi_2025_2/scara/scara_ws/install/scara_mujoco_description/share/scara_mujoco_description/package.dsv'
[2.855s] INFO:colcon.colcon_core.shell:Creating package script '/home/eia/repo/rbi_2025_2/scara/scara_ws/install/scara_mujoco_description/share/scara_mujoco_description/package.sh'
[2.857s] INFO:colcon.colcon_core.shell:Creating package script '/home/eia/repo/rbi_2025_2/scara/scara_ws/install/scara_mujoco_description/share/scara_mujoco_description/package.bash'
[2.859s] INFO:colcon.colcon_core.shell:Creating package script '/home/eia/repo/rbi_2025_2/scara/scara_ws/install/scara_mujoco_description/share/scara_mujoco_description/package.zsh'
[2.860s] Level 1:colcon.colcon_core.environment:create_file_with_runtime_dependencies(/home/eia/repo/rbi_2025_2/scara/scara_ws/install/scara_mujoco_description/share/colcon-core/packages/scara_mujoco_description)
[2.862s] Level 1:colcon.colcon_core.environment:create_environment_scripts_only(scara_mujoco_description)
[2.862s] Level 1:colcon.colcon_core.environment:checking '/home/eia/repo/rbi_2025_2/scara/scara_ws/install/scara_mujoco_description' for CMake module files
[2.863s] Level 1:colcon.colcon_core.environment:checking '/home/eia/repo/rbi_2025_2/scara/scara_ws/install/scara_mujoco_description' for CMake config files
[2.864s] Level 1:colcon.colcon_core.shell:create_environment_hook('scara_mujoco_description', 'cmake_prefix_path')
[2.864s] INFO:colcon.colcon_core.shell:Creating environment hook '/home/eia/repo/rbi_2025_2/scara/scara_ws/install/scara_mujoco_description/share/scara_mujoco_description/hook/cmake_prefix_path.ps1'
[2.865s] INFO:colcon.colcon_core.shell:Creating environment descriptor '/home/eia/repo/rbi_2025_2/scara/scara_ws/install/scara_mujoco_description/share/scara_mujoco_description/hook/cmake_prefix_path.dsv'
[2.866s] INFO:colcon.colcon_core.shell:Creating environment hook '/home/eia/repo/rbi_2025_2/scara/scara_ws/install/scara_mujoco_description/share/scara_mujoco_description/hook/cmake_prefix_path.sh'
[2.867s] Level 1:colcon.colcon_core.environment:checking '/home/eia/repo/rbi_2025_2/scara/scara_ws/install/scara_mujoco_description/bin'
[2.867s] Level 1:colcon.colcon_core.environment:checking '/home/eia/repo/rbi_2025_2/scara/scara_ws/install/scara_mujoco_description/lib/pkgconfig/scara_mujoco_description.pc'
[2.868s] Level 1:colcon.colcon_core.environment:checking '/home/eia/repo/rbi_2025_2/scara/scara_ws/install/scara_mujoco_description/lib/python3.10/site-packages'
[2.868s] Level 1:colcon.colcon_core.environment:checking '/home/eia/repo/rbi_2025_2/scara/scara_ws/install/scara_mujoco_description/bin'
[2.869s] INFO:colcon.colcon_core.shell:Creating package script '/home/eia/repo/rbi_2025_2/scara/scara_ws/install/scara_mujoco_description/share/scara_mujoco_description/package.ps1'
[2.870s] INFO:colcon.colcon_core.shell:Creating package descriptor '/home/eia/repo/rbi_2025_2/scara/scara_ws/install/scara_mujoco_description/share/scara_mujoco_description/package.dsv'
[2.871s] INFO:colcon.colcon_core.shell:Creating package script '/home/eia/repo/rbi_2025_2/scara/scara_ws/install/scara_mujoco_description/share/scara_mujoco_description/package.sh'
[2.874s] INFO:colcon.colcon_core.shell:Creating package script '/home/eia/repo/rbi_2025_2/scara/scara_ws/install/scara_mujoco_description/share/scara_mujoco_description/package.bash'
[2.875s] INFO:colcon.colcon_core.shell:Creating package script '/home/eia/repo/rbi_2025_2/scara/scara_ws/install/scara_mujoco_description/share/scara_mujoco_description/package.zsh'
[2.876s] Level 1:colcon.colcon_core.environment:create_file_with_runtime_dependencies(/home/eia/repo/rbi_2025_2/scara/scara_ws/install/scara_mujoco_description/share/colcon-core/packages/scara_mujoco_description)
[2.876s] Level 1:colcon.colcon_core.environment:create_environment_scripts_only(scara_gz_description)
[2.877s] Level 1:colcon.colcon_core.environment:checking '/home/eia/repo/rbi_2025_2/scara/scara_ws/install/scara_gz_description' for CMake module files
[2.879s] DEBUG:colcon.colcon_core.event_handler.log_command:Invoked command in '/home/eia/repo/rbi_2025_2/scara/scara_ws/build/scara_gz_description' returned '0': CMAKE_PREFIX_PATH=${CMAKE_PREFIX_PATH}:/home/eia/repo/rbi_2025_2/scara/scara_ws/install/scara_general_ik_solver:/home/eia/repo/rbi_2025_2/scara/scara_ws/install/scara_tf_generator:/home/eia/repo/rbi_2025_2/scara/scara_ws/install/scara_path_generator:/home/eia/repo/rbi_2025_2/scara/scara_ws/install/scara_path_controller:/home/eia/repo/rbi_2025_2/scara/scara_ws/install/scara_mujoco_python_sim:/home/eia/repo/rbi_2025_2/scara/scara_ws/install/scara_ik_solver:/home/eia/repo/rbi_2025_2/scara/scara_ws/install/premade_path_publisher:/opt/ros/humble /usr/bin/cmake --install /home/eia/repo/rbi_2025_2/scara/scara_ws/build/scara_gz_description
[2.879s] Level 1:colcon.colcon_core.environment:checking '/home/eia/repo/rbi_2025_2/scara/scara_ws/install/scara_gz_description' for CMake config files
[2.880s] Level 1:colcon.colcon_core.shell:create_environment_hook('scara_gz_description', 'cmake_prefix_path')
[2.880s] INFO:colcon.colcon_core.shell:Creating environment hook '/home/eia/repo/rbi_2025_2/scara/scara_ws/install/scara_gz_description/share/scara_gz_description/hook/cmake_prefix_path.ps1'
[2.881s] INFO:colcon.colcon_core.shell:Creating environment descriptor '/home/eia/repo/rbi_2025_2/scara/scara_ws/install/scara_gz_description/share/scara_gz_description/hook/cmake_prefix_path.dsv'
[2.882s] INFO:colcon.colcon_core.shell:Creating environment hook '/home/eia/repo/rbi_2025_2/scara/scara_ws/install/scara_gz_description/share/scara_gz_description/hook/cmake_prefix_path.sh'
[2.883s] Level 1:colcon.colcon_core.environment:checking '/home/eia/repo/rbi_2025_2/scara/scara_ws/install/scara_gz_description/bin'
[2.883s] Level 1:colcon.colcon_core.environment:checking '/home/eia/repo/rbi_2025_2/scara/scara_ws/install/scara_gz_description/lib/pkgconfig/scara_gz_description.pc'
[2.884s] Level 1:colcon.colcon_core.environment:checking '/home/eia/repo/rbi_2025_2/scara/scara_ws/install/scara_gz_description/lib/python3.10/site-packages'
[2.884s] Level 1:colcon.colcon_core.environment:checking '/home/eia/repo/rbi_2025_2/scara/scara_ws/install/scara_gz_description/bin'
[2.885s] INFO:colcon.colcon_core.shell:Creating package script '/home/eia/repo/rbi_2025_2/scara/scara_ws/install/scara_gz_description/share/scara_gz_description/package.ps1'
[2.886s] INFO:colcon.colcon_core.shell:Creating package descriptor '/home/eia/repo/rbi_2025_2/scara/scara_ws/install/scara_gz_description/share/scara_gz_description/package.dsv'
[2.887s] INFO:colcon.colcon_core.shell:Creating package script '/home/eia/repo/rbi_2025_2/scara/scara_ws/install/scara_gz_description/share/scara_gz_description/package.sh'
[2.888s] INFO:colcon.colcon_core.shell:Creating package script '/home/eia/repo/rbi_2025_2/scara/scara_ws/install/scara_gz_description/share/scara_gz_description/package.bash'
[2.889s] INFO:colcon.colcon_core.shell:Creating package script '/home/eia/repo/rbi_2025_2/scara/scara_ws/install/scara_gz_description/share/scara_gz_description/package.zsh'
[2.889s] Level 1:colcon.colcon_core.environment:create_file_with_runtime_dependencies(/home/eia/repo/rbi_2025_2/scara/scara_ws/install/scara_gz_description/share/colcon-core/packages/scara_gz_description)
[2.890s] Level 1:colcon.colcon_core.environment:create_environment_scripts_only(scara_gz_description)
[2.891s] Level 1:colcon.colcon_core.environment:checking '/home/eia/repo/rbi_2025_2/scara/scara_ws/install/scara_gz_description' for CMake module files
[2.892s] Level 1:colcon.colcon_core.environment:checking '/home/eia/repo/rbi_2025_2/scara/scara_ws/install/scara_gz_description' for CMake config files
[2.893s] Level 1:colcon.colcon_core.shell:create_environment_hook('scara_gz_description', 'cmake_prefix_path')
[2.893s] INFO:colcon.colcon_core.shell:Creating environment hook '/home/eia/repo/rbi_2025_2/scara/scara_ws/install/scara_gz_description/share/scara_gz_description/hook/cmake_prefix_path.ps1'
[2.894s] INFO:colcon.colcon_core.shell:Creating environment descriptor '/home/eia/repo/rbi_2025_2/scara/scara_ws/install/scara_gz_description/share/scara_gz_description/hook/cmake_prefix_path.dsv'
[2.895s] INFO:colcon.colcon_core.shell:Creating environment hook '/home/eia/repo/rbi_2025_2/scara/scara_ws/install/scara_gz_description/share/scara_gz_description/hook/cmake_prefix_path.sh'
[2.896s] Level 1:colcon.colcon_core.environment:checking '/home/eia/repo/rbi_2025_2/scara/scara_ws/install/scara_gz_description/bin'
[2.896s] Level 1:colcon.colcon_core.environment:checking '/home/eia/repo/rbi_2025_2/scara/scara_ws/install/scara_gz_description/lib/pkgconfig/scara_gz_description.pc'
[2.897s] Level 1:colcon.colcon_core.environment:checking '/home/eia/repo/rbi_2025_2/scara/scara_ws/install/scara_gz_description/lib/python3.10/site-packages'
[2.897s] Level 1:colcon.colcon_core.environment:checking '/home/eia/repo/rbi_2025_2/scara/scara_ws/install/scara_gz_description/bin'
[2.898s] INFO:colcon.colcon_core.shell:Creating package script '/home/eia/repo/rbi_2025_2/scara/scara_ws/install/scara_gz_description/share/scara_gz_description/package.ps1'
[2.899s] INFO:colcon.colcon_core.shell:Creating package descriptor '/home/eia/repo/rbi_2025_2/scara/scara_ws/install/scara_gz_description/share/scara_gz_description/package.dsv'
[2.900s] INFO:colcon.colcon_core.shell:Creating package script '/home/eia/repo/rbi_2025_2/scara/scara_ws/install/scara_gz_description/share/scara_gz_description/package.sh'
[2.901s] INFO:colcon.colcon_core.shell:Creating package script '/home/eia/repo/rbi_2025_2/scara/scara_ws/install/scara_gz_description/share/scara_gz_description/package.bash'
[2.902s] INFO:colcon.colcon_core.shell:Creating package script '/home/eia/repo/rbi_2025_2/scara/scara_ws/install/scara_gz_description/share/scara_gz_description/package.zsh'
[2.903s] Level 1:colcon.colcon_core.environment:create_file_with_runtime_dependencies(/home/eia/repo/rbi_2025_2/scara/scara_ws/install/scara_gz_description/share/colcon-core/packages/scara_gz_description)
[2.904s] Level 1:colcon.colcon_core.environment:create_environment_scripts_only(scara_gz_bringup)
[2.904s] Level 1:colcon.colcon_core.environment:checking '/home/eia/repo/rbi_2025_2/scara/scara_ws/install/scara_gz_bringup' for CMake module files
[2.906s] DEBUG:colcon.colcon_core.event_handler.log_command:Invoked command in '/home/eia/repo/rbi_2025_2/scara/scara_ws/build/scara_gz_bringup' returned '0': CMAKE_PREFIX_PATH=${CMAKE_PREFIX_PATH}:/home/eia/repo/rbi_2025_2/scara/scara_ws/install/scara_general_ik_solver:/home/eia/repo/rbi_2025_2/scara/scara_ws/install/scara_tf_generator:/home/eia/repo/rbi_2025_2/scara/scara_ws/install/scara_path_generator:/home/eia/repo/rbi_2025_2/scara/scara_ws/install/scara_path_controller:/home/eia/repo/rbi_2025_2/scara/scara_ws/install/scara_mujoco_python_sim:/home/eia/repo/rbi_2025_2/scara/scara_ws/install/scara_ik_solver:/home/eia/repo/rbi_2025_2/scara/scara_ws/install/premade_path_publisher:/opt/ros/humble /usr/bin/cmake --install /home/eia/repo/rbi_2025_2/scara/scara_ws/build/scara_gz_bringup
[2.907s] Level 1:colcon.colcon_core.environment:checking '/home/eia/repo/rbi_2025_2/scara/scara_ws/install/scara_gz_bringup' for CMake config files
[2.907s] Level 1:colcon.colcon_core.shell:create_environment_hook('scara_gz_bringup', 'cmake_prefix_path')
[2.908s] INFO:colcon.colcon_core.shell:Creating environment hook '/home/eia/repo/rbi_2025_2/scara/scara_ws/install/scara_gz_bringup/share/scara_gz_bringup/hook/cmake_prefix_path.ps1'
[2.909s] INFO:colcon.colcon_core.shell:Creating environment descriptor '/home/eia/repo/rbi_2025_2/scara/scara_ws/install/scara_gz_bringup/share/scara_gz_bringup/hook/cmake_prefix_path.dsv'
[2.910s] INFO:colcon.colcon_core.shell:Creating environment hook '/home/eia/repo/rbi_2025_2/scara/scara_ws/install/scara_gz_bringup/share/scara_gz_bringup/hook/cmake_prefix_path.sh'
[2.911s] Level 1:colcon.colcon_core.environment:checking '/home/eia/repo/rbi_2025_2/scara/scara_ws/install/scara_gz_bringup/bin'
[2.911s] Level 1:colcon.colcon_core.environment:checking '/home/eia/repo/rbi_2025_2/scara/scara_ws/install/scara_gz_bringup/lib/pkgconfig/scara_gz_bringup.pc'
[2.912s] Level 1:colcon.colcon_core.environment:checking '/home/eia/repo/rbi_2025_2/scara/scara_ws/install/scara_gz_bringup/lib/python3.10/site-packages'
[2.912s] Level 1:colcon.colcon_core.environment:checking '/home/eia/repo/rbi_2025_2/scara/scara_ws/install/scara_gz_bringup/bin'
[2.913s] INFO:colcon.colcon_core.shell:Creating package script '/home/eia/repo/rbi_2025_2/scara/scara_ws/install/scara_gz_bringup/share/scara_gz_bringup/package.ps1'
[2.914s] INFO:colcon.colcon_core.shell:Creating package descriptor '/home/eia/repo/rbi_2025_2/scara/scara_ws/install/scara_gz_bringup/share/scara_gz_bringup/package.dsv'
[2.915s] INFO:colcon.colcon_core.shell:Creating package script '/home/eia/repo/rbi_2025_2/scara/scara_ws/install/scara_gz_bringup/share/scara_gz_bringup/package.sh'
[2.916s] INFO:colcon.colcon_core.shell:Creating package script '/home/eia/repo/rbi_2025_2/scara/scara_ws/install/scara_gz_bringup/share/scara_gz_bringup/package.bash'
[2.917s] INFO:colcon.colcon_core.shell:Creating package script '/home/eia/repo/rbi_2025_2/scara/scara_ws/install/scara_gz_bringup/share/scara_gz_bringup/package.zsh'
[2.918s] Level 1:colcon.colcon_core.environment:create_file_with_runtime_dependencies(/home/eia/repo/rbi_2025_2/scara/scara_ws/install/scara_gz_bringup/share/colcon-core/packages/scara_gz_bringup)
[2.919s] Level 1:colcon.colcon_core.environment:create_environment_scripts_only(scara_gz_bringup)
[2.919s] Level 1:colcon.colcon_core.environment:checking '/home/eia/repo/rbi_2025_2/scara/scara_ws/install/scara_gz_bringup' for CMake module files
[2.920s] Level 1:colcon.colcon_core.environment:checking '/home/eia/repo/rbi_2025_2/scara/scara_ws/install/scara_gz_bringup' for CMake config files
[2.921s] Level 1:colcon.colcon_core.shell:create_environment_hook('scara_gz_bringup', 'cmake_prefix_path')
[2.922s] INFO:colcon.colcon_core.shell:Creating environment hook '/home/eia/repo/rbi_2025_2/scara/scara_ws/install/scara_gz_bringup/share/scara_gz_bringup/hook/cmake_prefix_path.ps1'
[2.923s] INFO:colcon.colcon_core.shell:Creating environment descriptor '/home/eia/repo/rbi_2025_2/scara/scara_ws/install/scara_gz_bringup/share/scara_gz_bringup/hook/cmake_prefix_path.dsv'
[2.923s] INFO:colcon.colcon_core.shell:Creating environment hook '/home/eia/repo/rbi_2025_2/scara/scara_ws/install/scara_gz_bringup/share/scara_gz_bringup/hook/cmake_prefix_path.sh'
[2.925s] Level 1:colcon.colcon_core.environment:checking '/home/eia/repo/rbi_2025_2/scara/scara_ws/install/scara_gz_bringup/bin'
[2.925s] Level 1:colcon.colcon_core.environment:checking '/home/eia/repo/rbi_2025_2/scara/scara_ws/install/scara_gz_bringup/lib/pkgconfig/scara_gz_bringup.pc'
[2.925s] Level 1:colcon.colcon_core.environment:checking '/home/eia/repo/rbi_2025_2/scara/scara_ws/install/scara_gz_bringup/lib/python3.10/site-packages'
[2.926s] Level 1:colcon.colcon_core.environment:checking '/home/eia/repo/rbi_2025_2/scara/scara_ws/install/scara_gz_bringup/bin'
[2.927s] INFO:colcon.colcon_core.shell:Creating package script '/home/eia/repo/rbi_2025_2/scara/scara_ws/install/scara_gz_bringup/share/scara_gz_bringup/package.ps1'
[2.928s] INFO:colcon.colcon_core.shell:Creating package descriptor '/home/eia/repo/rbi_2025_2/scara/scara_ws/install/scara_gz_bringup/share/scara_gz_bringup/package.dsv'
[2.929s] INFO:colcon.colcon_core.shell:Creating package script '/home/eia/repo/rbi_2025_2/scara/scara_ws/install/scara_gz_bringup/share/scara_gz_bringup/package.sh'
[2.930s] INFO:colcon.colcon_core.shell:Creating package script '/home/eia/repo/rbi_2025_2/scara/scara_ws/install/scara_gz_bringup/share/scara_gz_bringup/package.bash'
[2.931s] INFO:colcon.colcon_core.shell:Creating package script '/home/eia/repo/rbi_2025_2/scara/scara_ws/install/scara_gz_bringup/share/scara_gz_bringup/package.zsh'
[2.931s] Level 1:colcon.colcon_core.environment:create_file_with_runtime_dependencies(/home/eia/repo/rbi_2025_2/scara/scara_ws/install/scara_gz_bringup/share/colcon-core/packages/scara_gz_bringup)
[2.932s] Level 1:colcon.colcon_core.environment:create_environment_scripts_only(scara_mujoco_bringup)
[2.933s] Level 1:colcon.colcon_core.environment:checking '/home/eia/repo/rbi_2025_2/scara/scara_ws/install/scara_mujoco_bringup' for CMake module files
[2.935s] DEBUG:colcon.colcon_core.event_handler.log_command:Invoked command in '/home/eia/repo/rbi_2025_2/scara/scara_ws/build/scara_mujoco_bringup' returned '0': CMAKE_PREFIX_PATH=${CMAKE_PREFIX_PATH}:/home/eia/repo/rbi_2025_2/scara/scara_ws/install/scara_general_ik_solver:/home/eia/repo/rbi_2025_2/scara/scara_ws/install/scara_tf_generator:/home/eia/repo/rbi_2025_2/scara/scara_ws/install/scara_path_generator:/home/eia/repo/rbi_2025_2/scara/scara_ws/install/scara_path_controller:/home/eia/repo/rbi_2025_2/scara/scara_ws/install/scara_mujoco_python_sim:/home/eia/repo/rbi_2025_2/scara/scara_ws/install/scara_ik_solver:/home/eia/repo/rbi_2025_2/scara/scara_ws/install/premade_path_publisher:/opt/ros/humble /usr/bin/cmake --install /home/eia/repo/rbi_2025_2/scara/scara_ws/build/scara_mujoco_bringup
[2.935s] Level 1:colcon.colcon_core.environment:checking '/home/eia/repo/rbi_2025_2/scara/scara_ws/install/scara_mujoco_bringup' for CMake config files
[2.936s] Level 1:colcon.colcon_core.shell:create_environment_hook('scara_mujoco_bringup', 'cmake_prefix_path')
[2.936s] INFO:colcon.colcon_core.shell:Creating environment hook '/home/eia/repo/rbi_2025_2/scara/scara_ws/install/scara_mujoco_bringup/share/scara_mujoco_bringup/hook/cmake_prefix_path.ps1'
[2.937s] INFO:colcon.colcon_core.shell:Creating environment descriptor '/home/eia/repo/rbi_2025_2/scara/scara_ws/install/scara_mujoco_bringup/share/scara_mujoco_bringup/hook/cmake_prefix_path.dsv'
[2.938s] INFO:colcon.colcon_core.shell:Creating environment hook '/home/eia/repo/rbi_2025_2/scara/scara_ws/install/scara_mujoco_bringup/share/scara_mujoco_bringup/hook/cmake_prefix_path.sh'
[2.939s] Level 1:colcon.colcon_core.environment:checking '/home/eia/repo/rbi_2025_2/scara/scara_ws/install/scara_mujoco_bringup/bin'
[2.939s] Level 1:colcon.colcon_core.environment:checking '/home/eia/repo/rbi_2025_2/scara/scara_ws/install/scara_mujoco_bringup/lib/pkgconfig/scara_mujoco_bringup.pc'
[2.940s] Level 1:colcon.colcon_core.environment:checking '/home/eia/repo/rbi_2025_2/scara/scara_ws/install/scara_mujoco_bringup/lib/python3.10/site-packages'
[2.940s] Level 1:colcon.colcon_core.environment:checking '/home/eia/repo/rbi_2025_2/scara/scara_ws/install/scara_mujoco_bringup/bin'
[2.941s] INFO:colcon.colcon_core.shell:Creating package script '/home/eia/repo/rbi_2025_2/scara/scara_ws/install/scara_mujoco_bringup/share/scara_mujoco_bringup/package.ps1'
[2.942s] INFO:colcon.colcon_core.shell:Creating package descriptor '/home/eia/repo/rbi_2025_2/scara/scara_ws/install/scara_mujoco_bringup/share/scara_mujoco_bringup/package.dsv'
[2.943s] INFO:colcon.colcon_core.shell:Creating package script '/home/eia/repo/rbi_2025_2/scara/scara_ws/install/scara_mujoco_bringup/share/scara_mujoco_bringup/package.sh'
[2.944s] INFO:colcon.colcon_core.shell:Creating package script '/home/eia/repo/rbi_2025_2/scara/scara_ws/install/scara_mujoco_bringup/share/scara_mujoco_bringup/package.bash'
[2.945s] INFO:colcon.colcon_core.shell:Creating package script '/home/eia/repo/rbi_2025_2/scara/scara_ws/install/scara_mujoco_bringup/share/scara_mujoco_bringup/package.zsh'
[2.946s] Level 1:colcon.colcon_core.environment:create_file_with_runtime_dependencies(/home/eia/repo/rbi_2025_2/scara/scara_ws/install/scara_mujoco_bringup/share/colcon-core/packages/scara_mujoco_bringup)
[2.947s] Level 1:colcon.colcon_core.environment:create_environment_scripts_only(scara_mujoco_bringup)
[2.948s] Level 1:colcon.colcon_core.environment:checking '/home/eia/repo/rbi_2025_2/scara/scara_ws/install/scara_mujoco_bringup' for CMake module files
[2.949s] Level 1:colcon.colcon_core.environment:checking '/home/eia/repo/rbi_2025_2/scara/scara_ws/install/scara_mujoco_bringup' for CMake config files
[2.949s] Level 1:colcon.colcon_core.shell:create_environment_hook('scara_mujoco_bringup', 'cmake_prefix_path')
[2.950s] INFO:colcon.colcon_core.shell:Creating environment hook '/home/eia/repo/rbi_2025_2/scara/scara_ws/install/scara_mujoco_bringup/share/scara_mujoco_bringup/hook/cmake_prefix_path.ps1'
[2.951s] INFO:colcon.colcon_core.shell:Creating environment descriptor '/home/eia/repo/rbi_2025_2/scara/scara_ws/install/scara_mujoco_bringup/share/scara_mujoco_bringup/hook/cmake_prefix_path.dsv'
[2.952s] INFO:colcon.colcon_core.shell:Creating environment hook '/home/eia/repo/rbi_2025_2/scara/scara_ws/install/scara_mujoco_bringup/share/scara_mujoco_bringup/hook/cmake_prefix_path.sh'
[2.953s] Level 1:colcon.colcon_core.environment:checking '/home/eia/repo/rbi_2025_2/scara/scara_ws/install/scara_mujoco_bringup/bin'
[2.953s] Level 1:colcon.colcon_core.environment:checking '/home/eia/repo/rbi_2025_2/scara/scara_ws/install/scara_mujoco_bringup/lib/pkgconfig/scara_mujoco_bringup.pc'
[2.954s] Level 1:colcon.colcon_core.environment:checking '/home/eia/repo/rbi_2025_2/scara/scara_ws/install/scara_mujoco_bringup/lib/python3.10/site-packages'
[2.954s] Level 1:colcon.colcon_core.environment:checking '/home/eia/repo/rbi_2025_2/scara/scara_ws/install/scara_mujoco_bringup/bin'
[2.955s] INFO:colcon.colcon_core.shell:Creating package script '/home/eia/repo/rbi_2025_2/scara/scara_ws/install/scara_mujoco_bringup/share/scara_mujoco_bringup/package.ps1'
[2.956s] INFO:colcon.colcon_core.shell:Creating package descriptor '/home/eia/repo/rbi_2025_2/scara/scara_ws/install/scara_mujoco_bringup/share/scara_mujoco_bringup/package.dsv'
[2.957s] INFO:colcon.colcon_core.shell:Creating package script '/home/eia/repo/rbi_2025_2/scara/scara_ws/install/scara_mujoco_bringup/share/scara_mujoco_bringup/package.sh'
[2.958s] INFO:colcon.colcon_core.shell:Creating package script '/home/eia/repo/rbi_2025_2/scara/scara_ws/install/scara_mujoco_bringup/share/scara_mujoco_bringup/package.bash'
[2.959s] INFO:colcon.colcon_core.shell:Creating package script '/home/eia/repo/rbi_2025_2/scara/scara_ws/install/scara_mujoco_bringup/share/scara_mujoco_bringup/package.zsh'
[2.960s] Level 1:colcon.colcon_core.environment:create_file_with_runtime_dependencies(/home/eia/repo/rbi_2025_2/scara/scara_ws/install/scara_mujoco_bringup/share/colcon-core/packages/scara_mujoco_bringup)
[2.962s] INFO:colcon.colcon_ros.task.ament_cmake.build:Building ROS package in '/home/eia/repo/rbi_2025_2/scara/scara_ws/src/scara_real_description' with build type 'ament_cmake'
[2.962s] INFO:colcon.colcon_cmake.task.cmake.build:Building CMake package in '/home/eia/repo/rbi_2025_2/scara/scara_ws/src/scara_real_description'
[2.962s] INFO:colcon.colcon_core.shell:Skip shell extension 'powershell' for command environment: Not usable outside of PowerShell
[2.963s] DEBUG:colcon.colcon_core.shell:Skip shell extension 'dsv' for command environment
[2.977s] INFO:colcon.colcon_ros.task.ament_python.build:Building ROS package in '/home/eia/repo/rbi_2025_2/scara/scara_ws/src/scara_tf_generator' with build type 'ament_python'
[2.977s] Level 1:colcon.colcon_core.shell:create_environment_hook('scara_tf_generator', 'ament_prefix_path')
[2.978s] INFO:colcon.colcon_core.shell:Creating environment hook '/home/eia/repo/rbi_2025_2/scara/scara_ws/install/scara_tf_generator/share/scara_tf_generator/hook/ament_prefix_path.ps1'
[2.979s] INFO:colcon.colcon_core.shell:Creating environment descriptor '/home/eia/repo/rbi_2025_2/scara/scara_ws/install/scara_tf_generator/share/scara_tf_generator/hook/ament_prefix_path.dsv'
[2.980s] INFO:colcon.colcon_core.shell:Creating environment hook '/home/eia/repo/rbi_2025_2/scara/scara_ws/install/scara_tf_generator/share/scara_tf_generator/hook/ament_prefix_path.sh'
[2.981s] INFO:colcon.colcon_core.shell:Skip shell extension 'powershell' for command environment: Not usable outside of PowerShell
[2.981s] DEBUG:colcon.colcon_core.shell:Skip shell extension 'dsv' for command environment
[2.991s] Level 1:colcon.colcon_core.environment:create_environment_scripts_only(scara_hardware_interface)
[2.992s] Level 1:colcon.colcon_core.environment:checking '/home/eia/repo/rbi_2025_2/scara/scara_ws/install/scara_hardware_interface' for CMake module files
[2.993s] DEBUG:colcon.colcon_core.event_handler.log_command:Invoked command in '/home/eia/repo/rbi_2025_2/scara/scara_ws/build/scara_hardware_interface' returned '0': CMAKE_PREFIX_PATH=${CMAKE_PREFIX_PATH}:/home/eia/repo/rbi_2025_2/scara/scara_ws/install/scara_general_ik_solver:/home/eia/repo/rbi_2025_2/scara/scara_ws/install/scara_tf_generator:/home/eia/repo/rbi_2025_2/scara/scara_ws/install/scara_path_generator:/home/eia/repo/rbi_2025_2/scara/scara_ws/install/scara_path_controller:/home/eia/repo/rbi_2025_2/scara/scara_ws/install/scara_mujoco_python_sim:/home/eia/repo/rbi_2025_2/scara/scara_ws/install/scara_ik_solver:/home/eia/repo/rbi_2025_2/scara/scara_ws/install/premade_path_publisher:/opt/ros/humble /usr/bin/cmake --install /home/eia/repo/rbi_2025_2/scara/scara_ws/build/scara_hardware_interface
[2.994s] Level 1:colcon.colcon_core.environment:checking '/home/eia/repo/rbi_2025_2/scara/scara_ws/install/scara_hardware_interface' for CMake config files
[2.995s] Level 1:colcon.colcon_core.shell:create_environment_hook('scara_hardware_interface', 'cmake_prefix_path')
[2.995s] INFO:colcon.colcon_core.shell:Creating environment hook '/home/eia/repo/rbi_2025_2/scara/scara_ws/install/scara_hardware_interface/share/scara_hardware_interface/hook/cmake_prefix_path.ps1'
[2.996s] INFO:colcon.colcon_core.shell:Creating environment descriptor '/home/eia/repo/rbi_2025_2/scara/scara_ws/install/scara_hardware_interface/share/scara_hardware_interface/hook/cmake_prefix_path.dsv'
[2.997s] INFO:colcon.colcon_core.shell:Creating environment hook '/home/eia/repo/rbi_2025_2/scara/scara_ws/install/scara_hardware_interface/share/scara_hardware_interface/hook/cmake_prefix_path.sh'
[2.998s] Level 1:colcon.colcon_core.environment:checking '/home/eia/repo/rbi_2025_2/scara/scara_ws/install/scara_hardware_interface/lib'
[2.998s] Level 1:colcon.colcon_core.shell:create_environment_hook('scara_hardware_interface', 'ld_library_path_lib')
[2.999s] INFO:colcon.colcon_core.shell:Creating environment hook '/home/eia/repo/rbi_2025_2/scara/scara_ws/install/scara_hardware_interface/share/scara_hardware_interface/hook/ld_library_path_lib.ps1'
[3.000s] INFO:colcon.colcon_core.shell:Creating environment descriptor '/home/eia/repo/rbi_2025_2/scara/scara_ws/install/scara_hardware_interface/share/scara_hardware_interface/hook/ld_library_path_lib.dsv'
[3.001s] INFO:colcon.colcon_core.shell:Creating environment hook '/home/eia/repo/rbi_2025_2/scara/scara_ws/install/scara_hardware_interface/share/scara_hardware_interface/hook/ld_library_path_lib.sh'
[3.002s] Level 1:colcon.colcon_core.environment:checking '/home/eia/repo/rbi_2025_2/scara/scara_ws/install/scara_hardware_interface/bin'
[3.002s] Level 1:colcon.colcon_core.environment:checking '/home/eia/repo/rbi_2025_2/scara/scara_ws/install/scara_hardware_interface/lib/pkgconfig/scara_hardware_interface.pc'
[3.002s] Level 1:colcon.colcon_core.environment:checking '/home/eia/repo/rbi_2025_2/scara/scara_ws/install/scara_hardware_interface/lib/python3.10/site-packages'
[3.003s] Level 1:colcon.colcon_core.environment:checking '/home/eia/repo/rbi_2025_2/scara/scara_ws/install/scara_hardware_interface/bin'
[3.004s] INFO:colcon.colcon_core.shell:Creating package script '/home/eia/repo/rbi_2025_2/scara/scara_ws/install/scara_hardware_interface/share/scara_hardware_interface/package.ps1'
[3.005s] INFO:colcon.colcon_core.shell:Creating package descriptor '/home/eia/repo/rbi_2025_2/scara/scara_ws/install/scara_hardware_interface/share/scara_hardware_interface/package.dsv'
[3.006s] INFO:colcon.colcon_core.shell:Creating package script '/home/eia/repo/rbi_2025_2/scara/scara_ws/install/scara_hardware_interface/share/scara_hardware_interface/package.sh'
[3.007s] INFO:colcon.colcon_core.shell:Creating package script '/home/eia/repo/rbi_2025_2/scara/scara_ws/install/scara_hardware_interface/share/scara_hardware_interface/package.bash'
[3.008s] INFO:colcon.colcon_core.shell:Creating package script '/home/eia/repo/rbi_2025_2/scara/scara_ws/install/scara_hardware_interface/share/scara_hardware_interface/package.zsh'
[3.009s] Level 1:colcon.colcon_core.environment:create_file_with_runtime_dependencies(/home/eia/repo/rbi_2025_2/scara/scara_ws/install/scara_hardware_interface/share/colcon-core/packages/scara_hardware_interface)
[3.010s] Level 1:colcon.colcon_core.environment:create_environment_scripts_only(scara_hardware_interface)
[3.011s] Level 1:colcon.colcon_core.environment:checking '/home/eia/repo/rbi_2025_2/scara/scara_ws/install/scara_hardware_interface' for CMake module files
[3.012s] Level 1:colcon.colcon_core.environment:checking '/home/eia/repo/rbi_2025_2/scara/scara_ws/install/scara_hardware_interface' for CMake config files
[3.012s] Level 1:colcon.colcon_core.shell:create_environment_hook('scara_hardware_interface', 'cmake_prefix_path')
[3.013s] INFO:colcon.colcon_core.shell:Creating environment hook '/home/eia/repo/rbi_2025_2/scara/scara_ws/install/scara_hardware_interface/share/scara_hardware_interface/hook/cmake_prefix_path.ps1'
[3.014s] INFO:colcon.colcon_core.shell:Creating environment descriptor '/home/eia/repo/rbi_2025_2/scara/scara_ws/install/scara_hardware_interface/share/scara_hardware_interface/hook/cmake_prefix_path.dsv'
[3.014s] INFO:colcon.colcon_core.shell:Creating environment hook '/home/eia/repo/rbi_2025_2/scara/scara_ws/install/scara_hardware_interface/share/scara_hardware_interface/hook/cmake_prefix_path.sh'
[3.015s] Level 1:colcon.colcon_core.environment:checking '/home/eia/repo/rbi_2025_2/scara/scara_ws/install/scara_hardware_interface/lib'
[3.016s] Level 1:colcon.colcon_core.shell:create_environment_hook('scara_hardware_interface', 'ld_library_path_lib')
[3.016s] INFO:colcon.colcon_core.shell:Creating environment hook '/home/eia/repo/rbi_2025_2/scara/scara_ws/install/scara_hardware_interface/share/scara_hardware_interface/hook/ld_library_path_lib.ps1'
[3.017s] INFO:colcon.colcon_core.shell:Creating environment descriptor '/home/eia/repo/rbi_2025_2/scara/scara_ws/install/scara_hardware_interface/share/scara_hardware_interface/hook/ld_library_path_lib.dsv'
[3.018s] INFO:colcon.colcon_core.shell:Creating environment hook '/home/eia/repo/rbi_2025_2/scara/scara_ws/install/scara_hardware_interface/share/scara_hardware_interface/hook/ld_library_path_lib.sh'
[3.019s] Level 1:colcon.colcon_core.environment:checking '/home/eia/repo/rbi_2025_2/scara/scara_ws/install/scara_hardware_interface/bin'
[3.019s] Level 1:colcon.colcon_core.environment:checking '/home/eia/repo/rbi_2025_2/scara/scara_ws/install/scara_hardware_interface/lib/pkgconfig/scara_hardware_interface.pc'
[3.020s] Level 1:colcon.colcon_core.environment:checking '/home/eia/repo/rbi_2025_2/scara/scara_ws/install/scara_hardware_interface/lib/python3.10/site-packages'
[3.020s] Level 1:colcon.colcon_core.environment:checking '/home/eia/repo/rbi_2025_2/scara/scara_ws/install/scara_hardware_interface/bin'
[3.021s] INFO:colcon.colcon_core.shell:Creating package script '/home/eia/repo/rbi_2025_2/scara/scara_ws/install/scara_hardware_interface/share/scara_hardware_interface/package.ps1'
[3.022s] INFO:colcon.colcon_core.shell:Creating package descriptor '/home/eia/repo/rbi_2025_2/scara/scara_ws/install/scara_hardware_interface/share/scara_hardware_interface/package.dsv'
[3.023s] INFO:colcon.colcon_core.shell:Creating package script '/home/eia/repo/rbi_2025_2/scara/scara_ws/install/scara_hardware_interface/share/scara_hardware_interface/package.sh'
[3.025s] INFO:colcon.colcon_core.shell:Creating package script '/home/eia/repo/rbi_2025_2/scara/scara_ws/install/scara_hardware_interface/share/scara_hardware_interface/package.bash'
[3.026s] INFO:colcon.colcon_core.shell:Creating package script '/home/eia/repo/rbi_2025_2/scara/scara_ws/install/scara_hardware_interface/share/scara_hardware_interface/package.zsh'
[3.027s] Level 1:colcon.colcon_core.environment:create_file_with_runtime_dependencies(/home/eia/repo/rbi_2025_2/scara/scara_ws/install/scara_hardware_interface/share/colcon-core/packages/scara_hardware_interface)
[3.029s] Level 1:colcon.colcon_core.environment:create_environment_scripts_only(scara_real_bringup)
[3.030s] Level 1:colcon.colcon_core.environment:checking '/home/eia/repo/rbi_2025_2/scara/scara_ws/install/scara_real_bringup' for CMake module files
[3.031s] DEBUG:colcon.colcon_core.event_handler.log_command:Invoked command in '/home/eia/repo/rbi_2025_2/scara/scara_ws/build/scara_real_bringup' returned '0': CMAKE_PREFIX_PATH=${CMAKE_PREFIX_PATH}:/home/eia/repo/rbi_2025_2/scara/scara_ws/install/scara_general_ik_solver:/home/eia/repo/rbi_2025_2/scara/scara_ws/install/scara_tf_generator:/home/eia/repo/rbi_2025_2/scara/scara_ws/install/scara_path_generator:/home/eia/repo/rbi_2025_2/scara/scara_ws/install/scara_path_controller:/home/eia/repo/rbi_2025_2/scara/scara_ws/install/scara_mujoco_python_sim:/home/eia/repo/rbi_2025_2/scara/scara_ws/install/scara_ik_solver:/home/eia/repo/rbi_2025_2/scara/scara_ws/install/premade_path_publisher:/opt/ros/humble /usr/bin/cmake --install /home/eia/repo/rbi_2025_2/scara/scara_ws/build/scara_real_bringup
[3.031s] Level 1:colcon.colcon_core.environment:checking '/home/eia/repo/rbi_2025_2/scara/scara_ws/install/scara_real_bringup' for CMake config files
[3.032s] Level 1:colcon.colcon_core.shell:create_environment_hook('scara_real_bringup', 'cmake_prefix_path')
[3.032s] INFO:colcon.colcon_core.shell:Creating environment hook '/home/eia/repo/rbi_2025_2/scara/scara_ws/install/scara_real_bringup/share/scara_real_bringup/hook/cmake_prefix_path.ps1'
[3.034s] INFO:colcon.colcon_core.shell:Creating environment descriptor '/home/eia/repo/rbi_2025_2/scara/scara_ws/install/scara_real_bringup/share/scara_real_bringup/hook/cmake_prefix_path.dsv'
[3.034s] INFO:colcon.colcon_core.shell:Creating environment hook '/home/eia/repo/rbi_2025_2/scara/scara_ws/install/scara_real_bringup/share/scara_real_bringup/hook/cmake_prefix_path.sh'
[3.036s] Level 1:colcon.colcon_core.environment:checking '/home/eia/repo/rbi_2025_2/scara/scara_ws/install/scara_real_bringup/bin'
[3.036s] Level 1:colcon.colcon_core.environment:checking '/home/eia/repo/rbi_2025_2/scara/scara_ws/install/scara_real_bringup/lib/pkgconfig/scara_real_bringup.pc'
[3.036s] Level 1:colcon.colcon_core.environment:checking '/home/eia/repo/rbi_2025_2/scara/scara_ws/install/scara_real_bringup/lib/python3.10/site-packages'
[3.037s] Level 1:colcon.colcon_core.environment:checking '/home/eia/repo/rbi_2025_2/scara/scara_ws/install/scara_real_bringup/bin'
[3.038s] INFO:colcon.colcon_core.shell:Creating package script '/home/eia/repo/rbi_2025_2/scara/scara_ws/install/scara_real_bringup/share/scara_real_bringup/package.ps1'
[3.039s] INFO:colcon.colcon_core.shell:Creating package descriptor '/home/eia/repo/rbi_2025_2/scara/scara_ws/install/scara_real_bringup/share/scara_real_bringup/package.dsv'
[3.040s] INFO:colcon.colcon_core.shell:Creating package script '/home/eia/repo/rbi_2025_2/scara/scara_ws/install/scara_real_bringup/share/scara_real_bringup/package.sh'
[3.040s] INFO:colcon.colcon_core.shell:Creating package script '/home/eia/repo/rbi_2025_2/scara/scara_ws/install/scara_real_bringup/share/scara_real_bringup/package.bash'
[3.041s] INFO:colcon.colcon_core.shell:Creating package script '/home/eia/repo/rbi_2025_2/scara/scara_ws/install/scara_real_bringup/share/scara_real_bringup/package.zsh'
[3.042s] Level 1:colcon.colcon_core.environment:create_file_with_runtime_dependencies(/home/eia/repo/rbi_2025_2/scara/scara_ws/install/scara_real_bringup/share/colcon-core/packages/scara_real_bringup)
[3.043s] Level 1:colcon.colcon_core.environment:create_environment_scripts_only(scara_real_bringup)
[3.044s] Level 1:colcon.colcon_core.environment:checking '/home/eia/repo/rbi_2025_2/scara/scara_ws/install/scara_real_bringup' for CMake module files
[3.045s] Level 1:colcon.colcon_core.environment:checking '/home/eia/repo/rbi_2025_2/scara/scara_ws/install/scara_real_bringup' for CMake config files
[3.045s] Level 1:colcon.colcon_core.shell:create_environment_hook('scara_real_bringup', 'cmake_prefix_path')
[3.046s] INFO:colcon.colcon_core.shell:Creating environment hook '/home/eia/repo/rbi_2025_2/scara/scara_ws/install/scara_real_bringup/share/scara_real_bringup/hook/cmake_prefix_path.ps1'
[3.047s] INFO:colcon.colcon_core.shell:Creating environment descriptor '/home/eia/repo/rbi_2025_2/scara/scara_ws/install/scara_real_bringup/share/scara_real_bringup/hook/cmake_prefix_path.dsv'
[3.047s] INFO:colcon.colcon_core.shell:Creating environment hook '/home/eia/repo/rbi_2025_2/scara/scara_ws/install/scara_real_bringup/share/scara_real_bringup/hook/cmake_prefix_path.sh'
[3.048s] Level 1:colcon.colcon_core.environment:checking '/home/eia/repo/rbi_2025_2/scara/scara_ws/install/scara_real_bringup/bin'
[3.049s] Level 1:colcon.colcon_core.environment:checking '/home/eia/repo/rbi_2025_2/scara/scara_ws/install/scara_real_bringup/lib/pkgconfig/scara_real_bringup.pc'
[3.049s] Level 1:colcon.colcon_core.environment:checking '/home/eia/repo/rbi_2025_2/scara/scara_ws/install/scara_real_bringup/lib/python3.10/site-packages'
[3.050s] Level 1:colcon.colcon_core.environment:checking '/home/eia/repo/rbi_2025_2/scara/scara_ws/install/scara_real_bringup/bin'
[3.051s] INFO:colcon.colcon_core.shell:Creating package script '/home/eia/repo/rbi_2025_2/scara/scara_ws/install/scara_real_bringup/share/scara_real_bringup/package.ps1'
[3.052s] INFO:colcon.colcon_core.shell:Creating package descriptor '/home/eia/repo/rbi_2025_2/scara/scara_ws/install/scara_real_bringup/share/scara_real_bringup/package.dsv'
[3.053s] INFO:colcon.colcon_core.shell:Creating package script '/home/eia/repo/rbi_2025_2/scara/scara_ws/install/scara_real_bringup/share/scara_real_bringup/package.sh'
[3.054s] INFO:colcon.colcon_core.shell:Creating package script '/home/eia/repo/rbi_2025_2/scara/scara_ws/install/scara_real_bringup/share/scara_real_bringup/package.bash'
[3.055s] INFO:colcon.colcon_core.shell:Creating package script '/home/eia/repo/rbi_2025_2/scara/scara_ws/install/scara_real_bringup/share/scara_real_bringup/package.zsh'
[3.056s] Level 1:colcon.colcon_core.environment:create_file_with_runtime_dependencies(/home/eia/repo/rbi_2025_2/scara/scara_ws/install/scara_real_bringup/share/colcon-core/packages/scara_real_bringup)
[3.065s] DEBUG:colcon.colcon_core.event_handler.log_command:Invoking command in '/home/eia/repo/rbi_2025_2/scara/scara_ws/build/scara_real_description': CMAKE_PREFIX_PATH=${CMAKE_PREFIX_PATH}:/home/eia/repo/rbi_2025_2/scara/scara_ws/install/scara_general_ik_solver:/home/eia/repo/rbi_2025_2/scara/scara_ws/install/scara_tf_generator:/home/eia/repo/rbi_2025_2/scara/scara_ws/install/scara_path_generator:/home/eia/repo/rbi_2025_2/scara/scara_ws/install/scara_path_controller:/home/eia/repo/rbi_2025_2/scara/scara_ws/install/scara_mujoco_python_sim:/home/eia/repo/rbi_2025_2/scara/scara_ws/install/scara_ik_solver:/home/eia/repo/rbi_2025_2/scara/scara_ws/install/premade_path_publisher:/opt/ros/humble /usr/bin/cmake --build /home/eia/repo/rbi_2025_2/scara/scara_ws/build/scara_real_description -- -j12 -l12
[3.847s] INFO:colcon.colcon_core.task.python.build:Building Python package in '/home/eia/repo/rbi_2025_2/scara/scara_ws/src/scara_tf_generator'
[3.847s] INFO:colcon.colcon_core.shell:Skip shell extension 'powershell' for command environment: Not usable outside of PowerShell
[3.847s] DEBUG:colcon.colcon_core.shell:Skip shell extension 'dsv' for command environment
[3.878s] DEBUG:colcon.colcon_core.event_handler.log_command:Invoking command in '/home/eia/repo/rbi_2025_2/scara/scara_ws/build/scara_general_ik_solver': PYTHONPATH=/home/eia/repo/rbi_2025_2/scara/scara_ws/build/scara_general_ik_solver/prefix_override:/home/eia/.local/lib/python3.10/site-packages/colcon_core/task/python/colcon_distutils_commands:/home/eia/repo/rbi_2025_2/scara/scara_ws/install/scara_general_ik_solver/lib/python3.10/site-packages:${PYTHONPATH} /usr/bin/python3 -W ignore:setup.py install is deprecated -W ignore:easy_install command is deprecated setup.py develop --editable --build-directory /home/eia/repo/rbi_2025_2/scara/scara_ws/build/scara_general_ik_solver/build --no-deps symlink_data
[3.881s] DEBUG:colcon.colcon_core.event_handler.log_command:Invoking command in '/home/eia/repo/rbi_2025_2/scara/scara_ws/build/premade_path_publisher': PYTHONPATH=/home/eia/repo/rbi_2025_2/scara/scara_ws/build/premade_path_publisher/prefix_override:/home/eia/.local/lib/python3.10/site-packages/colcon_core/task/python/colcon_distutils_commands:/home/eia/repo/rbi_2025_2/scara/scara_ws/install/premade_path_publisher/lib/python3.10/site-packages:${PYTHONPATH} /usr/bin/python3 -W ignore:setup.py install is deprecated -W ignore:easy_install command is deprecated setup.py develop --editable --build-directory /home/eia/repo/rbi_2025_2/scara/scara_ws/build/premade_path_publisher/build --no-deps symlink_data
[3.884s] DEBUG:colcon.colcon_core.event_handler.log_command:Invoking command in '/home/eia/repo/rbi_2025_2/scara/scara_ws/build/scara_path_generator': PYTHONPATH=/home/eia/repo/rbi_2025_2/scara/scara_ws/build/scara_path_generator/prefix_override:/home/eia/.local/lib/python3.10/site-packages/colcon_core/task/python/colcon_distutils_commands:/home/eia/repo/rbi_2025_2/scara/scara_ws/install/scara_path_generator/lib/python3.10/site-packages:${PYTHONPATH} /usr/bin/python3 -W ignore:setup.py install is deprecated -W ignore:easy_install command is deprecated setup.py develop --editable --build-directory /home/eia/repo/rbi_2025_2/scara/scara_ws/build/scara_path_generator/build --no-deps symlink_data
[3.889s] DEBUG:colcon.colcon_core.event_handler.log_command:Invoking command in '/home/eia/repo/rbi_2025_2/scara/scara_ws/build/scara_path_controller': PYTHONPATH=/home/eia/repo/rbi_2025_2/scara/scara_ws/build/scara_path_controller/prefix_override:/home/eia/.local/lib/python3.10/site-packages/colcon_core/task/python/colcon_distutils_commands:/home/eia/repo/rbi_2025_2/scara/scara_ws/install/scara_path_controller/lib/python3.10/site-packages:${PYTHONPATH} /usr/bin/python3 -W ignore:setup.py install is deprecated -W ignore:easy_install command is deprecated setup.py develop --editable --build-directory /home/eia/repo/rbi_2025_2/scara/scara_ws/build/scara_path_controller/build --no-deps symlink_data
[3.891s] DEBUG:colcon.colcon_core.event_handler.log_command:Invoked command in '/home/eia/repo/rbi_2025_2/scara/scara_ws/build/scara_real_description' returned '0': CMAKE_PREFIX_PATH=${CMAKE_PREFIX_PATH}:/home/eia/repo/rbi_2025_2/scara/scara_ws/install/scara_general_ik_solver:/home/eia/repo/rbi_2025_2/scara/scara_ws/install/scara_tf_generator:/home/eia/repo/rbi_2025_2/scara/scara_ws/install/scara_path_generator:/home/eia/repo/rbi_2025_2/scara/scara_ws/install/scara_path_controller:/home/eia/repo/rbi_2025_2/scara/scara_ws/install/scara_mujoco_python_sim:/home/eia/repo/rbi_2025_2/scara/scara_ws/install/scara_ik_solver:/home/eia/repo/rbi_2025_2/scara/scara_ws/install/premade_path_publisher:/opt/ros/humble /usr/bin/cmake --build /home/eia/repo/rbi_2025_2/scara/scara_ws/build/scara_real_description -- -j12 -l12
[3.891s] DEBUG:colcon.colcon_core.event_handler.log_command:Invoking command in '/home/eia/repo/rbi_2025_2/scara/scara_ws/build/scara_real_description': CMAKE_PREFIX_PATH=${CMAKE_PREFIX_PATH}:/home/eia/repo/rbi_2025_2/scara/scara_ws/install/scara_general_ik_solver:/home/eia/repo/rbi_2025_2/scara/scara_ws/install/scara_tf_generator:/home/eia/repo/rbi_2025_2/scara/scara_ws/install/scara_path_generator:/home/eia/repo/rbi_2025_2/scara/scara_ws/install/scara_path_controller:/home/eia/repo/rbi_2025_2/scara/scara_ws/install/scara_mujoco_python_sim:/home/eia/repo/rbi_2025_2/scara/scara_ws/install/scara_ik_solver:/home/eia/repo/rbi_2025_2/scara/scara_ws/install/premade_path_publisher:/opt/ros/humble /usr/bin/cmake --install /home/eia/repo/rbi_2025_2/scara/scara_ws/build/scara_real_description
[3.909s] DEBUG:colcon.colcon_core.event_handler.log_command:Invoking command in '/home/eia/repo/rbi_2025_2/scara/scara_ws/build/scara_mujoco_python_sim': PYTHONPATH=/home/eia/repo/rbi_2025_2/scara/scara_ws/build/scara_mujoco_python_sim/prefix_override:/home/eia/.local/lib/python3.10/site-packages/colcon_core/task/python/colcon_distutils_commands:/home/eia/repo/rbi_2025_2/scara/scara_ws/install/scara_mujoco_python_sim/lib/python3.10/site-packages:${PYTHONPATH} /usr/bin/python3 -W ignore:setup.py install is deprecated -W ignore:easy_install command is deprecated setup.py develop --editable --build-directory /home/eia/repo/rbi_2025_2/scara/scara_ws/build/scara_mujoco_python_sim/build --no-deps symlink_data
[3.933s] Level 1:colcon.colcon_core.environment:create_environment_scripts_only(scara_real_description)
[3.934s] Level 1:colcon.colcon_core.environment:checking '/home/eia/repo/rbi_2025_2/scara/scara_ws/install/scara_real_description' for CMake module files
[3.934s] DEBUG:colcon.colcon_core.event_handler.log_command:Invoked command in '/home/eia/repo/rbi_2025_2/scara/scara_ws/build/scara_real_description' returned '0': CMAKE_PREFIX_PATH=${CMAKE_PREFIX_PATH}:/home/eia/repo/rbi_2025_2/scara/scara_ws/install/scara_general_ik_solver:/home/eia/repo/rbi_2025_2/scara/scara_ws/install/scara_tf_generator:/home/eia/repo/rbi_2025_2/scara/scara_ws/install/scara_path_generator:/home/eia/repo/rbi_2025_2/scara/scara_ws/install/scara_path_controller:/home/eia/repo/rbi_2025_2/scara/scara_ws/install/scara_mujoco_python_sim:/home/eia/repo/rbi_2025_2/scara/scara_ws/install/scara_ik_solver:/home/eia/repo/rbi_2025_2/scara/scara_ws/install/premade_path_publisher:/opt/ros/humble /usr/bin/cmake --install /home/eia/repo/rbi_2025_2/scara/scara_ws/build/scara_real_description
[3.935s] Level 1:colcon.colcon_core.environment:checking '/home/eia/repo/rbi_2025_2/scara/scara_ws/install/scara_real_description' for CMake config files
[3.936s] Level 1:colcon.colcon_core.shell:create_environment_hook('scara_real_description', 'cmake_prefix_path')
[3.937s] INFO:colcon.colcon_core.shell:Creating environment hook '/home/eia/repo/rbi_2025_2/scara/scara_ws/install/scara_real_description/share/scara_real_description/hook/cmake_prefix_path.ps1'
[3.937s] INFO:colcon.colcon_core.shell:Creating environment descriptor '/home/eia/repo/rbi_2025_2/scara/scara_ws/install/scara_real_description/share/scara_real_description/hook/cmake_prefix_path.dsv'
[3.938s] INFO:colcon.colcon_core.shell:Creating environment hook '/home/eia/repo/rbi_2025_2/scara/scara_ws/install/scara_real_description/share/scara_real_description/hook/cmake_prefix_path.sh'
[3.939s] Level 1:colcon.colcon_core.environment:checking '/home/eia/repo/rbi_2025_2/scara/scara_ws/install/scara_real_description/bin'
[3.939s] Level 1:colcon.colcon_core.environment:checking '/home/eia/repo/rbi_2025_2/scara/scara_ws/install/scara_real_description/lib/pkgconfig/scara_real_description.pc'
[3.940s] Level 1:colcon.colcon_core.environment:checking '/home/eia/repo/rbi_2025_2/scara/scara_ws/install/scara_real_description/lib/python3.10/site-packages'
[3.940s] Level 1:colcon.colcon_core.environment:checking '/home/eia/repo/rbi_2025_2/scara/scara_ws/install/scara_real_description/bin'
[3.941s] INFO:colcon.colcon_core.shell:Creating package script '/home/eia/repo/rbi_2025_2/scara/scara_ws/install/scara_real_description/share/scara_real_description/package.ps1'
[3.942s] INFO:colcon.colcon_core.shell:Creating package descriptor '/home/eia/repo/rbi_2025_2/scara/scara_ws/install/scara_real_description/share/scara_real_description/package.dsv'
[3.944s] INFO:colcon.colcon_core.shell:Creating package script '/home/eia/repo/rbi_2025_2/scara/scara_ws/install/scara_real_description/share/scara_real_description/package.sh'
[3.945s] INFO:colcon.colcon_core.shell:Creating package script '/home/eia/repo/rbi_2025_2/scara/scara_ws/install/scara_real_description/share/scara_real_description/package.bash'
[3.946s] INFO:colcon.colcon_core.shell:Creating package script '/home/eia/repo/rbi_2025_2/scara/scara_ws/install/scara_real_description/share/scara_real_description/package.zsh'
[3.946s] Level 1:colcon.colcon_core.environment:create_file_with_runtime_dependencies(/home/eia/repo/rbi_2025_2/scara/scara_ws/install/scara_real_description/share/colcon-core/packages/scara_real_description)
[3.948s] Level 1:colcon.colcon_core.environment:create_environment_scripts_only(scara_real_description)
[3.948s] Level 1:colcon.colcon_core.environment:checking '/home/eia/repo/rbi_2025_2/scara/scara_ws/install/scara_real_description' for CMake module files
[3.949s] Level 1:colcon.colcon_core.environment:checking '/home/eia/repo/rbi_2025_2/scara/scara_ws/install/scara_real_description' for CMake config files
[3.950s] Level 1:colcon.colcon_core.shell:create_environment_hook('scara_real_description', 'cmake_prefix_path')
[3.951s] INFO:colcon.colcon_core.shell:Creating environment hook '/home/eia/repo/rbi_2025_2/scara/scara_ws/install/scara_real_description/share/scara_real_description/hook/cmake_prefix_path.ps1'
[3.951s] INFO:colcon.colcon_core.shell:Creating environment descriptor '/home/eia/repo/rbi_2025_2/scara/scara_ws/install/scara_real_description/share/scara_real_description/hook/cmake_prefix_path.dsv'
[3.952s] INFO:colcon.colcon_core.shell:Creating environment hook '/home/eia/repo/rbi_2025_2/scara/scara_ws/install/scara_real_description/share/scara_real_description/hook/cmake_prefix_path.sh'
[3.953s] Level 1:colcon.colcon_core.environment:checking '/home/eia/repo/rbi_2025_2/scara/scara_ws/install/scara_real_description/bin'
[3.953s] Level 1:colcon.colcon_core.environment:checking '/home/eia/repo/rbi_2025_2/scara/scara_ws/install/scara_real_description/lib/pkgconfig/scara_real_description.pc'
[3.954s] Level 1:colcon.colcon_core.environment:checking '/home/eia/repo/rbi_2025_2/scara/scara_ws/install/scara_real_description/lib/python3.10/site-packages'
[3.954s] Level 1:colcon.colcon_core.environment:checking '/home/eia/repo/rbi_2025_2/scara/scara_ws/install/scara_real_description/bin'
[3.955s] INFO:colcon.colcon_core.shell:Creating package script '/home/eia/repo/rbi_2025_2/scara/scara_ws/install/scara_real_description/share/scara_real_description/package.ps1'
[3.956s] INFO:colcon.colcon_core.shell:Creating package descriptor '/home/eia/repo/rbi_2025_2/scara/scara_ws/install/scara_real_description/share/scara_real_description/package.dsv'
[3.957s] INFO:colcon.colcon_core.shell:Creating package script '/home/eia/repo/rbi_2025_2/scara/scara_ws/install/scara_real_description/share/scara_real_description/package.sh'
[3.958s] INFO:colcon.colcon_core.shell:Creating package script '/home/eia/repo/rbi_2025_2/scara/scara_ws/install/scara_real_description/share/scara_real_description/package.bash'
[3.959s] INFO:colcon.colcon_core.shell:Creating package script '/home/eia/repo/rbi_2025_2/scara/scara_ws/install/scara_real_description/share/scara_real_description/package.zsh'
[3.960s] Level 1:colcon.colcon_core.environment:create_file_with_runtime_dependencies(/home/eia/repo/rbi_2025_2/scara/scara_ws/install/scara_real_description/share/colcon-core/packages/scara_real_description)
[4.968s] Level 1:colcon.colcon_core.shell:create_environment_hook('scara_general_ik_solver', 'pythonpath_develop')
[4.968s] DEBUG:colcon.colcon_core.event_handler.log_command:Invoked command in '/home/eia/repo/rbi_2025_2/scara/scara_ws/build/scara_general_ik_solver' returned '0': PYTHONPATH=/home/eia/repo/rbi_2025_2/scara/scara_ws/build/scara_general_ik_solver/prefix_override:/home/eia/.local/lib/python3.10/site-packages/colcon_core/task/python/colcon_distutils_commands:/home/eia/repo/rbi_2025_2/scara/scara_ws/install/scara_general_ik_solver/lib/python3.10/site-packages:${PYTHONPATH} /usr/bin/python3 -W ignore:setup.py install is deprecated -W ignore:easy_install command is deprecated setup.py develop --editable --build-directory /home/eia/repo/rbi_2025_2/scara/scara_ws/build/scara_general_ik_solver/build --no-deps symlink_data
[4.969s] INFO:colcon.colcon_core.shell:Creating environment hook '/home/eia/repo/rbi_2025_2/scara/scara_ws/build/scara_general_ik_solver/share/scara_general_ik_solver/hook/pythonpath_develop.ps1'
[4.970s] INFO:colcon.colcon_core.shell:Creating environment descriptor '/home/eia/repo/rbi_2025_2/scara/scara_ws/build/scara_general_ik_solver/share/scara_general_ik_solver/hook/pythonpath_develop.dsv'
[4.970s] INFO:colcon.colcon_core.shell:Creating environment hook '/home/eia/repo/rbi_2025_2/scara/scara_ws/build/scara_general_ik_solver/share/scara_general_ik_solver/hook/pythonpath_develop.sh'
[4.971s] Level 1:colcon.colcon_core.environment:checking '/home/eia/repo/rbi_2025_2/scara/scara_ws/install/scara_general_ik_solver' for CMake module files
[4.972s] Level 1:colcon.colcon_core.environment:checking '/home/eia/repo/rbi_2025_2/scara/scara_ws/install/scara_general_ik_solver' for CMake config files
[4.973s] Level 1:colcon.colcon_core.environment:checking '/home/eia/repo/rbi_2025_2/scara/scara_ws/install/scara_general_ik_solver/lib'
[4.973s] Level 1:colcon.colcon_core.environment:checking '/home/eia/repo/rbi_2025_2/scara/scara_ws/install/scara_general_ik_solver/bin'
[4.973s] Level 1:colcon.colcon_core.environment:checking '/home/eia/repo/rbi_2025_2/scara/scara_ws/install/scara_general_ik_solver/lib/pkgconfig/scara_general_ik_solver.pc'
[4.973s] Level 1:colcon.colcon_core.environment:checking '/home/eia/repo/rbi_2025_2/scara/scara_ws/install/scara_general_ik_solver/lib/python3.10/site-packages'
[4.974s] Level 1:colcon.colcon_core.shell:create_environment_hook('scara_general_ik_solver', 'pythonpath')
[4.974s] INFO:colcon.colcon_core.shell:Creating environment hook '/home/eia/repo/rbi_2025_2/scara/scara_ws/install/scara_general_ik_solver/share/scara_general_ik_solver/hook/pythonpath.ps1'
[4.975s] INFO:colcon.colcon_core.shell:Creating environment descriptor '/home/eia/repo/rbi_2025_2/scara/scara_ws/install/scara_general_ik_solver/share/scara_general_ik_solver/hook/pythonpath.dsv'
[4.975s] INFO:colcon.colcon_core.shell:Creating environment hook '/home/eia/repo/rbi_2025_2/scara/scara_ws/install/scara_general_ik_solver/share/scara_general_ik_solver/hook/pythonpath.sh'
[4.976s] Level 1:colcon.colcon_core.environment:checking '/home/eia/repo/rbi_2025_2/scara/scara_ws/install/scara_general_ik_solver/bin'
[4.976s] Level 1:colcon.colcon_core.environment:create_environment_scripts_only(scara_general_ik_solver)
[4.977s] INFO:colcon.colcon_core.shell:Creating package script '/home/eia/repo/rbi_2025_2/scara/scara_ws/install/scara_general_ik_solver/share/scara_general_ik_solver/package.ps1'
[4.978s] INFO:colcon.colcon_core.shell:Creating package descriptor '/home/eia/repo/rbi_2025_2/scara/scara_ws/install/scara_general_ik_solver/share/scara_general_ik_solver/package.dsv'
[4.979s] INFO:colcon.colcon_core.shell:Creating package script '/home/eia/repo/rbi_2025_2/scara/scara_ws/install/scara_general_ik_solver/share/scara_general_ik_solver/package.sh'
[4.979s] INFO:colcon.colcon_core.shell:Creating package script '/home/eia/repo/rbi_2025_2/scara/scara_ws/install/scara_general_ik_solver/share/scara_general_ik_solver/package.bash'
[4.980s] INFO:colcon.colcon_core.shell:Creating package script '/home/eia/repo/rbi_2025_2/scara/scara_ws/install/scara_general_ik_solver/share/scara_general_ik_solver/package.zsh'
[4.980s] Level 1:colcon.colcon_core.environment:create_file_with_runtime_dependencies(/home/eia/repo/rbi_2025_2/scara/scara_ws/install/scara_general_ik_solver/share/colcon-core/packages/scara_general_ik_solver)
[4.982s] Level 1:colcon.colcon_core.shell:create_environment_hook('scara_path_generator', 'pythonpath_develop')
[4.983s] INFO:colcon.colcon_core.shell:Creating environment hook '/home/eia/repo/rbi_2025_2/scara/scara_ws/build/scara_path_generator/share/scara_path_generator/hook/pythonpath_develop.ps1'
[4.984s] DEBUG:colcon.colcon_core.event_handler.log_command:Invoked command in '/home/eia/repo/rbi_2025_2/scara/scara_ws/build/scara_path_generator' returned '0': PYTHONPATH=/home/eia/repo/rbi_2025_2/scara/scara_ws/build/scara_path_generator/prefix_override:/home/eia/.local/lib/python3.10/site-packages/colcon_core/task/python/colcon_distutils_commands:/home/eia/repo/rbi_2025_2/scara/scara_ws/install/scara_path_generator/lib/python3.10/site-packages:${PYTHONPATH} /usr/bin/python3 -W ignore:setup.py install is deprecated -W ignore:easy_install command is deprecated setup.py develop --editable --build-directory /home/eia/repo/rbi_2025_2/scara/scara_ws/build/scara_path_generator/build --no-deps symlink_data
[4.984s] INFO:colcon.colcon_core.shell:Creating environment descriptor '/home/eia/repo/rbi_2025_2/scara/scara_ws/build/scara_path_generator/share/scara_path_generator/hook/pythonpath_develop.dsv'
[4.984s] INFO:colcon.colcon_core.shell:Creating environment hook '/home/eia/repo/rbi_2025_2/scara/scara_ws/build/scara_path_generator/share/scara_path_generator/hook/pythonpath_develop.sh'
[4.985s] Level 1:colcon.colcon_core.environment:checking '/home/eia/repo/rbi_2025_2/scara/scara_ws/install/scara_path_generator' for CMake module files
[4.986s] Level 1:colcon.colcon_core.environment:checking '/home/eia/repo/rbi_2025_2/scara/scara_ws/install/scara_path_generator' for CMake config files
[4.987s] Level 1:colcon.colcon_core.environment:checking '/home/eia/repo/rbi_2025_2/scara/scara_ws/install/scara_path_generator/lib'
[4.987s] Level 1:colcon.colcon_core.environment:checking '/home/eia/repo/rbi_2025_2/scara/scara_ws/install/scara_path_generator/bin'
[4.987s] Level 1:colcon.colcon_core.environment:checking '/home/eia/repo/rbi_2025_2/scara/scara_ws/install/scara_path_generator/lib/pkgconfig/scara_path_generator.pc'
[4.987s] Level 1:colcon.colcon_core.environment:checking '/home/eia/repo/rbi_2025_2/scara/scara_ws/install/scara_path_generator/lib/python3.10/site-packages'
[4.988s] Level 1:colcon.colcon_core.shell:create_environment_hook('scara_path_generator', 'pythonpath')
[4.988s] INFO:colcon.colcon_core.shell:Creating environment hook '/home/eia/repo/rbi_2025_2/scara/scara_ws/install/scara_path_generator/share/scara_path_generator/hook/pythonpath.ps1'
[4.989s] INFO:colcon.colcon_core.shell:Creating environment descriptor '/home/eia/repo/rbi_2025_2/scara/scara_ws/install/scara_path_generator/share/scara_path_generator/hook/pythonpath.dsv'
[4.989s] INFO:colcon.colcon_core.shell:Creating environment hook '/home/eia/repo/rbi_2025_2/scara/scara_ws/install/scara_path_generator/share/scara_path_generator/hook/pythonpath.sh'
[4.990s] Level 1:colcon.colcon_core.environment:checking '/home/eia/repo/rbi_2025_2/scara/scara_ws/install/scara_path_generator/bin'
[4.990s] Level 1:colcon.colcon_core.environment:create_environment_scripts_only(scara_path_generator)
[4.991s] INFO:colcon.colcon_core.shell:Creating package script '/home/eia/repo/rbi_2025_2/scara/scara_ws/install/scara_path_generator/share/scara_path_generator/package.ps1'
[4.992s] INFO:colcon.colcon_core.shell:Creating package descriptor '/home/eia/repo/rbi_2025_2/scara/scara_ws/install/scara_path_generator/share/scara_path_generator/package.dsv'
[4.993s] INFO:colcon.colcon_core.shell:Creating package script '/home/eia/repo/rbi_2025_2/scara/scara_ws/install/scara_path_generator/share/scara_path_generator/package.sh'
[4.993s] INFO:colcon.colcon_core.shell:Creating package script '/home/eia/repo/rbi_2025_2/scara/scara_ws/install/scara_path_generator/share/scara_path_generator/package.bash'
[4.994s] INFO:colcon.colcon_core.shell:Creating package script '/home/eia/repo/rbi_2025_2/scara/scara_ws/install/scara_path_generator/share/scara_path_generator/package.zsh'
[4.994s] Level 1:colcon.colcon_core.environment:create_file_with_runtime_dependencies(/home/eia/repo/rbi_2025_2/scara/scara_ws/install/scara_path_generator/share/colcon-core/packages/scara_path_generator)
[4.996s] Level 1:colcon.colcon_core.shell:create_environment_hook('scara_path_controller', 'pythonpath_develop')
[4.996s] INFO:colcon.colcon_core.shell:Creating environment hook '/home/eia/repo/rbi_2025_2/scara/scara_ws/build/scara_path_controller/share/scara_path_controller/hook/pythonpath_develop.ps1'
[4.997s] DEBUG:colcon.colcon_core.event_handler.log_command:Invoked command in '/home/eia/repo/rbi_2025_2/scara/scara_ws/build/scara_path_controller' returned '0': PYTHONPATH=/home/eia/repo/rbi_2025_2/scara/scara_ws/build/scara_path_controller/prefix_override:/home/eia/.local/lib/python3.10/site-packages/colcon_core/task/python/colcon_distutils_commands:/home/eia/repo/rbi_2025_2/scara/scara_ws/install/scara_path_controller/lib/python3.10/site-packages:${PYTHONPATH} /usr/bin/python3 -W ignore:setup.py install is deprecated -W ignore:easy_install command is deprecated setup.py develop --editable --build-directory /home/eia/repo/rbi_2025_2/scara/scara_ws/build/scara_path_controller/build --no-deps symlink_data
[4.997s] INFO:colcon.colcon_core.shell:Creating environment descriptor '/home/eia/repo/rbi_2025_2/scara/scara_ws/build/scara_path_controller/share/scara_path_controller/hook/pythonpath_develop.dsv'
[4.998s] INFO:colcon.colcon_core.shell:Creating environment hook '/home/eia/repo/rbi_2025_2/scara/scara_ws/build/scara_path_controller/share/scara_path_controller/hook/pythonpath_develop.sh'
[4.999s] Level 1:colcon.colcon_core.environment:checking '/home/eia/repo/rbi_2025_2/scara/scara_ws/install/scara_path_controller' for CMake module files
[5.000s] Level 1:colcon.colcon_core.environment:checking '/home/eia/repo/rbi_2025_2/scara/scara_ws/install/scara_path_controller' for CMake config files
[5.000s] Level 1:colcon.colcon_core.environment:checking '/home/eia/repo/rbi_2025_2/scara/scara_ws/install/scara_path_controller/lib'
[5.000s] Level 1:colcon.colcon_core.environment:checking '/home/eia/repo/rbi_2025_2/scara/scara_ws/install/scara_path_controller/bin'
[5.001s] Level 1:colcon.colcon_core.environment:checking '/home/eia/repo/rbi_2025_2/scara/scara_ws/install/scara_path_controller/lib/pkgconfig/scara_path_controller.pc'
[5.001s] Level 1:colcon.colcon_core.environment:checking '/home/eia/repo/rbi_2025_2/scara/scara_ws/install/scara_path_controller/lib/python3.10/site-packages'
[5.001s] Level 1:colcon.colcon_core.shell:create_environment_hook('scara_path_controller', 'pythonpath')
[5.002s] INFO:colcon.colcon_core.shell:Creating environment hook '/home/eia/repo/rbi_2025_2/scara/scara_ws/install/scara_path_controller/share/scara_path_controller/hook/pythonpath.ps1'
[5.002s] INFO:colcon.colcon_core.shell:Creating environment descriptor '/home/eia/repo/rbi_2025_2/scara/scara_ws/install/scara_path_controller/share/scara_path_controller/hook/pythonpath.dsv'
[5.003s] INFO:colcon.colcon_core.shell:Creating environment hook '/home/eia/repo/rbi_2025_2/scara/scara_ws/install/scara_path_controller/share/scara_path_controller/hook/pythonpath.sh'
[5.004s] Level 1:colcon.colcon_core.environment:checking '/home/eia/repo/rbi_2025_2/scara/scara_ws/install/scara_path_controller/bin'
[5.004s] Level 1:colcon.colcon_core.environment:create_environment_scripts_only(scara_path_controller)
[5.005s] INFO:colcon.colcon_core.shell:Creating package script '/home/eia/repo/rbi_2025_2/scara/scara_ws/install/scara_path_controller/share/scara_path_controller/package.ps1'
[5.005s] INFO:colcon.colcon_core.shell:Creating package descriptor '/home/eia/repo/rbi_2025_2/scara/scara_ws/install/scara_path_controller/share/scara_path_controller/package.dsv'
[5.006s] INFO:colcon.colcon_core.shell:Creating package script '/home/eia/repo/rbi_2025_2/scara/scara_ws/install/scara_path_controller/share/scara_path_controller/package.sh'
[5.007s] INFO:colcon.colcon_core.shell:Creating package script '/home/eia/repo/rbi_2025_2/scara/scara_ws/install/scara_path_controller/share/scara_path_controller/package.bash'
[5.007s] INFO:colcon.colcon_core.shell:Creating package script '/home/eia/repo/rbi_2025_2/scara/scara_ws/install/scara_path_controller/share/scara_path_controller/package.zsh'
[5.008s] Level 1:colcon.colcon_core.environment:create_file_with_runtime_dependencies(/home/eia/repo/rbi_2025_2/scara/scara_ws/install/scara_path_controller/share/colcon-core/packages/scara_path_controller)
[5.013s] Level 1:colcon.colcon_core.shell:create_environment_hook('scara_mujoco_python_sim', 'pythonpath_develop')
[5.013s] INFO:colcon.colcon_core.shell:Creating environment hook '/home/eia/repo/rbi_2025_2/scara/scara_ws/build/scara_mujoco_python_sim/share/scara_mujoco_python_sim/hook/pythonpath_develop.ps1'
[5.014s] DEBUG:colcon.colcon_core.event_handler.log_command:Invoked command in '/home/eia/repo/rbi_2025_2/scara/scara_ws/build/scara_mujoco_python_sim' returned '0': PYTHONPATH=/home/eia/repo/rbi_2025_2/scara/scara_ws/build/scara_mujoco_python_sim/prefix_override:/home/eia/.local/lib/python3.10/site-packages/colcon_core/task/python/colcon_distutils_commands:/home/eia/repo/rbi_2025_2/scara/scara_ws/install/scara_mujoco_python_sim/lib/python3.10/site-packages:${PYTHONPATH} /usr/bin/python3 -W ignore:setup.py install is deprecated -W ignore:easy_install command is deprecated setup.py develop --editable --build-directory /home/eia/repo/rbi_2025_2/scara/scara_ws/build/scara_mujoco_python_sim/build --no-deps symlink_data
[5.015s] INFO:colcon.colcon_core.shell:Creating environment descriptor '/home/eia/repo/rbi_2025_2/scara/scara_ws/build/scara_mujoco_python_sim/share/scara_mujoco_python_sim/hook/pythonpath_develop.dsv'
[5.015s] INFO:colcon.colcon_core.shell:Creating environment hook '/home/eia/repo/rbi_2025_2/scara/scara_ws/build/scara_mujoco_python_sim/share/scara_mujoco_python_sim/hook/pythonpath_develop.sh'
[5.016s] Level 1:colcon.colcon_core.environment:checking '/home/eia/repo/rbi_2025_2/scara/scara_ws/install/scara_mujoco_python_sim' for CMake module files
[5.017s] Level 1:colcon.colcon_core.environment:checking '/home/eia/repo/rbi_2025_2/scara/scara_ws/install/scara_mujoco_python_sim' for CMake config files
[5.017s] Level 1:colcon.colcon_core.environment:checking '/home/eia/repo/rbi_2025_2/scara/scara_ws/install/scara_mujoco_python_sim/lib'
[5.018s] Level 1:colcon.colcon_core.environment:checking '/home/eia/repo/rbi_2025_2/scara/scara_ws/install/scara_mujoco_python_sim/bin'
[5.018s] Level 1:colcon.colcon_core.environment:checking '/home/eia/repo/rbi_2025_2/scara/scara_ws/install/scara_mujoco_python_sim/lib/pkgconfig/scara_mujoco_python_sim.pc'
[5.018s] Level 1:colcon.colcon_core.environment:checking '/home/eia/repo/rbi_2025_2/scara/scara_ws/install/scara_mujoco_python_sim/lib/python3.10/site-packages'
[5.018s] Level 1:colcon.colcon_core.shell:create_environment_hook('scara_mujoco_python_sim', 'pythonpath')
[5.018s] INFO:colcon.colcon_core.shell:Creating environment hook '/home/eia/repo/rbi_2025_2/scara/scara_ws/install/scara_mujoco_python_sim/share/scara_mujoco_python_sim/hook/pythonpath.ps1'
[5.019s] INFO:colcon.colcon_core.shell:Creating environment descriptor '/home/eia/repo/rbi_2025_2/scara/scara_ws/install/scara_mujoco_python_sim/share/scara_mujoco_python_sim/hook/pythonpath.dsv'
[5.020s] INFO:colcon.colcon_core.shell:Creating environment hook '/home/eia/repo/rbi_2025_2/scara/scara_ws/install/scara_mujoco_python_sim/share/scara_mujoco_python_sim/hook/pythonpath.sh'
[5.021s] Level 1:colcon.colcon_core.environment:checking '/home/eia/repo/rbi_2025_2/scara/scara_ws/install/scara_mujoco_python_sim/bin'
[5.021s] Level 1:colcon.colcon_core.environment:create_environment_scripts_only(scara_mujoco_python_sim)
[5.021s] INFO:colcon.colcon_core.shell:Creating package script '/home/eia/repo/rbi_2025_2/scara/scara_ws/install/scara_mujoco_python_sim/share/scara_mujoco_python_sim/package.ps1'
[5.022s] INFO:colcon.colcon_core.shell:Creating package descriptor '/home/eia/repo/rbi_2025_2/scara/scara_ws/install/scara_mujoco_python_sim/share/scara_mujoco_python_sim/package.dsv'
[5.023s] INFO:colcon.colcon_core.shell:Creating package script '/home/eia/repo/rbi_2025_2/scara/scara_ws/install/scara_mujoco_python_sim/share/scara_mujoco_python_sim/package.sh'
[5.023s] INFO:colcon.colcon_core.shell:Creating package script '/home/eia/repo/rbi_2025_2/scara/scara_ws/install/scara_mujoco_python_sim/share/scara_mujoco_python_sim/package.bash'
[5.024s] INFO:colcon.colcon_core.shell:Creating package script '/home/eia/repo/rbi_2025_2/scara/scara_ws/install/scara_mujoco_python_sim/share/scara_mujoco_python_sim/package.zsh'
[5.025s] Level 1:colcon.colcon_core.environment:create_file_with_runtime_dependencies(/home/eia/repo/rbi_2025_2/scara/scara_ws/install/scara_mujoco_python_sim/share/colcon-core/packages/scara_mujoco_python_sim)
[5.062s] DEBUG:colcon.colcon_core.event_handler.log_command:Invoking command in '/home/eia/repo/rbi_2025_2/scara/scara_ws/build/scara_tf_generator': PYTHONPATH=/home/eia/repo/rbi_2025_2/scara/scara_ws/build/scara_tf_generator/prefix_override:/home/eia/.local/lib/python3.10/site-packages/colcon_core/task/python/colcon_distutils_commands:/home/eia/repo/rbi_2025_2/scara/scara_ws/install/scara_tf_generator/lib/python3.10/site-packages:${PYTHONPATH} /usr/bin/python3 -W ignore:setup.py install is deprecated -W ignore:easy_install command is deprecated setup.py develop --editable --build-directory /home/eia/repo/rbi_2025_2/scara/scara_ws/build/scara_tf_generator/build --no-deps symlink_data
[5.299s] Level 1:colcon.colcon_core.shell:create_environment_hook('premade_path_publisher', 'pythonpath_develop')
[5.299s] INFO:colcon.colcon_core.shell:Creating environment hook '/home/eia/repo/rbi_2025_2/scara/scara_ws/build/premade_path_publisher/share/premade_path_publisher/hook/pythonpath_develop.ps1'
[5.300s] DEBUG:colcon.colcon_core.event_handler.log_command:Invoked command in '/home/eia/repo/rbi_2025_2/scara/scara_ws/build/premade_path_publisher' returned '0': PYTHONPATH=/home/eia/repo/rbi_2025_2/scara/scara_ws/build/premade_path_publisher/prefix_override:/home/eia/.local/lib/python3.10/site-packages/colcon_core/task/python/colcon_distutils_commands:/home/eia/repo/rbi_2025_2/scara/scara_ws/install/premade_path_publisher/lib/python3.10/site-packages:${PYTHONPATH} /usr/bin/python3 -W ignore:setup.py install is deprecated -W ignore:easy_install command is deprecated setup.py develop --editable --build-directory /home/eia/repo/rbi_2025_2/scara/scara_ws/build/premade_path_publisher/build --no-deps symlink_data
[5.301s] INFO:colcon.colcon_core.shell:Creating environment descriptor '/home/eia/repo/rbi_2025_2/scara/scara_ws/build/premade_path_publisher/share/premade_path_publisher/hook/pythonpath_develop.dsv'
[5.301s] INFO:colcon.colcon_core.shell:Creating environment hook '/home/eia/repo/rbi_2025_2/scara/scara_ws/build/premade_path_publisher/share/premade_path_publisher/hook/pythonpath_develop.sh'
[5.302s] Level 1:colcon.colcon_core.environment:checking '/home/eia/repo/rbi_2025_2/scara/scara_ws/install/premade_path_publisher' for CMake module files
[5.303s] Level 1:colcon.colcon_core.environment:checking '/home/eia/repo/rbi_2025_2/scara/scara_ws/install/premade_path_publisher' for CMake config files
[5.305s] Level 1:colcon.colcon_core.environment:checking '/home/eia/repo/rbi_2025_2/scara/scara_ws/install/premade_path_publisher/lib'
[5.305s] Level 1:colcon.colcon_core.environment:checking '/home/eia/repo/rbi_2025_2/scara/scara_ws/install/premade_path_publisher/bin'
[5.305s] Level 1:colcon.colcon_core.environment:checking '/home/eia/repo/rbi_2025_2/scara/scara_ws/install/premade_path_publisher/lib/pkgconfig/premade_path_publisher.pc'
[5.306s] Level 1:colcon.colcon_core.environment:checking '/home/eia/repo/rbi_2025_2/scara/scara_ws/install/premade_path_publisher/lib/python3.10/site-packages'
[5.307s] Level 1:colcon.colcon_core.shell:create_environment_hook('premade_path_publisher', 'pythonpath')
[5.307s] INFO:colcon.colcon_core.shell:Creating environment hook '/home/eia/repo/rbi_2025_2/scara/scara_ws/install/premade_path_publisher/share/premade_path_publisher/hook/pythonpath.ps1'
[5.308s] INFO:colcon.colcon_core.shell:Creating environment descriptor '/home/eia/repo/rbi_2025_2/scara/scara_ws/install/premade_path_publisher/share/premade_path_publisher/hook/pythonpath.dsv'
[5.309s] INFO:colcon.colcon_core.shell:Creating environment hook '/home/eia/repo/rbi_2025_2/scara/scara_ws/install/premade_path_publisher/share/premade_path_publisher/hook/pythonpath.sh'
[5.310s] Level 1:colcon.colcon_core.environment:checking '/home/eia/repo/rbi_2025_2/scara/scara_ws/install/premade_path_publisher/bin'
[5.310s] Level 1:colcon.colcon_core.environment:create_environment_scripts_only(premade_path_publisher)
[5.311s] INFO:colcon.colcon_core.shell:Creating package script '/home/eia/repo/rbi_2025_2/scara/scara_ws/install/premade_path_publisher/share/premade_path_publisher/package.ps1'
[5.312s] INFO:colcon.colcon_core.shell:Creating package descriptor '/home/eia/repo/rbi_2025_2/scara/scara_ws/install/premade_path_publisher/share/premade_path_publisher/package.dsv'
[5.313s] INFO:colcon.colcon_core.shell:Creating package script '/home/eia/repo/rbi_2025_2/scara/scara_ws/install/premade_path_publisher/share/premade_path_publisher/package.sh'
[5.314s] INFO:colcon.colcon_core.shell:Creating package script '/home/eia/repo/rbi_2025_2/scara/scara_ws/install/premade_path_publisher/share/premade_path_publisher/package.bash'
[5.314s] INFO:colcon.colcon_core.shell:Creating package script '/home/eia/repo/rbi_2025_2/scara/scara_ws/install/premade_path_publisher/share/premade_path_publisher/package.zsh'
[5.315s] Level 1:colcon.colcon_core.environment:create_file_with_runtime_dependencies(/home/eia/repo/rbi_2025_2/scara/scara_ws/install/premade_path_publisher/share/colcon-core/packages/premade_path_publisher)
[5.986s] Level 1:colcon.colcon_core.shell:create_environment_hook('scara_tf_generator', 'pythonpath_develop')
[5.987s] INFO:colcon.colcon_core.shell:Creating environment hook '/home/eia/repo/rbi_2025_2/scara/scara_ws/build/scara_tf_generator/share/scara_tf_generator/hook/pythonpath_develop.ps1'
[5.987s] DEBUG:colcon.colcon_core.event_handler.log_command:Invoked command in '/home/eia/repo/rbi_2025_2/scara/scara_ws/build/scara_tf_generator' returned '0': PYTHONPATH=/home/eia/repo/rbi_2025_2/scara/scara_ws/build/scara_tf_generator/prefix_override:/home/eia/.local/lib/python3.10/site-packages/colcon_core/task/python/colcon_distutils_commands:/home/eia/repo/rbi_2025_2/scara/scara_ws/install/scara_tf_generator/lib/python3.10/site-packages:${PYTHONPATH} /usr/bin/python3 -W ignore:setup.py install is deprecated -W ignore:easy_install command is deprecated setup.py develop --editable --build-directory /home/eia/repo/rbi_2025_2/scara/scara_ws/build/scara_tf_generator/build --no-deps symlink_data
[5.988s] INFO:colcon.colcon_core.shell:Creating environment descriptor '/home/eia/repo/rbi_2025_2/scara/scara_ws/build/scara_tf_generator/share/scara_tf_generator/hook/pythonpath_develop.dsv'
[5.989s] INFO:colcon.colcon_core.shell:Creating environment hook '/home/eia/repo/rbi_2025_2/scara/scara_ws/build/scara_tf_generator/share/scara_tf_generator/hook/pythonpath_develop.sh'
[5.990s] Level 1:colcon.colcon_core.environment:checking '/home/eia/repo/rbi_2025_2/scara/scara_ws/install/scara_tf_generator' for CMake module files
[5.990s] Level 1:colcon.colcon_core.environment:checking '/home/eia/repo/rbi_2025_2/scara/scara_ws/install/scara_tf_generator' for CMake config files
[5.991s] Level 1:colcon.colcon_core.environment:checking '/home/eia/repo/rbi_2025_2/scara/scara_ws/install/scara_tf_generator/lib'
[5.991s] Level 1:colcon.colcon_core.environment:checking '/home/eia/repo/rbi_2025_2/scara/scara_ws/install/scara_tf_generator/bin'
[5.991s] Level 1:colcon.colcon_core.environment:checking '/home/eia/repo/rbi_2025_2/scara/scara_ws/install/scara_tf_generator/lib/pkgconfig/scara_tf_generator.pc'
[5.991s] Level 1:colcon.colcon_core.environment:checking '/home/eia/repo/rbi_2025_2/scara/scara_ws/install/scara_tf_generator/lib/python3.10/site-packages'
[5.991s] Level 1:colcon.colcon_core.shell:create_environment_hook('scara_tf_generator', 'pythonpath')
[5.992s] INFO:colcon.colcon_core.shell:Creating environment hook '/home/eia/repo/rbi_2025_2/scara/scara_ws/install/scara_tf_generator/share/scara_tf_generator/hook/pythonpath.ps1'
[5.992s] INFO:colcon.colcon_core.shell:Creating environment descriptor '/home/eia/repo/rbi_2025_2/scara/scara_ws/install/scara_tf_generator/share/scara_tf_generator/hook/pythonpath.dsv'
[5.993s] INFO:colcon.colcon_core.shell:Creating environment hook '/home/eia/repo/rbi_2025_2/scara/scara_ws/install/scara_tf_generator/share/scara_tf_generator/hook/pythonpath.sh'
[5.994s] Level 1:colcon.colcon_core.environment:checking '/home/eia/repo/rbi_2025_2/scara/scara_ws/install/scara_tf_generator/bin'
[5.994s] Level 1:colcon.colcon_core.environment:create_environment_scripts_only(scara_tf_generator)
[5.994s] INFO:colcon.colcon_core.shell:Creating package script '/home/eia/repo/rbi_2025_2/scara/scara_ws/install/scara_tf_generator/share/scara_tf_generator/package.ps1'
[5.995s] INFO:colcon.colcon_core.shell:Creating package descriptor '/home/eia/repo/rbi_2025_2/scara/scara_ws/install/scara_tf_generator/share/scara_tf_generator/package.dsv'
[5.996s] INFO:colcon.colcon_core.shell:Creating package script '/home/eia/repo/rbi_2025_2/scara/scara_ws/install/scara_tf_generator/share/scara_tf_generator/package.sh'
[5.996s] INFO:colcon.colcon_core.shell:Creating package script '/home/eia/repo/rbi_2025_2/scara/scara_ws/install/scara_tf_generator/share/scara_tf_generator/package.bash'
[5.997s] INFO:colcon.colcon_core.shell:Creating package script '/home/eia/repo/rbi_2025_2/scara/scara_ws/install/scara_tf_generator/share/scara_tf_generator/package.zsh'
[5.997s] Level 1:colcon.colcon_core.environment:create_file_with_runtime_dependencies(/home/eia/repo/rbi_2025_2/scara/scara_ws/install/scara_tf_generator/share/colcon-core/packages/scara_tf_generator)
[7.971s] DEBUG:colcon.colcon_core.event_handler.log_command:Invoked command in '/home/eia/repo/rbi_2025_2/scara/scara_ws/build/scara_mujoco_sim' returned '0': CMAKE_PREFIX_PATH=${CMAKE_PREFIX_PATH}:/home/eia/repo/rbi_2025_2/scara/scara_ws/install/scara_general_ik_solver:/home/eia/repo/rbi_2025_2/scara/scara_ws/install/scara_tf_generator:/home/eia/repo/rbi_2025_2/scara/scara_ws/install/scara_path_generator:/home/eia/repo/rbi_2025_2/scara/scara_ws/install/scara_path_controller:/home/eia/repo/rbi_2025_2/scara/scara_ws/install/scara_mujoco_python_sim:/home/eia/repo/rbi_2025_2/scara/scara_ws/install/scara_ik_solver:/home/eia/repo/rbi_2025_2/scara/scara_ws/install/premade_path_publisher:/opt/ros/humble /usr/bin/cmake --build /home/eia/repo/rbi_2025_2/scara/scara_ws/build/scara_mujoco_sim -- -j12 -l12
[7.973s] DEBUG:colcon.colcon_core.event_handler.log_command:Invoking command in '/home/eia/repo/rbi_2025_2/scara/scara_ws/build/scara_mujoco_sim': CMAKE_PREFIX_PATH=${CMAKE_PREFIX_PATH}:/home/eia/repo/rbi_2025_2/scara/scara_ws/install/scara_general_ik_solver:/home/eia/repo/rbi_2025_2/scara/scara_ws/install/scara_tf_generator:/home/eia/repo/rbi_2025_2/scara/scara_ws/install/scara_path_generator:/home/eia/repo/rbi_2025_2/scara/scara_ws/install/scara_path_controller:/home/eia/repo/rbi_2025_2/scara/scara_ws/install/scara_mujoco_python_sim:/home/eia/repo/rbi_2025_2/scara/scara_ws/install/scara_ik_solver:/home/eia/repo/rbi_2025_2/scara/scara_ws/install/premade_path_publisher:/opt/ros/humble /usr/bin/cmake --install /home/eia/repo/rbi_2025_2/scara/scara_ws/build/scara_mujoco_sim
[7.998s] Level 1:colcon.colcon_core.environment:create_environment_scripts_only(scara_mujoco_sim)
[7.999s] Level 1:colcon.colcon_core.environment:checking '/home/eia/repo/rbi_2025_2/scara/scara_ws/install/scara_mujoco_sim' for CMake module files
[8.000s] DEBUG:colcon.colcon_core.event_handler.log_command:Invoked command in '/home/eia/repo/rbi_2025_2/scara/scara_ws/build/scara_mujoco_sim' returned '0': CMAKE_PREFIX_PATH=${CMAKE_PREFIX_PATH}:/home/eia/repo/rbi_2025_2/scara/scara_ws/install/scara_general_ik_solver:/home/eia/repo/rbi_2025_2/scara/scara_ws/install/scara_tf_generator:/home/eia/repo/rbi_2025_2/scara/scara_ws/install/scara_path_generator:/home/eia/repo/rbi_2025_2/scara/scara_ws/install/scara_path_controller:/home/eia/repo/rbi_2025_2/scara/scara_ws/install/scara_mujoco_python_sim:/home/eia/repo/rbi_2025_2/scara/scara_ws/install/scara_ik_solver:/home/eia/repo/rbi_2025_2/scara/scara_ws/install/premade_path_publisher:/opt/ros/humble /usr/bin/cmake --install /home/eia/repo/rbi_2025_2/scara/scara_ws/build/scara_mujoco_sim
[8.000s] Level 1:colcon.colcon_core.environment:checking '/home/eia/repo/rbi_2025_2/scara/scara_ws/install/scara_mujoco_sim' for CMake config files
[8.001s] Level 1:colcon.colcon_core.shell:create_environment_hook('scara_mujoco_sim', 'cmake_prefix_path')
[8.001s] INFO:colcon.colcon_core.shell:Creating environment hook '/home/eia/repo/rbi_2025_2/scara/scara_ws/install/scara_mujoco_sim/share/scara_mujoco_sim/hook/cmake_prefix_path.ps1'
[8.002s] INFO:colcon.colcon_core.shell:Creating environment descriptor '/home/eia/repo/rbi_2025_2/scara/scara_ws/install/scara_mujoco_sim/share/scara_mujoco_sim/hook/cmake_prefix_path.dsv'
[8.002s] INFO:colcon.colcon_core.shell:Creating environment hook '/home/eia/repo/rbi_2025_2/scara/scara_ws/install/scara_mujoco_sim/share/scara_mujoco_sim/hook/cmake_prefix_path.sh'
[8.003s] Level 1:colcon.colcon_core.environment:checking '/home/eia/repo/rbi_2025_2/scara/scara_ws/install/scara_mujoco_sim/lib'
[8.003s] Level 1:colcon.colcon_core.shell:create_environment_hook('scara_mujoco_sim', 'ld_library_path_lib')
[8.004s] INFO:colcon.colcon_core.shell:Creating environment hook '/home/eia/repo/rbi_2025_2/scara/scara_ws/install/scara_mujoco_sim/share/scara_mujoco_sim/hook/ld_library_path_lib.ps1'
[8.004s] INFO:colcon.colcon_core.shell:Creating environment descriptor '/home/eia/repo/rbi_2025_2/scara/scara_ws/install/scara_mujoco_sim/share/scara_mujoco_sim/hook/ld_library_path_lib.dsv'
[8.005s] INFO:colcon.colcon_core.shell:Creating environment hook '/home/eia/repo/rbi_2025_2/scara/scara_ws/install/scara_mujoco_sim/share/scara_mujoco_sim/hook/ld_library_path_lib.sh'
[8.005s] Level 1:colcon.colcon_core.environment:checking '/home/eia/repo/rbi_2025_2/scara/scara_ws/install/scara_mujoco_sim/bin'
[8.005s] Level 1:colcon.colcon_core.environment:checking '/home/eia/repo/rbi_2025_2/scara/scara_ws/install/scara_mujoco_sim/lib/pkgconfig/scara_mujoco_sim.pc'
[8.005s] Level 1:colcon.colcon_core.environment:checking '/home/eia/repo/rbi_2025_2/scara/scara_ws/install/scara_mujoco_sim/lib/python3.10/site-packages'
[8.006s] Level 1:colcon.colcon_core.environment:checking '/home/eia/repo/rbi_2025_2/scara/scara_ws/install/scara_mujoco_sim/bin'
[8.006s] INFO:colcon.colcon_core.shell:Creating package script '/home/eia/repo/rbi_2025_2/scara/scara_ws/install/scara_mujoco_sim/share/scara_mujoco_sim/package.ps1'
[8.007s] INFO:colcon.colcon_core.shell:Creating package descriptor '/home/eia/repo/rbi_2025_2/scara/scara_ws/install/scara_mujoco_sim/share/scara_mujoco_sim/package.dsv'
[8.007s] INFO:colcon.colcon_core.shell:Creating package script '/home/eia/repo/rbi_2025_2/scara/scara_ws/install/scara_mujoco_sim/share/scara_mujoco_sim/package.sh'
[8.008s] INFO:colcon.colcon_core.shell:Creating package script '/home/eia/repo/rbi_2025_2/scara/scara_ws/install/scara_mujoco_sim/share/scara_mujoco_sim/package.bash'
[8.009s] INFO:colcon.colcon_core.shell:Creating package script '/home/eia/repo/rbi_2025_2/scara/scara_ws/install/scara_mujoco_sim/share/scara_mujoco_sim/package.zsh'
[8.009s] Level 1:colcon.colcon_core.environment:create_file_with_runtime_dependencies(/home/eia/repo/rbi_2025_2/scara/scara_ws/install/scara_mujoco_sim/share/colcon-core/packages/scara_mujoco_sim)
[8.010s] Level 1:colcon.colcon_core.environment:create_environment_scripts_only(scara_mujoco_sim)
[8.010s] Level 1:colcon.colcon_core.environment:checking '/home/eia/repo/rbi_2025_2/scara/scara_ws/install/scara_mujoco_sim' for CMake module files
[8.011s] Level 1:colcon.colcon_core.environment:checking '/home/eia/repo/rbi_2025_2/scara/scara_ws/install/scara_mujoco_sim' for CMake config files
[8.011s] Level 1:colcon.colcon_core.shell:create_environment_hook('scara_mujoco_sim', 'cmake_prefix_path')
[8.011s] INFO:colcon.colcon_core.shell:Creating environment hook '/home/eia/repo/rbi_2025_2/scara/scara_ws/install/scara_mujoco_sim/share/scara_mujoco_sim/hook/cmake_prefix_path.ps1'
[8.012s] INFO:colcon.colcon_core.shell:Creating environment descriptor '/home/eia/repo/rbi_2025_2/scara/scara_ws/install/scara_mujoco_sim/share/scara_mujoco_sim/hook/cmake_prefix_path.dsv'
[8.012s] INFO:colcon.colcon_core.shell:Creating environment hook '/home/eia/repo/rbi_2025_2/scara/scara_ws/install/scara_mujoco_sim/share/scara_mujoco_sim/hook/cmake_prefix_path.sh'
[8.013s] Level 1:colcon.colcon_core.environment:checking '/home/eia/repo/rbi_2025_2/scara/scara_ws/install/scara_mujoco_sim/lib'
[8.013s] Level 1:colcon.colcon_core.shell:create_environment_hook('scara_mujoco_sim', 'ld_library_path_lib')
[8.013s] INFO:colcon.colcon_core.shell:Creating environment hook '/home/eia/repo/rbi_2025_2/scara/scara_ws/install/scara_mujoco_sim/share/scara_mujoco_sim/hook/ld_library_path_lib.ps1'
[8.014s] INFO:colcon.colcon_core.shell:Creating environment descriptor '/home/eia/repo/rbi_2025_2/scara/scara_ws/install/scara_mujoco_sim/share/scara_mujoco_sim/hook/ld_library_path_lib.dsv'
[8.014s] INFO:colcon.colcon_core.shell:Creating environment hook '/home/eia/repo/rbi_2025_2/scara/scara_ws/install/scara_mujoco_sim/share/scara_mujoco_sim/hook/ld_library_path_lib.sh'
[8.015s] Level 1:colcon.colcon_core.environment:checking '/home/eia/repo/rbi_2025_2/scara/scara_ws/install/scara_mujoco_sim/bin'
[8.015s] Level 1:colcon.colcon_core.environment:checking '/home/eia/repo/rbi_2025_2/scara/scara_ws/install/scara_mujoco_sim/lib/pkgconfig/scara_mujoco_sim.pc'
[8.015s] Level 1:colcon.colcon_core.environment:checking '/home/eia/repo/rbi_2025_2/scara/scara_ws/install/scara_mujoco_sim/lib/python3.10/site-packages'
[8.015s] Level 1:colcon.colcon_core.environment:checking '/home/eia/repo/rbi_2025_2/scara/scara_ws/install/scara_mujoco_sim/bin'
[8.016s] INFO:colcon.colcon_core.shell:Creating package script '/home/eia/repo/rbi_2025_2/scara/scara_ws/install/scara_mujoco_sim/share/scara_mujoco_sim/package.ps1'
[8.017s] INFO:colcon.colcon_core.shell:Creating package descriptor '/home/eia/repo/rbi_2025_2/scara/scara_ws/install/scara_mujoco_sim/share/scara_mujoco_sim/package.dsv'
[8.018s] INFO:colcon.colcon_core.shell:Creating package script '/home/eia/repo/rbi_2025_2/scara/scara_ws/install/scara_mujoco_sim/share/scara_mujoco_sim/package.sh'
[8.018s] INFO:colcon.colcon_core.shell:Creating package script '/home/eia/repo/rbi_2025_2/scara/scara_ws/install/scara_mujoco_sim/share/scara_mujoco_sim/package.bash'
[8.019s] INFO:colcon.colcon_core.shell:Creating package script '/home/eia/repo/rbi_2025_2/scara/scara_ws/install/scara_mujoco_sim/share/scara_mujoco_sim/package.zsh'
[8.020s] Level 1:colcon.colcon_core.environment:create_file_with_runtime_dependencies(/home/eia/repo/rbi_2025_2/scara/scara_ws/install/scara_mujoco_sim/share/colcon-core/packages/scara_mujoco_sim)
[8.020s] DEBUG:colcon.colcon_parallel_executor.executor.parallel:closing loop
[8.021s] DEBUG:colcon.colcon_parallel_executor.executor.parallel:loop closed
[8.021s] DEBUG:colcon.colcon_parallel_executor.executor.parallel:run_until_complete finished with '0'
[8.021s] DEBUG:colcon.colcon_core.event_reactor:joining thread
[8.029s] INFO:colcon.colcon_core.plugin_system:Skipping extension 'colcon_notification.desktop_notification.terminal_notifier': Not used on non-Darwin systems
[8.029s] INFO:colcon.colcon_core.plugin_system:Skipping extension 'colcon_notification.desktop_notification.win32': Not used on non-Windows systems
[8.029s] INFO:colcon.colcon_notification.desktop_notification:Sending desktop notification using 'notify2'
[8.044s] DEBUG:colcon.colcon_core.event_reactor:joined thread
[8.045s] INFO:colcon.colcon_core.shell:Creating prefix script '/home/eia/repo/rbi_2025_2/scara/scara_ws/install/local_setup.ps1'
[8.046s] INFO:colcon.colcon_core.shell:Creating prefix util module '/home/eia/repo/rbi_2025_2/scara/scara_ws/install/_local_setup_util_ps1.py'
[8.048s] INFO:colcon.colcon_core.shell:Creating prefix chain script '/home/eia/repo/rbi_2025_2/scara/scara_ws/install/setup.ps1'
[8.049s] INFO:colcon.colcon_core.shell:Creating prefix script '/home/eia/repo/rbi_2025_2/scara/scara_ws/install/local_setup.sh'
[8.050s] INFO:colcon.colcon_core.shell:Creating prefix util module '/home/eia/repo/rbi_2025_2/scara/scara_ws/install/_local_setup_util_sh.py'
[8.051s] INFO:colcon.colcon_core.shell:Creating prefix chain script '/home/eia/repo/rbi_2025_2/scara/scara_ws/install/setup.sh'
[8.053s] INFO:colcon.colcon_core.shell:Creating prefix script '/home/eia/repo/rbi_2025_2/scara/scara_ws/install/local_setup.bash'
[8.054s] INFO:colcon.colcon_core.shell:Creating prefix chain script '/home/eia/repo/rbi_2025_2/scara/scara_ws/install/setup.bash'
[8.056s] INFO:colcon.colcon_core.shell:Creating prefix script '/home/eia/repo/rbi_2025_2/scara/scara_ws/install/local_setup.zsh'
[8.057s] INFO:colcon.colcon_core.shell:Creating prefix chain script '/home/eia/repo/rbi_2025_2/scara/scara_ws/install/setup.zsh'
