[0.251s] DEBUG:colcon:Command line arguments: ['/home/eia/.local/bin/colcon', 'build', '--symlink-install']
[0.251s] DEBUG:colcon:Parsed command line arguments: Namespace(log_base=None, log_level=None, verb_name='build', build_base='build', install_base='install', merge_install=False, symlink_install=True, test_result_base=None, continue_on_error=False, executor='parallel', parallel_workers=12, event_handlers=None, ignore_user_meta=False, metas=['./colcon.meta'], base_paths=['.'], packages_ignore=None, packages_ignore_regex=None, paths=None, packages_up_to=None, packages_up_to_regex=None, packages_above=None, packages_above_and_dependencies=None, packages_above_depth=None, packages_select_by_dep=None, packages_skip_by_dep=None, packages_skip_up_to=None, packages_select_build_failed=False, packages_skip_build_finished=False, packages_select_test_failures=False, packages_skip_test_passed=False, packages_select=None, packages_skip=None, packages_select_regex=None, packages_skip_regex=None, packages_start=None, packages_end=None, allow_overriding=[], cmake_args=None, cmake_target=None, cmake_target_skip_unavailable=False, cmake_clean_cache=False, cmake_clean_first=False, cmake_force_configure=False, ament_cmake_args=None, catkin_cmake_args=None, catkin_skip_building_tests=False, mixin_files=None, mixin=None, verb_parser=<colcon_mixin.mixin.mixin_argument.MixinArgumentDecorator object at 0x7feb55646740>, verb_extension=<colcon_core.verb.build.BuildVerb object at 0x7feb557ced70>, main=<bound method BuildVerb.main of <colcon_core.verb.build.BuildVerb object at 0x7feb557ced70>>, mixin_verb=('build',))
[0.512s] Level 1:colcon.colcon_core.package_discovery:discover_packages(colcon_meta) check parameters
[0.512s] Level 1:colcon.colcon_core.package_discovery:discover_packages(recursive) check parameters
[0.512s] Level 1:colcon.colcon_core.package_discovery:discover_packages(ignore) check parameters
[0.512s] Level 1:colcon.colcon_core.package_discovery:discover_packages(path) check parameters
[0.512s] Level 1:colcon.colcon_core.package_discovery:discover_packages(colcon_meta) discover
[0.512s] Level 1:colcon.colcon_core.package_discovery:discover_packages(recursive) discover
[0.512s] INFO:colcon.colcon_core.package_discovery:Crawling recursively for packages in '/home/eia/repo/rbi_2025_2/scara/scara_ws'
[0.512s] Level 1:colcon.colcon_core.package_identification:_identify(.) by extensions ['ignore', 'ignore_ament_install']
[0.512s] Level 1:colcon.colcon_core.package_identification:_identify(.) by extension 'ignore'
[0.512s] Level 1:colcon.colcon_core.package_identification:_identify(.) by extension 'ignore_ament_install'
[0.512s] Level 1:colcon.colcon_core.package_identification:_identify(.) by extensions ['colcon_pkg']
[0.512s] Level 1:colcon.colcon_core.package_identification:_identify(.) by extension 'colcon_pkg'
[0.512s] Level 1:colcon.colcon_core.package_identification:_identify(.) by extensions ['colcon_meta']
[0.512s] Level 1:colcon.colcon_core.package_identification:_identify(.) by extension 'colcon_meta'
[0.512s] Level 1:colcon.colcon_core.package_identification:_identify(.) by extensions ['ros']
[0.513s] Level 1:colcon.colcon_core.package_identification:_identify(.) by extension 'ros'
[0.537s] Level 1:colcon.colcon_core.package_identification:_identify(.) by extensions ['cmake', 'python']
[0.537s] Level 1:colcon.colcon_core.package_identification:_identify(.) by extension 'cmake'
[0.537s] Level 1:colcon.colcon_core.package_identification:_identify(.) by extension 'python'
[0.537s] Level 1:colcon.colcon_core.package_identification:_identify(.) by extensions ['python_setup_py']
[0.537s] Level 1:colcon.colcon_core.package_identification:_identify(.) by extension 'python_setup_py'
[0.537s] Level 1:colcon.colcon_core.package_identification:_identify(build) by extensions ['ignore', 'ignore_ament_install']
[0.537s] Level 1:colcon.colcon_core.package_identification:_identify(build) by extension 'ignore'
[0.538s] Level 1:colcon.colcon_core.package_identification:_identify(build) ignored
[0.538s] Level 1:colcon.colcon_core.package_identification:_identify(install) by extensions ['ignore', 'ignore_ament_install']
[0.538s] Level 1:colcon.colcon_core.package_identification:_identify(install) by extension 'ignore'
[0.538s] Level 1:colcon.colcon_core.package_identification:_identify(install) ignored
[0.538s] Level 1:colcon.colcon_core.package_identification:_identify(log) by extensions ['ignore', 'ignore_ament_install']
[0.538s] Level 1:colcon.colcon_core.package_identification:_identify(log) by extension 'ignore'
[0.538s] Level 1:colcon.colcon_core.package_identification:_identify(log) ignored
[0.538s] Level 1:colcon.colcon_core.package_identification:_identify(mujoco) by extensions ['ignore', 'ignore_ament_install']
[0.538s] Level 1:colcon.colcon_core.package_identification:_identify(mujoco) by extension 'ignore'
[0.538s] Level 1:colcon.colcon_core.package_identification:_identify(mujoco) by extension 'ignore_ament_install'
[0.538s] Level 1:colcon.colcon_core.package_identification:_identify(mujoco) by extensions ['colcon_pkg']
[0.538s] Level 1:colcon.colcon_core.package_identification:_identify(mujoco) by extension 'colcon_pkg'
[0.538s] Level 1:colcon.colcon_core.package_identification:_identify(mujoco) by extensions ['colcon_meta']
[0.538s] Level 1:colcon.colcon_core.package_identification:_identify(mujoco) by extension 'colcon_meta'
[0.538s] Level 1:colcon.colcon_core.package_identification:_identify(mujoco) by extensions ['ros']
[0.538s] Level 1:colcon.colcon_core.package_identification:_identify(mujoco) by extension 'ros'
[0.538s] Level 1:colcon.colcon_core.package_identification:_identify(mujoco) by extensions ['cmake', 'python']
[0.539s] Level 1:colcon.colcon_core.package_identification:_identify(mujoco) by extension 'cmake'
[0.539s] Level 1:colcon.colcon_core.package_identification:_identify(mujoco) by extension 'python'
[0.539s] Level 1:colcon.colcon_core.package_identification:_identify(mujoco) by extensions ['python_setup_py']
[0.539s] Level 1:colcon.colcon_core.package_identification:_identify(mujoco) by extension 'python_setup_py'
[0.539s] Level 1:colcon.colcon_core.package_identification:_identify(mujoco/bin) by extensions ['ignore', 'ignore_ament_install']
[0.539s] Level 1:colcon.colcon_core.package_identification:_identify(mujoco/bin) by extension 'ignore'
[0.539s] Level 1:colcon.colcon_core.package_identification:_identify(mujoco/bin) by extension 'ignore_ament_install'
[0.539s] Level 1:colcon.colcon_core.package_identification:_identify(mujoco/bin) by extensions ['colcon_pkg']
[0.539s] Level 1:colcon.colcon_core.package_identification:_identify(mujoco/bin) by extension 'colcon_pkg'
[0.539s] Level 1:colcon.colcon_core.package_identification:_identify(mujoco/bin) by extensions ['colcon_meta']
[0.539s] Level 1:colcon.colcon_core.package_identification:_identify(mujoco/bin) by extension 'colcon_meta'
[0.539s] Level 1:colcon.colcon_core.package_identification:_identify(mujoco/bin) by extensions ['ros']
[0.539s] Level 1:colcon.colcon_core.package_identification:_identify(mujoco/bin) by extension 'ros'
[0.539s] Level 1:colcon.colcon_core.package_identification:_identify(mujoco/bin) by extensions ['cmake', 'python']
[0.539s] Level 1:colcon.colcon_core.package_identification:_identify(mujoco/bin) by extension 'cmake'
[0.539s] Level 1:colcon.colcon_core.package_identification:_identify(mujoco/bin) by extension 'python'
[0.539s] Level 1:colcon.colcon_core.package_identification:_identify(mujoco/bin) by extensions ['python_setup_py']
[0.539s] Level 1:colcon.colcon_core.package_identification:_identify(mujoco/bin) by extension 'python_setup_py'
[0.539s] Level 1:colcon.colcon_core.package_identification:_identify(mujoco/bin/mujoco_plugin) by extensions ['ignore', 'ignore_ament_install']
[0.539s] Level 1:colcon.colcon_core.package_identification:_identify(mujoco/bin/mujoco_plugin) by extension 'ignore'
[0.540s] Level 1:colcon.colcon_core.package_identification:_identify(mujoco/bin/mujoco_plugin) by extension 'ignore_ament_install'
[0.540s] Level 1:colcon.colcon_core.package_identification:_identify(mujoco/bin/mujoco_plugin) by extensions ['colcon_pkg']
[0.540s] Level 1:colcon.colcon_core.package_identification:_identify(mujoco/bin/mujoco_plugin) by extension 'colcon_pkg'
[0.540s] Level 1:colcon.colcon_core.package_identification:_identify(mujoco/bin/mujoco_plugin) by extensions ['colcon_meta']
[0.540s] Level 1:colcon.colcon_core.package_identification:_identify(mujoco/bin/mujoco_plugin) by extension 'colcon_meta'
[0.540s] Level 1:colcon.colcon_core.package_identification:_identify(mujoco/bin/mujoco_plugin) by extensions ['ros']
[0.540s] Level 1:colcon.colcon_core.package_identification:_identify(mujoco/bin/mujoco_plugin) by extension 'ros'
[0.540s] Level 1:colcon.colcon_core.package_identification:_identify(mujoco/bin/mujoco_plugin) by extensions ['cmake', 'python']
[0.540s] Level 1:colcon.colcon_core.package_identification:_identify(mujoco/bin/mujoco_plugin) by extension 'cmake'
[0.540s] Level 1:colcon.colcon_core.package_identification:_identify(mujoco/bin/mujoco_plugin) by extension 'python'
[0.540s] Level 1:colcon.colcon_core.package_identification:_identify(mujoco/bin/mujoco_plugin) by extensions ['python_setup_py']
[0.540s] Level 1:colcon.colcon_core.package_identification:_identify(mujoco/bin/mujoco_plugin) by extension 'python_setup_py'
[0.540s] Level 1:colcon.colcon_core.package_identification:_identify(mujoco/include) by extensions ['ignore', 'ignore_ament_install']
[0.540s] Level 1:colcon.colcon_core.package_identification:_identify(mujoco/include) by extension 'ignore'
[0.540s] Level 1:colcon.colcon_core.package_identification:_identify(mujoco/include) by extension 'ignore_ament_install'
[0.540s] Level 1:colcon.colcon_core.package_identification:_identify(mujoco/include) by extensions ['colcon_pkg']
[0.540s] Level 1:colcon.colcon_core.package_identification:_identify(mujoco/include) by extension 'colcon_pkg'
[0.540s] Level 1:colcon.colcon_core.package_identification:_identify(mujoco/include) by extensions ['colcon_meta']
[0.540s] Level 1:colcon.colcon_core.package_identification:_identify(mujoco/include) by extension 'colcon_meta'
[0.540s] Level 1:colcon.colcon_core.package_identification:_identify(mujoco/include) by extensions ['ros']
[0.540s] Level 1:colcon.colcon_core.package_identification:_identify(mujoco/include) by extension 'ros'
[0.540s] Level 1:colcon.colcon_core.package_identification:_identify(mujoco/include) by extensions ['cmake', 'python']
[0.541s] Level 1:colcon.colcon_core.package_identification:_identify(mujoco/include) by extension 'cmake'
[0.541s] Level 1:colcon.colcon_core.package_identification:_identify(mujoco/include) by extension 'python'
[0.541s] Level 1:colcon.colcon_core.package_identification:_identify(mujoco/include) by extensions ['python_setup_py']
[0.541s] Level 1:colcon.colcon_core.package_identification:_identify(mujoco/include) by extension 'python_setup_py'
[0.541s] Level 1:colcon.colcon_core.package_identification:_identify(mujoco/include/mujoco) by extensions ['ignore', 'ignore_ament_install']
[0.541s] Level 1:colcon.colcon_core.package_identification:_identify(mujoco/include/mujoco) by extension 'ignore'
[0.541s] Level 1:colcon.colcon_core.package_identification:_identify(mujoco/include/mujoco) by extension 'ignore_ament_install'
[0.541s] Level 1:colcon.colcon_core.package_identification:_identify(mujoco/include/mujoco) by extensions ['colcon_pkg']
[0.541s] Level 1:colcon.colcon_core.package_identification:_identify(mujoco/include/mujoco) by extension 'colcon_pkg'
[0.541s] Level 1:colcon.colcon_core.package_identification:_identify(mujoco/include/mujoco) by extensions ['colcon_meta']
[0.541s] Level 1:colcon.colcon_core.package_identification:_identify(mujoco/include/mujoco) by extension 'colcon_meta'
[0.541s] Level 1:colcon.colcon_core.package_identification:_identify(mujoco/include/mujoco) by extensions ['ros']
[0.541s] Level 1:colcon.colcon_core.package_identification:_identify(mujoco/include/mujoco) by extension 'ros'
[0.541s] Level 1:colcon.colcon_core.package_identification:_identify(mujoco/include/mujoco) by extensions ['cmake', 'python']
[0.541s] Level 1:colcon.colcon_core.package_identification:_identify(mujoco/include/mujoco) by extension 'cmake'
[0.541s] Level 1:colcon.colcon_core.package_identification:_identify(mujoco/include/mujoco) by extension 'python'
[0.541s] Level 1:colcon.colcon_core.package_identification:_identify(mujoco/include/mujoco) by extensions ['python_setup_py']
[0.541s] Level 1:colcon.colcon_core.package_identification:_identify(mujoco/include/mujoco) by extension 'python_setup_py'
[0.541s] Level 1:colcon.colcon_core.package_identification:_identify(mujoco/include/mujoco/experimental) by extensions ['ignore', 'ignore_ament_install']
[0.541s] Level 1:colcon.colcon_core.package_identification:_identify(mujoco/include/mujoco/experimental) by extension 'ignore'
[0.542s] Level 1:colcon.colcon_core.package_identification:_identify(mujoco/include/mujoco/experimental) by extension 'ignore_ament_install'
[0.542s] Level 1:colcon.colcon_core.package_identification:_identify(mujoco/include/mujoco/experimental) by extensions ['colcon_pkg']
[0.542s] Level 1:colcon.colcon_core.package_identification:_identify(mujoco/include/mujoco/experimental) by extension 'colcon_pkg'
[0.542s] Level 1:colcon.colcon_core.package_identification:_identify(mujoco/include/mujoco/experimental) by extensions ['colcon_meta']
[0.542s] Level 1:colcon.colcon_core.package_identification:_identify(mujoco/include/mujoco/experimental) by extension 'colcon_meta'
[0.542s] Level 1:colcon.colcon_core.package_identification:_identify(mujoco/include/mujoco/experimental) by extensions ['ros']
[0.542s] Level 1:colcon.colcon_core.package_identification:_identify(mujoco/include/mujoco/experimental) by extension 'ros'
[0.542s] Level 1:colcon.colcon_core.package_identification:_identify(mujoco/include/mujoco/experimental) by extensions ['cmake', 'python']
[0.542s] Level 1:colcon.colcon_core.package_identification:_identify(mujoco/include/mujoco/experimental) by extension 'cmake'
[0.542s] Level 1:colcon.colcon_core.package_identification:_identify(mujoco/include/mujoco/experimental) by extension 'python'
[0.542s] Level 1:colcon.colcon_core.package_identification:_identify(mujoco/include/mujoco/experimental) by extensions ['python_setup_py']
[0.542s] Level 1:colcon.colcon_core.package_identification:_identify(mujoco/include/mujoco/experimental) by extension 'python_setup_py'
[0.542s] Level 1:colcon.colcon_core.package_identification:_identify(mujoco/include/mujoco/experimental/usd) by extensions ['ignore', 'ignore_ament_install']
[0.542s] Level 1:colcon.colcon_core.package_identification:_identify(mujoco/include/mujoco/experimental/usd) by extension 'ignore'
[0.542s] Level 1:colcon.colcon_core.package_identification:_identify(mujoco/include/mujoco/experimental/usd) by extension 'ignore_ament_install'
[0.542s] Level 1:colcon.colcon_core.package_identification:_identify(mujoco/include/mujoco/experimental/usd) by extensions ['colcon_pkg']
[0.542s] Level 1:colcon.colcon_core.package_identification:_identify(mujoco/include/mujoco/experimental/usd) by extension 'colcon_pkg'
[0.542s] Level 1:colcon.colcon_core.package_identification:_identify(mujoco/include/mujoco/experimental/usd) by extensions ['colcon_meta']
[0.542s] Level 1:colcon.colcon_core.package_identification:_identify(mujoco/include/mujoco/experimental/usd) by extension 'colcon_meta'
[0.542s] Level 1:colcon.colcon_core.package_identification:_identify(mujoco/include/mujoco/experimental/usd) by extensions ['ros']
[0.542s] Level 1:colcon.colcon_core.package_identification:_identify(mujoco/include/mujoco/experimental/usd) by extension 'ros'
[0.543s] Level 1:colcon.colcon_core.package_identification:_identify(mujoco/include/mujoco/experimental/usd) by extensions ['cmake', 'python']
[0.543s] Level 1:colcon.colcon_core.package_identification:_identify(mujoco/include/mujoco/experimental/usd) by extension 'cmake'
[0.543s] Level 1:colcon.colcon_core.package_identification:_identify(mujoco/include/mujoco/experimental/usd) by extension 'python'
[0.543s] Level 1:colcon.colcon_core.package_identification:_identify(mujoco/include/mujoco/experimental/usd) by extensions ['python_setup_py']
[0.543s] Level 1:colcon.colcon_core.package_identification:_identify(mujoco/include/mujoco/experimental/usd) by extension 'python_setup_py'
[0.543s] Level 1:colcon.colcon_core.package_identification:_identify(mujoco/include/mujoco/experimental/usd/mjcPhysics) by extensions ['ignore', 'ignore_ament_install']
[0.543s] Level 1:colcon.colcon_core.package_identification:_identify(mujoco/include/mujoco/experimental/usd/mjcPhysics) by extension 'ignore'
[0.543s] Level 1:colcon.colcon_core.package_identification:_identify(mujoco/include/mujoco/experimental/usd/mjcPhysics) by extension 'ignore_ament_install'
[0.543s] Level 1:colcon.colcon_core.package_identification:_identify(mujoco/include/mujoco/experimental/usd/mjcPhysics) by extensions ['colcon_pkg']
[0.543s] Level 1:colcon.colcon_core.package_identification:_identify(mujoco/include/mujoco/experimental/usd/mjcPhysics) by extension 'colcon_pkg'
[0.543s] Level 1:colcon.colcon_core.package_identification:_identify(mujoco/include/mujoco/experimental/usd/mjcPhysics) by extensions ['colcon_meta']
[0.543s] Level 1:colcon.colcon_core.package_identification:_identify(mujoco/include/mujoco/experimental/usd/mjcPhysics) by extension 'colcon_meta'
[0.543s] Level 1:colcon.colcon_core.package_identification:_identify(mujoco/include/mujoco/experimental/usd/mjcPhysics) by extensions ['ros']
[0.543s] Level 1:colcon.colcon_core.package_identification:_identify(mujoco/include/mujoco/experimental/usd/mjcPhysics) by extension 'ros'
[0.543s] Level 1:colcon.colcon_core.package_identification:_identify(mujoco/include/mujoco/experimental/usd/mjcPhysics) by extensions ['cmake', 'python']
[0.543s] Level 1:colcon.colcon_core.package_identification:_identify(mujoco/include/mujoco/experimental/usd/mjcPhysics) by extension 'cmake'
[0.543s] Level 1:colcon.colcon_core.package_identification:_identify(mujoco/include/mujoco/experimental/usd/mjcPhysics) by extension 'python'
[0.543s] Level 1:colcon.colcon_core.package_identification:_identify(mujoco/include/mujoco/experimental/usd/mjcPhysics) by extensions ['python_setup_py']
[0.543s] Level 1:colcon.colcon_core.package_identification:_identify(mujoco/include/mujoco/experimental/usd/mjcPhysics) by extension 'python_setup_py'
[0.543s] Level 1:colcon.colcon_core.package_identification:_identify(mujoco/lib) by extensions ['ignore', 'ignore_ament_install']
[0.544s] Level 1:colcon.colcon_core.package_identification:_identify(mujoco/lib) by extension 'ignore'
[0.544s] Level 1:colcon.colcon_core.package_identification:_identify(mujoco/lib) by extension 'ignore_ament_install'
[0.544s] Level 1:colcon.colcon_core.package_identification:_identify(mujoco/lib) by extensions ['colcon_pkg']
[0.544s] Level 1:colcon.colcon_core.package_identification:_identify(mujoco/lib) by extension 'colcon_pkg'
[0.544s] Level 1:colcon.colcon_core.package_identification:_identify(mujoco/lib) by extensions ['colcon_meta']
[0.544s] Level 1:colcon.colcon_core.package_identification:_identify(mujoco/lib) by extension 'colcon_meta'
[0.544s] Level 1:colcon.colcon_core.package_identification:_identify(mujoco/lib) by extensions ['ros']
[0.544s] Level 1:colcon.colcon_core.package_identification:_identify(mujoco/lib) by extension 'ros'
[0.544s] Level 1:colcon.colcon_core.package_identification:_identify(mujoco/lib) by extensions ['cmake', 'python']
[0.544s] Level 1:colcon.colcon_core.package_identification:_identify(mujoco/lib) by extension 'cmake'
[0.544s] Level 1:colcon.colcon_core.package_identification:_identify(mujoco/lib) by extension 'python'
[0.544s] Level 1:colcon.colcon_core.package_identification:_identify(mujoco/lib) by extensions ['python_setup_py']
[0.544s] Level 1:colcon.colcon_core.package_identification:_identify(mujoco/lib) by extension 'python_setup_py'
[0.544s] Level 1:colcon.colcon_core.package_identification:_identify(mujoco/model) by extensions ['ignore', 'ignore_ament_install']
[0.544s] Level 1:colcon.colcon_core.package_identification:_identify(mujoco/model) by extension 'ignore'
[0.544s] Level 1:colcon.colcon_core.package_identification:_identify(mujoco/model) by extension 'ignore_ament_install'
[0.544s] Level 1:colcon.colcon_core.package_identification:_identify(mujoco/model) by extensions ['colcon_pkg']
[0.544s] Level 1:colcon.colcon_core.package_identification:_identify(mujoco/model) by extension 'colcon_pkg'
[0.544s] Level 1:colcon.colcon_core.package_identification:_identify(mujoco/model) by extensions ['colcon_meta']
[0.544s] Level 1:colcon.colcon_core.package_identification:_identify(mujoco/model) by extension 'colcon_meta'
[0.544s] Level 1:colcon.colcon_core.package_identification:_identify(mujoco/model) by extensions ['ros']
[0.545s] Level 1:colcon.colcon_core.package_identification:_identify(mujoco/model) by extension 'ros'
[0.545s] Level 1:colcon.colcon_core.package_identification:_identify(mujoco/model) by extensions ['cmake', 'python']
[0.545s] Level 1:colcon.colcon_core.package_identification:_identify(mujoco/model) by extension 'cmake'
[0.545s] Level 1:colcon.colcon_core.package_identification:_identify(mujoco/model) by extension 'python'
[0.545s] Level 1:colcon.colcon_core.package_identification:_identify(mujoco/model) by extensions ['python_setup_py']
[0.545s] Level 1:colcon.colcon_core.package_identification:_identify(mujoco/model) by extension 'python_setup_py'
[0.545s] Level 1:colcon.colcon_core.package_identification:_identify(mujoco/model/adhesion) by extensions ['ignore', 'ignore_ament_install']
[0.545s] Level 1:colcon.colcon_core.package_identification:_identify(mujoco/model/adhesion) by extension 'ignore'
[0.545s] Level 1:colcon.colcon_core.package_identification:_identify(mujoco/model/adhesion) by extension 'ignore_ament_install'
[0.545s] Level 1:colcon.colcon_core.package_identification:_identify(mujoco/model/adhesion) by extensions ['colcon_pkg']
[0.545s] Level 1:colcon.colcon_core.package_identification:_identify(mujoco/model/adhesion) by extension 'colcon_pkg'
[0.545s] Level 1:colcon.colcon_core.package_identification:_identify(mujoco/model/adhesion) by extensions ['colcon_meta']
[0.545s] Level 1:colcon.colcon_core.package_identification:_identify(mujoco/model/adhesion) by extension 'colcon_meta'
[0.545s] Level 1:colcon.colcon_core.package_identification:_identify(mujoco/model/adhesion) by extensions ['ros']
[0.545s] Level 1:colcon.colcon_core.package_identification:_identify(mujoco/model/adhesion) by extension 'ros'
[0.545s] Level 1:colcon.colcon_core.package_identification:_identify(mujoco/model/adhesion) by extensions ['cmake', 'python']
[0.545s] Level 1:colcon.colcon_core.package_identification:_identify(mujoco/model/adhesion) by extension 'cmake'
[0.545s] Level 1:colcon.colcon_core.package_identification:_identify(mujoco/model/adhesion) by extension 'python'
[0.545s] Level 1:colcon.colcon_core.package_identification:_identify(mujoco/model/adhesion) by extensions ['python_setup_py']
[0.545s] Level 1:colcon.colcon_core.package_identification:_identify(mujoco/model/adhesion) by extension 'python_setup_py'
[0.545s] Level 1:colcon.colcon_core.package_identification:_identify(mujoco/model/balloons) by extensions ['ignore', 'ignore_ament_install']
[0.546s] Level 1:colcon.colcon_core.package_identification:_identify(mujoco/model/balloons) by extension 'ignore'
[0.546s] Level 1:colcon.colcon_core.package_identification:_identify(mujoco/model/balloons) by extension 'ignore_ament_install'
[0.546s] Level 1:colcon.colcon_core.package_identification:_identify(mujoco/model/balloons) by extensions ['colcon_pkg']
[0.546s] Level 1:colcon.colcon_core.package_identification:_identify(mujoco/model/balloons) by extension 'colcon_pkg'
[0.546s] Level 1:colcon.colcon_core.package_identification:_identify(mujoco/model/balloons) by extensions ['colcon_meta']
[0.546s] Level 1:colcon.colcon_core.package_identification:_identify(mujoco/model/balloons) by extension 'colcon_meta'
[0.546s] Level 1:colcon.colcon_core.package_identification:_identify(mujoco/model/balloons) by extensions ['ros']
[0.546s] Level 1:colcon.colcon_core.package_identification:_identify(mujoco/model/balloons) by extension 'ros'
[0.546s] Level 1:colcon.colcon_core.package_identification:_identify(mujoco/model/balloons) by extensions ['cmake', 'python']
[0.546s] Level 1:colcon.colcon_core.package_identification:_identify(mujoco/model/balloons) by extension 'cmake'
[0.546s] Level 1:colcon.colcon_core.package_identification:_identify(mujoco/model/balloons) by extension 'python'
[0.546s] Level 1:colcon.colcon_core.package_identification:_identify(mujoco/model/balloons) by extensions ['python_setup_py']
[0.546s] Level 1:colcon.colcon_core.package_identification:_identify(mujoco/model/balloons) by extension 'python_setup_py'
[0.546s] Level 1:colcon.colcon_core.package_identification:_identify(mujoco/model/car) by extensions ['ignore', 'ignore_ament_install']
[0.546s] Level 1:colcon.colcon_core.package_identification:_identify(mujoco/model/car) by extension 'ignore'
[0.546s] Level 1:colcon.colcon_core.package_identification:_identify(mujoco/model/car) by extension 'ignore_ament_install'
[0.546s] Level 1:colcon.colcon_core.package_identification:_identify(mujoco/model/car) by extensions ['colcon_pkg']
[0.546s] Level 1:colcon.colcon_core.package_identification:_identify(mujoco/model/car) by extension 'colcon_pkg'
[0.546s] Level 1:colcon.colcon_core.package_identification:_identify(mujoco/model/car) by extensions ['colcon_meta']
[0.546s] Level 1:colcon.colcon_core.package_identification:_identify(mujoco/model/car) by extension 'colcon_meta'
[0.546s] Level 1:colcon.colcon_core.package_identification:_identify(mujoco/model/car) by extensions ['ros']
[0.546s] Level 1:colcon.colcon_core.package_identification:_identify(mujoco/model/car) by extension 'ros'
[0.547s] Level 1:colcon.colcon_core.package_identification:_identify(mujoco/model/car) by extensions ['cmake', 'python']
[0.547s] Level 1:colcon.colcon_core.package_identification:_identify(mujoco/model/car) by extension 'cmake'
[0.547s] Level 1:colcon.colcon_core.package_identification:_identify(mujoco/model/car) by extension 'python'
[0.547s] Level 1:colcon.colcon_core.package_identification:_identify(mujoco/model/car) by extensions ['python_setup_py']
[0.547s] Level 1:colcon.colcon_core.package_identification:_identify(mujoco/model/car) by extension 'python_setup_py'
[0.547s] Level 1:colcon.colcon_core.package_identification:_identify(mujoco/model/cards) by extensions ['ignore', 'ignore_ament_install']
[0.547s] Level 1:colcon.colcon_core.package_identification:_identify(mujoco/model/cards) by extension 'ignore'
[0.547s] Level 1:colcon.colcon_core.package_identification:_identify(mujoco/model/cards) by extension 'ignore_ament_install'
[0.547s] Level 1:colcon.colcon_core.package_identification:_identify(mujoco/model/cards) by extensions ['colcon_pkg']
[0.547s] Level 1:colcon.colcon_core.package_identification:_identify(mujoco/model/cards) by extension 'colcon_pkg'
[0.547s] Level 1:colcon.colcon_core.package_identification:_identify(mujoco/model/cards) by extensions ['colcon_meta']
[0.547s] Level 1:colcon.colcon_core.package_identification:_identify(mujoco/model/cards) by extension 'colcon_meta'
[0.547s] Level 1:colcon.colcon_core.package_identification:_identify(mujoco/model/cards) by extensions ['ros']
[0.547s] Level 1:colcon.colcon_core.package_identification:_identify(mujoco/model/cards) by extension 'ros'
[0.547s] Level 1:colcon.colcon_core.package_identification:_identify(mujoco/model/cards) by extensions ['cmake', 'python']
[0.547s] Level 1:colcon.colcon_core.package_identification:_identify(mujoco/model/cards) by extension 'cmake'
[0.547s] Level 1:colcon.colcon_core.package_identification:_identify(mujoco/model/cards) by extension 'python'
[0.547s] Level 1:colcon.colcon_core.package_identification:_identify(mujoco/model/cards) by extensions ['python_setup_py']
[0.547s] Level 1:colcon.colcon_core.package_identification:_identify(mujoco/model/cards) by extension 'python_setup_py'
[0.548s] Level 1:colcon.colcon_core.package_identification:_identify(mujoco/model/cards/assets) by extensions ['ignore', 'ignore_ament_install']
[0.548s] Level 1:colcon.colcon_core.package_identification:_identify(mujoco/model/cards/assets) by extension 'ignore'
[0.548s] Level 1:colcon.colcon_core.package_identification:_identify(mujoco/model/cards/assets) by extension 'ignore_ament_install'
[0.548s] Level 1:colcon.colcon_core.package_identification:_identify(mujoco/model/cards/assets) by extensions ['colcon_pkg']
[0.548s] Level 1:colcon.colcon_core.package_identification:_identify(mujoco/model/cards/assets) by extension 'colcon_pkg'
[0.548s] Level 1:colcon.colcon_core.package_identification:_identify(mujoco/model/cards/assets) by extensions ['colcon_meta']
[0.548s] Level 1:colcon.colcon_core.package_identification:_identify(mujoco/model/cards/assets) by extension 'colcon_meta'
[0.548s] Level 1:colcon.colcon_core.package_identification:_identify(mujoco/model/cards/assets) by extensions ['ros']
[0.548s] Level 1:colcon.colcon_core.package_identification:_identify(mujoco/model/cards/assets) by extension 'ros'
[0.548s] Level 1:colcon.colcon_core.package_identification:_identify(mujoco/model/cards/assets) by extensions ['cmake', 'python']
[0.548s] Level 1:colcon.colcon_core.package_identification:_identify(mujoco/model/cards/assets) by extension 'cmake'
[0.548s] Level 1:colcon.colcon_core.package_identification:_identify(mujoco/model/cards/assets) by extension 'python'
[0.548s] Level 1:colcon.colcon_core.package_identification:_identify(mujoco/model/cards/assets) by extensions ['python_setup_py']
[0.548s] Level 1:colcon.colcon_core.package_identification:_identify(mujoco/model/cards/assets) by extension 'python_setup_py'
[0.548s] Level 1:colcon.colcon_core.package_identification:_identify(mujoco/model/cube) by extensions ['ignore', 'ignore_ament_install']
[0.548s] Level 1:colcon.colcon_core.package_identification:_identify(mujoco/model/cube) by extension 'ignore'
[0.548s] Level 1:colcon.colcon_core.package_identification:_identify(mujoco/model/cube) by extension 'ignore_ament_install'
[0.548s] Level 1:colcon.colcon_core.package_identification:_identify(mujoco/model/cube) by extensions ['colcon_pkg']
[0.548s] Level 1:colcon.colcon_core.package_identification:_identify(mujoco/model/cube) by extension 'colcon_pkg'
[0.548s] Level 1:colcon.colcon_core.package_identification:_identify(mujoco/model/cube) by extensions ['colcon_meta']
[0.549s] Level 1:colcon.colcon_core.package_identification:_identify(mujoco/model/cube) by extension 'colcon_meta'
[0.549s] Level 1:colcon.colcon_core.package_identification:_identify(mujoco/model/cube) by extensions ['ros']
[0.549s] Level 1:colcon.colcon_core.package_identification:_identify(mujoco/model/cube) by extension 'ros'
[0.549s] Level 1:colcon.colcon_core.package_identification:_identify(mujoco/model/cube) by extensions ['cmake', 'python']
[0.549s] Level 1:colcon.colcon_core.package_identification:_identify(mujoco/model/cube) by extension 'cmake'
[0.549s] Level 1:colcon.colcon_core.package_identification:_identify(mujoco/model/cube) by extension 'python'
[0.549s] Level 1:colcon.colcon_core.package_identification:_identify(mujoco/model/cube) by extensions ['python_setup_py']
[0.549s] Level 1:colcon.colcon_core.package_identification:_identify(mujoco/model/cube) by extension 'python_setup_py'
[0.549s] Level 1:colcon.colcon_core.package_identification:_identify(mujoco/model/cube/assets) by extensions ['ignore', 'ignore_ament_install']
[0.549s] Level 1:colcon.colcon_core.package_identification:_identify(mujoco/model/cube/assets) by extension 'ignore'
[0.549s] Level 1:colcon.colcon_core.package_identification:_identify(mujoco/model/cube/assets) by extension 'ignore_ament_install'
[0.549s] Level 1:colcon.colcon_core.package_identification:_identify(mujoco/model/cube/assets) by extensions ['colcon_pkg']
[0.549s] Level 1:colcon.colcon_core.package_identification:_identify(mujoco/model/cube/assets) by extension 'colcon_pkg'
[0.549s] Level 1:colcon.colcon_core.package_identification:_identify(mujoco/model/cube/assets) by extensions ['colcon_meta']
[0.549s] Level 1:colcon.colcon_core.package_identification:_identify(mujoco/model/cube/assets) by extension 'colcon_meta'
[0.549s] Level 1:colcon.colcon_core.package_identification:_identify(mujoco/model/cube/assets) by extensions ['ros']
[0.549s] Level 1:colcon.colcon_core.package_identification:_identify(mujoco/model/cube/assets) by extension 'ros'
[0.549s] Level 1:colcon.colcon_core.package_identification:_identify(mujoco/model/cube/assets) by extensions ['cmake', 'python']
[0.549s] Level 1:colcon.colcon_core.package_identification:_identify(mujoco/model/cube/assets) by extension 'cmake'
[0.549s] Level 1:colcon.colcon_core.package_identification:_identify(mujoco/model/cube/assets) by extension 'python'
[0.549s] Level 1:colcon.colcon_core.package_identification:_identify(mujoco/model/cube/assets) by extensions ['python_setup_py']
[0.549s] Level 1:colcon.colcon_core.package_identification:_identify(mujoco/model/cube/assets) by extension 'python_setup_py'
[0.550s] Level 1:colcon.colcon_core.package_identification:_identify(mujoco/model/flex) by extensions ['ignore', 'ignore_ament_install']
[0.550s] Level 1:colcon.colcon_core.package_identification:_identify(mujoco/model/flex) by extension 'ignore'
[0.550s] Level 1:colcon.colcon_core.package_identification:_identify(mujoco/model/flex) by extension 'ignore_ament_install'
[0.550s] Level 1:colcon.colcon_core.package_identification:_identify(mujoco/model/flex) by extensions ['colcon_pkg']
[0.550s] Level 1:colcon.colcon_core.package_identification:_identify(mujoco/model/flex) by extension 'colcon_pkg'
[0.550s] Level 1:colcon.colcon_core.package_identification:_identify(mujoco/model/flex) by extensions ['colcon_meta']
[0.550s] Level 1:colcon.colcon_core.package_identification:_identify(mujoco/model/flex) by extension 'colcon_meta'
[0.550s] Level 1:colcon.colcon_core.package_identification:_identify(mujoco/model/flex) by extensions ['ros']
[0.550s] Level 1:colcon.colcon_core.package_identification:_identify(mujoco/model/flex) by extension 'ros'
[0.550s] Level 1:colcon.colcon_core.package_identification:_identify(mujoco/model/flex) by extensions ['cmake', 'python']
[0.550s] Level 1:colcon.colcon_core.package_identification:_identify(mujoco/model/flex) by extension 'cmake'
[0.550s] Level 1:colcon.colcon_core.package_identification:_identify(mujoco/model/flex) by extension 'python'
[0.550s] Level 1:colcon.colcon_core.package_identification:_identify(mujoco/model/flex) by extensions ['python_setup_py']
[0.550s] Level 1:colcon.colcon_core.package_identification:_identify(mujoco/model/flex) by extension 'python_setup_py'
[0.550s] Level 1:colcon.colcon_core.package_identification:_identify(mujoco/model/flex/asset) by extensions ['ignore', 'ignore_ament_install']
[0.550s] Level 1:colcon.colcon_core.package_identification:_identify(mujoco/model/flex/asset) by extension 'ignore'
[0.550s] Level 1:colcon.colcon_core.package_identification:_identify(mujoco/model/flex/asset) by extension 'ignore_ament_install'
[0.550s] Level 1:colcon.colcon_core.package_identification:_identify(mujoco/model/flex/asset) by extensions ['colcon_pkg']
[0.550s] Level 1:colcon.colcon_core.package_identification:_identify(mujoco/model/flex/asset) by extension 'colcon_pkg'
[0.551s] Level 1:colcon.colcon_core.package_identification:_identify(mujoco/model/flex/asset) by extensions ['colcon_meta']
[0.551s] Level 1:colcon.colcon_core.package_identification:_identify(mujoco/model/flex/asset) by extension 'colcon_meta'
[0.551s] Level 1:colcon.colcon_core.package_identification:_identify(mujoco/model/flex/asset) by extensions ['ros']
[0.551s] Level 1:colcon.colcon_core.package_identification:_identify(mujoco/model/flex/asset) by extension 'ros'
[0.551s] Level 1:colcon.colcon_core.package_identification:_identify(mujoco/model/flex/asset) by extensions ['cmake', 'python']
[0.551s] Level 1:colcon.colcon_core.package_identification:_identify(mujoco/model/flex/asset) by extension 'cmake'
[0.551s] Level 1:colcon.colcon_core.package_identification:_identify(mujoco/model/flex/asset) by extension 'python'
[0.551s] Level 1:colcon.colcon_core.package_identification:_identify(mujoco/model/flex/asset) by extensions ['python_setup_py']
[0.551s] Level 1:colcon.colcon_core.package_identification:_identify(mujoco/model/flex/asset) by extension 'python_setup_py'
[0.551s] Level 1:colcon.colcon_core.package_identification:_identify(mujoco/model/hammock) by extensions ['ignore', 'ignore_ament_install']
[0.551s] Level 1:colcon.colcon_core.package_identification:_identify(mujoco/model/hammock) by extension 'ignore'
[0.551s] Level 1:colcon.colcon_core.package_identification:_identify(mujoco/model/hammock) by extension 'ignore_ament_install'
[0.551s] Level 1:colcon.colcon_core.package_identification:_identify(mujoco/model/hammock) by extensions ['colcon_pkg']
[0.551s] Level 1:colcon.colcon_core.package_identification:_identify(mujoco/model/hammock) by extension 'colcon_pkg'
[0.551s] Level 1:colcon.colcon_core.package_identification:_identify(mujoco/model/hammock) by extensions ['colcon_meta']
[0.551s] Level 1:colcon.colcon_core.package_identification:_identify(mujoco/model/hammock) by extension 'colcon_meta'
[0.551s] Level 1:colcon.colcon_core.package_identification:_identify(mujoco/model/hammock) by extensions ['ros']
[0.551s] Level 1:colcon.colcon_core.package_identification:_identify(mujoco/model/hammock) by extension 'ros'
[0.551s] Level 1:colcon.colcon_core.package_identification:_identify(mujoco/model/hammock) by extensions ['cmake', 'python']
[0.551s] Level 1:colcon.colcon_core.package_identification:_identify(mujoco/model/hammock) by extension 'cmake'
[0.551s] Level 1:colcon.colcon_core.package_identification:_identify(mujoco/model/hammock) by extension 'python'
[0.551s] Level 1:colcon.colcon_core.package_identification:_identify(mujoco/model/hammock) by extensions ['python_setup_py']
[0.551s] Level 1:colcon.colcon_core.package_identification:_identify(mujoco/model/hammock) by extension 'python_setup_py'
[0.552s] Level 1:colcon.colcon_core.package_identification:_identify(mujoco/model/humanoid) by extensions ['ignore', 'ignore_ament_install']
[0.552s] Level 1:colcon.colcon_core.package_identification:_identify(mujoco/model/humanoid) by extension 'ignore'
[0.552s] Level 1:colcon.colcon_core.package_identification:_identify(mujoco/model/humanoid) by extension 'ignore_ament_install'
[0.552s] Level 1:colcon.colcon_core.package_identification:_identify(mujoco/model/humanoid) by extensions ['colcon_pkg']
[0.552s] Level 1:colcon.colcon_core.package_identification:_identify(mujoco/model/humanoid) by extension 'colcon_pkg'
[0.552s] Level 1:colcon.colcon_core.package_identification:_identify(mujoco/model/humanoid) by extensions ['colcon_meta']
[0.552s] Level 1:colcon.colcon_core.package_identification:_identify(mujoco/model/humanoid) by extension 'colcon_meta'
[0.552s] Level 1:colcon.colcon_core.package_identification:_identify(mujoco/model/humanoid) by extensions ['ros']
[0.552s] Level 1:colcon.colcon_core.package_identification:_identify(mujoco/model/humanoid) by extension 'ros'
[0.552s] Level 1:colcon.colcon_core.package_identification:_identify(mujoco/model/humanoid) by extensions ['cmake', 'python']
[0.552s] Level 1:colcon.colcon_core.package_identification:_identify(mujoco/model/humanoid) by extension 'cmake'
[0.552s] Level 1:colcon.colcon_core.package_identification:_identify(mujoco/model/humanoid) by extension 'python'
[0.552s] Level 1:colcon.colcon_core.package_identification:_identify(mujoco/model/humanoid) by extensions ['python_setup_py']
[0.552s] Level 1:colcon.colcon_core.package_identification:_identify(mujoco/model/humanoid) by extension 'python_setup_py'
[0.552s] Level 1:colcon.colcon_core.package_identification:_identify(mujoco/model/mug) by extensions ['ignore', 'ignore_ament_install']
[0.552s] Level 1:colcon.colcon_core.package_identification:_identify(mujoco/model/mug) by extension 'ignore'
[0.552s] Level 1:colcon.colcon_core.package_identification:_identify(mujoco/model/mug) by extension 'ignore_ament_install'
[0.552s] Level 1:colcon.colcon_core.package_identification:_identify(mujoco/model/mug) by extensions ['colcon_pkg']
[0.552s] Level 1:colcon.colcon_core.package_identification:_identify(mujoco/model/mug) by extension 'colcon_pkg'
[0.552s] Level 1:colcon.colcon_core.package_identification:_identify(mujoco/model/mug) by extensions ['colcon_meta']
[0.552s] Level 1:colcon.colcon_core.package_identification:_identify(mujoco/model/mug) by extension 'colcon_meta'
[0.553s] Level 1:colcon.colcon_core.package_identification:_identify(mujoco/model/mug) by extensions ['ros']
[0.553s] Level 1:colcon.colcon_core.package_identification:_identify(mujoco/model/mug) by extension 'ros'
[0.553s] Level 1:colcon.colcon_core.package_identification:_identify(mujoco/model/mug) by extensions ['cmake', 'python']
[0.553s] Level 1:colcon.colcon_core.package_identification:_identify(mujoco/model/mug) by extension 'cmake'
[0.553s] Level 1:colcon.colcon_core.package_identification:_identify(mujoco/model/mug) by extension 'python'
[0.553s] Level 1:colcon.colcon_core.package_identification:_identify(mujoco/model/mug) by extensions ['python_setup_py']
[0.553s] Level 1:colcon.colcon_core.package_identification:_identify(mujoco/model/mug) by extension 'python_setup_py'
[0.553s] Level 1:colcon.colcon_core.package_identification:_identify(mujoco/model/plugin) by extensions ['ignore', 'ignore_ament_install']
[0.553s] Level 1:colcon.colcon_core.package_identification:_identify(mujoco/model/plugin) by extension 'ignore'
[0.553s] Level 1:colcon.colcon_core.package_identification:_identify(mujoco/model/plugin) by extension 'ignore_ament_install'
[0.553s] Level 1:colcon.colcon_core.package_identification:_identify(mujoco/model/plugin) by extensions ['colcon_pkg']
[0.553s] Level 1:colcon.colcon_core.package_identification:_identify(mujoco/model/plugin) by extension 'colcon_pkg'
[0.553s] Level 1:colcon.colcon_core.package_identification:_identify(mujoco/model/plugin) by extensions ['colcon_meta']
[0.553s] Level 1:colcon.colcon_core.package_identification:_identify(mujoco/model/plugin) by extension 'colcon_meta'
[0.553s] Level 1:colcon.colcon_core.package_identification:_identify(mujoco/model/plugin) by extensions ['ros']
[0.553s] Level 1:colcon.colcon_core.package_identification:_identify(mujoco/model/plugin) by extension 'ros'
[0.553s] Level 1:colcon.colcon_core.package_identification:_identify(mujoco/model/plugin) by extensions ['cmake', 'python']
[0.553s] Level 1:colcon.colcon_core.package_identification:_identify(mujoco/model/plugin) by extension 'cmake'
[0.553s] Level 1:colcon.colcon_core.package_identification:_identify(mujoco/model/plugin) by extension 'python'
[0.553s] Level 1:colcon.colcon_core.package_identification:_identify(mujoco/model/plugin) by extensions ['python_setup_py']
[0.553s] Level 1:colcon.colcon_core.package_identification:_identify(mujoco/model/plugin) by extension 'python_setup_py'
[0.554s] Level 1:colcon.colcon_core.package_identification:_identify(mujoco/model/plugin/actuator) by extensions ['ignore', 'ignore_ament_install']
[0.554s] Level 1:colcon.colcon_core.package_identification:_identify(mujoco/model/plugin/actuator) by extension 'ignore'
[0.554s] Level 1:colcon.colcon_core.package_identification:_identify(mujoco/model/plugin/actuator) by extension 'ignore_ament_install'
[0.554s] Level 1:colcon.colcon_core.package_identification:_identify(mujoco/model/plugin/actuator) by extensions ['colcon_pkg']
[0.554s] Level 1:colcon.colcon_core.package_identification:_identify(mujoco/model/plugin/actuator) by extension 'colcon_pkg'
[0.554s] Level 1:colcon.colcon_core.package_identification:_identify(mujoco/model/plugin/actuator) by extensions ['colcon_meta']
[0.554s] Level 1:colcon.colcon_core.package_identification:_identify(mujoco/model/plugin/actuator) by extension 'colcon_meta'
[0.554s] Level 1:colcon.colcon_core.package_identification:_identify(mujoco/model/plugin/actuator) by extensions ['ros']
[0.554s] Level 1:colcon.colcon_core.package_identification:_identify(mujoco/model/plugin/actuator) by extension 'ros'
[0.554s] Level 1:colcon.colcon_core.package_identification:_identify(mujoco/model/plugin/actuator) by extensions ['cmake', 'python']
[0.554s] Level 1:colcon.colcon_core.package_identification:_identify(mujoco/model/plugin/actuator) by extension 'cmake'
[0.554s] Level 1:colcon.colcon_core.package_identification:_identify(mujoco/model/plugin/actuator) by extension 'python'
[0.554s] Level 1:colcon.colcon_core.package_identification:_identify(mujoco/model/plugin/actuator) by extensions ['python_setup_py']
[0.554s] Level 1:colcon.colcon_core.package_identification:_identify(mujoco/model/plugin/actuator) by extension 'python_setup_py'
[0.554s] Level 1:colcon.colcon_core.package_identification:_identify(mujoco/model/plugin/elasticity) by extensions ['ignore', 'ignore_ament_install']
[0.554s] Level 1:colcon.colcon_core.package_identification:_identify(mujoco/model/plugin/elasticity) by extension 'ignore'
[0.554s] Level 1:colcon.colcon_core.package_identification:_identify(mujoco/model/plugin/elasticity) by extension 'ignore_ament_install'
[0.554s] Level 1:colcon.colcon_core.package_identification:_identify(mujoco/model/plugin/elasticity) by extensions ['colcon_pkg']
[0.554s] Level 1:colcon.colcon_core.package_identification:_identify(mujoco/model/plugin/elasticity) by extension 'colcon_pkg'
[0.554s] Level 1:colcon.colcon_core.package_identification:_identify(mujoco/model/plugin/elasticity) by extensions ['colcon_meta']
[0.554s] Level 1:colcon.colcon_core.package_identification:_identify(mujoco/model/plugin/elasticity) by extension 'colcon_meta'
[0.555s] Level 1:colcon.colcon_core.package_identification:_identify(mujoco/model/plugin/elasticity) by extensions ['ros']
[0.555s] Level 1:colcon.colcon_core.package_identification:_identify(mujoco/model/plugin/elasticity) by extension 'ros'
[0.555s] Level 1:colcon.colcon_core.package_identification:_identify(mujoco/model/plugin/elasticity) by extensions ['cmake', 'python']
[0.555s] Level 1:colcon.colcon_core.package_identification:_identify(mujoco/model/plugin/elasticity) by extension 'cmake'
[0.555s] Level 1:colcon.colcon_core.package_identification:_identify(mujoco/model/plugin/elasticity) by extension 'python'
[0.555s] Level 1:colcon.colcon_core.package_identification:_identify(mujoco/model/plugin/elasticity) by extensions ['python_setup_py']
[0.555s] Level 1:colcon.colcon_core.package_identification:_identify(mujoco/model/plugin/elasticity) by extension 'python_setup_py'
[0.555s] Level 1:colcon.colcon_core.package_identification:_identify(mujoco/model/plugin/sdf) by extensions ['ignore', 'ignore_ament_install']
[0.555s] Level 1:colcon.colcon_core.package_identification:_identify(mujoco/model/plugin/sdf) by extension 'ignore'
[0.555s] Level 1:colcon.colcon_core.package_identification:_identify(mujoco/model/plugin/sdf) by extension 'ignore_ament_install'
[0.555s] Level 1:colcon.colcon_core.package_identification:_identify(mujoco/model/plugin/sdf) by extensions ['colcon_pkg']
[0.555s] Level 1:colcon.colcon_core.package_identification:_identify(mujoco/model/plugin/sdf) by extension 'colcon_pkg'
[0.555s] Level 1:colcon.colcon_core.package_identification:_identify(mujoco/model/plugin/sdf) by extensions ['colcon_meta']
[0.555s] Level 1:colcon.colcon_core.package_identification:_identify(mujoco/model/plugin/sdf) by extension 'colcon_meta'
[0.555s] Level 1:colcon.colcon_core.package_identification:_identify(mujoco/model/plugin/sdf) by extensions ['ros']
[0.555s] Level 1:colcon.colcon_core.package_identification:_identify(mujoco/model/plugin/sdf) by extension 'ros'
[0.555s] Level 1:colcon.colcon_core.package_identification:_identify(mujoco/model/plugin/sdf) by extensions ['cmake', 'python']
[0.555s] Level 1:colcon.colcon_core.package_identification:_identify(mujoco/model/plugin/sdf) by extension 'cmake'
[0.555s] Level 1:colcon.colcon_core.package_identification:_identify(mujoco/model/plugin/sdf) by extension 'python'
[0.555s] Level 1:colcon.colcon_core.package_identification:_identify(mujoco/model/plugin/sdf) by extensions ['python_setup_py']
[0.555s] Level 1:colcon.colcon_core.package_identification:_identify(mujoco/model/plugin/sdf) by extension 'python_setup_py'
[0.556s] Level 1:colcon.colcon_core.package_identification:_identify(mujoco/model/plugin/sdf/asset) by extensions ['ignore', 'ignore_ament_install']
[0.556s] Level 1:colcon.colcon_core.package_identification:_identify(mujoco/model/plugin/sdf/asset) by extension 'ignore'
[0.556s] Level 1:colcon.colcon_core.package_identification:_identify(mujoco/model/plugin/sdf/asset) by extension 'ignore_ament_install'
[0.556s] Level 1:colcon.colcon_core.package_identification:_identify(mujoco/model/plugin/sdf/asset) by extensions ['colcon_pkg']
[0.556s] Level 1:colcon.colcon_core.package_identification:_identify(mujoco/model/plugin/sdf/asset) by extension 'colcon_pkg'
[0.556s] Level 1:colcon.colcon_core.package_identification:_identify(mujoco/model/plugin/sdf/asset) by extensions ['colcon_meta']
[0.556s] Level 1:colcon.colcon_core.package_identification:_identify(mujoco/model/plugin/sdf/asset) by extension 'colcon_meta'
[0.556s] Level 1:colcon.colcon_core.package_identification:_identify(mujoco/model/plugin/sdf/asset) by extensions ['ros']
[0.556s] Level 1:colcon.colcon_core.package_identification:_identify(mujoco/model/plugin/sdf/asset) by extension 'ros'
[0.556s] Level 1:colcon.colcon_core.package_identification:_identify(mujoco/model/plugin/sdf/asset) by extensions ['cmake', 'python']
[0.556s] Level 1:colcon.colcon_core.package_identification:_identify(mujoco/model/plugin/sdf/asset) by extension 'cmake'
[0.556s] Level 1:colcon.colcon_core.package_identification:_identify(mujoco/model/plugin/sdf/asset) by extension 'python'
[0.556s] Level 1:colcon.colcon_core.package_identification:_identify(mujoco/model/plugin/sdf/asset) by extensions ['python_setup_py']
[0.556s] Level 1:colcon.colcon_core.package_identification:_identify(mujoco/model/plugin/sdf/asset) by extension 'python_setup_py'
[0.556s] Level 1:colcon.colcon_core.package_identification:_identify(mujoco/model/plugin/sensor) by extensions ['ignore', 'ignore_ament_install']
[0.556s] Level 1:colcon.colcon_core.package_identification:_identify(mujoco/model/plugin/sensor) by extension 'ignore'
[0.556s] Level 1:colcon.colcon_core.package_identification:_identify(mujoco/model/plugin/sensor) by extension 'ignore_ament_install'
[0.556s] Level 1:colcon.colcon_core.package_identification:_identify(mujoco/model/plugin/sensor) by extensions ['colcon_pkg']
[0.556s] Level 1:colcon.colcon_core.package_identification:_identify(mujoco/model/plugin/sensor) by extension 'colcon_pkg'
[0.556s] Level 1:colcon.colcon_core.package_identification:_identify(mujoco/model/plugin/sensor) by extensions ['colcon_meta']
[0.557s] Level 1:colcon.colcon_core.package_identification:_identify(mujoco/model/plugin/sensor) by extension 'colcon_meta'
[0.557s] Level 1:colcon.colcon_core.package_identification:_identify(mujoco/model/plugin/sensor) by extensions ['ros']
[0.557s] Level 1:colcon.colcon_core.package_identification:_identify(mujoco/model/plugin/sensor) by extension 'ros'
[0.557s] Level 1:colcon.colcon_core.package_identification:_identify(mujoco/model/plugin/sensor) by extensions ['cmake', 'python']
[0.557s] Level 1:colcon.colcon_core.package_identification:_identify(mujoco/model/plugin/sensor) by extension 'cmake'
[0.557s] Level 1:colcon.colcon_core.package_identification:_identify(mujoco/model/plugin/sensor) by extension 'python'
[0.557s] Level 1:colcon.colcon_core.package_identification:_identify(mujoco/model/plugin/sensor) by extensions ['python_setup_py']
[0.557s] Level 1:colcon.colcon_core.package_identification:_identify(mujoco/model/plugin/sensor) by extension 'python_setup_py'
[0.557s] Level 1:colcon.colcon_core.package_identification:_identify(mujoco/model/replicate) by extensions ['ignore', 'ignore_ament_install']
[0.557s] Level 1:colcon.colcon_core.package_identification:_identify(mujoco/model/replicate) by extension 'ignore'
[0.557s] Level 1:colcon.colcon_core.package_identification:_identify(mujoco/model/replicate) by extension 'ignore_ament_install'
[0.557s] Level 1:colcon.colcon_core.package_identification:_identify(mujoco/model/replicate) by extensions ['colcon_pkg']
[0.557s] Level 1:colcon.colcon_core.package_identification:_identify(mujoco/model/replicate) by extension 'colcon_pkg'
[0.557s] Level 1:colcon.colcon_core.package_identification:_identify(mujoco/model/replicate) by extensions ['colcon_meta']
[0.557s] Level 1:colcon.colcon_core.package_identification:_identify(mujoco/model/replicate) by extension 'colcon_meta'
[0.557s] Level 1:colcon.colcon_core.package_identification:_identify(mujoco/model/replicate) by extensions ['ros']
[0.557s] Level 1:colcon.colcon_core.package_identification:_identify(mujoco/model/replicate) by extension 'ros'
[0.557s] Level 1:colcon.colcon_core.package_identification:_identify(mujoco/model/replicate) by extensions ['cmake', 'python']
[0.557s] Level 1:colcon.colcon_core.package_identification:_identify(mujoco/model/replicate) by extension 'cmake'
[0.557s] Level 1:colcon.colcon_core.package_identification:_identify(mujoco/model/replicate) by extension 'python'
[0.557s] Level 1:colcon.colcon_core.package_identification:_identify(mujoco/model/replicate) by extensions ['python_setup_py']
[0.557s] Level 1:colcon.colcon_core.package_identification:_identify(mujoco/model/replicate) by extension 'python_setup_py'
[0.558s] Level 1:colcon.colcon_core.package_identification:_identify(mujoco/model/replicate/asset) by extensions ['ignore', 'ignore_ament_install']
[0.558s] Level 1:colcon.colcon_core.package_identification:_identify(mujoco/model/replicate/asset) by extension 'ignore'
[0.558s] Level 1:colcon.colcon_core.package_identification:_identify(mujoco/model/replicate/asset) by extension 'ignore_ament_install'
[0.558s] Level 1:colcon.colcon_core.package_identification:_identify(mujoco/model/replicate/asset) by extensions ['colcon_pkg']
[0.558s] Level 1:colcon.colcon_core.package_identification:_identify(mujoco/model/replicate/asset) by extension 'colcon_pkg'
[0.558s] Level 1:colcon.colcon_core.package_identification:_identify(mujoco/model/replicate/asset) by extensions ['colcon_meta']
[0.558s] Level 1:colcon.colcon_core.package_identification:_identify(mujoco/model/replicate/asset) by extension 'colcon_meta'
[0.558s] Level 1:colcon.colcon_core.package_identification:_identify(mujoco/model/replicate/asset) by extensions ['ros']
[0.558s] Level 1:colcon.colcon_core.package_identification:_identify(mujoco/model/replicate/asset) by extension 'ros'
[0.558s] Level 1:colcon.colcon_core.package_identification:_identify(mujoco/model/replicate/asset) by extensions ['cmake', 'python']
[0.558s] Level 1:colcon.colcon_core.package_identification:_identify(mujoco/model/replicate/asset) by extension 'cmake'
[0.558s] Level 1:colcon.colcon_core.package_identification:_identify(mujoco/model/replicate/asset) by extension 'python'
[0.558s] Level 1:colcon.colcon_core.package_identification:_identify(mujoco/model/replicate/asset) by extensions ['python_setup_py']
[0.558s] Level 1:colcon.colcon_core.package_identification:_identify(mujoco/model/replicate/asset) by extension 'python_setup_py'
[0.558s] Level 1:colcon.colcon_core.package_identification:_identify(mujoco/model/slider_crank) by extensions ['ignore', 'ignore_ament_install']
[0.558s] Level 1:colcon.colcon_core.package_identification:_identify(mujoco/model/slider_crank) by extension 'ignore'
[0.558s] Level 1:colcon.colcon_core.package_identification:_identify(mujoco/model/slider_crank) by extension 'ignore_ament_install'
[0.558s] Level 1:colcon.colcon_core.package_identification:_identify(mujoco/model/slider_crank) by extensions ['colcon_pkg']
[0.558s] Level 1:colcon.colcon_core.package_identification:_identify(mujoco/model/slider_crank) by extension 'colcon_pkg'
[0.558s] Level 1:colcon.colcon_core.package_identification:_identify(mujoco/model/slider_crank) by extensions ['colcon_meta']
[0.559s] Level 1:colcon.colcon_core.package_identification:_identify(mujoco/model/slider_crank) by extension 'colcon_meta'
[0.559s] Level 1:colcon.colcon_core.package_identification:_identify(mujoco/model/slider_crank) by extensions ['ros']
[0.559s] Level 1:colcon.colcon_core.package_identification:_identify(mujoco/model/slider_crank) by extension 'ros'
[0.559s] Level 1:colcon.colcon_core.package_identification:_identify(mujoco/model/slider_crank) by extensions ['cmake', 'python']
[0.559s] Level 1:colcon.colcon_core.package_identification:_identify(mujoco/model/slider_crank) by extension 'cmake'
[0.559s] Level 1:colcon.colcon_core.package_identification:_identify(mujoco/model/slider_crank) by extension 'python'
[0.559s] Level 1:colcon.colcon_core.package_identification:_identify(mujoco/model/slider_crank) by extensions ['python_setup_py']
[0.559s] Level 1:colcon.colcon_core.package_identification:_identify(mujoco/model/slider_crank) by extension 'python_setup_py'
[0.559s] Level 1:colcon.colcon_core.package_identification:_identify(mujoco/model/tendon_arm) by extensions ['ignore', 'ignore_ament_install']
[0.559s] Level 1:colcon.colcon_core.package_identification:_identify(mujoco/model/tendon_arm) by extension 'ignore'
[0.559s] Level 1:colcon.colcon_core.package_identification:_identify(mujoco/model/tendon_arm) by extension 'ignore_ament_install'
[0.559s] Level 1:colcon.colcon_core.package_identification:_identify(mujoco/model/tendon_arm) by extensions ['colcon_pkg']
[0.559s] Level 1:colcon.colcon_core.package_identification:_identify(mujoco/model/tendon_arm) by extension 'colcon_pkg'
[0.559s] Level 1:colcon.colcon_core.package_identification:_identify(mujoco/model/tendon_arm) by extensions ['colcon_meta']
[0.559s] Level 1:colcon.colcon_core.package_identification:_identify(mujoco/model/tendon_arm) by extension 'colcon_meta'
[0.559s] Level 1:colcon.colcon_core.package_identification:_identify(mujoco/model/tendon_arm) by extensions ['ros']
[0.559s] Level 1:colcon.colcon_core.package_identification:_identify(mujoco/model/tendon_arm) by extension 'ros'
[0.559s] Level 1:colcon.colcon_core.package_identification:_identify(mujoco/model/tendon_arm) by extensions ['cmake', 'python']
[0.559s] Level 1:colcon.colcon_core.package_identification:_identify(mujoco/model/tendon_arm) by extension 'cmake'
[0.559s] Level 1:colcon.colcon_core.package_identification:_identify(mujoco/model/tendon_arm) by extension 'python'
[0.559s] Level 1:colcon.colcon_core.package_identification:_identify(mujoco/model/tendon_arm) by extensions ['python_setup_py']
[0.559s] Level 1:colcon.colcon_core.package_identification:_identify(mujoco/model/tendon_arm) by extension 'python_setup_py'
[0.560s] Level 1:colcon.colcon_core.package_identification:_identify(mujoco/sample) by extensions ['ignore', 'ignore_ament_install']
[0.560s] Level 1:colcon.colcon_core.package_identification:_identify(mujoco/sample) by extension 'ignore'
[0.560s] Level 1:colcon.colcon_core.package_identification:_identify(mujoco/sample) by extension 'ignore_ament_install'
[0.560s] Level 1:colcon.colcon_core.package_identification:_identify(mujoco/sample) by extensions ['colcon_pkg']
[0.560s] Level 1:colcon.colcon_core.package_identification:_identify(mujoco/sample) by extension 'colcon_pkg'
[0.560s] Level 1:colcon.colcon_core.package_identification:_identify(mujoco/sample) by extensions ['colcon_meta']
[0.560s] Level 1:colcon.colcon_core.package_identification:_identify(mujoco/sample) by extension 'colcon_meta'
[0.560s] Level 1:colcon.colcon_core.package_identification:_identify(mujoco/sample) by extensions ['ros']
[0.560s] Level 1:colcon.colcon_core.package_identification:_identify(mujoco/sample) by extension 'ros'
[0.560s] Level 1:colcon.colcon_core.package_identification:_identify(mujoco/sample) by extensions ['cmake', 'python']
[0.560s] Level 1:colcon.colcon_core.package_identification:_identify(mujoco/sample) by extension 'cmake'
[0.560s] Level 1:colcon.colcon_core.package_identification:_identify(mujoco/sample) by extension 'python'
[0.560s] Level 1:colcon.colcon_core.package_identification:_identify(mujoco/sample) by extensions ['python_setup_py']
[0.560s] Level 1:colcon.colcon_core.package_identification:_identify(mujoco/sample) by extension 'python_setup_py'
[0.560s] Level 1:colcon.colcon_core.package_identification:_identify(mujoco/sample/cmake) by extensions ['ignore', 'ignore_ament_install']
[0.560s] Level 1:colcon.colcon_core.package_identification:_identify(mujoco/sample/cmake) by extension 'ignore'
[0.560s] Level 1:colcon.colcon_core.package_identification:_identify(mujoco/sample/cmake) by extension 'ignore_ament_install'
[0.560s] Level 1:colcon.colcon_core.package_identification:_identify(mujoco/sample/cmake) by extensions ['colcon_pkg']
[0.560s] Level 1:colcon.colcon_core.package_identification:_identify(mujoco/sample/cmake) by extension 'colcon_pkg'
[0.560s] Level 1:colcon.colcon_core.package_identification:_identify(mujoco/sample/cmake) by extensions ['colcon_meta']
[0.561s] Level 1:colcon.colcon_core.package_identification:_identify(mujoco/sample/cmake) by extension 'colcon_meta'
[0.561s] Level 1:colcon.colcon_core.package_identification:_identify(mujoco/sample/cmake) by extensions ['ros']
[0.561s] Level 1:colcon.colcon_core.package_identification:_identify(mujoco/sample/cmake) by extension 'ros'
[0.561s] Level 1:colcon.colcon_core.package_identification:_identify(mujoco/sample/cmake) by extensions ['cmake', 'python']
[0.561s] Level 1:colcon.colcon_core.package_identification:_identify(mujoco/sample/cmake) by extension 'cmake'
[0.561s] Level 1:colcon.colcon_core.package_identification:_identify(mujoco/sample/cmake) by extension 'python'
[0.561s] Level 1:colcon.colcon_core.package_identification:_identify(mujoco/sample/cmake) by extensions ['python_setup_py']
[0.561s] Level 1:colcon.colcon_core.package_identification:_identify(mujoco/sample/cmake) by extension 'python_setup_py'
[0.561s] Level 1:colcon.colcon_core.package_identification:_identify(mujoco/simulate) by extensions ['ignore', 'ignore_ament_install']
[0.561s] Level 1:colcon.colcon_core.package_identification:_identify(mujoco/simulate) by extension 'ignore'
[0.561s] Level 1:colcon.colcon_core.package_identification:_identify(mujoco/simulate) by extension 'ignore_ament_install'
[0.561s] Level 1:colcon.colcon_core.package_identification:_identify(mujoco/simulate) by extensions ['colcon_pkg']
[0.561s] Level 1:colcon.colcon_core.package_identification:_identify(mujoco/simulate) by extension 'colcon_pkg'
[0.561s] Level 1:colcon.colcon_core.package_identification:_identify(mujoco/simulate) by extensions ['colcon_meta']
[0.561s] Level 1:colcon.colcon_core.package_identification:_identify(mujoco/simulate) by extension 'colcon_meta'
[0.561s] Level 1:colcon.colcon_core.package_identification:_identify(mujoco/simulate) by extensions ['ros']
[0.561s] Level 1:colcon.colcon_core.package_identification:_identify(mujoco/simulate) by extension 'ros'
[0.561s] Level 1:colcon.colcon_core.package_identification:_identify(mujoco/simulate) by extensions ['cmake', 'python']
[0.561s] Level 1:colcon.colcon_core.package_identification:_identify(mujoco/simulate) by extension 'cmake'
[0.561s] Level 1:colcon.colcon_core.package_identification:_identify(mujoco/simulate) by extension 'python'
[0.561s] Level 1:colcon.colcon_core.package_identification:_identify(mujoco/simulate) by extensions ['python_setup_py']
[0.561s] Level 1:colcon.colcon_core.package_identification:_identify(mujoco/simulate) by extension 'python_setup_py'
[0.562s] Level 1:colcon.colcon_core.package_identification:_identify(mujoco/simulate/cmake) by extensions ['ignore', 'ignore_ament_install']
[0.562s] Level 1:colcon.colcon_core.package_identification:_identify(mujoco/simulate/cmake) by extension 'ignore'
[0.562s] Level 1:colcon.colcon_core.package_identification:_identify(mujoco/simulate/cmake) by extension 'ignore_ament_install'
[0.562s] Level 1:colcon.colcon_core.package_identification:_identify(mujoco/simulate/cmake) by extensions ['colcon_pkg']
[0.562s] Level 1:colcon.colcon_core.package_identification:_identify(mujoco/simulate/cmake) by extension 'colcon_pkg'
[0.562s] Level 1:colcon.colcon_core.package_identification:_identify(mujoco/simulate/cmake) by extensions ['colcon_meta']
[0.562s] Level 1:colcon.colcon_core.package_identification:_identify(mujoco/simulate/cmake) by extension 'colcon_meta'
[0.562s] Level 1:colcon.colcon_core.package_identification:_identify(mujoco/simulate/cmake) by extensions ['ros']
[0.562s] Level 1:colcon.colcon_core.package_identification:_identify(mujoco/simulate/cmake) by extension 'ros'
[0.562s] Level 1:colcon.colcon_core.package_identification:_identify(mujoco/simulate/cmake) by extensions ['cmake', 'python']
[0.562s] Level 1:colcon.colcon_core.package_identification:_identify(mujoco/simulate/cmake) by extension 'cmake'
[0.562s] Level 1:colcon.colcon_core.package_identification:_identify(mujoco/simulate/cmake) by extension 'python'
[0.562s] Level 1:colcon.colcon_core.package_identification:_identify(mujoco/simulate/cmake) by extensions ['python_setup_py']
[0.562s] Level 1:colcon.colcon_core.package_identification:_identify(mujoco/simulate/cmake) by extension 'python_setup_py'
[0.562s] Level 1:colcon.colcon_core.package_identification:_identify(src) by extensions ['ignore', 'ignore_ament_install']
[0.562s] Level 1:colcon.colcon_core.package_identification:_identify(src) by extension 'ignore'
[0.562s] Level 1:colcon.colcon_core.package_identification:_identify(src) by extension 'ignore_ament_install'
[0.562s] Level 1:colcon.colcon_core.package_identification:_identify(src) by extensions ['colcon_pkg']
[0.562s] Level 1:colcon.colcon_core.package_identification:_identify(src) by extension 'colcon_pkg'
[0.562s] Level 1:colcon.colcon_core.package_identification:_identify(src) by extensions ['colcon_meta']
[0.562s] Level 1:colcon.colcon_core.package_identification:_identify(src) by extension 'colcon_meta'
[0.563s] Level 1:colcon.colcon_core.package_identification:_identify(src) by extensions ['ros']
[0.563s] Level 1:colcon.colcon_core.package_identification:_identify(src) by extension 'ros'
[0.563s] Level 1:colcon.colcon_core.package_identification:_identify(src) by extensions ['cmake', 'python']
[0.563s] Level 1:colcon.colcon_core.package_identification:_identify(src) by extension 'cmake'
[0.563s] Level 1:colcon.colcon_core.package_identification:_identify(src) by extension 'python'
[0.563s] Level 1:colcon.colcon_core.package_identification:_identify(src) by extensions ['python_setup_py']
[0.563s] Level 1:colcon.colcon_core.package_identification:_identify(src) by extension 'python_setup_py'
[0.563s] Level 1:colcon.colcon_core.package_identification:_identify(src/premade_path_publisher) by extensions ['ignore', 'ignore_ament_install']
[0.563s] Level 1:colcon.colcon_core.package_identification:_identify(src/premade_path_publisher) by extension 'ignore'
[0.563s] Level 1:colcon.colcon_core.package_identification:_identify(src/premade_path_publisher) by extension 'ignore_ament_install'
[0.563s] Level 1:colcon.colcon_core.package_identification:_identify(src/premade_path_publisher) by extensions ['colcon_pkg']
[0.563s] Level 1:colcon.colcon_core.package_identification:_identify(src/premade_path_publisher) by extension 'colcon_pkg'
[0.563s] Level 1:colcon.colcon_core.package_identification:_identify(src/premade_path_publisher) by extensions ['colcon_meta']
[0.563s] Level 1:colcon.colcon_core.package_identification:_identify(src/premade_path_publisher) by extension 'colcon_meta'
[0.563s] Level 1:colcon.colcon_core.package_identification:_identify(src/premade_path_publisher) by extensions ['ros']
[0.563s] Level 1:colcon.colcon_core.package_identification:_identify(src/premade_path_publisher) by extension 'ros'
[0.566s] DEBUG:colcon.colcon_core.package_identification:Package 'src/premade_path_publisher' with type 'ros.ament_python' and name 'premade_path_publisher'
[0.566s] Level 1:colcon.colcon_core.package_identification:_identify(src/scara_general_ik_solver) by extensions ['ignore', 'ignore_ament_install']
[0.566s] Level 1:colcon.colcon_core.package_identification:_identify(src/scara_general_ik_solver) by extension 'ignore'
[0.566s] Level 1:colcon.colcon_core.package_identification:_identify(src/scara_general_ik_solver) by extension 'ignore_ament_install'
[0.566s] Level 1:colcon.colcon_core.package_identification:_identify(src/scara_general_ik_solver) by extensions ['colcon_pkg']
[0.566s] Level 1:colcon.colcon_core.package_identification:_identify(src/scara_general_ik_solver) by extension 'colcon_pkg'
[0.566s] Level 1:colcon.colcon_core.package_identification:_identify(src/scara_general_ik_solver) by extensions ['colcon_meta']
[0.566s] Level 1:colcon.colcon_core.package_identification:_identify(src/scara_general_ik_solver) by extension 'colcon_meta'
[0.566s] Level 1:colcon.colcon_core.package_identification:_identify(src/scara_general_ik_solver) by extensions ['ros']
[0.566s] Level 1:colcon.colcon_core.package_identification:_identify(src/scara_general_ik_solver) by extension 'ros'
[0.567s] DEBUG:colcon.colcon_core.package_identification:Package 'src/scara_general_ik_solver' with type 'ros.ament_python' and name 'scara_general_ik_solver'
[0.567s] Level 1:colcon.colcon_core.package_identification:_identify(src/scara_gz_bringup) by extensions ['ignore', 'ignore_ament_install']
[0.567s] Level 1:colcon.colcon_core.package_identification:_identify(src/scara_gz_bringup) by extension 'ignore'
[0.567s] Level 1:colcon.colcon_core.package_identification:_identify(src/scara_gz_bringup) by extension 'ignore_ament_install'
[0.567s] Level 1:colcon.colcon_core.package_identification:_identify(src/scara_gz_bringup) by extensions ['colcon_pkg']
[0.567s] Level 1:colcon.colcon_core.package_identification:_identify(src/scara_gz_bringup) by extension 'colcon_pkg'
[0.567s] Level 1:colcon.colcon_core.package_identification:_identify(src/scara_gz_bringup) by extensions ['colcon_meta']
[0.567s] Level 1:colcon.colcon_core.package_identification:_identify(src/scara_gz_bringup) by extension 'colcon_meta'
[0.567s] Level 1:colcon.colcon_core.package_identification:_identify(src/scara_gz_bringup) by extensions ['ros']
[0.567s] Level 1:colcon.colcon_core.package_identification:_identify(src/scara_gz_bringup) by extension 'ros'
[0.568s] DEBUG:colcon.colcon_core.package_identification:Package 'src/scara_gz_bringup' with type 'ros.ament_cmake' and name 'scara_gz_bringup'
[0.568s] Level 1:colcon.colcon_core.package_identification:_identify(src/scara_gz_description) by extensions ['ignore', 'ignore_ament_install']
[0.568s] Level 1:colcon.colcon_core.package_identification:_identify(src/scara_gz_description) by extension 'ignore'
[0.568s] Level 1:colcon.colcon_core.package_identification:_identify(src/scara_gz_description) by extension 'ignore_ament_install'
[0.568s] Level 1:colcon.colcon_core.package_identification:_identify(src/scara_gz_description) by extensions ['colcon_pkg']
[0.568s] Level 1:colcon.colcon_core.package_identification:_identify(src/scara_gz_description) by extension 'colcon_pkg'
[0.568s] Level 1:colcon.colcon_core.package_identification:_identify(src/scara_gz_description) by extensions ['colcon_meta']
[0.568s] Level 1:colcon.colcon_core.package_identification:_identify(src/scara_gz_description) by extension 'colcon_meta'
[0.568s] Level 1:colcon.colcon_core.package_identification:_identify(src/scara_gz_description) by extensions ['ros']
[0.568s] Level 1:colcon.colcon_core.package_identification:_identify(src/scara_gz_description) by extension 'ros'
[0.569s] DEBUG:colcon.colcon_core.package_identification:Package 'src/scara_gz_description' with type 'ros.ament_cmake' and name 'scara_gz_description'
[0.569s] Level 1:colcon.colcon_core.package_identification:_identify(src/scara_hardware_interface) by extensions ['ignore', 'ignore_ament_install']
[0.569s] Level 1:colcon.colcon_core.package_identification:_identify(src/scara_hardware_interface) by extension 'ignore'
[0.569s] Level 1:colcon.colcon_core.package_identification:_identify(src/scara_hardware_interface) by extension 'ignore_ament_install'
[0.569s] Level 1:colcon.colcon_core.package_identification:_identify(src/scara_hardware_interface) by extensions ['colcon_pkg']
[0.569s] Level 1:colcon.colcon_core.package_identification:_identify(src/scara_hardware_interface) by extension 'colcon_pkg'
[0.569s] Level 1:colcon.colcon_core.package_identification:_identify(src/scara_hardware_interface) by extensions ['colcon_meta']
[0.569s] Level 1:colcon.colcon_core.package_identification:_identify(src/scara_hardware_interface) by extension 'colcon_meta'
[0.569s] Level 1:colcon.colcon_core.package_identification:_identify(src/scara_hardware_interface) by extensions ['ros']
[0.569s] Level 1:colcon.colcon_core.package_identification:_identify(src/scara_hardware_interface) by extension 'ros'
[0.570s] DEBUG:colcon.colcon_core.package_identification:Package 'src/scara_hardware_interface' with type 'ros.ament_cmake' and name 'scara_hardware_interface'
[0.570s] Level 1:colcon.colcon_core.package_identification:_identify(src/scara_mujoco_bringup) by extensions ['ignore', 'ignore_ament_install']
[0.570s] Level 1:colcon.colcon_core.package_identification:_identify(src/scara_mujoco_bringup) by extension 'ignore'
[0.570s] Level 1:colcon.colcon_core.package_identification:_identify(src/scara_mujoco_bringup) by extension 'ignore_ament_install'
[0.570s] Level 1:colcon.colcon_core.package_identification:_identify(src/scara_mujoco_bringup) by extensions ['colcon_pkg']
[0.570s] Level 1:colcon.colcon_core.package_identification:_identify(src/scara_mujoco_bringup) by extension 'colcon_pkg'
[0.570s] Level 1:colcon.colcon_core.package_identification:_identify(src/scara_mujoco_bringup) by extensions ['colcon_meta']
[0.570s] Level 1:colcon.colcon_core.package_identification:_identify(src/scara_mujoco_bringup) by extension 'colcon_meta'
[0.570s] Level 1:colcon.colcon_core.package_identification:_identify(src/scara_mujoco_bringup) by extensions ['ros']
[0.570s] Level 1:colcon.colcon_core.package_identification:_identify(src/scara_mujoco_bringup) by extension 'ros'
[0.571s] DEBUG:colcon.colcon_core.package_identification:Package 'src/scara_mujoco_bringup' with type 'ros.ament_cmake' and name 'scara_mujoco_bringup'
[0.571s] Level 1:colcon.colcon_core.package_identification:_identify(src/scara_mujoco_description) by extensions ['ignore', 'ignore_ament_install']
[0.571s] Level 1:colcon.colcon_core.package_identification:_identify(src/scara_mujoco_description) by extension 'ignore'
[0.571s] Level 1:colcon.colcon_core.package_identification:_identify(src/scara_mujoco_description) by extension 'ignore_ament_install'
[0.571s] Level 1:colcon.colcon_core.package_identification:_identify(src/scara_mujoco_description) by extensions ['colcon_pkg']
[0.571s] Level 1:colcon.colcon_core.package_identification:_identify(src/scara_mujoco_description) by extension 'colcon_pkg'
[0.571s] Level 1:colcon.colcon_core.package_identification:_identify(src/scara_mujoco_description) by extensions ['colcon_meta']
[0.571s] Level 1:colcon.colcon_core.package_identification:_identify(src/scara_mujoco_description) by extension 'colcon_meta'
[0.571s] Level 1:colcon.colcon_core.package_identification:_identify(src/scara_mujoco_description) by extensions ['ros']
[0.571s] Level 1:colcon.colcon_core.package_identification:_identify(src/scara_mujoco_description) by extension 'ros'
[0.572s] DEBUG:colcon.colcon_core.package_identification:Package 'src/scara_mujoco_description' with type 'ros.ament_cmake' and name 'scara_mujoco_description'
[0.572s] Level 1:colcon.colcon_core.package_identification:_identify(src/scara_mujoco_python_sim) by extensions ['ignore', 'ignore_ament_install']
[0.573s] Level 1:colcon.colcon_core.package_identification:_identify(src/scara_mujoco_python_sim) by extension 'ignore'
[0.573s] Level 1:colcon.colcon_core.package_identification:_identify(src/scara_mujoco_python_sim) by extension 'ignore_ament_install'
[0.573s] Level 1:colcon.colcon_core.package_identification:_identify(src/scara_mujoco_python_sim) by extensions ['colcon_pkg']
[0.573s] Level 1:colcon.colcon_core.package_identification:_identify(src/scara_mujoco_python_sim) by extension 'colcon_pkg'
[0.573s] Level 1:colcon.colcon_core.package_identification:_identify(src/scara_mujoco_python_sim) by extensions ['colcon_meta']
[0.573s] Level 1:colcon.colcon_core.package_identification:_identify(src/scara_mujoco_python_sim) by extension 'colcon_meta'
[0.573s] Level 1:colcon.colcon_core.package_identification:_identify(src/scara_mujoco_python_sim) by extensions ['ros']
[0.573s] Level 1:colcon.colcon_core.package_identification:_identify(src/scara_mujoco_python_sim) by extension 'ros'
[0.573s] DEBUG:colcon.colcon_core.package_identification:Package 'src/scara_mujoco_python_sim' with type 'ros.ament_python' and name 'scara_mujoco_python_sim'
[0.574s] Level 1:colcon.colcon_core.package_identification:_identify(src/scara_mujoco_sim) by extensions ['ignore', 'ignore_ament_install']
[0.574s] Level 1:colcon.colcon_core.package_identification:_identify(src/scara_mujoco_sim) by extension 'ignore'
[0.574s] Level 1:colcon.colcon_core.package_identification:_identify(src/scara_mujoco_sim) by extension 'ignore_ament_install'
[0.574s] Level 1:colcon.colcon_core.package_identification:_identify(src/scara_mujoco_sim) by extensions ['colcon_pkg']
[0.574s] Level 1:colcon.colcon_core.package_identification:_identify(src/scara_mujoco_sim) by extension 'colcon_pkg'
[0.574s] Level 1:colcon.colcon_core.package_identification:_identify(src/scara_mujoco_sim) by extensions ['colcon_meta']
[0.574s] Level 1:colcon.colcon_core.package_identification:_identify(src/scara_mujoco_sim) by extension 'colcon_meta'
[0.574s] Level 1:colcon.colcon_core.package_identification:_identify(src/scara_mujoco_sim) by extensions ['ros']
[0.574s] Level 1:colcon.colcon_core.package_identification:_identify(src/scara_mujoco_sim) by extension 'ros'
[0.575s] DEBUG:colcon.colcon_core.package_identification:Package 'src/scara_mujoco_sim' with type 'ros.ament_cmake' and name 'scara_mujoco_sim'
[0.575s] Level 1:colcon.colcon_core.package_identification:_identify(src/scara_path_controller) by extensions ['ignore', 'ignore_ament_install']
[0.575s] Level 1:colcon.colcon_core.package_identification:_identify(src/scara_path_controller) by extension 'ignore'
[0.575s] Level 1:colcon.colcon_core.package_identification:_identify(src/scara_path_controller) by extension 'ignore_ament_install'
[0.575s] Level 1:colcon.colcon_core.package_identification:_identify(src/scara_path_controller) by extensions ['colcon_pkg']
[0.575s] Level 1:colcon.colcon_core.package_identification:_identify(src/scara_path_controller) by extension 'colcon_pkg'
[0.575s] Level 1:colcon.colcon_core.package_identification:_identify(src/scara_path_controller) by extensions ['colcon_meta']
[0.575s] Level 1:colcon.colcon_core.package_identification:_identify(src/scara_path_controller) by extension 'colcon_meta'
[0.575s] Level 1:colcon.colcon_core.package_identification:_identify(src/scara_path_controller) by extensions ['ros']
[0.575s] Level 1:colcon.colcon_core.package_identification:_identify(src/scara_path_controller) by extension 'ros'
[0.576s] DEBUG:colcon.colcon_core.package_identification:Package 'src/scara_path_controller' with type 'ros.ament_python' and name 'scara_path_controller'
[0.576s] Level 1:colcon.colcon_core.package_identification:_identify(src/scara_path_generator) by extensions ['ignore', 'ignore_ament_install']
[0.576s] Level 1:colcon.colcon_core.package_identification:_identify(src/scara_path_generator) by extension 'ignore'
[0.576s] Level 1:colcon.colcon_core.package_identification:_identify(src/scara_path_generator) by extension 'ignore_ament_install'
[0.576s] Level 1:colcon.colcon_core.package_identification:_identify(src/scara_path_generator) by extensions ['colcon_pkg']
[0.576s] Level 1:colcon.colcon_core.package_identification:_identify(src/scara_path_generator) by extension 'colcon_pkg'
[0.576s] Level 1:colcon.colcon_core.package_identification:_identify(src/scara_path_generator) by extensions ['colcon_meta']
[0.576s] Level 1:colcon.colcon_core.package_identification:_identify(src/scara_path_generator) by extension 'colcon_meta'
[0.576s] Level 1:colcon.colcon_core.package_identification:_identify(src/scara_path_generator) by extensions ['ros']
[0.576s] Level 1:colcon.colcon_core.package_identification:_identify(src/scara_path_generator) by extension 'ros'
[0.577s] DEBUG:colcon.colcon_core.package_identification:Package 'src/scara_path_generator' with type 'ros.ament_python' and name 'scara_path_generator'
[0.577s] Level 1:colcon.colcon_core.package_identification:_identify(src/scara_real_bringup) by extensions ['ignore', 'ignore_ament_install']
[0.577s] Level 1:colcon.colcon_core.package_identification:_identify(src/scara_real_bringup) by extension 'ignore'
[0.577s] Level 1:colcon.colcon_core.package_identification:_identify(src/scara_real_bringup) by extension 'ignore_ament_install'
[0.577s] Level 1:colcon.colcon_core.package_identification:_identify(src/scara_real_bringup) by extensions ['colcon_pkg']
[0.577s] Level 1:colcon.colcon_core.package_identification:_identify(src/scara_real_bringup) by extension 'colcon_pkg'
[0.577s] Level 1:colcon.colcon_core.package_identification:_identify(src/scara_real_bringup) by extensions ['colcon_meta']
[0.577s] Level 1:colcon.colcon_core.package_identification:_identify(src/scara_real_bringup) by extension 'colcon_meta'
[0.577s] Level 1:colcon.colcon_core.package_identification:_identify(src/scara_real_bringup) by extensions ['ros']
[0.577s] Level 1:colcon.colcon_core.package_identification:_identify(src/scara_real_bringup) by extension 'ros'
[0.578s] DEBUG:colcon.colcon_core.package_identification:Package 'src/scara_real_bringup' with type 'ros.ament_cmake' and name 'scara_real_bringup'
[0.578s] Level 1:colcon.colcon_core.package_identification:_identify(src/scara_real_description) by extensions ['ignore', 'ignore_ament_install']
[0.578s] Level 1:colcon.colcon_core.package_identification:_identify(src/scara_real_description) by extension 'ignore'
[0.578s] Level 1:colcon.colcon_core.package_identification:_identify(src/scara_real_description) by extension 'ignore_ament_install'
[0.578s] Level 1:colcon.colcon_core.package_identification:_identify(src/scara_real_description) by extensions ['colcon_pkg']
[0.578s] Level 1:colcon.colcon_core.package_identification:_identify(src/scara_real_description) by extension 'colcon_pkg'
[0.578s] Level 1:colcon.colcon_core.package_identification:_identify(src/scara_real_description) by extensions ['colcon_meta']
[0.578s] Level 1:colcon.colcon_core.package_identification:_identify(src/scara_real_description) by extension 'colcon_meta'
[0.578s] Level 1:colcon.colcon_core.package_identification:_identify(src/scara_real_description) by extensions ['ros']
[0.578s] Level 1:colcon.colcon_core.package_identification:_identify(src/scara_real_description) by extension 'ros'
[0.579s] DEBUG:colcon.colcon_core.package_identification:Package 'src/scara_real_description' with type 'ros.ament_cmake' and name 'scara_real_description'
[0.579s] Level 1:colcon.colcon_core.package_identification:_identify(src/scara_tf_generator) by extensions ['ignore', 'ignore_ament_install']
[0.579s] Level 1:colcon.colcon_core.package_identification:_identify(src/scara_tf_generator) by extension 'ignore'
[0.579s] Level 1:colcon.colcon_core.package_identification:_identify(src/scara_tf_generator) by extension 'ignore_ament_install'
[0.579s] Level 1:colcon.colcon_core.package_identification:_identify(src/scara_tf_generator) by extensions ['colcon_pkg']
[0.579s] Level 1:colcon.colcon_core.package_identification:_identify(src/scara_tf_generator) by extension 'colcon_pkg'
[0.579s] Level 1:colcon.colcon_core.package_identification:_identify(src/scara_tf_generator) by extensions ['colcon_meta']
[0.579s] Level 1:colcon.colcon_core.package_identification:_identify(src/scara_tf_generator) by extension 'colcon_meta'
[0.579s] Level 1:colcon.colcon_core.package_identification:_identify(src/scara_tf_generator) by extensions ['ros']
[0.579s] Level 1:colcon.colcon_core.package_identification:_identify(src/scara_tf_generator) by extension 'ros'
[0.579s] DEBUG:colcon.colcon_core.package_identification:Package 'src/scara_tf_generator' with type 'ros.ament_python' and name 'scara_tf_generator'
[0.580s] Level 1:colcon.colcon_core.package_discovery:discover_packages(recursive) using defaults
[0.580s] Level 1:colcon.colcon_core.package_discovery:discover_packages(ignore) discover
[0.580s] Level 1:colcon.colcon_core.package_discovery:discover_packages(ignore) using defaults
[0.580s] Level 1:colcon.colcon_core.package_discovery:discover_packages(path) discover
[0.580s] Level 1:colcon.colcon_core.package_discovery:discover_packages(path) using defaults
[0.609s] Level 1:colcon.colcon_core.package_discovery:discover_packages(prefix_path) check parameters
[0.609s] Level 1:colcon.colcon_core.package_discovery:discover_packages(prefix_path) discover
[0.613s] DEBUG:colcon.colcon_installed_package_information.package_discovery:Found 460 installed packages in /opt/ros/humble
[0.615s] Level 1:colcon.colcon_core.package_discovery:discover_packages(prefix_path) using defaults
[0.668s] Level 5:colcon.colcon_core.verb:set package 'premade_path_publisher' build argument 'cmake_args' from command line to 'None'
[0.668s] Level 5:colcon.colcon_core.verb:set package 'premade_path_publisher' build argument 'cmake_target' from command line to 'None'
[0.668s] Level 5:colcon.colcon_core.verb:set package 'premade_path_publisher' build argument 'cmake_target_skip_unavailable' from command line to 'False'
[0.668s] Level 5:colcon.colcon_core.verb:set package 'premade_path_publisher' build argument 'cmake_clean_cache' from command line to 'False'
[0.668s] Level 5:colcon.colcon_core.verb:set package 'premade_path_publisher' build argument 'cmake_clean_first' from command line to 'False'
[0.668s] Level 5:colcon.colcon_core.verb:set package 'premade_path_publisher' build argument 'cmake_force_configure' from command line to 'False'
[0.668s] Level 5:colcon.colcon_core.verb:set package 'premade_path_publisher' build argument 'ament_cmake_args' from command line to 'None'
[0.668s] Level 5:colcon.colcon_core.verb:set package 'premade_path_publisher' build argument 'catkin_cmake_args' from command line to 'None'
[0.668s] Level 5:colcon.colcon_core.verb:set package 'premade_path_publisher' build argument 'catkin_skip_building_tests' from command line to 'False'
[0.668s] DEBUG:colcon.colcon_core.verb:Building package 'premade_path_publisher' with the following arguments: {'ament_cmake_args': None, 'build_base': '/home/eia/repo/rbi_2025_2/scara/scara_ws/build/premade_path_publisher', 'catkin_cmake_args': None, 'catkin_skip_building_tests': False, 'cmake_args': None, 'cmake_clean_cache': False, 'cmake_clean_first': False, 'cmake_force_configure': False, 'cmake_target': None, 'cmake_target_skip_unavailable': False, 'install_base': '/home/eia/repo/rbi_2025_2/scara/scara_ws/install/premade_path_publisher', 'merge_install': False, 'path': '/home/eia/repo/rbi_2025_2/scara/scara_ws/src/premade_path_publisher', 'symlink_install': True, 'test_result_base': None}
[0.669s] Level 5:colcon.colcon_core.verb:set package 'scara_general_ik_solver' build argument 'cmake_args' from command line to 'None'
[0.669s] Level 5:colcon.colcon_core.verb:set package 'scara_general_ik_solver' build argument 'cmake_target' from command line to 'None'
[0.669s] Level 5:colcon.colcon_core.verb:set package 'scara_general_ik_solver' build argument 'cmake_target_skip_unavailable' from command line to 'False'
[0.669s] Level 5:colcon.colcon_core.verb:set package 'scara_general_ik_solver' build argument 'cmake_clean_cache' from command line to 'False'
[0.669s] Level 5:colcon.colcon_core.verb:set package 'scara_general_ik_solver' build argument 'cmake_clean_first' from command line to 'False'
[0.669s] Level 5:colcon.colcon_core.verb:set package 'scara_general_ik_solver' build argument 'cmake_force_configure' from command line to 'False'
[0.669s] Level 5:colcon.colcon_core.verb:set package 'scara_general_ik_solver' build argument 'ament_cmake_args' from command line to 'None'
[0.669s] Level 5:colcon.colcon_core.verb:set package 'scara_general_ik_solver' build argument 'catkin_cmake_args' from command line to 'None'
[0.669s] Level 5:colcon.colcon_core.verb:set package 'scara_general_ik_solver' build argument 'catkin_skip_building_tests' from command line to 'False'
[0.669s] DEBUG:colcon.colcon_core.verb:Building package 'scara_general_ik_solver' with the following arguments: {'ament_cmake_args': None, 'build_base': '/home/eia/repo/rbi_2025_2/scara/scara_ws/build/scara_general_ik_solver', 'catkin_cmake_args': None, 'catkin_skip_building_tests': False, 'cmake_args': None, 'cmake_clean_cache': False, 'cmake_clean_first': False, 'cmake_force_configure': False, 'cmake_target': None, 'cmake_target_skip_unavailable': False, 'install_base': '/home/eia/repo/rbi_2025_2/scara/scara_ws/install/scara_general_ik_solver', 'merge_install': False, 'path': '/home/eia/repo/rbi_2025_2/scara/scara_ws/src/scara_general_ik_solver', 'symlink_install': True, 'test_result_base': None}
[0.669s] Level 5:colcon.colcon_core.verb:set package 'scara_gz_bringup' build argument 'cmake_args' from command line to 'None'
[0.669s] Level 5:colcon.colcon_core.verb:set package 'scara_gz_bringup' build argument 'cmake_target' from command line to 'None'
[0.669s] Level 5:colcon.colcon_core.verb:set package 'scara_gz_bringup' build argument 'cmake_target_skip_unavailable' from command line to 'False'
[0.669s] Level 5:colcon.colcon_core.verb:set package 'scara_gz_bringup' build argument 'cmake_clean_cache' from command line to 'False'
[0.669s] Level 5:colcon.colcon_core.verb:set package 'scara_gz_bringup' build argument 'cmake_clean_first' from command line to 'False'
[0.669s] Level 5:colcon.colcon_core.verb:set package 'scara_gz_bringup' build argument 'cmake_force_configure' from command line to 'False'
[0.669s] Level 5:colcon.colcon_core.verb:set package 'scara_gz_bringup' build argument 'ament_cmake_args' from command line to 'None'
[0.669s] Level 5:colcon.colcon_core.verb:set package 'scara_gz_bringup' build argument 'catkin_cmake_args' from command line to 'None'
[0.669s] Level 5:colcon.colcon_core.verb:set package 'scara_gz_bringup' build argument 'catkin_skip_building_tests' from command line to 'False'
[0.670s] DEBUG:colcon.colcon_core.verb:Building package 'scara_gz_bringup' with the following arguments: {'ament_cmake_args': None, 'build_base': '/home/eia/repo/rbi_2025_2/scara/scara_ws/build/scara_gz_bringup', 'catkin_cmake_args': None, 'catkin_skip_building_tests': False, 'cmake_args': None, 'cmake_clean_cache': False, 'cmake_clean_first': False, 'cmake_force_configure': False, 'cmake_target': None, 'cmake_target_skip_unavailable': False, 'install_base': '/home/eia/repo/rbi_2025_2/scara/scara_ws/install/scara_gz_bringup', 'merge_install': False, 'path': '/home/eia/repo/rbi_2025_2/scara/scara_ws/src/scara_gz_bringup', 'symlink_install': True, 'test_result_base': None}
[0.670s] Level 5:colcon.colcon_core.verb:set package 'scara_gz_description' build argument 'cmake_args' from command line to 'None'
[0.670s] Level 5:colcon.colcon_core.verb:set package 'scara_gz_description' build argument 'cmake_target' from command line to 'None'
[0.670s] Level 5:colcon.colcon_core.verb:set package 'scara_gz_description' build argument 'cmake_target_skip_unavailable' from command line to 'False'
[0.670s] Level 5:colcon.colcon_core.verb:set package 'scara_gz_description' build argument 'cmake_clean_cache' from command line to 'False'
[0.670s] Level 5:colcon.colcon_core.verb:set package 'scara_gz_description' build argument 'cmake_clean_first' from command line to 'False'
[0.670s] Level 5:colcon.colcon_core.verb:set package 'scara_gz_description' build argument 'cmake_force_configure' from command line to 'False'
[0.670s] Level 5:colcon.colcon_core.verb:set package 'scara_gz_description' build argument 'ament_cmake_args' from command line to 'None'
[0.670s] Level 5:colcon.colcon_core.verb:set package 'scara_gz_description' build argument 'catkin_cmake_args' from command line to 'None'
[0.670s] Level 5:colcon.colcon_core.verb:set package 'scara_gz_description' build argument 'catkin_skip_building_tests' from command line to 'False'
[0.670s] DEBUG:colcon.colcon_core.verb:Building package 'scara_gz_description' with the following arguments: {'ament_cmake_args': None, 'build_base': '/home/eia/repo/rbi_2025_2/scara/scara_ws/build/scara_gz_description', 'catkin_cmake_args': None, 'catkin_skip_building_tests': False, 'cmake_args': None, 'cmake_clean_cache': False, 'cmake_clean_first': False, 'cmake_force_configure': False, 'cmake_target': None, 'cmake_target_skip_unavailable': False, 'install_base': '/home/eia/repo/rbi_2025_2/scara/scara_ws/install/scara_gz_description', 'merge_install': False, 'path': '/home/eia/repo/rbi_2025_2/scara/scara_ws/src/scara_gz_description', 'symlink_install': True, 'test_result_base': None}
[0.670s] Level 5:colcon.colcon_core.verb:set package 'scara_hardware_interface' build argument 'cmake_args' from command line to 'None'
[0.670s] Level 5:colcon.colcon_core.verb:set package 'scara_hardware_interface' build argument 'cmake_target' from command line to 'None'
[0.670s] Level 5:colcon.colcon_core.verb:set package 'scara_hardware_interface' build argument 'cmake_target_skip_unavailable' from command line to 'False'
[0.670s] Level 5:colcon.colcon_core.verb:set package 'scara_hardware_interface' build argument 'cmake_clean_cache' from command line to 'False'
[0.671s] Level 5:colcon.colcon_core.verb:set package 'scara_hardware_interface' build argument 'cmake_clean_first' from command line to 'False'
[0.671s] Level 5:colcon.colcon_core.verb:set package 'scara_hardware_interface' build argument 'cmake_force_configure' from command line to 'False'
[0.671s] Level 5:colcon.colcon_core.verb:set package 'scara_hardware_interface' build argument 'ament_cmake_args' from command line to 'None'
[0.671s] Level 5:colcon.colcon_core.verb:set package 'scara_hardware_interface' build argument 'catkin_cmake_args' from command line to 'None'
[0.671s] Level 5:colcon.colcon_core.verb:set package 'scara_hardware_interface' build argument 'catkin_skip_building_tests' from command line to 'False'
[0.671s] DEBUG:colcon.colcon_core.verb:Building package 'scara_hardware_interface' with the following arguments: {'ament_cmake_args': None, 'build_base': '/home/eia/repo/rbi_2025_2/scara/scara_ws/build/scara_hardware_interface', 'catkin_cmake_args': None, 'catkin_skip_building_tests': False, 'cmake_args': None, 'cmake_clean_cache': False, 'cmake_clean_first': False, 'cmake_force_configure': False, 'cmake_target': None, 'cmake_target_skip_unavailable': False, 'install_base': '/home/eia/repo/rbi_2025_2/scara/scara_ws/install/scara_hardware_interface', 'merge_install': False, 'path': '/home/eia/repo/rbi_2025_2/scara/scara_ws/src/scara_hardware_interface', 'symlink_install': True, 'test_result_base': None}
[0.671s] Level 5:colcon.colcon_core.verb:set package 'scara_mujoco_bringup' build argument 'cmake_args' from command line to 'None'
[0.671s] Level 5:colcon.colcon_core.verb:set package 'scara_mujoco_bringup' build argument 'cmake_target' from command line to 'None'
[0.671s] Level 5:colcon.colcon_core.verb:set package 'scara_mujoco_bringup' build argument 'cmake_target_skip_unavailable' from command line to 'False'
[0.671s] Level 5:colcon.colcon_core.verb:set package 'scara_mujoco_bringup' build argument 'cmake_clean_cache' from command line to 'False'
[0.671s] Level 5:colcon.colcon_core.verb:set package 'scara_mujoco_bringup' build argument 'cmake_clean_first' from command line to 'False'
[0.671s] Level 5:colcon.colcon_core.verb:set package 'scara_mujoco_bringup' build argument 'cmake_force_configure' from command line to 'False'
[0.671s] Level 5:colcon.colcon_core.verb:set package 'scara_mujoco_bringup' build argument 'ament_cmake_args' from command line to 'None'
[0.671s] Level 5:colcon.colcon_core.verb:set package 'scara_mujoco_bringup' build argument 'catkin_cmake_args' from command line to 'None'
[0.671s] Level 5:colcon.colcon_core.verb:set package 'scara_mujoco_bringup' build argument 'catkin_skip_building_tests' from command line to 'False'
[0.671s] DEBUG:colcon.colcon_core.verb:Building package 'scara_mujoco_bringup' with the following arguments: {'ament_cmake_args': None, 'build_base': '/home/eia/repo/rbi_2025_2/scara/scara_ws/build/scara_mujoco_bringup', 'catkin_cmake_args': None, 'catkin_skip_building_tests': False, 'cmake_args': None, 'cmake_clean_cache': False, 'cmake_clean_first': False, 'cmake_force_configure': False, 'cmake_target': None, 'cmake_target_skip_unavailable': False, 'install_base': '/home/eia/repo/rbi_2025_2/scara/scara_ws/install/scara_mujoco_bringup', 'merge_install': False, 'path': '/home/eia/repo/rbi_2025_2/scara/scara_ws/src/scara_mujoco_bringup', 'symlink_install': True, 'test_result_base': None}
[0.672s] Level 5:colcon.colcon_core.verb:set package 'scara_mujoco_description' build argument 'cmake_args' from command line to 'None'
[0.672s] Level 5:colcon.colcon_core.verb:set package 'scara_mujoco_description' build argument 'cmake_target' from command line to 'None'
[0.672s] Level 5:colcon.colcon_core.verb:set package 'scara_mujoco_description' build argument 'cmake_target_skip_unavailable' from command line to 'False'
[0.672s] Level 5:colcon.colcon_core.verb:set package 'scara_mujoco_description' build argument 'cmake_clean_cache' from command line to 'False'
[0.672s] Level 5:colcon.colcon_core.verb:set package 'scara_mujoco_description' build argument 'cmake_clean_first' from command line to 'False'
[0.672s] Level 5:colcon.colcon_core.verb:set package 'scara_mujoco_description' build argument 'cmake_force_configure' from command line to 'False'
[0.672s] Level 5:colcon.colcon_core.verb:set package 'scara_mujoco_description' build argument 'ament_cmake_args' from command line to 'None'
[0.672s] Level 5:colcon.colcon_core.verb:set package 'scara_mujoco_description' build argument 'catkin_cmake_args' from command line to 'None'
[0.672s] Level 5:colcon.colcon_core.verb:set package 'scara_mujoco_description' build argument 'catkin_skip_building_tests' from command line to 'False'
[0.672s] DEBUG:colcon.colcon_core.verb:Building package 'scara_mujoco_description' with the following arguments: {'ament_cmake_args': None, 'build_base': '/home/eia/repo/rbi_2025_2/scara/scara_ws/build/scara_mujoco_description', 'catkin_cmake_args': None, 'catkin_skip_building_tests': False, 'cmake_args': None, 'cmake_clean_cache': False, 'cmake_clean_first': False, 'cmake_force_configure': False, 'cmake_target': None, 'cmake_target_skip_unavailable': False, 'install_base': '/home/eia/repo/rbi_2025_2/scara/scara_ws/install/scara_mujoco_description', 'merge_install': False, 'path': '/home/eia/repo/rbi_2025_2/scara/scara_ws/src/scara_mujoco_description', 'symlink_install': True, 'test_result_base': None}
[0.672s] Level 5:colcon.colcon_core.verb:set package 'scara_mujoco_python_sim' build argument 'cmake_args' from command line to 'None'
[0.672s] Level 5:colcon.colcon_core.verb:set package 'scara_mujoco_python_sim' build argument 'cmake_target' from command line to 'None'
[0.672s] Level 5:colcon.colcon_core.verb:set package 'scara_mujoco_python_sim' build argument 'cmake_target_skip_unavailable' from command line to 'False'
[0.672s] Level 5:colcon.colcon_core.verb:set package 'scara_mujoco_python_sim' build argument 'cmake_clean_cache' from command line to 'False'
[0.672s] Level 5:colcon.colcon_core.verb:set package 'scara_mujoco_python_sim' build argument 'cmake_clean_first' from command line to 'False'
[0.672s] Level 5:colcon.colcon_core.verb:set package 'scara_mujoco_python_sim' build argument 'cmake_force_configure' from command line to 'False'
[0.672s] Level 5:colcon.colcon_core.verb:set package 'scara_mujoco_python_sim' build argument 'ament_cmake_args' from command line to 'None'
[0.672s] Level 5:colcon.colcon_core.verb:set package 'scara_mujoco_python_sim' build argument 'catkin_cmake_args' from command line to 'None'
[0.672s] Level 5:colcon.colcon_core.verb:set package 'scara_mujoco_python_sim' build argument 'catkin_skip_building_tests' from command line to 'False'
[0.672s] DEBUG:colcon.colcon_core.verb:Building package 'scara_mujoco_python_sim' with the following arguments: {'ament_cmake_args': None, 'build_base': '/home/eia/repo/rbi_2025_2/scara/scara_ws/build/scara_mujoco_python_sim', 'catkin_cmake_args': None, 'catkin_skip_building_tests': False, 'cmake_args': None, 'cmake_clean_cache': False, 'cmake_clean_first': False, 'cmake_force_configure': False, 'cmake_target': None, 'cmake_target_skip_unavailable': False, 'install_base': '/home/eia/repo/rbi_2025_2/scara/scara_ws/install/scara_mujoco_python_sim', 'merge_install': False, 'path': '/home/eia/repo/rbi_2025_2/scara/scara_ws/src/scara_mujoco_python_sim', 'symlink_install': True, 'test_result_base': None}
[0.673s] Level 5:colcon.colcon_core.verb:set package 'scara_mujoco_sim' build argument 'cmake_args' from command line to 'None'
[0.673s] Level 5:colcon.colcon_core.verb:set package 'scara_mujoco_sim' build argument 'cmake_target' from command line to 'None'
[0.673s] Level 5:colcon.colcon_core.verb:set package 'scara_mujoco_sim' build argument 'cmake_target_skip_unavailable' from command line to 'False'
[0.673s] Level 5:colcon.colcon_core.verb:set package 'scara_mujoco_sim' build argument 'cmake_clean_cache' from command line to 'False'
[0.673s] Level 5:colcon.colcon_core.verb:set package 'scara_mujoco_sim' build argument 'cmake_clean_first' from command line to 'False'
[0.673s] Level 5:colcon.colcon_core.verb:set package 'scara_mujoco_sim' build argument 'cmake_force_configure' from command line to 'False'
[0.673s] Level 5:colcon.colcon_core.verb:set package 'scara_mujoco_sim' build argument 'ament_cmake_args' from command line to 'None'
[0.673s] Level 5:colcon.colcon_core.verb:set package 'scara_mujoco_sim' build argument 'catkin_cmake_args' from command line to 'None'
[0.673s] Level 5:colcon.colcon_core.verb:set package 'scara_mujoco_sim' build argument 'catkin_skip_building_tests' from command line to 'False'
[0.673s] DEBUG:colcon.colcon_core.verb:Building package 'scara_mujoco_sim' with the following arguments: {'ament_cmake_args': None, 'build_base': '/home/eia/repo/rbi_2025_2/scara/scara_ws/build/scara_mujoco_sim', 'catkin_cmake_args': None, 'catkin_skip_building_tests': False, 'cmake_args': None, 'cmake_clean_cache': False, 'cmake_clean_first': False, 'cmake_force_configure': False, 'cmake_target': None, 'cmake_target_skip_unavailable': False, 'install_base': '/home/eia/repo/rbi_2025_2/scara/scara_ws/install/scara_mujoco_sim', 'merge_install': False, 'path': '/home/eia/repo/rbi_2025_2/scara/scara_ws/src/scara_mujoco_sim', 'symlink_install': True, 'test_result_base': None}
[0.673s] Level 5:colcon.colcon_core.verb:set package 'scara_path_controller' build argument 'cmake_args' from command line to 'None'
[0.673s] Level 5:colcon.colcon_core.verb:set package 'scara_path_controller' build argument 'cmake_target' from command line to 'None'
[0.673s] Level 5:colcon.colcon_core.verb:set package 'scara_path_controller' build argument 'cmake_target_skip_unavailable' from command line to 'False'
[0.673s] Level 5:colcon.colcon_core.verb:set package 'scara_path_controller' build argument 'cmake_clean_cache' from command line to 'False'
[0.673s] Level 5:colcon.colcon_core.verb:set package 'scara_path_controller' build argument 'cmake_clean_first' from command line to 'False'
[0.673s] Level 5:colcon.colcon_core.verb:set package 'scara_path_controller' build argument 'cmake_force_configure' from command line to 'False'
[0.673s] Level 5:colcon.colcon_core.verb:set package 'scara_path_controller' build argument 'ament_cmake_args' from command line to 'None'
[0.673s] Level 5:colcon.colcon_core.verb:set package 'scara_path_controller' build argument 'catkin_cmake_args' from command line to 'None'
[0.673s] Level 5:colcon.colcon_core.verb:set package 'scara_path_controller' build argument 'catkin_skip_building_tests' from command line to 'False'
[0.673s] DEBUG:colcon.colcon_core.verb:Building package 'scara_path_controller' with the following arguments: {'ament_cmake_args': None, 'build_base': '/home/eia/repo/rbi_2025_2/scara/scara_ws/build/scara_path_controller', 'catkin_cmake_args': None, 'catkin_skip_building_tests': False, 'cmake_args': None, 'cmake_clean_cache': False, 'cmake_clean_first': False, 'cmake_force_configure': False, 'cmake_target': None, 'cmake_target_skip_unavailable': False, 'install_base': '/home/eia/repo/rbi_2025_2/scara/scara_ws/install/scara_path_controller', 'merge_install': False, 'path': '/home/eia/repo/rbi_2025_2/scara/scara_ws/src/scara_path_controller', 'symlink_install': True, 'test_result_base': None}
[0.674s] Level 5:colcon.colcon_core.verb:set package 'scara_path_generator' build argument 'cmake_args' from command line to 'None'
[0.674s] Level 5:colcon.colcon_core.verb:set package 'scara_path_generator' build argument 'cmake_target' from command line to 'None'
[0.674s] Level 5:colcon.colcon_core.verb:set package 'scara_path_generator' build argument 'cmake_target_skip_unavailable' from command line to 'False'
[0.674s] Level 5:colcon.colcon_core.verb:set package 'scara_path_generator' build argument 'cmake_clean_cache' from command line to 'False'
[0.674s] Level 5:colcon.colcon_core.verb:set package 'scara_path_generator' build argument 'cmake_clean_first' from command line to 'False'
[0.674s] Level 5:colcon.colcon_core.verb:set package 'scara_path_generator' build argument 'cmake_force_configure' from command line to 'False'
[0.674s] Level 5:colcon.colcon_core.verb:set package 'scara_path_generator' build argument 'ament_cmake_args' from command line to 'None'
[0.674s] Level 5:colcon.colcon_core.verb:set package 'scara_path_generator' build argument 'catkin_cmake_args' from command line to 'None'
[0.674s] Level 5:colcon.colcon_core.verb:set package 'scara_path_generator' build argument 'catkin_skip_building_tests' from command line to 'False'
[0.674s] DEBUG:colcon.colcon_core.verb:Building package 'scara_path_generator' with the following arguments: {'ament_cmake_args': None, 'build_base': '/home/eia/repo/rbi_2025_2/scara/scara_ws/build/scara_path_generator', 'catkin_cmake_args': None, 'catkin_skip_building_tests': False, 'cmake_args': None, 'cmake_clean_cache': False, 'cmake_clean_first': False, 'cmake_force_configure': False, 'cmake_target': None, 'cmake_target_skip_unavailable': False, 'install_base': '/home/eia/repo/rbi_2025_2/scara/scara_ws/install/scara_path_generator', 'merge_install': False, 'path': '/home/eia/repo/rbi_2025_2/scara/scara_ws/src/scara_path_generator', 'symlink_install': True, 'test_result_base': None}
[0.674s] Level 5:colcon.colcon_core.verb:set package 'scara_real_bringup' build argument 'cmake_args' from command line to 'None'
[0.674s] Level 5:colcon.colcon_core.verb:set package 'scara_real_bringup' build argument 'cmake_target' from command line to 'None'
[0.674s] Level 5:colcon.colcon_core.verb:set package 'scara_real_bringup' build argument 'cmake_target_skip_unavailable' from command line to 'False'
[0.674s] Level 5:colcon.colcon_core.verb:set package 'scara_real_bringup' build argument 'cmake_clean_cache' from command line to 'False'
[0.674s] Level 5:colcon.colcon_core.verb:set package 'scara_real_bringup' build argument 'cmake_clean_first' from command line to 'False'
[0.674s] Level 5:colcon.colcon_core.verb:set package 'scara_real_bringup' build argument 'cmake_force_configure' from command line to 'False'
[0.674s] Level 5:colcon.colcon_core.verb:set package 'scara_real_bringup' build argument 'ament_cmake_args' from command line to 'None'
[0.674s] Level 5:colcon.colcon_core.verb:set package 'scara_real_bringup' build argument 'catkin_cmake_args' from command line to 'None'
[0.674s] Level 5:colcon.colcon_core.verb:set package 'scara_real_bringup' build argument 'catkin_skip_building_tests' from command line to 'False'
[0.675s] DEBUG:colcon.colcon_core.verb:Building package 'scara_real_bringup' with the following arguments: {'ament_cmake_args': None, 'build_base': '/home/eia/repo/rbi_2025_2/scara/scara_ws/build/scara_real_bringup', 'catkin_cmake_args': None, 'catkin_skip_building_tests': False, 'cmake_args': None, 'cmake_clean_cache': False, 'cmake_clean_first': False, 'cmake_force_configure': False, 'cmake_target': None, 'cmake_target_skip_unavailable': False, 'install_base': '/home/eia/repo/rbi_2025_2/scara/scara_ws/install/scara_real_bringup', 'merge_install': False, 'path': '/home/eia/repo/rbi_2025_2/scara/scara_ws/src/scara_real_bringup', 'symlink_install': True, 'test_result_base': None}
[0.675s] Level 5:colcon.colcon_core.verb:set package 'scara_real_description' build argument 'cmake_args' from command line to 'None'
[0.675s] Level 5:colcon.colcon_core.verb:set package 'scara_real_description' build argument 'cmake_target' from command line to 'None'
[0.675s] Level 5:colcon.colcon_core.verb:set package 'scara_real_description' build argument 'cmake_target_skip_unavailable' from command line to 'False'
[0.675s] Level 5:colcon.colcon_core.verb:set package 'scara_real_description' build argument 'cmake_clean_cache' from command line to 'False'
[0.675s] Level 5:colcon.colcon_core.verb:set package 'scara_real_description' build argument 'cmake_clean_first' from command line to 'False'
[0.675s] Level 5:colcon.colcon_core.verb:set package 'scara_real_description' build argument 'cmake_force_configure' from command line to 'False'
[0.675s] Level 5:colcon.colcon_core.verb:set package 'scara_real_description' build argument 'ament_cmake_args' from command line to 'None'
[0.675s] Level 5:colcon.colcon_core.verb:set package 'scara_real_description' build argument 'catkin_cmake_args' from command line to 'None'
[0.675s] Level 5:colcon.colcon_core.verb:set package 'scara_real_description' build argument 'catkin_skip_building_tests' from command line to 'False'
[0.675s] DEBUG:colcon.colcon_core.verb:Building package 'scara_real_description' with the following arguments: {'ament_cmake_args': None, 'build_base': '/home/eia/repo/rbi_2025_2/scara/scara_ws/build/scara_real_description', 'catkin_cmake_args': None, 'catkin_skip_building_tests': False, 'cmake_args': None, 'cmake_clean_cache': False, 'cmake_clean_first': False, 'cmake_force_configure': False, 'cmake_target': None, 'cmake_target_skip_unavailable': False, 'install_base': '/home/eia/repo/rbi_2025_2/scara/scara_ws/install/scara_real_description', 'merge_install': False, 'path': '/home/eia/repo/rbi_2025_2/scara/scara_ws/src/scara_real_description', 'symlink_install': True, 'test_result_base': None}
[0.675s] Level 5:colcon.colcon_core.verb:set package 'scara_tf_generator' build argument 'cmake_args' from command line to 'None'
[0.675s] Level 5:colcon.colcon_core.verb:set package 'scara_tf_generator' build argument 'cmake_target' from command line to 'None'
[0.675s] Level 5:colcon.colcon_core.verb:set package 'scara_tf_generator' build argument 'cmake_target_skip_unavailable' from command line to 'False'
[0.675s] Level 5:colcon.colcon_core.verb:set package 'scara_tf_generator' build argument 'cmake_clean_cache' from command line to 'False'
[0.676s] Level 5:colcon.colcon_core.verb:set package 'scara_tf_generator' build argument 'cmake_clean_first' from command line to 'False'
[0.676s] Level 5:colcon.colcon_core.verb:set package 'scara_tf_generator' build argument 'cmake_force_configure' from command line to 'False'
[0.676s] Level 5:colcon.colcon_core.verb:set package 'scara_tf_generator' build argument 'ament_cmake_args' from command line to 'None'
[0.676s] Level 5:colcon.colcon_core.verb:set package 'scara_tf_generator' build argument 'catkin_cmake_args' from command line to 'None'
[0.676s] Level 5:colcon.colcon_core.verb:set package 'scara_tf_generator' build argument 'catkin_skip_building_tests' from command line to 'False'
[0.676s] DEBUG:colcon.colcon_core.verb:Building package 'scara_tf_generator' with the following arguments: {'ament_cmake_args': None, 'build_base': '/home/eia/repo/rbi_2025_2/scara/scara_ws/build/scara_tf_generator', 'catkin_cmake_args': None, 'catkin_skip_building_tests': False, 'cmake_args': None, 'cmake_clean_cache': False, 'cmake_clean_first': False, 'cmake_force_configure': False, 'cmake_target': None, 'cmake_target_skip_unavailable': False, 'install_base': '/home/eia/repo/rbi_2025_2/scara/scara_ws/install/scara_tf_generator', 'merge_install': False, 'path': '/home/eia/repo/rbi_2025_2/scara/scara_ws/src/scara_tf_generator', 'symlink_install': True, 'test_result_base': None}
[0.676s] INFO:colcon.colcon_core.executor:Executing jobs using 'parallel' executor
[0.677s] DEBUG:colcon.colcon_parallel_executor.executor.parallel:run_until_complete
[0.677s] INFO:colcon.colcon_ros.task.ament_python.build:Building ROS package in '/home/eia/repo/rbi_2025_2/scara/scara_ws/src/premade_path_publisher' with build type 'ament_python'
[0.677s] Level 1:colcon.colcon_core.shell:create_environment_hook('premade_path_publisher', 'ament_prefix_path')
[0.681s] INFO:colcon.colcon_core.plugin_system:Skipping extension 'colcon_core.shell.bat': Not used on non-Windows systems
[0.681s] INFO:colcon.colcon_core.shell:Creating environment hook '/home/eia/repo/rbi_2025_2/scara/scara_ws/install/premade_path_publisher/share/premade_path_publisher/hook/ament_prefix_path.ps1'
[0.682s] INFO:colcon.colcon_core.shell:Creating environment descriptor '/home/eia/repo/rbi_2025_2/scara/scara_ws/install/premade_path_publisher/share/premade_path_publisher/hook/ament_prefix_path.dsv'
[0.682s] INFO:colcon.colcon_core.shell:Creating environment hook '/home/eia/repo/rbi_2025_2/scara/scara_ws/install/premade_path_publisher/share/premade_path_publisher/hook/ament_prefix_path.sh'
[0.683s] INFO:colcon.colcon_core.shell:Skip shell extension 'powershell' for command environment: Not usable outside of PowerShell
[0.683s] DEBUG:colcon.colcon_core.shell:Skip shell extension 'dsv' for command environment
[0.686s] INFO:colcon.colcon_ros.task.ament_python.build:Building ROS package in '/home/eia/repo/rbi_2025_2/scara/scara_ws/src/scara_general_ik_solver' with build type 'ament_python'
[0.686s] Level 1:colcon.colcon_core.shell:create_environment_hook('scara_general_ik_solver', 'ament_prefix_path')
[0.686s] INFO:colcon.colcon_core.shell:Creating environment hook '/home/eia/repo/rbi_2025_2/scara/scara_ws/install/scara_general_ik_solver/share/scara_general_ik_solver/hook/ament_prefix_path.ps1'
[0.687s] INFO:colcon.colcon_core.shell:Creating environment descriptor '/home/eia/repo/rbi_2025_2/scara/scara_ws/install/scara_general_ik_solver/share/scara_general_ik_solver/hook/ament_prefix_path.dsv'
[0.687s] INFO:colcon.colcon_core.shell:Creating environment hook '/home/eia/repo/rbi_2025_2/scara/scara_ws/install/scara_general_ik_solver/share/scara_general_ik_solver/hook/ament_prefix_path.sh'
[0.687s] INFO:colcon.colcon_core.shell:Skip shell extension 'powershell' for command environment: Not usable outside of PowerShell
[0.687s] DEBUG:colcon.colcon_core.shell:Skip shell extension 'dsv' for command environment
[0.690s] INFO:colcon.colcon_ros.task.ament_cmake.build:Building ROS package in '/home/eia/repo/rbi_2025_2/scara/scara_ws/src/scara_gz_bringup' with build type 'ament_cmake'
[0.690s] INFO:colcon.colcon_cmake.task.cmake.build:Building CMake package in '/home/eia/repo/rbi_2025_2/scara/scara_ws/src/scara_gz_bringup'
[0.690s] INFO:colcon.colcon_core.shell:Skip shell extension 'powershell' for command environment: Not usable outside of PowerShell
[0.690s] DEBUG:colcon.colcon_core.shell:Skip shell extension 'dsv' for command environment
[0.693s] INFO:colcon.colcon_ros.task.ament_cmake.build:Building ROS package in '/home/eia/repo/rbi_2025_2/scara/scara_ws/src/scara_gz_description' with build type 'ament_cmake'
[0.693s] INFO:colcon.colcon_cmake.task.cmake.build:Building CMake package in '/home/eia/repo/rbi_2025_2/scara/scara_ws/src/scara_gz_description'
[0.694s] INFO:colcon.colcon_core.shell:Skip shell extension 'powershell' for command environment: Not usable outside of PowerShell
[0.694s] DEBUG:colcon.colcon_core.shell:Skip shell extension 'dsv' for command environment
[0.696s] INFO:colcon.colcon_ros.task.ament_cmake.build:Building ROS package in '/home/eia/repo/rbi_2025_2/scara/scara_ws/src/scara_hardware_interface' with build type 'ament_cmake'
[0.696s] INFO:colcon.colcon_cmake.task.cmake.build:Building CMake package in '/home/eia/repo/rbi_2025_2/scara/scara_ws/src/scara_hardware_interface'
[0.697s] INFO:colcon.colcon_core.shell:Skip shell extension 'powershell' for command environment: Not usable outside of PowerShell
[0.697s] DEBUG:colcon.colcon_core.shell:Skip shell extension 'dsv' for command environment
[0.699s] INFO:colcon.colcon_ros.task.ament_cmake.build:Building ROS package in '/home/eia/repo/rbi_2025_2/scara/scara_ws/src/scara_mujoco_bringup' with build type 'ament_cmake'
[0.699s] INFO:colcon.colcon_cmake.task.cmake.build:Building CMake package in '/home/eia/repo/rbi_2025_2/scara/scara_ws/src/scara_mujoco_bringup'
[0.699s] INFO:colcon.colcon_core.shell:Skip shell extension 'powershell' for command environment: Not usable outside of PowerShell
[0.699s] DEBUG:colcon.colcon_core.shell:Skip shell extension 'dsv' for command environment
[0.702s] INFO:colcon.colcon_ros.task.ament_cmake.build:Building ROS package in '/home/eia/repo/rbi_2025_2/scara/scara_ws/src/scara_mujoco_description' with build type 'ament_cmake'
[0.702s] INFO:colcon.colcon_cmake.task.cmake.build:Building CMake package in '/home/eia/repo/rbi_2025_2/scara/scara_ws/src/scara_mujoco_description'
[0.702s] INFO:colcon.colcon_core.shell:Skip shell extension 'powershell' for command environment: Not usable outside of PowerShell
[0.702s] DEBUG:colcon.colcon_core.shell:Skip shell extension 'dsv' for command environment
[0.705s] INFO:colcon.colcon_ros.task.ament_python.build:Building ROS package in '/home/eia/repo/rbi_2025_2/scara/scara_ws/src/scara_mujoco_python_sim' with build type 'ament_python'
[0.705s] Level 1:colcon.colcon_core.shell:create_environment_hook('scara_mujoco_python_sim', 'ament_prefix_path')
[0.705s] INFO:colcon.colcon_core.shell:Creating environment hook '/home/eia/repo/rbi_2025_2/scara/scara_ws/install/scara_mujoco_python_sim/share/scara_mujoco_python_sim/hook/ament_prefix_path.ps1'
[0.706s] INFO:colcon.colcon_core.shell:Creating environment descriptor '/home/eia/repo/rbi_2025_2/scara/scara_ws/install/scara_mujoco_python_sim/share/scara_mujoco_python_sim/hook/ament_prefix_path.dsv'
[0.706s] INFO:colcon.colcon_core.shell:Creating environment hook '/home/eia/repo/rbi_2025_2/scara/scara_ws/install/scara_mujoco_python_sim/share/scara_mujoco_python_sim/hook/ament_prefix_path.sh'
[0.707s] INFO:colcon.colcon_core.shell:Skip shell extension 'powershell' for command environment: Not usable outside of PowerShell
[0.707s] DEBUG:colcon.colcon_core.shell:Skip shell extension 'dsv' for command environment
[0.710s] INFO:colcon.colcon_ros.task.ament_cmake.build:Building ROS package in '/home/eia/repo/rbi_2025_2/scara/scara_ws/src/scara_mujoco_sim' with build type 'ament_cmake'
[0.710s] INFO:colcon.colcon_cmake.task.cmake.build:Building CMake package in '/home/eia/repo/rbi_2025_2/scara/scara_ws/src/scara_mujoco_sim'
[0.710s] INFO:colcon.colcon_core.shell:Skip shell extension 'powershell' for command environment: Not usable outside of PowerShell
[0.710s] DEBUG:colcon.colcon_core.shell:Skip shell extension 'dsv' for command environment
[0.713s] INFO:colcon.colcon_ros.task.ament_python.build:Building ROS package in '/home/eia/repo/rbi_2025_2/scara/scara_ws/src/scara_path_controller' with build type 'ament_python'
[0.713s] Level 1:colcon.colcon_core.shell:create_environment_hook('scara_path_controller', 'ament_prefix_path')
[0.713s] INFO:colcon.colcon_core.shell:Creating environment hook '/home/eia/repo/rbi_2025_2/scara/scara_ws/install/scara_path_controller/share/scara_path_controller/hook/ament_prefix_path.ps1'
[0.714s] INFO:colcon.colcon_core.shell:Creating environment descriptor '/home/eia/repo/rbi_2025_2/scara/scara_ws/install/scara_path_controller/share/scara_path_controller/hook/ament_prefix_path.dsv'
[0.714s] INFO:colcon.colcon_core.shell:Creating environment hook '/home/eia/repo/rbi_2025_2/scara/scara_ws/install/scara_path_controller/share/scara_path_controller/hook/ament_prefix_path.sh'
[0.715s] INFO:colcon.colcon_core.shell:Skip shell extension 'powershell' for command environment: Not usable outside of PowerShell
[0.715s] DEBUG:colcon.colcon_core.shell:Skip shell extension 'dsv' for command environment
[0.717s] INFO:colcon.colcon_ros.task.ament_python.build:Building ROS package in '/home/eia/repo/rbi_2025_2/scara/scara_ws/src/scara_path_generator' with build type 'ament_python'
[0.717s] Level 1:colcon.colcon_core.shell:create_environment_hook('scara_path_generator', 'ament_prefix_path')
[0.717s] INFO:colcon.colcon_core.shell:Creating environment hook '/home/eia/repo/rbi_2025_2/scara/scara_ws/install/scara_path_generator/share/scara_path_generator/hook/ament_prefix_path.ps1'
[0.718s] INFO:colcon.colcon_core.shell:Creating environment descriptor '/home/eia/repo/rbi_2025_2/scara/scara_ws/install/scara_path_generator/share/scara_path_generator/hook/ament_prefix_path.dsv'
[0.718s] INFO:colcon.colcon_core.shell:Creating environment hook '/home/eia/repo/rbi_2025_2/scara/scara_ws/install/scara_path_generator/share/scara_path_generator/hook/ament_prefix_path.sh'
[0.719s] INFO:colcon.colcon_core.shell:Skip shell extension 'powershell' for command environment: Not usable outside of PowerShell
[0.719s] DEBUG:colcon.colcon_core.shell:Skip shell extension 'dsv' for command environment
[0.721s] INFO:colcon.colcon_ros.task.ament_cmake.build:Building ROS package in '/home/eia/repo/rbi_2025_2/scara/scara_ws/src/scara_real_bringup' with build type 'ament_cmake'
[0.721s] INFO:colcon.colcon_cmake.task.cmake.build:Building CMake package in '/home/eia/repo/rbi_2025_2/scara/scara_ws/src/scara_real_bringup'
[0.721s] INFO:colcon.colcon_core.shell:Skip shell extension 'powershell' for command environment: Not usable outside of PowerShell
[0.722s] DEBUG:colcon.colcon_core.shell:Skip shell extension 'dsv' for command environment
[1.058s] INFO:colcon.colcon_core.task.python.build:Building Python package in '/home/eia/repo/rbi_2025_2/scara/scara_ws/src/premade_path_publisher'
[1.058s] INFO:colcon.colcon_core.shell:Skip shell extension 'powershell' for command environment: Not usable outside of PowerShell
[1.059s] DEBUG:colcon.colcon_core.shell:Skip shell extension 'dsv' for command environment
[1.369s] INFO:colcon.colcon_core.task.python.build:Building Python package in '/home/eia/repo/rbi_2025_2/scara/scara_ws/src/scara_general_ik_solver'
[1.369s] INFO:colcon.colcon_core.shell:Skip shell extension 'powershell' for command environment: Not usable outside of PowerShell
[1.369s] DEBUG:colcon.colcon_core.shell:Skip shell extension 'dsv' for command environment
[1.373s] DEBUG:colcon.colcon_core.event_handler.log_command:Invoking command in '/home/eia/repo/rbi_2025_2/scara/scara_ws/build/scara_gz_bringup': CMAKE_PREFIX_PATH=/opt/ros/humble /usr/bin/cmake /home/eia/repo/rbi_2025_2/scara/scara_ws/src/scara_gz_bringup -DAMENT_CMAKE_SYMLINK_INSTALL=1 -DCMAKE_INSTALL_PREFIX=/home/eia/repo/rbi_2025_2/scara/scara_ws/install/scara_gz_bringup
[1.391s] DEBUG:colcon.colcon_core.event_handler.log_command:Invoking command in '/home/eia/repo/rbi_2025_2/scara/scara_ws/build/scara_gz_description': CMAKE_PREFIX_PATH=/opt/ros/humble /usr/bin/cmake /home/eia/repo/rbi_2025_2/scara/scara_ws/src/scara_gz_description -DAMENT_CMAKE_SYMLINK_INSTALL=1 -DCMAKE_INSTALL_PREFIX=/home/eia/repo/rbi_2025_2/scara/scara_ws/install/scara_gz_description
[1.394s] DEBUG:colcon.colcon_core.event_handler.log_command:Invoking command in '/home/eia/repo/rbi_2025_2/scara/scara_ws/build/scara_hardware_interface': CMAKE_PREFIX_PATH=/opt/ros/humble /usr/bin/cmake /home/eia/repo/rbi_2025_2/scara/scara_ws/src/scara_hardware_interface -DAMENT_CMAKE_SYMLINK_INSTALL=1 -DCMAKE_INSTALL_PREFIX=/home/eia/repo/rbi_2025_2/scara/scara_ws/install/scara_hardware_interface
[1.396s] DEBUG:colcon.colcon_core.event_handler.log_command:Invoking command in '/home/eia/repo/rbi_2025_2/scara/scara_ws/build/scara_mujoco_bringup': CMAKE_PREFIX_PATH=/opt/ros/humble /usr/bin/cmake /home/eia/repo/rbi_2025_2/scara/scara_ws/src/scara_mujoco_bringup -DAMENT_CMAKE_SYMLINK_INSTALL=1 -DCMAKE_INSTALL_PREFIX=/home/eia/repo/rbi_2025_2/scara/scara_ws/install/scara_mujoco_bringup
[1.398s] DEBUG:colcon.colcon_core.event_handler.log_command:Invoking command in '/home/eia/repo/rbi_2025_2/scara/scara_ws/build/scara_mujoco_description': CMAKE_PREFIX_PATH=/opt/ros/humble /usr/bin/cmake /home/eia/repo/rbi_2025_2/scara/scara_ws/src/scara_mujoco_description -DAMENT_CMAKE_SYMLINK_INSTALL=1 -DCMAKE_INSTALL_PREFIX=/home/eia/repo/rbi_2025_2/scara/scara_ws/install/scara_mujoco_description
[1.783s] INFO:colcon.colcon_core.task.python.build:Building Python package in '/home/eia/repo/rbi_2025_2/scara/scara_ws/src/scara_mujoco_python_sim'
[1.784s] INFO:colcon.colcon_core.shell:Skip shell extension 'powershell' for command environment: Not usable outside of PowerShell
[1.784s] DEBUG:colcon.colcon_core.shell:Skip shell extension 'dsv' for command environment
[1.792s] DEBUG:colcon.colcon_core.event_handler.log_command:Invoking command in '/home/eia/repo/rbi_2025_2/scara/scara_ws/build/scara_mujoco_sim': CMAKE_PREFIX_PATH=/opt/ros/humble /usr/bin/cmake /home/eia/repo/rbi_2025_2/scara/scara_ws/src/scara_mujoco_sim -DAMENT_CMAKE_SYMLINK_INSTALL=1 -DCMAKE_INSTALL_PREFIX=/home/eia/repo/rbi_2025_2/scara/scara_ws/install/scara_mujoco_sim
[2.207s] INFO:colcon.colcon_core.task.python.build:Building Python package in '/home/eia/repo/rbi_2025_2/scara/scara_ws/src/scara_path_controller'
[2.208s] INFO:colcon.colcon_core.shell:Skip shell extension 'powershell' for command environment: Not usable outside of PowerShell
[2.208s] DEBUG:colcon.colcon_core.shell:Skip shell extension 'dsv' for command environment
[2.537s] INFO:colcon.colcon_core.task.python.build:Building Python package in '/home/eia/repo/rbi_2025_2/scara/scara_ws/src/scara_path_generator'
[2.538s] INFO:colcon.colcon_core.shell:Skip shell extension 'powershell' for command environment: Not usable outside of PowerShell
[2.538s] DEBUG:colcon.colcon_core.shell:Skip shell extension 'dsv' for command environment
[2.544s] DEBUG:colcon.colcon_core.event_handler.log_command:Invoking command in '/home/eia/repo/rbi_2025_2/scara/scara_ws/build/scara_real_bringup': CMAKE_PREFIX_PATH=/opt/ros/humble /usr/bin/cmake /home/eia/repo/rbi_2025_2/scara/scara_ws/src/scara_real_bringup -DAMENT_CMAKE_SYMLINK_INSTALL=1 -DCMAKE_INSTALL_PREFIX=/home/eia/repo/rbi_2025_2/scara/scara_ws/install/scara_real_bringup
[2.560s] DEBUG:colcon.colcon_core.event_handler.log_command:Invoked command in '/home/eia/repo/rbi_2025_2/scara/scara_ws/build/scara_gz_description' returned '0': CMAKE_PREFIX_PATH=/opt/ros/humble /usr/bin/cmake /home/eia/repo/rbi_2025_2/scara/scara_ws/src/scara_gz_description -DAMENT_CMAKE_SYMLINK_INSTALL=1 -DCMAKE_INSTALL_PREFIX=/home/eia/repo/rbi_2025_2/scara/scara_ws/install/scara_gz_description
[2.561s] DEBUG:colcon.colcon_core.event_handler.log_command:Invoking command in '/home/eia/repo/rbi_2025_2/scara/scara_ws/build/scara_gz_description': CMAKE_PREFIX_PATH=/opt/ros/humble /usr/bin/cmake --build /home/eia/repo/rbi_2025_2/scara/scara_ws/build/scara_gz_description -- -j12 -l12
[2.561s] DEBUG:colcon.colcon_core.event_handler.log_command:Invoked command in '/home/eia/repo/rbi_2025_2/scara/scara_ws/build/scara_gz_bringup' returned '0': CMAKE_PREFIX_PATH=/opt/ros/humble /usr/bin/cmake /home/eia/repo/rbi_2025_2/scara/scara_ws/src/scara_gz_bringup -DAMENT_CMAKE_SYMLINK_INSTALL=1 -DCMAKE_INSTALL_PREFIX=/home/eia/repo/rbi_2025_2/scara/scara_ws/install/scara_gz_bringup
[2.562s] DEBUG:colcon.colcon_core.event_handler.log_command:Invoking command in '/home/eia/repo/rbi_2025_2/scara/scara_ws/build/scara_gz_bringup': CMAKE_PREFIX_PATH=/opt/ros/humble /usr/bin/cmake --build /home/eia/repo/rbi_2025_2/scara/scara_ws/build/scara_gz_bringup -- -j12 -l12
[2.563s] DEBUG:colcon.colcon_core.event_handler.log_command:Invoked command in '/home/eia/repo/rbi_2025_2/scara/scara_ws/build/scara_mujoco_description' returned '0': CMAKE_PREFIX_PATH=/opt/ros/humble /usr/bin/cmake /home/eia/repo/rbi_2025_2/scara/scara_ws/src/scara_mujoco_description -DAMENT_CMAKE_SYMLINK_INSTALL=1 -DCMAKE_INSTALL_PREFIX=/home/eia/repo/rbi_2025_2/scara/scara_ws/install/scara_mujoco_description
[2.566s] DEBUG:colcon.colcon_core.event_handler.log_command:Invoking command in '/home/eia/repo/rbi_2025_2/scara/scara_ws/build/scara_mujoco_description': CMAKE_PREFIX_PATH=/opt/ros/humble /usr/bin/cmake --build /home/eia/repo/rbi_2025_2/scara/scara_ws/build/scara_mujoco_description -- -j12 -l12
[2.605s] DEBUG:colcon.colcon_core.event_handler.log_command:Invoked command in '/home/eia/repo/rbi_2025_2/scara/scara_ws/build/scara_gz_description' returned '0': CMAKE_PREFIX_PATH=/opt/ros/humble /usr/bin/cmake --build /home/eia/repo/rbi_2025_2/scara/scara_ws/build/scara_gz_description -- -j12 -l12
[2.618s] DEBUG:colcon.colcon_core.event_handler.log_command:Invoking command in '/home/eia/repo/rbi_2025_2/scara/scara_ws/build/scara_gz_description': CMAKE_PREFIX_PATH=/opt/ros/humble /usr/bin/cmake --install /home/eia/repo/rbi_2025_2/scara/scara_ws/build/scara_gz_description
[2.628s] DEBUG:colcon.colcon_core.event_handler.log_command:Invoked command in '/home/eia/repo/rbi_2025_2/scara/scara_ws/build/scara_gz_bringup' returned '0': CMAKE_PREFIX_PATH=/opt/ros/humble /usr/bin/cmake --build /home/eia/repo/rbi_2025_2/scara/scara_ws/build/scara_gz_bringup -- -j12 -l12
[2.628s] DEBUG:colcon.colcon_core.event_handler.log_command:Invoking command in '/home/eia/repo/rbi_2025_2/scara/scara_ws/build/scara_gz_bringup': CMAKE_PREFIX_PATH=/opt/ros/humble /usr/bin/cmake --install /home/eia/repo/rbi_2025_2/scara/scara_ws/build/scara_gz_bringup
[2.639s] DEBUG:colcon.colcon_core.event_handler.log_command:Invoked command in '/home/eia/repo/rbi_2025_2/scara/scara_ws/build/scara_mujoco_description' returned '0': CMAKE_PREFIX_PATH=/opt/ros/humble /usr/bin/cmake --build /home/eia/repo/rbi_2025_2/scara/scara_ws/build/scara_mujoco_description -- -j12 -l12
[2.640s] DEBUG:colcon.colcon_core.event_handler.log_command:Invoking command in '/home/eia/repo/rbi_2025_2/scara/scara_ws/build/scara_mujoco_description': CMAKE_PREFIX_PATH=/opt/ros/humble /usr/bin/cmake --install /home/eia/repo/rbi_2025_2/scara/scara_ws/build/scara_mujoco_description
[2.659s] DEBUG:colcon.colcon_core.event_handler.log_command:Invoked command in '/home/eia/repo/rbi_2025_2/scara/scara_ws/build/scara_mujoco_bringup' returned '0': CMAKE_PREFIX_PATH=/opt/ros/humble /usr/bin/cmake /home/eia/repo/rbi_2025_2/scara/scara_ws/src/scara_mujoco_bringup -DAMENT_CMAKE_SYMLINK_INSTALL=1 -DCMAKE_INSTALL_PREFIX=/home/eia/repo/rbi_2025_2/scara/scara_ws/install/scara_mujoco_bringup
[2.663s] DEBUG:colcon.colcon_core.event_handler.log_command:Invoking command in '/home/eia/repo/rbi_2025_2/scara/scara_ws/build/scara_mujoco_bringup': CMAKE_PREFIX_PATH=/opt/ros/humble /usr/bin/cmake --build /home/eia/repo/rbi_2025_2/scara/scara_ws/build/scara_mujoco_bringup -- -j12 -l12
[2.711s] DEBUG:colcon.colcon_core.event_handler.log_command:Invoked command in '/home/eia/repo/rbi_2025_2/scara/scara_ws/build/scara_mujoco_bringup' returned '0': CMAKE_PREFIX_PATH=/opt/ros/humble /usr/bin/cmake --build /home/eia/repo/rbi_2025_2/scara/scara_ws/build/scara_mujoco_bringup -- -j12 -l12
[2.713s] DEBUG:colcon.colcon_core.event_handler.log_command:Invoking command in '/home/eia/repo/rbi_2025_2/scara/scara_ws/build/scara_mujoco_bringup': CMAKE_PREFIX_PATH=/opt/ros/humble /usr/bin/cmake --install /home/eia/repo/rbi_2025_2/scara/scara_ws/build/scara_mujoco_bringup
[2.894s] Level 1:colcon.colcon_core.environment:create_environment_scripts_only(scara_gz_description)
[2.894s] DEBUG:colcon.colcon_core.event_handler.log_command:Invoked command in '/home/eia/repo/rbi_2025_2/scara/scara_ws/build/scara_gz_description' returned '0': CMAKE_PREFIX_PATH=/opt/ros/humble /usr/bin/cmake --install /home/eia/repo/rbi_2025_2/scara/scara_ws/build/scara_gz_description
[2.901s] Level 1:colcon.colcon_core.environment:checking '/home/eia/repo/rbi_2025_2/scara/scara_ws/install/scara_gz_description' for CMake module files
[2.902s] Level 1:colcon.colcon_core.environment:checking '/home/eia/repo/rbi_2025_2/scara/scara_ws/install/scara_gz_description' for CMake config files
[2.902s] Level 1:colcon.colcon_core.shell:create_environment_hook('scara_gz_description', 'cmake_prefix_path')
[2.902s] INFO:colcon.colcon_core.shell:Creating environment hook '/home/eia/repo/rbi_2025_2/scara/scara_ws/install/scara_gz_description/share/scara_gz_description/hook/cmake_prefix_path.ps1'
[2.903s] INFO:colcon.colcon_core.shell:Creating environment descriptor '/home/eia/repo/rbi_2025_2/scara/scara_ws/install/scara_gz_description/share/scara_gz_description/hook/cmake_prefix_path.dsv'
[2.904s] INFO:colcon.colcon_core.shell:Creating environment hook '/home/eia/repo/rbi_2025_2/scara/scara_ws/install/scara_gz_description/share/scara_gz_description/hook/cmake_prefix_path.sh'
[2.905s] Level 1:colcon.colcon_core.environment:checking '/home/eia/repo/rbi_2025_2/scara/scara_ws/install/scara_gz_description/bin'
[2.905s] Level 1:colcon.colcon_core.environment:checking '/home/eia/repo/rbi_2025_2/scara/scara_ws/install/scara_gz_description/lib/pkgconfig/scara_gz_description.pc'
[2.905s] Level 1:colcon.colcon_core.environment:checking '/home/eia/repo/rbi_2025_2/scara/scara_ws/install/scara_gz_description/lib/python3.10/site-packages'
[2.905s] Level 1:colcon.colcon_core.environment:checking '/home/eia/repo/rbi_2025_2/scara/scara_ws/install/scara_gz_description/bin'
[2.906s] INFO:colcon.colcon_core.shell:Creating package script '/home/eia/repo/rbi_2025_2/scara/scara_ws/install/scara_gz_description/share/scara_gz_description/package.ps1'
[2.907s] INFO:colcon.colcon_core.shell:Creating package descriptor '/home/eia/repo/rbi_2025_2/scara/scara_ws/install/scara_gz_description/share/scara_gz_description/package.dsv'
[2.908s] INFO:colcon.colcon_core.shell:Creating package script '/home/eia/repo/rbi_2025_2/scara/scara_ws/install/scara_gz_description/share/scara_gz_description/package.sh'
[2.909s] INFO:colcon.colcon_core.shell:Creating package script '/home/eia/repo/rbi_2025_2/scara/scara_ws/install/scara_gz_description/share/scara_gz_description/package.bash'
[2.911s] INFO:colcon.colcon_core.shell:Creating package script '/home/eia/repo/rbi_2025_2/scara/scara_ws/install/scara_gz_description/share/scara_gz_description/package.zsh'
[2.912s] Level 1:colcon.colcon_core.environment:create_file_with_runtime_dependencies(/home/eia/repo/rbi_2025_2/scara/scara_ws/install/scara_gz_description/share/colcon-core/packages/scara_gz_description)
[2.913s] Level 1:colcon.colcon_core.environment:create_environment_scripts_only(scara_gz_description)
[2.913s] Level 1:colcon.colcon_core.environment:checking '/home/eia/repo/rbi_2025_2/scara/scara_ws/install/scara_gz_description' for CMake module files
[2.914s] Level 1:colcon.colcon_core.environment:checking '/home/eia/repo/rbi_2025_2/scara/scara_ws/install/scara_gz_description' for CMake config files
[2.914s] Level 1:colcon.colcon_core.shell:create_environment_hook('scara_gz_description', 'cmake_prefix_path')
[2.915s] INFO:colcon.colcon_core.shell:Creating environment hook '/home/eia/repo/rbi_2025_2/scara/scara_ws/install/scara_gz_description/share/scara_gz_description/hook/cmake_prefix_path.ps1'
[2.915s] INFO:colcon.colcon_core.shell:Creating environment descriptor '/home/eia/repo/rbi_2025_2/scara/scara_ws/install/scara_gz_description/share/scara_gz_description/hook/cmake_prefix_path.dsv'
[2.916s] INFO:colcon.colcon_core.shell:Creating environment hook '/home/eia/repo/rbi_2025_2/scara/scara_ws/install/scara_gz_description/share/scara_gz_description/hook/cmake_prefix_path.sh'
[2.918s] Level 1:colcon.colcon_core.environment:checking '/home/eia/repo/rbi_2025_2/scara/scara_ws/install/scara_gz_description/bin'
[2.918s] Level 1:colcon.colcon_core.environment:checking '/home/eia/repo/rbi_2025_2/scara/scara_ws/install/scara_gz_description/lib/pkgconfig/scara_gz_description.pc'
[2.918s] Level 1:colcon.colcon_core.environment:checking '/home/eia/repo/rbi_2025_2/scara/scara_ws/install/scara_gz_description/lib/python3.10/site-packages'
[2.919s] Level 1:colcon.colcon_core.environment:checking '/home/eia/repo/rbi_2025_2/scara/scara_ws/install/scara_gz_description/bin'
[2.919s] INFO:colcon.colcon_core.shell:Creating package script '/home/eia/repo/rbi_2025_2/scara/scara_ws/install/scara_gz_description/share/scara_gz_description/package.ps1'
[2.920s] INFO:colcon.colcon_core.shell:Creating package descriptor '/home/eia/repo/rbi_2025_2/scara/scara_ws/install/scara_gz_description/share/scara_gz_description/package.dsv'
[2.921s] INFO:colcon.colcon_core.shell:Creating package script '/home/eia/repo/rbi_2025_2/scara/scara_ws/install/scara_gz_description/share/scara_gz_description/package.sh'
[2.922s] INFO:colcon.colcon_core.shell:Creating package script '/home/eia/repo/rbi_2025_2/scara/scara_ws/install/scara_gz_description/share/scara_gz_description/package.bash'
[2.922s] INFO:colcon.colcon_core.shell:Creating package script '/home/eia/repo/rbi_2025_2/scara/scara_ws/install/scara_gz_description/share/scara_gz_description/package.zsh'
[2.923s] Level 1:colcon.colcon_core.environment:create_file_with_runtime_dependencies(/home/eia/repo/rbi_2025_2/scara/scara_ws/install/scara_gz_description/share/colcon-core/packages/scara_gz_description)
[2.923s] INFO:colcon.colcon_ros.task.ament_cmake.build:Building ROS package in '/home/eia/repo/rbi_2025_2/scara/scara_ws/src/scara_real_description' with build type 'ament_cmake'
[2.923s] INFO:colcon.colcon_cmake.task.cmake.build:Building CMake package in '/home/eia/repo/rbi_2025_2/scara/scara_ws/src/scara_real_description'
[2.924s] INFO:colcon.colcon_core.shell:Skip shell extension 'powershell' for command environment: Not usable outside of PowerShell
[2.924s] DEBUG:colcon.colcon_core.shell:Skip shell extension 'dsv' for command environment
[2.932s] Level 1:colcon.colcon_core.environment:create_environment_scripts_only(scara_gz_bringup)
[2.933s] Level 1:colcon.colcon_core.environment:checking '/home/eia/repo/rbi_2025_2/scara/scara_ws/install/scara_gz_bringup' for CMake module files
[2.935s] Level 1:colcon.colcon_core.environment:checking '/home/eia/repo/rbi_2025_2/scara/scara_ws/install/scara_gz_bringup' for CMake config files
[2.935s] Level 1:colcon.colcon_core.shell:create_environment_hook('scara_gz_bringup', 'cmake_prefix_path')
[2.936s] INFO:colcon.colcon_core.shell:Creating environment hook '/home/eia/repo/rbi_2025_2/scara/scara_ws/install/scara_gz_bringup/share/scara_gz_bringup/hook/cmake_prefix_path.ps1'
[2.936s] INFO:colcon.colcon_core.shell:Creating environment descriptor '/home/eia/repo/rbi_2025_2/scara/scara_ws/install/scara_gz_bringup/share/scara_gz_bringup/hook/cmake_prefix_path.dsv'
[2.937s] INFO:colcon.colcon_core.shell:Creating environment hook '/home/eia/repo/rbi_2025_2/scara/scara_ws/install/scara_gz_bringup/share/scara_gz_bringup/hook/cmake_prefix_path.sh'
[2.937s] Level 1:colcon.colcon_core.environment:checking '/home/eia/repo/rbi_2025_2/scara/scara_ws/install/scara_gz_bringup/bin'
[2.938s] Level 1:colcon.colcon_core.environment:checking '/home/eia/repo/rbi_2025_2/scara/scara_ws/install/scara_gz_bringup/lib/pkgconfig/scara_gz_bringup.pc'
[2.938s] Level 1:colcon.colcon_core.environment:checking '/home/eia/repo/rbi_2025_2/scara/scara_ws/install/scara_gz_bringup/lib/python3.10/site-packages'
[2.933s] DEBUG:colcon.colcon_core.event_handler.log_command:Invoked command in '/home/eia/repo/rbi_2025_2/scara/scara_ws/build/scara_gz_bringup' returned '0': CMAKE_PREFIX_PATH=/opt/ros/humble /usr/bin/cmake --install /home/eia/repo/rbi_2025_2/scara/scara_ws/build/scara_gz_bringup
[2.939s] Level 1:colcon.colcon_core.environment:checking '/home/eia/repo/rbi_2025_2/scara/scara_ws/install/scara_gz_bringup/bin'
[2.940s] INFO:colcon.colcon_core.shell:Creating package script '/home/eia/repo/rbi_2025_2/scara/scara_ws/install/scara_gz_bringup/share/scara_gz_bringup/package.ps1'
[2.940s] INFO:colcon.colcon_core.shell:Creating package descriptor '/home/eia/repo/rbi_2025_2/scara/scara_ws/install/scara_gz_bringup/share/scara_gz_bringup/package.dsv'
[2.941s] INFO:colcon.colcon_core.shell:Creating package script '/home/eia/repo/rbi_2025_2/scara/scara_ws/install/scara_gz_bringup/share/scara_gz_bringup/package.sh'
[2.942s] INFO:colcon.colcon_core.shell:Creating package script '/home/eia/repo/rbi_2025_2/scara/scara_ws/install/scara_gz_bringup/share/scara_gz_bringup/package.bash'
[2.942s] INFO:colcon.colcon_core.shell:Creating package script '/home/eia/repo/rbi_2025_2/scara/scara_ws/install/scara_gz_bringup/share/scara_gz_bringup/package.zsh'
[2.942s] Level 1:colcon.colcon_core.environment:create_file_with_runtime_dependencies(/home/eia/repo/rbi_2025_2/scara/scara_ws/install/scara_gz_bringup/share/colcon-core/packages/scara_gz_bringup)
[2.943s] Level 1:colcon.colcon_core.environment:create_environment_scripts_only(scara_gz_bringup)
[2.944s] Level 1:colcon.colcon_core.environment:checking '/home/eia/repo/rbi_2025_2/scara/scara_ws/install/scara_gz_bringup' for CMake module files
[2.944s] Level 1:colcon.colcon_core.environment:checking '/home/eia/repo/rbi_2025_2/scara/scara_ws/install/scara_gz_bringup' for CMake config files
[2.945s] Level 1:colcon.colcon_core.shell:create_environment_hook('scara_gz_bringup', 'cmake_prefix_path')
[2.945s] INFO:colcon.colcon_core.shell:Creating environment hook '/home/eia/repo/rbi_2025_2/scara/scara_ws/install/scara_gz_bringup/share/scara_gz_bringup/hook/cmake_prefix_path.ps1'
[2.946s] INFO:colcon.colcon_core.shell:Creating environment descriptor '/home/eia/repo/rbi_2025_2/scara/scara_ws/install/scara_gz_bringup/share/scara_gz_bringup/hook/cmake_prefix_path.dsv'
[2.947s] INFO:colcon.colcon_core.shell:Creating environment hook '/home/eia/repo/rbi_2025_2/scara/scara_ws/install/scara_gz_bringup/share/scara_gz_bringup/hook/cmake_prefix_path.sh'
[2.948s] Level 1:colcon.colcon_core.environment:checking '/home/eia/repo/rbi_2025_2/scara/scara_ws/install/scara_gz_bringup/bin'
[2.948s] Level 1:colcon.colcon_core.environment:checking '/home/eia/repo/rbi_2025_2/scara/scara_ws/install/scara_gz_bringup/lib/pkgconfig/scara_gz_bringup.pc'
[2.948s] Level 1:colcon.colcon_core.environment:checking '/home/eia/repo/rbi_2025_2/scara/scara_ws/install/scara_gz_bringup/lib/python3.10/site-packages'
[2.948s] Level 1:colcon.colcon_core.environment:checking '/home/eia/repo/rbi_2025_2/scara/scara_ws/install/scara_gz_bringup/bin'
[2.949s] INFO:colcon.colcon_core.shell:Creating package script '/home/eia/repo/rbi_2025_2/scara/scara_ws/install/scara_gz_bringup/share/scara_gz_bringup/package.ps1'
[2.950s] INFO:colcon.colcon_core.shell:Creating package descriptor '/home/eia/repo/rbi_2025_2/scara/scara_ws/install/scara_gz_bringup/share/scara_gz_bringup/package.dsv'
[2.951s] INFO:colcon.colcon_core.shell:Creating package script '/home/eia/repo/rbi_2025_2/scara/scara_ws/install/scara_gz_bringup/share/scara_gz_bringup/package.sh'
[2.951s] INFO:colcon.colcon_core.shell:Creating package script '/home/eia/repo/rbi_2025_2/scara/scara_ws/install/scara_gz_bringup/share/scara_gz_bringup/package.bash'
[2.952s] INFO:colcon.colcon_core.shell:Creating package script '/home/eia/repo/rbi_2025_2/scara/scara_ws/install/scara_gz_bringup/share/scara_gz_bringup/package.zsh'
[2.953s] Level 1:colcon.colcon_core.environment:create_file_with_runtime_dependencies(/home/eia/repo/rbi_2025_2/scara/scara_ws/install/scara_gz_bringup/share/colcon-core/packages/scara_gz_bringup)
[2.954s] Level 1:colcon.colcon_core.environment:create_environment_scripts_only(scara_mujoco_description)
[2.955s] Level 1:colcon.colcon_core.environment:checking '/home/eia/repo/rbi_2025_2/scara/scara_ws/install/scara_mujoco_description' for CMake module files
[2.955s] Level 1:colcon.colcon_core.environment:checking '/home/eia/repo/rbi_2025_2/scara/scara_ws/install/scara_mujoco_description' for CMake config files
[2.956s] Level 1:colcon.colcon_core.shell:create_environment_hook('scara_mujoco_description', 'cmake_prefix_path')
[2.956s] INFO:colcon.colcon_core.shell:Creating environment hook '/home/eia/repo/rbi_2025_2/scara/scara_ws/install/scara_mujoco_description/share/scara_mujoco_description/hook/cmake_prefix_path.ps1'
[2.957s] INFO:colcon.colcon_core.shell:Creating environment descriptor '/home/eia/repo/rbi_2025_2/scara/scara_ws/install/scara_mujoco_description/share/scara_mujoco_description/hook/cmake_prefix_path.dsv'
[2.954s] DEBUG:colcon.colcon_core.event_handler.log_command:Invoked command in '/home/eia/repo/rbi_2025_2/scara/scara_ws/build/scara_mujoco_description' returned '0': CMAKE_PREFIX_PATH=/opt/ros/humble /usr/bin/cmake --install /home/eia/repo/rbi_2025_2/scara/scara_ws/build/scara_mujoco_description
[2.957s] INFO:colcon.colcon_core.shell:Creating environment hook '/home/eia/repo/rbi_2025_2/scara/scara_ws/install/scara_mujoco_description/share/scara_mujoco_description/hook/cmake_prefix_path.sh'
[2.958s] Level 1:colcon.colcon_core.environment:checking '/home/eia/repo/rbi_2025_2/scara/scara_ws/install/scara_mujoco_description/bin'
[2.958s] Level 1:colcon.colcon_core.environment:checking '/home/eia/repo/rbi_2025_2/scara/scara_ws/install/scara_mujoco_description/lib/pkgconfig/scara_mujoco_description.pc'
[2.958s] Level 1:colcon.colcon_core.environment:checking '/home/eia/repo/rbi_2025_2/scara/scara_ws/install/scara_mujoco_description/lib/python3.10/site-packages'
[2.959s] Level 1:colcon.colcon_core.environment:checking '/home/eia/repo/rbi_2025_2/scara/scara_ws/install/scara_mujoco_description/bin'
[2.959s] INFO:colcon.colcon_core.shell:Creating package script '/home/eia/repo/rbi_2025_2/scara/scara_ws/install/scara_mujoco_description/share/scara_mujoco_description/package.ps1'
[2.960s] INFO:colcon.colcon_core.shell:Creating package descriptor '/home/eia/repo/rbi_2025_2/scara/scara_ws/install/scara_mujoco_description/share/scara_mujoco_description/package.dsv'
[2.961s] INFO:colcon.colcon_core.shell:Creating package script '/home/eia/repo/rbi_2025_2/scara/scara_ws/install/scara_mujoco_description/share/scara_mujoco_description/package.sh'
[2.961s] INFO:colcon.colcon_core.shell:Creating package script '/home/eia/repo/rbi_2025_2/scara/scara_ws/install/scara_mujoco_description/share/scara_mujoco_description/package.bash'
[2.962s] INFO:colcon.colcon_core.shell:Creating package script '/home/eia/repo/rbi_2025_2/scara/scara_ws/install/scara_mujoco_description/share/scara_mujoco_description/package.zsh'
[2.962s] Level 1:colcon.colcon_core.environment:create_file_with_runtime_dependencies(/home/eia/repo/rbi_2025_2/scara/scara_ws/install/scara_mujoco_description/share/colcon-core/packages/scara_mujoco_description)
[2.963s] Level 1:colcon.colcon_core.environment:create_environment_scripts_only(scara_mujoco_description)
[2.964s] Level 1:colcon.colcon_core.environment:checking '/home/eia/repo/rbi_2025_2/scara/scara_ws/install/scara_mujoco_description' for CMake module files
[2.964s] Level 1:colcon.colcon_core.environment:checking '/home/eia/repo/rbi_2025_2/scara/scara_ws/install/scara_mujoco_description' for CMake config files
[2.965s] Level 1:colcon.colcon_core.shell:create_environment_hook('scara_mujoco_description', 'cmake_prefix_path')
[2.965s] INFO:colcon.colcon_core.shell:Creating environment hook '/home/eia/repo/rbi_2025_2/scara/scara_ws/install/scara_mujoco_description/share/scara_mujoco_description/hook/cmake_prefix_path.ps1'
[2.966s] INFO:colcon.colcon_core.shell:Creating environment descriptor '/home/eia/repo/rbi_2025_2/scara/scara_ws/install/scara_mujoco_description/share/scara_mujoco_description/hook/cmake_prefix_path.dsv'
[2.966s] INFO:colcon.colcon_core.shell:Creating environment hook '/home/eia/repo/rbi_2025_2/scara/scara_ws/install/scara_mujoco_description/share/scara_mujoco_description/hook/cmake_prefix_path.sh'
[2.967s] Level 1:colcon.colcon_core.environment:checking '/home/eia/repo/rbi_2025_2/scara/scara_ws/install/scara_mujoco_description/bin'
[2.967s] Level 1:colcon.colcon_core.environment:checking '/home/eia/repo/rbi_2025_2/scara/scara_ws/install/scara_mujoco_description/lib/pkgconfig/scara_mujoco_description.pc'
[2.967s] Level 1:colcon.colcon_core.environment:checking '/home/eia/repo/rbi_2025_2/scara/scara_ws/install/scara_mujoco_description/lib/python3.10/site-packages'
[2.968s] Level 1:colcon.colcon_core.environment:checking '/home/eia/repo/rbi_2025_2/scara/scara_ws/install/scara_mujoco_description/bin'
[2.968s] INFO:colcon.colcon_core.shell:Creating package script '/home/eia/repo/rbi_2025_2/scara/scara_ws/install/scara_mujoco_description/share/scara_mujoco_description/package.ps1'
[2.969s] INFO:colcon.colcon_core.shell:Creating package descriptor '/home/eia/repo/rbi_2025_2/scara/scara_ws/install/scara_mujoco_description/share/scara_mujoco_description/package.dsv'
[2.970s] INFO:colcon.colcon_core.shell:Creating package script '/home/eia/repo/rbi_2025_2/scara/scara_ws/install/scara_mujoco_description/share/scara_mujoco_description/package.sh'
[2.970s] INFO:colcon.colcon_core.shell:Creating package script '/home/eia/repo/rbi_2025_2/scara/scara_ws/install/scara_mujoco_description/share/scara_mujoco_description/package.bash'
[2.971s] INFO:colcon.colcon_core.shell:Creating package script '/home/eia/repo/rbi_2025_2/scara/scara_ws/install/scara_mujoco_description/share/scara_mujoco_description/package.zsh'
[2.972s] Level 1:colcon.colcon_core.environment:create_file_with_runtime_dependencies(/home/eia/repo/rbi_2025_2/scara/scara_ws/install/scara_mujoco_description/share/colcon-core/packages/scara_mujoco_description)
[2.973s] INFO:colcon.colcon_ros.task.ament_python.build:Building ROS package in '/home/eia/repo/rbi_2025_2/scara/scara_ws/src/scara_tf_generator' with build type 'ament_python'
[2.973s] Level 1:colcon.colcon_core.shell:create_environment_hook('scara_tf_generator', 'ament_prefix_path')
[2.973s] INFO:colcon.colcon_core.shell:Creating environment hook '/home/eia/repo/rbi_2025_2/scara/scara_ws/install/scara_tf_generator/share/scara_tf_generator/hook/ament_prefix_path.ps1'
[2.974s] INFO:colcon.colcon_core.shell:Creating environment descriptor '/home/eia/repo/rbi_2025_2/scara/scara_ws/install/scara_tf_generator/share/scara_tf_generator/hook/ament_prefix_path.dsv'
[2.974s] INFO:colcon.colcon_core.shell:Creating environment hook '/home/eia/repo/rbi_2025_2/scara/scara_ws/install/scara_tf_generator/share/scara_tf_generator/hook/ament_prefix_path.sh'
[2.975s] INFO:colcon.colcon_core.shell:Skip shell extension 'powershell' for command environment: Not usable outside of PowerShell
[2.975s] DEBUG:colcon.colcon_core.shell:Skip shell extension 'dsv' for command environment
[2.986s] DEBUG:colcon.colcon_core.event_handler.log_command:Invoking command in '/home/eia/repo/rbi_2025_2/scara/scara_ws/build/scara_real_description': CMAKE_PREFIX_PATH=/opt/ros/humble /usr/bin/cmake /home/eia/repo/rbi_2025_2/scara/scara_ws/src/scara_real_description -DAMENT_CMAKE_SYMLINK_INSTALL=1 -DCMAKE_INSTALL_PREFIX=/home/eia/repo/rbi_2025_2/scara/scara_ws/install/scara_real_description
[2.992s] Level 1:colcon.colcon_core.environment:create_environment_scripts_only(scara_mujoco_bringup)
[2.992s] Level 1:colcon.colcon_core.environment:checking '/home/eia/repo/rbi_2025_2/scara/scara_ws/install/scara_mujoco_bringup' for CMake module files
[2.993s] Level 1:colcon.colcon_core.environment:checking '/home/eia/repo/rbi_2025_2/scara/scara_ws/install/scara_mujoco_bringup' for CMake config files
[2.994s] DEBUG:colcon.colcon_core.event_handler.log_command:Invoked command in '/home/eia/repo/rbi_2025_2/scara/scara_ws/build/scara_mujoco_bringup' returned '0': CMAKE_PREFIX_PATH=/opt/ros/humble /usr/bin/cmake --install /home/eia/repo/rbi_2025_2/scara/scara_ws/build/scara_mujoco_bringup
[2.994s] Level 1:colcon.colcon_core.shell:create_environment_hook('scara_mujoco_bringup', 'cmake_prefix_path')
[2.995s] INFO:colcon.colcon_core.shell:Creating environment hook '/home/eia/repo/rbi_2025_2/scara/scara_ws/install/scara_mujoco_bringup/share/scara_mujoco_bringup/hook/cmake_prefix_path.ps1'
[2.995s] INFO:colcon.colcon_core.shell:Creating environment descriptor '/home/eia/repo/rbi_2025_2/scara/scara_ws/install/scara_mujoco_bringup/share/scara_mujoco_bringup/hook/cmake_prefix_path.dsv'
[2.996s] INFO:colcon.colcon_core.shell:Creating environment hook '/home/eia/repo/rbi_2025_2/scara/scara_ws/install/scara_mujoco_bringup/share/scara_mujoco_bringup/hook/cmake_prefix_path.sh'
[2.997s] Level 1:colcon.colcon_core.environment:checking '/home/eia/repo/rbi_2025_2/scara/scara_ws/install/scara_mujoco_bringup/bin'
[2.997s] Level 1:colcon.colcon_core.environment:checking '/home/eia/repo/rbi_2025_2/scara/scara_ws/install/scara_mujoco_bringup/lib/pkgconfig/scara_mujoco_bringup.pc'
[2.997s] Level 1:colcon.colcon_core.environment:checking '/home/eia/repo/rbi_2025_2/scara/scara_ws/install/scara_mujoco_bringup/lib/python3.10/site-packages'
[2.998s] Level 1:colcon.colcon_core.environment:checking '/home/eia/repo/rbi_2025_2/scara/scara_ws/install/scara_mujoco_bringup/bin'
[2.998s] INFO:colcon.colcon_core.shell:Creating package script '/home/eia/repo/rbi_2025_2/scara/scara_ws/install/scara_mujoco_bringup/share/scara_mujoco_bringup/package.ps1'
[2.999s] INFO:colcon.colcon_core.shell:Creating package descriptor '/home/eia/repo/rbi_2025_2/scara/scara_ws/install/scara_mujoco_bringup/share/scara_mujoco_bringup/package.dsv'
[2.999s] INFO:colcon.colcon_core.shell:Creating package script '/home/eia/repo/rbi_2025_2/scara/scara_ws/install/scara_mujoco_bringup/share/scara_mujoco_bringup/package.sh'
[3.000s] INFO:colcon.colcon_core.shell:Creating package script '/home/eia/repo/rbi_2025_2/scara/scara_ws/install/scara_mujoco_bringup/share/scara_mujoco_bringup/package.bash'
[3.001s] INFO:colcon.colcon_core.shell:Creating package script '/home/eia/repo/rbi_2025_2/scara/scara_ws/install/scara_mujoco_bringup/share/scara_mujoco_bringup/package.zsh'
[3.001s] Level 1:colcon.colcon_core.environment:create_file_with_runtime_dependencies(/home/eia/repo/rbi_2025_2/scara/scara_ws/install/scara_mujoco_bringup/share/colcon-core/packages/scara_mujoco_bringup)
[3.002s] Level 1:colcon.colcon_core.environment:create_environment_scripts_only(scara_mujoco_bringup)
[3.002s] Level 1:colcon.colcon_core.environment:checking '/home/eia/repo/rbi_2025_2/scara/scara_ws/install/scara_mujoco_bringup' for CMake module files
[3.003s] Level 1:colcon.colcon_core.environment:checking '/home/eia/repo/rbi_2025_2/scara/scara_ws/install/scara_mujoco_bringup' for CMake config files
[3.003s] Level 1:colcon.colcon_core.shell:create_environment_hook('scara_mujoco_bringup', 'cmake_prefix_path')
[3.004s] INFO:colcon.colcon_core.shell:Creating environment hook '/home/eia/repo/rbi_2025_2/scara/scara_ws/install/scara_mujoco_bringup/share/scara_mujoco_bringup/hook/cmake_prefix_path.ps1'
[3.004s] INFO:colcon.colcon_core.shell:Creating environment descriptor '/home/eia/repo/rbi_2025_2/scara/scara_ws/install/scara_mujoco_bringup/share/scara_mujoco_bringup/hook/cmake_prefix_path.dsv'
[3.005s] INFO:colcon.colcon_core.shell:Creating environment hook '/home/eia/repo/rbi_2025_2/scara/scara_ws/install/scara_mujoco_bringup/share/scara_mujoco_bringup/hook/cmake_prefix_path.sh'
[3.006s] Level 1:colcon.colcon_core.environment:checking '/home/eia/repo/rbi_2025_2/scara/scara_ws/install/scara_mujoco_bringup/bin'
[3.006s] Level 1:colcon.colcon_core.environment:checking '/home/eia/repo/rbi_2025_2/scara/scara_ws/install/scara_mujoco_bringup/lib/pkgconfig/scara_mujoco_bringup.pc'
[3.006s] Level 1:colcon.colcon_core.environment:checking '/home/eia/repo/rbi_2025_2/scara/scara_ws/install/scara_mujoco_bringup/lib/python3.10/site-packages'
[3.006s] Level 1:colcon.colcon_core.environment:checking '/home/eia/repo/rbi_2025_2/scara/scara_ws/install/scara_mujoco_bringup/bin'
[3.007s] INFO:colcon.colcon_core.shell:Creating package script '/home/eia/repo/rbi_2025_2/scara/scara_ws/install/scara_mujoco_bringup/share/scara_mujoco_bringup/package.ps1'
[3.008s] INFO:colcon.colcon_core.shell:Creating package descriptor '/home/eia/repo/rbi_2025_2/scara/scara_ws/install/scara_mujoco_bringup/share/scara_mujoco_bringup/package.dsv'
[3.008s] INFO:colcon.colcon_core.shell:Creating package script '/home/eia/repo/rbi_2025_2/scara/scara_ws/install/scara_mujoco_bringup/share/scara_mujoco_bringup/package.sh'
[3.009s] INFO:colcon.colcon_core.shell:Creating package script '/home/eia/repo/rbi_2025_2/scara/scara_ws/install/scara_mujoco_bringup/share/scara_mujoco_bringup/package.bash'
[3.009s] INFO:colcon.colcon_core.shell:Creating package script '/home/eia/repo/rbi_2025_2/scara/scara_ws/install/scara_mujoco_bringup/share/scara_mujoco_bringup/package.zsh'
[3.010s] Level 1:colcon.colcon_core.environment:create_file_with_runtime_dependencies(/home/eia/repo/rbi_2025_2/scara/scara_ws/install/scara_mujoco_bringup/share/colcon-core/packages/scara_mujoco_bringup)
[3.480s] INFO:colcon.colcon_core.task.python.build:Building Python package in '/home/eia/repo/rbi_2025_2/scara/scara_ws/src/scara_tf_generator'
[3.480s] INFO:colcon.colcon_core.shell:Skip shell extension 'powershell' for command environment: Not usable outside of PowerShell
[3.480s] DEBUG:colcon.colcon_core.shell:Skip shell extension 'dsv' for command environment
[3.486s] DEBUG:colcon.colcon_core.event_handler.log_command:Invoking command in '/home/eia/repo/rbi_2025_2/scara/scara_ws/build/scara_path_generator': PYTHONPATH=/home/eia/repo/rbi_2025_2/scara/scara_ws/build/scara_path_generator/prefix_override:/home/eia/.local/lib/python3.10/site-packages/colcon_core/task/python/colcon_distutils_commands:/home/eia/repo/rbi_2025_2/scara/scara_ws/install/scara_path_generator/lib/python3.10/site-packages:${PYTHONPATH} /usr/bin/python3 -W ignore:setup.py install is deprecated -W ignore:easy_install command is deprecated setup.py develop --editable --build-directory /home/eia/repo/rbi_2025_2/scara/scara_ws/build/scara_path_generator/build --no-deps symlink_data
[3.488s] DEBUG:colcon.colcon_core.event_handler.log_command:Invoking command in '/home/eia/repo/rbi_2025_2/scara/scara_ws/build/scara_mujoco_python_sim': PYTHONPATH=/home/eia/repo/rbi_2025_2/scara/scara_ws/build/scara_mujoco_python_sim/prefix_override:/home/eia/.local/lib/python3.10/site-packages/colcon_core/task/python/colcon_distutils_commands:/home/eia/repo/rbi_2025_2/scara/scara_ws/install/scara_mujoco_python_sim/lib/python3.10/site-packages:${PYTHONPATH} /usr/bin/python3 -W ignore:setup.py install is deprecated -W ignore:easy_install command is deprecated setup.py develop --editable --build-directory /home/eia/repo/rbi_2025_2/scara/scara_ws/build/scara_mujoco_python_sim/build --no-deps symlink_data
[3.489s] DEBUG:colcon.colcon_core.event_handler.log_command:Invoking command in '/home/eia/repo/rbi_2025_2/scara/scara_ws/build/premade_path_publisher': PYTHONPATH=/home/eia/repo/rbi_2025_2/scara/scara_ws/build/premade_path_publisher/prefix_override:/home/eia/.local/lib/python3.10/site-packages/colcon_core/task/python/colcon_distutils_commands:/home/eia/repo/rbi_2025_2/scara/scara_ws/install/premade_path_publisher/lib/python3.10/site-packages:${PYTHONPATH} /usr/bin/python3 -W ignore:setup.py install is deprecated -W ignore:easy_install command is deprecated setup.py develop --editable --build-directory /home/eia/repo/rbi_2025_2/scara/scara_ws/build/premade_path_publisher/build --no-deps symlink_data
[3.491s] DEBUG:colcon.colcon_core.event_handler.log_command:Invoking command in '/home/eia/repo/rbi_2025_2/scara/scara_ws/build/scara_general_ik_solver': PYTHONPATH=/home/eia/repo/rbi_2025_2/scara/scara_ws/build/scara_general_ik_solver/prefix_override:/home/eia/.local/lib/python3.10/site-packages/colcon_core/task/python/colcon_distutils_commands:/home/eia/repo/rbi_2025_2/scara/scara_ws/install/scara_general_ik_solver/lib/python3.10/site-packages:${PYTHONPATH} /usr/bin/python3 -W ignore:setup.py install is deprecated -W ignore:easy_install command is deprecated setup.py develop --editable --build-directory /home/eia/repo/rbi_2025_2/scara/scara_ws/build/scara_general_ik_solver/build --no-deps symlink_data
[3.496s] DEBUG:colcon.colcon_core.event_handler.log_command:Invoking command in '/home/eia/repo/rbi_2025_2/scara/scara_ws/build/scara_path_controller': PYTHONPATH=/home/eia/repo/rbi_2025_2/scara/scara_ws/build/scara_path_controller/prefix_override:/home/eia/.local/lib/python3.10/site-packages/colcon_core/task/python/colcon_distutils_commands:/home/eia/repo/rbi_2025_2/scara/scara_ws/install/scara_path_controller/lib/python3.10/site-packages:${PYTHONPATH} /usr/bin/python3 -W ignore:setup.py install is deprecated -W ignore:easy_install command is deprecated setup.py develop --editable --build-directory /home/eia/repo/rbi_2025_2/scara/scara_ws/build/scara_path_controller/build --no-deps symlink_data
[3.496s] DEBUG:colcon.colcon_core.event_handler.log_command:Invoked command in '/home/eia/repo/rbi_2025_2/scara/scara_ws/build/scara_hardware_interface' returned '0': CMAKE_PREFIX_PATH=/opt/ros/humble /usr/bin/cmake /home/eia/repo/rbi_2025_2/scara/scara_ws/src/scara_hardware_interface -DAMENT_CMAKE_SYMLINK_INSTALL=1 -DCMAKE_INSTALL_PREFIX=/home/eia/repo/rbi_2025_2/scara/scara_ws/install/scara_hardware_interface
[3.497s] DEBUG:colcon.colcon_core.event_handler.log_command:Invoking command in '/home/eia/repo/rbi_2025_2/scara/scara_ws/build/scara_hardware_interface': CMAKE_PREFIX_PATH=/opt/ros/humble /usr/bin/cmake --build /home/eia/repo/rbi_2025_2/scara/scara_ws/build/scara_hardware_interface -- -j12 -l12
[3.498s] DEBUG:colcon.colcon_core.event_handler.log_command:Invoked command in '/home/eia/repo/rbi_2025_2/scara/scara_ws/build/scara_real_bringup' returned '0': CMAKE_PREFIX_PATH=/opt/ros/humble /usr/bin/cmake /home/eia/repo/rbi_2025_2/scara/scara_ws/src/scara_real_bringup -DAMENT_CMAKE_SYMLINK_INSTALL=1 -DCMAKE_INSTALL_PREFIX=/home/eia/repo/rbi_2025_2/scara/scara_ws/install/scara_real_bringup
[3.499s] DEBUG:colcon.colcon_core.event_handler.log_command:Invoking command in '/home/eia/repo/rbi_2025_2/scara/scara_ws/build/scara_real_bringup': CMAKE_PREFIX_PATH=/opt/ros/humble /usr/bin/cmake --build /home/eia/repo/rbi_2025_2/scara/scara_ws/build/scara_real_bringup -- -j12 -l12
[3.500s] DEBUG:colcon.colcon_core.event_handler.log_command:Invoked command in '/home/eia/repo/rbi_2025_2/scara/scara_ws/build/scara_mujoco_sim' returned '0': CMAKE_PREFIX_PATH=/opt/ros/humble /usr/bin/cmake /home/eia/repo/rbi_2025_2/scara/scara_ws/src/scara_mujoco_sim -DAMENT_CMAKE_SYMLINK_INSTALL=1 -DCMAKE_INSTALL_PREFIX=/home/eia/repo/rbi_2025_2/scara/scara_ws/install/scara_mujoco_sim
[3.502s] DEBUG:colcon.colcon_core.event_handler.log_command:Invoking command in '/home/eia/repo/rbi_2025_2/scara/scara_ws/build/scara_mujoco_sim': CMAKE_PREFIX_PATH=/opt/ros/humble /usr/bin/cmake --build /home/eia/repo/rbi_2025_2/scara/scara_ws/build/scara_mujoco_sim -- -j12 -l12
[3.559s] DEBUG:colcon.colcon_core.event_handler.log_command:Invoked command in '/home/eia/repo/rbi_2025_2/scara/scara_ws/build/scara_real_bringup' returned '0': CMAKE_PREFIX_PATH=/opt/ros/humble /usr/bin/cmake --build /home/eia/repo/rbi_2025_2/scara/scara_ws/build/scara_real_bringup -- -j12 -l12
[3.559s] DEBUG:colcon.colcon_core.event_handler.log_command:Invoking command in '/home/eia/repo/rbi_2025_2/scara/scara_ws/build/scara_real_bringup': CMAKE_PREFIX_PATH=/opt/ros/humble /usr/bin/cmake --install /home/eia/repo/rbi_2025_2/scara/scara_ws/build/scara_real_bringup
[3.825s] Level 1:colcon.colcon_core.environment:create_environment_scripts_only(scara_real_bringup)
[3.825s] DEBUG:colcon.colcon_core.event_handler.log_command:Invoked command in '/home/eia/repo/rbi_2025_2/scara/scara_ws/build/scara_real_description' returned '0': CMAKE_PREFIX_PATH=/opt/ros/humble /usr/bin/cmake /home/eia/repo/rbi_2025_2/scara/scara_ws/src/scara_real_description -DAMENT_CMAKE_SYMLINK_INSTALL=1 -DCMAKE_INSTALL_PREFIX=/home/eia/repo/rbi_2025_2/scara/scara_ws/install/scara_real_description
[3.825s] Level 1:colcon.colcon_core.environment:checking '/home/eia/repo/rbi_2025_2/scara/scara_ws/install/scara_real_bringup' for CMake module files
[3.826s] DEBUG:colcon.colcon_core.event_handler.log_command:Invoking command in '/home/eia/repo/rbi_2025_2/scara/scara_ws/build/scara_real_description': CMAKE_PREFIX_PATH=/opt/ros/humble /usr/bin/cmake --build /home/eia/repo/rbi_2025_2/scara/scara_ws/build/scara_real_description -- -j12 -l12
[3.826s] DEBUG:colcon.colcon_core.event_handler.log_command:Invoked command in '/home/eia/repo/rbi_2025_2/scara/scara_ws/build/scara_real_bringup' returned '0': CMAKE_PREFIX_PATH=/opt/ros/humble /usr/bin/cmake --install /home/eia/repo/rbi_2025_2/scara/scara_ws/build/scara_real_bringup
[3.827s] Level 1:colcon.colcon_core.environment:checking '/home/eia/repo/rbi_2025_2/scara/scara_ws/install/scara_real_bringup' for CMake config files
[3.827s] Level 1:colcon.colcon_core.shell:create_environment_hook('scara_real_bringup', 'cmake_prefix_path')
[3.827s] INFO:colcon.colcon_core.shell:Creating environment hook '/home/eia/repo/rbi_2025_2/scara/scara_ws/install/scara_real_bringup/share/scara_real_bringup/hook/cmake_prefix_path.ps1'
[3.828s] INFO:colcon.colcon_core.shell:Creating environment descriptor '/home/eia/repo/rbi_2025_2/scara/scara_ws/install/scara_real_bringup/share/scara_real_bringup/hook/cmake_prefix_path.dsv'
[3.828s] INFO:colcon.colcon_core.shell:Creating environment hook '/home/eia/repo/rbi_2025_2/scara/scara_ws/install/scara_real_bringup/share/scara_real_bringup/hook/cmake_prefix_path.sh'
[3.828s] Level 1:colcon.colcon_core.environment:checking '/home/eia/repo/rbi_2025_2/scara/scara_ws/install/scara_real_bringup/bin'
[3.829s] Level 1:colcon.colcon_core.environment:checking '/home/eia/repo/rbi_2025_2/scara/scara_ws/install/scara_real_bringup/lib/pkgconfig/scara_real_bringup.pc'
[3.829s] Level 1:colcon.colcon_core.environment:checking '/home/eia/repo/rbi_2025_2/scara/scara_ws/install/scara_real_bringup/lib/python3.10/site-packages'
[3.829s] Level 1:colcon.colcon_core.environment:checking '/home/eia/repo/rbi_2025_2/scara/scara_ws/install/scara_real_bringup/bin'
[3.829s] INFO:colcon.colcon_core.shell:Creating package script '/home/eia/repo/rbi_2025_2/scara/scara_ws/install/scara_real_bringup/share/scara_real_bringup/package.ps1'
[3.830s] INFO:colcon.colcon_core.shell:Creating package descriptor '/home/eia/repo/rbi_2025_2/scara/scara_ws/install/scara_real_bringup/share/scara_real_bringup/package.dsv'
[3.830s] INFO:colcon.colcon_core.shell:Creating package script '/home/eia/repo/rbi_2025_2/scara/scara_ws/install/scara_real_bringup/share/scara_real_bringup/package.sh'
[3.830s] INFO:colcon.colcon_core.shell:Creating package script '/home/eia/repo/rbi_2025_2/scara/scara_ws/install/scara_real_bringup/share/scara_real_bringup/package.bash'
[3.831s] INFO:colcon.colcon_core.shell:Creating package script '/home/eia/repo/rbi_2025_2/scara/scara_ws/install/scara_real_bringup/share/scara_real_bringup/package.zsh'
[3.831s] Level 1:colcon.colcon_core.environment:create_file_with_runtime_dependencies(/home/eia/repo/rbi_2025_2/scara/scara_ws/install/scara_real_bringup/share/colcon-core/packages/scara_real_bringup)
[3.832s] Level 1:colcon.colcon_core.environment:create_environment_scripts_only(scara_real_bringup)
[3.832s] Level 1:colcon.colcon_core.environment:checking '/home/eia/repo/rbi_2025_2/scara/scara_ws/install/scara_real_bringup' for CMake module files
[3.832s] Level 1:colcon.colcon_core.environment:checking '/home/eia/repo/rbi_2025_2/scara/scara_ws/install/scara_real_bringup' for CMake config files
[3.833s] Level 1:colcon.colcon_core.shell:create_environment_hook('scara_real_bringup', 'cmake_prefix_path')
[3.833s] INFO:colcon.colcon_core.shell:Creating environment hook '/home/eia/repo/rbi_2025_2/scara/scara_ws/install/scara_real_bringup/share/scara_real_bringup/hook/cmake_prefix_path.ps1'
[3.834s] INFO:colcon.colcon_core.shell:Creating environment descriptor '/home/eia/repo/rbi_2025_2/scara/scara_ws/install/scara_real_bringup/share/scara_real_bringup/hook/cmake_prefix_path.dsv'
[3.834s] INFO:colcon.colcon_core.shell:Creating environment hook '/home/eia/repo/rbi_2025_2/scara/scara_ws/install/scara_real_bringup/share/scara_real_bringup/hook/cmake_prefix_path.sh'
[3.834s] Level 1:colcon.colcon_core.environment:checking '/home/eia/repo/rbi_2025_2/scara/scara_ws/install/scara_real_bringup/bin'
[3.834s] Level 1:colcon.colcon_core.environment:checking '/home/eia/repo/rbi_2025_2/scara/scara_ws/install/scara_real_bringup/lib/pkgconfig/scara_real_bringup.pc'
[3.835s] Level 1:colcon.colcon_core.environment:checking '/home/eia/repo/rbi_2025_2/scara/scara_ws/install/scara_real_bringup/lib/python3.10/site-packages'
[3.835s] Level 1:colcon.colcon_core.environment:checking '/home/eia/repo/rbi_2025_2/scara/scara_ws/install/scara_real_bringup/bin'
[3.835s] INFO:colcon.colcon_core.shell:Creating package script '/home/eia/repo/rbi_2025_2/scara/scara_ws/install/scara_real_bringup/share/scara_real_bringup/package.ps1'
[3.836s] INFO:colcon.colcon_core.shell:Creating package descriptor '/home/eia/repo/rbi_2025_2/scara/scara_ws/install/scara_real_bringup/share/scara_real_bringup/package.dsv'
[3.836s] INFO:colcon.colcon_core.shell:Creating package script '/home/eia/repo/rbi_2025_2/scara/scara_ws/install/scara_real_bringup/share/scara_real_bringup/package.sh'
[3.837s] INFO:colcon.colcon_core.shell:Creating package script '/home/eia/repo/rbi_2025_2/scara/scara_ws/install/scara_real_bringup/share/scara_real_bringup/package.bash'
[3.837s] INFO:colcon.colcon_core.shell:Creating package script '/home/eia/repo/rbi_2025_2/scara/scara_ws/install/scara_real_bringup/share/scara_real_bringup/package.zsh'
[3.837s] Level 1:colcon.colcon_core.environment:create_file_with_runtime_dependencies(/home/eia/repo/rbi_2025_2/scara/scara_ws/install/scara_real_bringup/share/colcon-core/packages/scara_real_bringup)
[3.867s] DEBUG:colcon.colcon_core.event_handler.log_command:Invoked command in '/home/eia/repo/rbi_2025_2/scara/scara_ws/build/scara_real_description' returned '0': CMAKE_PREFIX_PATH=/opt/ros/humble /usr/bin/cmake --build /home/eia/repo/rbi_2025_2/scara/scara_ws/build/scara_real_description -- -j12 -l12
[3.869s] DEBUG:colcon.colcon_core.event_handler.log_command:Invoking command in '/home/eia/repo/rbi_2025_2/scara/scara_ws/build/scara_real_description': CMAKE_PREFIX_PATH=/opt/ros/humble /usr/bin/cmake --install /home/eia/repo/rbi_2025_2/scara/scara_ws/build/scara_real_description
[4.053s] Level 1:colcon.colcon_core.environment:create_environment_scripts_only(scara_real_description)
[4.054s] Level 1:colcon.colcon_core.environment:checking '/home/eia/repo/rbi_2025_2/scara/scara_ws/install/scara_real_description' for CMake module files
[4.055s] DEBUG:colcon.colcon_core.event_handler.log_command:Invoked command in '/home/eia/repo/rbi_2025_2/scara/scara_ws/build/scara_real_description' returned '0': CMAKE_PREFIX_PATH=/opt/ros/humble /usr/bin/cmake --install /home/eia/repo/rbi_2025_2/scara/scara_ws/build/scara_real_description
[4.055s] Level 1:colcon.colcon_core.environment:checking '/home/eia/repo/rbi_2025_2/scara/scara_ws/install/scara_real_description' for CMake config files
[4.056s] Level 1:colcon.colcon_core.shell:create_environment_hook('scara_real_description', 'cmake_prefix_path')
[4.056s] INFO:colcon.colcon_core.shell:Creating environment hook '/home/eia/repo/rbi_2025_2/scara/scara_ws/install/scara_real_description/share/scara_real_description/hook/cmake_prefix_path.ps1'
[4.057s] INFO:colcon.colcon_core.shell:Creating environment descriptor '/home/eia/repo/rbi_2025_2/scara/scara_ws/install/scara_real_description/share/scara_real_description/hook/cmake_prefix_path.dsv'
[4.058s] INFO:colcon.colcon_core.shell:Creating environment hook '/home/eia/repo/rbi_2025_2/scara/scara_ws/install/scara_real_description/share/scara_real_description/hook/cmake_prefix_path.sh'
[4.058s] Level 1:colcon.colcon_core.environment:checking '/home/eia/repo/rbi_2025_2/scara/scara_ws/install/scara_real_description/bin'
[4.058s] Level 1:colcon.colcon_core.environment:checking '/home/eia/repo/rbi_2025_2/scara/scara_ws/install/scara_real_description/lib/pkgconfig/scara_real_description.pc'
[4.059s] Level 1:colcon.colcon_core.environment:checking '/home/eia/repo/rbi_2025_2/scara/scara_ws/install/scara_real_description/lib/python3.10/site-packages'
[4.059s] Level 1:colcon.colcon_core.environment:checking '/home/eia/repo/rbi_2025_2/scara/scara_ws/install/scara_real_description/bin'
[4.060s] INFO:colcon.colcon_core.shell:Creating package script '/home/eia/repo/rbi_2025_2/scara/scara_ws/install/scara_real_description/share/scara_real_description/package.ps1'
[4.060s] INFO:colcon.colcon_core.shell:Creating package descriptor '/home/eia/repo/rbi_2025_2/scara/scara_ws/install/scara_real_description/share/scara_real_description/package.dsv'
[4.061s] INFO:colcon.colcon_core.shell:Creating package script '/home/eia/repo/rbi_2025_2/scara/scara_ws/install/scara_real_description/share/scara_real_description/package.sh'
[4.061s] INFO:colcon.colcon_core.shell:Creating package script '/home/eia/repo/rbi_2025_2/scara/scara_ws/install/scara_real_description/share/scara_real_description/package.bash'
[4.062s] INFO:colcon.colcon_core.shell:Creating package script '/home/eia/repo/rbi_2025_2/scara/scara_ws/install/scara_real_description/share/scara_real_description/package.zsh'
[4.062s] Level 1:colcon.colcon_core.environment:create_file_with_runtime_dependencies(/home/eia/repo/rbi_2025_2/scara/scara_ws/install/scara_real_description/share/colcon-core/packages/scara_real_description)
[4.063s] Level 1:colcon.colcon_core.environment:create_environment_scripts_only(scara_real_description)
[4.064s] Level 1:colcon.colcon_core.environment:checking '/home/eia/repo/rbi_2025_2/scara/scara_ws/install/scara_real_description' for CMake module files
[4.064s] Level 1:colcon.colcon_core.environment:checking '/home/eia/repo/rbi_2025_2/scara/scara_ws/install/scara_real_description' for CMake config files
[4.065s] Level 1:colcon.colcon_core.shell:create_environment_hook('scara_real_description', 'cmake_prefix_path')
[4.065s] INFO:colcon.colcon_core.shell:Creating environment hook '/home/eia/repo/rbi_2025_2/scara/scara_ws/install/scara_real_description/share/scara_real_description/hook/cmake_prefix_path.ps1'
[4.066s] INFO:colcon.colcon_core.shell:Creating environment descriptor '/home/eia/repo/rbi_2025_2/scara/scara_ws/install/scara_real_description/share/scara_real_description/hook/cmake_prefix_path.dsv'
[4.066s] INFO:colcon.colcon_core.shell:Creating environment hook '/home/eia/repo/rbi_2025_2/scara/scara_ws/install/scara_real_description/share/scara_real_description/hook/cmake_prefix_path.sh'
[4.067s] Level 1:colcon.colcon_core.environment:checking '/home/eia/repo/rbi_2025_2/scara/scara_ws/install/scara_real_description/bin'
[4.067s] Level 1:colcon.colcon_core.environment:checking '/home/eia/repo/rbi_2025_2/scara/scara_ws/install/scara_real_description/lib/pkgconfig/scara_real_description.pc'
[4.067s] Level 1:colcon.colcon_core.environment:checking '/home/eia/repo/rbi_2025_2/scara/scara_ws/install/scara_real_description/lib/python3.10/site-packages'
[4.067s] Level 1:colcon.colcon_core.environment:checking '/home/eia/repo/rbi_2025_2/scara/scara_ws/install/scara_real_description/bin'
[4.068s] INFO:colcon.colcon_core.shell:Creating package script '/home/eia/repo/rbi_2025_2/scara/scara_ws/install/scara_real_description/share/scara_real_description/package.ps1'
[4.069s] INFO:colcon.colcon_core.shell:Creating package descriptor '/home/eia/repo/rbi_2025_2/scara/scara_ws/install/scara_real_description/share/scara_real_description/package.dsv'
[4.069s] INFO:colcon.colcon_core.shell:Creating package script '/home/eia/repo/rbi_2025_2/scara/scara_ws/install/scara_real_description/share/scara_real_description/package.sh'
[4.070s] INFO:colcon.colcon_core.shell:Creating package script '/home/eia/repo/rbi_2025_2/scara/scara_ws/install/scara_real_description/share/scara_real_description/package.bash'
[4.071s] INFO:colcon.colcon_core.shell:Creating package script '/home/eia/repo/rbi_2025_2/scara/scara_ws/install/scara_real_description/share/scara_real_description/package.zsh'
[4.071s] Level 1:colcon.colcon_core.environment:create_file_with_runtime_dependencies(/home/eia/repo/rbi_2025_2/scara/scara_ws/install/scara_real_description/share/colcon-core/packages/scara_real_description)
[4.184s] DEBUG:colcon.colcon_core.event_handler.log_command:Invoking command in '/home/eia/repo/rbi_2025_2/scara/scara_ws/build/scara_tf_generator': PYTHONPATH=/home/eia/repo/rbi_2025_2/scara/scara_ws/build/scara_tf_generator/prefix_override:/home/eia/.local/lib/python3.10/site-packages/colcon_core/task/python/colcon_distutils_commands:/home/eia/repo/rbi_2025_2/scara/scara_ws/install/scara_tf_generator/lib/python3.10/site-packages:${PYTHONPATH} /usr/bin/python3 -W ignore:setup.py install is deprecated -W ignore:easy_install command is deprecated setup.py develop --editable --build-directory /home/eia/repo/rbi_2025_2/scara/scara_ws/build/scara_tf_generator/build --no-deps symlink_data
[4.284s] Level 1:colcon.colcon_core.shell:create_environment_hook('scara_path_controller', 'pythonpath_develop')
[4.285s] INFO:colcon.colcon_core.shell:Creating environment hook '/home/eia/repo/rbi_2025_2/scara/scara_ws/build/scara_path_controller/share/scara_path_controller/hook/pythonpath_develop.ps1'
[4.286s] DEBUG:colcon.colcon_core.event_handler.log_command:Invoked command in '/home/eia/repo/rbi_2025_2/scara/scara_ws/build/scara_path_controller' returned '0': PYTHONPATH=/home/eia/repo/rbi_2025_2/scara/scara_ws/build/scara_path_controller/prefix_override:/home/eia/.local/lib/python3.10/site-packages/colcon_core/task/python/colcon_distutils_commands:/home/eia/repo/rbi_2025_2/scara/scara_ws/install/scara_path_controller/lib/python3.10/site-packages:${PYTHONPATH} /usr/bin/python3 -W ignore:setup.py install is deprecated -W ignore:easy_install command is deprecated setup.py develop --editable --build-directory /home/eia/repo/rbi_2025_2/scara/scara_ws/build/scara_path_controller/build --no-deps symlink_data
[4.287s] INFO:colcon.colcon_core.shell:Creating environment descriptor '/home/eia/repo/rbi_2025_2/scara/scara_ws/build/scara_path_controller/share/scara_path_controller/hook/pythonpath_develop.dsv'
[4.287s] INFO:colcon.colcon_core.shell:Creating environment hook '/home/eia/repo/rbi_2025_2/scara/scara_ws/build/scara_path_controller/share/scara_path_controller/hook/pythonpath_develop.sh'
[4.288s] Level 1:colcon.colcon_core.environment:checking '/home/eia/repo/rbi_2025_2/scara/scara_ws/install/scara_path_controller' for CMake module files
[4.289s] Level 1:colcon.colcon_core.environment:checking '/home/eia/repo/rbi_2025_2/scara/scara_ws/install/scara_path_controller' for CMake config files
[4.290s] Level 1:colcon.colcon_core.environment:checking '/home/eia/repo/rbi_2025_2/scara/scara_ws/install/scara_path_controller/lib'
[4.290s] Level 1:colcon.colcon_core.environment:checking '/home/eia/repo/rbi_2025_2/scara/scara_ws/install/scara_path_controller/bin'
[4.290s] Level 1:colcon.colcon_core.environment:checking '/home/eia/repo/rbi_2025_2/scara/scara_ws/install/scara_path_controller/lib/pkgconfig/scara_path_controller.pc'
[4.291s] Level 1:colcon.colcon_core.environment:checking '/home/eia/repo/rbi_2025_2/scara/scara_ws/install/scara_path_controller/lib/python3.10/site-packages'
[4.291s] Level 1:colcon.colcon_core.shell:create_environment_hook('scara_path_controller', 'pythonpath')
[4.291s] INFO:colcon.colcon_core.shell:Creating environment hook '/home/eia/repo/rbi_2025_2/scara/scara_ws/install/scara_path_controller/share/scara_path_controller/hook/pythonpath.ps1'
[4.292s] INFO:colcon.colcon_core.shell:Creating environment descriptor '/home/eia/repo/rbi_2025_2/scara/scara_ws/install/scara_path_controller/share/scara_path_controller/hook/pythonpath.dsv'
[4.292s] INFO:colcon.colcon_core.shell:Creating environment hook '/home/eia/repo/rbi_2025_2/scara/scara_ws/install/scara_path_controller/share/scara_path_controller/hook/pythonpath.sh'
[4.293s] Level 1:colcon.colcon_core.environment:checking '/home/eia/repo/rbi_2025_2/scara/scara_ws/install/scara_path_controller/bin'
[4.293s] Level 1:colcon.colcon_core.environment:create_environment_scripts_only(scara_path_controller)
[4.294s] INFO:colcon.colcon_core.shell:Creating package script '/home/eia/repo/rbi_2025_2/scara/scara_ws/install/scara_path_controller/share/scara_path_controller/package.ps1'
[4.295s] INFO:colcon.colcon_core.shell:Creating package descriptor '/home/eia/repo/rbi_2025_2/scara/scara_ws/install/scara_path_controller/share/scara_path_controller/package.dsv'
[4.296s] INFO:colcon.colcon_core.shell:Creating package script '/home/eia/repo/rbi_2025_2/scara/scara_ws/install/scara_path_controller/share/scara_path_controller/package.sh'
[4.297s] INFO:colcon.colcon_core.shell:Creating package script '/home/eia/repo/rbi_2025_2/scara/scara_ws/install/scara_path_controller/share/scara_path_controller/package.bash'
[4.297s] INFO:colcon.colcon_core.shell:Creating package script '/home/eia/repo/rbi_2025_2/scara/scara_ws/install/scara_path_controller/share/scara_path_controller/package.zsh'
[4.298s] Level 1:colcon.colcon_core.environment:create_file_with_runtime_dependencies(/home/eia/repo/rbi_2025_2/scara/scara_ws/install/scara_path_controller/share/colcon-core/packages/scara_path_controller)
[4.299s] Level 1:colcon.colcon_core.shell:create_environment_hook('scara_general_ik_solver', 'pythonpath_develop')
[4.299s] INFO:colcon.colcon_core.shell:Creating environment hook '/home/eia/repo/rbi_2025_2/scara/scara_ws/build/scara_general_ik_solver/share/scara_general_ik_solver/hook/pythonpath_develop.ps1'
[4.300s] DEBUG:colcon.colcon_core.event_handler.log_command:Invoked command in '/home/eia/repo/rbi_2025_2/scara/scara_ws/build/scara_general_ik_solver' returned '0': PYTHONPATH=/home/eia/repo/rbi_2025_2/scara/scara_ws/build/scara_general_ik_solver/prefix_override:/home/eia/.local/lib/python3.10/site-packages/colcon_core/task/python/colcon_distutils_commands:/home/eia/repo/rbi_2025_2/scara/scara_ws/install/scara_general_ik_solver/lib/python3.10/site-packages:${PYTHONPATH} /usr/bin/python3 -W ignore:setup.py install is deprecated -W ignore:easy_install command is deprecated setup.py develop --editable --build-directory /home/eia/repo/rbi_2025_2/scara/scara_ws/build/scara_general_ik_solver/build --no-deps symlink_data
[4.300s] INFO:colcon.colcon_core.shell:Creating environment descriptor '/home/eia/repo/rbi_2025_2/scara/scara_ws/build/scara_general_ik_solver/share/scara_general_ik_solver/hook/pythonpath_develop.dsv'
[4.301s] INFO:colcon.colcon_core.shell:Creating environment hook '/home/eia/repo/rbi_2025_2/scara/scara_ws/build/scara_general_ik_solver/share/scara_general_ik_solver/hook/pythonpath_develop.sh'
[4.302s] Level 1:colcon.colcon_core.environment:checking '/home/eia/repo/rbi_2025_2/scara/scara_ws/install/scara_general_ik_solver' for CMake module files
[4.302s] Level 1:colcon.colcon_core.environment:checking '/home/eia/repo/rbi_2025_2/scara/scara_ws/install/scara_general_ik_solver' for CMake config files
[4.303s] Level 1:colcon.colcon_core.environment:checking '/home/eia/repo/rbi_2025_2/scara/scara_ws/install/scara_general_ik_solver/lib'
[4.303s] Level 1:colcon.colcon_core.environment:checking '/home/eia/repo/rbi_2025_2/scara/scara_ws/install/scara_general_ik_solver/bin'
[4.303s] Level 1:colcon.colcon_core.environment:checking '/home/eia/repo/rbi_2025_2/scara/scara_ws/install/scara_general_ik_solver/lib/pkgconfig/scara_general_ik_solver.pc'
[4.303s] Level 1:colcon.colcon_core.environment:checking '/home/eia/repo/rbi_2025_2/scara/scara_ws/install/scara_general_ik_solver/lib/python3.10/site-packages'
[4.304s] Level 1:colcon.colcon_core.shell:create_environment_hook('scara_general_ik_solver', 'pythonpath')
[4.304s] INFO:colcon.colcon_core.shell:Creating environment hook '/home/eia/repo/rbi_2025_2/scara/scara_ws/install/scara_general_ik_solver/share/scara_general_ik_solver/hook/pythonpath.ps1'
[4.305s] INFO:colcon.colcon_core.shell:Creating environment descriptor '/home/eia/repo/rbi_2025_2/scara/scara_ws/install/scara_general_ik_solver/share/scara_general_ik_solver/hook/pythonpath.dsv'
[4.306s] INFO:colcon.colcon_core.shell:Creating environment hook '/home/eia/repo/rbi_2025_2/scara/scara_ws/install/scara_general_ik_solver/share/scara_general_ik_solver/hook/pythonpath.sh'
[4.307s] Level 1:colcon.colcon_core.environment:checking '/home/eia/repo/rbi_2025_2/scara/scara_ws/install/scara_general_ik_solver/bin'
[4.307s] Level 1:colcon.colcon_core.environment:create_environment_scripts_only(scara_general_ik_solver)
[4.308s] INFO:colcon.colcon_core.shell:Creating package script '/home/eia/repo/rbi_2025_2/scara/scara_ws/install/scara_general_ik_solver/share/scara_general_ik_solver/package.ps1'
[4.309s] INFO:colcon.colcon_core.shell:Creating package descriptor '/home/eia/repo/rbi_2025_2/scara/scara_ws/install/scara_general_ik_solver/share/scara_general_ik_solver/package.dsv'
[4.309s] INFO:colcon.colcon_core.shell:Creating package script '/home/eia/repo/rbi_2025_2/scara/scara_ws/install/scara_general_ik_solver/share/scara_general_ik_solver/package.sh'
[4.310s] INFO:colcon.colcon_core.shell:Creating package script '/home/eia/repo/rbi_2025_2/scara/scara_ws/install/scara_general_ik_solver/share/scara_general_ik_solver/package.bash'
[4.310s] INFO:colcon.colcon_core.shell:Creating package script '/home/eia/repo/rbi_2025_2/scara/scara_ws/install/scara_general_ik_solver/share/scara_general_ik_solver/package.zsh'
[4.311s] Level 1:colcon.colcon_core.environment:create_file_with_runtime_dependencies(/home/eia/repo/rbi_2025_2/scara/scara_ws/install/scara_general_ik_solver/share/colcon-core/packages/scara_general_ik_solver)
[4.387s] Level 1:colcon.colcon_core.shell:create_environment_hook('premade_path_publisher', 'pythonpath_develop')
[4.388s] INFO:colcon.colcon_core.shell:Creating environment hook '/home/eia/repo/rbi_2025_2/scara/scara_ws/build/premade_path_publisher/share/premade_path_publisher/hook/pythonpath_develop.ps1'
[4.388s] DEBUG:colcon.colcon_core.event_handler.log_command:Invoked command in '/home/eia/repo/rbi_2025_2/scara/scara_ws/build/premade_path_publisher' returned '0': PYTHONPATH=/home/eia/repo/rbi_2025_2/scara/scara_ws/build/premade_path_publisher/prefix_override:/home/eia/.local/lib/python3.10/site-packages/colcon_core/task/python/colcon_distutils_commands:/home/eia/repo/rbi_2025_2/scara/scara_ws/install/premade_path_publisher/lib/python3.10/site-packages:${PYTHONPATH} /usr/bin/python3 -W ignore:setup.py install is deprecated -W ignore:easy_install command is deprecated setup.py develop --editable --build-directory /home/eia/repo/rbi_2025_2/scara/scara_ws/build/premade_path_publisher/build --no-deps symlink_data
[4.389s] INFO:colcon.colcon_core.shell:Creating environment descriptor '/home/eia/repo/rbi_2025_2/scara/scara_ws/build/premade_path_publisher/share/premade_path_publisher/hook/pythonpath_develop.dsv'
[4.389s] INFO:colcon.colcon_core.shell:Creating environment hook '/home/eia/repo/rbi_2025_2/scara/scara_ws/build/premade_path_publisher/share/premade_path_publisher/hook/pythonpath_develop.sh'
[4.390s] Level 1:colcon.colcon_core.environment:checking '/home/eia/repo/rbi_2025_2/scara/scara_ws/install/premade_path_publisher' for CMake module files
[4.391s] Level 1:colcon.colcon_core.environment:checking '/home/eia/repo/rbi_2025_2/scara/scara_ws/install/premade_path_publisher' for CMake config files
[4.391s] Level 1:colcon.colcon_core.environment:checking '/home/eia/repo/rbi_2025_2/scara/scara_ws/install/premade_path_publisher/lib'
[4.392s] Level 1:colcon.colcon_core.environment:checking '/home/eia/repo/rbi_2025_2/scara/scara_ws/install/premade_path_publisher/bin'
[4.392s] Level 1:colcon.colcon_core.environment:checking '/home/eia/repo/rbi_2025_2/scara/scara_ws/install/premade_path_publisher/lib/pkgconfig/premade_path_publisher.pc'
[4.392s] Level 1:colcon.colcon_core.environment:checking '/home/eia/repo/rbi_2025_2/scara/scara_ws/install/premade_path_publisher/lib/python3.10/site-packages'
[4.392s] Level 1:colcon.colcon_core.shell:create_environment_hook('premade_path_publisher', 'pythonpath')
[4.392s] INFO:colcon.colcon_core.shell:Creating environment hook '/home/eia/repo/rbi_2025_2/scara/scara_ws/install/premade_path_publisher/share/premade_path_publisher/hook/pythonpath.ps1'
[4.393s] INFO:colcon.colcon_core.shell:Creating environment descriptor '/home/eia/repo/rbi_2025_2/scara/scara_ws/install/premade_path_publisher/share/premade_path_publisher/hook/pythonpath.dsv'
[4.394s] INFO:colcon.colcon_core.shell:Creating environment hook '/home/eia/repo/rbi_2025_2/scara/scara_ws/install/premade_path_publisher/share/premade_path_publisher/hook/pythonpath.sh'
[4.394s] Level 1:colcon.colcon_core.environment:checking '/home/eia/repo/rbi_2025_2/scara/scara_ws/install/premade_path_publisher/bin'
[4.394s] Level 1:colcon.colcon_core.environment:create_environment_scripts_only(premade_path_publisher)
[4.395s] INFO:colcon.colcon_core.shell:Creating package script '/home/eia/repo/rbi_2025_2/scara/scara_ws/install/premade_path_publisher/share/premade_path_publisher/package.ps1'
[4.396s] INFO:colcon.colcon_core.shell:Creating package descriptor '/home/eia/repo/rbi_2025_2/scara/scara_ws/install/premade_path_publisher/share/premade_path_publisher/package.dsv'
[4.396s] INFO:colcon.colcon_core.shell:Creating package script '/home/eia/repo/rbi_2025_2/scara/scara_ws/install/premade_path_publisher/share/premade_path_publisher/package.sh'
[4.397s] INFO:colcon.colcon_core.shell:Creating package script '/home/eia/repo/rbi_2025_2/scara/scara_ws/install/premade_path_publisher/share/premade_path_publisher/package.bash'
[4.397s] INFO:colcon.colcon_core.shell:Creating package script '/home/eia/repo/rbi_2025_2/scara/scara_ws/install/premade_path_publisher/share/premade_path_publisher/package.zsh'
[4.398s] Level 1:colcon.colcon_core.environment:create_file_with_runtime_dependencies(/home/eia/repo/rbi_2025_2/scara/scara_ws/install/premade_path_publisher/share/colcon-core/packages/premade_path_publisher)
[4.505s] Level 1:colcon.colcon_core.shell:create_environment_hook('scara_mujoco_python_sim', 'pythonpath_develop')
[4.506s] INFO:colcon.colcon_core.shell:Creating environment hook '/home/eia/repo/rbi_2025_2/scara/scara_ws/build/scara_mujoco_python_sim/share/scara_mujoco_python_sim/hook/pythonpath_develop.ps1'
[4.506s] DEBUG:colcon.colcon_core.event_handler.log_command:Invoked command in '/home/eia/repo/rbi_2025_2/scara/scara_ws/build/scara_mujoco_python_sim' returned '0': PYTHONPATH=/home/eia/repo/rbi_2025_2/scara/scara_ws/build/scara_mujoco_python_sim/prefix_override:/home/eia/.local/lib/python3.10/site-packages/colcon_core/task/python/colcon_distutils_commands:/home/eia/repo/rbi_2025_2/scara/scara_ws/install/scara_mujoco_python_sim/lib/python3.10/site-packages:${PYTHONPATH} /usr/bin/python3 -W ignore:setup.py install is deprecated -W ignore:easy_install command is deprecated setup.py develop --editable --build-directory /home/eia/repo/rbi_2025_2/scara/scara_ws/build/scara_mujoco_python_sim/build --no-deps symlink_data
[4.507s] INFO:colcon.colcon_core.shell:Creating environment descriptor '/home/eia/repo/rbi_2025_2/scara/scara_ws/build/scara_mujoco_python_sim/share/scara_mujoco_python_sim/hook/pythonpath_develop.dsv'
[4.507s] INFO:colcon.colcon_core.shell:Creating environment hook '/home/eia/repo/rbi_2025_2/scara/scara_ws/build/scara_mujoco_python_sim/share/scara_mujoco_python_sim/hook/pythonpath_develop.sh'
[4.508s] Level 1:colcon.colcon_core.environment:checking '/home/eia/repo/rbi_2025_2/scara/scara_ws/install/scara_mujoco_python_sim' for CMake module files
[4.509s] Level 1:colcon.colcon_core.environment:checking '/home/eia/repo/rbi_2025_2/scara/scara_ws/install/scara_mujoco_python_sim' for CMake config files
[4.510s] Level 1:colcon.colcon_core.environment:checking '/home/eia/repo/rbi_2025_2/scara/scara_ws/install/scara_mujoco_python_sim/lib'
[4.510s] Level 1:colcon.colcon_core.environment:checking '/home/eia/repo/rbi_2025_2/scara/scara_ws/install/scara_mujoco_python_sim/bin'
[4.510s] Level 1:colcon.colcon_core.environment:checking '/home/eia/repo/rbi_2025_2/scara/scara_ws/install/scara_mujoco_python_sim/lib/pkgconfig/scara_mujoco_python_sim.pc'
[4.511s] Level 1:colcon.colcon_core.environment:checking '/home/eia/repo/rbi_2025_2/scara/scara_ws/install/scara_mujoco_python_sim/lib/python3.10/site-packages'
[4.511s] Level 1:colcon.colcon_core.shell:create_environment_hook('scara_mujoco_python_sim', 'pythonpath')
[4.511s] INFO:colcon.colcon_core.shell:Creating environment hook '/home/eia/repo/rbi_2025_2/scara/scara_ws/install/scara_mujoco_python_sim/share/scara_mujoco_python_sim/hook/pythonpath.ps1'
[4.512s] INFO:colcon.colcon_core.shell:Creating environment descriptor '/home/eia/repo/rbi_2025_2/scara/scara_ws/install/scara_mujoco_python_sim/share/scara_mujoco_python_sim/hook/pythonpath.dsv'
[4.512s] INFO:colcon.colcon_core.shell:Creating environment hook '/home/eia/repo/rbi_2025_2/scara/scara_ws/install/scara_mujoco_python_sim/share/scara_mujoco_python_sim/hook/pythonpath.sh'
[4.513s] Level 1:colcon.colcon_core.environment:checking '/home/eia/repo/rbi_2025_2/scara/scara_ws/install/scara_mujoco_python_sim/bin'
[4.513s] Level 1:colcon.colcon_core.environment:create_environment_scripts_only(scara_mujoco_python_sim)
[4.514s] INFO:colcon.colcon_core.shell:Creating package script '/home/eia/repo/rbi_2025_2/scara/scara_ws/install/scara_mujoco_python_sim/share/scara_mujoco_python_sim/package.ps1'
[4.514s] INFO:colcon.colcon_core.shell:Creating package descriptor '/home/eia/repo/rbi_2025_2/scara/scara_ws/install/scara_mujoco_python_sim/share/scara_mujoco_python_sim/package.dsv'
[4.515s] INFO:colcon.colcon_core.shell:Creating package script '/home/eia/repo/rbi_2025_2/scara/scara_ws/install/scara_mujoco_python_sim/share/scara_mujoco_python_sim/package.sh'
[4.516s] INFO:colcon.colcon_core.shell:Creating package script '/home/eia/repo/rbi_2025_2/scara/scara_ws/install/scara_mujoco_python_sim/share/scara_mujoco_python_sim/package.bash'
[4.516s] INFO:colcon.colcon_core.shell:Creating package script '/home/eia/repo/rbi_2025_2/scara/scara_ws/install/scara_mujoco_python_sim/share/scara_mujoco_python_sim/package.zsh'
[4.517s] Level 1:colcon.colcon_core.environment:create_file_with_runtime_dependencies(/home/eia/repo/rbi_2025_2/scara/scara_ws/install/scara_mujoco_python_sim/share/colcon-core/packages/scara_mujoco_python_sim)
[4.518s] Level 1:colcon.colcon_core.shell:create_environment_hook('scara_path_generator', 'pythonpath_develop')
[4.518s] INFO:colcon.colcon_core.shell:Creating environment hook '/home/eia/repo/rbi_2025_2/scara/scara_ws/build/scara_path_generator/share/scara_path_generator/hook/pythonpath_develop.ps1'
[4.519s] DEBUG:colcon.colcon_core.event_handler.log_command:Invoked command in '/home/eia/repo/rbi_2025_2/scara/scara_ws/build/scara_path_generator' returned '0': PYTHONPATH=/home/eia/repo/rbi_2025_2/scara/scara_ws/build/scara_path_generator/prefix_override:/home/eia/.local/lib/python3.10/site-packages/colcon_core/task/python/colcon_distutils_commands:/home/eia/repo/rbi_2025_2/scara/scara_ws/install/scara_path_generator/lib/python3.10/site-packages:${PYTHONPATH} /usr/bin/python3 -W ignore:setup.py install is deprecated -W ignore:easy_install command is deprecated setup.py develop --editable --build-directory /home/eia/repo/rbi_2025_2/scara/scara_ws/build/scara_path_generator/build --no-deps symlink_data
[4.519s] INFO:colcon.colcon_core.shell:Creating environment descriptor '/home/eia/repo/rbi_2025_2/scara/scara_ws/build/scara_path_generator/share/scara_path_generator/hook/pythonpath_develop.dsv'
[4.519s] INFO:colcon.colcon_core.shell:Creating environment hook '/home/eia/repo/rbi_2025_2/scara/scara_ws/build/scara_path_generator/share/scara_path_generator/hook/pythonpath_develop.sh'
[4.520s] Level 1:colcon.colcon_core.environment:checking '/home/eia/repo/rbi_2025_2/scara/scara_ws/install/scara_path_generator' for CMake module files
[4.520s] Level 1:colcon.colcon_core.environment:checking '/home/eia/repo/rbi_2025_2/scara/scara_ws/install/scara_path_generator' for CMake config files
[4.521s] Level 1:colcon.colcon_core.environment:checking '/home/eia/repo/rbi_2025_2/scara/scara_ws/install/scara_path_generator/lib'
[4.521s] Level 1:colcon.colcon_core.environment:checking '/home/eia/repo/rbi_2025_2/scara/scara_ws/install/scara_path_generator/bin'
[4.521s] Level 1:colcon.colcon_core.environment:checking '/home/eia/repo/rbi_2025_2/scara/scara_ws/install/scara_path_generator/lib/pkgconfig/scara_path_generator.pc'
[4.521s] Level 1:colcon.colcon_core.environment:checking '/home/eia/repo/rbi_2025_2/scara/scara_ws/install/scara_path_generator/lib/python3.10/site-packages'
[4.521s] Level 1:colcon.colcon_core.shell:create_environment_hook('scara_path_generator', 'pythonpath')
[4.521s] INFO:colcon.colcon_core.shell:Creating environment hook '/home/eia/repo/rbi_2025_2/scara/scara_ws/install/scara_path_generator/share/scara_path_generator/hook/pythonpath.ps1'
[4.522s] INFO:colcon.colcon_core.shell:Creating environment descriptor '/home/eia/repo/rbi_2025_2/scara/scara_ws/install/scara_path_generator/share/scara_path_generator/hook/pythonpath.dsv'
[4.522s] INFO:colcon.colcon_core.shell:Creating environment hook '/home/eia/repo/rbi_2025_2/scara/scara_ws/install/scara_path_generator/share/scara_path_generator/hook/pythonpath.sh'
[4.523s] Level 1:colcon.colcon_core.environment:checking '/home/eia/repo/rbi_2025_2/scara/scara_ws/install/scara_path_generator/bin'
[4.523s] Level 1:colcon.colcon_core.environment:create_environment_scripts_only(scara_path_generator)
[4.523s] INFO:colcon.colcon_core.shell:Creating package script '/home/eia/repo/rbi_2025_2/scara/scara_ws/install/scara_path_generator/share/scara_path_generator/package.ps1'
[4.523s] INFO:colcon.colcon_core.shell:Creating package descriptor '/home/eia/repo/rbi_2025_2/scara/scara_ws/install/scara_path_generator/share/scara_path_generator/package.dsv'
[4.524s] INFO:colcon.colcon_core.shell:Creating package script '/home/eia/repo/rbi_2025_2/scara/scara_ws/install/scara_path_generator/share/scara_path_generator/package.sh'
[4.524s] INFO:colcon.colcon_core.shell:Creating package script '/home/eia/repo/rbi_2025_2/scara/scara_ws/install/scara_path_generator/share/scara_path_generator/package.bash'
[4.525s] INFO:colcon.colcon_core.shell:Creating package script '/home/eia/repo/rbi_2025_2/scara/scara_ws/install/scara_path_generator/share/scara_path_generator/package.zsh'
[4.525s] Level 1:colcon.colcon_core.environment:create_file_with_runtime_dependencies(/home/eia/repo/rbi_2025_2/scara/scara_ws/install/scara_path_generator/share/colcon-core/packages/scara_path_generator)
[4.875s] Level 1:colcon.colcon_core.shell:create_environment_hook('scara_tf_generator', 'pythonpath_develop')
[4.876s] INFO:colcon.colcon_core.shell:Creating environment hook '/home/eia/repo/rbi_2025_2/scara/scara_ws/build/scara_tf_generator/share/scara_tf_generator/hook/pythonpath_develop.ps1'
[4.876s] DEBUG:colcon.colcon_core.event_handler.log_command:Invoked command in '/home/eia/repo/rbi_2025_2/scara/scara_ws/build/scara_tf_generator' returned '0': PYTHONPATH=/home/eia/repo/rbi_2025_2/scara/scara_ws/build/scara_tf_generator/prefix_override:/home/eia/.local/lib/python3.10/site-packages/colcon_core/task/python/colcon_distutils_commands:/home/eia/repo/rbi_2025_2/scara/scara_ws/install/scara_tf_generator/lib/python3.10/site-packages:${PYTHONPATH} /usr/bin/python3 -W ignore:setup.py install is deprecated -W ignore:easy_install command is deprecated setup.py develop --editable --build-directory /home/eia/repo/rbi_2025_2/scara/scara_ws/build/scara_tf_generator/build --no-deps symlink_data
[4.877s] INFO:colcon.colcon_core.shell:Creating environment descriptor '/home/eia/repo/rbi_2025_2/scara/scara_ws/build/scara_tf_generator/share/scara_tf_generator/hook/pythonpath_develop.dsv'
[4.877s] INFO:colcon.colcon_core.shell:Creating environment hook '/home/eia/repo/rbi_2025_2/scara/scara_ws/build/scara_tf_generator/share/scara_tf_generator/hook/pythonpath_develop.sh'
[4.878s] Level 1:colcon.colcon_core.environment:checking '/home/eia/repo/rbi_2025_2/scara/scara_ws/install/scara_tf_generator' for CMake module files
[4.878s] Level 1:colcon.colcon_core.environment:checking '/home/eia/repo/rbi_2025_2/scara/scara_ws/install/scara_tf_generator' for CMake config files
[4.878s] Level 1:colcon.colcon_core.environment:checking '/home/eia/repo/rbi_2025_2/scara/scara_ws/install/scara_tf_generator/lib'
[4.878s] Level 1:colcon.colcon_core.environment:checking '/home/eia/repo/rbi_2025_2/scara/scara_ws/install/scara_tf_generator/bin'
[4.878s] Level 1:colcon.colcon_core.environment:checking '/home/eia/repo/rbi_2025_2/scara/scara_ws/install/scara_tf_generator/lib/pkgconfig/scara_tf_generator.pc'
[4.879s] Level 1:colcon.colcon_core.environment:checking '/home/eia/repo/rbi_2025_2/scara/scara_ws/install/scara_tf_generator/lib/python3.10/site-packages'
[4.879s] Level 1:colcon.colcon_core.shell:create_environment_hook('scara_tf_generator', 'pythonpath')
[4.879s] INFO:colcon.colcon_core.shell:Creating environment hook '/home/eia/repo/rbi_2025_2/scara/scara_ws/install/scara_tf_generator/share/scara_tf_generator/hook/pythonpath.ps1'
[4.879s] INFO:colcon.colcon_core.shell:Creating environment descriptor '/home/eia/repo/rbi_2025_2/scara/scara_ws/install/scara_tf_generator/share/scara_tf_generator/hook/pythonpath.dsv'
[4.880s] INFO:colcon.colcon_core.shell:Creating environment hook '/home/eia/repo/rbi_2025_2/scara/scara_ws/install/scara_tf_generator/share/scara_tf_generator/hook/pythonpath.sh'
[4.880s] Level 1:colcon.colcon_core.environment:checking '/home/eia/repo/rbi_2025_2/scara/scara_ws/install/scara_tf_generator/bin'
[4.880s] Level 1:colcon.colcon_core.environment:create_environment_scripts_only(scara_tf_generator)
[4.880s] INFO:colcon.colcon_core.shell:Creating package script '/home/eia/repo/rbi_2025_2/scara/scara_ws/install/scara_tf_generator/share/scara_tf_generator/package.ps1'
[4.881s] INFO:colcon.colcon_core.shell:Creating package descriptor '/home/eia/repo/rbi_2025_2/scara/scara_ws/install/scara_tf_generator/share/scara_tf_generator/package.dsv'
[4.881s] INFO:colcon.colcon_core.shell:Creating package script '/home/eia/repo/rbi_2025_2/scara/scara_ws/install/scara_tf_generator/share/scara_tf_generator/package.sh'
[4.882s] INFO:colcon.colcon_core.shell:Creating package script '/home/eia/repo/rbi_2025_2/scara/scara_ws/install/scara_tf_generator/share/scara_tf_generator/package.bash'
[4.882s] INFO:colcon.colcon_core.shell:Creating package script '/home/eia/repo/rbi_2025_2/scara/scara_ws/install/scara_tf_generator/share/scara_tf_generator/package.zsh'
[4.882s] Level 1:colcon.colcon_core.environment:create_file_with_runtime_dependencies(/home/eia/repo/rbi_2025_2/scara/scara_ws/install/scara_tf_generator/share/colcon-core/packages/scara_tf_generator)
[8.110s] DEBUG:colcon.colcon_core.event_handler.log_command:Invoked command in '/home/eia/repo/rbi_2025_2/scara/scara_ws/build/scara_hardware_interface' returned '0': CMAKE_PREFIX_PATH=/opt/ros/humble /usr/bin/cmake --build /home/eia/repo/rbi_2025_2/scara/scara_ws/build/scara_hardware_interface -- -j12 -l12
[8.111s] DEBUG:colcon.colcon_core.event_handler.log_command:Invoking command in '/home/eia/repo/rbi_2025_2/scara/scara_ws/build/scara_hardware_interface': CMAKE_PREFIX_PATH=/opt/ros/humble /usr/bin/cmake --install /home/eia/repo/rbi_2025_2/scara/scara_ws/build/scara_hardware_interface
[8.279s] Level 1:colcon.colcon_core.environment:create_environment_scripts_only(scara_hardware_interface)
[8.280s] Level 1:colcon.colcon_core.environment:checking '/home/eia/repo/rbi_2025_2/scara/scara_ws/install/scara_hardware_interface' for CMake module files
[8.280s] DEBUG:colcon.colcon_core.event_handler.log_command:Invoked command in '/home/eia/repo/rbi_2025_2/scara/scara_ws/build/scara_hardware_interface' returned '0': CMAKE_PREFIX_PATH=/opt/ros/humble /usr/bin/cmake --install /home/eia/repo/rbi_2025_2/scara/scara_ws/build/scara_hardware_interface
[8.281s] Level 1:colcon.colcon_core.environment:checking '/home/eia/repo/rbi_2025_2/scara/scara_ws/install/scara_hardware_interface' for CMake config files
[8.281s] Level 1:colcon.colcon_core.shell:create_environment_hook('scara_hardware_interface', 'cmake_prefix_path')
[8.281s] INFO:colcon.colcon_core.shell:Creating environment hook '/home/eia/repo/rbi_2025_2/scara/scara_ws/install/scara_hardware_interface/share/scara_hardware_interface/hook/cmake_prefix_path.ps1'
[8.282s] INFO:colcon.colcon_core.shell:Creating environment descriptor '/home/eia/repo/rbi_2025_2/scara/scara_ws/install/scara_hardware_interface/share/scara_hardware_interface/hook/cmake_prefix_path.dsv'
[8.282s] INFO:colcon.colcon_core.shell:Creating environment hook '/home/eia/repo/rbi_2025_2/scara/scara_ws/install/scara_hardware_interface/share/scara_hardware_interface/hook/cmake_prefix_path.sh'
[8.282s] Level 1:colcon.colcon_core.environment:checking '/home/eia/repo/rbi_2025_2/scara/scara_ws/install/scara_hardware_interface/lib'
[8.282s] Level 1:colcon.colcon_core.shell:create_environment_hook('scara_hardware_interface', 'ld_library_path_lib')
[8.283s] INFO:colcon.colcon_core.shell:Creating environment hook '/home/eia/repo/rbi_2025_2/scara/scara_ws/install/scara_hardware_interface/share/scara_hardware_interface/hook/ld_library_path_lib.ps1'
[8.283s] INFO:colcon.colcon_core.shell:Creating environment descriptor '/home/eia/repo/rbi_2025_2/scara/scara_ws/install/scara_hardware_interface/share/scara_hardware_interface/hook/ld_library_path_lib.dsv'
[8.283s] INFO:colcon.colcon_core.shell:Creating environment hook '/home/eia/repo/rbi_2025_2/scara/scara_ws/install/scara_hardware_interface/share/scara_hardware_interface/hook/ld_library_path_lib.sh'
[8.283s] Level 1:colcon.colcon_core.environment:checking '/home/eia/repo/rbi_2025_2/scara/scara_ws/install/scara_hardware_interface/bin'
[8.284s] Level 1:colcon.colcon_core.environment:checking '/home/eia/repo/rbi_2025_2/scara/scara_ws/install/scara_hardware_interface/lib/pkgconfig/scara_hardware_interface.pc'
[8.284s] Level 1:colcon.colcon_core.environment:checking '/home/eia/repo/rbi_2025_2/scara/scara_ws/install/scara_hardware_interface/lib/python3.10/site-packages'
[8.284s] Level 1:colcon.colcon_core.environment:checking '/home/eia/repo/rbi_2025_2/scara/scara_ws/install/scara_hardware_interface/bin'
[8.284s] INFO:colcon.colcon_core.shell:Creating package script '/home/eia/repo/rbi_2025_2/scara/scara_ws/install/scara_hardware_interface/share/scara_hardware_interface/package.ps1'
[8.285s] INFO:colcon.colcon_core.shell:Creating package descriptor '/home/eia/repo/rbi_2025_2/scara/scara_ws/install/scara_hardware_interface/share/scara_hardware_interface/package.dsv'
[8.285s] INFO:colcon.colcon_core.shell:Creating package script '/home/eia/repo/rbi_2025_2/scara/scara_ws/install/scara_hardware_interface/share/scara_hardware_interface/package.sh'
[8.285s] INFO:colcon.colcon_core.shell:Creating package script '/home/eia/repo/rbi_2025_2/scara/scara_ws/install/scara_hardware_interface/share/scara_hardware_interface/package.bash'
[8.286s] INFO:colcon.colcon_core.shell:Creating package script '/home/eia/repo/rbi_2025_2/scara/scara_ws/install/scara_hardware_interface/share/scara_hardware_interface/package.zsh'
[8.286s] Level 1:colcon.colcon_core.environment:create_file_with_runtime_dependencies(/home/eia/repo/rbi_2025_2/scara/scara_ws/install/scara_hardware_interface/share/colcon-core/packages/scara_hardware_interface)
[8.287s] Level 1:colcon.colcon_core.environment:create_environment_scripts_only(scara_hardware_interface)
[8.287s] Level 1:colcon.colcon_core.environment:checking '/home/eia/repo/rbi_2025_2/scara/scara_ws/install/scara_hardware_interface' for CMake module files
[8.287s] Level 1:colcon.colcon_core.environment:checking '/home/eia/repo/rbi_2025_2/scara/scara_ws/install/scara_hardware_interface' for CMake config files
[8.288s] Level 1:colcon.colcon_core.shell:create_environment_hook('scara_hardware_interface', 'cmake_prefix_path')
[8.288s] INFO:colcon.colcon_core.shell:Creating environment hook '/home/eia/repo/rbi_2025_2/scara/scara_ws/install/scara_hardware_interface/share/scara_hardware_interface/hook/cmake_prefix_path.ps1'
[8.288s] INFO:colcon.colcon_core.shell:Creating environment descriptor '/home/eia/repo/rbi_2025_2/scara/scara_ws/install/scara_hardware_interface/share/scara_hardware_interface/hook/cmake_prefix_path.dsv'
[8.288s] INFO:colcon.colcon_core.shell:Creating environment hook '/home/eia/repo/rbi_2025_2/scara/scara_ws/install/scara_hardware_interface/share/scara_hardware_interface/hook/cmake_prefix_path.sh'
[8.289s] Level 1:colcon.colcon_core.environment:checking '/home/eia/repo/rbi_2025_2/scara/scara_ws/install/scara_hardware_interface/lib'
[8.289s] Level 1:colcon.colcon_core.shell:create_environment_hook('scara_hardware_interface', 'ld_library_path_lib')
[8.289s] INFO:colcon.colcon_core.shell:Creating environment hook '/home/eia/repo/rbi_2025_2/scara/scara_ws/install/scara_hardware_interface/share/scara_hardware_interface/hook/ld_library_path_lib.ps1'
[8.289s] INFO:colcon.colcon_core.shell:Creating environment descriptor '/home/eia/repo/rbi_2025_2/scara/scara_ws/install/scara_hardware_interface/share/scara_hardware_interface/hook/ld_library_path_lib.dsv'
[8.290s] INFO:colcon.colcon_core.shell:Creating environment hook '/home/eia/repo/rbi_2025_2/scara/scara_ws/install/scara_hardware_interface/share/scara_hardware_interface/hook/ld_library_path_lib.sh'
[8.290s] Level 1:colcon.colcon_core.environment:checking '/home/eia/repo/rbi_2025_2/scara/scara_ws/install/scara_hardware_interface/bin'
[8.290s] Level 1:colcon.colcon_core.environment:checking '/home/eia/repo/rbi_2025_2/scara/scara_ws/install/scara_hardware_interface/lib/pkgconfig/scara_hardware_interface.pc'
[8.290s] Level 1:colcon.colcon_core.environment:checking '/home/eia/repo/rbi_2025_2/scara/scara_ws/install/scara_hardware_interface/lib/python3.10/site-packages'
[8.291s] Level 1:colcon.colcon_core.environment:checking '/home/eia/repo/rbi_2025_2/scara/scara_ws/install/scara_hardware_interface/bin'
[8.291s] INFO:colcon.colcon_core.shell:Creating package script '/home/eia/repo/rbi_2025_2/scara/scara_ws/install/scara_hardware_interface/share/scara_hardware_interface/package.ps1'
[8.291s] INFO:colcon.colcon_core.shell:Creating package descriptor '/home/eia/repo/rbi_2025_2/scara/scara_ws/install/scara_hardware_interface/share/scara_hardware_interface/package.dsv'
[8.292s] INFO:colcon.colcon_core.shell:Creating package script '/home/eia/repo/rbi_2025_2/scara/scara_ws/install/scara_hardware_interface/share/scara_hardware_interface/package.sh'
[8.292s] INFO:colcon.colcon_core.shell:Creating package script '/home/eia/repo/rbi_2025_2/scara/scara_ws/install/scara_hardware_interface/share/scara_hardware_interface/package.bash'
[8.293s] INFO:colcon.colcon_core.shell:Creating package script '/home/eia/repo/rbi_2025_2/scara/scara_ws/install/scara_hardware_interface/share/scara_hardware_interface/package.zsh'
[8.293s] Level 1:colcon.colcon_core.environment:create_file_with_runtime_dependencies(/home/eia/repo/rbi_2025_2/scara/scara_ws/install/scara_hardware_interface/share/colcon-core/packages/scara_hardware_interface)
[8.343s] DEBUG:colcon.colcon_core.event_handler.log_command:Invoked command in '/home/eia/repo/rbi_2025_2/scara/scara_ws/build/scara_mujoco_sim' returned '0': CMAKE_PREFIX_PATH=/opt/ros/humble /usr/bin/cmake --build /home/eia/repo/rbi_2025_2/scara/scara_ws/build/scara_mujoco_sim -- -j12 -l12
[8.344s] DEBUG:colcon.colcon_core.event_handler.log_command:Invoking command in '/home/eia/repo/rbi_2025_2/scara/scara_ws/build/scara_mujoco_sim': CMAKE_PREFIX_PATH=/opt/ros/humble /usr/bin/cmake --install /home/eia/repo/rbi_2025_2/scara/scara_ws/build/scara_mujoco_sim
[8.510s] Level 1:colcon.colcon_core.environment:create_environment_scripts_only(scara_mujoco_sim)
[8.510s] Level 1:colcon.colcon_core.environment:checking '/home/eia/repo/rbi_2025_2/scara/scara_ws/install/scara_mujoco_sim' for CMake module files
[8.510s] DEBUG:colcon.colcon_core.event_handler.log_command:Invoked command in '/home/eia/repo/rbi_2025_2/scara/scara_ws/build/scara_mujoco_sim' returned '0': CMAKE_PREFIX_PATH=/opt/ros/humble /usr/bin/cmake --install /home/eia/repo/rbi_2025_2/scara/scara_ws/build/scara_mujoco_sim
[8.511s] Level 1:colcon.colcon_core.environment:checking '/home/eia/repo/rbi_2025_2/scara/scara_ws/install/scara_mujoco_sim' for CMake config files
[8.511s] Level 1:colcon.colcon_core.shell:create_environment_hook('scara_mujoco_sim', 'cmake_prefix_path')
[8.511s] INFO:colcon.colcon_core.shell:Creating environment hook '/home/eia/repo/rbi_2025_2/scara/scara_ws/install/scara_mujoco_sim/share/scara_mujoco_sim/hook/cmake_prefix_path.ps1'
[8.512s] INFO:colcon.colcon_core.shell:Creating environment descriptor '/home/eia/repo/rbi_2025_2/scara/scara_ws/install/scara_mujoco_sim/share/scara_mujoco_sim/hook/cmake_prefix_path.dsv'
[8.512s] INFO:colcon.colcon_core.shell:Creating environment hook '/home/eia/repo/rbi_2025_2/scara/scara_ws/install/scara_mujoco_sim/share/scara_mujoco_sim/hook/cmake_prefix_path.sh'
[8.512s] Level 1:colcon.colcon_core.environment:checking '/home/eia/repo/rbi_2025_2/scara/scara_ws/install/scara_mujoco_sim/lib'
[8.512s] Level 1:colcon.colcon_core.shell:create_environment_hook('scara_mujoco_sim', 'ld_library_path_lib')
[8.513s] INFO:colcon.colcon_core.shell:Creating environment hook '/home/eia/repo/rbi_2025_2/scara/scara_ws/install/scara_mujoco_sim/share/scara_mujoco_sim/hook/ld_library_path_lib.ps1'
[8.513s] INFO:colcon.colcon_core.shell:Creating environment descriptor '/home/eia/repo/rbi_2025_2/scara/scara_ws/install/scara_mujoco_sim/share/scara_mujoco_sim/hook/ld_library_path_lib.dsv'
[8.513s] INFO:colcon.colcon_core.shell:Creating environment hook '/home/eia/repo/rbi_2025_2/scara/scara_ws/install/scara_mujoco_sim/share/scara_mujoco_sim/hook/ld_library_path_lib.sh'
[8.513s] Level 1:colcon.colcon_core.environment:checking '/home/eia/repo/rbi_2025_2/scara/scara_ws/install/scara_mujoco_sim/bin'
[8.514s] Level 1:colcon.colcon_core.environment:checking '/home/eia/repo/rbi_2025_2/scara/scara_ws/install/scara_mujoco_sim/lib/pkgconfig/scara_mujoco_sim.pc'
[8.514s] Level 1:colcon.colcon_core.environment:checking '/home/eia/repo/rbi_2025_2/scara/scara_ws/install/scara_mujoco_sim/lib/python3.10/site-packages'
[8.514s] Level 1:colcon.colcon_core.environment:checking '/home/eia/repo/rbi_2025_2/scara/scara_ws/install/scara_mujoco_sim/bin'
[8.514s] INFO:colcon.colcon_core.shell:Creating package script '/home/eia/repo/rbi_2025_2/scara/scara_ws/install/scara_mujoco_sim/share/scara_mujoco_sim/package.ps1'
[8.515s] INFO:colcon.colcon_core.shell:Creating package descriptor '/home/eia/repo/rbi_2025_2/scara/scara_ws/install/scara_mujoco_sim/share/scara_mujoco_sim/package.dsv'
[8.515s] INFO:colcon.colcon_core.shell:Creating package script '/home/eia/repo/rbi_2025_2/scara/scara_ws/install/scara_mujoco_sim/share/scara_mujoco_sim/package.sh'
[8.515s] INFO:colcon.colcon_core.shell:Creating package script '/home/eia/repo/rbi_2025_2/scara/scara_ws/install/scara_mujoco_sim/share/scara_mujoco_sim/package.bash'
[8.516s] INFO:colcon.colcon_core.shell:Creating package script '/home/eia/repo/rbi_2025_2/scara/scara_ws/install/scara_mujoco_sim/share/scara_mujoco_sim/package.zsh'
[8.516s] Level 1:colcon.colcon_core.environment:create_file_with_runtime_dependencies(/home/eia/repo/rbi_2025_2/scara/scara_ws/install/scara_mujoco_sim/share/colcon-core/packages/scara_mujoco_sim)
[8.516s] Level 1:colcon.colcon_core.environment:create_environment_scripts_only(scara_mujoco_sim)
[8.517s] Level 1:colcon.colcon_core.environment:checking '/home/eia/repo/rbi_2025_2/scara/scara_ws/install/scara_mujoco_sim' for CMake module files
[8.517s] Level 1:colcon.colcon_core.environment:checking '/home/eia/repo/rbi_2025_2/scara/scara_ws/install/scara_mujoco_sim' for CMake config files
[8.517s] Level 1:colcon.colcon_core.shell:create_environment_hook('scara_mujoco_sim', 'cmake_prefix_path')
[8.518s] INFO:colcon.colcon_core.shell:Creating environment hook '/home/eia/repo/rbi_2025_2/scara/scara_ws/install/scara_mujoco_sim/share/scara_mujoco_sim/hook/cmake_prefix_path.ps1'
[8.518s] INFO:colcon.colcon_core.shell:Creating environment descriptor '/home/eia/repo/rbi_2025_2/scara/scara_ws/install/scara_mujoco_sim/share/scara_mujoco_sim/hook/cmake_prefix_path.dsv'
[8.518s] INFO:colcon.colcon_core.shell:Creating environment hook '/home/eia/repo/rbi_2025_2/scara/scara_ws/install/scara_mujoco_sim/share/scara_mujoco_sim/hook/cmake_prefix_path.sh'
[8.519s] Level 1:colcon.colcon_core.environment:checking '/home/eia/repo/rbi_2025_2/scara/scara_ws/install/scara_mujoco_sim/lib'
[8.519s] Level 1:colcon.colcon_core.shell:create_environment_hook('scara_mujoco_sim', 'ld_library_path_lib')
[8.519s] INFO:colcon.colcon_core.shell:Creating environment hook '/home/eia/repo/rbi_2025_2/scara/scara_ws/install/scara_mujoco_sim/share/scara_mujoco_sim/hook/ld_library_path_lib.ps1'
[8.519s] INFO:colcon.colcon_core.shell:Creating environment descriptor '/home/eia/repo/rbi_2025_2/scara/scara_ws/install/scara_mujoco_sim/share/scara_mujoco_sim/hook/ld_library_path_lib.dsv'
[8.520s] INFO:colcon.colcon_core.shell:Creating environment hook '/home/eia/repo/rbi_2025_2/scara/scara_ws/install/scara_mujoco_sim/share/scara_mujoco_sim/hook/ld_library_path_lib.sh'
[8.520s] Level 1:colcon.colcon_core.environment:checking '/home/eia/repo/rbi_2025_2/scara/scara_ws/install/scara_mujoco_sim/bin'
[8.520s] Level 1:colcon.colcon_core.environment:checking '/home/eia/repo/rbi_2025_2/scara/scara_ws/install/scara_mujoco_sim/lib/pkgconfig/scara_mujoco_sim.pc'
[8.521s] Level 1:colcon.colcon_core.environment:checking '/home/eia/repo/rbi_2025_2/scara/scara_ws/install/scara_mujoco_sim/lib/python3.10/site-packages'
[8.521s] Level 1:colcon.colcon_core.environment:checking '/home/eia/repo/rbi_2025_2/scara/scara_ws/install/scara_mujoco_sim/bin'
[8.521s] INFO:colcon.colcon_core.shell:Creating package script '/home/eia/repo/rbi_2025_2/scara/scara_ws/install/scara_mujoco_sim/share/scara_mujoco_sim/package.ps1'
[8.521s] INFO:colcon.colcon_core.shell:Creating package descriptor '/home/eia/repo/rbi_2025_2/scara/scara_ws/install/scara_mujoco_sim/share/scara_mujoco_sim/package.dsv'
[8.522s] INFO:colcon.colcon_core.shell:Creating package script '/home/eia/repo/rbi_2025_2/scara/scara_ws/install/scara_mujoco_sim/share/scara_mujoco_sim/package.sh'
[8.522s] INFO:colcon.colcon_core.shell:Creating package script '/home/eia/repo/rbi_2025_2/scara/scara_ws/install/scara_mujoco_sim/share/scara_mujoco_sim/package.bash'
[8.523s] INFO:colcon.colcon_core.shell:Creating package script '/home/eia/repo/rbi_2025_2/scara/scara_ws/install/scara_mujoco_sim/share/scara_mujoco_sim/package.zsh'
[8.523s] Level 1:colcon.colcon_core.environment:create_file_with_runtime_dependencies(/home/eia/repo/rbi_2025_2/scara/scara_ws/install/scara_mujoco_sim/share/colcon-core/packages/scara_mujoco_sim)
[8.523s] DEBUG:colcon.colcon_parallel_executor.executor.parallel:closing loop
[8.524s] DEBUG:colcon.colcon_parallel_executor.executor.parallel:loop closed
[8.524s] DEBUG:colcon.colcon_parallel_executor.executor.parallel:run_until_complete finished with '0'
[8.524s] DEBUG:colcon.colcon_core.event_reactor:joining thread
[8.534s] INFO:colcon.colcon_core.plugin_system:Skipping extension 'colcon_notification.desktop_notification.terminal_notifier': Not used on non-Darwin systems
[8.534s] INFO:colcon.colcon_core.plugin_system:Skipping extension 'colcon_notification.desktop_notification.win32': Not used on non-Windows systems
[8.534s] INFO:colcon.colcon_notification.desktop_notification:Sending desktop notification using 'notify2'
[8.544s] DEBUG:colcon.colcon_core.event_reactor:joined thread
[8.545s] INFO:colcon.colcon_core.shell:Creating prefix script '/home/eia/repo/rbi_2025_2/scara/scara_ws/install/local_setup.ps1'
[8.547s] INFO:colcon.colcon_core.shell:Creating prefix util module '/home/eia/repo/rbi_2025_2/scara/scara_ws/install/_local_setup_util_ps1.py'
[8.549s] INFO:colcon.colcon_core.shell:Creating prefix chain script '/home/eia/repo/rbi_2025_2/scara/scara_ws/install/setup.ps1'
[8.550s] INFO:colcon.colcon_core.shell:Creating prefix script '/home/eia/repo/rbi_2025_2/scara/scara_ws/install/local_setup.sh'
[8.551s] INFO:colcon.colcon_core.shell:Creating prefix util module '/home/eia/repo/rbi_2025_2/scara/scara_ws/install/_local_setup_util_sh.py'
[8.551s] INFO:colcon.colcon_core.shell:Creating prefix chain script '/home/eia/repo/rbi_2025_2/scara/scara_ws/install/setup.sh'
[8.552s] INFO:colcon.colcon_core.shell:Creating prefix script '/home/eia/repo/rbi_2025_2/scara/scara_ws/install/local_setup.bash'
[8.553s] INFO:colcon.colcon_core.shell:Creating prefix chain script '/home/eia/repo/rbi_2025_2/scara/scara_ws/install/setup.bash'
[8.554s] INFO:colcon.colcon_core.shell:Creating prefix script '/home/eia/repo/rbi_2025_2/scara/scara_ws/install/local_setup.zsh'
[8.554s] INFO:colcon.colcon_core.shell:Creating prefix chain script '/home/eia/repo/rbi_2025_2/scara/scara_ws/install/setup.zsh'
