[0.000000] (-) TimerEvent: {}
[0.000358] (rov_attitude_controller) JobQueued: {'identifier': 'rov_attitude_controller', 'dependencies': OrderedDict()}
[0.000389] (rov_controllers) JobQueued: {'identifier': 'rov_controllers', 'dependencies': OrderedDict()}
[0.000409] (rov_mujoco_bringup) JobQueued: {'identifier': 'rov_mujoco_bringup', 'dependencies': OrderedDict()}
[0.000424] (rov_mujoco_description) JobQueued: {'identifier': 'rov_mujoco_description', 'dependencies': OrderedDict()}
[0.000439] (rov_mujoco_sim) JobQueued: {'identifier': 'rov_mujoco_sim', 'dependencies': OrderedDict()}
[0.000455] (rov_path_follower) JobQueued: {'identifier': 'rov_path_follower', 'dependencies': OrderedDict()}
[0.000469] (rov_path_generator) JobQueued: {'identifier': 'rov_path_generator', 'dependencies': OrderedDict()}
[0.000483] (rov_position_controller) JobQueued: {'identifier': 'rov_position_controller', 'dependencies': OrderedDict()}
[0.000497] (rov_attitude_controller) JobStarted: {'identifier': 'rov_attitude_controller'}
[0.012999] (rov_controllers) JobStarted: {'identifier': 'rov_controllers'}
[0.015870] (rov_mujoco_bringup) JobStarted: {'identifier': 'rov_mujoco_bringup'}
[0.019051] (rov_mujoco_description) JobStarted: {'identifier': 'rov_mujoco_description'}
[0.022553] (rov_mujoco_sim) JobStarted: {'identifier': 'rov_mujoco_sim'}
[0.025692] (rov_path_follower) JobStarted: {'identifier': 'rov_path_follower'}
[0.030524] (rov_path_generator) JobStarted: {'identifier': 'rov_path_generator'}
[0.035303] (rov_position_controller) JobStarted: {'identifier': 'rov_position_controller'}
[0.099454] (-) TimerEvent: {}
[0.199698] (-) TimerEvent: {}
[0.299955] (-) TimerEvent: {}
[0.383842] (rov_controllers) JobProgress: {'identifier': 'rov_controllers', 'progress': 'cmake'}
[0.384291] (rov_controllers) Command: {'cmd': ['/usr/bin/cmake', '/rov_ws/src/rov_controllers', '-DAMENT_CMAKE_SYMLINK_INSTALL=1', '-DCMAKE_INSTALL_PREFIX=/rov_ws/install/rov_controllers'], 'cwd': '/rov_ws/build/rov_controllers', 'env': OrderedDict([('HOSTNAME', 'eia-Precision-3551'), ('GIT_ASKPASS', '/vscode/vscode-server/bin/linux-x64/e3550cfac4b63ca4eafca7b601f0d2885817fd1f/extensions/git/dist/askpass.sh'), ('SHLVL', '2'), ('LD_LIBRARY_PATH', '/opt/ros/humble/opt/rviz_ogre_vendor/lib:/opt/ros/humble/lib/x86_64-linux-gnu:/opt/ros/humble/lib'), ('BROWSER', '/vscode/vscode-server/bin/linux-x64/e3550cfac4b63ca4eafca7b601f0d2885817fd1f/bin/helpers/browser.sh'), ('HOME', '/home/ubuntu'), ('TERM_PROGRAM_VERSION', '1.103.0'), ('VSCODE_IPC_HOOK_CLI', '/tmp/vscode-ipc-0f4d0b56-5830-4b28-b99e-ab46b959e9b9.sock'), ('ROS_PYTHON_VERSION', '3'), ('VSCODE_GIT_ASKPASS_MAIN', '/vscode/vscode-server/bin/linux-x64/e3550cfac4b63ca4eafca7b601f0d2885817fd1f/extensions/git/dist/askpass-main.js'), ('VSCODE_GIT_ASKPASS_NODE', '/vscode/vscode-server/bin/linux-x64/e3550cfac4b63ca4eafca7b601f0d2885817fd1f/node'), ('COLORTERM', 'truecolor'), ('REMOTE_CONTAINERS', 'true'), ('WAYLAND_DISPLAY', 'vscode-wayland-9b36fea6-7768-4158-960d-8ca15a6d6d4c.sock'), ('ROS_DISTRO', 'humble'), ('REMOTE_CONTAINERS_IPC', '/tmp/vscode-remote-containers-ipc-bb68276b-3e3f-45d5-982c-d4a5434507c2.sock'), ('_', '/usr/bin/colcon'), ('ROS_VERSION', '2'), ('TERM', 'xterm-256color'), ('ROS_LOCALHOST_ONLY', '0'), ('PATH', '/vscode/vscode-server/bin/linux-x64/e3550cfac4b63ca4eafca7b601f0d2885817fd1f/bin/remote-cli:/opt/ros/humble/bin:/usr/local/sbin:/usr/local/bin:/usr/sbin:/usr/bin:/sbin:/bin'), ('XDG_RUNTIME_DIR', '/tmp/user/1000'), ('REMOTE_CONTAINERS_SOCKETS', '["/tmp/vscode-ssh-auth-bb68276b-3e3f-45d5-982c-d4a5434507c2.sock","/tmp/.X11-unix/X0","/home/ubuntu/.gnupg/S.gpg-agent"]'), ('DISPLAY', ':0'), ('LANG', 'C.UTF-8'), ('LS_COLORS', 'rs=0:di=01;34:ln=01;36:mh=00:pi=40;33:so=01;35:do=01;35:bd=40;33;01:cd=40;33;01:or=40;31;01:mi=00:su=37;41:sg=30;43:ca=30;41:tw=30;42:ow=34;42:st=37;44:ex=01;32:*.tar=01;31:*.tgz=01;31:*.arc=01;31:*.arj=01;31:*.taz=01;31:*.lha=01;31:*.lz4=01;31:*.lzh=01;31:*.lzma=01;31:*.tlz=01;31:*.txz=01;31:*.tzo=01;31:*.t7z=01;31:*.zip=01;31:*.z=01;31:*.dz=01;31:*.gz=01;31:*.lrz=01;31:*.lz=01;31:*.lzo=01;31:*.xz=01;31:*.zst=01;31:*.tzst=01;31:*.bz2=01;31:*.bz=01;31:*.tbz=01;31:*.tbz2=01;31:*.tz=01;31:*.deb=01;31:*.rpm=01;31:*.jar=01;31:*.war=01;31:*.ear=01;31:*.sar=01;31:*.rar=01;31:*.alz=01;31:*.ace=01;31:*.zoo=01;31:*.cpio=01;31:*.7z=01;31:*.rz=01;31:*.cab=01;31:*.wim=01;31:*.swm=01;31:*.dwm=01;31:*.esd=01;31:*.jpg=01;35:*.jpeg=01;35:*.mjpg=01;35:*.mjpeg=01;35:*.gif=01;35:*.bmp=01;35:*.pbm=01;35:*.pgm=01;35:*.ppm=01;35:*.tga=01;35:*.xbm=01;35:*.xpm=01;35:*.tif=01;35:*.tiff=01;35:*.png=01;35:*.svg=01;35:*.svgz=01;35:*.mng=01;35:*.pcx=01;35:*.mov=01;35:*.mpg=01;35:*.mpeg=01;35:*.m2v=01;35:*.mkv=01;35:*.webm=01;35:*.webp=01;35:*.ogm=01;35:*.mp4=01;35:*.m4v=01;35:*.mp4v=01;35:*.vob=01;35:*.qt=01;35:*.nuv=01;35:*.wmv=01;35:*.asf=01;35:*.rm=01;35:*.rmvb=01;35:*.flc=01;35:*.avi=01;35:*.fli=01;35:*.flv=01;35:*.gl=01;35:*.dl=01;35:*.xcf=01;35:*.xwd=01;35:*.yuv=01;35:*.cgm=01;35:*.emf=01;35:*.ogv=01;35:*.ogx=01;35:*.aac=00;36:*.au=00;36:*.flac=00;36:*.m4a=00;36:*.mid=00;36:*.midi=00;36:*.mka=00;36:*.mp3=00;36:*.mpc=00;36:*.ogg=00;36:*.ra=00;36:*.wav=00;36:*.oga=00;36:*.opus=00;36:*.spx=00;36:*.xspf=00;36:'), ('VSCODE_GIT_IPC_HANDLE', '/tmp/user/1000/vscode-git-62c058eb99.sock'), ('TERM_PROGRAM', 'vscode'), ('SSH_AUTH_SOCK', '/tmp/vscode-ssh-auth-bb68276b-3e3f-45d5-982c-d4a5434507c2.sock'), ('AMENT_PREFIX_PATH', '/opt/ros/humble'), ('REMOTE_CONTAINERS_DISPLAY_SOCK', '/tmp/.X11-unix/X0'), ('SHELL', '/bin/bash'), ('VSCODE_GIT_ASKPASS_EXTRA_ARGS', ''), ('PWD', '/rov_ws/build/rov_controllers'), ('LC_ALL', 'C.UTF-8'), ('PYTHONPATH', '/opt/ros/humble/lib/python3.10/site-packages:/opt/ros/humble/local/lib/python3.10/dist-packages'), ('COLCON', '1'), ('CMAKE_PREFIX_PATH', '/opt/ros/humble')]), 'shell': False}
[0.386484] (rov_mujoco_bringup) JobProgress: {'identifier': 'rov_mujoco_bringup', 'progress': 'cmake'}
[0.386898] (rov_mujoco_bringup) Command: {'cmd': ['/usr/bin/cmake', '/rov_ws/src/rov_mujoco_bringup', '-DAMENT_CMAKE_SYMLINK_INSTALL=1', '-DCMAKE_INSTALL_PREFIX=/rov_ws/install/rov_mujoco_bringup'], 'cwd': '/rov_ws/build/rov_mujoco_bringup', 'env': OrderedDict([('HOSTNAME', 'eia-Precision-3551'), ('GIT_ASKPASS', '/vscode/vscode-server/bin/linux-x64/e3550cfac4b63ca4eafca7b601f0d2885817fd1f/extensions/git/dist/askpass.sh'), ('SHLVL', '2'), ('LD_LIBRARY_PATH', '/opt/ros/humble/opt/rviz_ogre_vendor/lib:/opt/ros/humble/lib/x86_64-linux-gnu:/opt/ros/humble/lib'), ('BROWSER', '/vscode/vscode-server/bin/linux-x64/e3550cfac4b63ca4eafca7b601f0d2885817fd1f/bin/helpers/browser.sh'), ('HOME', '/home/ubuntu'), ('TERM_PROGRAM_VERSION', '1.103.0'), ('VSCODE_IPC_HOOK_CLI', '/tmp/vscode-ipc-0f4d0b56-5830-4b28-b99e-ab46b959e9b9.sock'), ('ROS_PYTHON_VERSION', '3'), ('VSCODE_GIT_ASKPASS_MAIN', '/vscode/vscode-server/bin/linux-x64/e3550cfac4b63ca4eafca7b601f0d2885817fd1f/extensions/git/dist/askpass-main.js'), ('VSCODE_GIT_ASKPASS_NODE', '/vscode/vscode-server/bin/linux-x64/e3550cfac4b63ca4eafca7b601f0d2885817fd1f/node'), ('COLORTERM', 'truecolor'), ('REMOTE_CONTAINERS', 'true'), ('WAYLAND_DISPLAY', 'vscode-wayland-9b36fea6-7768-4158-960d-8ca15a6d6d4c.sock'), ('ROS_DISTRO', 'humble'), ('REMOTE_CONTAINERS_IPC', '/tmp/vscode-remote-containers-ipc-bb68276b-3e3f-45d5-982c-d4a5434507c2.sock'), ('_', '/usr/bin/colcon'), ('ROS_VERSION', '2'), ('TERM', 'xterm-256color'), ('ROS_LOCALHOST_ONLY', '0'), ('PATH', '/vscode/vscode-server/bin/linux-x64/e3550cfac4b63ca4eafca7b601f0d2885817fd1f/bin/remote-cli:/opt/ros/humble/bin:/usr/local/sbin:/usr/local/bin:/usr/sbin:/usr/bin:/sbin:/bin'), ('XDG_RUNTIME_DIR', '/tmp/user/1000'), ('REMOTE_CONTAINERS_SOCKETS', '["/tmp/vscode-ssh-auth-bb68276b-3e3f-45d5-982c-d4a5434507c2.sock","/tmp/.X11-unix/X0","/home/ubuntu/.gnupg/S.gpg-agent"]'), ('DISPLAY', ':0'), ('LANG', 'C.UTF-8'), ('LS_COLORS', 'rs=0:di=01;34:ln=01;36:mh=00:pi=40;33:so=01;35:do=01;35:bd=40;33;01:cd=40;33;01:or=40;31;01:mi=00:su=37;41:sg=30;43:ca=30;41:tw=30;42:ow=34;42:st=37;44:ex=01;32:*.tar=01;31:*.tgz=01;31:*.arc=01;31:*.arj=01;31:*.taz=01;31:*.lha=01;31:*.lz4=01;31:*.lzh=01;31:*.lzma=01;31:*.tlz=01;31:*.txz=01;31:*.tzo=01;31:*.t7z=01;31:*.zip=01;31:*.z=01;31:*.dz=01;31:*.gz=01;31:*.lrz=01;31:*.lz=01;31:*.lzo=01;31:*.xz=01;31:*.zst=01;31:*.tzst=01;31:*.bz2=01;31:*.bz=01;31:*.tbz=01;31:*.tbz2=01;31:*.tz=01;31:*.deb=01;31:*.rpm=01;31:*.jar=01;31:*.war=01;31:*.ear=01;31:*.sar=01;31:*.rar=01;31:*.alz=01;31:*.ace=01;31:*.zoo=01;31:*.cpio=01;31:*.7z=01;31:*.rz=01;31:*.cab=01;31:*.wim=01;31:*.swm=01;31:*.dwm=01;31:*.esd=01;31:*.jpg=01;35:*.jpeg=01;35:*.mjpg=01;35:*.mjpeg=01;35:*.gif=01;35:*.bmp=01;35:*.pbm=01;35:*.pgm=01;35:*.ppm=01;35:*.tga=01;35:*.xbm=01;35:*.xpm=01;35:*.tif=01;35:*.tiff=01;35:*.png=01;35:*.svg=01;35:*.svgz=01;35:*.mng=01;35:*.pcx=01;35:*.mov=01;35:*.mpg=01;35:*.mpeg=01;35:*.m2v=01;35:*.mkv=01;35:*.webm=01;35:*.webp=01;35:*.ogm=01;35:*.mp4=01;35:*.m4v=01;35:*.mp4v=01;35:*.vob=01;35:*.qt=01;35:*.nuv=01;35:*.wmv=01;35:*.asf=01;35:*.rm=01;35:*.rmvb=01;35:*.flc=01;35:*.avi=01;35:*.fli=01;35:*.flv=01;35:*.gl=01;35:*.dl=01;35:*.xcf=01;35:*.xwd=01;35:*.yuv=01;35:*.cgm=01;35:*.emf=01;35:*.ogv=01;35:*.ogx=01;35:*.aac=00;36:*.au=00;36:*.flac=00;36:*.m4a=00;36:*.mid=00;36:*.midi=00;36:*.mka=00;36:*.mp3=00;36:*.mpc=00;36:*.ogg=00;36:*.ra=00;36:*.wav=00;36:*.oga=00;36:*.opus=00;36:*.spx=00;36:*.xspf=00;36:'), ('VSCODE_GIT_IPC_HANDLE', '/tmp/user/1000/vscode-git-62c058eb99.sock'), ('TERM_PROGRAM', 'vscode'), ('SSH_AUTH_SOCK', '/tmp/vscode-ssh-auth-bb68276b-3e3f-45d5-982c-d4a5434507c2.sock'), ('AMENT_PREFIX_PATH', '/opt/ros/humble'), ('REMOTE_CONTAINERS_DISPLAY_SOCK', '/tmp/.X11-unix/X0'), ('SHELL', '/bin/bash'), ('VSCODE_GIT_ASKPASS_EXTRA_ARGS', ''), ('PWD', '/rov_ws/build/rov_mujoco_bringup'), ('LC_ALL', 'C.UTF-8'), ('PYTHONPATH', '/opt/ros/humble/lib/python3.10/site-packages:/opt/ros/humble/local/lib/python3.10/dist-packages'), ('COLCON', '1'), ('CMAKE_PREFIX_PATH', '/opt/ros/humble')]), 'shell': False}
[0.388002] (rov_mujoco_description) JobProgress: {'identifier': 'rov_mujoco_description', 'progress': 'cmake'}
[0.388212] (rov_mujoco_description) Command: {'cmd': ['/usr/bin/cmake', '/rov_ws/src/rov_mujoco_description', '-DAMENT_CMAKE_SYMLINK_INSTALL=1', '-DCMAKE_INSTALL_PREFIX=/rov_ws/install/rov_mujoco_description'], 'cwd': '/rov_ws/build/rov_mujoco_description', 'env': OrderedDict([('HOSTNAME', 'eia-Precision-3551'), ('GIT_ASKPASS', '/vscode/vscode-server/bin/linux-x64/e3550cfac4b63ca4eafca7b601f0d2885817fd1f/extensions/git/dist/askpass.sh'), ('SHLVL', '2'), ('LD_LIBRARY_PATH', '/opt/ros/humble/opt/rviz_ogre_vendor/lib:/opt/ros/humble/lib/x86_64-linux-gnu:/opt/ros/humble/lib'), ('BROWSER', '/vscode/vscode-server/bin/linux-x64/e3550cfac4b63ca4eafca7b601f0d2885817fd1f/bin/helpers/browser.sh'), ('HOME', '/home/ubuntu'), ('TERM_PROGRAM_VERSION', '1.103.0'), ('VSCODE_IPC_HOOK_CLI', '/tmp/vscode-ipc-0f4d0b56-5830-4b28-b99e-ab46b959e9b9.sock'), ('ROS_PYTHON_VERSION', '3'), ('VSCODE_GIT_ASKPASS_MAIN', '/vscode/vscode-server/bin/linux-x64/e3550cfac4b63ca4eafca7b601f0d2885817fd1f/extensions/git/dist/askpass-main.js'), ('VSCODE_GIT_ASKPASS_NODE', '/vscode/vscode-server/bin/linux-x64/e3550cfac4b63ca4eafca7b601f0d2885817fd1f/node'), ('COLORTERM', 'truecolor'), ('REMOTE_CONTAINERS', 'true'), ('WAYLAND_DISPLAY', 'vscode-wayland-9b36fea6-7768-4158-960d-8ca15a6d6d4c.sock'), ('ROS_DISTRO', 'humble'), ('REMOTE_CONTAINERS_IPC', '/tmp/vscode-remote-containers-ipc-bb68276b-3e3f-45d5-982c-d4a5434507c2.sock'), ('_', '/usr/bin/colcon'), ('ROS_VERSION', '2'), ('TERM', 'xterm-256color'), ('ROS_LOCALHOST_ONLY', '0'), ('PATH', '/vscode/vscode-server/bin/linux-x64/e3550cfac4b63ca4eafca7b601f0d2885817fd1f/bin/remote-cli:/opt/ros/humble/bin:/usr/local/sbin:/usr/local/bin:/usr/sbin:/usr/bin:/sbin:/bin'), ('XDG_RUNTIME_DIR', '/tmp/user/1000'), ('REMOTE_CONTAINERS_SOCKETS', '["/tmp/vscode-ssh-auth-bb68276b-3e3f-45d5-982c-d4a5434507c2.sock","/tmp/.X11-unix/X0","/home/ubuntu/.gnupg/S.gpg-agent"]'), ('DISPLAY', ':0'), ('LANG', 'C.UTF-8'), ('LS_COLORS', 'rs=0:di=01;34:ln=01;36:mh=00:pi=40;33:so=01;35:do=01;35:bd=40;33;01:cd=40;33;01:or=40;31;01:mi=00:su=37;41:sg=30;43:ca=30;41:tw=30;42:ow=34;42:st=37;44:ex=01;32:*.tar=01;31:*.tgz=01;31:*.arc=01;31:*.arj=01;31:*.taz=01;31:*.lha=01;31:*.lz4=01;31:*.lzh=01;31:*.lzma=01;31:*.tlz=01;31:*.txz=01;31:*.tzo=01;31:*.t7z=01;31:*.zip=01;31:*.z=01;31:*.dz=01;31:*.gz=01;31:*.lrz=01;31:*.lz=01;31:*.lzo=01;31:*.xz=01;31:*.zst=01;31:*.tzst=01;31:*.bz2=01;31:*.bz=01;31:*.tbz=01;31:*.tbz2=01;31:*.tz=01;31:*.deb=01;31:*.rpm=01;31:*.jar=01;31:*.war=01;31:*.ear=01;31:*.sar=01;31:*.rar=01;31:*.alz=01;31:*.ace=01;31:*.zoo=01;31:*.cpio=01;31:*.7z=01;31:*.rz=01;31:*.cab=01;31:*.wim=01;31:*.swm=01;31:*.dwm=01;31:*.esd=01;31:*.jpg=01;35:*.jpeg=01;35:*.mjpg=01;35:*.mjpeg=01;35:*.gif=01;35:*.bmp=01;35:*.pbm=01;35:*.pgm=01;35:*.ppm=01;35:*.tga=01;35:*.xbm=01;35:*.xpm=01;35:*.tif=01;35:*.tiff=01;35:*.png=01;35:*.svg=01;35:*.svgz=01;35:*.mng=01;35:*.pcx=01;35:*.mov=01;35:*.mpg=01;35:*.mpeg=01;35:*.m2v=01;35:*.mkv=01;35:*.webm=01;35:*.webp=01;35:*.ogm=01;35:*.mp4=01;35:*.m4v=01;35:*.mp4v=01;35:*.vob=01;35:*.qt=01;35:*.nuv=01;35:*.wmv=01;35:*.asf=01;35:*.rm=01;35:*.rmvb=01;35:*.flc=01;35:*.avi=01;35:*.fli=01;35:*.flv=01;35:*.gl=01;35:*.dl=01;35:*.xcf=01;35:*.xwd=01;35:*.yuv=01;35:*.cgm=01;35:*.emf=01;35:*.ogv=01;35:*.ogx=01;35:*.aac=00;36:*.au=00;36:*.flac=00;36:*.m4a=00;36:*.mid=00;36:*.midi=00;36:*.mka=00;36:*.mp3=00;36:*.mpc=00;36:*.ogg=00;36:*.ra=00;36:*.wav=00;36:*.oga=00;36:*.opus=00;36:*.spx=00;36:*.xspf=00;36:'), ('VSCODE_GIT_IPC_HANDLE', '/tmp/user/1000/vscode-git-62c058eb99.sock'), ('TERM_PROGRAM', 'vscode'), ('SSH_AUTH_SOCK', '/tmp/vscode-ssh-auth-bb68276b-3e3f-45d5-982c-d4a5434507c2.sock'), ('AMENT_PREFIX_PATH', '/opt/ros/humble'), ('REMOTE_CONTAINERS_DISPLAY_SOCK', '/tmp/.X11-unix/X0'), ('SHELL', '/bin/bash'), ('VSCODE_GIT_ASKPASS_EXTRA_ARGS', ''), ('PWD', '/rov_ws/build/rov_mujoco_description'), ('LC_ALL', 'C.UTF-8'), ('PYTHONPATH', '/opt/ros/humble/lib/python3.10/site-packages:/opt/ros/humble/local/lib/python3.10/dist-packages'), ('COLCON', '1'), ('CMAKE_PREFIX_PATH', '/opt/ros/humble')]), 'shell': False}
[0.389438] (rov_mujoco_sim) JobProgress: {'identifier': 'rov_mujoco_sim', 'progress': 'cmake'}
[0.389697] (rov_mujoco_sim) Command: {'cmd': ['/usr/bin/cmake', '/rov_ws/src/rov_mujoco_sim', '-DAMENT_CMAKE_SYMLINK_INSTALL=1', '-DCMAKE_INSTALL_PREFIX=/rov_ws/install/rov_mujoco_sim'], 'cwd': '/rov_ws/build/rov_mujoco_sim', 'env': OrderedDict([('HOSTNAME', 'eia-Precision-3551'), ('GIT_ASKPASS', '/vscode/vscode-server/bin/linux-x64/e3550cfac4b63ca4eafca7b601f0d2885817fd1f/extensions/git/dist/askpass.sh'), ('SHLVL', '2'), ('LD_LIBRARY_PATH', '/opt/ros/humble/opt/rviz_ogre_vendor/lib:/opt/ros/humble/lib/x86_64-linux-gnu:/opt/ros/humble/lib'), ('BROWSER', '/vscode/vscode-server/bin/linux-x64/e3550cfac4b63ca4eafca7b601f0d2885817fd1f/bin/helpers/browser.sh'), ('HOME', '/home/ubuntu'), ('TERM_PROGRAM_VERSION', '1.103.0'), ('VSCODE_IPC_HOOK_CLI', '/tmp/vscode-ipc-0f4d0b56-5830-4b28-b99e-ab46b959e9b9.sock'), ('ROS_PYTHON_VERSION', '3'), ('VSCODE_GIT_ASKPASS_MAIN', '/vscode/vscode-server/bin/linux-x64/e3550cfac4b63ca4eafca7b601f0d2885817fd1f/extensions/git/dist/askpass-main.js'), ('VSCODE_GIT_ASKPASS_NODE', '/vscode/vscode-server/bin/linux-x64/e3550cfac4b63ca4eafca7b601f0d2885817fd1f/node'), ('COLORTERM', 'truecolor'), ('REMOTE_CONTAINERS', 'true'), ('WAYLAND_DISPLAY', 'vscode-wayland-9b36fea6-7768-4158-960d-8ca15a6d6d4c.sock'), ('ROS_DISTRO', 'humble'), ('REMOTE_CONTAINERS_IPC', '/tmp/vscode-remote-containers-ipc-bb68276b-3e3f-45d5-982c-d4a5434507c2.sock'), ('_', '/usr/bin/colcon'), ('ROS_VERSION', '2'), ('TERM', 'xterm-256color'), ('ROS_LOCALHOST_ONLY', '0'), ('PATH', '/vscode/vscode-server/bin/linux-x64/e3550cfac4b63ca4eafca7b601f0d2885817fd1f/bin/remote-cli:/opt/ros/humble/bin:/usr/local/sbin:/usr/local/bin:/usr/sbin:/usr/bin:/sbin:/bin'), ('XDG_RUNTIME_DIR', '/tmp/user/1000'), ('REMOTE_CONTAINERS_SOCKETS', '["/tmp/vscode-ssh-auth-bb68276b-3e3f-45d5-982c-d4a5434507c2.sock","/tmp/.X11-unix/X0","/home/ubuntu/.gnupg/S.gpg-agent"]'), ('DISPLAY', ':0'), ('LANG', 'C.UTF-8'), ('LS_COLORS', 'rs=0:di=01;34:ln=01;36:mh=00:pi=40;33:so=01;35:do=01;35:bd=40;33;01:cd=40;33;01:or=40;31;01:mi=00:su=37;41:sg=30;43:ca=30;41:tw=30;42:ow=34;42:st=37;44:ex=01;32:*.tar=01;31:*.tgz=01;31:*.arc=01;31:*.arj=01;31:*.taz=01;31:*.lha=01;31:*.lz4=01;31:*.lzh=01;31:*.lzma=01;31:*.tlz=01;31:*.txz=01;31:*.tzo=01;31:*.t7z=01;31:*.zip=01;31:*.z=01;31:*.dz=01;31:*.gz=01;31:*.lrz=01;31:*.lz=01;31:*.lzo=01;31:*.xz=01;31:*.zst=01;31:*.tzst=01;31:*.bz2=01;31:*.bz=01;31:*.tbz=01;31:*.tbz2=01;31:*.tz=01;31:*.deb=01;31:*.rpm=01;31:*.jar=01;31:*.war=01;31:*.ear=01;31:*.sar=01;31:*.rar=01;31:*.alz=01;31:*.ace=01;31:*.zoo=01;31:*.cpio=01;31:*.7z=01;31:*.rz=01;31:*.cab=01;31:*.wim=01;31:*.swm=01;31:*.dwm=01;31:*.esd=01;31:*.jpg=01;35:*.jpeg=01;35:*.mjpg=01;35:*.mjpeg=01;35:*.gif=01;35:*.bmp=01;35:*.pbm=01;35:*.pgm=01;35:*.ppm=01;35:*.tga=01;35:*.xbm=01;35:*.xpm=01;35:*.tif=01;35:*.tiff=01;35:*.png=01;35:*.svg=01;35:*.svgz=01;35:*.mng=01;35:*.pcx=01;35:*.mov=01;35:*.mpg=01;35:*.mpeg=01;35:*.m2v=01;35:*.mkv=01;35:*.webm=01;35:*.webp=01;35:*.ogm=01;35:*.mp4=01;35:*.m4v=01;35:*.mp4v=01;35:*.vob=01;35:*.qt=01;35:*.nuv=01;35:*.wmv=01;35:*.asf=01;35:*.rm=01;35:*.rmvb=01;35:*.flc=01;35:*.avi=01;35:*.fli=01;35:*.flv=01;35:*.gl=01;35:*.dl=01;35:*.xcf=01;35:*.xwd=01;35:*.yuv=01;35:*.cgm=01;35:*.emf=01;35:*.ogv=01;35:*.ogx=01;35:*.aac=00;36:*.au=00;36:*.flac=00;36:*.m4a=00;36:*.mid=00;36:*.midi=00;36:*.mka=00;36:*.mp3=00;36:*.mpc=00;36:*.ogg=00;36:*.ra=00;36:*.wav=00;36:*.oga=00;36:*.opus=00;36:*.spx=00;36:*.xspf=00;36:'), ('VSCODE_GIT_IPC_HANDLE', '/tmp/user/1000/vscode-git-62c058eb99.sock'), ('TERM_PROGRAM', 'vscode'), ('SSH_AUTH_SOCK', '/tmp/vscode-ssh-auth-bb68276b-3e3f-45d5-982c-d4a5434507c2.sock'), ('AMENT_PREFIX_PATH', '/opt/ros/humble'), ('REMOTE_CONTAINERS_DISPLAY_SOCK', '/tmp/.X11-unix/X0'), ('SHELL', '/bin/bash'), ('VSCODE_GIT_ASKPASS_EXTRA_ARGS', ''), ('PWD', '/rov_ws/build/rov_mujoco_sim'), ('LC_ALL', 'C.UTF-8'), ('PYTHONPATH', '/opt/ros/humble/lib/python3.10/site-packages:/opt/ros/humble/local/lib/python3.10/dist-packages'), ('COLCON', '1'), ('CMAKE_PREFIX_PATH', '/opt/ros/humble')]), 'shell': False}
[0.400033] (-) TimerEvent: {}
[0.500284] (-) TimerEvent: {}
[0.600548] (-) TimerEvent: {}
[0.700901] (-) TimerEvent: {}
[0.801245] (-) TimerEvent: {}
[0.901509] (-) TimerEvent: {}
[1.001842] (-) TimerEvent: {}
[1.102145] (-) TimerEvent: {}
[1.121068] (rov_controllers) StdoutLine: {'line': b'-- The C compiler identification is GNU 11.4.0\n'}
[1.121807] (rov_controllers) StdoutLine: {'line': b'-- The CXX compiler identification is GNU 11.4.0\n'}
[1.121930] (rov_controllers) StdoutLine: {'line': b'-- Detecting C compiler ABI info\n'}
[1.121996] (rov_controllers) StdoutLine: {'line': b'-- Detecting C compiler ABI info - done\n'}
[1.122056] (rov_controllers) StdoutLine: {'line': b'-- Check for working C compiler: /usr/bin/cc - skipped\n'}
[1.122114] (rov_controllers) StdoutLine: {'line': b'-- Detecting C compile features\n'}
[1.122266] (rov_controllers) StdoutLine: {'line': b'-- Detecting C compile features - done\n'}
[1.122329] (rov_controllers) StdoutLine: {'line': b'-- Detecting CXX compiler ABI info\n'}
[1.122386] (rov_controllers) StdoutLine: {'line': b'-- Detecting CXX compiler ABI info - done\n'}
[1.122443] (rov_controllers) StdoutLine: {'line': b'-- Check for working CXX compiler: /usr/bin/c++ - skipped\n'}
[1.122499] (rov_controllers) StdoutLine: {'line': b'-- Detecting CXX compile features\n'}
[1.122558] (rov_controllers) StdoutLine: {'line': b'-- Detecting CXX compile features - done\n'}
[1.122614] (rov_controllers) StdoutLine: {'line': b'-- Found ament_cmake: 1.3.12 (/opt/ros/humble/share/ament_cmake/cmake)\n'}
[1.122672] (rov_controllers) StdoutLine: {'line': b'-- Found Python3: /usr/bin/python3 (found version "3.10.12") found components: Interpreter \n'}
[1.122729] (rov_controllers) StdoutLine: {'line': b'-- Override CMake install command with custom implementation using symlinks instead of copying resources\n'}
[1.122786] (rov_controllers) StdoutLine: {'line': b'-- Found rclcpp: 16.0.14 (/opt/ros/humble/share/rclcpp/cmake)\n'}
[1.122842] (rov_controllers) StdoutLine: {'line': b'-- Found rosidl_generator_c: 3.1.7 (/opt/ros/humble/share/rosidl_generator_c/cmake)\n'}
[1.122900] (rov_controllers) StdoutLine: {'line': b'-- Found rosidl_adapter: 3.1.7 (/opt/ros/humble/share/rosidl_adapter/cmake)\n'}
[1.123092] (rov_controllers) StdoutLine: {'line': b'-- Found rosidl_generator_cpp: 3.1.7 (/opt/ros/humble/share/rosidl_generator_cpp/cmake)\n'}
[1.123195] (rov_controllers) StdoutLine: {'line': b'-- Using all available rosidl_typesupport_c: rosidl_typesupport_fastrtps_c;rosidl_typesupport_introspection_c\n'}
[1.123261] (rov_controllers) StdoutLine: {'line': b'-- Using all available rosidl_typesupport_cpp: rosidl_typesupport_fastrtps_cpp;rosidl_typesupport_introspection_cpp\n'}
[1.123318] (rov_mujoco_bringup) StdoutLine: {'line': b'-- The C compiler identification is GNU 11.4.0\n'}
[1.124259] (rov_mujoco_bringup) StdoutLine: {'line': b'-- The CXX compiler identification is GNU 11.4.0\n'}
[1.124536] (rov_mujoco_bringup) StdoutLine: {'line': b'-- Detecting C compiler ABI info\n'}
[1.124658] (rov_mujoco_bringup) StdoutLine: {'line': b'-- Detecting C compiler ABI info - done\n'}
[1.125121] (rov_mujoco_bringup) StdoutLine: {'line': b'-- Check for working C compiler: /usr/bin/cc - skipped\n'}
[1.125255] (rov_mujoco_bringup) StdoutLine: {'line': b'-- Detecting C compile features\n'}
[1.125322] (rov_mujoco_bringup) StdoutLine: {'line': b'-- Detecting C compile features - done\n'}
[1.125418] (rov_mujoco_bringup) StdoutLine: {'line': b'-- Detecting CXX compiler ABI info\n'}
[1.125498] (rov_mujoco_bringup) StdoutLine: {'line': b'-- Detecting CXX compiler ABI info - done\n'}
[1.125567] (rov_mujoco_bringup) StdoutLine: {'line': b'-- Check for working CXX compiler: /usr/bin/c++ - skipped\n'}
[1.125658] (rov_mujoco_bringup) StdoutLine: {'line': b'-- Detecting CXX compile features\n'}
[1.125759] (rov_mujoco_bringup) StdoutLine: {'line': b'-- Detecting CXX compile features - done\n'}
[1.125861] (rov_mujoco_bringup) StdoutLine: {'line': b'-- Found ament_cmake: 1.3.12 (/opt/ros/humble/share/ament_cmake/cmake)\n'}
[1.125936] (rov_mujoco_bringup) StdoutLine: {'line': b'-- Found Python3: /usr/bin/python3 (found version "3.10.12") found components: Interpreter \n'}
[1.126012] (rov_mujoco_bringup) StdoutLine: {'line': b'-- Override CMake install command with custom implementation using symlinks instead of copying resources\n'}
[1.126114] (rov_mujoco_bringup) StdoutLine: {'line': b'-- Found rclcpp: 16.0.14 (/opt/ros/humble/share/rclcpp/cmake)\n'}
[1.126221] (rov_mujoco_bringup) StdoutLine: {'line': b'-- Found rosidl_generator_c: 3.1.7 (/opt/ros/humble/share/rosidl_generator_c/cmake)\n'}
[1.126319] (rov_mujoco_bringup) StdoutLine: {'line': b'-- Found rosidl_adapter: 3.1.7 (/opt/ros/humble/share/rosidl_adapter/cmake)\n'}
[1.126417] (rov_mujoco_bringup) StdoutLine: {'line': b'-- Found rosidl_generator_cpp: 3.1.7 (/opt/ros/humble/share/rosidl_generator_cpp/cmake)\n'}
[1.126517] (rov_mujoco_bringup) StdoutLine: {'line': b'-- Using all available rosidl_typesupport_c: rosidl_typesupport_fastrtps_c;rosidl_typesupport_introspection_c\n'}
[1.126616] (rov_mujoco_description) StdoutLine: {'line': b'-- The C compiler identification is GNU 11.4.0\n'}
[1.126773] (rov_mujoco_description) StdoutLine: {'line': b'-- The CXX compiler identification is GNU 11.4.0\n'}
[1.126879] (rov_mujoco_description) StdoutLine: {'line': b'-- Detecting C compiler ABI info\n'}
[1.126981] (rov_mujoco_description) StdoutLine: {'line': b'-- Detecting C compiler ABI info - done\n'}
[1.127081] (rov_mujoco_description) StdoutLine: {'line': b'-- Check for working C compiler: /usr/bin/cc - skipped\n'}
[1.127187] (rov_mujoco_description) StdoutLine: {'line': b'-- Detecting C compile features\n'}
[1.127257] (rov_mujoco_description) StdoutLine: {'line': b'-- Detecting C compile features - done\n'}
[1.127314] (rov_mujoco_description) StdoutLine: {'line': b'-- Detecting CXX compiler ABI info\n'}
[1.127367] (rov_mujoco_description) StdoutLine: {'line': b'-- Detecting CXX compiler ABI info - done\n'}
[1.127422] (rov_mujoco_description) StdoutLine: {'line': b'-- Check for working CXX compiler: /usr/bin/c++ - skipped\n'}
[1.127479] (rov_mujoco_description) StdoutLine: {'line': b'-- Detecting CXX compile features\n'}
[1.127563] (rov_mujoco_description) StdoutLine: {'line': b'-- Detecting CXX compile features - done\n'}
[1.127655] (rov_mujoco_description) StdoutLine: {'line': b'-- Found ament_cmake: 1.3.12 (/opt/ros/humble/share/ament_cmake/cmake)\n'}
[1.127725] (rov_mujoco_description) StdoutLine: {'line': b'-- Found Python3: /usr/bin/python3 (found version "3.10.12") found components: Interpreter \n'}
[1.127780] (rov_mujoco_description) StdoutLine: {'line': b'-- Override CMake install command with custom implementation using symlinks instead of copying resources\n'}
[1.127840] (rov_mujoco_description) StdoutLine: {'line': b'-- Configuring done\n'}
[1.127929] (rov_mujoco_description) StdoutLine: {'line': b'-- Generating done\n'}
[1.128002] (rov_mujoco_description) StdoutLine: {'line': b'-- Build files have been written to: /rov_ws/build/rov_mujoco_description\n'}
[1.128057] (rov_mujoco_sim) StdoutLine: {'line': b'-- The C compiler identification is GNU 11.4.0\n'}
[1.128138] (rov_mujoco_sim) StdoutLine: {'line': b'-- The CXX compiler identification is GNU 11.4.0\n'}
[1.128201] (rov_mujoco_sim) StdoutLine: {'line': b'-- Detecting C compiler ABI info\n'}
[1.128284] (rov_mujoco_sim) StdoutLine: {'line': b'-- Detecting C compiler ABI info - done\n'}
[1.128372] (rov_mujoco_sim) StdoutLine: {'line': b'-- Check for working C compiler: /usr/bin/cc - skipped\n'}
[1.128430] (rov_mujoco_sim) StdoutLine: {'line': b'-- Detecting C compile features\n'}
[1.128483] (rov_mujoco_sim) StdoutLine: {'line': b'-- Detecting C compile features - done\n'}
[1.128565] (rov_mujoco_sim) StdoutLine: {'line': b'-- Detecting CXX compiler ABI info\n'}
[1.128645] (rov_mujoco_sim) StdoutLine: {'line': b'-- Detecting CXX compiler ABI info - done\n'}
[1.128710] (rov_mujoco_sim) StdoutLine: {'line': b'-- Check for working CXX compiler: /usr/bin/c++ - skipped\n'}
[1.128795] (rov_mujoco_sim) StdoutLine: {'line': b'-- Detecting CXX compile features\n'}
[1.128859] (rov_mujoco_sim) StdoutLine: {'line': b'-- Detecting CXX compile features - done\n'}
[1.128954] (rov_mujoco_sim) StdoutLine: {'line': b'-- Found ament_cmake: 1.3.12 (/opt/ros/humble/share/ament_cmake/cmake)\n'}
[1.129025] (rov_mujoco_sim) StdoutLine: {'line': b'-- Found Python3: /usr/bin/python3 (found version "3.10.12") found components: Interpreter \n'}
[1.129105] (rov_mujoco_sim) StdoutLine: {'line': b'-- Override CMake install command with custom implementation using symlinks instead of copying resources\n'}
[1.129215] (rov_mujoco_sim) StdoutLine: {'line': b'-- Found PkgConfig: /usr/bin/pkg-config (found version "0.29.2") \n'}
[1.129282] (rov_mujoco_sim) StdoutLine: {'line': b"-- Checking for module 'glfw3'\n"}
[1.129383] (rov_mujoco_sim) StdoutLine: {'line': b'--   Found glfw3, version 3.3.6\n'}
[1.129485] (rov_mujoco_sim) StdoutLine: {'line': b'-- Found rclcpp: 16.0.14 (/opt/ros/humble/share/rclcpp/cmake)\n'}
[1.129590] (rov_mujoco_sim) StdoutLine: {'line': b'-- Found rosidl_generator_c: 3.1.7 (/opt/ros/humble/share/rosidl_generator_c/cmake)\n'}
[1.129695] (rov_mujoco_sim) StdoutLine: {'line': b'-- Found rosidl_adapter: 3.1.7 (/opt/ros/humble/share/rosidl_adapter/cmake)\n'}
[1.129802] (rov_mujoco_sim) StdoutLine: {'line': b'-- Found rosidl_generator_cpp: 3.1.7 (/opt/ros/humble/share/rosidl_generator_cpp/cmake)\n'}
[1.129909] (rov_mujoco_sim) StdoutLine: {'line': b'-- Using all available rosidl_typesupport_c: rosidl_typesupport_fastrtps_c;rosidl_typesupport_introspection_c\n'}
[1.129983] (rov_mujoco_bringup) StdoutLine: {'line': b'-- Using all available rosidl_typesupport_cpp: rosidl_typesupport_fastrtps_cpp;rosidl_typesupport_introspection_cpp\n'}
[1.130123] (rov_mujoco_sim) StdoutLine: {'line': b'-- Using all available rosidl_typesupport_cpp: rosidl_typesupport_fastrtps_cpp;rosidl_typesupport_introspection_cpp\n'}
[1.172206] (rov_controllers) StdoutLine: {'line': b'-- Found rmw_implementation_cmake: 6.1.2 (/opt/ros/humble/share/rmw_implementation_cmake/cmake)\n'}
[1.172847] (rov_mujoco_bringup) StdoutLine: {'line': b'-- Found rmw_implementation_cmake: 6.1.2 (/opt/ros/humble/share/rmw_implementation_cmake/cmake)\n'}
[1.175168] (rov_mujoco_sim) StdoutLine: {'line': b'-- Found rmw_implementation_cmake: 6.1.2 (/opt/ros/humble/share/rmw_implementation_cmake/cmake)\n'}
[1.176107] (rov_mujoco_bringup) StdoutLine: {'line': b'-- Found rmw_fastrtps_cpp: 6.2.8 (/opt/ros/humble/share/rmw_fastrtps_cpp/cmake)\n'}
[1.176197] (rov_controllers) StdoutLine: {'line': b'-- Found rmw_fastrtps_cpp: 6.2.8 (/opt/ros/humble/share/rmw_fastrtps_cpp/cmake)\n'}
[1.177914] (rov_mujoco_sim) StdoutLine: {'line': b'-- Found rmw_fastrtps_cpp: 6.2.8 (/opt/ros/humble/share/rmw_fastrtps_cpp/cmake)\n'}
[1.202182] (-) TimerEvent: {}
[1.266056] (rov_mujoco_bringup) StdoutLine: {'line': b'-- Found OpenSSL: /usr/lib/x86_64-linux-gnu/libcrypto.so (found version "3.0.2")  \n'}
[1.266640] (rov_mujoco_sim) StdoutLine: {'line': b'-- Found OpenSSL: /usr/lib/x86_64-linux-gnu/libcrypto.so (found version "3.0.2")  \n'}
[1.268437] (rov_controllers) StdoutLine: {'line': b'-- Found OpenSSL: /usr/lib/x86_64-linux-gnu/libcrypto.so (found version "3.0.2")  \n'}
[1.294714] (rov_mujoco_sim) StdoutLine: {'line': b'-- Found FastRTPS: /opt/ros/humble/include  \n'}
[1.294970] (rov_mujoco_bringup) StdoutLine: {'line': b'-- Found FastRTPS: /opt/ros/humble/include  \n'}
[1.299276] (rov_controllers) StdoutLine: {'line': b'-- Found FastRTPS: /opt/ros/humble/include  \n'}
[1.302243] (-) TimerEvent: {}
[1.338411] (rov_mujoco_bringup) StdoutLine: {'line': b"-- Using RMW implementation 'rmw_fastrtps_cpp' as default\n"}
[1.338751] (rov_mujoco_sim) StdoutLine: {'line': b"-- Using RMW implementation 'rmw_fastrtps_cpp' as default\n"}
[1.343471] (rov_controllers) StdoutLine: {'line': b"-- Using RMW implementation 'rmw_fastrtps_cpp' as default\n"}
[1.349521] (rov_mujoco_sim) StdoutLine: {'line': b'-- Looking for pthread.h\n'}
[1.349751] (rov_mujoco_bringup) StdoutLine: {'line': b'-- Looking for pthread.h\n'}
[1.352574] (rov_controllers) StdoutLine: {'line': b'-- Looking for pthread.h\n'}
[1.402375] (-) TimerEvent: {}
[1.418232] (rov_controllers) StdoutLine: {'line': b'-- Looking for pthread.h - found\n'}
[1.418492] (rov_mujoco_bringup) StdoutLine: {'line': b'-- Looking for pthread.h - found\n'}
[1.418700] (rov_controllers) StdoutLine: {'line': b'-- Performing Test CMAKE_HAVE_LIBC_PTHREAD\n'}
[1.418910] (rov_mujoco_bringup) StdoutLine: {'line': b'-- Performing Test CMAKE_HAVE_LIBC_PTHREAD\n'}
[1.419609] (rov_mujoco_sim) StdoutLine: {'line': b'-- Looking for pthread.h - found\n'}
[1.420109] (rov_mujoco_sim) StdoutLine: {'line': b'-- Performing Test CMAKE_HAVE_LIBC_PTHREAD\n'}
[1.440197] (rov_mujoco_description) CommandEnded: {'returncode': 0}
[1.440850] (rov_mujoco_description) JobProgress: {'identifier': 'rov_mujoco_description', 'progress': 'build'}
[1.441987] (rov_mujoco_description) Command: {'cmd': ['/usr/bin/cmake', '--build', '/rov_ws/build/rov_mujoco_description', '--', '-j12', '-l12'], 'cwd': '/rov_ws/build/rov_mujoco_description', 'env': OrderedDict([('HOSTNAME', 'eia-Precision-3551'), ('GIT_ASKPASS', '/vscode/vscode-server/bin/linux-x64/e3550cfac4b63ca4eafca7b601f0d2885817fd1f/extensions/git/dist/askpass.sh'), ('SHLVL', '2'), ('LD_LIBRARY_PATH', '/opt/ros/humble/opt/rviz_ogre_vendor/lib:/opt/ros/humble/lib/x86_64-linux-gnu:/opt/ros/humble/lib'), ('BROWSER', '/vscode/vscode-server/bin/linux-x64/e3550cfac4b63ca4eafca7b601f0d2885817fd1f/bin/helpers/browser.sh'), ('HOME', '/home/ubuntu'), ('TERM_PROGRAM_VERSION', '1.103.0'), ('VSCODE_IPC_HOOK_CLI', '/tmp/vscode-ipc-0f4d0b56-5830-4b28-b99e-ab46b959e9b9.sock'), ('ROS_PYTHON_VERSION', '3'), ('VSCODE_GIT_ASKPASS_MAIN', '/vscode/vscode-server/bin/linux-x64/e3550cfac4b63ca4eafca7b601f0d2885817fd1f/extensions/git/dist/askpass-main.js'), ('VSCODE_GIT_ASKPASS_NODE', '/vscode/vscode-server/bin/linux-x64/e3550cfac4b63ca4eafca7b601f0d2885817fd1f/node'), ('COLORTERM', 'truecolor'), ('REMOTE_CONTAINERS', 'true'), ('WAYLAND_DISPLAY', 'vscode-wayland-9b36fea6-7768-4158-960d-8ca15a6d6d4c.sock'), ('ROS_DISTRO', 'humble'), ('REMOTE_CONTAINERS_IPC', '/tmp/vscode-remote-containers-ipc-bb68276b-3e3f-45d5-982c-d4a5434507c2.sock'), ('_', '/usr/bin/colcon'), ('ROS_VERSION', '2'), ('TERM', 'xterm-256color'), ('ROS_LOCALHOST_ONLY', '0'), ('PATH', '/vscode/vscode-server/bin/linux-x64/e3550cfac4b63ca4eafca7b601f0d2885817fd1f/bin/remote-cli:/opt/ros/humble/bin:/usr/local/sbin:/usr/local/bin:/usr/sbin:/usr/bin:/sbin:/bin'), ('XDG_RUNTIME_DIR', '/tmp/user/1000'), ('REMOTE_CONTAINERS_SOCKETS', '["/tmp/vscode-ssh-auth-bb68276b-3e3f-45d5-982c-d4a5434507c2.sock","/tmp/.X11-unix/X0","/home/ubuntu/.gnupg/S.gpg-agent"]'), ('DISPLAY', ':0'), ('LANG', 'C.UTF-8'), ('LS_COLORS', 'rs=0:di=01;34:ln=01;36:mh=00:pi=40;33:so=01;35:do=01;35:bd=40;33;01:cd=40;33;01:or=40;31;01:mi=00:su=37;41:sg=30;43:ca=30;41:tw=30;42:ow=34;42:st=37;44:ex=01;32:*.tar=01;31:*.tgz=01;31:*.arc=01;31:*.arj=01;31:*.taz=01;31:*.lha=01;31:*.lz4=01;31:*.lzh=01;31:*.lzma=01;31:*.tlz=01;31:*.txz=01;31:*.tzo=01;31:*.t7z=01;31:*.zip=01;31:*.z=01;31:*.dz=01;31:*.gz=01;31:*.lrz=01;31:*.lz=01;31:*.lzo=01;31:*.xz=01;31:*.zst=01;31:*.tzst=01;31:*.bz2=01;31:*.bz=01;31:*.tbz=01;31:*.tbz2=01;31:*.tz=01;31:*.deb=01;31:*.rpm=01;31:*.jar=01;31:*.war=01;31:*.ear=01;31:*.sar=01;31:*.rar=01;31:*.alz=01;31:*.ace=01;31:*.zoo=01;31:*.cpio=01;31:*.7z=01;31:*.rz=01;31:*.cab=01;31:*.wim=01;31:*.swm=01;31:*.dwm=01;31:*.esd=01;31:*.jpg=01;35:*.jpeg=01;35:*.mjpg=01;35:*.mjpeg=01;35:*.gif=01;35:*.bmp=01;35:*.pbm=01;35:*.pgm=01;35:*.ppm=01;35:*.tga=01;35:*.xbm=01;35:*.xpm=01;35:*.tif=01;35:*.tiff=01;35:*.png=01;35:*.svg=01;35:*.svgz=01;35:*.mng=01;35:*.pcx=01;35:*.mov=01;35:*.mpg=01;35:*.mpeg=01;35:*.m2v=01;35:*.mkv=01;35:*.webm=01;35:*.webp=01;35:*.ogm=01;35:*.mp4=01;35:*.m4v=01;35:*.mp4v=01;35:*.vob=01;35:*.qt=01;35:*.nuv=01;35:*.wmv=01;35:*.asf=01;35:*.rm=01;35:*.rmvb=01;35:*.flc=01;35:*.avi=01;35:*.fli=01;35:*.flv=01;35:*.gl=01;35:*.dl=01;35:*.xcf=01;35:*.xwd=01;35:*.yuv=01;35:*.cgm=01;35:*.emf=01;35:*.ogv=01;35:*.ogx=01;35:*.aac=00;36:*.au=00;36:*.flac=00;36:*.m4a=00;36:*.mid=00;36:*.midi=00;36:*.mka=00;36:*.mp3=00;36:*.mpc=00;36:*.ogg=00;36:*.ra=00;36:*.wav=00;36:*.oga=00;36:*.opus=00;36:*.spx=00;36:*.xspf=00;36:'), ('VSCODE_GIT_IPC_HANDLE', '/tmp/user/1000/vscode-git-62c058eb99.sock'), ('TERM_PROGRAM', 'vscode'), ('SSH_AUTH_SOCK', '/tmp/vscode-ssh-auth-bb68276b-3e3f-45d5-982c-d4a5434507c2.sock'), ('AMENT_PREFIX_PATH', '/opt/ros/humble'), ('REMOTE_CONTAINERS_DISPLAY_SOCK', '/tmp/.X11-unix/X0'), ('SHELL', '/bin/bash'), ('VSCODE_GIT_ASKPASS_EXTRA_ARGS', ''), ('PWD', '/rov_ws/build/rov_mujoco_description'), ('LC_ALL', 'C.UTF-8'), ('PYTHONPATH', '/opt/ros/humble/lib/python3.10/site-packages:/opt/ros/humble/local/lib/python3.10/dist-packages'), ('COLCON', '1'), ('CMAKE_PREFIX_PATH', '/opt/ros/humble')]), 'shell': False}
[1.480255] (rov_mujoco_description) CommandEnded: {'returncode': 0}
[1.480879] (rov_mujoco_description) JobProgress: {'identifier': 'rov_mujoco_description', 'progress': 'install'}
[1.486098] (rov_mujoco_sim) StdoutLine: {'line': b'-- Performing Test CMAKE_HAVE_LIBC_PTHREAD - Success\n'}
[1.487675] (rov_mujoco_sim) StdoutLine: {'line': b'-- Found Threads: TRUE  \n'}
[1.490354] (rov_mujoco_description) Command: {'cmd': ['/usr/bin/cmake', '--install', '/rov_ws/build/rov_mujoco_description'], 'cwd': '/rov_ws/build/rov_mujoco_description', 'env': OrderedDict([('HOSTNAME', 'eia-Precision-3551'), ('GIT_ASKPASS', '/vscode/vscode-server/bin/linux-x64/e3550cfac4b63ca4eafca7b601f0d2885817fd1f/extensions/git/dist/askpass.sh'), ('SHLVL', '2'), ('LD_LIBRARY_PATH', '/opt/ros/humble/opt/rviz_ogre_vendor/lib:/opt/ros/humble/lib/x86_64-linux-gnu:/opt/ros/humble/lib'), ('BROWSER', '/vscode/vscode-server/bin/linux-x64/e3550cfac4b63ca4eafca7b601f0d2885817fd1f/bin/helpers/browser.sh'), ('HOME', '/home/ubuntu'), ('TERM_PROGRAM_VERSION', '1.103.0'), ('VSCODE_IPC_HOOK_CLI', '/tmp/vscode-ipc-0f4d0b56-5830-4b28-b99e-ab46b959e9b9.sock'), ('ROS_PYTHON_VERSION', '3'), ('VSCODE_GIT_ASKPASS_MAIN', '/vscode/vscode-server/bin/linux-x64/e3550cfac4b63ca4eafca7b601f0d2885817fd1f/extensions/git/dist/askpass-main.js'), ('VSCODE_GIT_ASKPASS_NODE', '/vscode/vscode-server/bin/linux-x64/e3550cfac4b63ca4eafca7b601f0d2885817fd1f/node'), ('COLORTERM', 'truecolor'), ('REMOTE_CONTAINERS', 'true'), ('WAYLAND_DISPLAY', 'vscode-wayland-9b36fea6-7768-4158-960d-8ca15a6d6d4c.sock'), ('ROS_DISTRO', 'humble'), ('REMOTE_CONTAINERS_IPC', '/tmp/vscode-remote-containers-ipc-bb68276b-3e3f-45d5-982c-d4a5434507c2.sock'), ('_', '/usr/bin/colcon'), ('ROS_VERSION', '2'), ('TERM', 'xterm-256color'), ('ROS_LOCALHOST_ONLY', '0'), ('PATH', '/vscode/vscode-server/bin/linux-x64/e3550cfac4b63ca4eafca7b601f0d2885817fd1f/bin/remote-cli:/opt/ros/humble/bin:/usr/local/sbin:/usr/local/bin:/usr/sbin:/usr/bin:/sbin:/bin'), ('XDG_RUNTIME_DIR', '/tmp/user/1000'), ('REMOTE_CONTAINERS_SOCKETS', '["/tmp/vscode-ssh-auth-bb68276b-3e3f-45d5-982c-d4a5434507c2.sock","/tmp/.X11-unix/X0","/home/ubuntu/.gnupg/S.gpg-agent"]'), ('DISPLAY', ':0'), ('LANG', 'C.UTF-8'), ('LS_COLORS', 'rs=0:di=01;34:ln=01;36:mh=00:pi=40;33:so=01;35:do=01;35:bd=40;33;01:cd=40;33;01:or=40;31;01:mi=00:su=37;41:sg=30;43:ca=30;41:tw=30;42:ow=34;42:st=37;44:ex=01;32:*.tar=01;31:*.tgz=01;31:*.arc=01;31:*.arj=01;31:*.taz=01;31:*.lha=01;31:*.lz4=01;31:*.lzh=01;31:*.lzma=01;31:*.tlz=01;31:*.txz=01;31:*.tzo=01;31:*.t7z=01;31:*.zip=01;31:*.z=01;31:*.dz=01;31:*.gz=01;31:*.lrz=01;31:*.lz=01;31:*.lzo=01;31:*.xz=01;31:*.zst=01;31:*.tzst=01;31:*.bz2=01;31:*.bz=01;31:*.tbz=01;31:*.tbz2=01;31:*.tz=01;31:*.deb=01;31:*.rpm=01;31:*.jar=01;31:*.war=01;31:*.ear=01;31:*.sar=01;31:*.rar=01;31:*.alz=01;31:*.ace=01;31:*.zoo=01;31:*.cpio=01;31:*.7z=01;31:*.rz=01;31:*.cab=01;31:*.wim=01;31:*.swm=01;31:*.dwm=01;31:*.esd=01;31:*.jpg=01;35:*.jpeg=01;35:*.mjpg=01;35:*.mjpeg=01;35:*.gif=01;35:*.bmp=01;35:*.pbm=01;35:*.pgm=01;35:*.ppm=01;35:*.tga=01;35:*.xbm=01;35:*.xpm=01;35:*.tif=01;35:*.tiff=01;35:*.png=01;35:*.svg=01;35:*.svgz=01;35:*.mng=01;35:*.pcx=01;35:*.mov=01;35:*.mpg=01;35:*.mpeg=01;35:*.m2v=01;35:*.mkv=01;35:*.webm=01;35:*.webp=01;35:*.ogm=01;35:*.mp4=01;35:*.m4v=01;35:*.mp4v=01;35:*.vob=01;35:*.qt=01;35:*.nuv=01;35:*.wmv=01;35:*.asf=01;35:*.rm=01;35:*.rmvb=01;35:*.flc=01;35:*.avi=01;35:*.fli=01;35:*.flv=01;35:*.gl=01;35:*.dl=01;35:*.xcf=01;35:*.xwd=01;35:*.yuv=01;35:*.cgm=01;35:*.emf=01;35:*.ogv=01;35:*.ogx=01;35:*.aac=00;36:*.au=00;36:*.flac=00;36:*.m4a=00;36:*.mid=00;36:*.midi=00;36:*.mka=00;36:*.mp3=00;36:*.mpc=00;36:*.ogg=00;36:*.ra=00;36:*.wav=00;36:*.oga=00;36:*.opus=00;36:*.spx=00;36:*.xspf=00;36:'), ('VSCODE_GIT_IPC_HANDLE', '/tmp/user/1000/vscode-git-62c058eb99.sock'), ('TERM_PROGRAM', 'vscode'), ('SSH_AUTH_SOCK', '/tmp/vscode-ssh-auth-bb68276b-3e3f-45d5-982c-d4a5434507c2.sock'), ('AMENT_PREFIX_PATH', '/opt/ros/humble'), ('REMOTE_CONTAINERS_DISPLAY_SOCK', '/tmp/.X11-unix/X0'), ('SHELL', '/bin/bash'), ('VSCODE_GIT_ASKPASS_EXTRA_ARGS', ''), ('PWD', '/rov_ws/build/rov_mujoco_description'), ('LC_ALL', 'C.UTF-8'), ('PYTHONPATH', '/opt/ros/humble/lib/python3.10/site-packages:/opt/ros/humble/local/lib/python3.10/dist-packages'), ('COLCON', '1'), ('CMAKE_PREFIX_PATH', '/opt/ros/humble')]), 'shell': False}
[1.491432] (rov_controllers) StdoutLine: {'line': b'-- Performing Test CMAKE_HAVE_LIBC_PTHREAD - Success\n'}
[1.492002] (rov_controllers) StdoutLine: {'line': b'-- Found Threads: TRUE  \n'}
[1.497172] (rov_mujoco_description) StdoutLine: {'line': b'-- Install configuration: ""\n'}
[1.497718] (rov_mujoco_description) StdoutLine: {'line': b'-- Execute custom install script\n'}
[1.498336] (rov_mujoco_description) StdoutLine: {'line': b'-- Symlinking: /rov_ws/install/rov_mujoco_description/share/rov_mujoco_description//urdf/common_properties.xacro\n'}
[1.502146] (rov_mujoco_bringup) StdoutLine: {'line': b'-- Performing Test CMAKE_HAVE_LIBC_PTHREAD - Success\n'}
[1.502443] (-) TimerEvent: {}
[1.503675] (rov_mujoco_bringup) StdoutLine: {'line': b'-- Found Threads: TRUE  \n'}
[1.507960] (rov_mujoco_description) StdoutLine: {'line': b'-- Symlinking: /rov_ws/install/rov_mujoco_description/share/rov_mujoco_description//urdf/rov_description.urdf.xacro\n'}
[1.517695] (rov_mujoco_description) StdoutLine: {'line': b'-- Symlinking: /rov_ws/install/rov_mujoco_description/share/rov_mujoco_description//launch/display.launch.xml\n'}
[1.525881] (rov_mujoco_description) StdoutLine: {'line': b'-- Symlinking: /rov_ws/install/rov_mujoco_description/share/ament_index/resource_index/package_run_dependencies/rov_mujoco_description\n'}
[1.533651] (rov_mujoco_description) StdoutLine: {'line': b'-- Symlinking: /rov_ws/install/rov_mujoco_description/share/ament_index/resource_index/parent_prefix_path/rov_mujoco_description\n'}
[1.541342] (rov_mujoco_description) StdoutLine: {'line': b'-- Symlinking: /rov_ws/install/rov_mujoco_description/share/rov_mujoco_description/environment/ament_prefix_path.sh\n'}
[1.549758] (rov_mujoco_description) StdoutLine: {'line': b'-- Symlinking: /rov_ws/install/rov_mujoco_description/share/rov_mujoco_description/environment/ament_prefix_path.dsv\n'}
[1.558346] (rov_mujoco_description) StdoutLine: {'line': b'-- Symlinking: /rov_ws/install/rov_mujoco_description/share/rov_mujoco_description/environment/path.sh\n'}
[1.562320] (rov_mujoco_sim) StdoutLine: {'line': b'-- Found rclcpp_lifecycle: 16.0.14 (/opt/ros/humble/share/rclcpp_lifecycle/cmake)\n'}
[1.567339] (rov_mujoco_description) StdoutLine: {'line': b'-- Symlinking: /rov_ws/install/rov_mujoco_description/share/rov_mujoco_description/environment/path.dsv\n'}
[1.573998] (rov_controllers) StdoutLine: {'line': b'-- Found rclcpp_lifecycle: 16.0.14 (/opt/ros/humble/share/rclcpp_lifecycle/cmake)\n'}
[1.574637] (rov_mujoco_description) StdoutLine: {'line': b'-- Symlinking: /rov_ws/install/rov_mujoco_description/share/rov_mujoco_description/local_setup.bash\n'}
[1.582005] (rov_mujoco_description) StdoutLine: {'line': b'-- Symlinking: /rov_ws/install/rov_mujoco_description/share/rov_mujoco_description/local_setup.sh\n'}
[1.589378] (rov_mujoco_description) StdoutLine: {'line': b'-- Symlinking: /rov_ws/install/rov_mujoco_description/share/rov_mujoco_description/local_setup.zsh\n'}
[1.591751] (rov_mujoco_sim) StdoutLine: {'line': b'-- Found pluginlib: 5.1.0 (/opt/ros/humble/share/pluginlib/cmake)\n'}
[1.596753] (rov_mujoco_description) StdoutLine: {'line': b'-- Symlinking: /rov_ws/install/rov_mujoco_description/share/rov_mujoco_description/local_setup.dsv\n'}
[1.602543] (-) TimerEvent: {}
[1.603883] (rov_mujoco_description) StdoutLine: {'line': b'-- Symlinking: /rov_ws/install/rov_mujoco_description/share/rov_mujoco_description/package.dsv\n'}
[1.604620] (rov_controllers) StdoutLine: {'line': b'-- Found pluginlib: 5.1.0 (/opt/ros/humble/share/pluginlib/cmake)\n'}
[1.611586] (rov_mujoco_description) StdoutLine: {'line': b'-- Symlinking: /rov_ws/install/rov_mujoco_description/share/ament_index/resource_index/packages/rov_mujoco_description\n'}
[1.620217] (rov_mujoco_description) StdoutLine: {'line': b'-- Symlinking: /rov_ws/install/rov_mujoco_description/share/rov_mujoco_description/cmake/rov_mujoco_descriptionConfig.cmake\n'}
[1.627413] (rov_mujoco_description) StdoutLine: {'line': b'-- Symlinking: /rov_ws/install/rov_mujoco_description/share/rov_mujoco_description/cmake/rov_mujoco_descriptionConfig-version.cmake\n'}
[1.635119] (rov_mujoco_description) StdoutLine: {'line': b'-- Symlinking: /rov_ws/install/rov_mujoco_description/share/rov_mujoco_description/package.xml\n'}
[1.638923] (rov_controllers) StdoutLine: {'line': b'-- Found geometry_msgs: 4.9.0 (/opt/ros/humble/share/geometry_msgs/cmake)\n'}
[1.639126] (rov_mujoco_sim) StdoutLine: {'line': b'-- Found geometry_msgs: 4.9.0 (/opt/ros/humble/share/geometry_msgs/cmake)\n'}
[1.643716] (rov_mujoco_description) CommandEnded: {'returncode': 0}
[1.659016] (rov_controllers) StdoutLine: {'line': b'-- Found controller_interface: 2.51.0 (/opt/ros/humble/share/controller_interface/cmake)\n'}
[1.663647] (rov_mujoco_sim) StdoutLine: {'line': b'-- Found hardware_interface: 2.51.0 (/opt/ros/humble/share/hardware_interface/cmake)\n'}
[1.667971] (rov_mujoco_description) JobEnded: {'identifier': 'rov_mujoco_description', 'rc': 0}
[1.675250] (rov_mujoco_bringup) StdoutLine: {'line': b'-- Configuring done\n'}
[1.681866] (rov_mujoco_bringup) StdoutLine: {'line': b'-- Generating done\n'}
[1.684308] (rov_mujoco_bringup) StdoutLine: {'line': b'-- Build files have been written to: /rov_ws/build/rov_mujoco_bringup\n'}
[1.694805] (rov_mujoco_bringup) CommandEnded: {'returncode': 0}
[1.695290] (rov_mujoco_bringup) JobProgress: {'identifier': 'rov_mujoco_bringup', 'progress': 'build'}
[1.695650] (rov_mujoco_bringup) Command: {'cmd': ['/usr/bin/cmake', '--build', '/rov_ws/build/rov_mujoco_bringup', '--', '-j12', '-l12'], 'cwd': '/rov_ws/build/rov_mujoco_bringup', 'env': OrderedDict([('HOSTNAME', 'eia-Precision-3551'), ('GIT_ASKPASS', '/vscode/vscode-server/bin/linux-x64/e3550cfac4b63ca4eafca7b601f0d2885817fd1f/extensions/git/dist/askpass.sh'), ('SHLVL', '2'), ('LD_LIBRARY_PATH', '/opt/ros/humble/opt/rviz_ogre_vendor/lib:/opt/ros/humble/lib/x86_64-linux-gnu:/opt/ros/humble/lib'), ('BROWSER', '/vscode/vscode-server/bin/linux-x64/e3550cfac4b63ca4eafca7b601f0d2885817fd1f/bin/helpers/browser.sh'), ('HOME', '/home/ubuntu'), ('TERM_PROGRAM_VERSION', '1.103.0'), ('VSCODE_IPC_HOOK_CLI', '/tmp/vscode-ipc-0f4d0b56-5830-4b28-b99e-ab46b959e9b9.sock'), ('ROS_PYTHON_VERSION', '3'), ('VSCODE_GIT_ASKPASS_MAIN', '/vscode/vscode-server/bin/linux-x64/e3550cfac4b63ca4eafca7b601f0d2885817fd1f/extensions/git/dist/askpass-main.js'), ('VSCODE_GIT_ASKPASS_NODE', '/vscode/vscode-server/bin/linux-x64/e3550cfac4b63ca4eafca7b601f0d2885817fd1f/node'), ('COLORTERM', 'truecolor'), ('REMOTE_CONTAINERS', 'true'), ('WAYLAND_DISPLAY', 'vscode-wayland-9b36fea6-7768-4158-960d-8ca15a6d6d4c.sock'), ('ROS_DISTRO', 'humble'), ('REMOTE_CONTAINERS_IPC', '/tmp/vscode-remote-containers-ipc-bb68276b-3e3f-45d5-982c-d4a5434507c2.sock'), ('_', '/usr/bin/colcon'), ('ROS_VERSION', '2'), ('TERM', 'xterm-256color'), ('ROS_LOCALHOST_ONLY', '0'), ('PATH', '/vscode/vscode-server/bin/linux-x64/e3550cfac4b63ca4eafca7b601f0d2885817fd1f/bin/remote-cli:/opt/ros/humble/bin:/usr/local/sbin:/usr/local/bin:/usr/sbin:/usr/bin:/sbin:/bin'), ('XDG_RUNTIME_DIR', '/tmp/user/1000'), ('REMOTE_CONTAINERS_SOCKETS', '["/tmp/vscode-ssh-auth-bb68276b-3e3f-45d5-982c-d4a5434507c2.sock","/tmp/.X11-unix/X0","/home/ubuntu/.gnupg/S.gpg-agent"]'), ('DISPLAY', ':0'), ('LANG', 'C.UTF-8'), ('LS_COLORS', 'rs=0:di=01;34:ln=01;36:mh=00:pi=40;33:so=01;35:do=01;35:bd=40;33;01:cd=40;33;01:or=40;31;01:mi=00:su=37;41:sg=30;43:ca=30;41:tw=30;42:ow=34;42:st=37;44:ex=01;32:*.tar=01;31:*.tgz=01;31:*.arc=01;31:*.arj=01;31:*.taz=01;31:*.lha=01;31:*.lz4=01;31:*.lzh=01;31:*.lzma=01;31:*.tlz=01;31:*.txz=01;31:*.tzo=01;31:*.t7z=01;31:*.zip=01;31:*.z=01;31:*.dz=01;31:*.gz=01;31:*.lrz=01;31:*.lz=01;31:*.lzo=01;31:*.xz=01;31:*.zst=01;31:*.tzst=01;31:*.bz2=01;31:*.bz=01;31:*.tbz=01;31:*.tbz2=01;31:*.tz=01;31:*.deb=01;31:*.rpm=01;31:*.jar=01;31:*.war=01;31:*.ear=01;31:*.sar=01;31:*.rar=01;31:*.alz=01;31:*.ace=01;31:*.zoo=01;31:*.cpio=01;31:*.7z=01;31:*.rz=01;31:*.cab=01;31:*.wim=01;31:*.swm=01;31:*.dwm=01;31:*.esd=01;31:*.jpg=01;35:*.jpeg=01;35:*.mjpg=01;35:*.mjpeg=01;35:*.gif=01;35:*.bmp=01;35:*.pbm=01;35:*.pgm=01;35:*.ppm=01;35:*.tga=01;35:*.xbm=01;35:*.xpm=01;35:*.tif=01;35:*.tiff=01;35:*.png=01;35:*.svg=01;35:*.svgz=01;35:*.mng=01;35:*.pcx=01;35:*.mov=01;35:*.mpg=01;35:*.mpeg=01;35:*.m2v=01;35:*.mkv=01;35:*.webm=01;35:*.webp=01;35:*.ogm=01;35:*.mp4=01;35:*.m4v=01;35:*.mp4v=01;35:*.vob=01;35:*.qt=01;35:*.nuv=01;35:*.wmv=01;35:*.asf=01;35:*.rm=01;35:*.rmvb=01;35:*.flc=01;35:*.avi=01;35:*.fli=01;35:*.flv=01;35:*.gl=01;35:*.dl=01;35:*.xcf=01;35:*.xwd=01;35:*.yuv=01;35:*.cgm=01;35:*.emf=01;35:*.ogv=01;35:*.ogx=01;35:*.aac=00;36:*.au=00;36:*.flac=00;36:*.m4a=00;36:*.mid=00;36:*.midi=00;36:*.mka=00;36:*.mp3=00;36:*.mpc=00;36:*.ogg=00;36:*.ra=00;36:*.wav=00;36:*.oga=00;36:*.opus=00;36:*.spx=00;36:*.xspf=00;36:'), ('VSCODE_GIT_IPC_HANDLE', '/tmp/user/1000/vscode-git-62c058eb99.sock'), ('TERM_PROGRAM', 'vscode'), ('SSH_AUTH_SOCK', '/tmp/vscode-ssh-auth-bb68276b-3e3f-45d5-982c-d4a5434507c2.sock'), ('AMENT_PREFIX_PATH', '/opt/ros/humble'), ('REMOTE_CONTAINERS_DISPLAY_SOCK', '/tmp/.X11-unix/X0'), ('SHELL', '/bin/bash'), ('VSCODE_GIT_ASKPASS_EXTRA_ARGS', ''), ('PWD', '/rov_ws/build/rov_mujoco_bringup'), ('LC_ALL', 'C.UTF-8'), ('PYTHONPATH', '/opt/ros/humble/lib/python3.10/site-packages:/opt/ros/humble/local/lib/python3.10/dist-packages'), ('COLCON', '1'), ('CMAKE_PREFIX_PATH', '/opt/ros/humble')]), 'shell': False}
[1.702637] (-) TimerEvent: {}
[1.731055] (rov_mujoco_bringup) CommandEnded: {'returncode': 0}
[1.731835] (rov_mujoco_bringup) JobProgress: {'identifier': 'rov_mujoco_bringup', 'progress': 'install'}
[1.732290] (rov_mujoco_bringup) Command: {'cmd': ['/usr/bin/cmake', '--install', '/rov_ws/build/rov_mujoco_bringup'], 'cwd': '/rov_ws/build/rov_mujoco_bringup', 'env': OrderedDict([('HOSTNAME', 'eia-Precision-3551'), ('GIT_ASKPASS', '/vscode/vscode-server/bin/linux-x64/e3550cfac4b63ca4eafca7b601f0d2885817fd1f/extensions/git/dist/askpass.sh'), ('SHLVL', '2'), ('LD_LIBRARY_PATH', '/opt/ros/humble/opt/rviz_ogre_vendor/lib:/opt/ros/humble/lib/x86_64-linux-gnu:/opt/ros/humble/lib'), ('BROWSER', '/vscode/vscode-server/bin/linux-x64/e3550cfac4b63ca4eafca7b601f0d2885817fd1f/bin/helpers/browser.sh'), ('HOME', '/home/ubuntu'), ('TERM_PROGRAM_VERSION', '1.103.0'), ('VSCODE_IPC_HOOK_CLI', '/tmp/vscode-ipc-0f4d0b56-5830-4b28-b99e-ab46b959e9b9.sock'), ('ROS_PYTHON_VERSION', '3'), ('VSCODE_GIT_ASKPASS_MAIN', '/vscode/vscode-server/bin/linux-x64/e3550cfac4b63ca4eafca7b601f0d2885817fd1f/extensions/git/dist/askpass-main.js'), ('VSCODE_GIT_ASKPASS_NODE', '/vscode/vscode-server/bin/linux-x64/e3550cfac4b63ca4eafca7b601f0d2885817fd1f/node'), ('COLORTERM', 'truecolor'), ('REMOTE_CONTAINERS', 'true'), ('WAYLAND_DISPLAY', 'vscode-wayland-9b36fea6-7768-4158-960d-8ca15a6d6d4c.sock'), ('ROS_DISTRO', 'humble'), ('REMOTE_CONTAINERS_IPC', '/tmp/vscode-remote-containers-ipc-bb68276b-3e3f-45d5-982c-d4a5434507c2.sock'), ('_', '/usr/bin/colcon'), ('ROS_VERSION', '2'), ('TERM', 'xterm-256color'), ('ROS_LOCALHOST_ONLY', '0'), ('PATH', '/vscode/vscode-server/bin/linux-x64/e3550cfac4b63ca4eafca7b601f0d2885817fd1f/bin/remote-cli:/opt/ros/humble/bin:/usr/local/sbin:/usr/local/bin:/usr/sbin:/usr/bin:/sbin:/bin'), ('XDG_RUNTIME_DIR', '/tmp/user/1000'), ('REMOTE_CONTAINERS_SOCKETS', '["/tmp/vscode-ssh-auth-bb68276b-3e3f-45d5-982c-d4a5434507c2.sock","/tmp/.X11-unix/X0","/home/ubuntu/.gnupg/S.gpg-agent"]'), ('DISPLAY', ':0'), ('LANG', 'C.UTF-8'), ('LS_COLORS', 'rs=0:di=01;34:ln=01;36:mh=00:pi=40;33:so=01;35:do=01;35:bd=40;33;01:cd=40;33;01:or=40;31;01:mi=00:su=37;41:sg=30;43:ca=30;41:tw=30;42:ow=34;42:st=37;44:ex=01;32:*.tar=01;31:*.tgz=01;31:*.arc=01;31:*.arj=01;31:*.taz=01;31:*.lha=01;31:*.lz4=01;31:*.lzh=01;31:*.lzma=01;31:*.tlz=01;31:*.txz=01;31:*.tzo=01;31:*.t7z=01;31:*.zip=01;31:*.z=01;31:*.dz=01;31:*.gz=01;31:*.lrz=01;31:*.lz=01;31:*.lzo=01;31:*.xz=01;31:*.zst=01;31:*.tzst=01;31:*.bz2=01;31:*.bz=01;31:*.tbz=01;31:*.tbz2=01;31:*.tz=01;31:*.deb=01;31:*.rpm=01;31:*.jar=01;31:*.war=01;31:*.ear=01;31:*.sar=01;31:*.rar=01;31:*.alz=01;31:*.ace=01;31:*.zoo=01;31:*.cpio=01;31:*.7z=01;31:*.rz=01;31:*.cab=01;31:*.wim=01;31:*.swm=01;31:*.dwm=01;31:*.esd=01;31:*.jpg=01;35:*.jpeg=01;35:*.mjpg=01;35:*.mjpeg=01;35:*.gif=01;35:*.bmp=01;35:*.pbm=01;35:*.pgm=01;35:*.ppm=01;35:*.tga=01;35:*.xbm=01;35:*.xpm=01;35:*.tif=01;35:*.tiff=01;35:*.png=01;35:*.svg=01;35:*.svgz=01;35:*.mng=01;35:*.pcx=01;35:*.mov=01;35:*.mpg=01;35:*.mpeg=01;35:*.m2v=01;35:*.mkv=01;35:*.webm=01;35:*.webp=01;35:*.ogm=01;35:*.mp4=01;35:*.m4v=01;35:*.mp4v=01;35:*.vob=01;35:*.qt=01;35:*.nuv=01;35:*.wmv=01;35:*.asf=01;35:*.rm=01;35:*.rmvb=01;35:*.flc=01;35:*.avi=01;35:*.fli=01;35:*.flv=01;35:*.gl=01;35:*.dl=01;35:*.xcf=01;35:*.xwd=01;35:*.yuv=01;35:*.cgm=01;35:*.emf=01;35:*.ogv=01;35:*.ogx=01;35:*.aac=00;36:*.au=00;36:*.flac=00;36:*.m4a=00;36:*.mid=00;36:*.midi=00;36:*.mka=00;36:*.mp3=00;36:*.mpc=00;36:*.ogg=00;36:*.ra=00;36:*.wav=00;36:*.oga=00;36:*.opus=00;36:*.spx=00;36:*.xspf=00;36:'), ('VSCODE_GIT_IPC_HANDLE', '/tmp/user/1000/vscode-git-62c058eb99.sock'), ('TERM_PROGRAM', 'vscode'), ('SSH_AUTH_SOCK', '/tmp/vscode-ssh-auth-bb68276b-3e3f-45d5-982c-d4a5434507c2.sock'), ('AMENT_PREFIX_PATH', '/opt/ros/humble'), ('REMOTE_CONTAINERS_DISPLAY_SOCK', '/tmp/.X11-unix/X0'), ('SHELL', '/bin/bash'), ('VSCODE_GIT_ASKPASS_EXTRA_ARGS', ''), ('PWD', '/rov_ws/build/rov_mujoco_bringup'), ('LC_ALL', 'C.UTF-8'), ('PYTHONPATH', '/opt/ros/humble/lib/python3.10/site-packages:/opt/ros/humble/local/lib/python3.10/dist-packages'), ('COLCON', '1'), ('CMAKE_PREFIX_PATH', '/opt/ros/humble')]), 'shell': False}
[1.738714] (rov_mujoco_bringup) StdoutLine: {'line': b'-- Install configuration: ""\n'}
[1.739215] (rov_mujoco_bringup) StdoutLine: {'line': b'-- Execute custom install script\n'}
[1.739640] (rov_mujoco_bringup) StdoutLine: {'line': b'-- Symlinking: /rov_ws/install/rov_mujoco_bringup/share/rov_mujoco_bringup//config/rov_controllers.yaml\n'}
[1.746919] (rov_mujoco_bringup) StdoutLine: {'line': b'-- Symlinking: /rov_ws/install/rov_mujoco_bringup/share/rov_mujoco_bringup//launch/rov_bringup_launch.launch.xml\n'}
[1.754510] (rov_mujoco_bringup) StdoutLine: {'line': b'-- Symlinking: /rov_ws/install/rov_mujoco_bringup/share/ament_index/resource_index/package_run_dependencies/rov_mujoco_bringup\n'}
[1.764138] (rov_mujoco_bringup) StdoutLine: {'line': b'-- Symlinking: /rov_ws/install/rov_mujoco_bringup/share/ament_index/resource_index/parent_prefix_path/rov_mujoco_bringup\n'}
[1.771355] (rov_mujoco_bringup) StdoutLine: {'line': b'-- Symlinking: /rov_ws/install/rov_mujoco_bringup/share/rov_mujoco_bringup/environment/ament_prefix_path.sh\n'}
[1.779102] (rov_mujoco_bringup) StdoutLine: {'line': b'-- Symlinking: /rov_ws/install/rov_mujoco_bringup/share/rov_mujoco_bringup/environment/ament_prefix_path.dsv\n'}
[1.786878] (rov_mujoco_bringup) StdoutLine: {'line': b'-- Symlinking: /rov_ws/install/rov_mujoco_bringup/share/rov_mujoco_bringup/environment/path.sh\n'}
[1.794486] (rov_mujoco_bringup) StdoutLine: {'line': b'-- Symlinking: /rov_ws/install/rov_mujoco_bringup/share/rov_mujoco_bringup/environment/path.dsv\n'}
[1.802732] (-) TimerEvent: {}
[1.804526] (rov_mujoco_bringup) StdoutLine: {'line': b'-- Symlinking: /rov_ws/install/rov_mujoco_bringup/share/rov_mujoco_bringup/local_setup.bash\n'}
[1.810620] (rov_controllers) StdoutLine: {'line': b'-- Found tf2_ros: 0.25.16 (/opt/ros/humble/share/tf2_ros/cmake)\n'}
[1.812023] (rov_mujoco_bringup) StdoutLine: {'line': b'-- Symlinking: /rov_ws/install/rov_mujoco_bringup/share/rov_mujoco_bringup/local_setup.sh\n'}
[1.819325] (rov_mujoco_bringup) StdoutLine: {'line': b'-- Symlinking: /rov_ws/install/rov_mujoco_bringup/share/rov_mujoco_bringup/local_setup.zsh\n'}
[1.829397] (rov_mujoco_bringup) StdoutLine: {'line': b'-- Symlinking: /rov_ws/install/rov_mujoco_bringup/share/rov_mujoco_bringup/local_setup.dsv\n'}
[1.836854] (rov_mujoco_bringup) StdoutLine: {'line': b'-- Symlinking: /rov_ws/install/rov_mujoco_bringup/share/rov_mujoco_bringup/package.dsv\n'}
[1.845058] (rov_mujoco_bringup) StdoutLine: {'line': b'-- Symlinking: /rov_ws/install/rov_mujoco_bringup/share/ament_index/resource_index/packages/rov_mujoco_bringup\n'}
[1.853101] (rov_mujoco_bringup) StdoutLine: {'line': b'-- Symlinking: /rov_ws/install/rov_mujoco_bringup/share/rov_mujoco_bringup/cmake/rov_mujoco_bringupConfig.cmake\n'}
[1.860261] (rov_mujoco_bringup) StdoutLine: {'line': b'-- Symlinking: /rov_ws/install/rov_mujoco_bringup/share/rov_mujoco_bringup/cmake/rov_mujoco_bringupConfig-version.cmake\n'}
[1.867622] (rov_mujoco_bringup) StdoutLine: {'line': b'-- Symlinking: /rov_ws/install/rov_mujoco_bringup/share/rov_mujoco_bringup/package.xml\n'}
[1.876783] (rov_mujoco_bringup) CommandEnded: {'returncode': 0}
[1.887572] (rov_mujoco_bringup) JobEnded: {'identifier': 'rov_mujoco_bringup', 'rc': 0}
[1.902895] (-) TimerEvent: {}
[1.906116] (rov_mujoco_sim) StdoutLine: {'line': b'-- Configuring done\n'}
[1.968663] (rov_mujoco_sim) StdoutLine: {'line': b'-- Generating done\n'}
[1.977348] (rov_mujoco_sim) StdoutLine: {'line': b'-- Build files have been written to: /rov_ws/build/rov_mujoco_sim\n'}
[1.986404] (rov_controllers) StdoutLine: {'line': b'-- Configuring done\n'}
[1.987177] (rov_mujoco_sim) CommandEnded: {'returncode': 0}
[1.987727] (rov_mujoco_sim) JobProgress: {'identifier': 'rov_mujoco_sim', 'progress': 'build'}
[1.988084] (rov_mujoco_sim) Command: {'cmd': ['/usr/bin/cmake', '--build', '/rov_ws/build/rov_mujoco_sim', '--', '-j12', '-l12'], 'cwd': '/rov_ws/build/rov_mujoco_sim', 'env': OrderedDict([('HOSTNAME', 'eia-Precision-3551'), ('GIT_ASKPASS', '/vscode/vscode-server/bin/linux-x64/e3550cfac4b63ca4eafca7b601f0d2885817fd1f/extensions/git/dist/askpass.sh'), ('SHLVL', '2'), ('LD_LIBRARY_PATH', '/opt/ros/humble/opt/rviz_ogre_vendor/lib:/opt/ros/humble/lib/x86_64-linux-gnu:/opt/ros/humble/lib'), ('BROWSER', '/vscode/vscode-server/bin/linux-x64/e3550cfac4b63ca4eafca7b601f0d2885817fd1f/bin/helpers/browser.sh'), ('HOME', '/home/ubuntu'), ('TERM_PROGRAM_VERSION', '1.103.0'), ('VSCODE_IPC_HOOK_CLI', '/tmp/vscode-ipc-0f4d0b56-5830-4b28-b99e-ab46b959e9b9.sock'), ('ROS_PYTHON_VERSION', '3'), ('VSCODE_GIT_ASKPASS_MAIN', '/vscode/vscode-server/bin/linux-x64/e3550cfac4b63ca4eafca7b601f0d2885817fd1f/extensions/git/dist/askpass-main.js'), ('VSCODE_GIT_ASKPASS_NODE', '/vscode/vscode-server/bin/linux-x64/e3550cfac4b63ca4eafca7b601f0d2885817fd1f/node'), ('COLORTERM', 'truecolor'), ('REMOTE_CONTAINERS', 'true'), ('WAYLAND_DISPLAY', 'vscode-wayland-9b36fea6-7768-4158-960d-8ca15a6d6d4c.sock'), ('ROS_DISTRO', 'humble'), ('REMOTE_CONTAINERS_IPC', '/tmp/vscode-remote-containers-ipc-bb68276b-3e3f-45d5-982c-d4a5434507c2.sock'), ('_', '/usr/bin/colcon'), ('ROS_VERSION', '2'), ('TERM', 'xterm-256color'), ('ROS_LOCALHOST_ONLY', '0'), ('PATH', '/vscode/vscode-server/bin/linux-x64/e3550cfac4b63ca4eafca7b601f0d2885817fd1f/bin/remote-cli:/opt/ros/humble/bin:/usr/local/sbin:/usr/local/bin:/usr/sbin:/usr/bin:/sbin:/bin'), ('XDG_RUNTIME_DIR', '/tmp/user/1000'), ('REMOTE_CONTAINERS_SOCKETS', '["/tmp/vscode-ssh-auth-bb68276b-3e3f-45d5-982c-d4a5434507c2.sock","/tmp/.X11-unix/X0","/home/ubuntu/.gnupg/S.gpg-agent"]'), ('DISPLAY', ':0'), ('LANG', 'C.UTF-8'), ('LS_COLORS', 'rs=0:di=01;34:ln=01;36:mh=00:pi=40;33:so=01;35:do=01;35:bd=40;33;01:cd=40;33;01:or=40;31;01:mi=00:su=37;41:sg=30;43:ca=30;41:tw=30;42:ow=34;42:st=37;44:ex=01;32:*.tar=01;31:*.tgz=01;31:*.arc=01;31:*.arj=01;31:*.taz=01;31:*.lha=01;31:*.lz4=01;31:*.lzh=01;31:*.lzma=01;31:*.tlz=01;31:*.txz=01;31:*.tzo=01;31:*.t7z=01;31:*.zip=01;31:*.z=01;31:*.dz=01;31:*.gz=01;31:*.lrz=01;31:*.lz=01;31:*.lzo=01;31:*.xz=01;31:*.zst=01;31:*.tzst=01;31:*.bz2=01;31:*.bz=01;31:*.tbz=01;31:*.tbz2=01;31:*.tz=01;31:*.deb=01;31:*.rpm=01;31:*.jar=01;31:*.war=01;31:*.ear=01;31:*.sar=01;31:*.rar=01;31:*.alz=01;31:*.ace=01;31:*.zoo=01;31:*.cpio=01;31:*.7z=01;31:*.rz=01;31:*.cab=01;31:*.wim=01;31:*.swm=01;31:*.dwm=01;31:*.esd=01;31:*.jpg=01;35:*.jpeg=01;35:*.mjpg=01;35:*.mjpeg=01;35:*.gif=01;35:*.bmp=01;35:*.pbm=01;35:*.pgm=01;35:*.ppm=01;35:*.tga=01;35:*.xbm=01;35:*.xpm=01;35:*.tif=01;35:*.tiff=01;35:*.png=01;35:*.svg=01;35:*.svgz=01;35:*.mng=01;35:*.pcx=01;35:*.mov=01;35:*.mpg=01;35:*.mpeg=01;35:*.m2v=01;35:*.mkv=01;35:*.webm=01;35:*.webp=01;35:*.ogm=01;35:*.mp4=01;35:*.m4v=01;35:*.mp4v=01;35:*.vob=01;35:*.qt=01;35:*.nuv=01;35:*.wmv=01;35:*.asf=01;35:*.rm=01;35:*.rmvb=01;35:*.flc=01;35:*.avi=01;35:*.fli=01;35:*.flv=01;35:*.gl=01;35:*.dl=01;35:*.xcf=01;35:*.xwd=01;35:*.yuv=01;35:*.cgm=01;35:*.emf=01;35:*.ogv=01;35:*.ogx=01;35:*.aac=00;36:*.au=00;36:*.flac=00;36:*.m4a=00;36:*.mid=00;36:*.midi=00;36:*.mka=00;36:*.mp3=00;36:*.mpc=00;36:*.ogg=00;36:*.ra=00;36:*.wav=00;36:*.oga=00;36:*.opus=00;36:*.spx=00;36:*.xspf=00;36:'), ('VSCODE_GIT_IPC_HANDLE', '/tmp/user/1000/vscode-git-62c058eb99.sock'), ('TERM_PROGRAM', 'vscode'), ('SSH_AUTH_SOCK', '/tmp/vscode-ssh-auth-bb68276b-3e3f-45d5-982c-d4a5434507c2.sock'), ('AMENT_PREFIX_PATH', '/opt/ros/humble'), ('REMOTE_CONTAINERS_DISPLAY_SOCK', '/tmp/.X11-unix/X0'), ('SHELL', '/bin/bash'), ('VSCODE_GIT_ASKPASS_EXTRA_ARGS', ''), ('PWD', '/rov_ws/build/rov_mujoco_sim'), ('LC_ALL', 'C.UTF-8'), ('PYTHONPATH', '/opt/ros/humble/lib/python3.10/site-packages:/opt/ros/humble/local/lib/python3.10/dist-packages'), ('COLCON', '1'), ('CMAKE_PREFIX_PATH', '/opt/ros/humble')]), 'shell': False}
[2.002974] (-) TimerEvent: {}
[2.025259] (rov_controllers) StdoutLine: {'line': b'-- Generating done\n'}
[2.032185] (rov_controllers) StdoutLine: {'line': b'-- Build files have been written to: /rov_ws/build/rov_controllers\n'}
[2.032769] (rov_mujoco_sim) StdoutLine: {'line': b'[ 25%] \x1b[32mBuilding CXX object CMakeFiles/rov_mujoco_sim_direct.dir/src/mujoco_interface.cpp.o\x1b[0m\n'}
[2.033134] (rov_mujoco_sim) StdoutLine: {'line': b'[ 50%] \x1b[32mBuilding CXX object CMakeFiles/rov_mujoco_sim.dir/src/mujoco_sim_interface.cpp.o\x1b[0m\n'}
[2.044818] (rov_controllers) CommandEnded: {'returncode': 0}
[2.045533] (rov_controllers) JobProgress: {'identifier': 'rov_controllers', 'progress': 'build'}
[2.045929] (rov_controllers) Command: {'cmd': ['/usr/bin/cmake', '--build', '/rov_ws/build/rov_controllers', '--', '-j12', '-l12'], 'cwd': '/rov_ws/build/rov_controllers', 'env': OrderedDict([('HOSTNAME', 'eia-Precision-3551'), ('GIT_ASKPASS', '/vscode/vscode-server/bin/linux-x64/e3550cfac4b63ca4eafca7b601f0d2885817fd1f/extensions/git/dist/askpass.sh'), ('SHLVL', '2'), ('LD_LIBRARY_PATH', '/opt/ros/humble/opt/rviz_ogre_vendor/lib:/opt/ros/humble/lib/x86_64-linux-gnu:/opt/ros/humble/lib'), ('BROWSER', '/vscode/vscode-server/bin/linux-x64/e3550cfac4b63ca4eafca7b601f0d2885817fd1f/bin/helpers/browser.sh'), ('HOME', '/home/ubuntu'), ('TERM_PROGRAM_VERSION', '1.103.0'), ('VSCODE_IPC_HOOK_CLI', '/tmp/vscode-ipc-0f4d0b56-5830-4b28-b99e-ab46b959e9b9.sock'), ('ROS_PYTHON_VERSION', '3'), ('VSCODE_GIT_ASKPASS_MAIN', '/vscode/vscode-server/bin/linux-x64/e3550cfac4b63ca4eafca7b601f0d2885817fd1f/extensions/git/dist/askpass-main.js'), ('VSCODE_GIT_ASKPASS_NODE', '/vscode/vscode-server/bin/linux-x64/e3550cfac4b63ca4eafca7b601f0d2885817fd1f/node'), ('COLORTERM', 'truecolor'), ('REMOTE_CONTAINERS', 'true'), ('WAYLAND_DISPLAY', 'vscode-wayland-9b36fea6-7768-4158-960d-8ca15a6d6d4c.sock'), ('ROS_DISTRO', 'humble'), ('REMOTE_CONTAINERS_IPC', '/tmp/vscode-remote-containers-ipc-bb68276b-3e3f-45d5-982c-d4a5434507c2.sock'), ('_', '/usr/bin/colcon'), ('ROS_VERSION', '2'), ('TERM', 'xterm-256color'), ('ROS_LOCALHOST_ONLY', '0'), ('PATH', '/vscode/vscode-server/bin/linux-x64/e3550cfac4b63ca4eafca7b601f0d2885817fd1f/bin/remote-cli:/opt/ros/humble/bin:/usr/local/sbin:/usr/local/bin:/usr/sbin:/usr/bin:/sbin:/bin'), ('XDG_RUNTIME_DIR', '/tmp/user/1000'), ('REMOTE_CONTAINERS_SOCKETS', '["/tmp/vscode-ssh-auth-bb68276b-3e3f-45d5-982c-d4a5434507c2.sock","/tmp/.X11-unix/X0","/home/ubuntu/.gnupg/S.gpg-agent"]'), ('DISPLAY', ':0'), ('LANG', 'C.UTF-8'), ('LS_COLORS', 'rs=0:di=01;34:ln=01;36:mh=00:pi=40;33:so=01;35:do=01;35:bd=40;33;01:cd=40;33;01:or=40;31;01:mi=00:su=37;41:sg=30;43:ca=30;41:tw=30;42:ow=34;42:st=37;44:ex=01;32:*.tar=01;31:*.tgz=01;31:*.arc=01;31:*.arj=01;31:*.taz=01;31:*.lha=01;31:*.lz4=01;31:*.lzh=01;31:*.lzma=01;31:*.tlz=01;31:*.txz=01;31:*.tzo=01;31:*.t7z=01;31:*.zip=01;31:*.z=01;31:*.dz=01;31:*.gz=01;31:*.lrz=01;31:*.lz=01;31:*.lzo=01;31:*.xz=01;31:*.zst=01;31:*.tzst=01;31:*.bz2=01;31:*.bz=01;31:*.tbz=01;31:*.tbz2=01;31:*.tz=01;31:*.deb=01;31:*.rpm=01;31:*.jar=01;31:*.war=01;31:*.ear=01;31:*.sar=01;31:*.rar=01;31:*.alz=01;31:*.ace=01;31:*.zoo=01;31:*.cpio=01;31:*.7z=01;31:*.rz=01;31:*.cab=01;31:*.wim=01;31:*.swm=01;31:*.dwm=01;31:*.esd=01;31:*.jpg=01;35:*.jpeg=01;35:*.mjpg=01;35:*.mjpeg=01;35:*.gif=01;35:*.bmp=01;35:*.pbm=01;35:*.pgm=01;35:*.ppm=01;35:*.tga=01;35:*.xbm=01;35:*.xpm=01;35:*.tif=01;35:*.tiff=01;35:*.png=01;35:*.svg=01;35:*.svgz=01;35:*.mng=01;35:*.pcx=01;35:*.mov=01;35:*.mpg=01;35:*.mpeg=01;35:*.m2v=01;35:*.mkv=01;35:*.webm=01;35:*.webp=01;35:*.ogm=01;35:*.mp4=01;35:*.m4v=01;35:*.mp4v=01;35:*.vob=01;35:*.qt=01;35:*.nuv=01;35:*.wmv=01;35:*.asf=01;35:*.rm=01;35:*.rmvb=01;35:*.flc=01;35:*.avi=01;35:*.fli=01;35:*.flv=01;35:*.gl=01;35:*.dl=01;35:*.xcf=01;35:*.xwd=01;35:*.yuv=01;35:*.cgm=01;35:*.emf=01;35:*.ogv=01;35:*.ogx=01;35:*.aac=00;36:*.au=00;36:*.flac=00;36:*.m4a=00;36:*.mid=00;36:*.midi=00;36:*.mka=00;36:*.mp3=00;36:*.mpc=00;36:*.ogg=00;36:*.ra=00;36:*.wav=00;36:*.oga=00;36:*.opus=00;36:*.spx=00;36:*.xspf=00;36:'), ('VSCODE_GIT_IPC_HANDLE', '/tmp/user/1000/vscode-git-62c058eb99.sock'), ('TERM_PROGRAM', 'vscode'), ('SSH_AUTH_SOCK', '/tmp/vscode-ssh-auth-bb68276b-3e3f-45d5-982c-d4a5434507c2.sock'), ('AMENT_PREFIX_PATH', '/opt/ros/humble'), ('REMOTE_CONTAINERS_DISPLAY_SOCK', '/tmp/.X11-unix/X0'), ('SHELL', '/bin/bash'), ('VSCODE_GIT_ASKPASS_EXTRA_ARGS', ''), ('PWD', '/rov_ws/build/rov_controllers'), ('LC_ALL', 'C.UTF-8'), ('PYTHONPATH', '/opt/ros/humble/lib/python3.10/site-packages:/opt/ros/humble/local/lib/python3.10/dist-packages'), ('COLCON', '1'), ('CMAKE_PREFIX_PATH', '/opt/ros/humble')]), 'shell': False}
[2.103105] (-) TimerEvent: {}
[2.106023] (rov_controllers) StdoutLine: {'line': b'[ 50%] \x1b[32mBuilding CXX object CMakeFiles/rov_controllers.dir/src/rov_forward_controller.cpp.o\x1b[0m\n'}
[2.107947] (rov_path_follower) Command: {'cmd': ['/usr/bin/python3', '-W', 'ignore:setup.py install is deprecated', '-W', 'ignore:easy_install command is deprecated', 'setup.py', 'develop', '--editable', '--build-directory', '/rov_ws/build/rov_path_follower/build', '--no-deps', 'symlink_data'], 'cwd': '/rov_ws/build/rov_path_follower', 'env': {'HOSTNAME': 'eia-Precision-3551', 'GIT_ASKPASS': '/vscode/vscode-server/bin/linux-x64/e3550cfac4b63ca4eafca7b601f0d2885817fd1f/extensions/git/dist/askpass.sh', 'SHLVL': '2', 'LD_LIBRARY_PATH': '/opt/ros/humble/opt/rviz_ogre_vendor/lib:/opt/ros/humble/lib/x86_64-linux-gnu:/opt/ros/humble/lib', 'BROWSER': '/vscode/vscode-server/bin/linux-x64/e3550cfac4b63ca4eafca7b601f0d2885817fd1f/bin/helpers/browser.sh', 'HOME': '/home/ubuntu', 'TERM_PROGRAM_VERSION': '1.103.0', 'VSCODE_IPC_HOOK_CLI': '/tmp/vscode-ipc-0f4d0b56-5830-4b28-b99e-ab46b959e9b9.sock', 'ROS_PYTHON_VERSION': '3', 'VSCODE_GIT_ASKPASS_MAIN': '/vscode/vscode-server/bin/linux-x64/e3550cfac4b63ca4eafca7b601f0d2885817fd1f/extensions/git/dist/askpass-main.js', 'VSCODE_GIT_ASKPASS_NODE': '/vscode/vscode-server/bin/linux-x64/e3550cfac4b63ca4eafca7b601f0d2885817fd1f/node', 'COLORTERM': 'truecolor', 'REMOTE_CONTAINERS': 'true', 'WAYLAND_DISPLAY': 'vscode-wayland-9b36fea6-7768-4158-960d-8ca15a6d6d4c.sock', 'ROS_DISTRO': 'humble', 'REMOTE_CONTAINERS_IPC': '/tmp/vscode-remote-containers-ipc-bb68276b-3e3f-45d5-982c-d4a5434507c2.sock', '_': '/usr/bin/colcon', 'ROS_VERSION': '2', 'TERM': 'xterm-256color', 'ROS_LOCALHOST_ONLY': '0', 'PATH': '/vscode/vscode-server/bin/linux-x64/e3550cfac4b63ca4eafca7b601f0d2885817fd1f/bin/remote-cli:/opt/ros/humble/bin:/usr/local/sbin:/usr/local/bin:/usr/sbin:/usr/bin:/sbin:/bin', 'XDG_RUNTIME_DIR': '/tmp/user/1000', 'REMOTE_CONTAINERS_SOCKETS': '["/tmp/vscode-ssh-auth-bb68276b-3e3f-45d5-982c-d4a5434507c2.sock","/tmp/.X11-unix/X0","/home/ubuntu/.gnupg/S.gpg-agent"]', 'DISPLAY': ':0', 'LANG': 'C.UTF-8', 'LS_COLORS': 'rs=0:di=01;34:ln=01;36:mh=00:pi=40;33:so=01;35:do=01;35:bd=40;33;01:cd=40;33;01:or=40;31;01:mi=00:su=37;41:sg=30;43:ca=30;41:tw=30;42:ow=34;42:st=37;44:ex=01;32:*.tar=01;31:*.tgz=01;31:*.arc=01;31:*.arj=01;31:*.taz=01;31:*.lha=01;31:*.lz4=01;31:*.lzh=01;31:*.lzma=01;31:*.tlz=01;31:*.txz=01;31:*.tzo=01;31:*.t7z=01;31:*.zip=01;31:*.z=01;31:*.dz=01;31:*.gz=01;31:*.lrz=01;31:*.lz=01;31:*.lzo=01;31:*.xz=01;31:*.zst=01;31:*.tzst=01;31:*.bz2=01;31:*.bz=01;31:*.tbz=01;31:*.tbz2=01;31:*.tz=01;31:*.deb=01;31:*.rpm=01;31:*.jar=01;31:*.war=01;31:*.ear=01;31:*.sar=01;31:*.rar=01;31:*.alz=01;31:*.ace=01;31:*.zoo=01;31:*.cpio=01;31:*.7z=01;31:*.rz=01;31:*.cab=01;31:*.wim=01;31:*.swm=01;31:*.dwm=01;31:*.esd=01;31:*.jpg=01;35:*.jpeg=01;35:*.mjpg=01;35:*.mjpeg=01;35:*.gif=01;35:*.bmp=01;35:*.pbm=01;35:*.pgm=01;35:*.ppm=01;35:*.tga=01;35:*.xbm=01;35:*.xpm=01;35:*.tif=01;35:*.tiff=01;35:*.png=01;35:*.svg=01;35:*.svgz=01;35:*.mng=01;35:*.pcx=01;35:*.mov=01;35:*.mpg=01;35:*.mpeg=01;35:*.m2v=01;35:*.mkv=01;35:*.webm=01;35:*.webp=01;35:*.ogm=01;35:*.mp4=01;35:*.m4v=01;35:*.mp4v=01;35:*.vob=01;35:*.qt=01;35:*.nuv=01;35:*.wmv=01;35:*.asf=01;35:*.rm=01;35:*.rmvb=01;35:*.flc=01;35:*.avi=01;35:*.fli=01;35:*.flv=01;35:*.gl=01;35:*.dl=01;35:*.xcf=01;35:*.xwd=01;35:*.yuv=01;35:*.cgm=01;35:*.emf=01;35:*.ogv=01;35:*.ogx=01;35:*.aac=00;36:*.au=00;36:*.flac=00;36:*.m4a=00;36:*.mid=00;36:*.midi=00;36:*.mka=00;36:*.mp3=00;36:*.mpc=00;36:*.ogg=00;36:*.ra=00;36:*.wav=00;36:*.oga=00;36:*.opus=00;36:*.spx=00;36:*.xspf=00;36:', 'VSCODE_GIT_IPC_HANDLE': '/tmp/user/1000/vscode-git-62c058eb99.sock', 'TERM_PROGRAM': 'vscode', 'SSH_AUTH_SOCK': '/tmp/vscode-ssh-auth-bb68276b-3e3f-45d5-982c-d4a5434507c2.sock', 'AMENT_PREFIX_PATH': '/opt/ros/humble', 'REMOTE_CONTAINERS_DISPLAY_SOCK': '/tmp/.X11-unix/X0', 'SHELL': '/bin/bash', 'VSCODE_GIT_ASKPASS_EXTRA_ARGS': '', 'PWD': '/rov_ws/build/rov_path_follower', 'LC_ALL': 'C.UTF-8', 'PYTHONPATH': '/rov_ws/build/rov_path_follower/prefix_override:/usr/lib/python3/dist-packages/colcon_core/task/python/colcon_distutils_commands:/rov_ws/install/rov_path_follower/lib/python3.10/site-packages:/opt/ros/humble/lib/python3.10/site-packages:/opt/ros/humble/local/lib/python3.10/dist-packages', 'COLCON': '1'}, 'shell': False}
[2.111110] (rov_path_generator) Command: {'cmd': ['/usr/bin/python3', '-W', 'ignore:setup.py install is deprecated', '-W', 'ignore:easy_install command is deprecated', 'setup.py', 'develop', '--editable', '--build-directory', '/rov_ws/build/rov_path_generator/build', '--no-deps', 'symlink_data'], 'cwd': '/rov_ws/build/rov_path_generator', 'env': {'HOSTNAME': 'eia-Precision-3551', 'GIT_ASKPASS': '/vscode/vscode-server/bin/linux-x64/e3550cfac4b63ca4eafca7b601f0d2885817fd1f/extensions/git/dist/askpass.sh', 'SHLVL': '2', 'LD_LIBRARY_PATH': '/opt/ros/humble/opt/rviz_ogre_vendor/lib:/opt/ros/humble/lib/x86_64-linux-gnu:/opt/ros/humble/lib', 'BROWSER': '/vscode/vscode-server/bin/linux-x64/e3550cfac4b63ca4eafca7b601f0d2885817fd1f/bin/helpers/browser.sh', 'HOME': '/home/ubuntu', 'TERM_PROGRAM_VERSION': '1.103.0', 'VSCODE_IPC_HOOK_CLI': '/tmp/vscode-ipc-0f4d0b56-5830-4b28-b99e-ab46b959e9b9.sock', 'ROS_PYTHON_VERSION': '3', 'VSCODE_GIT_ASKPASS_MAIN': '/vscode/vscode-server/bin/linux-x64/e3550cfac4b63ca4eafca7b601f0d2885817fd1f/extensions/git/dist/askpass-main.js', 'VSCODE_GIT_ASKPASS_NODE': '/vscode/vscode-server/bin/linux-x64/e3550cfac4b63ca4eafca7b601f0d2885817fd1f/node', 'COLORTERM': 'truecolor', 'REMOTE_CONTAINERS': 'true', 'WAYLAND_DISPLAY': 'vscode-wayland-9b36fea6-7768-4158-960d-8ca15a6d6d4c.sock', 'ROS_DISTRO': 'humble', 'REMOTE_CONTAINERS_IPC': '/tmp/vscode-remote-containers-ipc-bb68276b-3e3f-45d5-982c-d4a5434507c2.sock', '_': '/usr/bin/colcon', 'ROS_VERSION': '2', 'TERM': 'xterm-256color', 'ROS_LOCALHOST_ONLY': '0', 'PATH': '/vscode/vscode-server/bin/linux-x64/e3550cfac4b63ca4eafca7b601f0d2885817fd1f/bin/remote-cli:/opt/ros/humble/bin:/usr/local/sbin:/usr/local/bin:/usr/sbin:/usr/bin:/sbin:/bin', 'XDG_RUNTIME_DIR': '/tmp/user/1000', 'REMOTE_CONTAINERS_SOCKETS': '["/tmp/vscode-ssh-auth-bb68276b-3e3f-45d5-982c-d4a5434507c2.sock","/tmp/.X11-unix/X0","/home/ubuntu/.gnupg/S.gpg-agent"]', 'DISPLAY': ':0', 'LANG': 'C.UTF-8', 'LS_COLORS': 'rs=0:di=01;34:ln=01;36:mh=00:pi=40;33:so=01;35:do=01;35:bd=40;33;01:cd=40;33;01:or=40;31;01:mi=00:su=37;41:sg=30;43:ca=30;41:tw=30;42:ow=34;42:st=37;44:ex=01;32:*.tar=01;31:*.tgz=01;31:*.arc=01;31:*.arj=01;31:*.taz=01;31:*.lha=01;31:*.lz4=01;31:*.lzh=01;31:*.lzma=01;31:*.tlz=01;31:*.txz=01;31:*.tzo=01;31:*.t7z=01;31:*.zip=01;31:*.z=01;31:*.dz=01;31:*.gz=01;31:*.lrz=01;31:*.lz=01;31:*.lzo=01;31:*.xz=01;31:*.zst=01;31:*.tzst=01;31:*.bz2=01;31:*.bz=01;31:*.tbz=01;31:*.tbz2=01;31:*.tz=01;31:*.deb=01;31:*.rpm=01;31:*.jar=01;31:*.war=01;31:*.ear=01;31:*.sar=01;31:*.rar=01;31:*.alz=01;31:*.ace=01;31:*.zoo=01;31:*.cpio=01;31:*.7z=01;31:*.rz=01;31:*.cab=01;31:*.wim=01;31:*.swm=01;31:*.dwm=01;31:*.esd=01;31:*.jpg=01;35:*.jpeg=01;35:*.mjpg=01;35:*.mjpeg=01;35:*.gif=01;35:*.bmp=01;35:*.pbm=01;35:*.pgm=01;35:*.ppm=01;35:*.tga=01;35:*.xbm=01;35:*.xpm=01;35:*.tif=01;35:*.tiff=01;35:*.png=01;35:*.svg=01;35:*.svgz=01;35:*.mng=01;35:*.pcx=01;35:*.mov=01;35:*.mpg=01;35:*.mpeg=01;35:*.m2v=01;35:*.mkv=01;35:*.webm=01;35:*.webp=01;35:*.ogm=01;35:*.mp4=01;35:*.m4v=01;35:*.mp4v=01;35:*.vob=01;35:*.qt=01;35:*.nuv=01;35:*.wmv=01;35:*.asf=01;35:*.rm=01;35:*.rmvb=01;35:*.flc=01;35:*.avi=01;35:*.fli=01;35:*.flv=01;35:*.gl=01;35:*.dl=01;35:*.xcf=01;35:*.xwd=01;35:*.yuv=01;35:*.cgm=01;35:*.emf=01;35:*.ogv=01;35:*.ogx=01;35:*.aac=00;36:*.au=00;36:*.flac=00;36:*.m4a=00;36:*.mid=00;36:*.midi=00;36:*.mka=00;36:*.mp3=00;36:*.mpc=00;36:*.ogg=00;36:*.ra=00;36:*.wav=00;36:*.oga=00;36:*.opus=00;36:*.spx=00;36:*.xspf=00;36:', 'VSCODE_GIT_IPC_HANDLE': '/tmp/user/1000/vscode-git-62c058eb99.sock', 'TERM_PROGRAM': 'vscode', 'SSH_AUTH_SOCK': '/tmp/vscode-ssh-auth-bb68276b-3e3f-45d5-982c-d4a5434507c2.sock', 'AMENT_PREFIX_PATH': '/opt/ros/humble', 'REMOTE_CONTAINERS_DISPLAY_SOCK': '/tmp/.X11-unix/X0', 'SHELL': '/bin/bash', 'VSCODE_GIT_ASKPASS_EXTRA_ARGS': '', 'PWD': '/rov_ws/build/rov_path_generator', 'LC_ALL': 'C.UTF-8', 'PYTHONPATH': '/rov_ws/build/rov_path_generator/prefix_override:/usr/lib/python3/dist-packages/colcon_core/task/python/colcon_distutils_commands:/rov_ws/install/rov_path_generator/lib/python3.10/site-packages:/opt/ros/humble/lib/python3.10/site-packages:/opt/ros/humble/local/lib/python3.10/dist-packages', 'COLCON': '1'}, 'shell': False}
[2.115368] (rov_attitude_controller) Command: {'cmd': ['/usr/bin/python3', '-W', 'ignore:setup.py install is deprecated', '-W', 'ignore:easy_install command is deprecated', 'setup.py', 'develop', '--editable', '--build-directory', '/rov_ws/build/rov_attitude_controller/build', '--no-deps', 'symlink_data'], 'cwd': '/rov_ws/build/rov_attitude_controller', 'env': {'HOSTNAME': 'eia-Precision-3551', 'GIT_ASKPASS': '/vscode/vscode-server/bin/linux-x64/e3550cfac4b63ca4eafca7b601f0d2885817fd1f/extensions/git/dist/askpass.sh', 'SHLVL': '2', 'LD_LIBRARY_PATH': '/opt/ros/humble/opt/rviz_ogre_vendor/lib:/opt/ros/humble/lib/x86_64-linux-gnu:/opt/ros/humble/lib', 'BROWSER': '/vscode/vscode-server/bin/linux-x64/e3550cfac4b63ca4eafca7b601f0d2885817fd1f/bin/helpers/browser.sh', 'HOME': '/home/ubuntu', 'TERM_PROGRAM_VERSION': '1.103.0', 'VSCODE_IPC_HOOK_CLI': '/tmp/vscode-ipc-0f4d0b56-5830-4b28-b99e-ab46b959e9b9.sock', 'ROS_PYTHON_VERSION': '3', 'VSCODE_GIT_ASKPASS_MAIN': '/vscode/vscode-server/bin/linux-x64/e3550cfac4b63ca4eafca7b601f0d2885817fd1f/extensions/git/dist/askpass-main.js', 'VSCODE_GIT_ASKPASS_NODE': '/vscode/vscode-server/bin/linux-x64/e3550cfac4b63ca4eafca7b601f0d2885817fd1f/node', 'COLORTERM': 'truecolor', 'REMOTE_CONTAINERS': 'true', 'WAYLAND_DISPLAY': 'vscode-wayland-9b36fea6-7768-4158-960d-8ca15a6d6d4c.sock', 'ROS_DISTRO': 'humble', 'REMOTE_CONTAINERS_IPC': '/tmp/vscode-remote-containers-ipc-bb68276b-3e3f-45d5-982c-d4a5434507c2.sock', '_': '/usr/bin/colcon', 'ROS_VERSION': '2', 'TERM': 'xterm-256color', 'ROS_LOCALHOST_ONLY': '0', 'PATH': '/vscode/vscode-server/bin/linux-x64/e3550cfac4b63ca4eafca7b601f0d2885817fd1f/bin/remote-cli:/opt/ros/humble/bin:/usr/local/sbin:/usr/local/bin:/usr/sbin:/usr/bin:/sbin:/bin', 'XDG_RUNTIME_DIR': '/tmp/user/1000', 'REMOTE_CONTAINERS_SOCKETS': '["/tmp/vscode-ssh-auth-bb68276b-3e3f-45d5-982c-d4a5434507c2.sock","/tmp/.X11-unix/X0","/home/ubuntu/.gnupg/S.gpg-agent"]', 'DISPLAY': ':0', 'LANG': 'C.UTF-8', 'LS_COLORS': 'rs=0:di=01;34:ln=01;36:mh=00:pi=40;33:so=01;35:do=01;35:bd=40;33;01:cd=40;33;01:or=40;31;01:mi=00:su=37;41:sg=30;43:ca=30;41:tw=30;42:ow=34;42:st=37;44:ex=01;32:*.tar=01;31:*.tgz=01;31:*.arc=01;31:*.arj=01;31:*.taz=01;31:*.lha=01;31:*.lz4=01;31:*.lzh=01;31:*.lzma=01;31:*.tlz=01;31:*.txz=01;31:*.tzo=01;31:*.t7z=01;31:*.zip=01;31:*.z=01;31:*.dz=01;31:*.gz=01;31:*.lrz=01;31:*.lz=01;31:*.lzo=01;31:*.xz=01;31:*.zst=01;31:*.tzst=01;31:*.bz2=01;31:*.bz=01;31:*.tbz=01;31:*.tbz2=01;31:*.tz=01;31:*.deb=01;31:*.rpm=01;31:*.jar=01;31:*.war=01;31:*.ear=01;31:*.sar=01;31:*.rar=01;31:*.alz=01;31:*.ace=01;31:*.zoo=01;31:*.cpio=01;31:*.7z=01;31:*.rz=01;31:*.cab=01;31:*.wim=01;31:*.swm=01;31:*.dwm=01;31:*.esd=01;31:*.jpg=01;35:*.jpeg=01;35:*.mjpg=01;35:*.mjpeg=01;35:*.gif=01;35:*.bmp=01;35:*.pbm=01;35:*.pgm=01;35:*.ppm=01;35:*.tga=01;35:*.xbm=01;35:*.xpm=01;35:*.tif=01;35:*.tiff=01;35:*.png=01;35:*.svg=01;35:*.svgz=01;35:*.mng=01;35:*.pcx=01;35:*.mov=01;35:*.mpg=01;35:*.mpeg=01;35:*.m2v=01;35:*.mkv=01;35:*.webm=01;35:*.webp=01;35:*.ogm=01;35:*.mp4=01;35:*.m4v=01;35:*.mp4v=01;35:*.vob=01;35:*.qt=01;35:*.nuv=01;35:*.wmv=01;35:*.asf=01;35:*.rm=01;35:*.rmvb=01;35:*.flc=01;35:*.avi=01;35:*.fli=01;35:*.flv=01;35:*.gl=01;35:*.dl=01;35:*.xcf=01;35:*.xwd=01;35:*.yuv=01;35:*.cgm=01;35:*.emf=01;35:*.ogv=01;35:*.ogx=01;35:*.aac=00;36:*.au=00;36:*.flac=00;36:*.m4a=00;36:*.mid=00;36:*.midi=00;36:*.mka=00;36:*.mp3=00;36:*.mpc=00;36:*.ogg=00;36:*.ra=00;36:*.wav=00;36:*.oga=00;36:*.opus=00;36:*.spx=00;36:*.xspf=00;36:', 'VSCODE_GIT_IPC_HANDLE': '/tmp/user/1000/vscode-git-62c058eb99.sock', 'TERM_PROGRAM': 'vscode', 'SSH_AUTH_SOCK': '/tmp/vscode-ssh-auth-bb68276b-3e3f-45d5-982c-d4a5434507c2.sock', 'AMENT_PREFIX_PATH': '/opt/ros/humble', 'REMOTE_CONTAINERS_DISPLAY_SOCK': '/tmp/.X11-unix/X0', 'SHELL': '/bin/bash', 'VSCODE_GIT_ASKPASS_EXTRA_ARGS': '', 'PWD': '/rov_ws/build/rov_attitude_controller', 'LC_ALL': 'C.UTF-8', 'PYTHONPATH': '/rov_ws/build/rov_attitude_controller/prefix_override:/usr/lib/python3/dist-packages/colcon_core/task/python/colcon_distutils_commands:/rov_ws/install/rov_attitude_controller/lib/python3.10/site-packages:/opt/ros/humble/lib/python3.10/site-packages:/opt/ros/humble/local/lib/python3.10/dist-packages', 'COLCON': '1'}, 'shell': False}
[2.124627] (rov_position_controller) Command: {'cmd': ['/usr/bin/python3', '-W', 'ignore:setup.py install is deprecated', '-W', 'ignore:easy_install command is deprecated', 'setup.py', 'develop', '--editable', '--build-directory', '/rov_ws/build/rov_position_controller/build', '--no-deps', 'symlink_data'], 'cwd': '/rov_ws/build/rov_position_controller', 'env': {'HOSTNAME': 'eia-Precision-3551', 'GIT_ASKPASS': '/vscode/vscode-server/bin/linux-x64/e3550cfac4b63ca4eafca7b601f0d2885817fd1f/extensions/git/dist/askpass.sh', 'SHLVL': '2', 'LD_LIBRARY_PATH': '/opt/ros/humble/opt/rviz_ogre_vendor/lib:/opt/ros/humble/lib/x86_64-linux-gnu:/opt/ros/humble/lib', 'BROWSER': '/vscode/vscode-server/bin/linux-x64/e3550cfac4b63ca4eafca7b601f0d2885817fd1f/bin/helpers/browser.sh', 'HOME': '/home/ubuntu', 'TERM_PROGRAM_VERSION': '1.103.0', 'VSCODE_IPC_HOOK_CLI': '/tmp/vscode-ipc-0f4d0b56-5830-4b28-b99e-ab46b959e9b9.sock', 'ROS_PYTHON_VERSION': '3', 'VSCODE_GIT_ASKPASS_MAIN': '/vscode/vscode-server/bin/linux-x64/e3550cfac4b63ca4eafca7b601f0d2885817fd1f/extensions/git/dist/askpass-main.js', 'VSCODE_GIT_ASKPASS_NODE': '/vscode/vscode-server/bin/linux-x64/e3550cfac4b63ca4eafca7b601f0d2885817fd1f/node', 'COLORTERM': 'truecolor', 'REMOTE_CONTAINERS': 'true', 'WAYLAND_DISPLAY': 'vscode-wayland-9b36fea6-7768-4158-960d-8ca15a6d6d4c.sock', 'ROS_DISTRO': 'humble', 'REMOTE_CONTAINERS_IPC': '/tmp/vscode-remote-containers-ipc-bb68276b-3e3f-45d5-982c-d4a5434507c2.sock', '_': '/usr/bin/colcon', 'ROS_VERSION': '2', 'TERM': 'xterm-256color', 'ROS_LOCALHOST_ONLY': '0', 'PATH': '/vscode/vscode-server/bin/linux-x64/e3550cfac4b63ca4eafca7b601f0d2885817fd1f/bin/remote-cli:/opt/ros/humble/bin:/usr/local/sbin:/usr/local/bin:/usr/sbin:/usr/bin:/sbin:/bin', 'XDG_RUNTIME_DIR': '/tmp/user/1000', 'REMOTE_CONTAINERS_SOCKETS': '["/tmp/vscode-ssh-auth-bb68276b-3e3f-45d5-982c-d4a5434507c2.sock","/tmp/.X11-unix/X0","/home/ubuntu/.gnupg/S.gpg-agent"]', 'DISPLAY': ':0', 'LANG': 'C.UTF-8', 'LS_COLORS': 'rs=0:di=01;34:ln=01;36:mh=00:pi=40;33:so=01;35:do=01;35:bd=40;33;01:cd=40;33;01:or=40;31;01:mi=00:su=37;41:sg=30;43:ca=30;41:tw=30;42:ow=34;42:st=37;44:ex=01;32:*.tar=01;31:*.tgz=01;31:*.arc=01;31:*.arj=01;31:*.taz=01;31:*.lha=01;31:*.lz4=01;31:*.lzh=01;31:*.lzma=01;31:*.tlz=01;31:*.txz=01;31:*.tzo=01;31:*.t7z=01;31:*.zip=01;31:*.z=01;31:*.dz=01;31:*.gz=01;31:*.lrz=01;31:*.lz=01;31:*.lzo=01;31:*.xz=01;31:*.zst=01;31:*.tzst=01;31:*.bz2=01;31:*.bz=01;31:*.tbz=01;31:*.tbz2=01;31:*.tz=01;31:*.deb=01;31:*.rpm=01;31:*.jar=01;31:*.war=01;31:*.ear=01;31:*.sar=01;31:*.rar=01;31:*.alz=01;31:*.ace=01;31:*.zoo=01;31:*.cpio=01;31:*.7z=01;31:*.rz=01;31:*.cab=01;31:*.wim=01;31:*.swm=01;31:*.dwm=01;31:*.esd=01;31:*.jpg=01;35:*.jpeg=01;35:*.mjpg=01;35:*.mjpeg=01;35:*.gif=01;35:*.bmp=01;35:*.pbm=01;35:*.pgm=01;35:*.ppm=01;35:*.tga=01;35:*.xbm=01;35:*.xpm=01;35:*.tif=01;35:*.tiff=01;35:*.png=01;35:*.svg=01;35:*.svgz=01;35:*.mng=01;35:*.pcx=01;35:*.mov=01;35:*.mpg=01;35:*.mpeg=01;35:*.m2v=01;35:*.mkv=01;35:*.webm=01;35:*.webp=01;35:*.ogm=01;35:*.mp4=01;35:*.m4v=01;35:*.mp4v=01;35:*.vob=01;35:*.qt=01;35:*.nuv=01;35:*.wmv=01;35:*.asf=01;35:*.rm=01;35:*.rmvb=01;35:*.flc=01;35:*.avi=01;35:*.fli=01;35:*.flv=01;35:*.gl=01;35:*.dl=01;35:*.xcf=01;35:*.xwd=01;35:*.yuv=01;35:*.cgm=01;35:*.emf=01;35:*.ogv=01;35:*.ogx=01;35:*.aac=00;36:*.au=00;36:*.flac=00;36:*.m4a=00;36:*.mid=00;36:*.midi=00;36:*.mka=00;36:*.mp3=00;36:*.mpc=00;36:*.ogg=00;36:*.ra=00;36:*.wav=00;36:*.oga=00;36:*.opus=00;36:*.spx=00;36:*.xspf=00;36:', 'VSCODE_GIT_IPC_HANDLE': '/tmp/user/1000/vscode-git-62c058eb99.sock', 'TERM_PROGRAM': 'vscode', 'SSH_AUTH_SOCK': '/tmp/vscode-ssh-auth-bb68276b-3e3f-45d5-982c-d4a5434507c2.sock', 'AMENT_PREFIX_PATH': '/opt/ros/humble', 'REMOTE_CONTAINERS_DISPLAY_SOCK': '/tmp/.X11-unix/X0', 'SHELL': '/bin/bash', 'VSCODE_GIT_ASKPASS_EXTRA_ARGS': '', 'PWD': '/rov_ws/build/rov_position_controller', 'LC_ALL': 'C.UTF-8', 'PYTHONPATH': '/rov_ws/build/rov_position_controller/prefix_override:/usr/lib/python3/dist-packages/colcon_core/task/python/colcon_distutils_commands:/rov_ws/install/rov_position_controller/lib/python3.10/site-packages:/opt/ros/humble/lib/python3.10/site-packages:/opt/ros/humble/local/lib/python3.10/dist-packages', 'COLCON': '1'}, 'shell': False}
[2.203189] (-) TimerEvent: {}
[2.303527] (-) TimerEvent: {}
[2.403799] (-) TimerEvent: {}
[2.436794] (rov_path_generator) StdoutLine: {'line': b'running develop\n'}
[2.445632] (rov_path_follower) StdoutLine: {'line': b'running develop\n'}
[2.463572] (rov_attitude_controller) StdoutLine: {'line': b'running develop\n'}
[2.474657] (rov_position_controller) StdoutLine: {'line': b'running develop\n'}
[2.503878] (-) TimerEvent: {}
[2.582721] (rov_path_generator) StdoutLine: {'line': b'running egg_info\n'}
[2.582961] (rov_path_generator) StdoutLine: {'line': b'creating rov_path_generator.egg-info\n'}
[2.583143] (rov_path_generator) StdoutLine: {'line': b'writing rov_path_generator.egg-info/PKG-INFO\n'}
[2.583311] (rov_path_generator) StdoutLine: {'line': b'writing dependency_links to rov_path_generator.egg-info/dependency_links.txt\n'}
[2.583469] (rov_path_generator) StdoutLine: {'line': b'writing entry points to rov_path_generator.egg-info/entry_points.txt\n'}
[2.583619] (rov_path_generator) StdoutLine: {'line': b'writing requirements to rov_path_generator.egg-info/requires.txt\n'}
[2.583772] (rov_path_generator) StdoutLine: {'line': b'writing top-level names to rov_path_generator.egg-info/top_level.txt\n'}
[2.583917] (rov_path_generator) StdoutLine: {'line': b"writing manifest file 'rov_path_generator.egg-info/SOURCES.txt'\n"}
[2.585753] (rov_path_generator) StdoutLine: {'line': b"reading manifest file 'rov_path_generator.egg-info/SOURCES.txt'\n"}
[2.586306] (rov_path_generator) StdoutLine: {'line': b"writing manifest file 'rov_path_generator.egg-info/SOURCES.txt'\n"}
[2.587735] (rov_path_generator) StdoutLine: {'line': b'running build_ext\n'}
[2.587939] (rov_path_generator) StdoutLine: {'line': b'Creating /rov_ws/install/rov_path_generator/lib/python3.10/site-packages/rov-path-generator.egg-link (link to .)\n'}
[2.588649] (rov_path_generator) StdoutLine: {'line': b'Installing rov_path_generator script to /rov_ws/install/rov_path_generator/lib/rov_path_generator\n'}
[2.588903] (rov_path_generator) StdoutLine: {'line': b'\n'}
[2.589030] (rov_path_generator) StdoutLine: {'line': b'Installed /rov_ws/build/rov_path_generator\n'}
[2.589263] (rov_path_generator) StdoutLine: {'line': b'running symlink_data\n'}
[2.589495] (rov_path_generator) StdoutLine: {'line': b'creating /rov_ws/install/rov_path_generator/share/ament_index\n'}
[2.589611] (rov_path_generator) StdoutLine: {'line': b'creating /rov_ws/install/rov_path_generator/share/ament_index/resource_index\n'}
[2.589720] (rov_path_generator) StdoutLine: {'line': b'creating /rov_ws/install/rov_path_generator/share/ament_index/resource_index/packages\n'}
[2.589827] (rov_path_generator) StdoutLine: {'line': b'symbolically linking /rov_ws/build/rov_path_generator/resource/rov_path_generator -> /rov_ws/install/rov_path_generator/share/ament_index/resource_index/packages\n'}
[2.589936] (rov_path_generator) StdoutLine: {'line': b'symbolically linking /rov_ws/build/rov_path_generator/package.xml -> /rov_ws/install/rov_path_generator/share/rov_path_generator\n'}
[2.590043] (rov_path_generator) StdoutLine: {'line': b'creating /rov_ws/install/rov_path_generator/share/rov_path_generator/launch\n'}
[2.590155] (rov_path_generator) StdoutLine: {'line': b'creating /rov_ws/install/rov_path_generator/share/rov_path_generator/descriptions\n'}
[2.590282] (rov_path_generator) StdoutLine: {'line': b'creating /rov_ws/install/rov_path_generator/share/rov_path_generator/config\n'}
[2.591820] (rov_path_follower) StdoutLine: {'line': b'running egg_info\n'}
[2.591974] (rov_path_follower) StdoutLine: {'line': b'creating rov_path_follower.egg-info\n'}
[2.592157] (rov_path_follower) StdoutLine: {'line': b'writing rov_path_follower.egg-info/PKG-INFO\n'}
[2.592386] (rov_path_follower) StdoutLine: {'line': b'writing dependency_links to rov_path_follower.egg-info/dependency_links.txt\n'}
[2.592540] (rov_path_follower) StdoutLine: {'line': b'writing entry points to rov_path_follower.egg-info/entry_points.txt\n'}
[2.592686] (rov_path_follower) StdoutLine: {'line': b'writing requirements to rov_path_follower.egg-info/requires.txt\n'}
[2.592829] (rov_path_follower) StdoutLine: {'line': b'writing top-level names to rov_path_follower.egg-info/top_level.txt\n'}
[2.592997] (rov_path_follower) StdoutLine: {'line': b"writing manifest file 'rov_path_follower.egg-info/SOURCES.txt'\n"}
[2.594652] (rov_path_follower) StdoutLine: {'line': b"reading manifest file 'rov_path_follower.egg-info/SOURCES.txt'\n"}
[2.595328] (rov_path_follower) StdoutLine: {'line': b"writing manifest file 'rov_path_follower.egg-info/SOURCES.txt'\n"}
[2.596846] (rov_path_follower) StdoutLine: {'line': b'running build_ext\n'}
[2.597121] (rov_path_follower) StdoutLine: {'line': b'Creating /rov_ws/install/rov_path_follower/lib/python3.10/site-packages/rov-path-follower.egg-link (link to .)\n'}
[2.597965] (rov_path_follower) StdoutLine: {'line': b'Installing rov_path_follower script to /rov_ws/install/rov_path_follower/lib/rov_path_follower\n'}
[2.598254] (rov_path_follower) StdoutLine: {'line': b'\n'}
[2.598389] (rov_path_follower) StdoutLine: {'line': b'Installed /rov_ws/build/rov_path_follower\n'}
[2.598563] (rov_path_follower) StdoutLine: {'line': b'running symlink_data\n'}
[2.598678] (rov_path_follower) StdoutLine: {'line': b'creating /rov_ws/install/rov_path_follower/share/ament_index\n'}
[2.598789] (rov_path_follower) StdoutLine: {'line': b'creating /rov_ws/install/rov_path_follower/share/ament_index/resource_index\n'}
[2.598900] (rov_path_follower) StdoutLine: {'line': b'creating /rov_ws/install/rov_path_follower/share/ament_index/resource_index/packages\n'}
[2.599067] (rov_path_follower) StdoutLine: {'line': b'symbolically linking /rov_ws/build/rov_path_follower/resource/rov_path_follower -> /rov_ws/install/rov_path_follower/share/ament_index/resource_index/packages\n'}
[2.599185] (rov_path_follower) StdoutLine: {'line': b'symbolically linking /rov_ws/build/rov_path_follower/package.xml -> /rov_ws/install/rov_path_follower/share/rov_path_follower\n'}
[2.599291] (rov_path_follower) StdoutLine: {'line': b'creating /rov_ws/install/rov_path_follower/share/rov_path_follower/launch\n'}
[2.599387] (rov_path_follower) StdoutLine: {'line': b'creating /rov_ws/install/rov_path_follower/share/rov_path_follower/descriptions\n'}
[2.599485] (rov_path_follower) StdoutLine: {'line': b'creating /rov_ws/install/rov_path_follower/share/rov_path_follower/config\n'}
[2.603979] (-) TimerEvent: {}
[2.619475] (rov_position_controller) StdoutLine: {'line': b'running egg_info\n'}
[2.619809] (rov_position_controller) StdoutLine: {'line': b'creating rov_position_controller.egg-info\n'}
[2.619973] (rov_position_controller) StdoutLine: {'line': b'writing rov_position_controller.egg-info/PKG-INFO\n'}
[2.620150] (rov_position_controller) StdoutLine: {'line': b'writing dependency_links to rov_position_controller.egg-info/dependency_links.txt\n'}
[2.620356] (rov_position_controller) StdoutLine: {'line': b'writing entry points to rov_position_controller.egg-info/entry_points.txt\n'}
[2.620719] (rov_position_controller) StdoutLine: {'line': b'writing requirements to rov_position_controller.egg-info/requires.txt\n'}
[2.620856] (rov_position_controller) StdoutLine: {'line': b'writing top-level names to rov_position_controller.egg-info/top_level.txt\n'}
[2.620989] (rov_position_controller) StdoutLine: {'line': b"writing manifest file 'rov_position_controller.egg-info/SOURCES.txt'\n"}
[2.623363] (rov_position_controller) StdoutLine: {'line': b"reading manifest file 'rov_position_controller.egg-info/SOURCES.txt'\n"}
[2.624277] (rov_position_controller) StdoutLine: {'line': b"writing manifest file 'rov_position_controller.egg-info/SOURCES.txt'\n"}
[2.626667] (rov_position_controller) StdoutLine: {'line': b'running build_ext\n'}
[2.626925] (rov_position_controller) StdoutLine: {'line': b'Creating /rov_ws/install/rov_position_controller/lib/python3.10/site-packages/rov-position-controller.egg-link (link to .)\n'}
[2.628243] (rov_position_controller) StdoutLine: {'line': b'Installing rov_position_controller script to /rov_ws/install/rov_position_controller/lib/rov_position_controller\n'}
[2.628512] (rov_position_controller) StdoutLine: {'line': b'\n'}
[2.628614] (rov_position_controller) StdoutLine: {'line': b'Installed /rov_ws/build/rov_position_controller\n'}
[2.628729] (rov_position_controller) StdoutLine: {'line': b'running symlink_data\n'}
[2.628834] (rov_position_controller) StdoutLine: {'line': b'creating /rov_ws/install/rov_position_controller/share/ament_index\n'}
[2.628941] (rov_position_controller) StdoutLine: {'line': b'creating /rov_ws/install/rov_position_controller/share/ament_index/resource_index\n'}
[2.629010] (rov_position_controller) StdoutLine: {'line': b'creating /rov_ws/install/rov_position_controller/share/ament_index/resource_index/packages\n'}
[2.629109] (rov_position_controller) StdoutLine: {'line': b'symbolically linking /rov_ws/build/rov_position_controller/resource/rov_position_controller -> /rov_ws/install/rov_position_controller/share/ament_index/resource_index/packages\n'}
[2.629251] (rov_position_controller) StdoutLine: {'line': b'symbolically linking /rov_ws/build/rov_position_controller/package.xml -> /rov_ws/install/rov_position_controller/share/rov_position_controller\n'}
[2.629323] (rov_position_controller) StdoutLine: {'line': b'creating /rov_ws/install/rov_position_controller/share/rov_position_controller/launch\n'}
[2.629387] (rov_position_controller) StdoutLine: {'line': b'creating /rov_ws/install/rov_position_controller/share/rov_position_controller/descriptions\n'}
[2.629487] (rov_position_controller) StdoutLine: {'line': b'creating /rov_ws/install/rov_position_controller/share/rov_position_controller/config\n'}
[2.634471] (rov_path_generator) CommandEnded: {'returncode': 0}
[2.635200] (rov_attitude_controller) StdoutLine: {'line': b'running egg_info\n'}
[2.635464] (rov_attitude_controller) StdoutLine: {'line': b'creating rov_attitude_controller.egg-info\n'}
[2.635641] (rov_attitude_controller) StdoutLine: {'line': b'writing rov_attitude_controller.egg-info/PKG-INFO\n'}
[2.635758] (rov_attitude_controller) StdoutLine: {'line': b'writing dependency_links to rov_attitude_controller.egg-info/dependency_links.txt\n'}
[2.635867] (rov_attitude_controller) StdoutLine: {'line': b'writing entry points to rov_attitude_controller.egg-info/entry_points.txt\n'}
[2.635983] (rov_attitude_controller) StdoutLine: {'line': b'writing requirements to rov_attitude_controller.egg-info/requires.txt\n'}
[2.636101] (rov_attitude_controller) StdoutLine: {'line': b'writing top-level names to rov_attitude_controller.egg-info/top_level.txt\n'}
[2.636449] (rov_attitude_controller) StdoutLine: {'line': b"writing manifest file 'rov_attitude_controller.egg-info/SOURCES.txt'\n"}
[2.637738] (rov_attitude_controller) StdoutLine: {'line': b"reading manifest file 'rov_attitude_controller.egg-info/SOURCES.txt'\n"}
[2.638046] (rov_attitude_controller) StdoutLine: {'line': b"writing manifest file 'rov_attitude_controller.egg-info/SOURCES.txt'\n"}
[2.640033] (rov_attitude_controller) StdoutLine: {'line': b'running build_ext\n'}
[2.640534] (rov_attitude_controller) StdoutLine: {'line': b'Creating /rov_ws/install/rov_attitude_controller/lib/python3.10/site-packages/rov-attitude-controller.egg-link (link to .)\n'}
[2.640942] (rov_attitude_controller) StdoutLine: {'line': b'Installing rov_attitude_controller script to /rov_ws/install/rov_attitude_controller/lib/rov_attitude_controller\n'}
[2.641390] (rov_attitude_controller) StdoutLine: {'line': b'\n'}
[2.641557] (rov_attitude_controller) StdoutLine: {'line': b'Installed /rov_ws/build/rov_attitude_controller\n'}
[2.641689] (rov_attitude_controller) StdoutLine: {'line': b'running symlink_data\n'}
[2.641852] (rov_attitude_controller) StdoutLine: {'line': b'creating /rov_ws/install/rov_attitude_controller/share/ament_index\n'}
[2.642101] (rov_attitude_controller) StdoutLine: {'line': b'creating /rov_ws/install/rov_attitude_controller/share/ament_index/resource_index\n'}
[2.642495] (rov_attitude_controller) StdoutLine: {'line': b'creating /rov_ws/install/rov_attitude_controller/share/ament_index/resource_index/packages\n'}
[2.642618] (rov_attitude_controller) StdoutLine: {'line': b'symbolically linking /rov_ws/build/rov_attitude_controller/resource/rov_attitude_controller -> /rov_ws/install/rov_attitude_controller/share/ament_index/resource_index/packages\n'}
[2.642735] (rov_attitude_controller) StdoutLine: {'line': b'symbolically linking /rov_ws/build/rov_attitude_controller/package.xml -> /rov_ws/install/rov_attitude_controller/share/rov_attitude_controller\n'}
[2.642846] (rov_attitude_controller) StdoutLine: {'line': b'creating /rov_ws/install/rov_attitude_controller/share/rov_attitude_controller/launch\n'}
[2.642955] (rov_attitude_controller) StdoutLine: {'line': b'creating /rov_ws/install/rov_attitude_controller/share/rov_attitude_controller/descriptions\n'}
[2.643062] (rov_attitude_controller) StdoutLine: {'line': b'creating /rov_ws/install/rov_attitude_controller/share/rov_attitude_controller/config\n'}
[2.647339] (rov_path_generator) JobEnded: {'identifier': 'rov_path_generator', 'rc': 0}
[2.654646] (rov_path_follower) CommandEnded: {'returncode': 0}
[2.667989] (rov_path_follower) JobEnded: {'identifier': 'rov_path_follower', 'rc': 0}
[2.682948] (rov_position_controller) CommandEnded: {'returncode': 0}
[2.693358] (rov_position_controller) JobEnded: {'identifier': 'rov_position_controller', 'rc': 0}
[2.694249] (rov_attitude_controller) CommandEnded: {'returncode': 0}
[2.704034] (rov_attitude_controller) JobEnded: {'identifier': 'rov_attitude_controller', 'rc': 0}
[2.704443] (-) TimerEvent: {}
[2.804648] (-) TimerEvent: {}
[2.904934] (-) TimerEvent: {}
[3.005213] (-) TimerEvent: {}
[3.105500] (-) TimerEvent: {}
[3.205776] (-) TimerEvent: {}
[3.306049] (-) TimerEvent: {}
[3.406314] (-) TimerEvent: {}
[3.506604] (-) TimerEvent: {}
[3.606854] (-) TimerEvent: {}
[3.707141] (-) TimerEvent: {}
[3.807412] (-) TimerEvent: {}
[3.907652] (-) TimerEvent: {}
[4.007895] (-) TimerEvent: {}
[4.108183] (-) TimerEvent: {}
[4.208428] (-) TimerEvent: {}
[4.308670] (-) TimerEvent: {}
[4.408956] (-) TimerEvent: {}
[4.509229] (-) TimerEvent: {}
[4.609490] (-) TimerEvent: {}
[4.709732] (-) TimerEvent: {}
[4.810010] (-) TimerEvent: {}
[4.910211] (-) TimerEvent: {}
[5.010448] (-) TimerEvent: {}
[5.110685] (-) TimerEvent: {}
[5.210954] (-) TimerEvent: {}
[5.311217] (-) TimerEvent: {}
[5.331066] (rov_mujoco_sim) StderrLine: {'line': b'In file included from \x1b[01m\x1b[K/opt/ros/humble/include/rclcpp/rclcpp/logging.hpp:24\x1b[m\x1b[K,\n'}
[5.331240] (rov_mujoco_sim) StderrLine: {'line': b'                 from \x1b[01m\x1b[K/opt/ros/humble/include/rclcpp/rclcpp/client.hpp:40\x1b[m\x1b[K,\n'}
[5.331309] (rov_mujoco_sim) StderrLine: {'line': b'                 from \x1b[01m\x1b[K/opt/ros/humble/include/rclcpp/rclcpp/callback_group.hpp:24\x1b[m\x1b[K,\n'}
[5.331368] (rov_mujoco_sim) StderrLine: {'line': b'                 from \x1b[01m\x1b[K/opt/ros/humble/include/rclcpp/rclcpp/any_executable.hpp:20\x1b[m\x1b[K,\n'}
[5.331423] (rov_mujoco_sim) StderrLine: {'line': b'                 from \x1b[01m\x1b[K/opt/ros/humble/include/rclcpp/rclcpp/memory_strategy.hpp:25\x1b[m\x1b[K,\n'}
[5.331482] (rov_mujoco_sim) StderrLine: {'line': b'                 from \x1b[01m\x1b[K/opt/ros/humble/include/rclcpp/rclcpp/memory_strategies.hpp:18\x1b[m\x1b[K,\n'}
[5.331537] (rov_mujoco_sim) StderrLine: {'line': b'                 from \x1b[01m\x1b[K/opt/ros/humble/include/rclcpp/rclcpp/executor_options.hpp:20\x1b[m\x1b[K,\n'}
[5.331592] (rov_mujoco_sim) StderrLine: {'line': b'                 from \x1b[01m\x1b[K/opt/ros/humble/include/rclcpp/rclcpp/executor.hpp:37\x1b[m\x1b[K,\n'}
[5.331644] (rov_mujoco_sim) StderrLine: {'line': b'                 from \x1b[01m\x1b[K/opt/ros/humble/include/rclcpp/rclcpp/executors/multi_threaded_executor.hpp:25\x1b[m\x1b[K,\n'}
[5.331696] (rov_mujoco_sim) StderrLine: {'line': b'                 from \x1b[01m\x1b[K/opt/ros/humble/include/rclcpp/rclcpp/executors.hpp:21\x1b[m\x1b[K,\n'}
[5.331749] (rov_mujoco_sim) StderrLine: {'line': b'                 from \x1b[01m\x1b[K/opt/ros/humble/include/rclcpp/rclcpp/rclcpp.hpp:155\x1b[m\x1b[K,\n'}
[5.331800] (rov_mujoco_sim) StderrLine: {'line': b'                 from \x1b[01m\x1b[K/rov_ws/src/rov_mujoco_sim/include/rov_sim/mujoco_sim_interface.hpp:20\x1b[m\x1b[K,\n'}
[5.331851] (rov_mujoco_sim) StderrLine: {'line': b'                 from \x1b[01m\x1b[K/rov_ws/src/rov_mujoco_sim/src/mujoco_sim_interface.cpp:1\x1b[m\x1b[K:\n'}
[5.331902] (rov_mujoco_sim) StderrLine: {'line': b'\x1b[01m\x1b[K/rov_ws/src/rov_mujoco_sim/src/mujoco_sim_interface.cpp:\x1b[m\x1b[K In member function \xe2\x80\x98\x1b[01m\x1b[Kvirtual hardware_interface::CallbackReturn rov_simulator_layer::RovSimulatorInterface::on_configure(const rclcpp_lifecycle::State&)\x1b[m\x1b[K\xe2\x80\x99:\n'}
[5.331955] (rov_mujoco_sim) StderrLine: {'line': b'\x1b[01m\x1b[K/rov_ws/src/rov_mujoco_sim/src/mujoco_sim_interface.cpp:27:52:\x1b[m\x1b[K \x1b[01;35m\x1b[Kwarning: \x1b[m\x1b[Kformat not a string literal and no format arguments [\x1b[01;35m\x1b[K\x1b]8;;https://gcc.gnu.org/onlinedocs/gcc/Warning-Options.html#index-Wformat-security\x07-Wformat-security\x1b]8;;\x07\x1b[m\x1b[K]\n'}
[5.332013] (rov_mujoco_sim) StderrLine: {'line': b'   27 |         RCLCPP_INFO(rclcpp::get_logger("rov sim"), \x1b[01;35m\x1b[Kerr_string\x1b[m\x1b[K);\n'}
[5.332065] (rov_mujoco_sim) StderrLine: {'line': b'      |                                                    \x1b[01;35m\x1b[K^~~~~~~~~~\x1b[m\x1b[K\n'}
[5.411309] (-) TimerEvent: {}
[5.511550] (-) TimerEvent: {}
[5.611791] (-) TimerEvent: {}
[5.712065] (-) TimerEvent: {}
[5.812337] (-) TimerEvent: {}
[5.912598] (-) TimerEvent: {}
[6.012854] (-) TimerEvent: {}
[6.113136] (-) TimerEvent: {}
[6.213380] (-) TimerEvent: {}
[6.313651] (-) TimerEvent: {}
[6.413948] (-) TimerEvent: {}
[6.514225] (-) TimerEvent: {}
[6.614506] (-) TimerEvent: {}
[6.714762] (-) TimerEvent: {}
[6.815061] (-) TimerEvent: {}
[6.915325] (-) TimerEvent: {}
[6.947516] (rov_mujoco_sim) StdoutLine: {'line': b'[ 75%] \x1b[32m\x1b[1mLinking CXX shared library librov_mujoco_sim.so\x1b[0m\n'}
[7.015451] (-) TimerEvent: {}
[7.115730] (-) TimerEvent: {}
[7.168052] (rov_mujoco_sim) StdoutLine: {'line': b'[ 75%] Built target rov_mujoco_sim\n'}
[7.215855] (-) TimerEvent: {}
[7.316142] (-) TimerEvent: {}
[7.416409] (-) TimerEvent: {}
[7.516708] (-) TimerEvent: {}
[7.617021] (-) TimerEvent: {}
[7.717277] (-) TimerEvent: {}
[7.817605] (-) TimerEvent: {}
[7.917880] (-) TimerEvent: {}
[8.018160] (-) TimerEvent: {}
[8.118395] (-) TimerEvent: {}
[8.218668] (-) TimerEvent: {}
[8.318934] (-) TimerEvent: {}
[8.419207] (-) TimerEvent: {}
[8.519470] (-) TimerEvent: {}
[8.619740] (-) TimerEvent: {}
[8.720007] (-) TimerEvent: {}
[8.820269] (-) TimerEvent: {}
[8.920538] (-) TimerEvent: {}
[9.020808] (-) TimerEvent: {}
[9.121079] (-) TimerEvent: {}
[9.221327] (-) TimerEvent: {}
[9.321596] (-) TimerEvent: {}
[9.421883] (-) TimerEvent: {}
[9.522164] (-) TimerEvent: {}
[9.622436] (-) TimerEvent: {}
[9.722704] (-) TimerEvent: {}
[9.822975] (-) TimerEvent: {}
[9.923248] (-) TimerEvent: {}
[10.023501] (-) TimerEvent: {}
[10.123779] (-) TimerEvent: {}
[10.224027] (-) TimerEvent: {}
[10.324295] (-) TimerEvent: {}
[10.424578] (-) TimerEvent: {}
[10.524894] (-) TimerEvent: {}
[10.577117] (rov_mujoco_sim) StdoutLine: {'line': b'[100%] \x1b[32m\x1b[1mLinking CXX executable rov_mujoco_sim_direct\x1b[0m\n'}
[10.625021] (-) TimerEvent: {}
[10.725291] (-) TimerEvent: {}
[10.825604] (-) TimerEvent: {}
[10.925896] (-) TimerEvent: {}
[11.026273] (-) TimerEvent: {}
[11.120542] (rov_mujoco_sim) StdoutLine: {'line': b'[100%] Built target rov_mujoco_sim_direct\n'}
[11.126366] (-) TimerEvent: {}
[11.133016] (rov_mujoco_sim) CommandEnded: {'returncode': 0}
[11.133756] (rov_mujoco_sim) JobProgress: {'identifier': 'rov_mujoco_sim', 'progress': 'install'}
[11.134307] (rov_mujoco_sim) Command: {'cmd': ['/usr/bin/cmake', '--install', '/rov_ws/build/rov_mujoco_sim'], 'cwd': '/rov_ws/build/rov_mujoco_sim', 'env': OrderedDict([('HOSTNAME', 'eia-Precision-3551'), ('GIT_ASKPASS', '/vscode/vscode-server/bin/linux-x64/e3550cfac4b63ca4eafca7b601f0d2885817fd1f/extensions/git/dist/askpass.sh'), ('SHLVL', '2'), ('LD_LIBRARY_PATH', '/opt/ros/humble/opt/rviz_ogre_vendor/lib:/opt/ros/humble/lib/x86_64-linux-gnu:/opt/ros/humble/lib'), ('BROWSER', '/vscode/vscode-server/bin/linux-x64/e3550cfac4b63ca4eafca7b601f0d2885817fd1f/bin/helpers/browser.sh'), ('HOME', '/home/ubuntu'), ('TERM_PROGRAM_VERSION', '1.103.0'), ('VSCODE_IPC_HOOK_CLI', '/tmp/vscode-ipc-0f4d0b56-5830-4b28-b99e-ab46b959e9b9.sock'), ('ROS_PYTHON_VERSION', '3'), ('VSCODE_GIT_ASKPASS_MAIN', '/vscode/vscode-server/bin/linux-x64/e3550cfac4b63ca4eafca7b601f0d2885817fd1f/extensions/git/dist/askpass-main.js'), ('VSCODE_GIT_ASKPASS_NODE', '/vscode/vscode-server/bin/linux-x64/e3550cfac4b63ca4eafca7b601f0d2885817fd1f/node'), ('COLORTERM', 'truecolor'), ('REMOTE_CONTAINERS', 'true'), ('WAYLAND_DISPLAY', 'vscode-wayland-9b36fea6-7768-4158-960d-8ca15a6d6d4c.sock'), ('ROS_DISTRO', 'humble'), ('REMOTE_CONTAINERS_IPC', '/tmp/vscode-remote-containers-ipc-bb68276b-3e3f-45d5-982c-d4a5434507c2.sock'), ('_', '/usr/bin/colcon'), ('ROS_VERSION', '2'), ('TERM', 'xterm-256color'), ('ROS_LOCALHOST_ONLY', '0'), ('PATH', '/vscode/vscode-server/bin/linux-x64/e3550cfac4b63ca4eafca7b601f0d2885817fd1f/bin/remote-cli:/opt/ros/humble/bin:/usr/local/sbin:/usr/local/bin:/usr/sbin:/usr/bin:/sbin:/bin'), ('XDG_RUNTIME_DIR', '/tmp/user/1000'), ('REMOTE_CONTAINERS_SOCKETS', '["/tmp/vscode-ssh-auth-bb68276b-3e3f-45d5-982c-d4a5434507c2.sock","/tmp/.X11-unix/X0","/home/ubuntu/.gnupg/S.gpg-agent"]'), ('DISPLAY', ':0'), ('LANG', 'C.UTF-8'), ('LS_COLORS', 'rs=0:di=01;34:ln=01;36:mh=00:pi=40;33:so=01;35:do=01;35:bd=40;33;01:cd=40;33;01:or=40;31;01:mi=00:su=37;41:sg=30;43:ca=30;41:tw=30;42:ow=34;42:st=37;44:ex=01;32:*.tar=01;31:*.tgz=01;31:*.arc=01;31:*.arj=01;31:*.taz=01;31:*.lha=01;31:*.lz4=01;31:*.lzh=01;31:*.lzma=01;31:*.tlz=01;31:*.txz=01;31:*.tzo=01;31:*.t7z=01;31:*.zip=01;31:*.z=01;31:*.dz=01;31:*.gz=01;31:*.lrz=01;31:*.lz=01;31:*.lzo=01;31:*.xz=01;31:*.zst=01;31:*.tzst=01;31:*.bz2=01;31:*.bz=01;31:*.tbz=01;31:*.tbz2=01;31:*.tz=01;31:*.deb=01;31:*.rpm=01;31:*.jar=01;31:*.war=01;31:*.ear=01;31:*.sar=01;31:*.rar=01;31:*.alz=01;31:*.ace=01;31:*.zoo=01;31:*.cpio=01;31:*.7z=01;31:*.rz=01;31:*.cab=01;31:*.wim=01;31:*.swm=01;31:*.dwm=01;31:*.esd=01;31:*.jpg=01;35:*.jpeg=01;35:*.mjpg=01;35:*.mjpeg=01;35:*.gif=01;35:*.bmp=01;35:*.pbm=01;35:*.pgm=01;35:*.ppm=01;35:*.tga=01;35:*.xbm=01;35:*.xpm=01;35:*.tif=01;35:*.tiff=01;35:*.png=01;35:*.svg=01;35:*.svgz=01;35:*.mng=01;35:*.pcx=01;35:*.mov=01;35:*.mpg=01;35:*.mpeg=01;35:*.m2v=01;35:*.mkv=01;35:*.webm=01;35:*.webp=01;35:*.ogm=01;35:*.mp4=01;35:*.m4v=01;35:*.mp4v=01;35:*.vob=01;35:*.qt=01;35:*.nuv=01;35:*.wmv=01;35:*.asf=01;35:*.rm=01;35:*.rmvb=01;35:*.flc=01;35:*.avi=01;35:*.fli=01;35:*.flv=01;35:*.gl=01;35:*.dl=01;35:*.xcf=01;35:*.xwd=01;35:*.yuv=01;35:*.cgm=01;35:*.emf=01;35:*.ogv=01;35:*.ogx=01;35:*.aac=00;36:*.au=00;36:*.flac=00;36:*.m4a=00;36:*.mid=00;36:*.midi=00;36:*.mka=00;36:*.mp3=00;36:*.mpc=00;36:*.ogg=00;36:*.ra=00;36:*.wav=00;36:*.oga=00;36:*.opus=00;36:*.spx=00;36:*.xspf=00;36:'), ('VSCODE_GIT_IPC_HANDLE', '/tmp/user/1000/vscode-git-62c058eb99.sock'), ('TERM_PROGRAM', 'vscode'), ('SSH_AUTH_SOCK', '/tmp/vscode-ssh-auth-bb68276b-3e3f-45d5-982c-d4a5434507c2.sock'), ('AMENT_PREFIX_PATH', '/opt/ros/humble'), ('REMOTE_CONTAINERS_DISPLAY_SOCK', '/tmp/.X11-unix/X0'), ('SHELL', '/bin/bash'), ('VSCODE_GIT_ASKPASS_EXTRA_ARGS', ''), ('PWD', '/rov_ws/build/rov_mujoco_sim'), ('LC_ALL', 'C.UTF-8'), ('PYTHONPATH', '/opt/ros/humble/lib/python3.10/site-packages:/opt/ros/humble/local/lib/python3.10/dist-packages'), ('COLCON', '1'), ('CMAKE_PREFIX_PATH', '/opt/ros/humble')]), 'shell': False}
[11.142332] (rov_mujoco_sim) StdoutLine: {'line': b'-- Install configuration: ""\n'}
[11.142827] (rov_mujoco_sim) StdoutLine: {'line': b'-- Execute custom install script\n'}
[11.143100] (rov_mujoco_sim) StdoutLine: {'line': b'-- Symlinking: /rov_ws/install/rov_mujoco_sim/share/rov_mujoco_sim//rov_hardware_interface.xml\n'}
[11.152345] (rov_mujoco_sim) StdoutLine: {'line': b'-- Symlinking: /rov_ws/install/rov_mujoco_sim/lib/librov_mujoco_sim.so\n'}
[11.162612] (rov_mujoco_sim) StdoutLine: {'line': b'-- Symlinking: /rov_ws/install/rov_mujoco_sim/include/include/rov_sim/mujoco_interface.hpp\n'}
[11.171948] (rov_mujoco_sim) StdoutLine: {'line': b'-- Symlinking: /rov_ws/install/rov_mujoco_sim/include/include/rov_sim/mujoco_sim_interface.hpp\n'}
[11.181642] (rov_mujoco_sim) StdoutLine: {'line': b'-- Symlinking: /rov_ws/install/rov_mujoco_sim/share/rov_mujoco_sim/environment/library_path.sh\n'}
[11.191138] (rov_mujoco_sim) StdoutLine: {'line': b'-- Symlinking: /rov_ws/install/rov_mujoco_sim/share/rov_mujoco_sim/environment/library_path.dsv\n'}
[11.200354] (rov_mujoco_sim) StdoutLine: {'line': b'-- Symlinking: /rov_ws/install/rov_mujoco_sim/lib/rov_mujoco_sim/rov_mujoco_sim_direct\n'}
[11.208889] (rov_mujoco_sim) StdoutLine: {'line': b'-- Symlinking: /rov_ws/install/rov_mujoco_sim/share/ament_index/resource_index/package_run_dependencies/rov_mujoco_sim\n'}
[11.217104] (rov_mujoco_sim) StdoutLine: {'line': b'-- Symlinking: /rov_ws/install/rov_mujoco_sim/share/ament_index/resource_index/parent_prefix_path/rov_mujoco_sim\n'}
[11.225461] (rov_mujoco_sim) StdoutLine: {'line': b'-- Symlinking: /rov_ws/install/rov_mujoco_sim/share/rov_mujoco_sim/environment/ament_prefix_path.sh\n'}
[11.226453] (-) TimerEvent: {}
[11.233662] (rov_mujoco_sim) StdoutLine: {'line': b'-- Symlinking: /rov_ws/install/rov_mujoco_sim/share/rov_mujoco_sim/environment/ament_prefix_path.dsv\n'}
[11.242104] (rov_mujoco_sim) StdoutLine: {'line': b'-- Symlinking: /rov_ws/install/rov_mujoco_sim/share/rov_mujoco_sim/environment/path.sh\n'}
[11.250528] (rov_mujoco_sim) StdoutLine: {'line': b'-- Symlinking: /rov_ws/install/rov_mujoco_sim/share/rov_mujoco_sim/environment/path.dsv\n'}
[11.258732] (rov_mujoco_sim) StdoutLine: {'line': b'-- Symlinking: /rov_ws/install/rov_mujoco_sim/share/rov_mujoco_sim/local_setup.bash\n'}
[11.266175] (rov_mujoco_sim) StdoutLine: {'line': b'-- Symlinking: /rov_ws/install/rov_mujoco_sim/share/rov_mujoco_sim/local_setup.sh\n'}
[11.273794] (rov_mujoco_sim) StdoutLine: {'line': b'-- Symlinking: /rov_ws/install/rov_mujoco_sim/share/rov_mujoco_sim/local_setup.zsh\n'}
[11.281402] (rov_mujoco_sim) StdoutLine: {'line': b'-- Symlinking: /rov_ws/install/rov_mujoco_sim/share/rov_mujoco_sim/local_setup.dsv\n'}
[11.288911] (rov_mujoco_sim) StdoutLine: {'line': b'-- Symlinking: /rov_ws/install/rov_mujoco_sim/share/rov_mujoco_sim/package.dsv\n'}
[11.296161] (rov_mujoco_sim) StdoutLine: {'line': b'-- Symlinking: /rov_ws/install/rov_mujoco_sim/share/ament_index/resource_index/packages/rov_mujoco_sim\n'}
[11.303441] (rov_mujoco_sim) StdoutLine: {'line': b'-- Symlinking: /rov_ws/install/rov_mujoco_sim/share/ament_index/resource_index/hardware_interface__pluginlib__plugin/rov_mujoco_sim\n'}
[11.310586] (rov_mujoco_sim) StdoutLine: {'line': b'-- Symlinking: /rov_ws/install/rov_mujoco_sim/share/rov_mujoco_sim/cmake/ament_cmake_export_libraries-extras.cmake\n'}
[11.317482] (rov_mujoco_sim) StdoutLine: {'line': b'-- Symlinking: /rov_ws/install/rov_mujoco_sim/share/rov_mujoco_sim/cmake/ament_cmake_export_dependencies-extras.cmake\n'}
[11.324229] (rov_mujoco_sim) StdoutLine: {'line': b'-- Symlinking: /rov_ws/install/rov_mujoco_sim/share/rov_mujoco_sim/cmake/rov_mujoco_simConfig.cmake\n'}
[11.326520] (-) TimerEvent: {}
[11.331458] (rov_mujoco_sim) StdoutLine: {'line': b'-- Symlinking: /rov_ws/install/rov_mujoco_sim/share/rov_mujoco_sim/cmake/rov_mujoco_simConfig-version.cmake\n'}
[11.339119] (rov_mujoco_sim) StdoutLine: {'line': b'-- Symlinking: /rov_ws/install/rov_mujoco_sim/share/rov_mujoco_sim/package.xml\n'}
[11.347630] (rov_mujoco_sim) CommandEnded: {'returncode': 0}
[11.360917] (rov_mujoco_sim) JobEnded: {'identifier': 'rov_mujoco_sim', 'rc': 0}
[11.426619] (-) TimerEvent: {}
[11.526895] (-) TimerEvent: {}
[11.627178] (-) TimerEvent: {}
[11.727444] (-) TimerEvent: {}
[11.827728] (-) TimerEvent: {}
[11.927975] (-) TimerEvent: {}
[12.028269] (-) TimerEvent: {}
[12.128543] (-) TimerEvent: {}
[12.228821] (-) TimerEvent: {}
[12.329138] (-) TimerEvent: {}
[12.429433] (-) TimerEvent: {}
[12.529699] (-) TimerEvent: {}
[12.629947] (-) TimerEvent: {}
[12.730271] (-) TimerEvent: {}
[12.830524] (-) TimerEvent: {}
[12.930746] (-) TimerEvent: {}
[13.031000] (-) TimerEvent: {}
[13.131214] (-) TimerEvent: {}
[13.231436] (-) TimerEvent: {}
[13.331659] (-) TimerEvent: {}
[13.431920] (-) TimerEvent: {}
[13.532177] (-) TimerEvent: {}
[13.632398] (-) TimerEvent: {}
[13.732655] (-) TimerEvent: {}
[13.832920] (-) TimerEvent: {}
[13.933183] (-) TimerEvent: {}
[14.033440] (-) TimerEvent: {}
[14.133699] (-) TimerEvent: {}
[14.233955] (-) TimerEvent: {}
[14.334215] (-) TimerEvent: {}
[14.434473] (-) TimerEvent: {}
[14.534729] (-) TimerEvent: {}
[14.634987] (-) TimerEvent: {}
[14.735210] (-) TimerEvent: {}
[14.835433] (-) TimerEvent: {}
[14.935653] (-) TimerEvent: {}
[15.035906] (-) TimerEvent: {}
[15.136171] (-) TimerEvent: {}
[15.236432] (-) TimerEvent: {}
[15.336685] (-) TimerEvent: {}
[15.436948] (-) TimerEvent: {}
[15.537206] (-) TimerEvent: {}
[15.637464] (-) TimerEvent: {}
[15.737687] (-) TimerEvent: {}
[15.837943] (-) TimerEvent: {}
[15.938203] (-) TimerEvent: {}
[16.038461] (-) TimerEvent: {}
[16.138721] (-) TimerEvent: {}
[16.238983] (-) TimerEvent: {}
[16.339241] (-) TimerEvent: {}
[16.439465] (-) TimerEvent: {}
[16.539722] (-) TimerEvent: {}
[16.639982] (-) TimerEvent: {}
[16.740242] (-) TimerEvent: {}
[16.840503] (-) TimerEvent: {}
[16.940743] (-) TimerEvent: {}
[17.041003] (-) TimerEvent: {}
[17.141237] (-) TimerEvent: {}
[17.241455] (-) TimerEvent: {}
[17.341719] (-) TimerEvent: {}
[17.441989] (-) TimerEvent: {}
[17.542211] (-) TimerEvent: {}
[17.642468] (-) TimerEvent: {}
[17.742736] (-) TimerEvent: {}
[17.843006] (-) TimerEvent: {}
[17.943296] (-) TimerEvent: {}
[18.043610] (-) TimerEvent: {}
[18.143890] (-) TimerEvent: {}
[18.226714] (rov_controllers) StdoutLine: {'line': b'[100%] \x1b[32m\x1b[1mLinking CXX shared library librov_controllers.so\x1b[0m\n'}
[18.244013] (-) TimerEvent: {}
[18.344283] (-) TimerEvent: {}
[18.444691] (-) TimerEvent: {}
[18.544964] (-) TimerEvent: {}
[18.645218] (-) TimerEvent: {}
[18.745485] (-) TimerEvent: {}
[18.845757] (-) TimerEvent: {}
[18.946037] (-) TimerEvent: {}
[18.982995] (rov_controllers) StdoutLine: {'line': b'[100%] Built target rov_controllers\n'}
[18.994926] (rov_controllers) CommandEnded: {'returncode': 0}
[18.995456] (rov_controllers) JobProgress: {'identifier': 'rov_controllers', 'progress': 'install'}
[18.995789] (rov_controllers) Command: {'cmd': ['/usr/bin/cmake', '--install', '/rov_ws/build/rov_controllers'], 'cwd': '/rov_ws/build/rov_controllers', 'env': OrderedDict([('HOSTNAME', 'eia-Precision-3551'), ('GIT_ASKPASS', '/vscode/vscode-server/bin/linux-x64/e3550cfac4b63ca4eafca7b601f0d2885817fd1f/extensions/git/dist/askpass.sh'), ('SHLVL', '2'), ('LD_LIBRARY_PATH', '/opt/ros/humble/opt/rviz_ogre_vendor/lib:/opt/ros/humble/lib/x86_64-linux-gnu:/opt/ros/humble/lib'), ('BROWSER', '/vscode/vscode-server/bin/linux-x64/e3550cfac4b63ca4eafca7b601f0d2885817fd1f/bin/helpers/browser.sh'), ('HOME', '/home/ubuntu'), ('TERM_PROGRAM_VERSION', '1.103.0'), ('VSCODE_IPC_HOOK_CLI', '/tmp/vscode-ipc-0f4d0b56-5830-4b28-b99e-ab46b959e9b9.sock'), ('ROS_PYTHON_VERSION', '3'), ('VSCODE_GIT_ASKPASS_MAIN', '/vscode/vscode-server/bin/linux-x64/e3550cfac4b63ca4eafca7b601f0d2885817fd1f/extensions/git/dist/askpass-main.js'), ('VSCODE_GIT_ASKPASS_NODE', '/vscode/vscode-server/bin/linux-x64/e3550cfac4b63ca4eafca7b601f0d2885817fd1f/node'), ('COLORTERM', 'truecolor'), ('REMOTE_CONTAINERS', 'true'), ('WAYLAND_DISPLAY', 'vscode-wayland-9b36fea6-7768-4158-960d-8ca15a6d6d4c.sock'), ('ROS_DISTRO', 'humble'), ('REMOTE_CONTAINERS_IPC', '/tmp/vscode-remote-containers-ipc-bb68276b-3e3f-45d5-982c-d4a5434507c2.sock'), ('_', '/usr/bin/colcon'), ('ROS_VERSION', '2'), ('TERM', 'xterm-256color'), ('ROS_LOCALHOST_ONLY', '0'), ('PATH', '/vscode/vscode-server/bin/linux-x64/e3550cfac4b63ca4eafca7b601f0d2885817fd1f/bin/remote-cli:/opt/ros/humble/bin:/usr/local/sbin:/usr/local/bin:/usr/sbin:/usr/bin:/sbin:/bin'), ('XDG_RUNTIME_DIR', '/tmp/user/1000'), ('REMOTE_CONTAINERS_SOCKETS', '["/tmp/vscode-ssh-auth-bb68276b-3e3f-45d5-982c-d4a5434507c2.sock","/tmp/.X11-unix/X0","/home/ubuntu/.gnupg/S.gpg-agent"]'), ('DISPLAY', ':0'), ('LANG', 'C.UTF-8'), ('LS_COLORS', 'rs=0:di=01;34:ln=01;36:mh=00:pi=40;33:so=01;35:do=01;35:bd=40;33;01:cd=40;33;01:or=40;31;01:mi=00:su=37;41:sg=30;43:ca=30;41:tw=30;42:ow=34;42:st=37;44:ex=01;32:*.tar=01;31:*.tgz=01;31:*.arc=01;31:*.arj=01;31:*.taz=01;31:*.lha=01;31:*.lz4=01;31:*.lzh=01;31:*.lzma=01;31:*.tlz=01;31:*.txz=01;31:*.tzo=01;31:*.t7z=01;31:*.zip=01;31:*.z=01;31:*.dz=01;31:*.gz=01;31:*.lrz=01;31:*.lz=01;31:*.lzo=01;31:*.xz=01;31:*.zst=01;31:*.tzst=01;31:*.bz2=01;31:*.bz=01;31:*.tbz=01;31:*.tbz2=01;31:*.tz=01;31:*.deb=01;31:*.rpm=01;31:*.jar=01;31:*.war=01;31:*.ear=01;31:*.sar=01;31:*.rar=01;31:*.alz=01;31:*.ace=01;31:*.zoo=01;31:*.cpio=01;31:*.7z=01;31:*.rz=01;31:*.cab=01;31:*.wim=01;31:*.swm=01;31:*.dwm=01;31:*.esd=01;31:*.jpg=01;35:*.jpeg=01;35:*.mjpg=01;35:*.mjpeg=01;35:*.gif=01;35:*.bmp=01;35:*.pbm=01;35:*.pgm=01;35:*.ppm=01;35:*.tga=01;35:*.xbm=01;35:*.xpm=01;35:*.tif=01;35:*.tiff=01;35:*.png=01;35:*.svg=01;35:*.svgz=01;35:*.mng=01;35:*.pcx=01;35:*.mov=01;35:*.mpg=01;35:*.mpeg=01;35:*.m2v=01;35:*.mkv=01;35:*.webm=01;35:*.webp=01;35:*.ogm=01;35:*.mp4=01;35:*.m4v=01;35:*.mp4v=01;35:*.vob=01;35:*.qt=01;35:*.nuv=01;35:*.wmv=01;35:*.asf=01;35:*.rm=01;35:*.rmvb=01;35:*.flc=01;35:*.avi=01;35:*.fli=01;35:*.flv=01;35:*.gl=01;35:*.dl=01;35:*.xcf=01;35:*.xwd=01;35:*.yuv=01;35:*.cgm=01;35:*.emf=01;35:*.ogv=01;35:*.ogx=01;35:*.aac=00;36:*.au=00;36:*.flac=00;36:*.m4a=00;36:*.mid=00;36:*.midi=00;36:*.mka=00;36:*.mp3=00;36:*.mpc=00;36:*.ogg=00;36:*.ra=00;36:*.wav=00;36:*.oga=00;36:*.opus=00;36:*.spx=00;36:*.xspf=00;36:'), ('VSCODE_GIT_IPC_HANDLE', '/tmp/user/1000/vscode-git-62c058eb99.sock'), ('TERM_PROGRAM', 'vscode'), ('SSH_AUTH_SOCK', '/tmp/vscode-ssh-auth-bb68276b-3e3f-45d5-982c-d4a5434507c2.sock'), ('AMENT_PREFIX_PATH', '/opt/ros/humble'), ('REMOTE_CONTAINERS_DISPLAY_SOCK', '/tmp/.X11-unix/X0'), ('SHELL', '/bin/bash'), ('VSCODE_GIT_ASKPASS_EXTRA_ARGS', ''), ('PWD', '/rov_ws/build/rov_controllers'), ('LC_ALL', 'C.UTF-8'), ('PYTHONPATH', '/opt/ros/humble/lib/python3.10/site-packages:/opt/ros/humble/local/lib/python3.10/dist-packages'), ('COLCON', '1'), ('CMAKE_PREFIX_PATH', '/opt/ros/humble')]), 'shell': False}
[19.001990] (rov_controllers) StdoutLine: {'line': b'-- Install configuration: ""\n'}
[19.002420] (rov_controllers) StdoutLine: {'line': b'-- Execute custom install script\n'}
[19.002611] (rov_controllers) StdoutLine: {'line': b'-- Symlinking: /rov_ws/install/rov_controllers/share/rov_controllers//rov_controller.xml\n'}
[19.010595] (rov_controllers) StdoutLine: {'line': b'-- Symlinking: /rov_ws/install/rov_controllers/lib/librov_controllers.so\n'}
[19.017581] (rov_controllers) StdoutLine: {'line': b'-- Symlinking: /rov_ws/install/rov_controllers/include/include/rov_controllers/rov_forward_controller.hpp\n'}
[19.024068] (rov_controllers) StdoutLine: {'line': b'-- Symlinking: /rov_ws/install/rov_controllers/share/rov_controllers/environment/library_path.sh\n'}
[19.030411] (rov_controllers) StdoutLine: {'line': b'-- Symlinking: /rov_ws/install/rov_controllers/share/rov_controllers/environment/library_path.dsv\n'}
[19.036944] (rov_controllers) StdoutLine: {'line': b'-- Symlinking: /rov_ws/install/rov_controllers/share/ament_index/resource_index/package_run_dependencies/rov_controllers\n'}
[19.043468] (rov_controllers) StdoutLine: {'line': b'-- Symlinking: /rov_ws/install/rov_controllers/share/ament_index/resource_index/parent_prefix_path/rov_controllers\n'}
[19.046138] (-) TimerEvent: {}
[19.049898] (rov_controllers) StdoutLine: {'line': b'-- Symlinking: /rov_ws/install/rov_controllers/share/rov_controllers/environment/ament_prefix_path.sh\n'}
[19.057309] (rov_controllers) StdoutLine: {'line': b'-- Symlinking: /rov_ws/install/rov_controllers/share/rov_controllers/environment/ament_prefix_path.dsv\n'}
[19.065561] (rov_controllers) StdoutLine: {'line': b'-- Symlinking: /rov_ws/install/rov_controllers/share/rov_controllers/environment/path.sh\n'}
[19.072197] (rov_controllers) StdoutLine: {'line': b'-- Symlinking: /rov_ws/install/rov_controllers/share/rov_controllers/environment/path.dsv\n'}
[19.079251] (rov_controllers) StdoutLine: {'line': b'-- Symlinking: /rov_ws/install/rov_controllers/share/rov_controllers/local_setup.bash\n'}
[19.085925] (rov_controllers) StdoutLine: {'line': b'-- Symlinking: /rov_ws/install/rov_controllers/share/rov_controllers/local_setup.sh\n'}
[19.092589] (rov_controllers) StdoutLine: {'line': b'-- Symlinking: /rov_ws/install/rov_controllers/share/rov_controllers/local_setup.zsh\n'}
[19.099171] (rov_controllers) StdoutLine: {'line': b'-- Symlinking: /rov_ws/install/rov_controllers/share/rov_controllers/local_setup.dsv\n'}
[19.105686] (rov_controllers) StdoutLine: {'line': b'-- Symlinking: /rov_ws/install/rov_controllers/share/rov_controllers/package.dsv\n'}
[19.112555] (rov_controllers) StdoutLine: {'line': b'-- Symlinking: /rov_ws/install/rov_controllers/share/ament_index/resource_index/packages/rov_controllers\n'}
[19.119249] (rov_controllers) StdoutLine: {'line': b'-- Symlinking: /rov_ws/install/rov_controllers/share/ament_index/resource_index/controller_interface__pluginlib__plugin/rov_controllers\n'}
[19.125794] (rov_controllers) StdoutLine: {'line': b'-- Symlinking: /rov_ws/install/rov_controllers/share/rov_controllers/cmake/ament_cmake_export_libraries-extras.cmake\n'}
[19.132415] (rov_controllers) StdoutLine: {'line': b'-- Symlinking: /rov_ws/install/rov_controllers/share/rov_controllers/cmake/ament_cmake_export_dependencies-extras.cmake\n'}
[19.139000] (rov_controllers) StdoutLine: {'line': b'-- Symlinking: /rov_ws/install/rov_controllers/share/rov_controllers/cmake/rov_controllersConfig.cmake\n'}
[19.145423] (rov_controllers) StdoutLine: {'line': b'-- Symlinking: /rov_ws/install/rov_controllers/share/rov_controllers/cmake/rov_controllersConfig-version.cmake\n'}
[19.146200] (-) TimerEvent: {}
[19.151928] (rov_controllers) StdoutLine: {'line': b'-- Symlinking: /rov_ws/install/rov_controllers/share/rov_controllers/package.xml\n'}
[19.160786] (rov_controllers) CommandEnded: {'returncode': 0}
[19.173976] (rov_controllers) JobEnded: {'identifier': 'rov_controllers', 'rc': 0}
[19.174585] (-) EventReactorShutdown: {}
