[0.144s] DEBUG:colcon:Command line arguments: ['/home/eia/.local/bin/colcon', 'build', '--symlink-install']
[0.144s] DEBUG:colcon:Parsed command line arguments: Namespace(log_base=None, log_level=None, verb_name='build', build_base='build', install_base='install', merge_install=False, symlink_install=True, test_result_base=None, continue_on_error=False, executor='parallel', parallel_workers=12, event_handlers=None, ignore_user_meta=False, metas=['./colcon.meta'], base_paths=['.'], packages_ignore=None, packages_ignore_regex=None, paths=None, packages_up_to=None, packages_up_to_regex=None, packages_above=None, packages_above_and_dependencies=None, packages_above_depth=None, packages_select_by_dep=None, packages_skip_by_dep=None, packages_skip_up_to=None, packages_select_build_failed=False, packages_skip_build_finished=False, packages_select_test_failures=False, packages_skip_test_passed=False, packages_select=None, packages_skip=None, packages_select_regex=None, packages_skip_regex=None, packages_start=None, packages_end=None, allow_overriding=[], cmake_args=None, cmake_target=None, cmake_target_skip_unavailable=False, cmake_clean_cache=False, cmake_clean_first=False, cmake_force_configure=False, ament_cmake_args=None, catkin_cmake_args=None, catkin_skip_building_tests=False, mixin_files=None, mixin=None, verb_parser=<colcon_mixin.mixin.mixin_argument.MixinArgumentDecorator object at 0x781ce914a8c0>, verb_extension=<colcon_core.verb.build.BuildVerb object at 0x781ce910c070>, main=<bound method BuildVerb.main of <colcon_core.verb.build.BuildVerb object at 0x781ce910c070>>, mixin_verb=('build',))
[0.333s] Level 1:colcon.colcon_core.package_discovery:discover_packages(colcon_meta) check parameters
[0.333s] Level 1:colcon.colcon_core.package_discovery:discover_packages(recursive) check parameters
[0.333s] Level 1:colcon.colcon_core.package_discovery:discover_packages(ignore) check parameters
[0.333s] Level 1:colcon.colcon_core.package_discovery:discover_packages(path) check parameters
[0.333s] Level 1:colcon.colcon_core.package_discovery:discover_packages(colcon_meta) discover
[0.333s] Level 1:colcon.colcon_core.package_discovery:discover_packages(recursive) discover
[0.333s] INFO:colcon.colcon_core.package_discovery:Crawling recursively for packages in '/home/eia/rbi_2025/rov/rov_ws'
[0.334s] Level 1:colcon.colcon_core.package_identification:_identify(.) by extensions ['ignore', 'ignore_ament_install']
[0.334s] Level 1:colcon.colcon_core.package_identification:_identify(.) by extension 'ignore'
[0.334s] Level 1:colcon.colcon_core.package_identification:_identify(.) by extension 'ignore_ament_install'
[0.334s] Level 1:colcon.colcon_core.package_identification:_identify(.) by extensions ['colcon_pkg']
[0.334s] Level 1:colcon.colcon_core.package_identification:_identify(.) by extension 'colcon_pkg'
[0.334s] Level 1:colcon.colcon_core.package_identification:_identify(.) by extensions ['colcon_meta']
[0.334s] Level 1:colcon.colcon_core.package_identification:_identify(.) by extension 'colcon_meta'
[0.334s] Level 1:colcon.colcon_core.package_identification:_identify(.) by extensions ['ros']
[0.334s] Level 1:colcon.colcon_core.package_identification:_identify(.) by extension 'ros'
[0.355s] Level 1:colcon.colcon_core.package_identification:_identify(.) by extensions ['cmake', 'python']
[0.355s] Level 1:colcon.colcon_core.package_identification:_identify(.) by extension 'cmake'
[0.355s] Level 1:colcon.colcon_core.package_identification:_identify(.) by extension 'python'
[0.355s] Level 1:colcon.colcon_core.package_identification:_identify(.) by extensions ['python_setup_py']
[0.355s] Level 1:colcon.colcon_core.package_identification:_identify(.) by extension 'python_setup_py'
[0.356s] Level 1:colcon.colcon_core.package_identification:_identify(build) by extensions ['ignore', 'ignore_ament_install']
[0.356s] Level 1:colcon.colcon_core.package_identification:_identify(build) by extension 'ignore'
[0.356s] Level 1:colcon.colcon_core.package_identification:_identify(build) ignored
[0.356s] Level 1:colcon.colcon_core.package_identification:_identify(install) by extensions ['ignore', 'ignore_ament_install']
[0.356s] Level 1:colcon.colcon_core.package_identification:_identify(install) by extension 'ignore'
[0.356s] Level 1:colcon.colcon_core.package_identification:_identify(install) ignored
[0.356s] Level 1:colcon.colcon_core.package_identification:_identify(log) by extensions ['ignore', 'ignore_ament_install']
[0.356s] Level 1:colcon.colcon_core.package_identification:_identify(log) by extension 'ignore'
[0.356s] Level 1:colcon.colcon_core.package_identification:_identify(log) ignored
[0.356s] Level 1:colcon.colcon_core.package_identification:_identify(mujoco) by extensions ['ignore', 'ignore_ament_install']
[0.356s] Level 1:colcon.colcon_core.package_identification:_identify(mujoco) by extension 'ignore'
[0.356s] Level 1:colcon.colcon_core.package_identification:_identify(mujoco) by extension 'ignore_ament_install'
[0.356s] Level 1:colcon.colcon_core.package_identification:_identify(mujoco) by extensions ['colcon_pkg']
[0.357s] Level 1:colcon.colcon_core.package_identification:_identify(mujoco) by extension 'colcon_pkg'
[0.357s] Level 1:colcon.colcon_core.package_identification:_identify(mujoco) by extensions ['colcon_meta']
[0.357s] Level 1:colcon.colcon_core.package_identification:_identify(mujoco) by extension 'colcon_meta'
[0.357s] Level 1:colcon.colcon_core.package_identification:_identify(mujoco) by extensions ['ros']
[0.357s] Level 1:colcon.colcon_core.package_identification:_identify(mujoco) by extension 'ros'
[0.357s] Level 1:colcon.colcon_core.package_identification:_identify(mujoco) by extensions ['cmake', 'python']
[0.357s] Level 1:colcon.colcon_core.package_identification:_identify(mujoco) by extension 'cmake'
[0.357s] Level 1:colcon.colcon_core.package_identification:_identify(mujoco) by extension 'python'
[0.357s] Level 1:colcon.colcon_core.package_identification:_identify(mujoco) by extensions ['python_setup_py']
[0.357s] Level 1:colcon.colcon_core.package_identification:_identify(mujoco) by extension 'python_setup_py'
[0.357s] Level 1:colcon.colcon_core.package_identification:_identify(mujoco/bin) by extensions ['ignore', 'ignore_ament_install']
[0.357s] Level 1:colcon.colcon_core.package_identification:_identify(mujoco/bin) by extension 'ignore'
[0.357s] Level 1:colcon.colcon_core.package_identification:_identify(mujoco/bin) by extension 'ignore_ament_install'
[0.357s] Level 1:colcon.colcon_core.package_identification:_identify(mujoco/bin) by extensions ['colcon_pkg']
[0.357s] Level 1:colcon.colcon_core.package_identification:_identify(mujoco/bin) by extension 'colcon_pkg'
[0.357s] Level 1:colcon.colcon_core.package_identification:_identify(mujoco/bin) by extensions ['colcon_meta']
[0.357s] Level 1:colcon.colcon_core.package_identification:_identify(mujoco/bin) by extension 'colcon_meta'
[0.357s] Level 1:colcon.colcon_core.package_identification:_identify(mujoco/bin) by extensions ['ros']
[0.357s] Level 1:colcon.colcon_core.package_identification:_identify(mujoco/bin) by extension 'ros'
[0.357s] Level 1:colcon.colcon_core.package_identification:_identify(mujoco/bin) by extensions ['cmake', 'python']
[0.357s] Level 1:colcon.colcon_core.package_identification:_identify(mujoco/bin) by extension 'cmake'
[0.357s] Level 1:colcon.colcon_core.package_identification:_identify(mujoco/bin) by extension 'python'
[0.358s] Level 1:colcon.colcon_core.package_identification:_identify(mujoco/bin) by extensions ['python_setup_py']
[0.358s] Level 1:colcon.colcon_core.package_identification:_identify(mujoco/bin) by extension 'python_setup_py'
[0.358s] Level 1:colcon.colcon_core.package_identification:_identify(mujoco/bin/mujoco_plugin) by extensions ['ignore', 'ignore_ament_install']
[0.358s] Level 1:colcon.colcon_core.package_identification:_identify(mujoco/bin/mujoco_plugin) by extension 'ignore'
[0.358s] Level 1:colcon.colcon_core.package_identification:_identify(mujoco/bin/mujoco_plugin) by extension 'ignore_ament_install'
[0.358s] Level 1:colcon.colcon_core.package_identification:_identify(mujoco/bin/mujoco_plugin) by extensions ['colcon_pkg']
[0.358s] Level 1:colcon.colcon_core.package_identification:_identify(mujoco/bin/mujoco_plugin) by extension 'colcon_pkg'
[0.358s] Level 1:colcon.colcon_core.package_identification:_identify(mujoco/bin/mujoco_plugin) by extensions ['colcon_meta']
[0.358s] Level 1:colcon.colcon_core.package_identification:_identify(mujoco/bin/mujoco_plugin) by extension 'colcon_meta'
[0.358s] Level 1:colcon.colcon_core.package_identification:_identify(mujoco/bin/mujoco_plugin) by extensions ['ros']
[0.358s] Level 1:colcon.colcon_core.package_identification:_identify(mujoco/bin/mujoco_plugin) by extension 'ros'
[0.358s] Level 1:colcon.colcon_core.package_identification:_identify(mujoco/bin/mujoco_plugin) by extensions ['cmake', 'python']
[0.358s] Level 1:colcon.colcon_core.package_identification:_identify(mujoco/bin/mujoco_plugin) by extension 'cmake'
[0.358s] Level 1:colcon.colcon_core.package_identification:_identify(mujoco/bin/mujoco_plugin) by extension 'python'
[0.358s] Level 1:colcon.colcon_core.package_identification:_identify(mujoco/bin/mujoco_plugin) by extensions ['python_setup_py']
[0.358s] Level 1:colcon.colcon_core.package_identification:_identify(mujoco/bin/mujoco_plugin) by extension 'python_setup_py'
[0.358s] Level 1:colcon.colcon_core.package_identification:_identify(mujoco/include) by extensions ['ignore', 'ignore_ament_install']
[0.358s] Level 1:colcon.colcon_core.package_identification:_identify(mujoco/include) by extension 'ignore'
[0.358s] Level 1:colcon.colcon_core.package_identification:_identify(mujoco/include) by extension 'ignore_ament_install'
[0.359s] Level 1:colcon.colcon_core.package_identification:_identify(mujoco/include) by extensions ['colcon_pkg']
[0.359s] Level 1:colcon.colcon_core.package_identification:_identify(mujoco/include) by extension 'colcon_pkg'
[0.359s] Level 1:colcon.colcon_core.package_identification:_identify(mujoco/include) by extensions ['colcon_meta']
[0.359s] Level 1:colcon.colcon_core.package_identification:_identify(mujoco/include) by extension 'colcon_meta'
[0.359s] Level 1:colcon.colcon_core.package_identification:_identify(mujoco/include) by extensions ['ros']
[0.359s] Level 1:colcon.colcon_core.package_identification:_identify(mujoco/include) by extension 'ros'
[0.359s] Level 1:colcon.colcon_core.package_identification:_identify(mujoco/include) by extensions ['cmake', 'python']
[0.359s] Level 1:colcon.colcon_core.package_identification:_identify(mujoco/include) by extension 'cmake'
[0.359s] Level 1:colcon.colcon_core.package_identification:_identify(mujoco/include) by extension 'python'
[0.359s] Level 1:colcon.colcon_core.package_identification:_identify(mujoco/include) by extensions ['python_setup_py']
[0.359s] Level 1:colcon.colcon_core.package_identification:_identify(mujoco/include) by extension 'python_setup_py'
[0.359s] Level 1:colcon.colcon_core.package_identification:_identify(mujoco/include/mujoco) by extensions ['ignore', 'ignore_ament_install']
[0.359s] Level 1:colcon.colcon_core.package_identification:_identify(mujoco/include/mujoco) by extension 'ignore'
[0.359s] Level 1:colcon.colcon_core.package_identification:_identify(mujoco/include/mujoco) by extension 'ignore_ament_install'
[0.359s] Level 1:colcon.colcon_core.package_identification:_identify(mujoco/include/mujoco) by extensions ['colcon_pkg']
[0.359s] Level 1:colcon.colcon_core.package_identification:_identify(mujoco/include/mujoco) by extension 'colcon_pkg'
[0.359s] Level 1:colcon.colcon_core.package_identification:_identify(mujoco/include/mujoco) by extensions ['colcon_meta']
[0.359s] Level 1:colcon.colcon_core.package_identification:_identify(mujoco/include/mujoco) by extension 'colcon_meta'
[0.359s] Level 1:colcon.colcon_core.package_identification:_identify(mujoco/include/mujoco) by extensions ['ros']
[0.359s] Level 1:colcon.colcon_core.package_identification:_identify(mujoco/include/mujoco) by extension 'ros'
[0.359s] Level 1:colcon.colcon_core.package_identification:_identify(mujoco/include/mujoco) by extensions ['cmake', 'python']
[0.359s] Level 1:colcon.colcon_core.package_identification:_identify(mujoco/include/mujoco) by extension 'cmake'
[0.360s] Level 1:colcon.colcon_core.package_identification:_identify(mujoco/include/mujoco) by extension 'python'
[0.360s] Level 1:colcon.colcon_core.package_identification:_identify(mujoco/include/mujoco) by extensions ['python_setup_py']
[0.360s] Level 1:colcon.colcon_core.package_identification:_identify(mujoco/include/mujoco) by extension 'python_setup_py'
[0.360s] Level 1:colcon.colcon_core.package_identification:_identify(mujoco/include/mujoco/experimental) by extensions ['ignore', 'ignore_ament_install']
[0.360s] Level 1:colcon.colcon_core.package_identification:_identify(mujoco/include/mujoco/experimental) by extension 'ignore'
[0.360s] Level 1:colcon.colcon_core.package_identification:_identify(mujoco/include/mujoco/experimental) by extension 'ignore_ament_install'
[0.360s] Level 1:colcon.colcon_core.package_identification:_identify(mujoco/include/mujoco/experimental) by extensions ['colcon_pkg']
[0.360s] Level 1:colcon.colcon_core.package_identification:_identify(mujoco/include/mujoco/experimental) by extension 'colcon_pkg'
[0.360s] Level 1:colcon.colcon_core.package_identification:_identify(mujoco/include/mujoco/experimental) by extensions ['colcon_meta']
[0.360s] Level 1:colcon.colcon_core.package_identification:_identify(mujoco/include/mujoco/experimental) by extension 'colcon_meta'
[0.360s] Level 1:colcon.colcon_core.package_identification:_identify(mujoco/include/mujoco/experimental) by extensions ['ros']
[0.360s] Level 1:colcon.colcon_core.package_identification:_identify(mujoco/include/mujoco/experimental) by extension 'ros'
[0.360s] Level 1:colcon.colcon_core.package_identification:_identify(mujoco/include/mujoco/experimental) by extensions ['cmake', 'python']
[0.360s] Level 1:colcon.colcon_core.package_identification:_identify(mujoco/include/mujoco/experimental) by extension 'cmake'
[0.360s] Level 1:colcon.colcon_core.package_identification:_identify(mujoco/include/mujoco/experimental) by extension 'python'
[0.360s] Level 1:colcon.colcon_core.package_identification:_identify(mujoco/include/mujoco/experimental) by extensions ['python_setup_py']
[0.360s] Level 1:colcon.colcon_core.package_identification:_identify(mujoco/include/mujoco/experimental) by extension 'python_setup_py'
[0.360s] Level 1:colcon.colcon_core.package_identification:_identify(mujoco/include/mujoco/experimental/usd) by extensions ['ignore', 'ignore_ament_install']
[0.360s] Level 1:colcon.colcon_core.package_identification:_identify(mujoco/include/mujoco/experimental/usd) by extension 'ignore'
[0.361s] Level 1:colcon.colcon_core.package_identification:_identify(mujoco/include/mujoco/experimental/usd) by extension 'ignore_ament_install'
[0.361s] Level 1:colcon.colcon_core.package_identification:_identify(mujoco/include/mujoco/experimental/usd) by extensions ['colcon_pkg']
[0.361s] Level 1:colcon.colcon_core.package_identification:_identify(mujoco/include/mujoco/experimental/usd) by extension 'colcon_pkg'
[0.361s] Level 1:colcon.colcon_core.package_identification:_identify(mujoco/include/mujoco/experimental/usd) by extensions ['colcon_meta']
[0.361s] Level 1:colcon.colcon_core.package_identification:_identify(mujoco/include/mujoco/experimental/usd) by extension 'colcon_meta'
[0.361s] Level 1:colcon.colcon_core.package_identification:_identify(mujoco/include/mujoco/experimental/usd) by extensions ['ros']
[0.361s] Level 1:colcon.colcon_core.package_identification:_identify(mujoco/include/mujoco/experimental/usd) by extension 'ros'
[0.361s] Level 1:colcon.colcon_core.package_identification:_identify(mujoco/include/mujoco/experimental/usd) by extensions ['cmake', 'python']
[0.361s] Level 1:colcon.colcon_core.package_identification:_identify(mujoco/include/mujoco/experimental/usd) by extension 'cmake'
[0.361s] Level 1:colcon.colcon_core.package_identification:_identify(mujoco/include/mujoco/experimental/usd) by extension 'python'
[0.361s] Level 1:colcon.colcon_core.package_identification:_identify(mujoco/include/mujoco/experimental/usd) by extensions ['python_setup_py']
[0.361s] Level 1:colcon.colcon_core.package_identification:_identify(mujoco/include/mujoco/experimental/usd) by extension 'python_setup_py'
[0.361s] Level 1:colcon.colcon_core.package_identification:_identify(mujoco/include/mujoco/experimental/usd/mjcPhysics) by extensions ['ignore', 'ignore_ament_install']
[0.361s] Level 1:colcon.colcon_core.package_identification:_identify(mujoco/include/mujoco/experimental/usd/mjcPhysics) by extension 'ignore'
[0.361s] Level 1:colcon.colcon_core.package_identification:_identify(mujoco/include/mujoco/experimental/usd/mjcPhysics) by extension 'ignore_ament_install'
[0.361s] Level 1:colcon.colcon_core.package_identification:_identify(mujoco/include/mujoco/experimental/usd/mjcPhysics) by extensions ['colcon_pkg']
[0.361s] Level 1:colcon.colcon_core.package_identification:_identify(mujoco/include/mujoco/experimental/usd/mjcPhysics) by extension 'colcon_pkg'
[0.361s] Level 1:colcon.colcon_core.package_identification:_identify(mujoco/include/mujoco/experimental/usd/mjcPhysics) by extensions ['colcon_meta']
[0.361s] Level 1:colcon.colcon_core.package_identification:_identify(mujoco/include/mujoco/experimental/usd/mjcPhysics) by extension 'colcon_meta'
[0.361s] Level 1:colcon.colcon_core.package_identification:_identify(mujoco/include/mujoco/experimental/usd/mjcPhysics) by extensions ['ros']
[0.361s] Level 1:colcon.colcon_core.package_identification:_identify(mujoco/include/mujoco/experimental/usd/mjcPhysics) by extension 'ros'
[0.362s] Level 1:colcon.colcon_core.package_identification:_identify(mujoco/include/mujoco/experimental/usd/mjcPhysics) by extensions ['cmake', 'python']
[0.362s] Level 1:colcon.colcon_core.package_identification:_identify(mujoco/include/mujoco/experimental/usd/mjcPhysics) by extension 'cmake'
[0.362s] Level 1:colcon.colcon_core.package_identification:_identify(mujoco/include/mujoco/experimental/usd/mjcPhysics) by extension 'python'
[0.362s] Level 1:colcon.colcon_core.package_identification:_identify(mujoco/include/mujoco/experimental/usd/mjcPhysics) by extensions ['python_setup_py']
[0.362s] Level 1:colcon.colcon_core.package_identification:_identify(mujoco/include/mujoco/experimental/usd/mjcPhysics) by extension 'python_setup_py'
[0.362s] Level 1:colcon.colcon_core.package_identification:_identify(mujoco/lib) by extensions ['ignore', 'ignore_ament_install']
[0.362s] Level 1:colcon.colcon_core.package_identification:_identify(mujoco/lib) by extension 'ignore'
[0.362s] Level 1:colcon.colcon_core.package_identification:_identify(mujoco/lib) by extension 'ignore_ament_install'
[0.362s] Level 1:colcon.colcon_core.package_identification:_identify(mujoco/lib) by extensions ['colcon_pkg']
[0.362s] Level 1:colcon.colcon_core.package_identification:_identify(mujoco/lib) by extension 'colcon_pkg'
[0.362s] Level 1:colcon.colcon_core.package_identification:_identify(mujoco/lib) by extensions ['colcon_meta']
[0.362s] Level 1:colcon.colcon_core.package_identification:_identify(mujoco/lib) by extension 'colcon_meta'
[0.362s] Level 1:colcon.colcon_core.package_identification:_identify(mujoco/lib) by extensions ['ros']
[0.362s] Level 1:colcon.colcon_core.package_identification:_identify(mujoco/lib) by extension 'ros'
[0.362s] Level 1:colcon.colcon_core.package_identification:_identify(mujoco/lib) by extensions ['cmake', 'python']
[0.362s] Level 1:colcon.colcon_core.package_identification:_identify(mujoco/lib) by extension 'cmake'
[0.362s] Level 1:colcon.colcon_core.package_identification:_identify(mujoco/lib) by extension 'python'
[0.362s] Level 1:colcon.colcon_core.package_identification:_identify(mujoco/lib) by extensions ['python_setup_py']
[0.362s] Level 1:colcon.colcon_core.package_identification:_identify(mujoco/lib) by extension 'python_setup_py'
[0.362s] Level 1:colcon.colcon_core.package_identification:_identify(mujoco/model) by extensions ['ignore', 'ignore_ament_install']
[0.363s] Level 1:colcon.colcon_core.package_identification:_identify(mujoco/model) by extension 'ignore'
[0.363s] Level 1:colcon.colcon_core.package_identification:_identify(mujoco/model) by extension 'ignore_ament_install'
[0.363s] Level 1:colcon.colcon_core.package_identification:_identify(mujoco/model) by extensions ['colcon_pkg']
[0.363s] Level 1:colcon.colcon_core.package_identification:_identify(mujoco/model) by extension 'colcon_pkg'
[0.363s] Level 1:colcon.colcon_core.package_identification:_identify(mujoco/model) by extensions ['colcon_meta']
[0.363s] Level 1:colcon.colcon_core.package_identification:_identify(mujoco/model) by extension 'colcon_meta'
[0.363s] Level 1:colcon.colcon_core.package_identification:_identify(mujoco/model) by extensions ['ros']
[0.363s] Level 1:colcon.colcon_core.package_identification:_identify(mujoco/model) by extension 'ros'
[0.363s] Level 1:colcon.colcon_core.package_identification:_identify(mujoco/model) by extensions ['cmake', 'python']
[0.363s] Level 1:colcon.colcon_core.package_identification:_identify(mujoco/model) by extension 'cmake'
[0.363s] Level 1:colcon.colcon_core.package_identification:_identify(mujoco/model) by extension 'python'
[0.363s] Level 1:colcon.colcon_core.package_identification:_identify(mujoco/model) by extensions ['python_setup_py']
[0.363s] Level 1:colcon.colcon_core.package_identification:_identify(mujoco/model) by extension 'python_setup_py'
[0.363s] Level 1:colcon.colcon_core.package_identification:_identify(mujoco/model/adhesion) by extensions ['ignore', 'ignore_ament_install']
[0.363s] Level 1:colcon.colcon_core.package_identification:_identify(mujoco/model/adhesion) by extension 'ignore'
[0.363s] Level 1:colcon.colcon_core.package_identification:_identify(mujoco/model/adhesion) by extension 'ignore_ament_install'
[0.363s] Level 1:colcon.colcon_core.package_identification:_identify(mujoco/model/adhesion) by extensions ['colcon_pkg']
[0.363s] Level 1:colcon.colcon_core.package_identification:_identify(mujoco/model/adhesion) by extension 'colcon_pkg'
[0.363s] Level 1:colcon.colcon_core.package_identification:_identify(mujoco/model/adhesion) by extensions ['colcon_meta']
[0.363s] Level 1:colcon.colcon_core.package_identification:_identify(mujoco/model/adhesion) by extension 'colcon_meta'
[0.363s] Level 1:colcon.colcon_core.package_identification:_identify(mujoco/model/adhesion) by extensions ['ros']
[0.363s] Level 1:colcon.colcon_core.package_identification:_identify(mujoco/model/adhesion) by extension 'ros'
[0.364s] Level 1:colcon.colcon_core.package_identification:_identify(mujoco/model/adhesion) by extensions ['cmake', 'python']
[0.364s] Level 1:colcon.colcon_core.package_identification:_identify(mujoco/model/adhesion) by extension 'cmake'
[0.364s] Level 1:colcon.colcon_core.package_identification:_identify(mujoco/model/adhesion) by extension 'python'
[0.364s] Level 1:colcon.colcon_core.package_identification:_identify(mujoco/model/adhesion) by extensions ['python_setup_py']
[0.364s] Level 1:colcon.colcon_core.package_identification:_identify(mujoco/model/adhesion) by extension 'python_setup_py'
[0.364s] Level 1:colcon.colcon_core.package_identification:_identify(mujoco/model/balloons) by extensions ['ignore', 'ignore_ament_install']
[0.364s] Level 1:colcon.colcon_core.package_identification:_identify(mujoco/model/balloons) by extension 'ignore'
[0.364s] Level 1:colcon.colcon_core.package_identification:_identify(mujoco/model/balloons) by extension 'ignore_ament_install'
[0.364s] Level 1:colcon.colcon_core.package_identification:_identify(mujoco/model/balloons) by extensions ['colcon_pkg']
[0.364s] Level 1:colcon.colcon_core.package_identification:_identify(mujoco/model/balloons) by extension 'colcon_pkg'
[0.364s] Level 1:colcon.colcon_core.package_identification:_identify(mujoco/model/balloons) by extensions ['colcon_meta']
[0.364s] Level 1:colcon.colcon_core.package_identification:_identify(mujoco/model/balloons) by extension 'colcon_meta'
[0.364s] Level 1:colcon.colcon_core.package_identification:_identify(mujoco/model/balloons) by extensions ['ros']
[0.364s] Level 1:colcon.colcon_core.package_identification:_identify(mujoco/model/balloons) by extension 'ros'
[0.364s] Level 1:colcon.colcon_core.package_identification:_identify(mujoco/model/balloons) by extensions ['cmake', 'python']
[0.364s] Level 1:colcon.colcon_core.package_identification:_identify(mujoco/model/balloons) by extension 'cmake'
[0.364s] Level 1:colcon.colcon_core.package_identification:_identify(mujoco/model/balloons) by extension 'python'
[0.364s] Level 1:colcon.colcon_core.package_identification:_identify(mujoco/model/balloons) by extensions ['python_setup_py']
[0.364s] Level 1:colcon.colcon_core.package_identification:_identify(mujoco/model/balloons) by extension 'python_setup_py'
[0.364s] Level 1:colcon.colcon_core.package_identification:_identify(mujoco/model/car) by extensions ['ignore', 'ignore_ament_install']
[0.365s] Level 1:colcon.colcon_core.package_identification:_identify(mujoco/model/car) by extension 'ignore'
[0.365s] Level 1:colcon.colcon_core.package_identification:_identify(mujoco/model/car) by extension 'ignore_ament_install'
[0.365s] Level 1:colcon.colcon_core.package_identification:_identify(mujoco/model/car) by extensions ['colcon_pkg']
[0.365s] Level 1:colcon.colcon_core.package_identification:_identify(mujoco/model/car) by extension 'colcon_pkg'
[0.365s] Level 1:colcon.colcon_core.package_identification:_identify(mujoco/model/car) by extensions ['colcon_meta']
[0.365s] Level 1:colcon.colcon_core.package_identification:_identify(mujoco/model/car) by extension 'colcon_meta'
[0.365s] Level 1:colcon.colcon_core.package_identification:_identify(mujoco/model/car) by extensions ['ros']
[0.365s] Level 1:colcon.colcon_core.package_identification:_identify(mujoco/model/car) by extension 'ros'
[0.365s] Level 1:colcon.colcon_core.package_identification:_identify(mujoco/model/car) by extensions ['cmake', 'python']
[0.365s] Level 1:colcon.colcon_core.package_identification:_identify(mujoco/model/car) by extension 'cmake'
[0.365s] Level 1:colcon.colcon_core.package_identification:_identify(mujoco/model/car) by extension 'python'
[0.365s] Level 1:colcon.colcon_core.package_identification:_identify(mujoco/model/car) by extensions ['python_setup_py']
[0.365s] Level 1:colcon.colcon_core.package_identification:_identify(mujoco/model/car) by extension 'python_setup_py'
[0.365s] Level 1:colcon.colcon_core.package_identification:_identify(mujoco/model/cards) by extensions ['ignore', 'ignore_ament_install']
[0.365s] Level 1:colcon.colcon_core.package_identification:_identify(mujoco/model/cards) by extension 'ignore'
[0.365s] Level 1:colcon.colcon_core.package_identification:_identify(mujoco/model/cards) by extension 'ignore_ament_install'
[0.365s] Level 1:colcon.colcon_core.package_identification:_identify(mujoco/model/cards) by extensions ['colcon_pkg']
[0.365s] Level 1:colcon.colcon_core.package_identification:_identify(mujoco/model/cards) by extension 'colcon_pkg'
[0.365s] Level 1:colcon.colcon_core.package_identification:_identify(mujoco/model/cards) by extensions ['colcon_meta']
[0.365s] Level 1:colcon.colcon_core.package_identification:_identify(mujoco/model/cards) by extension 'colcon_meta'
[0.365s] Level 1:colcon.colcon_core.package_identification:_identify(mujoco/model/cards) by extensions ['ros']
[0.365s] Level 1:colcon.colcon_core.package_identification:_identify(mujoco/model/cards) by extension 'ros'
[0.366s] Level 1:colcon.colcon_core.package_identification:_identify(mujoco/model/cards) by extensions ['cmake', 'python']
[0.366s] Level 1:colcon.colcon_core.package_identification:_identify(mujoco/model/cards) by extension 'cmake'
[0.366s] Level 1:colcon.colcon_core.package_identification:_identify(mujoco/model/cards) by extension 'python'
[0.366s] Level 1:colcon.colcon_core.package_identification:_identify(mujoco/model/cards) by extensions ['python_setup_py']
[0.366s] Level 1:colcon.colcon_core.package_identification:_identify(mujoco/model/cards) by extension 'python_setup_py'
[0.366s] Level 1:colcon.colcon_core.package_identification:_identify(mujoco/model/cards/assets) by extensions ['ignore', 'ignore_ament_install']
[0.366s] Level 1:colcon.colcon_core.package_identification:_identify(mujoco/model/cards/assets) by extension 'ignore'
[0.366s] Level 1:colcon.colcon_core.package_identification:_identify(mujoco/model/cards/assets) by extension 'ignore_ament_install'
[0.366s] Level 1:colcon.colcon_core.package_identification:_identify(mujoco/model/cards/assets) by extensions ['colcon_pkg']
[0.366s] Level 1:colcon.colcon_core.package_identification:_identify(mujoco/model/cards/assets) by extension 'colcon_pkg'
[0.366s] Level 1:colcon.colcon_core.package_identification:_identify(mujoco/model/cards/assets) by extensions ['colcon_meta']
[0.366s] Level 1:colcon.colcon_core.package_identification:_identify(mujoco/model/cards/assets) by extension 'colcon_meta'
[0.366s] Level 1:colcon.colcon_core.package_identification:_identify(mujoco/model/cards/assets) by extensions ['ros']
[0.366s] Level 1:colcon.colcon_core.package_identification:_identify(mujoco/model/cards/assets) by extension 'ros'
[0.366s] Level 1:colcon.colcon_core.package_identification:_identify(mujoco/model/cards/assets) by extensions ['cmake', 'python']
[0.366s] Level 1:colcon.colcon_core.package_identification:_identify(mujoco/model/cards/assets) by extension 'cmake'
[0.366s] Level 1:colcon.colcon_core.package_identification:_identify(mujoco/model/cards/assets) by extension 'python'
[0.366s] Level 1:colcon.colcon_core.package_identification:_identify(mujoco/model/cards/assets) by extensions ['python_setup_py']
[0.366s] Level 1:colcon.colcon_core.package_identification:_identify(mujoco/model/cards/assets) by extension 'python_setup_py'
[0.367s] Level 1:colcon.colcon_core.package_identification:_identify(mujoco/model/cube) by extensions ['ignore', 'ignore_ament_install']
[0.367s] Level 1:colcon.colcon_core.package_identification:_identify(mujoco/model/cube) by extension 'ignore'
[0.367s] Level 1:colcon.colcon_core.package_identification:_identify(mujoco/model/cube) by extension 'ignore_ament_install'
[0.367s] Level 1:colcon.colcon_core.package_identification:_identify(mujoco/model/cube) by extensions ['colcon_pkg']
[0.367s] Level 1:colcon.colcon_core.package_identification:_identify(mujoco/model/cube) by extension 'colcon_pkg'
[0.367s] Level 1:colcon.colcon_core.package_identification:_identify(mujoco/model/cube) by extensions ['colcon_meta']
[0.367s] Level 1:colcon.colcon_core.package_identification:_identify(mujoco/model/cube) by extension 'colcon_meta'
[0.367s] Level 1:colcon.colcon_core.package_identification:_identify(mujoco/model/cube) by extensions ['ros']
[0.367s] Level 1:colcon.colcon_core.package_identification:_identify(mujoco/model/cube) by extension 'ros'
[0.367s] Level 1:colcon.colcon_core.package_identification:_identify(mujoco/model/cube) by extensions ['cmake', 'python']
[0.367s] Level 1:colcon.colcon_core.package_identification:_identify(mujoco/model/cube) by extension 'cmake'
[0.367s] Level 1:colcon.colcon_core.package_identification:_identify(mujoco/model/cube) by extension 'python'
[0.367s] Level 1:colcon.colcon_core.package_identification:_identify(mujoco/model/cube) by extensions ['python_setup_py']
[0.367s] Level 1:colcon.colcon_core.package_identification:_identify(mujoco/model/cube) by extension 'python_setup_py'
[0.367s] Level 1:colcon.colcon_core.package_identification:_identify(mujoco/model/cube/assets) by extensions ['ignore', 'ignore_ament_install']
[0.367s] Level 1:colcon.colcon_core.package_identification:_identify(mujoco/model/cube/assets) by extension 'ignore'
[0.367s] Level 1:colcon.colcon_core.package_identification:_identify(mujoco/model/cube/assets) by extension 'ignore_ament_install'
[0.367s] Level 1:colcon.colcon_core.package_identification:_identify(mujoco/model/cube/assets) by extensions ['colcon_pkg']
[0.367s] Level 1:colcon.colcon_core.package_identification:_identify(mujoco/model/cube/assets) by extension 'colcon_pkg'
[0.367s] Level 1:colcon.colcon_core.package_identification:_identify(mujoco/model/cube/assets) by extensions ['colcon_meta']
[0.367s] Level 1:colcon.colcon_core.package_identification:_identify(mujoco/model/cube/assets) by extension 'colcon_meta'
[0.368s] Level 1:colcon.colcon_core.package_identification:_identify(mujoco/model/cube/assets) by extensions ['ros']
[0.368s] Level 1:colcon.colcon_core.package_identification:_identify(mujoco/model/cube/assets) by extension 'ros'
[0.368s] Level 1:colcon.colcon_core.package_identification:_identify(mujoco/model/cube/assets) by extensions ['cmake', 'python']
[0.368s] Level 1:colcon.colcon_core.package_identification:_identify(mujoco/model/cube/assets) by extension 'cmake'
[0.368s] Level 1:colcon.colcon_core.package_identification:_identify(mujoco/model/cube/assets) by extension 'python'
[0.368s] Level 1:colcon.colcon_core.package_identification:_identify(mujoco/model/cube/assets) by extensions ['python_setup_py']
[0.368s] Level 1:colcon.colcon_core.package_identification:_identify(mujoco/model/cube/assets) by extension 'python_setup_py'
[0.368s] Level 1:colcon.colcon_core.package_identification:_identify(mujoco/model/flex) by extensions ['ignore', 'ignore_ament_install']
[0.368s] Level 1:colcon.colcon_core.package_identification:_identify(mujoco/model/flex) by extension 'ignore'
[0.368s] Level 1:colcon.colcon_core.package_identification:_identify(mujoco/model/flex) by extension 'ignore_ament_install'
[0.368s] Level 1:colcon.colcon_core.package_identification:_identify(mujoco/model/flex) by extensions ['colcon_pkg']
[0.368s] Level 1:colcon.colcon_core.package_identification:_identify(mujoco/model/flex) by extension 'colcon_pkg'
[0.368s] Level 1:colcon.colcon_core.package_identification:_identify(mujoco/model/flex) by extensions ['colcon_meta']
[0.368s] Level 1:colcon.colcon_core.package_identification:_identify(mujoco/model/flex) by extension 'colcon_meta'
[0.368s] Level 1:colcon.colcon_core.package_identification:_identify(mujoco/model/flex) by extensions ['ros']
[0.368s] Level 1:colcon.colcon_core.package_identification:_identify(mujoco/model/flex) by extension 'ros'
[0.368s] Level 1:colcon.colcon_core.package_identification:_identify(mujoco/model/flex) by extensions ['cmake', 'python']
[0.368s] Level 1:colcon.colcon_core.package_identification:_identify(mujoco/model/flex) by extension 'cmake'
[0.368s] Level 1:colcon.colcon_core.package_identification:_identify(mujoco/model/flex) by extension 'python'
[0.368s] Level 1:colcon.colcon_core.package_identification:_identify(mujoco/model/flex) by extensions ['python_setup_py']
[0.368s] Level 1:colcon.colcon_core.package_identification:_identify(mujoco/model/flex) by extension 'python_setup_py'
[0.369s] Level 1:colcon.colcon_core.package_identification:_identify(mujoco/model/flex/asset) by extensions ['ignore', 'ignore_ament_install']
[0.369s] Level 1:colcon.colcon_core.package_identification:_identify(mujoco/model/flex/asset) by extension 'ignore'
[0.369s] Level 1:colcon.colcon_core.package_identification:_identify(mujoco/model/flex/asset) by extension 'ignore_ament_install'
[0.369s] Level 1:colcon.colcon_core.package_identification:_identify(mujoco/model/flex/asset) by extensions ['colcon_pkg']
[0.369s] Level 1:colcon.colcon_core.package_identification:_identify(mujoco/model/flex/asset) by extension 'colcon_pkg'
[0.369s] Level 1:colcon.colcon_core.package_identification:_identify(mujoco/model/flex/asset) by extensions ['colcon_meta']
[0.369s] Level 1:colcon.colcon_core.package_identification:_identify(mujoco/model/flex/asset) by extension 'colcon_meta'
[0.369s] Level 1:colcon.colcon_core.package_identification:_identify(mujoco/model/flex/asset) by extensions ['ros']
[0.369s] Level 1:colcon.colcon_core.package_identification:_identify(mujoco/model/flex/asset) by extension 'ros'
[0.369s] Level 1:colcon.colcon_core.package_identification:_identify(mujoco/model/flex/asset) by extensions ['cmake', 'python']
[0.369s] Level 1:colcon.colcon_core.package_identification:_identify(mujoco/model/flex/asset) by extension 'cmake'
[0.369s] Level 1:colcon.colcon_core.package_identification:_identify(mujoco/model/flex/asset) by extension 'python'
[0.369s] Level 1:colcon.colcon_core.package_identification:_identify(mujoco/model/flex/asset) by extensions ['python_setup_py']
[0.369s] Level 1:colcon.colcon_core.package_identification:_identify(mujoco/model/flex/asset) by extension 'python_setup_py'
[0.369s] Level 1:colcon.colcon_core.package_identification:_identify(mujoco/model/hammock) by extensions ['ignore', 'ignore_ament_install']
[0.369s] Level 1:colcon.colcon_core.package_identification:_identify(mujoco/model/hammock) by extension 'ignore'
[0.369s] Level 1:colcon.colcon_core.package_identification:_identify(mujoco/model/hammock) by extension 'ignore_ament_install'
[0.369s] Level 1:colcon.colcon_core.package_identification:_identify(mujoco/model/hammock) by extensions ['colcon_pkg']
[0.369s] Level 1:colcon.colcon_core.package_identification:_identify(mujoco/model/hammock) by extension 'colcon_pkg'
[0.370s] Level 1:colcon.colcon_core.package_identification:_identify(mujoco/model/hammock) by extensions ['colcon_meta']
[0.370s] Level 1:colcon.colcon_core.package_identification:_identify(mujoco/model/hammock) by extension 'colcon_meta'
[0.370s] Level 1:colcon.colcon_core.package_identification:_identify(mujoco/model/hammock) by extensions ['ros']
[0.370s] Level 1:colcon.colcon_core.package_identification:_identify(mujoco/model/hammock) by extension 'ros'
[0.370s] Level 1:colcon.colcon_core.package_identification:_identify(mujoco/model/hammock) by extensions ['cmake', 'python']
[0.370s] Level 1:colcon.colcon_core.package_identification:_identify(mujoco/model/hammock) by extension 'cmake'
[0.370s] Level 1:colcon.colcon_core.package_identification:_identify(mujoco/model/hammock) by extension 'python'
[0.370s] Level 1:colcon.colcon_core.package_identification:_identify(mujoco/model/hammock) by extensions ['python_setup_py']
[0.370s] Level 1:colcon.colcon_core.package_identification:_identify(mujoco/model/hammock) by extension 'python_setup_py'
[0.370s] Level 1:colcon.colcon_core.package_identification:_identify(mujoco/model/humanoid) by extensions ['ignore', 'ignore_ament_install']
[0.370s] Level 1:colcon.colcon_core.package_identification:_identify(mujoco/model/humanoid) by extension 'ignore'
[0.370s] Level 1:colcon.colcon_core.package_identification:_identify(mujoco/model/humanoid) by extension 'ignore_ament_install'
[0.370s] Level 1:colcon.colcon_core.package_identification:_identify(mujoco/model/humanoid) by extensions ['colcon_pkg']
[0.370s] Level 1:colcon.colcon_core.package_identification:_identify(mujoco/model/humanoid) by extension 'colcon_pkg'
[0.370s] Level 1:colcon.colcon_core.package_identification:_identify(mujoco/model/humanoid) by extensions ['colcon_meta']
[0.370s] Level 1:colcon.colcon_core.package_identification:_identify(mujoco/model/humanoid) by extension 'colcon_meta'
[0.370s] Level 1:colcon.colcon_core.package_identification:_identify(mujoco/model/humanoid) by extensions ['ros']
[0.370s] Level 1:colcon.colcon_core.package_identification:_identify(mujoco/model/humanoid) by extension 'ros'
[0.370s] Level 1:colcon.colcon_core.package_identification:_identify(mujoco/model/humanoid) by extensions ['cmake', 'python']
[0.370s] Level 1:colcon.colcon_core.package_identification:_identify(mujoco/model/humanoid) by extension 'cmake'
[0.370s] Level 1:colcon.colcon_core.package_identification:_identify(mujoco/model/humanoid) by extension 'python'
[0.370s] Level 1:colcon.colcon_core.package_identification:_identify(mujoco/model/humanoid) by extensions ['python_setup_py']
[0.371s] Level 1:colcon.colcon_core.package_identification:_identify(mujoco/model/humanoid) by extension 'python_setup_py'
[0.371s] Level 1:colcon.colcon_core.package_identification:_identify(mujoco/model/mug) by extensions ['ignore', 'ignore_ament_install']
[0.371s] Level 1:colcon.colcon_core.package_identification:_identify(mujoco/model/mug) by extension 'ignore'
[0.371s] Level 1:colcon.colcon_core.package_identification:_identify(mujoco/model/mug) by extension 'ignore_ament_install'
[0.371s] Level 1:colcon.colcon_core.package_identification:_identify(mujoco/model/mug) by extensions ['colcon_pkg']
[0.371s] Level 1:colcon.colcon_core.package_identification:_identify(mujoco/model/mug) by extension 'colcon_pkg'
[0.371s] Level 1:colcon.colcon_core.package_identification:_identify(mujoco/model/mug) by extensions ['colcon_meta']
[0.371s] Level 1:colcon.colcon_core.package_identification:_identify(mujoco/model/mug) by extension 'colcon_meta'
[0.371s] Level 1:colcon.colcon_core.package_identification:_identify(mujoco/model/mug) by extensions ['ros']
[0.371s] Level 1:colcon.colcon_core.package_identification:_identify(mujoco/model/mug) by extension 'ros'
[0.371s] Level 1:colcon.colcon_core.package_identification:_identify(mujoco/model/mug) by extensions ['cmake', 'python']
[0.371s] Level 1:colcon.colcon_core.package_identification:_identify(mujoco/model/mug) by extension 'cmake'
[0.371s] Level 1:colcon.colcon_core.package_identification:_identify(mujoco/model/mug) by extension 'python'
[0.371s] Level 1:colcon.colcon_core.package_identification:_identify(mujoco/model/mug) by extensions ['python_setup_py']
[0.371s] Level 1:colcon.colcon_core.package_identification:_identify(mujoco/model/mug) by extension 'python_setup_py'
[0.371s] Level 1:colcon.colcon_core.package_identification:_identify(mujoco/model/plugin) by extensions ['ignore', 'ignore_ament_install']
[0.371s] Level 1:colcon.colcon_core.package_identification:_identify(mujoco/model/plugin) by extension 'ignore'
[0.371s] Level 1:colcon.colcon_core.package_identification:_identify(mujoco/model/plugin) by extension 'ignore_ament_install'
[0.371s] Level 1:colcon.colcon_core.package_identification:_identify(mujoco/model/plugin) by extensions ['colcon_pkg']
[0.371s] Level 1:colcon.colcon_core.package_identification:_identify(mujoco/model/plugin) by extension 'colcon_pkg'
[0.372s] Level 1:colcon.colcon_core.package_identification:_identify(mujoco/model/plugin) by extensions ['colcon_meta']
[0.372s] Level 1:colcon.colcon_core.package_identification:_identify(mujoco/model/plugin) by extension 'colcon_meta'
[0.372s] Level 1:colcon.colcon_core.package_identification:_identify(mujoco/model/plugin) by extensions ['ros']
[0.372s] Level 1:colcon.colcon_core.package_identification:_identify(mujoco/model/plugin) by extension 'ros'
[0.372s] Level 1:colcon.colcon_core.package_identification:_identify(mujoco/model/plugin) by extensions ['cmake', 'python']
[0.372s] Level 1:colcon.colcon_core.package_identification:_identify(mujoco/model/plugin) by extension 'cmake'
[0.372s] Level 1:colcon.colcon_core.package_identification:_identify(mujoco/model/plugin) by extension 'python'
[0.372s] Level 1:colcon.colcon_core.package_identification:_identify(mujoco/model/plugin) by extensions ['python_setup_py']
[0.372s] Level 1:colcon.colcon_core.package_identification:_identify(mujoco/model/plugin) by extension 'python_setup_py'
[0.372s] Level 1:colcon.colcon_core.package_identification:_identify(mujoco/model/plugin/actuator) by extensions ['ignore', 'ignore_ament_install']
[0.372s] Level 1:colcon.colcon_core.package_identification:_identify(mujoco/model/plugin/actuator) by extension 'ignore'
[0.372s] Level 1:colcon.colcon_core.package_identification:_identify(mujoco/model/plugin/actuator) by extension 'ignore_ament_install'
[0.372s] Level 1:colcon.colcon_core.package_identification:_identify(mujoco/model/plugin/actuator) by extensions ['colcon_pkg']
[0.372s] Level 1:colcon.colcon_core.package_identification:_identify(mujoco/model/plugin/actuator) by extension 'colcon_pkg'
[0.372s] Level 1:colcon.colcon_core.package_identification:_identify(mujoco/model/plugin/actuator) by extensions ['colcon_meta']
[0.372s] Level 1:colcon.colcon_core.package_identification:_identify(mujoco/model/plugin/actuator) by extension 'colcon_meta'
[0.372s] Level 1:colcon.colcon_core.package_identification:_identify(mujoco/model/plugin/actuator) by extensions ['ros']
[0.372s] Level 1:colcon.colcon_core.package_identification:_identify(mujoco/model/plugin/actuator) by extension 'ros'
[0.372s] Level 1:colcon.colcon_core.package_identification:_identify(mujoco/model/plugin/actuator) by extensions ['cmake', 'python']
[0.372s] Level 1:colcon.colcon_core.package_identification:_identify(mujoco/model/plugin/actuator) by extension 'cmake'
[0.372s] Level 1:colcon.colcon_core.package_identification:_identify(mujoco/model/plugin/actuator) by extension 'python'
[0.372s] Level 1:colcon.colcon_core.package_identification:_identify(mujoco/model/plugin/actuator) by extensions ['python_setup_py']
[0.373s] Level 1:colcon.colcon_core.package_identification:_identify(mujoco/model/plugin/actuator) by extension 'python_setup_py'
[0.373s] Level 1:colcon.colcon_core.package_identification:_identify(mujoco/model/plugin/elasticity) by extensions ['ignore', 'ignore_ament_install']
[0.373s] Level 1:colcon.colcon_core.package_identification:_identify(mujoco/model/plugin/elasticity) by extension 'ignore'
[0.373s] Level 1:colcon.colcon_core.package_identification:_identify(mujoco/model/plugin/elasticity) by extension 'ignore_ament_install'
[0.373s] Level 1:colcon.colcon_core.package_identification:_identify(mujoco/model/plugin/elasticity) by extensions ['colcon_pkg']
[0.373s] Level 1:colcon.colcon_core.package_identification:_identify(mujoco/model/plugin/elasticity) by extension 'colcon_pkg'
[0.373s] Level 1:colcon.colcon_core.package_identification:_identify(mujoco/model/plugin/elasticity) by extensions ['colcon_meta']
[0.373s] Level 1:colcon.colcon_core.package_identification:_identify(mujoco/model/plugin/elasticity) by extension 'colcon_meta'
[0.373s] Level 1:colcon.colcon_core.package_identification:_identify(mujoco/model/plugin/elasticity) by extensions ['ros']
[0.373s] Level 1:colcon.colcon_core.package_identification:_identify(mujoco/model/plugin/elasticity) by extension 'ros'
[0.373s] Level 1:colcon.colcon_core.package_identification:_identify(mujoco/model/plugin/elasticity) by extensions ['cmake', 'python']
[0.373s] Level 1:colcon.colcon_core.package_identification:_identify(mujoco/model/plugin/elasticity) by extension 'cmake'
[0.373s] Level 1:colcon.colcon_core.package_identification:_identify(mujoco/model/plugin/elasticity) by extension 'python'
[0.373s] Level 1:colcon.colcon_core.package_identification:_identify(mujoco/model/plugin/elasticity) by extensions ['python_setup_py']
[0.373s] Level 1:colcon.colcon_core.package_identification:_identify(mujoco/model/plugin/elasticity) by extension 'python_setup_py'
[0.373s] Level 1:colcon.colcon_core.package_identification:_identify(mujoco/model/plugin/sdf) by extensions ['ignore', 'ignore_ament_install']
[0.373s] Level 1:colcon.colcon_core.package_identification:_identify(mujoco/model/plugin/sdf) by extension 'ignore'
[0.373s] Level 1:colcon.colcon_core.package_identification:_identify(mujoco/model/plugin/sdf) by extension 'ignore_ament_install'
[0.373s] Level 1:colcon.colcon_core.package_identification:_identify(mujoco/model/plugin/sdf) by extensions ['colcon_pkg']
[0.374s] Level 1:colcon.colcon_core.package_identification:_identify(mujoco/model/plugin/sdf) by extension 'colcon_pkg'
[0.374s] Level 1:colcon.colcon_core.package_identification:_identify(mujoco/model/plugin/sdf) by extensions ['colcon_meta']
[0.374s] Level 1:colcon.colcon_core.package_identification:_identify(mujoco/model/plugin/sdf) by extension 'colcon_meta'
[0.374s] Level 1:colcon.colcon_core.package_identification:_identify(mujoco/model/plugin/sdf) by extensions ['ros']
[0.374s] Level 1:colcon.colcon_core.package_identification:_identify(mujoco/model/plugin/sdf) by extension 'ros'
[0.374s] Level 1:colcon.colcon_core.package_identification:_identify(mujoco/model/plugin/sdf) by extensions ['cmake', 'python']
[0.374s] Level 1:colcon.colcon_core.package_identification:_identify(mujoco/model/plugin/sdf) by extension 'cmake'
[0.374s] Level 1:colcon.colcon_core.package_identification:_identify(mujoco/model/plugin/sdf) by extension 'python'
[0.374s] Level 1:colcon.colcon_core.package_identification:_identify(mujoco/model/plugin/sdf) by extensions ['python_setup_py']
[0.374s] Level 1:colcon.colcon_core.package_identification:_identify(mujoco/model/plugin/sdf) by extension 'python_setup_py'
[0.374s] Level 1:colcon.colcon_core.package_identification:_identify(mujoco/model/plugin/sdf/asset) by extensions ['ignore', 'ignore_ament_install']
[0.374s] Level 1:colcon.colcon_core.package_identification:_identify(mujoco/model/plugin/sdf/asset) by extension 'ignore'
[0.374s] Level 1:colcon.colcon_core.package_identification:_identify(mujoco/model/plugin/sdf/asset) by extension 'ignore_ament_install'
[0.374s] Level 1:colcon.colcon_core.package_identification:_identify(mujoco/model/plugin/sdf/asset) by extensions ['colcon_pkg']
[0.374s] Level 1:colcon.colcon_core.package_identification:_identify(mujoco/model/plugin/sdf/asset) by extension 'colcon_pkg'
[0.374s] Level 1:colcon.colcon_core.package_identification:_identify(mujoco/model/plugin/sdf/asset) by extensions ['colcon_meta']
[0.374s] Level 1:colcon.colcon_core.package_identification:_identify(mujoco/model/plugin/sdf/asset) by extension 'colcon_meta'
[0.374s] Level 1:colcon.colcon_core.package_identification:_identify(mujoco/model/plugin/sdf/asset) by extensions ['ros']
[0.374s] Level 1:colcon.colcon_core.package_identification:_identify(mujoco/model/plugin/sdf/asset) by extension 'ros'
[0.374s] Level 1:colcon.colcon_core.package_identification:_identify(mujoco/model/plugin/sdf/asset) by extensions ['cmake', 'python']
[0.374s] Level 1:colcon.colcon_core.package_identification:_identify(mujoco/model/plugin/sdf/asset) by extension 'cmake'
[0.374s] Level 1:colcon.colcon_core.package_identification:_identify(mujoco/model/plugin/sdf/asset) by extension 'python'
[0.375s] Level 1:colcon.colcon_core.package_identification:_identify(mujoco/model/plugin/sdf/asset) by extensions ['python_setup_py']
[0.375s] Level 1:colcon.colcon_core.package_identification:_identify(mujoco/model/plugin/sdf/asset) by extension 'python_setup_py'
[0.375s] Level 1:colcon.colcon_core.package_identification:_identify(mujoco/model/plugin/sensor) by extensions ['ignore', 'ignore_ament_install']
[0.375s] Level 1:colcon.colcon_core.package_identification:_identify(mujoco/model/plugin/sensor) by extension 'ignore'
[0.375s] Level 1:colcon.colcon_core.package_identification:_identify(mujoco/model/plugin/sensor) by extension 'ignore_ament_install'
[0.375s] Level 1:colcon.colcon_core.package_identification:_identify(mujoco/model/plugin/sensor) by extensions ['colcon_pkg']
[0.375s] Level 1:colcon.colcon_core.package_identification:_identify(mujoco/model/plugin/sensor) by extension 'colcon_pkg'
[0.375s] Level 1:colcon.colcon_core.package_identification:_identify(mujoco/model/plugin/sensor) by extensions ['colcon_meta']
[0.375s] Level 1:colcon.colcon_core.package_identification:_identify(mujoco/model/plugin/sensor) by extension 'colcon_meta'
[0.375s] Level 1:colcon.colcon_core.package_identification:_identify(mujoco/model/plugin/sensor) by extensions ['ros']
[0.375s] Level 1:colcon.colcon_core.package_identification:_identify(mujoco/model/plugin/sensor) by extension 'ros'
[0.375s] Level 1:colcon.colcon_core.package_identification:_identify(mujoco/model/plugin/sensor) by extensions ['cmake', 'python']
[0.375s] Level 1:colcon.colcon_core.package_identification:_identify(mujoco/model/plugin/sensor) by extension 'cmake'
[0.375s] Level 1:colcon.colcon_core.package_identification:_identify(mujoco/model/plugin/sensor) by extension 'python'
[0.375s] Level 1:colcon.colcon_core.package_identification:_identify(mujoco/model/plugin/sensor) by extensions ['python_setup_py']
[0.375s] Level 1:colcon.colcon_core.package_identification:_identify(mujoco/model/plugin/sensor) by extension 'python_setup_py'
[0.375s] Level 1:colcon.colcon_core.package_identification:_identify(mujoco/model/replicate) by extensions ['ignore', 'ignore_ament_install']
[0.375s] Level 1:colcon.colcon_core.package_identification:_identify(mujoco/model/replicate) by extension 'ignore'
[0.375s] Level 1:colcon.colcon_core.package_identification:_identify(mujoco/model/replicate) by extension 'ignore_ament_install'
[0.376s] Level 1:colcon.colcon_core.package_identification:_identify(mujoco/model/replicate) by extensions ['colcon_pkg']
[0.376s] Level 1:colcon.colcon_core.package_identification:_identify(mujoco/model/replicate) by extension 'colcon_pkg'
[0.376s] Level 1:colcon.colcon_core.package_identification:_identify(mujoco/model/replicate) by extensions ['colcon_meta']
[0.376s] Level 1:colcon.colcon_core.package_identification:_identify(mujoco/model/replicate) by extension 'colcon_meta'
[0.376s] Level 1:colcon.colcon_core.package_identification:_identify(mujoco/model/replicate) by extensions ['ros']
[0.376s] Level 1:colcon.colcon_core.package_identification:_identify(mujoco/model/replicate) by extension 'ros'
[0.376s] Level 1:colcon.colcon_core.package_identification:_identify(mujoco/model/replicate) by extensions ['cmake', 'python']
[0.376s] Level 1:colcon.colcon_core.package_identification:_identify(mujoco/model/replicate) by extension 'cmake'
[0.376s] Level 1:colcon.colcon_core.package_identification:_identify(mujoco/model/replicate) by extension 'python'
[0.376s] Level 1:colcon.colcon_core.package_identification:_identify(mujoco/model/replicate) by extensions ['python_setup_py']
[0.376s] Level 1:colcon.colcon_core.package_identification:_identify(mujoco/model/replicate) by extension 'python_setup_py'
[0.376s] Level 1:colcon.colcon_core.package_identification:_identify(mujoco/model/replicate/asset) by extensions ['ignore', 'ignore_ament_install']
[0.376s] Level 1:colcon.colcon_core.package_identification:_identify(mujoco/model/replicate/asset) by extension 'ignore'
[0.376s] Level 1:colcon.colcon_core.package_identification:_identify(mujoco/model/replicate/asset) by extension 'ignore_ament_install'
[0.376s] Level 1:colcon.colcon_core.package_identification:_identify(mujoco/model/replicate/asset) by extensions ['colcon_pkg']
[0.376s] Level 1:colcon.colcon_core.package_identification:_identify(mujoco/model/replicate/asset) by extension 'colcon_pkg'
[0.376s] Level 1:colcon.colcon_core.package_identification:_identify(mujoco/model/replicate/asset) by extensions ['colcon_meta']
[0.376s] Level 1:colcon.colcon_core.package_identification:_identify(mujoco/model/replicate/asset) by extension 'colcon_meta'
[0.376s] Level 1:colcon.colcon_core.package_identification:_identify(mujoco/model/replicate/asset) by extensions ['ros']
[0.376s] Level 1:colcon.colcon_core.package_identification:_identify(mujoco/model/replicate/asset) by extension 'ros'
[0.376s] Level 1:colcon.colcon_core.package_identification:_identify(mujoco/model/replicate/asset) by extensions ['cmake', 'python']
[0.376s] Level 1:colcon.colcon_core.package_identification:_identify(mujoco/model/replicate/asset) by extension 'cmake'
[0.377s] Level 1:colcon.colcon_core.package_identification:_identify(mujoco/model/replicate/asset) by extension 'python'
[0.377s] Level 1:colcon.colcon_core.package_identification:_identify(mujoco/model/replicate/asset) by extensions ['python_setup_py']
[0.377s] Level 1:colcon.colcon_core.package_identification:_identify(mujoco/model/replicate/asset) by extension 'python_setup_py'
[0.377s] Level 1:colcon.colcon_core.package_identification:_identify(mujoco/model/slider_crank) by extensions ['ignore', 'ignore_ament_install']
[0.377s] Level 1:colcon.colcon_core.package_identification:_identify(mujoco/model/slider_crank) by extension 'ignore'
[0.377s] Level 1:colcon.colcon_core.package_identification:_identify(mujoco/model/slider_crank) by extension 'ignore_ament_install'
[0.377s] Level 1:colcon.colcon_core.package_identification:_identify(mujoco/model/slider_crank) by extensions ['colcon_pkg']
[0.377s] Level 1:colcon.colcon_core.package_identification:_identify(mujoco/model/slider_crank) by extension 'colcon_pkg'
[0.377s] Level 1:colcon.colcon_core.package_identification:_identify(mujoco/model/slider_crank) by extensions ['colcon_meta']
[0.377s] Level 1:colcon.colcon_core.package_identification:_identify(mujoco/model/slider_crank) by extension 'colcon_meta'
[0.377s] Level 1:colcon.colcon_core.package_identification:_identify(mujoco/model/slider_crank) by extensions ['ros']
[0.377s] Level 1:colcon.colcon_core.package_identification:_identify(mujoco/model/slider_crank) by extension 'ros'
[0.377s] Level 1:colcon.colcon_core.package_identification:_identify(mujoco/model/slider_crank) by extensions ['cmake', 'python']
[0.377s] Level 1:colcon.colcon_core.package_identification:_identify(mujoco/model/slider_crank) by extension 'cmake'
[0.377s] Level 1:colcon.colcon_core.package_identification:_identify(mujoco/model/slider_crank) by extension 'python'
[0.377s] Level 1:colcon.colcon_core.package_identification:_identify(mujoco/model/slider_crank) by extensions ['python_setup_py']
[0.377s] Level 1:colcon.colcon_core.package_identification:_identify(mujoco/model/slider_crank) by extension 'python_setup_py'
[0.377s] Level 1:colcon.colcon_core.package_identification:_identify(mujoco/model/tendon_arm) by extensions ['ignore', 'ignore_ament_install']
[0.377s] Level 1:colcon.colcon_core.package_identification:_identify(mujoco/model/tendon_arm) by extension 'ignore'
[0.377s] Level 1:colcon.colcon_core.package_identification:_identify(mujoco/model/tendon_arm) by extension 'ignore_ament_install'
[0.378s] Level 1:colcon.colcon_core.package_identification:_identify(mujoco/model/tendon_arm) by extensions ['colcon_pkg']
[0.378s] Level 1:colcon.colcon_core.package_identification:_identify(mujoco/model/tendon_arm) by extension 'colcon_pkg'
[0.378s] Level 1:colcon.colcon_core.package_identification:_identify(mujoco/model/tendon_arm) by extensions ['colcon_meta']
[0.378s] Level 1:colcon.colcon_core.package_identification:_identify(mujoco/model/tendon_arm) by extension 'colcon_meta'
[0.378s] Level 1:colcon.colcon_core.package_identification:_identify(mujoco/model/tendon_arm) by extensions ['ros']
[0.378s] Level 1:colcon.colcon_core.package_identification:_identify(mujoco/model/tendon_arm) by extension 'ros'
[0.378s] Level 1:colcon.colcon_core.package_identification:_identify(mujoco/model/tendon_arm) by extensions ['cmake', 'python']
[0.378s] Level 1:colcon.colcon_core.package_identification:_identify(mujoco/model/tendon_arm) by extension 'cmake'
[0.378s] Level 1:colcon.colcon_core.package_identification:_identify(mujoco/model/tendon_arm) by extension 'python'
[0.378s] Level 1:colcon.colcon_core.package_identification:_identify(mujoco/model/tendon_arm) by extensions ['python_setup_py']
[0.378s] Level 1:colcon.colcon_core.package_identification:_identify(mujoco/model/tendon_arm) by extension 'python_setup_py'
[0.378s] Level 1:colcon.colcon_core.package_identification:_identify(mujoco/sample) by extensions ['ignore', 'ignore_ament_install']
[0.378s] Level 1:colcon.colcon_core.package_identification:_identify(mujoco/sample) by extension 'ignore'
[0.378s] Level 1:colcon.colcon_core.package_identification:_identify(mujoco/sample) by extension 'ignore_ament_install'
[0.378s] Level 1:colcon.colcon_core.package_identification:_identify(mujoco/sample) by extensions ['colcon_pkg']
[0.378s] Level 1:colcon.colcon_core.package_identification:_identify(mujoco/sample) by extension 'colcon_pkg'
[0.378s] Level 1:colcon.colcon_core.package_identification:_identify(mujoco/sample) by extensions ['colcon_meta']
[0.378s] Level 1:colcon.colcon_core.package_identification:_identify(mujoco/sample) by extension 'colcon_meta'
[0.378s] Level 1:colcon.colcon_core.package_identification:_identify(mujoco/sample) by extensions ['ros']
[0.378s] Level 1:colcon.colcon_core.package_identification:_identify(mujoco/sample) by extension 'ros'
[0.378s] Level 1:colcon.colcon_core.package_identification:_identify(mujoco/sample) by extensions ['cmake', 'python']
[0.378s] Level 1:colcon.colcon_core.package_identification:_identify(mujoco/sample) by extension 'cmake'
[0.379s] Level 1:colcon.colcon_core.package_identification:_identify(mujoco/sample) by extension 'python'
[0.379s] Level 1:colcon.colcon_core.package_identification:_identify(mujoco/sample) by extensions ['python_setup_py']
[0.379s] Level 1:colcon.colcon_core.package_identification:_identify(mujoco/sample) by extension 'python_setup_py'
[0.379s] Level 1:colcon.colcon_core.package_identification:_identify(mujoco/sample/cmake) by extensions ['ignore', 'ignore_ament_install']
[0.379s] Level 1:colcon.colcon_core.package_identification:_identify(mujoco/sample/cmake) by extension 'ignore'
[0.379s] Level 1:colcon.colcon_core.package_identification:_identify(mujoco/sample/cmake) by extension 'ignore_ament_install'
[0.379s] Level 1:colcon.colcon_core.package_identification:_identify(mujoco/sample/cmake) by extensions ['colcon_pkg']
[0.379s] Level 1:colcon.colcon_core.package_identification:_identify(mujoco/sample/cmake) by extension 'colcon_pkg'
[0.379s] Level 1:colcon.colcon_core.package_identification:_identify(mujoco/sample/cmake) by extensions ['colcon_meta']
[0.379s] Level 1:colcon.colcon_core.package_identification:_identify(mujoco/sample/cmake) by extension 'colcon_meta'
[0.379s] Level 1:colcon.colcon_core.package_identification:_identify(mujoco/sample/cmake) by extensions ['ros']
[0.379s] Level 1:colcon.colcon_core.package_identification:_identify(mujoco/sample/cmake) by extension 'ros'
[0.379s] Level 1:colcon.colcon_core.package_identification:_identify(mujoco/sample/cmake) by extensions ['cmake', 'python']
[0.379s] Level 1:colcon.colcon_core.package_identification:_identify(mujoco/sample/cmake) by extension 'cmake'
[0.379s] Level 1:colcon.colcon_core.package_identification:_identify(mujoco/sample/cmake) by extension 'python'
[0.379s] Level 1:colcon.colcon_core.package_identification:_identify(mujoco/sample/cmake) by extensions ['python_setup_py']
[0.379s] Level 1:colcon.colcon_core.package_identification:_identify(mujoco/sample/cmake) by extension 'python_setup_py'
[0.379s] Level 1:colcon.colcon_core.package_identification:_identify(mujoco/simulate) by extensions ['ignore', 'ignore_ament_install']
[0.379s] Level 1:colcon.colcon_core.package_identification:_identify(mujoco/simulate) by extension 'ignore'
[0.379s] Level 1:colcon.colcon_core.package_identification:_identify(mujoco/simulate) by extension 'ignore_ament_install'
[0.380s] Level 1:colcon.colcon_core.package_identification:_identify(mujoco/simulate) by extensions ['colcon_pkg']
[0.380s] Level 1:colcon.colcon_core.package_identification:_identify(mujoco/simulate) by extension 'colcon_pkg'
[0.380s] Level 1:colcon.colcon_core.package_identification:_identify(mujoco/simulate) by extensions ['colcon_meta']
[0.380s] Level 1:colcon.colcon_core.package_identification:_identify(mujoco/simulate) by extension 'colcon_meta'
[0.380s] Level 1:colcon.colcon_core.package_identification:_identify(mujoco/simulate) by extensions ['ros']
[0.380s] Level 1:colcon.colcon_core.package_identification:_identify(mujoco/simulate) by extension 'ros'
[0.380s] Level 1:colcon.colcon_core.package_identification:_identify(mujoco/simulate) by extensions ['cmake', 'python']
[0.380s] Level 1:colcon.colcon_core.package_identification:_identify(mujoco/simulate) by extension 'cmake'
[0.380s] Level 1:colcon.colcon_core.package_identification:_identify(mujoco/simulate) by extension 'python'
[0.380s] Level 1:colcon.colcon_core.package_identification:_identify(mujoco/simulate) by extensions ['python_setup_py']
[0.380s] Level 1:colcon.colcon_core.package_identification:_identify(mujoco/simulate) by extension 'python_setup_py'
[0.380s] Level 1:colcon.colcon_core.package_identification:_identify(mujoco/simulate/cmake) by extensions ['ignore', 'ignore_ament_install']
[0.380s] Level 1:colcon.colcon_core.package_identification:_identify(mujoco/simulate/cmake) by extension 'ignore'
[0.380s] Level 1:colcon.colcon_core.package_identification:_identify(mujoco/simulate/cmake) by extension 'ignore_ament_install'
[0.380s] Level 1:colcon.colcon_core.package_identification:_identify(mujoco/simulate/cmake) by extensions ['colcon_pkg']
[0.380s] Level 1:colcon.colcon_core.package_identification:_identify(mujoco/simulate/cmake) by extension 'colcon_pkg'
[0.380s] Level 1:colcon.colcon_core.package_identification:_identify(mujoco/simulate/cmake) by extensions ['colcon_meta']
[0.380s] Level 1:colcon.colcon_core.package_identification:_identify(mujoco/simulate/cmake) by extension 'colcon_meta'
[0.380s] Level 1:colcon.colcon_core.package_identification:_identify(mujoco/simulate/cmake) by extensions ['ros']
[0.380s] Level 1:colcon.colcon_core.package_identification:_identify(mujoco/simulate/cmake) by extension 'ros'
[0.380s] Level 1:colcon.colcon_core.package_identification:_identify(mujoco/simulate/cmake) by extensions ['cmake', 'python']
[0.380s] Level 1:colcon.colcon_core.package_identification:_identify(mujoco/simulate/cmake) by extension 'cmake'
[0.381s] Level 1:colcon.colcon_core.package_identification:_identify(mujoco/simulate/cmake) by extension 'python'
[0.381s] Level 1:colcon.colcon_core.package_identification:_identify(mujoco/simulate/cmake) by extensions ['python_setup_py']
[0.381s] Level 1:colcon.colcon_core.package_identification:_identify(mujoco/simulate/cmake) by extension 'python_setup_py'
[0.381s] Level 1:colcon.colcon_core.package_identification:_identify(src) by extensions ['ignore', 'ignore_ament_install']
[0.381s] Level 1:colcon.colcon_core.package_identification:_identify(src) by extension 'ignore'
[0.381s] Level 1:colcon.colcon_core.package_identification:_identify(src) by extension 'ignore_ament_install'
[0.381s] Level 1:colcon.colcon_core.package_identification:_identify(src) by extensions ['colcon_pkg']
[0.381s] Level 1:colcon.colcon_core.package_identification:_identify(src) by extension 'colcon_pkg'
[0.381s] Level 1:colcon.colcon_core.package_identification:_identify(src) by extensions ['colcon_meta']
[0.381s] Level 1:colcon.colcon_core.package_identification:_identify(src) by extension 'colcon_meta'
[0.381s] Level 1:colcon.colcon_core.package_identification:_identify(src) by extensions ['ros']
[0.381s] Level 1:colcon.colcon_core.package_identification:_identify(src) by extension 'ros'
[0.381s] Level 1:colcon.colcon_core.package_identification:_identify(src) by extensions ['cmake', 'python']
[0.381s] Level 1:colcon.colcon_core.package_identification:_identify(src) by extension 'cmake'
[0.381s] Level 1:colcon.colcon_core.package_identification:_identify(src) by extension 'python'
[0.381s] Level 1:colcon.colcon_core.package_identification:_identify(src) by extensions ['python_setup_py']
[0.381s] Level 1:colcon.colcon_core.package_identification:_identify(src) by extension 'python_setup_py'
[0.381s] Level 1:colcon.colcon_core.package_identification:_identify(src/direct_control) by extensions ['ignore', 'ignore_ament_install']
[0.381s] Level 1:colcon.colcon_core.package_identification:_identify(src/direct_control) by extension 'ignore'
[0.382s] Level 1:colcon.colcon_core.package_identification:_identify(src/direct_control) by extension 'ignore_ament_install'
[0.382s] Level 1:colcon.colcon_core.package_identification:_identify(src/direct_control) by extensions ['colcon_pkg']
[0.382s] Level 1:colcon.colcon_core.package_identification:_identify(src/direct_control) by extension 'colcon_pkg'
[0.382s] Level 1:colcon.colcon_core.package_identification:_identify(src/direct_control) by extensions ['colcon_meta']
[0.382s] Level 1:colcon.colcon_core.package_identification:_identify(src/direct_control) by extension 'colcon_meta'
[0.382s] Level 1:colcon.colcon_core.package_identification:_identify(src/direct_control) by extensions ['ros']
[0.382s] Level 1:colcon.colcon_core.package_identification:_identify(src/direct_control) by extension 'ros'
[0.384s] DEBUG:colcon.colcon_core.package_identification:Package 'src/direct_control' with type 'ros.ament_python' and name 'direct_control'
[0.384s] Level 1:colcon.colcon_core.package_identification:_identify(src/rov_attitude_controller) by extensions ['ignore', 'ignore_ament_install']
[0.385s] Level 1:colcon.colcon_core.package_identification:_identify(src/rov_attitude_controller) by extension 'ignore'
[0.385s] Level 1:colcon.colcon_core.package_identification:_identify(src/rov_attitude_controller) by extension 'ignore_ament_install'
[0.385s] Level 1:colcon.colcon_core.package_identification:_identify(src/rov_attitude_controller) by extensions ['colcon_pkg']
[0.385s] Level 1:colcon.colcon_core.package_identification:_identify(src/rov_attitude_controller) by extension 'colcon_pkg'
[0.385s] Level 1:colcon.colcon_core.package_identification:_identify(src/rov_attitude_controller) by extensions ['colcon_meta']
[0.385s] Level 1:colcon.colcon_core.package_identification:_identify(src/rov_attitude_controller) by extension 'colcon_meta'
[0.385s] Level 1:colcon.colcon_core.package_identification:_identify(src/rov_attitude_controller) by extensions ['ros']
[0.385s] Level 1:colcon.colcon_core.package_identification:_identify(src/rov_attitude_controller) by extension 'ros'
[0.385s] DEBUG:colcon.colcon_core.package_identification:Package 'src/rov_attitude_controller' with type 'ros.ament_python' and name 'rov_attitude_controller'
[0.385s] Level 1:colcon.colcon_core.package_identification:_identify(src/rov_controllers) by extensions ['ignore', 'ignore_ament_install']
[0.385s] Level 1:colcon.colcon_core.package_identification:_identify(src/rov_controllers) by extension 'ignore'
[0.386s] Level 1:colcon.colcon_core.package_identification:_identify(src/rov_controllers) by extension 'ignore_ament_install'
[0.386s] Level 1:colcon.colcon_core.package_identification:_identify(src/rov_controllers) by extensions ['colcon_pkg']
[0.386s] Level 1:colcon.colcon_core.package_identification:_identify(src/rov_controllers) by extension 'colcon_pkg'
[0.386s] Level 1:colcon.colcon_core.package_identification:_identify(src/rov_controllers) by extensions ['colcon_meta']
[0.386s] Level 1:colcon.colcon_core.package_identification:_identify(src/rov_controllers) by extension 'colcon_meta'
[0.386s] Level 1:colcon.colcon_core.package_identification:_identify(src/rov_controllers) by extensions ['ros']
[0.386s] Level 1:colcon.colcon_core.package_identification:_identify(src/rov_controllers) by extension 'ros'
[0.386s] DEBUG:colcon.colcon_core.package_identification:Package 'src/rov_controllers' with type 'ros.ament_cmake' and name 'rov_controllers'
[0.387s] Level 1:colcon.colcon_core.package_identification:_identify(src/rov_hardware_interface) by extensions ['ignore', 'ignore_ament_install']
[0.387s] Level 1:colcon.colcon_core.package_identification:_identify(src/rov_hardware_interface) by extension 'ignore'
[0.387s] Level 1:colcon.colcon_core.package_identification:_identify(src/rov_hardware_interface) by extension 'ignore_ament_install'
[0.387s] Level 1:colcon.colcon_core.package_identification:_identify(src/rov_hardware_interface) by extensions ['colcon_pkg']
[0.387s] Level 1:colcon.colcon_core.package_identification:_identify(src/rov_hardware_interface) by extension 'colcon_pkg'
[0.387s] Level 1:colcon.colcon_core.package_identification:_identify(src/rov_hardware_interface) by extensions ['colcon_meta']
[0.387s] Level 1:colcon.colcon_core.package_identification:_identify(src/rov_hardware_interface) by extension 'colcon_meta'
[0.387s] Level 1:colcon.colcon_core.package_identification:_identify(src/rov_hardware_interface) by extensions ['ros']
[0.387s] Level 1:colcon.colcon_core.package_identification:_identify(src/rov_hardware_interface) by extension 'ros'
[0.388s] DEBUG:colcon.colcon_core.package_identification:Package 'src/rov_hardware_interface' with type 'ros.ament_cmake' and name 'rov_hardware_interface'
[0.388s] Level 1:colcon.colcon_core.package_identification:_identify(src/rov_mujoco_bringup) by extensions ['ignore', 'ignore_ament_install']
[0.388s] Level 1:colcon.colcon_core.package_identification:_identify(src/rov_mujoco_bringup) by extension 'ignore'
[0.388s] Level 1:colcon.colcon_core.package_identification:_identify(src/rov_mujoco_bringup) by extension 'ignore_ament_install'
[0.388s] Level 1:colcon.colcon_core.package_identification:_identify(src/rov_mujoco_bringup) by extensions ['colcon_pkg']
[0.388s] Level 1:colcon.colcon_core.package_identification:_identify(src/rov_mujoco_bringup) by extension 'colcon_pkg'
[0.388s] Level 1:colcon.colcon_core.package_identification:_identify(src/rov_mujoco_bringup) by extensions ['colcon_meta']
[0.388s] Level 1:colcon.colcon_core.package_identification:_identify(src/rov_mujoco_bringup) by extension 'colcon_meta'
[0.388s] Level 1:colcon.colcon_core.package_identification:_identify(src/rov_mujoco_bringup) by extensions ['ros']
[0.388s] Level 1:colcon.colcon_core.package_identification:_identify(src/rov_mujoco_bringup) by extension 'ros'
[0.389s] DEBUG:colcon.colcon_core.package_identification:Package 'src/rov_mujoco_bringup' with type 'ros.ament_cmake' and name 'rov_mujoco_bringup'
[0.389s] Level 1:colcon.colcon_core.package_identification:_identify(src/rov_mujoco_description) by extensions ['ignore', 'ignore_ament_install']
[0.389s] Level 1:colcon.colcon_core.package_identification:_identify(src/rov_mujoco_description) by extension 'ignore'
[0.389s] Level 1:colcon.colcon_core.package_identification:_identify(src/rov_mujoco_description) by extension 'ignore_ament_install'
[0.389s] Level 1:colcon.colcon_core.package_identification:_identify(src/rov_mujoco_description) by extensions ['colcon_pkg']
[0.389s] Level 1:colcon.colcon_core.package_identification:_identify(src/rov_mujoco_description) by extension 'colcon_pkg'
[0.389s] Level 1:colcon.colcon_core.package_identification:_identify(src/rov_mujoco_description) by extensions ['colcon_meta']
[0.389s] Level 1:colcon.colcon_core.package_identification:_identify(src/rov_mujoco_description) by extension 'colcon_meta'
[0.389s] Level 1:colcon.colcon_core.package_identification:_identify(src/rov_mujoco_description) by extensions ['ros']
[0.389s] Level 1:colcon.colcon_core.package_identification:_identify(src/rov_mujoco_description) by extension 'ros'
[0.390s] DEBUG:colcon.colcon_core.package_identification:Package 'src/rov_mujoco_description' with type 'ros.ament_cmake' and name 'rov_mujoco_description'
[0.390s] Level 1:colcon.colcon_core.package_identification:_identify(src/rov_mujoco_sim) by extensions ['ignore', 'ignore_ament_install']
[0.390s] Level 1:colcon.colcon_core.package_identification:_identify(src/rov_mujoco_sim) by extension 'ignore'
[0.390s] Level 1:colcon.colcon_core.package_identification:_identify(src/rov_mujoco_sim) by extension 'ignore_ament_install'
[0.390s] Level 1:colcon.colcon_core.package_identification:_identify(src/rov_mujoco_sim) by extensions ['colcon_pkg']
[0.390s] Level 1:colcon.colcon_core.package_identification:_identify(src/rov_mujoco_sim) by extension 'colcon_pkg'
[0.390s] Level 1:colcon.colcon_core.package_identification:_identify(src/rov_mujoco_sim) by extensions ['colcon_meta']
[0.390s] Level 1:colcon.colcon_core.package_identification:_identify(src/rov_mujoco_sim) by extension 'colcon_meta'
[0.390s] Level 1:colcon.colcon_core.package_identification:_identify(src/rov_mujoco_sim) by extensions ['ros']
[0.390s] Level 1:colcon.colcon_core.package_identification:_identify(src/rov_mujoco_sim) by extension 'ros'
[0.391s] DEBUG:colcon.colcon_core.package_identification:Package 'src/rov_mujoco_sim' with type 'ros.ament_cmake' and name 'rov_mujoco_sim'
[0.391s] Level 1:colcon.colcon_core.package_identification:_identify(src/rov_path_follower) by extensions ['ignore', 'ignore_ament_install']
[0.391s] Level 1:colcon.colcon_core.package_identification:_identify(src/rov_path_follower) by extension 'ignore'
[0.391s] Level 1:colcon.colcon_core.package_identification:_identify(src/rov_path_follower) by extension 'ignore_ament_install'
[0.391s] Level 1:colcon.colcon_core.package_identification:_identify(src/rov_path_follower) by extensions ['colcon_pkg']
[0.391s] Level 1:colcon.colcon_core.package_identification:_identify(src/rov_path_follower) by extension 'colcon_pkg'
[0.391s] Level 1:colcon.colcon_core.package_identification:_identify(src/rov_path_follower) by extensions ['colcon_meta']
[0.391s] Level 1:colcon.colcon_core.package_identification:_identify(src/rov_path_follower) by extension 'colcon_meta'
[0.391s] Level 1:colcon.colcon_core.package_identification:_identify(src/rov_path_follower) by extensions ['ros']
[0.391s] Level 1:colcon.colcon_core.package_identification:_identify(src/rov_path_follower) by extension 'ros'
[0.398s] DEBUG:colcon.colcon_core.package_identification:Package 'src/rov_path_follower' with type 'ros.ament_python' and name 'rov_path_follower'
[0.399s] Level 1:colcon.colcon_core.package_identification:_identify(src/rov_path_generator) by extensions ['ignore', 'ignore_ament_install']
[0.399s] Level 1:colcon.colcon_core.package_identification:_identify(src/rov_path_generator) by extension 'ignore'
[0.399s] Level 1:colcon.colcon_core.package_identification:_identify(src/rov_path_generator) by extension 'ignore_ament_install'
[0.399s] Level 1:colcon.colcon_core.package_identification:_identify(src/rov_path_generator) by extensions ['colcon_pkg']
[0.399s] Level 1:colcon.colcon_core.package_identification:_identify(src/rov_path_generator) by extension 'colcon_pkg'
[0.399s] Level 1:colcon.colcon_core.package_identification:_identify(src/rov_path_generator) by extensions ['colcon_meta']
[0.399s] Level 1:colcon.colcon_core.package_identification:_identify(src/rov_path_generator) by extension 'colcon_meta'
[0.399s] Level 1:colcon.colcon_core.package_identification:_identify(src/rov_path_generator) by extensions ['ros']
[0.399s] Level 1:colcon.colcon_core.package_identification:_identify(src/rov_path_generator) by extension 'ros'
[0.399s] DEBUG:colcon.colcon_core.package_identification:Package 'src/rov_path_generator' with type 'ros.ament_python' and name 'rov_path_generator'
[0.400s] Level 1:colcon.colcon_core.package_identification:_identify(src/rov_position_controller) by extensions ['ignore', 'ignore_ament_install']
[0.400s] Level 1:colcon.colcon_core.package_identification:_identify(src/rov_position_controller) by extension 'ignore'
[0.400s] Level 1:colcon.colcon_core.package_identification:_identify(src/rov_position_controller) by extension 'ignore_ament_install'
[0.400s] Level 1:colcon.colcon_core.package_identification:_identify(src/rov_position_controller) by extensions ['colcon_pkg']
[0.400s] Level 1:colcon.colcon_core.package_identification:_identify(src/rov_position_controller) by extension 'colcon_pkg'
[0.400s] Level 1:colcon.colcon_core.package_identification:_identify(src/rov_position_controller) by extensions ['colcon_meta']
[0.400s] Level 1:colcon.colcon_core.package_identification:_identify(src/rov_position_controller) by extension 'colcon_meta'
[0.400s] Level 1:colcon.colcon_core.package_identification:_identify(src/rov_position_controller) by extensions ['ros']
[0.400s] Level 1:colcon.colcon_core.package_identification:_identify(src/rov_position_controller) by extension 'ros'
[0.400s] DEBUG:colcon.colcon_core.package_identification:Package 'src/rov_position_controller' with type 'ros.ament_python' and name 'rov_position_controller'
[0.401s] Level 1:colcon.colcon_core.package_identification:_identify(src/rov_real_bringup) by extensions ['ignore', 'ignore_ament_install']
[0.401s] Level 1:colcon.colcon_core.package_identification:_identify(src/rov_real_bringup) by extension 'ignore'
[0.401s] Level 1:colcon.colcon_core.package_identification:_identify(src/rov_real_bringup) by extension 'ignore_ament_install'
[0.401s] Level 1:colcon.colcon_core.package_identification:_identify(src/rov_real_bringup) by extensions ['colcon_pkg']
[0.401s] Level 1:colcon.colcon_core.package_identification:_identify(src/rov_real_bringup) by extension 'colcon_pkg'
[0.401s] Level 1:colcon.colcon_core.package_identification:_identify(src/rov_real_bringup) by extensions ['colcon_meta']
[0.401s] Level 1:colcon.colcon_core.package_identification:_identify(src/rov_real_bringup) by extension 'colcon_meta'
[0.401s] Level 1:colcon.colcon_core.package_identification:_identify(src/rov_real_bringup) by extensions ['ros']
[0.401s] Level 1:colcon.colcon_core.package_identification:_identify(src/rov_real_bringup) by extension 'ros'
[0.402s] DEBUG:colcon.colcon_core.package_identification:Package 'src/rov_real_bringup' with type 'ros.ament_cmake' and name 'rov_real_bringup'
[0.402s] Level 1:colcon.colcon_core.package_identification:_identify(src/rov_real_description) by extensions ['ignore', 'ignore_ament_install']
[0.402s] Level 1:colcon.colcon_core.package_identification:_identify(src/rov_real_description) by extension 'ignore'
[0.402s] Level 1:colcon.colcon_core.package_identification:_identify(src/rov_real_description) by extension 'ignore_ament_install'
[0.402s] Level 1:colcon.colcon_core.package_identification:_identify(src/rov_real_description) by extensions ['colcon_pkg']
[0.402s] Level 1:colcon.colcon_core.package_identification:_identify(src/rov_real_description) by extension 'colcon_pkg'
[0.402s] Level 1:colcon.colcon_core.package_identification:_identify(src/rov_real_description) by extensions ['colcon_meta']
[0.402s] Level 1:colcon.colcon_core.package_identification:_identify(src/rov_real_description) by extension 'colcon_meta'
[0.403s] Level 1:colcon.colcon_core.package_identification:_identify(src/rov_real_description) by extensions ['ros']
[0.403s] Level 1:colcon.colcon_core.package_identification:_identify(src/rov_real_description) by extension 'ros'
[0.403s] DEBUG:colcon.colcon_core.package_identification:Package 'src/rov_real_description' with type 'ros.ament_cmake' and name 'rov_real_description'
[0.403s] Level 1:colcon.colcon_core.package_identification:_identify(src/visualization) by extensions ['ignore', 'ignore_ament_install']
[0.403s] Level 1:colcon.colcon_core.package_identification:_identify(src/visualization) by extension 'ignore'
[0.403s] Level 1:colcon.colcon_core.package_identification:_identify(src/visualization) by extension 'ignore_ament_install'
[0.403s] Level 1:colcon.colcon_core.package_identification:_identify(src/visualization) by extensions ['colcon_pkg']
[0.403s] Level 1:colcon.colcon_core.package_identification:_identify(src/visualization) by extension 'colcon_pkg'
[0.403s] Level 1:colcon.colcon_core.package_identification:_identify(src/visualization) by extensions ['colcon_meta']
[0.403s] Level 1:colcon.colcon_core.package_identification:_identify(src/visualization) by extension 'colcon_meta'
[0.403s] Level 1:colcon.colcon_core.package_identification:_identify(src/visualization) by extensions ['ros']
[0.404s] Level 1:colcon.colcon_core.package_identification:_identify(src/visualization) by extension 'ros'
[0.404s] DEBUG:colcon.colcon_core.package_identification:Package 'src/visualization' with type 'ros.ament_python' and name 'visualization'
[0.404s] Level 1:colcon.colcon_core.package_discovery:discover_packages(recursive) using defaults
[0.404s] Level 1:colcon.colcon_core.package_discovery:discover_packages(ignore) discover
[0.404s] Level 1:colcon.colcon_core.package_discovery:discover_packages(ignore) using defaults
[0.404s] Level 1:colcon.colcon_core.package_discovery:discover_packages(path) discover
[0.404s] Level 1:colcon.colcon_core.package_discovery:discover_packages(path) using defaults
[0.422s] Level 1:colcon.colcon_core.package_discovery:discover_packages(prefix_path) check parameters
[0.423s] Level 1:colcon.colcon_core.package_discovery:discover_packages(prefix_path) discover
[0.426s] DEBUG:colcon.colcon_installed_package_information.package_discovery:Found 460 installed packages in /opt/ros/humble
[0.428s] Level 1:colcon.colcon_core.package_discovery:discover_packages(prefix_path) using defaults
[0.479s] Level 5:colcon.colcon_core.verb:set package 'direct_control' build argument 'cmake_args' from command line to 'None'
[0.479s] Level 5:colcon.colcon_core.verb:set package 'direct_control' build argument 'cmake_target' from command line to 'None'
[0.480s] Level 5:colcon.colcon_core.verb:set package 'direct_control' build argument 'cmake_target_skip_unavailable' from command line to 'False'
[0.480s] Level 5:colcon.colcon_core.verb:set package 'direct_control' build argument 'cmake_clean_cache' from command line to 'False'
[0.480s] Level 5:colcon.colcon_core.verb:set package 'direct_control' build argument 'cmake_clean_first' from command line to 'False'
[0.480s] Level 5:colcon.colcon_core.verb:set package 'direct_control' build argument 'cmake_force_configure' from command line to 'False'
[0.480s] Level 5:colcon.colcon_core.verb:set package 'direct_control' build argument 'ament_cmake_args' from command line to 'None'
[0.480s] Level 5:colcon.colcon_core.verb:set package 'direct_control' build argument 'catkin_cmake_args' from command line to 'None'
[0.480s] Level 5:colcon.colcon_core.verb:set package 'direct_control' build argument 'catkin_skip_building_tests' from command line to 'False'
[0.480s] DEBUG:colcon.colcon_core.verb:Building package 'direct_control' with the following arguments: {'ament_cmake_args': None, 'build_base': '/home/eia/rbi_2025/rov/rov_ws/build/direct_control', 'catkin_cmake_args': None, 'catkin_skip_building_tests': False, 'cmake_args': None, 'cmake_clean_cache': False, 'cmake_clean_first': False, 'cmake_force_configure': False, 'cmake_target': None, 'cmake_target_skip_unavailable': False, 'install_base': '/home/eia/rbi_2025/rov/rov_ws/install/direct_control', 'merge_install': False, 'path': '/home/eia/rbi_2025/rov/rov_ws/src/direct_control', 'symlink_install': True, 'test_result_base': None}
[0.480s] Level 5:colcon.colcon_core.verb:set package 'rov_attitude_controller' build argument 'cmake_args' from command line to 'None'
[0.480s] Level 5:colcon.colcon_core.verb:set package 'rov_attitude_controller' build argument 'cmake_target' from command line to 'None'
[0.480s] Level 5:colcon.colcon_core.verb:set package 'rov_attitude_controller' build argument 'cmake_target_skip_unavailable' from command line to 'False'
[0.480s] Level 5:colcon.colcon_core.verb:set package 'rov_attitude_controller' build argument 'cmake_clean_cache' from command line to 'False'
[0.480s] Level 5:colcon.colcon_core.verb:set package 'rov_attitude_controller' build argument 'cmake_clean_first' from command line to 'False'
[0.480s] Level 5:colcon.colcon_core.verb:set package 'rov_attitude_controller' build argument 'cmake_force_configure' from command line to 'False'
[0.480s] Level 5:colcon.colcon_core.verb:set package 'rov_attitude_controller' build argument 'ament_cmake_args' from command line to 'None'
[0.480s] Level 5:colcon.colcon_core.verb:set package 'rov_attitude_controller' build argument 'catkin_cmake_args' from command line to 'None'
[0.480s] Level 5:colcon.colcon_core.verb:set package 'rov_attitude_controller' build argument 'catkin_skip_building_tests' from command line to 'False'
[0.480s] DEBUG:colcon.colcon_core.verb:Building package 'rov_attitude_controller' with the following arguments: {'ament_cmake_args': None, 'build_base': '/home/eia/rbi_2025/rov/rov_ws/build/rov_attitude_controller', 'catkin_cmake_args': None, 'catkin_skip_building_tests': False, 'cmake_args': None, 'cmake_clean_cache': False, 'cmake_clean_first': False, 'cmake_force_configure': False, 'cmake_target': None, 'cmake_target_skip_unavailable': False, 'install_base': '/home/eia/rbi_2025/rov/rov_ws/install/rov_attitude_controller', 'merge_install': False, 'path': '/home/eia/rbi_2025/rov/rov_ws/src/rov_attitude_controller', 'symlink_install': True, 'test_result_base': None}
[0.481s] Level 5:colcon.colcon_core.verb:set package 'rov_controllers' build argument 'cmake_args' from command line to 'None'
[0.481s] Level 5:colcon.colcon_core.verb:set package 'rov_controllers' build argument 'cmake_target' from command line to 'None'
[0.481s] Level 5:colcon.colcon_core.verb:set package 'rov_controllers' build argument 'cmake_target_skip_unavailable' from command line to 'False'
[0.481s] Level 5:colcon.colcon_core.verb:set package 'rov_controllers' build argument 'cmake_clean_cache' from command line to 'False'
[0.481s] Level 5:colcon.colcon_core.verb:set package 'rov_controllers' build argument 'cmake_clean_first' from command line to 'False'
[0.481s] Level 5:colcon.colcon_core.verb:set package 'rov_controllers' build argument 'cmake_force_configure' from command line to 'False'
[0.481s] Level 5:colcon.colcon_core.verb:set package 'rov_controllers' build argument 'ament_cmake_args' from command line to 'None'
[0.481s] Level 5:colcon.colcon_core.verb:set package 'rov_controllers' build argument 'catkin_cmake_args' from command line to 'None'
[0.481s] Level 5:colcon.colcon_core.verb:set package 'rov_controllers' build argument 'catkin_skip_building_tests' from command line to 'False'
[0.481s] DEBUG:colcon.colcon_core.verb:Building package 'rov_controllers' with the following arguments: {'ament_cmake_args': None, 'build_base': '/home/eia/rbi_2025/rov/rov_ws/build/rov_controllers', 'catkin_cmake_args': None, 'catkin_skip_building_tests': False, 'cmake_args': None, 'cmake_clean_cache': False, 'cmake_clean_first': False, 'cmake_force_configure': False, 'cmake_target': None, 'cmake_target_skip_unavailable': False, 'install_base': '/home/eia/rbi_2025/rov/rov_ws/install/rov_controllers', 'merge_install': False, 'path': '/home/eia/rbi_2025/rov/rov_ws/src/rov_controllers', 'symlink_install': True, 'test_result_base': None}
[0.481s] Level 5:colcon.colcon_core.verb:set package 'rov_hardware_interface' build argument 'cmake_args' from command line to 'None'
[0.481s] Level 5:colcon.colcon_core.verb:set package 'rov_hardware_interface' build argument 'cmake_target' from command line to 'None'
[0.481s] Level 5:colcon.colcon_core.verb:set package 'rov_hardware_interface' build argument 'cmake_target_skip_unavailable' from command line to 'False'
[0.481s] Level 5:colcon.colcon_core.verb:set package 'rov_hardware_interface' build argument 'cmake_clean_cache' from command line to 'False'
[0.481s] Level 5:colcon.colcon_core.verb:set package 'rov_hardware_interface' build argument 'cmake_clean_first' from command line to 'False'
[0.481s] Level 5:colcon.colcon_core.verb:set package 'rov_hardware_interface' build argument 'cmake_force_configure' from command line to 'False'
[0.481s] Level 5:colcon.colcon_core.verb:set package 'rov_hardware_interface' build argument 'ament_cmake_args' from command line to 'None'
[0.481s] Level 5:colcon.colcon_core.verb:set package 'rov_hardware_interface' build argument 'catkin_cmake_args' from command line to 'None'
[0.481s] Level 5:colcon.colcon_core.verb:set package 'rov_hardware_interface' build argument 'catkin_skip_building_tests' from command line to 'False'
[0.481s] DEBUG:colcon.colcon_core.verb:Building package 'rov_hardware_interface' with the following arguments: {'ament_cmake_args': None, 'build_base': '/home/eia/rbi_2025/rov/rov_ws/build/rov_hardware_interface', 'catkin_cmake_args': None, 'catkin_skip_building_tests': False, 'cmake_args': None, 'cmake_clean_cache': False, 'cmake_clean_first': False, 'cmake_force_configure': False, 'cmake_target': None, 'cmake_target_skip_unavailable': False, 'install_base': '/home/eia/rbi_2025/rov/rov_ws/install/rov_hardware_interface', 'merge_install': False, 'path': '/home/eia/rbi_2025/rov/rov_ws/src/rov_hardware_interface', 'symlink_install': True, 'test_result_base': None}
[0.482s] Level 5:colcon.colcon_core.verb:set package 'rov_mujoco_bringup' build argument 'cmake_args' from command line to 'None'
[0.482s] Level 5:colcon.colcon_core.verb:set package 'rov_mujoco_bringup' build argument 'cmake_target' from command line to 'None'
[0.482s] Level 5:colcon.colcon_core.verb:set package 'rov_mujoco_bringup' build argument 'cmake_target_skip_unavailable' from command line to 'False'
[0.482s] Level 5:colcon.colcon_core.verb:set package 'rov_mujoco_bringup' build argument 'cmake_clean_cache' from command line to 'False'
[0.482s] Level 5:colcon.colcon_core.verb:set package 'rov_mujoco_bringup' build argument 'cmake_clean_first' from command line to 'False'
[0.482s] Level 5:colcon.colcon_core.verb:set package 'rov_mujoco_bringup' build argument 'cmake_force_configure' from command line to 'False'
[0.482s] Level 5:colcon.colcon_core.verb:set package 'rov_mujoco_bringup' build argument 'ament_cmake_args' from command line to 'None'
[0.482s] Level 5:colcon.colcon_core.verb:set package 'rov_mujoco_bringup' build argument 'catkin_cmake_args' from command line to 'None'
[0.482s] Level 5:colcon.colcon_core.verb:set package 'rov_mujoco_bringup' build argument 'catkin_skip_building_tests' from command line to 'False'
[0.482s] DEBUG:colcon.colcon_core.verb:Building package 'rov_mujoco_bringup' with the following arguments: {'ament_cmake_args': None, 'build_base': '/home/eia/rbi_2025/rov/rov_ws/build/rov_mujoco_bringup', 'catkin_cmake_args': None, 'catkin_skip_building_tests': False, 'cmake_args': None, 'cmake_clean_cache': False, 'cmake_clean_first': False, 'cmake_force_configure': False, 'cmake_target': None, 'cmake_target_skip_unavailable': False, 'install_base': '/home/eia/rbi_2025/rov/rov_ws/install/rov_mujoco_bringup', 'merge_install': False, 'path': '/home/eia/rbi_2025/rov/rov_ws/src/rov_mujoco_bringup', 'symlink_install': True, 'test_result_base': None}
[0.482s] Level 5:colcon.colcon_core.verb:set package 'rov_mujoco_description' build argument 'cmake_args' from command line to 'None'
[0.482s] Level 5:colcon.colcon_core.verb:set package 'rov_mujoco_description' build argument 'cmake_target' from command line to 'None'
[0.482s] Level 5:colcon.colcon_core.verb:set package 'rov_mujoco_description' build argument 'cmake_target_skip_unavailable' from command line to 'False'
[0.482s] Level 5:colcon.colcon_core.verb:set package 'rov_mujoco_description' build argument 'cmake_clean_cache' from command line to 'False'
[0.482s] Level 5:colcon.colcon_core.verb:set package 'rov_mujoco_description' build argument 'cmake_clean_first' from command line to 'False'
[0.482s] Level 5:colcon.colcon_core.verb:set package 'rov_mujoco_description' build argument 'cmake_force_configure' from command line to 'False'
[0.482s] Level 5:colcon.colcon_core.verb:set package 'rov_mujoco_description' build argument 'ament_cmake_args' from command line to 'None'
[0.483s] Level 5:colcon.colcon_core.verb:set package 'rov_mujoco_description' build argument 'catkin_cmake_args' from command line to 'None'
[0.483s] Level 5:colcon.colcon_core.verb:set package 'rov_mujoco_description' build argument 'catkin_skip_building_tests' from command line to 'False'
[0.483s] DEBUG:colcon.colcon_core.verb:Building package 'rov_mujoco_description' with the following arguments: {'ament_cmake_args': None, 'build_base': '/home/eia/rbi_2025/rov/rov_ws/build/rov_mujoco_description', 'catkin_cmake_args': None, 'catkin_skip_building_tests': False, 'cmake_args': None, 'cmake_clean_cache': False, 'cmake_clean_first': False, 'cmake_force_configure': False, 'cmake_target': None, 'cmake_target_skip_unavailable': False, 'install_base': '/home/eia/rbi_2025/rov/rov_ws/install/rov_mujoco_description', 'merge_install': False, 'path': '/home/eia/rbi_2025/rov/rov_ws/src/rov_mujoco_description', 'symlink_install': True, 'test_result_base': None}
[0.483s] Level 5:colcon.colcon_core.verb:set package 'rov_mujoco_sim' build argument 'cmake_args' from command line to 'None'
[0.483s] Level 5:colcon.colcon_core.verb:set package 'rov_mujoco_sim' build argument 'cmake_target' from command line to 'None'
[0.483s] Level 5:colcon.colcon_core.verb:set package 'rov_mujoco_sim' build argument 'cmake_target_skip_unavailable' from command line to 'False'
[0.483s] Level 5:colcon.colcon_core.verb:set package 'rov_mujoco_sim' build argument 'cmake_clean_cache' from command line to 'False'
[0.483s] Level 5:colcon.colcon_core.verb:set package 'rov_mujoco_sim' build argument 'cmake_clean_first' from command line to 'False'
[0.483s] Level 5:colcon.colcon_core.verb:set package 'rov_mujoco_sim' build argument 'cmake_force_configure' from command line to 'False'
[0.483s] Level 5:colcon.colcon_core.verb:set package 'rov_mujoco_sim' build argument 'ament_cmake_args' from command line to 'None'
[0.483s] Level 5:colcon.colcon_core.verb:set package 'rov_mujoco_sim' build argument 'catkin_cmake_args' from command line to 'None'
[0.483s] Level 5:colcon.colcon_core.verb:set package 'rov_mujoco_sim' build argument 'catkin_skip_building_tests' from command line to 'False'
[0.483s] DEBUG:colcon.colcon_core.verb:Building package 'rov_mujoco_sim' with the following arguments: {'ament_cmake_args': None, 'build_base': '/home/eia/rbi_2025/rov/rov_ws/build/rov_mujoco_sim', 'catkin_cmake_args': None, 'catkin_skip_building_tests': False, 'cmake_args': None, 'cmake_clean_cache': False, 'cmake_clean_first': False, 'cmake_force_configure': False, 'cmake_target': None, 'cmake_target_skip_unavailable': False, 'install_base': '/home/eia/rbi_2025/rov/rov_ws/install/rov_mujoco_sim', 'merge_install': False, 'path': '/home/eia/rbi_2025/rov/rov_ws/src/rov_mujoco_sim', 'symlink_install': True, 'test_result_base': None}
[0.483s] Level 5:colcon.colcon_core.verb:set package 'rov_path_follower' build argument 'cmake_args' from command line to 'None'
[0.483s] Level 5:colcon.colcon_core.verb:set package 'rov_path_follower' build argument 'cmake_target' from command line to 'None'
[0.483s] Level 5:colcon.colcon_core.verb:set package 'rov_path_follower' build argument 'cmake_target_skip_unavailable' from command line to 'False'
[0.484s] Level 5:colcon.colcon_core.verb:set package 'rov_path_follower' build argument 'cmake_clean_cache' from command line to 'False'
[0.484s] Level 5:colcon.colcon_core.verb:set package 'rov_path_follower' build argument 'cmake_clean_first' from command line to 'False'
[0.484s] Level 5:colcon.colcon_core.verb:set package 'rov_path_follower' build argument 'cmake_force_configure' from command line to 'False'
[0.484s] Level 5:colcon.colcon_core.verb:set package 'rov_path_follower' build argument 'ament_cmake_args' from command line to 'None'
[0.484s] Level 5:colcon.colcon_core.verb:set package 'rov_path_follower' build argument 'catkin_cmake_args' from command line to 'None'
[0.484s] Level 5:colcon.colcon_core.verb:set package 'rov_path_follower' build argument 'catkin_skip_building_tests' from command line to 'False'
[0.484s] DEBUG:colcon.colcon_core.verb:Building package 'rov_path_follower' with the following arguments: {'ament_cmake_args': None, 'build_base': '/home/eia/rbi_2025/rov/rov_ws/build/rov_path_follower', 'catkin_cmake_args': None, 'catkin_skip_building_tests': False, 'cmake_args': None, 'cmake_clean_cache': False, 'cmake_clean_first': False, 'cmake_force_configure': False, 'cmake_target': None, 'cmake_target_skip_unavailable': False, 'install_base': '/home/eia/rbi_2025/rov/rov_ws/install/rov_path_follower', 'merge_install': False, 'path': '/home/eia/rbi_2025/rov/rov_ws/src/rov_path_follower', 'symlink_install': True, 'test_result_base': None}
[0.484s] Level 5:colcon.colcon_core.verb:set package 'rov_path_generator' build argument 'cmake_args' from command line to 'None'
[0.484s] Level 5:colcon.colcon_core.verb:set package 'rov_path_generator' build argument 'cmake_target' from command line to 'None'
[0.484s] Level 5:colcon.colcon_core.verb:set package 'rov_path_generator' build argument 'cmake_target_skip_unavailable' from command line to 'False'
[0.484s] Level 5:colcon.colcon_core.verb:set package 'rov_path_generator' build argument 'cmake_clean_cache' from command line to 'False'
[0.484s] Level 5:colcon.colcon_core.verb:set package 'rov_path_generator' build argument 'cmake_clean_first' from command line to 'False'
[0.484s] Level 5:colcon.colcon_core.verb:set package 'rov_path_generator' build argument 'cmake_force_configure' from command line to 'False'
[0.484s] Level 5:colcon.colcon_core.verb:set package 'rov_path_generator' build argument 'ament_cmake_args' from command line to 'None'
[0.484s] Level 5:colcon.colcon_core.verb:set package 'rov_path_generator' build argument 'catkin_cmake_args' from command line to 'None'
[0.484s] Level 5:colcon.colcon_core.verb:set package 'rov_path_generator' build argument 'catkin_skip_building_tests' from command line to 'False'
[0.484s] DEBUG:colcon.colcon_core.verb:Building package 'rov_path_generator' with the following arguments: {'ament_cmake_args': None, 'build_base': '/home/eia/rbi_2025/rov/rov_ws/build/rov_path_generator', 'catkin_cmake_args': None, 'catkin_skip_building_tests': False, 'cmake_args': None, 'cmake_clean_cache': False, 'cmake_clean_first': False, 'cmake_force_configure': False, 'cmake_target': None, 'cmake_target_skip_unavailable': False, 'install_base': '/home/eia/rbi_2025/rov/rov_ws/install/rov_path_generator', 'merge_install': False, 'path': '/home/eia/rbi_2025/rov/rov_ws/src/rov_path_generator', 'symlink_install': True, 'test_result_base': None}
[0.485s] Level 5:colcon.colcon_core.verb:set package 'rov_position_controller' build argument 'cmake_args' from command line to 'None'
[0.485s] Level 5:colcon.colcon_core.verb:set package 'rov_position_controller' build argument 'cmake_target' from command line to 'None'
[0.485s] Level 5:colcon.colcon_core.verb:set package 'rov_position_controller' build argument 'cmake_target_skip_unavailable' from command line to 'False'
[0.485s] Level 5:colcon.colcon_core.verb:set package 'rov_position_controller' build argument 'cmake_clean_cache' from command line to 'False'
[0.485s] Level 5:colcon.colcon_core.verb:set package 'rov_position_controller' build argument 'cmake_clean_first' from command line to 'False'
[0.485s] Level 5:colcon.colcon_core.verb:set package 'rov_position_controller' build argument 'cmake_force_configure' from command line to 'False'
[0.485s] Level 5:colcon.colcon_core.verb:set package 'rov_position_controller' build argument 'ament_cmake_args' from command line to 'None'
[0.485s] Level 5:colcon.colcon_core.verb:set package 'rov_position_controller' build argument 'catkin_cmake_args' from command line to 'None'
[0.485s] Level 5:colcon.colcon_core.verb:set package 'rov_position_controller' build argument 'catkin_skip_building_tests' from command line to 'False'
[0.485s] DEBUG:colcon.colcon_core.verb:Building package 'rov_position_controller' with the following arguments: {'ament_cmake_args': None, 'build_base': '/home/eia/rbi_2025/rov/rov_ws/build/rov_position_controller', 'catkin_cmake_args': None, 'catkin_skip_building_tests': False, 'cmake_args': None, 'cmake_clean_cache': False, 'cmake_clean_first': False, 'cmake_force_configure': False, 'cmake_target': None, 'cmake_target_skip_unavailable': False, 'install_base': '/home/eia/rbi_2025/rov/rov_ws/install/rov_position_controller', 'merge_install': False, 'path': '/home/eia/rbi_2025/rov/rov_ws/src/rov_position_controller', 'symlink_install': True, 'test_result_base': None}
[0.485s] Level 5:colcon.colcon_core.verb:set package 'rov_real_bringup' build argument 'cmake_args' from command line to 'None'
[0.485s] Level 5:colcon.colcon_core.verb:set package 'rov_real_bringup' build argument 'cmake_target' from command line to 'None'
[0.485s] Level 5:colcon.colcon_core.verb:set package 'rov_real_bringup' build argument 'cmake_target_skip_unavailable' from command line to 'False'
[0.485s] Level 5:colcon.colcon_core.verb:set package 'rov_real_bringup' build argument 'cmake_clean_cache' from command line to 'False'
[0.485s] Level 5:colcon.colcon_core.verb:set package 'rov_real_bringup' build argument 'cmake_clean_first' from command line to 'False'
[0.485s] Level 5:colcon.colcon_core.verb:set package 'rov_real_bringup' build argument 'cmake_force_configure' from command line to 'False'
[0.485s] Level 5:colcon.colcon_core.verb:set package 'rov_real_bringup' build argument 'ament_cmake_args' from command line to 'None'
[0.485s] Level 5:colcon.colcon_core.verb:set package 'rov_real_bringup' build argument 'catkin_cmake_args' from command line to 'None'
[0.485s] Level 5:colcon.colcon_core.verb:set package 'rov_real_bringup' build argument 'catkin_skip_building_tests' from command line to 'False'
[0.485s] DEBUG:colcon.colcon_core.verb:Building package 'rov_real_bringup' with the following arguments: {'ament_cmake_args': None, 'build_base': '/home/eia/rbi_2025/rov/rov_ws/build/rov_real_bringup', 'catkin_cmake_args': None, 'catkin_skip_building_tests': False, 'cmake_args': None, 'cmake_clean_cache': False, 'cmake_clean_first': False, 'cmake_force_configure': False, 'cmake_target': None, 'cmake_target_skip_unavailable': False, 'install_base': '/home/eia/rbi_2025/rov/rov_ws/install/rov_real_bringup', 'merge_install': False, 'path': '/home/eia/rbi_2025/rov/rov_ws/src/rov_real_bringup', 'symlink_install': True, 'test_result_base': None}
[0.486s] Level 5:colcon.colcon_core.verb:set package 'rov_real_description' build argument 'cmake_args' from command line to 'None'
[0.486s] Level 5:colcon.colcon_core.verb:set package 'rov_real_description' build argument 'cmake_target' from command line to 'None'
[0.486s] Level 5:colcon.colcon_core.verb:set package 'rov_real_description' build argument 'cmake_target_skip_unavailable' from command line to 'False'
[0.486s] Level 5:colcon.colcon_core.verb:set package 'rov_real_description' build argument 'cmake_clean_cache' from command line to 'False'
[0.486s] Level 5:colcon.colcon_core.verb:set package 'rov_real_description' build argument 'cmake_clean_first' from command line to 'False'
[0.486s] Level 5:colcon.colcon_core.verb:set package 'rov_real_description' build argument 'cmake_force_configure' from command line to 'False'
[0.486s] Level 5:colcon.colcon_core.verb:set package 'rov_real_description' build argument 'ament_cmake_args' from command line to 'None'
[0.486s] Level 5:colcon.colcon_core.verb:set package 'rov_real_description' build argument 'catkin_cmake_args' from command line to 'None'
[0.486s] Level 5:colcon.colcon_core.verb:set package 'rov_real_description' build argument 'catkin_skip_building_tests' from command line to 'False'
[0.486s] DEBUG:colcon.colcon_core.verb:Building package 'rov_real_description' with the following arguments: {'ament_cmake_args': None, 'build_base': '/home/eia/rbi_2025/rov/rov_ws/build/rov_real_description', 'catkin_cmake_args': None, 'catkin_skip_building_tests': False, 'cmake_args': None, 'cmake_clean_cache': False, 'cmake_clean_first': False, 'cmake_force_configure': False, 'cmake_target': None, 'cmake_target_skip_unavailable': False, 'install_base': '/home/eia/rbi_2025/rov/rov_ws/install/rov_real_description', 'merge_install': False, 'path': '/home/eia/rbi_2025/rov/rov_ws/src/rov_real_description', 'symlink_install': True, 'test_result_base': None}
[0.486s] Level 5:colcon.colcon_core.verb:set package 'visualization' build argument 'cmake_args' from command line to 'None'
[0.486s] Level 5:colcon.colcon_core.verb:set package 'visualization' build argument 'cmake_target' from command line to 'None'
[0.486s] Level 5:colcon.colcon_core.verb:set package 'visualization' build argument 'cmake_target_skip_unavailable' from command line to 'False'
[0.486s] Level 5:colcon.colcon_core.verb:set package 'visualization' build argument 'cmake_clean_cache' from command line to 'False'
[0.486s] Level 5:colcon.colcon_core.verb:set package 'visualization' build argument 'cmake_clean_first' from command line to 'False'
[0.486s] Level 5:colcon.colcon_core.verb:set package 'visualization' build argument 'cmake_force_configure' from command line to 'False'
[0.486s] Level 5:colcon.colcon_core.verb:set package 'visualization' build argument 'ament_cmake_args' from command line to 'None'
[0.486s] Level 5:colcon.colcon_core.verb:set package 'visualization' build argument 'catkin_cmake_args' from command line to 'None'
[0.486s] Level 5:colcon.colcon_core.verb:set package 'visualization' build argument 'catkin_skip_building_tests' from command line to 'False'
[0.487s] DEBUG:colcon.colcon_core.verb:Building package 'visualization' with the following arguments: {'ament_cmake_args': None, 'build_base': '/home/eia/rbi_2025/rov/rov_ws/build/visualization', 'catkin_cmake_args': None, 'catkin_skip_building_tests': False, 'cmake_args': None, 'cmake_clean_cache': False, 'cmake_clean_first': False, 'cmake_force_configure': False, 'cmake_target': None, 'cmake_target_skip_unavailable': False, 'install_base': '/home/eia/rbi_2025/rov/rov_ws/install/visualization', 'merge_install': False, 'path': '/home/eia/rbi_2025/rov/rov_ws/src/visualization', 'symlink_install': True, 'test_result_base': None}
[0.487s] INFO:colcon.colcon_core.executor:Executing jobs using 'parallel' executor
[0.487s] DEBUG:colcon.colcon_parallel_executor.executor.parallel:run_until_complete
[0.488s] INFO:colcon.colcon_ros.task.ament_python.build:Building ROS package in '/home/eia/rbi_2025/rov/rov_ws/src/direct_control' with build type 'ament_python'
[0.488s] Level 1:colcon.colcon_core.shell:create_environment_hook('direct_control', 'ament_prefix_path')
[0.490s] INFO:colcon.colcon_core.plugin_system:Skipping extension 'colcon_core.shell.bat': Not used on non-Windows systems
[0.490s] INFO:colcon.colcon_core.shell:Creating environment hook '/home/eia/rbi_2025/rov/rov_ws/install/direct_control/share/direct_control/hook/ament_prefix_path.ps1'
[0.491s] INFO:colcon.colcon_core.shell:Creating environment descriptor '/home/eia/rbi_2025/rov/rov_ws/install/direct_control/share/direct_control/hook/ament_prefix_path.dsv'
[0.491s] INFO:colcon.colcon_core.shell:Creating environment hook '/home/eia/rbi_2025/rov/rov_ws/install/direct_control/share/direct_control/hook/ament_prefix_path.sh'
[0.492s] INFO:colcon.colcon_core.shell:Skip shell extension 'powershell' for command environment: Not usable outside of PowerShell
[0.492s] DEBUG:colcon.colcon_core.shell:Skip shell extension 'dsv' for command environment
[0.494s] INFO:colcon.colcon_ros.task.ament_python.build:Building ROS package in '/home/eia/rbi_2025/rov/rov_ws/src/rov_attitude_controller' with build type 'ament_python'
[0.494s] Level 1:colcon.colcon_core.shell:create_environment_hook('rov_attitude_controller', 'ament_prefix_path')
[0.495s] INFO:colcon.colcon_core.shell:Creating environment hook '/home/eia/rbi_2025/rov/rov_ws/install/rov_attitude_controller/share/rov_attitude_controller/hook/ament_prefix_path.ps1'
[0.495s] INFO:colcon.colcon_core.shell:Creating environment descriptor '/home/eia/rbi_2025/rov/rov_ws/install/rov_attitude_controller/share/rov_attitude_controller/hook/ament_prefix_path.dsv'
[0.495s] INFO:colcon.colcon_core.shell:Creating environment hook '/home/eia/rbi_2025/rov/rov_ws/install/rov_attitude_controller/share/rov_attitude_controller/hook/ament_prefix_path.sh'
[0.496s] INFO:colcon.colcon_core.shell:Skip shell extension 'powershell' for command environment: Not usable outside of PowerShell
[0.496s] DEBUG:colcon.colcon_core.shell:Skip shell extension 'dsv' for command environment
[0.499s] INFO:colcon.colcon_ros.task.ament_cmake.build:Building ROS package in '/home/eia/rbi_2025/rov/rov_ws/src/rov_controllers' with build type 'ament_cmake'
[0.499s] INFO:colcon.colcon_cmake.task.cmake.build:Building CMake package in '/home/eia/rbi_2025/rov/rov_ws/src/rov_controllers'
[0.499s] INFO:colcon.colcon_core.shell:Skip shell extension 'powershell' for command environment: Not usable outside of PowerShell
[0.499s] DEBUG:colcon.colcon_core.shell:Skip shell extension 'dsv' for command environment
[0.502s] INFO:colcon.colcon_ros.task.ament_cmake.build:Building ROS package in '/home/eia/rbi_2025/rov/rov_ws/src/rov_hardware_interface' with build type 'ament_cmake'
[0.502s] INFO:colcon.colcon_cmake.task.cmake.build:Building CMake package in '/home/eia/rbi_2025/rov/rov_ws/src/rov_hardware_interface'
[0.502s] INFO:colcon.colcon_core.shell:Skip shell extension 'powershell' for command environment: Not usable outside of PowerShell
[0.502s] DEBUG:colcon.colcon_core.shell:Skip shell extension 'dsv' for command environment
[0.505s] INFO:colcon.colcon_ros.task.ament_cmake.build:Building ROS package in '/home/eia/rbi_2025/rov/rov_ws/src/rov_mujoco_bringup' with build type 'ament_cmake'
[0.505s] INFO:colcon.colcon_cmake.task.cmake.build:Building CMake package in '/home/eia/rbi_2025/rov/rov_ws/src/rov_mujoco_bringup'
[0.505s] INFO:colcon.colcon_core.shell:Skip shell extension 'powershell' for command environment: Not usable outside of PowerShell
[0.505s] DEBUG:colcon.colcon_core.shell:Skip shell extension 'dsv' for command environment
[0.508s] INFO:colcon.colcon_ros.task.ament_cmake.build:Building ROS package in '/home/eia/rbi_2025/rov/rov_ws/src/rov_mujoco_description' with build type 'ament_cmake'
[0.508s] INFO:colcon.colcon_cmake.task.cmake.build:Building CMake package in '/home/eia/rbi_2025/rov/rov_ws/src/rov_mujoco_description'
[0.508s] INFO:colcon.colcon_core.shell:Skip shell extension 'powershell' for command environment: Not usable outside of PowerShell
[0.508s] DEBUG:colcon.colcon_core.shell:Skip shell extension 'dsv' for command environment
[0.511s] INFO:colcon.colcon_ros.task.ament_cmake.build:Building ROS package in '/home/eia/rbi_2025/rov/rov_ws/src/rov_mujoco_sim' with build type 'ament_cmake'
[0.511s] INFO:colcon.colcon_cmake.task.cmake.build:Building CMake package in '/home/eia/rbi_2025/rov/rov_ws/src/rov_mujoco_sim'
[0.511s] INFO:colcon.colcon_core.shell:Skip shell extension 'powershell' for command environment: Not usable outside of PowerShell
[0.511s] DEBUG:colcon.colcon_core.shell:Skip shell extension 'dsv' for command environment
[0.514s] INFO:colcon.colcon_ros.task.ament_python.build:Building ROS package in '/home/eia/rbi_2025/rov/rov_ws/src/rov_path_follower' with build type 'ament_python'
[0.514s] Level 1:colcon.colcon_core.shell:create_environment_hook('rov_path_follower', 'ament_prefix_path')
[0.514s] INFO:colcon.colcon_core.shell:Creating environment hook '/home/eia/rbi_2025/rov/rov_ws/install/rov_path_follower/share/rov_path_follower/hook/ament_prefix_path.ps1'
[0.515s] INFO:colcon.colcon_core.shell:Creating environment descriptor '/home/eia/rbi_2025/rov/rov_ws/install/rov_path_follower/share/rov_path_follower/hook/ament_prefix_path.dsv'
[0.515s] INFO:colcon.colcon_core.shell:Creating environment hook '/home/eia/rbi_2025/rov/rov_ws/install/rov_path_follower/share/rov_path_follower/hook/ament_prefix_path.sh'
[0.516s] INFO:colcon.colcon_core.shell:Skip shell extension 'powershell' for command environment: Not usable outside of PowerShell
[0.516s] DEBUG:colcon.colcon_core.shell:Skip shell extension 'dsv' for command environment
[0.518s] INFO:colcon.colcon_ros.task.ament_python.build:Building ROS package in '/home/eia/rbi_2025/rov/rov_ws/src/rov_path_generator' with build type 'ament_python'
[0.519s] Level 1:colcon.colcon_core.shell:create_environment_hook('rov_path_generator', 'ament_prefix_path')
[0.519s] INFO:colcon.colcon_core.shell:Creating environment hook '/home/eia/rbi_2025/rov/rov_ws/install/rov_path_generator/share/rov_path_generator/hook/ament_prefix_path.ps1'
[0.519s] INFO:colcon.colcon_core.shell:Creating environment descriptor '/home/eia/rbi_2025/rov/rov_ws/install/rov_path_generator/share/rov_path_generator/hook/ament_prefix_path.dsv'
[0.520s] INFO:colcon.colcon_core.shell:Creating environment hook '/home/eia/rbi_2025/rov/rov_ws/install/rov_path_generator/share/rov_path_generator/hook/ament_prefix_path.sh'
[0.520s] INFO:colcon.colcon_core.shell:Skip shell extension 'powershell' for command environment: Not usable outside of PowerShell
[0.520s] DEBUG:colcon.colcon_core.shell:Skip shell extension 'dsv' for command environment
[0.523s] INFO:colcon.colcon_ros.task.ament_python.build:Building ROS package in '/home/eia/rbi_2025/rov/rov_ws/src/rov_position_controller' with build type 'ament_python'
[0.523s] Level 1:colcon.colcon_core.shell:create_environment_hook('rov_position_controller', 'ament_prefix_path')
[0.523s] INFO:colcon.colcon_core.shell:Creating environment hook '/home/eia/rbi_2025/rov/rov_ws/install/rov_position_controller/share/rov_position_controller/hook/ament_prefix_path.ps1'
[0.524s] INFO:colcon.colcon_core.shell:Creating environment descriptor '/home/eia/rbi_2025/rov/rov_ws/install/rov_position_controller/share/rov_position_controller/hook/ament_prefix_path.dsv'
[0.524s] INFO:colcon.colcon_core.shell:Creating environment hook '/home/eia/rbi_2025/rov/rov_ws/install/rov_position_controller/share/rov_position_controller/hook/ament_prefix_path.sh'
[0.525s] INFO:colcon.colcon_core.shell:Skip shell extension 'powershell' for command environment: Not usable outside of PowerShell
[0.525s] DEBUG:colcon.colcon_core.shell:Skip shell extension 'dsv' for command environment
[0.527s] INFO:colcon.colcon_ros.task.ament_cmake.build:Building ROS package in '/home/eia/rbi_2025/rov/rov_ws/src/rov_real_bringup' with build type 'ament_cmake'
[0.528s] INFO:colcon.colcon_cmake.task.cmake.build:Building CMake package in '/home/eia/rbi_2025/rov/rov_ws/src/rov_real_bringup'
[0.528s] INFO:colcon.colcon_core.shell:Skip shell extension 'powershell' for command environment: Not usable outside of PowerShell
[0.528s] DEBUG:colcon.colcon_core.shell:Skip shell extension 'dsv' for command environment
[0.531s] INFO:colcon.colcon_ros.task.ament_cmake.build:Building ROS package in '/home/eia/rbi_2025/rov/rov_ws/src/rov_real_description' with build type 'ament_cmake'
[0.531s] INFO:colcon.colcon_cmake.task.cmake.build:Building CMake package in '/home/eia/rbi_2025/rov/rov_ws/src/rov_real_description'
[0.531s] INFO:colcon.colcon_core.shell:Skip shell extension 'powershell' for command environment: Not usable outside of PowerShell
[0.531s] DEBUG:colcon.colcon_core.shell:Skip shell extension 'dsv' for command environment
[0.944s] INFO:colcon.colcon_core.task.python.build:Building Python package in '/home/eia/rbi_2025/rov/rov_ws/src/direct_control'
[0.945s] INFO:colcon.colcon_core.shell:Skip shell extension 'powershell' for command environment: Not usable outside of PowerShell
[0.945s] DEBUG:colcon.colcon_core.shell:Skip shell extension 'dsv' for command environment
[1.335s] INFO:colcon.colcon_core.task.python.build:Building Python package in '/home/eia/rbi_2025/rov/rov_ws/src/rov_attitude_controller'
[1.336s] INFO:colcon.colcon_core.shell:Skip shell extension 'powershell' for command environment: Not usable outside of PowerShell
[1.336s] DEBUG:colcon.colcon_core.shell:Skip shell extension 'dsv' for command environment
[1.342s] DEBUG:colcon.colcon_core.event_handler.log_command:Invoking command in '/home/eia/rbi_2025/rov/rov_ws/build/rov_controllers': CMAKE_PREFIX_PATH=/opt/ros/humble /usr/bin/cmake --build /home/eia/rbi_2025/rov/rov_ws/build/rov_controllers -- -j12 -l12
[1.345s] DEBUG:colcon.colcon_core.event_handler.log_command:Invoking command in '/home/eia/rbi_2025/rov/rov_ws/build/rov_hardware_interface': CMAKE_PREFIX_PATH=/opt/ros/humble /usr/bin/cmake --build /home/eia/rbi_2025/rov/rov_ws/build/rov_hardware_interface -- -j12 -l12
[1.347s] DEBUG:colcon.colcon_core.event_handler.log_command:Invoking command in '/home/eia/rbi_2025/rov/rov_ws/build/rov_mujoco_bringup': CMAKE_PREFIX_PATH=/opt/ros/humble /usr/bin/cmake --build /home/eia/rbi_2025/rov/rov_ws/build/rov_mujoco_bringup -- -j12 -l12
[1.349s] DEBUG:colcon.colcon_core.event_handler.log_command:Invoking command in '/home/eia/rbi_2025/rov/rov_ws/build/rov_mujoco_description': CMAKE_PREFIX_PATH=/opt/ros/humble /usr/bin/cmake --build /home/eia/rbi_2025/rov/rov_ws/build/rov_mujoco_description -- -j12 -l12
[1.352s] DEBUG:colcon.colcon_core.event_handler.log_command:Invoking command in '/home/eia/rbi_2025/rov/rov_ws/build/rov_mujoco_sim': CMAKE_PREFIX_PATH=/opt/ros/humble /usr/bin/cmake --build /home/eia/rbi_2025/rov/rov_ws/build/rov_mujoco_sim -- -j12 -l12
[1.748s] INFO:colcon.colcon_core.task.python.build:Building Python package in '/home/eia/rbi_2025/rov/rov_ws/src/rov_path_follower'
[1.749s] INFO:colcon.colcon_core.shell:Skip shell extension 'powershell' for command environment: Not usable outside of PowerShell
[1.749s] DEBUG:colcon.colcon_core.shell:Skip shell extension 'dsv' for command environment
[2.139s] INFO:colcon.colcon_core.task.python.build:Building Python package in '/home/eia/rbi_2025/rov/rov_ws/src/rov_path_generator'
[2.140s] INFO:colcon.colcon_core.shell:Skip shell extension 'powershell' for command environment: Not usable outside of PowerShell
[2.140s] DEBUG:colcon.colcon_core.shell:Skip shell extension 'dsv' for command environment
[2.540s] INFO:colcon.colcon_core.task.python.build:Building Python package in '/home/eia/rbi_2025/rov/rov_ws/src/rov_position_controller'
[2.540s] INFO:colcon.colcon_core.shell:Skip shell extension 'powershell' for command environment: Not usable outside of PowerShell
[2.540s] DEBUG:colcon.colcon_core.shell:Skip shell extension 'dsv' for command environment
[2.546s] DEBUG:colcon.colcon_core.event_handler.log_command:Invoking command in '/home/eia/rbi_2025/rov/rov_ws/build/rov_real_bringup': CMAKE_PREFIX_PATH=/opt/ros/humble /usr/bin/cmake --build /home/eia/rbi_2025/rov/rov_ws/build/rov_real_bringup -- -j12 -l12
[2.549s] DEBUG:colcon.colcon_core.event_handler.log_command:Invoking command in '/home/eia/rbi_2025/rov/rov_ws/build/rov_real_description': CMAKE_PREFIX_PATH=/opt/ros/humble /usr/bin/cmake --build /home/eia/rbi_2025/rov/rov_ws/build/rov_real_description -- -j12 -l12
[2.553s] DEBUG:colcon.colcon_core.event_handler.log_command:Invoked command in '/home/eia/rbi_2025/rov/rov_ws/build/rov_mujoco_bringup' returned '0': CMAKE_PREFIX_PATH=/opt/ros/humble /usr/bin/cmake --build /home/eia/rbi_2025/rov/rov_ws/build/rov_mujoco_bringup -- -j12 -l12
[2.561s] DEBUG:colcon.colcon_core.event_handler.log_command:Invoking command in '/home/eia/rbi_2025/rov/rov_ws/build/rov_mujoco_bringup': CMAKE_PREFIX_PATH=/opt/ros/humble /usr/bin/cmake --install /home/eia/rbi_2025/rov/rov_ws/build/rov_mujoco_bringup
[2.562s] DEBUG:colcon.colcon_core.event_handler.log_command:Invoked command in '/home/eia/rbi_2025/rov/rov_ws/build/rov_controllers' returned '0': CMAKE_PREFIX_PATH=/opt/ros/humble /usr/bin/cmake --build /home/eia/rbi_2025/rov/rov_ws/build/rov_controllers -- -j12 -l12
[2.563s] DEBUG:colcon.colcon_core.event_handler.log_command:Invoking command in '/home/eia/rbi_2025/rov/rov_ws/build/rov_controllers': CMAKE_PREFIX_PATH=/opt/ros/humble /usr/bin/cmake --install /home/eia/rbi_2025/rov/rov_ws/build/rov_controllers
[2.563s] DEBUG:colcon.colcon_core.event_handler.log_command:Invoked command in '/home/eia/rbi_2025/rov/rov_ws/build/rov_mujoco_description' returned '0': CMAKE_PREFIX_PATH=/opt/ros/humble /usr/bin/cmake --build /home/eia/rbi_2025/rov/rov_ws/build/rov_mujoco_description -- -j12 -l12
[2.565s] DEBUG:colcon.colcon_core.event_handler.log_command:Invoking command in '/home/eia/rbi_2025/rov/rov_ws/build/rov_mujoco_description': CMAKE_PREFIX_PATH=/opt/ros/humble /usr/bin/cmake --install /home/eia/rbi_2025/rov/rov_ws/build/rov_mujoco_description
[2.566s] DEBUG:colcon.colcon_core.event_handler.log_command:Invoked command in '/home/eia/rbi_2025/rov/rov_ws/build/rov_mujoco_sim' returned '0': CMAKE_PREFIX_PATH=/opt/ros/humble /usr/bin/cmake --build /home/eia/rbi_2025/rov/rov_ws/build/rov_mujoco_sim -- -j12 -l12
[2.567s] DEBUG:colcon.colcon_core.event_handler.log_command:Invoking command in '/home/eia/rbi_2025/rov/rov_ws/build/rov_mujoco_sim': CMAKE_PREFIX_PATH=/opt/ros/humble /usr/bin/cmake --install /home/eia/rbi_2025/rov/rov_ws/build/rov_mujoco_sim
[2.569s] DEBUG:colcon.colcon_core.event_handler.log_command:Invoked command in '/home/eia/rbi_2025/rov/rov_ws/build/rov_hardware_interface' returned '0': CMAKE_PREFIX_PATH=/opt/ros/humble /usr/bin/cmake --build /home/eia/rbi_2025/rov/rov_ws/build/rov_hardware_interface -- -j12 -l12
[2.575s] DEBUG:colcon.colcon_core.event_handler.log_command:Invoking command in '/home/eia/rbi_2025/rov/rov_ws/build/rov_hardware_interface': CMAKE_PREFIX_PATH=/opt/ros/humble /usr/bin/cmake --install /home/eia/rbi_2025/rov/rov_ws/build/rov_hardware_interface
[2.600s] Level 1:colcon.colcon_core.environment:create_environment_scripts_only(rov_mujoco_bringup)
[2.602s] DEBUG:colcon.colcon_core.event_handler.log_command:Invoked command in '/home/eia/rbi_2025/rov/rov_ws/build/rov_real_bringup' returned '0': CMAKE_PREFIX_PATH=/opt/ros/humble /usr/bin/cmake --build /home/eia/rbi_2025/rov/rov_ws/build/rov_real_bringup -- -j12 -l12
[2.603s] DEBUG:colcon.colcon_core.event_handler.log_command:Invoking command in '/home/eia/rbi_2025/rov/rov_ws/build/rov_real_bringup': CMAKE_PREFIX_PATH=/opt/ros/humble /usr/bin/cmake --install /home/eia/rbi_2025/rov/rov_ws/build/rov_real_bringup
[2.603s] DEBUG:colcon.colcon_core.event_handler.log_command:Invoked command in '/home/eia/rbi_2025/rov/rov_ws/build/rov_mujoco_bringup' returned '0': CMAKE_PREFIX_PATH=/opt/ros/humble /usr/bin/cmake --install /home/eia/rbi_2025/rov/rov_ws/build/rov_mujoco_bringup
[2.605s] Level 1:colcon.colcon_core.environment:checking '/home/eia/rbi_2025/rov/rov_ws/install/rov_mujoco_bringup' for CMake module files
[2.606s] Level 1:colcon.colcon_core.environment:checking '/home/eia/rbi_2025/rov/rov_ws/install/rov_mujoco_bringup' for CMake config files
[2.607s] Level 1:colcon.colcon_core.shell:create_environment_hook('rov_mujoco_bringup', 'cmake_prefix_path')
[2.607s] INFO:colcon.colcon_core.shell:Creating environment hook '/home/eia/rbi_2025/rov/rov_ws/install/rov_mujoco_bringup/share/rov_mujoco_bringup/hook/cmake_prefix_path.ps1'
[2.608s] INFO:colcon.colcon_core.shell:Creating environment descriptor '/home/eia/rbi_2025/rov/rov_ws/install/rov_mujoco_bringup/share/rov_mujoco_bringup/hook/cmake_prefix_path.dsv'
[2.608s] INFO:colcon.colcon_core.shell:Creating environment hook '/home/eia/rbi_2025/rov/rov_ws/install/rov_mujoco_bringup/share/rov_mujoco_bringup/hook/cmake_prefix_path.sh'
[2.609s] Level 1:colcon.colcon_core.environment:checking '/home/eia/rbi_2025/rov/rov_ws/install/rov_mujoco_bringup/bin'
[2.609s] Level 1:colcon.colcon_core.environment:checking '/home/eia/rbi_2025/rov/rov_ws/install/rov_mujoco_bringup/lib/pkgconfig/rov_mujoco_bringup.pc'
[2.609s] Level 1:colcon.colcon_core.environment:checking '/home/eia/rbi_2025/rov/rov_ws/install/rov_mujoco_bringup/lib/python3.10/site-packages'
[2.610s] Level 1:colcon.colcon_core.environment:checking '/home/eia/rbi_2025/rov/rov_ws/install/rov_mujoco_bringup/bin'
[2.610s] INFO:colcon.colcon_core.shell:Creating package script '/home/eia/rbi_2025/rov/rov_ws/install/rov_mujoco_bringup/share/rov_mujoco_bringup/package.ps1'
[2.611s] INFO:colcon.colcon_core.shell:Creating package descriptor '/home/eia/rbi_2025/rov/rov_ws/install/rov_mujoco_bringup/share/rov_mujoco_bringup/package.dsv'
[2.612s] INFO:colcon.colcon_core.shell:Creating package script '/home/eia/rbi_2025/rov/rov_ws/install/rov_mujoco_bringup/share/rov_mujoco_bringup/package.sh'
[2.614s] INFO:colcon.colcon_core.shell:Creating package script '/home/eia/rbi_2025/rov/rov_ws/install/rov_mujoco_bringup/share/rov_mujoco_bringup/package.bash'
[2.614s] INFO:colcon.colcon_core.shell:Creating package script '/home/eia/rbi_2025/rov/rov_ws/install/rov_mujoco_bringup/share/rov_mujoco_bringup/package.zsh'
[2.615s] Level 1:colcon.colcon_core.environment:create_file_with_runtime_dependencies(/home/eia/rbi_2025/rov/rov_ws/install/rov_mujoco_bringup/share/colcon-core/packages/rov_mujoco_bringup)
[2.615s] Level 1:colcon.colcon_core.environment:create_environment_scripts_only(rov_mujoco_bringup)
[2.616s] Level 1:colcon.colcon_core.environment:checking '/home/eia/rbi_2025/rov/rov_ws/install/rov_mujoco_bringup' for CMake module files
[2.616s] Level 1:colcon.colcon_core.environment:checking '/home/eia/rbi_2025/rov/rov_ws/install/rov_mujoco_bringup' for CMake config files
[2.616s] Level 1:colcon.colcon_core.shell:create_environment_hook('rov_mujoco_bringup', 'cmake_prefix_path')
[2.617s] INFO:colcon.colcon_core.shell:Creating environment hook '/home/eia/rbi_2025/rov/rov_ws/install/rov_mujoco_bringup/share/rov_mujoco_bringup/hook/cmake_prefix_path.ps1'
[2.617s] INFO:colcon.colcon_core.shell:Creating environment descriptor '/home/eia/rbi_2025/rov/rov_ws/install/rov_mujoco_bringup/share/rov_mujoco_bringup/hook/cmake_prefix_path.dsv'
[2.617s] INFO:colcon.colcon_core.shell:Creating environment hook '/home/eia/rbi_2025/rov/rov_ws/install/rov_mujoco_bringup/share/rov_mujoco_bringup/hook/cmake_prefix_path.sh'
[2.618s] Level 1:colcon.colcon_core.environment:checking '/home/eia/rbi_2025/rov/rov_ws/install/rov_mujoco_bringup/bin'
[2.618s] Level 1:colcon.colcon_core.environment:checking '/home/eia/rbi_2025/rov/rov_ws/install/rov_mujoco_bringup/lib/pkgconfig/rov_mujoco_bringup.pc'
[2.618s] Level 1:colcon.colcon_core.environment:checking '/home/eia/rbi_2025/rov/rov_ws/install/rov_mujoco_bringup/lib/python3.10/site-packages'
[2.618s] Level 1:colcon.colcon_core.environment:checking '/home/eia/rbi_2025/rov/rov_ws/install/rov_mujoco_bringup/bin'
[2.619s] INFO:colcon.colcon_core.shell:Creating package script '/home/eia/rbi_2025/rov/rov_ws/install/rov_mujoco_bringup/share/rov_mujoco_bringup/package.ps1'
[2.619s] INFO:colcon.colcon_core.shell:Creating package descriptor '/home/eia/rbi_2025/rov/rov_ws/install/rov_mujoco_bringup/share/rov_mujoco_bringup/package.dsv'
[2.620s] INFO:colcon.colcon_core.shell:Creating package script '/home/eia/rbi_2025/rov/rov_ws/install/rov_mujoco_bringup/share/rov_mujoco_bringup/package.sh'
[2.620s] INFO:colcon.colcon_core.shell:Creating package script '/home/eia/rbi_2025/rov/rov_ws/install/rov_mujoco_bringup/share/rov_mujoco_bringup/package.bash'
[2.620s] INFO:colcon.colcon_core.shell:Creating package script '/home/eia/rbi_2025/rov/rov_ws/install/rov_mujoco_bringup/share/rov_mujoco_bringup/package.zsh'
[2.621s] Level 1:colcon.colcon_core.environment:create_file_with_runtime_dependencies(/home/eia/rbi_2025/rov/rov_ws/install/rov_mujoco_bringup/share/colcon-core/packages/rov_mujoco_bringup)
[2.621s] Level 1:colcon.colcon_core.environment:create_environment_scripts_only(rov_controllers)
[2.621s] Level 1:colcon.colcon_core.environment:checking '/home/eia/rbi_2025/rov/rov_ws/install/rov_controllers' for CMake module files
[2.622s] Level 1:colcon.colcon_core.environment:checking '/home/eia/rbi_2025/rov/rov_ws/install/rov_controllers' for CMake config files
[2.623s] DEBUG:colcon.colcon_core.event_handler.log_command:Invoked command in '/home/eia/rbi_2025/rov/rov_ws/build/rov_controllers' returned '0': CMAKE_PREFIX_PATH=/opt/ros/humble /usr/bin/cmake --install /home/eia/rbi_2025/rov/rov_ws/build/rov_controllers
[2.623s] Level 1:colcon.colcon_core.shell:create_environment_hook('rov_controllers', 'cmake_prefix_path')
[2.624s] INFO:colcon.colcon_core.shell:Creating environment hook '/home/eia/rbi_2025/rov/rov_ws/install/rov_controllers/share/rov_controllers/hook/cmake_prefix_path.ps1'
[2.624s] INFO:colcon.colcon_core.shell:Creating environment descriptor '/home/eia/rbi_2025/rov/rov_ws/install/rov_controllers/share/rov_controllers/hook/cmake_prefix_path.dsv'
[2.625s] INFO:colcon.colcon_core.shell:Creating environment hook '/home/eia/rbi_2025/rov/rov_ws/install/rov_controllers/share/rov_controllers/hook/cmake_prefix_path.sh'
[2.626s] Level 1:colcon.colcon_core.environment:checking '/home/eia/rbi_2025/rov/rov_ws/install/rov_controllers/lib'
[2.626s] Level 1:colcon.colcon_core.shell:create_environment_hook('rov_controllers', 'ld_library_path_lib')
[2.627s] INFO:colcon.colcon_core.shell:Creating environment hook '/home/eia/rbi_2025/rov/rov_ws/install/rov_controllers/share/rov_controllers/hook/ld_library_path_lib.ps1'
[2.627s] INFO:colcon.colcon_core.shell:Creating environment descriptor '/home/eia/rbi_2025/rov/rov_ws/install/rov_controllers/share/rov_controllers/hook/ld_library_path_lib.dsv'
[2.627s] INFO:colcon.colcon_core.shell:Creating environment hook '/home/eia/rbi_2025/rov/rov_ws/install/rov_controllers/share/rov_controllers/hook/ld_library_path_lib.sh'
[2.628s] Level 1:colcon.colcon_core.environment:checking '/home/eia/rbi_2025/rov/rov_ws/install/rov_controllers/bin'
[2.628s] Level 1:colcon.colcon_core.environment:checking '/home/eia/rbi_2025/rov/rov_ws/install/rov_controllers/lib/pkgconfig/rov_controllers.pc'
[2.628s] Level 1:colcon.colcon_core.environment:checking '/home/eia/rbi_2025/rov/rov_ws/install/rov_controllers/lib/python3.10/site-packages'
[2.629s] Level 1:colcon.colcon_core.environment:checking '/home/eia/rbi_2025/rov/rov_ws/install/rov_controllers/bin'
[2.629s] INFO:colcon.colcon_core.shell:Creating package script '/home/eia/rbi_2025/rov/rov_ws/install/rov_controllers/share/rov_controllers/package.ps1'
[2.630s] INFO:colcon.colcon_core.shell:Creating package descriptor '/home/eia/rbi_2025/rov/rov_ws/install/rov_controllers/share/rov_controllers/package.dsv'
[2.631s] INFO:colcon.colcon_core.shell:Creating package script '/home/eia/rbi_2025/rov/rov_ws/install/rov_controllers/share/rov_controllers/package.sh'
[2.631s] INFO:colcon.colcon_core.shell:Creating package script '/home/eia/rbi_2025/rov/rov_ws/install/rov_controllers/share/rov_controllers/package.bash'
[2.632s] INFO:colcon.colcon_core.shell:Creating package script '/home/eia/rbi_2025/rov/rov_ws/install/rov_controllers/share/rov_controllers/package.zsh'
[2.632s] Level 1:colcon.colcon_core.environment:create_file_with_runtime_dependencies(/home/eia/rbi_2025/rov/rov_ws/install/rov_controllers/share/colcon-core/packages/rov_controllers)
[2.633s] Level 1:colcon.colcon_core.environment:create_environment_scripts_only(rov_controllers)
[2.634s] Level 1:colcon.colcon_core.environment:checking '/home/eia/rbi_2025/rov/rov_ws/install/rov_controllers' for CMake module files
[2.634s] Level 1:colcon.colcon_core.environment:checking '/home/eia/rbi_2025/rov/rov_ws/install/rov_controllers' for CMake config files
[2.635s] Level 1:colcon.colcon_core.shell:create_environment_hook('rov_controllers', 'cmake_prefix_path')
[2.635s] INFO:colcon.colcon_core.shell:Creating environment hook '/home/eia/rbi_2025/rov/rov_ws/install/rov_controllers/share/rov_controllers/hook/cmake_prefix_path.ps1'
[2.636s] INFO:colcon.colcon_core.shell:Creating environment descriptor '/home/eia/rbi_2025/rov/rov_ws/install/rov_controllers/share/rov_controllers/hook/cmake_prefix_path.dsv'
[2.636s] INFO:colcon.colcon_core.shell:Creating environment hook '/home/eia/rbi_2025/rov/rov_ws/install/rov_controllers/share/rov_controllers/hook/cmake_prefix_path.sh'
[2.637s] Level 1:colcon.colcon_core.environment:checking '/home/eia/rbi_2025/rov/rov_ws/install/rov_controllers/lib'
[2.637s] Level 1:colcon.colcon_core.shell:create_environment_hook('rov_controllers', 'ld_library_path_lib')
[2.637s] INFO:colcon.colcon_core.shell:Creating environment hook '/home/eia/rbi_2025/rov/rov_ws/install/rov_controllers/share/rov_controllers/hook/ld_library_path_lib.ps1'
[2.638s] INFO:colcon.colcon_core.shell:Creating environment descriptor '/home/eia/rbi_2025/rov/rov_ws/install/rov_controllers/share/rov_controllers/hook/ld_library_path_lib.dsv'
[2.638s] INFO:colcon.colcon_core.shell:Creating environment hook '/home/eia/rbi_2025/rov/rov_ws/install/rov_controllers/share/rov_controllers/hook/ld_library_path_lib.sh'
[2.639s] Level 1:colcon.colcon_core.environment:checking '/home/eia/rbi_2025/rov/rov_ws/install/rov_controllers/bin'
[2.639s] Level 1:colcon.colcon_core.environment:checking '/home/eia/rbi_2025/rov/rov_ws/install/rov_controllers/lib/pkgconfig/rov_controllers.pc'
[2.639s] Level 1:colcon.colcon_core.environment:checking '/home/eia/rbi_2025/rov/rov_ws/install/rov_controllers/lib/python3.10/site-packages'
[2.640s] Level 1:colcon.colcon_core.environment:checking '/home/eia/rbi_2025/rov/rov_ws/install/rov_controllers/bin'
[2.640s] INFO:colcon.colcon_core.shell:Creating package script '/home/eia/rbi_2025/rov/rov_ws/install/rov_controllers/share/rov_controllers/package.ps1'
[2.641s] INFO:colcon.colcon_core.shell:Creating package descriptor '/home/eia/rbi_2025/rov/rov_ws/install/rov_controllers/share/rov_controllers/package.dsv'
[2.642s] INFO:colcon.colcon_core.shell:Creating package script '/home/eia/rbi_2025/rov/rov_ws/install/rov_controllers/share/rov_controllers/package.sh'
[2.642s] INFO:colcon.colcon_core.shell:Creating package script '/home/eia/rbi_2025/rov/rov_ws/install/rov_controllers/share/rov_controllers/package.bash'
[2.643s] INFO:colcon.colcon_core.shell:Creating package script '/home/eia/rbi_2025/rov/rov_ws/install/rov_controllers/share/rov_controllers/package.zsh'
[2.644s] Level 1:colcon.colcon_core.environment:create_file_with_runtime_dependencies(/home/eia/rbi_2025/rov/rov_ws/install/rov_controllers/share/colcon-core/packages/rov_controllers)
[2.645s] DEBUG:colcon.colcon_core.event_handler.log_command:Invoked command in '/home/eia/rbi_2025/rov/rov_ws/build/rov_real_description' returned '0': CMAKE_PREFIX_PATH=/opt/ros/humble /usr/bin/cmake --build /home/eia/rbi_2025/rov/rov_ws/build/rov_real_description -- -j12 -l12
[2.646s] DEBUG:colcon.colcon_core.event_handler.log_command:Invoking command in '/home/eia/rbi_2025/rov/rov_ws/build/rov_real_description': CMAKE_PREFIX_PATH=/opt/ros/humble /usr/bin/cmake --install /home/eia/rbi_2025/rov/rov_ws/build/rov_real_description
[2.646s] Level 1:colcon.colcon_core.environment:create_environment_scripts_only(rov_mujoco_sim)
[2.647s] Level 1:colcon.colcon_core.environment:checking '/home/eia/rbi_2025/rov/rov_ws/install/rov_mujoco_sim' for CMake module files
[2.648s] DEBUG:colcon.colcon_core.event_handler.log_command:Invoked command in '/home/eia/rbi_2025/rov/rov_ws/build/rov_mujoco_sim' returned '0': CMAKE_PREFIX_PATH=/opt/ros/humble /usr/bin/cmake --install /home/eia/rbi_2025/rov/rov_ws/build/rov_mujoco_sim
[2.648s] Level 1:colcon.colcon_core.environment:checking '/home/eia/rbi_2025/rov/rov_ws/install/rov_mujoco_sim' for CMake config files
[2.649s] Level 1:colcon.colcon_core.shell:create_environment_hook('rov_mujoco_sim', 'cmake_prefix_path')
[2.649s] INFO:colcon.colcon_core.shell:Creating environment hook '/home/eia/rbi_2025/rov/rov_ws/install/rov_mujoco_sim/share/rov_mujoco_sim/hook/cmake_prefix_path.ps1'
[2.650s] INFO:colcon.colcon_core.shell:Creating environment descriptor '/home/eia/rbi_2025/rov/rov_ws/install/rov_mujoco_sim/share/rov_mujoco_sim/hook/cmake_prefix_path.dsv'
[2.650s] INFO:colcon.colcon_core.shell:Creating environment hook '/home/eia/rbi_2025/rov/rov_ws/install/rov_mujoco_sim/share/rov_mujoco_sim/hook/cmake_prefix_path.sh'
[2.651s] Level 1:colcon.colcon_core.environment:checking '/home/eia/rbi_2025/rov/rov_ws/install/rov_mujoco_sim/lib'
[2.651s] Level 1:colcon.colcon_core.shell:create_environment_hook('rov_mujoco_sim', 'ld_library_path_lib')
[2.651s] INFO:colcon.colcon_core.shell:Creating environment hook '/home/eia/rbi_2025/rov/rov_ws/install/rov_mujoco_sim/share/rov_mujoco_sim/hook/ld_library_path_lib.ps1'
[2.652s] INFO:colcon.colcon_core.shell:Creating environment descriptor '/home/eia/rbi_2025/rov/rov_ws/install/rov_mujoco_sim/share/rov_mujoco_sim/hook/ld_library_path_lib.dsv'
[2.652s] INFO:colcon.colcon_core.shell:Creating environment hook '/home/eia/rbi_2025/rov/rov_ws/install/rov_mujoco_sim/share/rov_mujoco_sim/hook/ld_library_path_lib.sh'
[2.653s] Level 1:colcon.colcon_core.environment:checking '/home/eia/rbi_2025/rov/rov_ws/install/rov_mujoco_sim/bin'
[2.653s] Level 1:colcon.colcon_core.environment:checking '/home/eia/rbi_2025/rov/rov_ws/install/rov_mujoco_sim/lib/pkgconfig/rov_mujoco_sim.pc'
[2.654s] Level 1:colcon.colcon_core.environment:checking '/home/eia/rbi_2025/rov/rov_ws/install/rov_mujoco_sim/lib/python3.10/site-packages'
[2.654s] Level 1:colcon.colcon_core.environment:checking '/home/eia/rbi_2025/rov/rov_ws/install/rov_mujoco_sim/bin'
[2.654s] INFO:colcon.colcon_core.shell:Creating package script '/home/eia/rbi_2025/rov/rov_ws/install/rov_mujoco_sim/share/rov_mujoco_sim/package.ps1'
[2.655s] INFO:colcon.colcon_core.shell:Creating package descriptor '/home/eia/rbi_2025/rov/rov_ws/install/rov_mujoco_sim/share/rov_mujoco_sim/package.dsv'
[2.656s] INFO:colcon.colcon_core.shell:Creating package script '/home/eia/rbi_2025/rov/rov_ws/install/rov_mujoco_sim/share/rov_mujoco_sim/package.sh'
[2.657s] INFO:colcon.colcon_core.shell:Creating package script '/home/eia/rbi_2025/rov/rov_ws/install/rov_mujoco_sim/share/rov_mujoco_sim/package.bash'
[2.658s] INFO:colcon.colcon_core.shell:Creating package script '/home/eia/rbi_2025/rov/rov_ws/install/rov_mujoco_sim/share/rov_mujoco_sim/package.zsh'
[2.658s] Level 1:colcon.colcon_core.environment:create_file_with_runtime_dependencies(/home/eia/rbi_2025/rov/rov_ws/install/rov_mujoco_sim/share/colcon-core/packages/rov_mujoco_sim)
[2.659s] Level 1:colcon.colcon_core.environment:create_environment_scripts_only(rov_mujoco_sim)
[2.659s] Level 1:colcon.colcon_core.environment:checking '/home/eia/rbi_2025/rov/rov_ws/install/rov_mujoco_sim' for CMake module files
[2.660s] Level 1:colcon.colcon_core.environment:checking '/home/eia/rbi_2025/rov/rov_ws/install/rov_mujoco_sim' for CMake config files
[2.661s] Level 1:colcon.colcon_core.shell:create_environment_hook('rov_mujoco_sim', 'cmake_prefix_path')
[2.661s] INFO:colcon.colcon_core.shell:Creating environment hook '/home/eia/rbi_2025/rov/rov_ws/install/rov_mujoco_sim/share/rov_mujoco_sim/hook/cmake_prefix_path.ps1'
[2.662s] INFO:colcon.colcon_core.shell:Creating environment descriptor '/home/eia/rbi_2025/rov/rov_ws/install/rov_mujoco_sim/share/rov_mujoco_sim/hook/cmake_prefix_path.dsv'
[2.662s] INFO:colcon.colcon_core.shell:Creating environment hook '/home/eia/rbi_2025/rov/rov_ws/install/rov_mujoco_sim/share/rov_mujoco_sim/hook/cmake_prefix_path.sh'
[2.663s] Level 1:colcon.colcon_core.environment:checking '/home/eia/rbi_2025/rov/rov_ws/install/rov_mujoco_sim/lib'
[2.663s] Level 1:colcon.colcon_core.shell:create_environment_hook('rov_mujoco_sim', 'ld_library_path_lib')
[2.663s] INFO:colcon.colcon_core.shell:Creating environment hook '/home/eia/rbi_2025/rov/rov_ws/install/rov_mujoco_sim/share/rov_mujoco_sim/hook/ld_library_path_lib.ps1'
[2.664s] INFO:colcon.colcon_core.shell:Creating environment descriptor '/home/eia/rbi_2025/rov/rov_ws/install/rov_mujoco_sim/share/rov_mujoco_sim/hook/ld_library_path_lib.dsv'
[2.664s] INFO:colcon.colcon_core.shell:Creating environment hook '/home/eia/rbi_2025/rov/rov_ws/install/rov_mujoco_sim/share/rov_mujoco_sim/hook/ld_library_path_lib.sh'
[2.665s] Level 1:colcon.colcon_core.environment:checking '/home/eia/rbi_2025/rov/rov_ws/install/rov_mujoco_sim/bin'
[2.665s] Level 1:colcon.colcon_core.environment:checking '/home/eia/rbi_2025/rov/rov_ws/install/rov_mujoco_sim/lib/pkgconfig/rov_mujoco_sim.pc'
[2.665s] Level 1:colcon.colcon_core.environment:checking '/home/eia/rbi_2025/rov/rov_ws/install/rov_mujoco_sim/lib/python3.10/site-packages'
[2.666s] Level 1:colcon.colcon_core.environment:checking '/home/eia/rbi_2025/rov/rov_ws/install/rov_mujoco_sim/bin'
[2.666s] INFO:colcon.colcon_core.shell:Creating package script '/home/eia/rbi_2025/rov/rov_ws/install/rov_mujoco_sim/share/rov_mujoco_sim/package.ps1'
[2.667s] INFO:colcon.colcon_core.shell:Creating package descriptor '/home/eia/rbi_2025/rov/rov_ws/install/rov_mujoco_sim/share/rov_mujoco_sim/package.dsv'
[2.668s] INFO:colcon.colcon_core.shell:Creating package script '/home/eia/rbi_2025/rov/rov_ws/install/rov_mujoco_sim/share/rov_mujoco_sim/package.sh'
[2.668s] INFO:colcon.colcon_core.shell:Creating package script '/home/eia/rbi_2025/rov/rov_ws/install/rov_mujoco_sim/share/rov_mujoco_sim/package.bash'
[2.669s] INFO:colcon.colcon_core.shell:Creating package script '/home/eia/rbi_2025/rov/rov_ws/install/rov_mujoco_sim/share/rov_mujoco_sim/package.zsh'
[2.670s] Level 1:colcon.colcon_core.environment:create_file_with_runtime_dependencies(/home/eia/rbi_2025/rov/rov_ws/install/rov_mujoco_sim/share/colcon-core/packages/rov_mujoco_sim)
[2.670s] Level 1:colcon.colcon_core.environment:create_environment_scripts_only(rov_mujoco_description)
[2.670s] Level 1:colcon.colcon_core.environment:checking '/home/eia/rbi_2025/rov/rov_ws/install/rov_mujoco_description' for CMake module files
[2.672s] DEBUG:colcon.colcon_core.event_handler.log_command:Invoked command in '/home/eia/rbi_2025/rov/rov_ws/build/rov_mujoco_description' returned '0': CMAKE_PREFIX_PATH=/opt/ros/humble /usr/bin/cmake --install /home/eia/rbi_2025/rov/rov_ws/build/rov_mujoco_description
[2.672s] Level 1:colcon.colcon_core.environment:checking '/home/eia/rbi_2025/rov/rov_ws/install/rov_mujoco_description' for CMake config files
[2.672s] Level 1:colcon.colcon_core.shell:create_environment_hook('rov_mujoco_description', 'cmake_prefix_path')
[2.673s] INFO:colcon.colcon_core.shell:Creating environment hook '/home/eia/rbi_2025/rov/rov_ws/install/rov_mujoco_description/share/rov_mujoco_description/hook/cmake_prefix_path.ps1'
[2.673s] INFO:colcon.colcon_core.shell:Creating environment descriptor '/home/eia/rbi_2025/rov/rov_ws/install/rov_mujoco_description/share/rov_mujoco_description/hook/cmake_prefix_path.dsv'
[2.674s] INFO:colcon.colcon_core.shell:Creating environment hook '/home/eia/rbi_2025/rov/rov_ws/install/rov_mujoco_description/share/rov_mujoco_description/hook/cmake_prefix_path.sh'
[2.675s] Level 1:colcon.colcon_core.environment:checking '/home/eia/rbi_2025/rov/rov_ws/install/rov_mujoco_description/bin'
[2.675s] Level 1:colcon.colcon_core.environment:checking '/home/eia/rbi_2025/rov/rov_ws/install/rov_mujoco_description/lib/pkgconfig/rov_mujoco_description.pc'
[2.675s] Level 1:colcon.colcon_core.environment:checking '/home/eia/rbi_2025/rov/rov_ws/install/rov_mujoco_description/lib/python3.10/site-packages'
[2.675s] Level 1:colcon.colcon_core.environment:checking '/home/eia/rbi_2025/rov/rov_ws/install/rov_mujoco_description/bin'
[2.676s] INFO:colcon.colcon_core.shell:Creating package script '/home/eia/rbi_2025/rov/rov_ws/install/rov_mujoco_description/share/rov_mujoco_description/package.ps1'
[2.676s] INFO:colcon.colcon_core.shell:Creating package descriptor '/home/eia/rbi_2025/rov/rov_ws/install/rov_mujoco_description/share/rov_mujoco_description/package.dsv'
[2.677s] INFO:colcon.colcon_core.shell:Creating package script '/home/eia/rbi_2025/rov/rov_ws/install/rov_mujoco_description/share/rov_mujoco_description/package.sh'
[2.678s] INFO:colcon.colcon_core.shell:Creating package script '/home/eia/rbi_2025/rov/rov_ws/install/rov_mujoco_description/share/rov_mujoco_description/package.bash'
[2.678s] INFO:colcon.colcon_core.shell:Creating package script '/home/eia/rbi_2025/rov/rov_ws/install/rov_mujoco_description/share/rov_mujoco_description/package.zsh'
[2.678s] Level 1:colcon.colcon_core.environment:create_file_with_runtime_dependencies(/home/eia/rbi_2025/rov/rov_ws/install/rov_mujoco_description/share/colcon-core/packages/rov_mujoco_description)
[2.679s] Level 1:colcon.colcon_core.environment:create_environment_scripts_only(rov_mujoco_description)
[2.680s] Level 1:colcon.colcon_core.environment:checking '/home/eia/rbi_2025/rov/rov_ws/install/rov_mujoco_description' for CMake module files
[2.680s] Level 1:colcon.colcon_core.environment:checking '/home/eia/rbi_2025/rov/rov_ws/install/rov_mujoco_description' for CMake config files
[2.681s] Level 1:colcon.colcon_core.shell:create_environment_hook('rov_mujoco_description', 'cmake_prefix_path')
[2.681s] INFO:colcon.colcon_core.shell:Creating environment hook '/home/eia/rbi_2025/rov/rov_ws/install/rov_mujoco_description/share/rov_mujoco_description/hook/cmake_prefix_path.ps1'
[2.682s] INFO:colcon.colcon_core.shell:Creating environment descriptor '/home/eia/rbi_2025/rov/rov_ws/install/rov_mujoco_description/share/rov_mujoco_description/hook/cmake_prefix_path.dsv'
[2.682s] INFO:colcon.colcon_core.shell:Creating environment hook '/home/eia/rbi_2025/rov/rov_ws/install/rov_mujoco_description/share/rov_mujoco_description/hook/cmake_prefix_path.sh'
[2.683s] Level 1:colcon.colcon_core.environment:checking '/home/eia/rbi_2025/rov/rov_ws/install/rov_mujoco_description/bin'
[2.683s] Level 1:colcon.colcon_core.environment:checking '/home/eia/rbi_2025/rov/rov_ws/install/rov_mujoco_description/lib/pkgconfig/rov_mujoco_description.pc'
[2.683s] Level 1:colcon.colcon_core.environment:checking '/home/eia/rbi_2025/rov/rov_ws/install/rov_mujoco_description/lib/python3.10/site-packages'
[2.684s] Level 1:colcon.colcon_core.environment:checking '/home/eia/rbi_2025/rov/rov_ws/install/rov_mujoco_description/bin'
[2.684s] INFO:colcon.colcon_core.shell:Creating package script '/home/eia/rbi_2025/rov/rov_ws/install/rov_mujoco_description/share/rov_mujoco_description/package.ps1'
[2.685s] INFO:colcon.colcon_core.shell:Creating package descriptor '/home/eia/rbi_2025/rov/rov_ws/install/rov_mujoco_description/share/rov_mujoco_description/package.dsv'
[2.686s] INFO:colcon.colcon_core.shell:Creating package script '/home/eia/rbi_2025/rov/rov_ws/install/rov_mujoco_description/share/rov_mujoco_description/package.sh'
[2.686s] INFO:colcon.colcon_core.shell:Creating package script '/home/eia/rbi_2025/rov/rov_ws/install/rov_mujoco_description/share/rov_mujoco_description/package.bash'
[2.687s] INFO:colcon.colcon_core.shell:Creating package script '/home/eia/rbi_2025/rov/rov_ws/install/rov_mujoco_description/share/rov_mujoco_description/package.zsh'
[2.688s] Level 1:colcon.colcon_core.environment:create_file_with_runtime_dependencies(/home/eia/rbi_2025/rov/rov_ws/install/rov_mujoco_description/share/colcon-core/packages/rov_mujoco_description)
[2.689s] INFO:colcon.colcon_ros.task.ament_python.build:Building ROS package in '/home/eia/rbi_2025/rov/rov_ws/src/visualization' with build type 'ament_python'
[2.689s] Level 1:colcon.colcon_core.shell:create_environment_hook('visualization', 'ament_prefix_path')
[2.689s] INFO:colcon.colcon_core.shell:Creating environment hook '/home/eia/rbi_2025/rov/rov_ws/install/visualization/share/visualization/hook/ament_prefix_path.ps1'
[2.691s] INFO:colcon.colcon_core.shell:Creating environment descriptor '/home/eia/rbi_2025/rov/rov_ws/install/visualization/share/visualization/hook/ament_prefix_path.dsv'
[2.692s] INFO:colcon.colcon_core.shell:Creating environment hook '/home/eia/rbi_2025/rov/rov_ws/install/visualization/share/visualization/hook/ament_prefix_path.sh'
[2.693s] INFO:colcon.colcon_core.shell:Skip shell extension 'powershell' for command environment: Not usable outside of PowerShell
[2.693s] DEBUG:colcon.colcon_core.shell:Skip shell extension 'dsv' for command environment
[2.699s] Level 1:colcon.colcon_core.environment:create_environment_scripts_only(rov_hardware_interface)
[2.700s] Level 1:colcon.colcon_core.environment:checking '/home/eia/rbi_2025/rov/rov_ws/install/rov_hardware_interface' for CMake module files
[2.700s] DEBUG:colcon.colcon_core.event_handler.log_command:Invoked command in '/home/eia/rbi_2025/rov/rov_ws/build/rov_hardware_interface' returned '0': CMAKE_PREFIX_PATH=/opt/ros/humble /usr/bin/cmake --install /home/eia/rbi_2025/rov/rov_ws/build/rov_hardware_interface
[2.701s] Level 1:colcon.colcon_core.environment:checking '/home/eia/rbi_2025/rov/rov_ws/install/rov_hardware_interface' for CMake config files
[2.701s] Level 1:colcon.colcon_core.shell:create_environment_hook('rov_hardware_interface', 'cmake_prefix_path')
[2.702s] INFO:colcon.colcon_core.shell:Creating environment hook '/home/eia/rbi_2025/rov/rov_ws/install/rov_hardware_interface/share/rov_hardware_interface/hook/cmake_prefix_path.ps1'
[2.703s] INFO:colcon.colcon_core.shell:Creating environment descriptor '/home/eia/rbi_2025/rov/rov_ws/install/rov_hardware_interface/share/rov_hardware_interface/hook/cmake_prefix_path.dsv'
[2.703s] INFO:colcon.colcon_core.shell:Creating environment hook '/home/eia/rbi_2025/rov/rov_ws/install/rov_hardware_interface/share/rov_hardware_interface/hook/cmake_prefix_path.sh'
[2.704s] Level 1:colcon.colcon_core.environment:checking '/home/eia/rbi_2025/rov/rov_ws/install/rov_hardware_interface/lib'
[2.704s] Level 1:colcon.colcon_core.shell:create_environment_hook('rov_hardware_interface', 'ld_library_path_lib')
[2.704s] INFO:colcon.colcon_core.shell:Creating environment hook '/home/eia/rbi_2025/rov/rov_ws/install/rov_hardware_interface/share/rov_hardware_interface/hook/ld_library_path_lib.ps1'
[2.705s] INFO:colcon.colcon_core.shell:Creating environment descriptor '/home/eia/rbi_2025/rov/rov_ws/install/rov_hardware_interface/share/rov_hardware_interface/hook/ld_library_path_lib.dsv'
[2.705s] INFO:colcon.colcon_core.shell:Creating environment hook '/home/eia/rbi_2025/rov/rov_ws/install/rov_hardware_interface/share/rov_hardware_interface/hook/ld_library_path_lib.sh'
[2.706s] Level 1:colcon.colcon_core.environment:checking '/home/eia/rbi_2025/rov/rov_ws/install/rov_hardware_interface/bin'
[2.706s] Level 1:colcon.colcon_core.environment:checking '/home/eia/rbi_2025/rov/rov_ws/install/rov_hardware_interface/lib/pkgconfig/rov_hardware_interface.pc'
[2.706s] Level 1:colcon.colcon_core.environment:checking '/home/eia/rbi_2025/rov/rov_ws/install/rov_hardware_interface/lib/python3.10/site-packages'
[2.707s] Level 1:colcon.colcon_core.environment:checking '/home/eia/rbi_2025/rov/rov_ws/install/rov_hardware_interface/bin'
[2.707s] INFO:colcon.colcon_core.shell:Creating package script '/home/eia/rbi_2025/rov/rov_ws/install/rov_hardware_interface/share/rov_hardware_interface/package.ps1'
[2.708s] INFO:colcon.colcon_core.shell:Creating package descriptor '/home/eia/rbi_2025/rov/rov_ws/install/rov_hardware_interface/share/rov_hardware_interface/package.dsv'
[2.708s] INFO:colcon.colcon_core.shell:Creating package script '/home/eia/rbi_2025/rov/rov_ws/install/rov_hardware_interface/share/rov_hardware_interface/package.sh'
[2.709s] INFO:colcon.colcon_core.shell:Creating package script '/home/eia/rbi_2025/rov/rov_ws/install/rov_hardware_interface/share/rov_hardware_interface/package.bash'
[2.710s] INFO:colcon.colcon_core.shell:Creating package script '/home/eia/rbi_2025/rov/rov_ws/install/rov_hardware_interface/share/rov_hardware_interface/package.zsh'
[2.710s] Level 1:colcon.colcon_core.environment:create_file_with_runtime_dependencies(/home/eia/rbi_2025/rov/rov_ws/install/rov_hardware_interface/share/colcon-core/packages/rov_hardware_interface)
[2.711s] Level 1:colcon.colcon_core.environment:create_environment_scripts_only(rov_hardware_interface)
[2.711s] Level 1:colcon.colcon_core.environment:checking '/home/eia/rbi_2025/rov/rov_ws/install/rov_hardware_interface' for CMake module files
[2.712s] Level 1:colcon.colcon_core.environment:checking '/home/eia/rbi_2025/rov/rov_ws/install/rov_hardware_interface' for CMake config files
[2.712s] Level 1:colcon.colcon_core.shell:create_environment_hook('rov_hardware_interface', 'cmake_prefix_path')
[2.713s] INFO:colcon.colcon_core.shell:Creating environment hook '/home/eia/rbi_2025/rov/rov_ws/install/rov_hardware_interface/share/rov_hardware_interface/hook/cmake_prefix_path.ps1'
[2.713s] INFO:colcon.colcon_core.shell:Creating environment descriptor '/home/eia/rbi_2025/rov/rov_ws/install/rov_hardware_interface/share/rov_hardware_interface/hook/cmake_prefix_path.dsv'
[2.714s] INFO:colcon.colcon_core.shell:Creating environment hook '/home/eia/rbi_2025/rov/rov_ws/install/rov_hardware_interface/share/rov_hardware_interface/hook/cmake_prefix_path.sh'
[2.715s] Level 1:colcon.colcon_core.environment:checking '/home/eia/rbi_2025/rov/rov_ws/install/rov_hardware_interface/lib'
[2.715s] Level 1:colcon.colcon_core.shell:create_environment_hook('rov_hardware_interface', 'ld_library_path_lib')
[2.716s] INFO:colcon.colcon_core.shell:Creating environment hook '/home/eia/rbi_2025/rov/rov_ws/install/rov_hardware_interface/share/rov_hardware_interface/hook/ld_library_path_lib.ps1'
[2.716s] INFO:colcon.colcon_core.shell:Creating environment descriptor '/home/eia/rbi_2025/rov/rov_ws/install/rov_hardware_interface/share/rov_hardware_interface/hook/ld_library_path_lib.dsv'
[2.717s] INFO:colcon.colcon_core.shell:Creating environment hook '/home/eia/rbi_2025/rov/rov_ws/install/rov_hardware_interface/share/rov_hardware_interface/hook/ld_library_path_lib.sh'
[2.717s] Level 1:colcon.colcon_core.environment:checking '/home/eia/rbi_2025/rov/rov_ws/install/rov_hardware_interface/bin'
[2.717s] Level 1:colcon.colcon_core.environment:checking '/home/eia/rbi_2025/rov/rov_ws/install/rov_hardware_interface/lib/pkgconfig/rov_hardware_interface.pc'
[2.718s] Level 1:colcon.colcon_core.environment:checking '/home/eia/rbi_2025/rov/rov_ws/install/rov_hardware_interface/lib/python3.10/site-packages'
[2.718s] Level 1:colcon.colcon_core.environment:checking '/home/eia/rbi_2025/rov/rov_ws/install/rov_hardware_interface/bin'
[2.719s] INFO:colcon.colcon_core.shell:Creating package script '/home/eia/rbi_2025/rov/rov_ws/install/rov_hardware_interface/share/rov_hardware_interface/package.ps1'
[2.719s] INFO:colcon.colcon_core.shell:Creating package descriptor '/home/eia/rbi_2025/rov/rov_ws/install/rov_hardware_interface/share/rov_hardware_interface/package.dsv'
[2.720s] INFO:colcon.colcon_core.shell:Creating package script '/home/eia/rbi_2025/rov/rov_ws/install/rov_hardware_interface/share/rov_hardware_interface/package.sh'
[2.721s] INFO:colcon.colcon_core.shell:Creating package script '/home/eia/rbi_2025/rov/rov_ws/install/rov_hardware_interface/share/rov_hardware_interface/package.bash'
[2.721s] INFO:colcon.colcon_core.shell:Creating package script '/home/eia/rbi_2025/rov/rov_ws/install/rov_hardware_interface/share/rov_hardware_interface/package.zsh'
[2.722s] Level 1:colcon.colcon_core.environment:create_file_with_runtime_dependencies(/home/eia/rbi_2025/rov/rov_ws/install/rov_hardware_interface/share/colcon-core/packages/rov_hardware_interface)
[2.724s] Level 1:colcon.colcon_core.environment:create_environment_scripts_only(rov_real_bringup)
[2.724s] Level 1:colcon.colcon_core.environment:checking '/home/eia/rbi_2025/rov/rov_ws/install/rov_real_bringup' for CMake module files
[2.726s] Level 1:colcon.colcon_core.environment:checking '/home/eia/rbi_2025/rov/rov_ws/install/rov_real_bringup' for CMake config files
[2.728s] DEBUG:colcon.colcon_core.event_handler.log_command:Invoked command in '/home/eia/rbi_2025/rov/rov_ws/build/rov_real_bringup' returned '0': CMAKE_PREFIX_PATH=/opt/ros/humble /usr/bin/cmake --install /home/eia/rbi_2025/rov/rov_ws/build/rov_real_bringup
[2.728s] Level 1:colcon.colcon_core.shell:create_environment_hook('rov_real_bringup', 'cmake_prefix_path')
[2.729s] INFO:colcon.colcon_core.shell:Creating environment hook '/home/eia/rbi_2025/rov/rov_ws/install/rov_real_bringup/share/rov_real_bringup/hook/cmake_prefix_path.ps1'
[2.729s] INFO:colcon.colcon_core.shell:Creating environment descriptor '/home/eia/rbi_2025/rov/rov_ws/install/rov_real_bringup/share/rov_real_bringup/hook/cmake_prefix_path.dsv'
[2.730s] INFO:colcon.colcon_core.shell:Creating environment hook '/home/eia/rbi_2025/rov/rov_ws/install/rov_real_bringup/share/rov_real_bringup/hook/cmake_prefix_path.sh'
[2.731s] Level 1:colcon.colcon_core.environment:checking '/home/eia/rbi_2025/rov/rov_ws/install/rov_real_bringup/bin'
[2.731s] Level 1:colcon.colcon_core.environment:checking '/home/eia/rbi_2025/rov/rov_ws/install/rov_real_bringup/lib/pkgconfig/rov_real_bringup.pc'
[2.731s] Level 1:colcon.colcon_core.environment:checking '/home/eia/rbi_2025/rov/rov_ws/install/rov_real_bringup/lib/python3.10/site-packages'
[2.731s] Level 1:colcon.colcon_core.environment:checking '/home/eia/rbi_2025/rov/rov_ws/install/rov_real_bringup/bin'
[2.732s] INFO:colcon.colcon_core.shell:Creating package script '/home/eia/rbi_2025/rov/rov_ws/install/rov_real_bringup/share/rov_real_bringup/package.ps1'
[2.732s] INFO:colcon.colcon_core.shell:Creating package descriptor '/home/eia/rbi_2025/rov/rov_ws/install/rov_real_bringup/share/rov_real_bringup/package.dsv'
[2.733s] INFO:colcon.colcon_core.shell:Creating package script '/home/eia/rbi_2025/rov/rov_ws/install/rov_real_bringup/share/rov_real_bringup/package.sh'
[2.734s] INFO:colcon.colcon_core.shell:Creating package script '/home/eia/rbi_2025/rov/rov_ws/install/rov_real_bringup/share/rov_real_bringup/package.bash'
[2.734s] INFO:colcon.colcon_core.shell:Creating package script '/home/eia/rbi_2025/rov/rov_ws/install/rov_real_bringup/share/rov_real_bringup/package.zsh'
[2.735s] Level 1:colcon.colcon_core.environment:create_file_with_runtime_dependencies(/home/eia/rbi_2025/rov/rov_ws/install/rov_real_bringup/share/colcon-core/packages/rov_real_bringup)
[2.735s] Level 1:colcon.colcon_core.environment:create_environment_scripts_only(rov_real_bringup)
[2.736s] Level 1:colcon.colcon_core.environment:checking '/home/eia/rbi_2025/rov/rov_ws/install/rov_real_bringup' for CMake module files
[2.736s] Level 1:colcon.colcon_core.environment:checking '/home/eia/rbi_2025/rov/rov_ws/install/rov_real_bringup' for CMake config files
[2.737s] Level 1:colcon.colcon_core.shell:create_environment_hook('rov_real_bringup', 'cmake_prefix_path')
[2.737s] INFO:colcon.colcon_core.shell:Creating environment hook '/home/eia/rbi_2025/rov/rov_ws/install/rov_real_bringup/share/rov_real_bringup/hook/cmake_prefix_path.ps1'
[2.738s] INFO:colcon.colcon_core.shell:Creating environment descriptor '/home/eia/rbi_2025/rov/rov_ws/install/rov_real_bringup/share/rov_real_bringup/hook/cmake_prefix_path.dsv'
[2.738s] INFO:colcon.colcon_core.shell:Creating environment hook '/home/eia/rbi_2025/rov/rov_ws/install/rov_real_bringup/share/rov_real_bringup/hook/cmake_prefix_path.sh'
[2.739s] Level 1:colcon.colcon_core.environment:checking '/home/eia/rbi_2025/rov/rov_ws/install/rov_real_bringup/bin'
[2.739s] Level 1:colcon.colcon_core.environment:checking '/home/eia/rbi_2025/rov/rov_ws/install/rov_real_bringup/lib/pkgconfig/rov_real_bringup.pc'
[2.739s] Level 1:colcon.colcon_core.environment:checking '/home/eia/rbi_2025/rov/rov_ws/install/rov_real_bringup/lib/python3.10/site-packages'
[2.739s] Level 1:colcon.colcon_core.environment:checking '/home/eia/rbi_2025/rov/rov_ws/install/rov_real_bringup/bin'
[2.740s] INFO:colcon.colcon_core.shell:Creating package script '/home/eia/rbi_2025/rov/rov_ws/install/rov_real_bringup/share/rov_real_bringup/package.ps1'
[2.741s] INFO:colcon.colcon_core.shell:Creating package descriptor '/home/eia/rbi_2025/rov/rov_ws/install/rov_real_bringup/share/rov_real_bringup/package.dsv'
[2.741s] INFO:colcon.colcon_core.shell:Creating package script '/home/eia/rbi_2025/rov/rov_ws/install/rov_real_bringup/share/rov_real_bringup/package.sh'
[2.742s] INFO:colcon.colcon_core.shell:Creating package script '/home/eia/rbi_2025/rov/rov_ws/install/rov_real_bringup/share/rov_real_bringup/package.bash'
[2.742s] INFO:colcon.colcon_core.shell:Creating package script '/home/eia/rbi_2025/rov/rov_ws/install/rov_real_bringup/share/rov_real_bringup/package.zsh'
[2.743s] Level 1:colcon.colcon_core.environment:create_file_with_runtime_dependencies(/home/eia/rbi_2025/rov/rov_ws/install/rov_real_bringup/share/colcon-core/packages/rov_real_bringup)
[3.357s] INFO:colcon.colcon_core.task.python.build:Building Python package in '/home/eia/rbi_2025/rov/rov_ws/src/visualization'
[3.358s] INFO:colcon.colcon_core.shell:Skip shell extension 'powershell' for command environment: Not usable outside of PowerShell
[3.358s] DEBUG:colcon.colcon_core.shell:Skip shell extension 'dsv' for command environment
[3.362s] Level 1:colcon.colcon_core.environment:create_environment_scripts_only(rov_real_description)
[3.362s] Level 1:colcon.colcon_core.environment:checking '/home/eia/rbi_2025/rov/rov_ws/install/rov_real_description' for CMake module files
[3.363s] DEBUG:colcon.colcon_core.event_handler.log_command:Invoked command in '/home/eia/rbi_2025/rov/rov_ws/build/rov_real_description' returned '0': CMAKE_PREFIX_PATH=/opt/ros/humble /usr/bin/cmake --install /home/eia/rbi_2025/rov/rov_ws/build/rov_real_description
[3.364s] Level 1:colcon.colcon_core.environment:checking '/home/eia/rbi_2025/rov/rov_ws/install/rov_real_description' for CMake config files
[3.364s] Level 1:colcon.colcon_core.shell:create_environment_hook('rov_real_description', 'cmake_prefix_path')
[3.364s] INFO:colcon.colcon_core.shell:Creating environment hook '/home/eia/rbi_2025/rov/rov_ws/install/rov_real_description/share/rov_real_description/hook/cmake_prefix_path.ps1'
[3.365s] INFO:colcon.colcon_core.shell:Creating environment descriptor '/home/eia/rbi_2025/rov/rov_ws/install/rov_real_description/share/rov_real_description/hook/cmake_prefix_path.dsv'
[3.365s] INFO:colcon.colcon_core.shell:Creating environment hook '/home/eia/rbi_2025/rov/rov_ws/install/rov_real_description/share/rov_real_description/hook/cmake_prefix_path.sh'
[3.366s] Level 1:colcon.colcon_core.environment:checking '/home/eia/rbi_2025/rov/rov_ws/install/rov_real_description/bin'
[3.366s] Level 1:colcon.colcon_core.environment:checking '/home/eia/rbi_2025/rov/rov_ws/install/rov_real_description/lib/pkgconfig/rov_real_description.pc'
[3.366s] Level 1:colcon.colcon_core.environment:checking '/home/eia/rbi_2025/rov/rov_ws/install/rov_real_description/lib/python3.10/site-packages'
[3.366s] Level 1:colcon.colcon_core.environment:checking '/home/eia/rbi_2025/rov/rov_ws/install/rov_real_description/bin'
[3.367s] INFO:colcon.colcon_core.shell:Creating package script '/home/eia/rbi_2025/rov/rov_ws/install/rov_real_description/share/rov_real_description/package.ps1'
[3.367s] INFO:colcon.colcon_core.shell:Creating package descriptor '/home/eia/rbi_2025/rov/rov_ws/install/rov_real_description/share/rov_real_description/package.dsv'
[3.368s] INFO:colcon.colcon_core.shell:Creating package script '/home/eia/rbi_2025/rov/rov_ws/install/rov_real_description/share/rov_real_description/package.sh'
[3.368s] INFO:colcon.colcon_core.shell:Creating package script '/home/eia/rbi_2025/rov/rov_ws/install/rov_real_description/share/rov_real_description/package.bash'
[3.369s] INFO:colcon.colcon_core.shell:Creating package script '/home/eia/rbi_2025/rov/rov_ws/install/rov_real_description/share/rov_real_description/package.zsh'
[3.369s] Level 1:colcon.colcon_core.environment:create_file_with_runtime_dependencies(/home/eia/rbi_2025/rov/rov_ws/install/rov_real_description/share/colcon-core/packages/rov_real_description)
[3.370s] Level 1:colcon.colcon_core.environment:create_environment_scripts_only(rov_real_description)
[3.370s] Level 1:colcon.colcon_core.environment:checking '/home/eia/rbi_2025/rov/rov_ws/install/rov_real_description' for CMake module files
[3.371s] Level 1:colcon.colcon_core.environment:checking '/home/eia/rbi_2025/rov/rov_ws/install/rov_real_description' for CMake config files
[3.371s] Level 1:colcon.colcon_core.shell:create_environment_hook('rov_real_description', 'cmake_prefix_path')
[3.371s] INFO:colcon.colcon_core.shell:Creating environment hook '/home/eia/rbi_2025/rov/rov_ws/install/rov_real_description/share/rov_real_description/hook/cmake_prefix_path.ps1'
[3.372s] INFO:colcon.colcon_core.shell:Creating environment descriptor '/home/eia/rbi_2025/rov/rov_ws/install/rov_real_description/share/rov_real_description/hook/cmake_prefix_path.dsv'
[3.372s] INFO:colcon.colcon_core.shell:Creating environment hook '/home/eia/rbi_2025/rov/rov_ws/install/rov_real_description/share/rov_real_description/hook/cmake_prefix_path.sh'
[3.373s] Level 1:colcon.colcon_core.environment:checking '/home/eia/rbi_2025/rov/rov_ws/install/rov_real_description/bin'
[3.373s] Level 1:colcon.colcon_core.environment:checking '/home/eia/rbi_2025/rov/rov_ws/install/rov_real_description/lib/pkgconfig/rov_real_description.pc'
[3.373s] Level 1:colcon.colcon_core.environment:checking '/home/eia/rbi_2025/rov/rov_ws/install/rov_real_description/lib/python3.10/site-packages'
[3.373s] Level 1:colcon.colcon_core.environment:checking '/home/eia/rbi_2025/rov/rov_ws/install/rov_real_description/bin'
[3.374s] INFO:colcon.colcon_core.shell:Creating package script '/home/eia/rbi_2025/rov/rov_ws/install/rov_real_description/share/rov_real_description/package.ps1'
[3.374s] INFO:colcon.colcon_core.shell:Creating package descriptor '/home/eia/rbi_2025/rov/rov_ws/install/rov_real_description/share/rov_real_description/package.dsv'
[3.375s] INFO:colcon.colcon_core.shell:Creating package script '/home/eia/rbi_2025/rov/rov_ws/install/rov_real_description/share/rov_real_description/package.sh'
[3.376s] INFO:colcon.colcon_core.shell:Creating package script '/home/eia/rbi_2025/rov/rov_ws/install/rov_real_description/share/rov_real_description/package.bash'
[3.376s] INFO:colcon.colcon_core.shell:Creating package script '/home/eia/rbi_2025/rov/rov_ws/install/rov_real_description/share/rov_real_description/package.zsh'
[3.377s] Level 1:colcon.colcon_core.environment:create_file_with_runtime_dependencies(/home/eia/rbi_2025/rov/rov_ws/install/rov_real_description/share/colcon-core/packages/rov_real_description)
[3.380s] DEBUG:colcon.colcon_core.event_handler.log_command:Invoking command in '/home/eia/rbi_2025/rov/rov_ws/build/rov_path_follower': PYTHONPATH=/home/eia/rbi_2025/rov/rov_ws/build/rov_path_follower/prefix_override:/home/eia/.local/lib/python3.10/site-packages/colcon_core/task/python/colcon_distutils_commands:/home/eia/rbi_2025/rov/rov_ws/install/rov_path_follower/lib/python3.10/site-packages:${PYTHONPATH} /usr/bin/python3 -W ignore:setup.py install is deprecated -W ignore:easy_install command is deprecated setup.py develop --editable --build-directory /home/eia/rbi_2025/rov/rov_ws/build/rov_path_follower/build --no-deps symlink_data
[3.381s] DEBUG:colcon.colcon_core.event_handler.log_command:Invoking command in '/home/eia/rbi_2025/rov/rov_ws/build/rov_path_generator': PYTHONPATH=/home/eia/rbi_2025/rov/rov_ws/build/rov_path_generator/prefix_override:/home/eia/.local/lib/python3.10/site-packages/colcon_core/task/python/colcon_distutils_commands:/home/eia/rbi_2025/rov/rov_ws/install/rov_path_generator/lib/python3.10/site-packages:${PYTHONPATH} /usr/bin/python3 -W ignore:setup.py install is deprecated -W ignore:easy_install command is deprecated setup.py develop --editable --build-directory /home/eia/rbi_2025/rov/rov_ws/build/rov_path_generator/build --no-deps symlink_data
[3.383s] DEBUG:colcon.colcon_core.event_handler.log_command:Invoking command in '/home/eia/rbi_2025/rov/rov_ws/build/rov_attitude_controller': PYTHONPATH=/home/eia/rbi_2025/rov/rov_ws/build/rov_attitude_controller/prefix_override:/home/eia/.local/lib/python3.10/site-packages/colcon_core/task/python/colcon_distutils_commands:/home/eia/rbi_2025/rov/rov_ws/install/rov_attitude_controller/lib/python3.10/site-packages:${PYTHONPATH} /usr/bin/python3 -W ignore:setup.py install is deprecated -W ignore:easy_install command is deprecated setup.py develop --editable --build-directory /home/eia/rbi_2025/rov/rov_ws/build/rov_attitude_controller/build --no-deps symlink_data
[3.385s] DEBUG:colcon.colcon_core.event_handler.log_command:Invoking command in '/home/eia/rbi_2025/rov/rov_ws/build/rov_position_controller': PYTHONPATH=/home/eia/rbi_2025/rov/rov_ws/build/rov_position_controller/prefix_override:/home/eia/.local/lib/python3.10/site-packages/colcon_core/task/python/colcon_distutils_commands:/home/eia/rbi_2025/rov/rov_ws/install/rov_position_controller/lib/python3.10/site-packages:${PYTHONPATH} /usr/bin/python3 -W ignore:setup.py install is deprecated -W ignore:easy_install command is deprecated setup.py develop --editable --build-directory /home/eia/rbi_2025/rov/rov_ws/build/rov_position_controller/build --no-deps symlink_data
[3.388s] DEBUG:colcon.colcon_core.event_handler.log_command:Invoking command in '/home/eia/rbi_2025/rov/rov_ws/build/direct_control': PYTHONPATH=/home/eia/rbi_2025/rov/rov_ws/build/direct_control/prefix_override:/home/eia/.local/lib/python3.10/site-packages/colcon_core/task/python/colcon_distutils_commands:/home/eia/rbi_2025/rov/rov_ws/install/direct_control/lib/python3.10/site-packages:${PYTHONPATH} /usr/bin/python3 -W ignore:setup.py install is deprecated -W ignore:easy_install command is deprecated setup.py develop --editable --build-directory /home/eia/rbi_2025/rov/rov_ws/build/direct_control/build --no-deps symlink_data
[4.024s] DEBUG:colcon.colcon_core.event_handler.log_command:Invoking command in '/home/eia/rbi_2025/rov/rov_ws/build/visualization': PYTHONPATH=/home/eia/rbi_2025/rov/rov_ws/build/visualization/prefix_override:/home/eia/.local/lib/python3.10/site-packages/colcon_core/task/python/colcon_distutils_commands:/home/eia/rbi_2025/rov/rov_ws/install/visualization/lib/python3.10/site-packages:${PYTHONPATH} /usr/bin/python3 -W ignore:setup.py install is deprecated -W ignore:easy_install command is deprecated setup.py develop --editable --build-directory /home/eia/rbi_2025/rov/rov_ws/build/visualization/build --no-deps symlink_data
[4.215s] Level 1:colcon.colcon_core.shell:create_environment_hook('rov_path_follower', 'pythonpath_develop')
[4.216s] INFO:colcon.colcon_core.shell:Creating environment hook '/home/eia/rbi_2025/rov/rov_ws/build/rov_path_follower/share/rov_path_follower/hook/pythonpath_develop.ps1'
[4.216s] DEBUG:colcon.colcon_core.event_handler.log_command:Invoked command in '/home/eia/rbi_2025/rov/rov_ws/build/rov_path_follower' returned '0': PYTHONPATH=/home/eia/rbi_2025/rov/rov_ws/build/rov_path_follower/prefix_override:/home/eia/.local/lib/python3.10/site-packages/colcon_core/task/python/colcon_distutils_commands:/home/eia/rbi_2025/rov/rov_ws/install/rov_path_follower/lib/python3.10/site-packages:${PYTHONPATH} /usr/bin/python3 -W ignore:setup.py install is deprecated -W ignore:easy_install command is deprecated setup.py develop --editable --build-directory /home/eia/rbi_2025/rov/rov_ws/build/rov_path_follower/build --no-deps symlink_data
[4.217s] INFO:colcon.colcon_core.shell:Creating environment descriptor '/home/eia/rbi_2025/rov/rov_ws/build/rov_path_follower/share/rov_path_follower/hook/pythonpath_develop.dsv'
[4.218s] INFO:colcon.colcon_core.shell:Creating environment hook '/home/eia/rbi_2025/rov/rov_ws/build/rov_path_follower/share/rov_path_follower/hook/pythonpath_develop.sh'
[4.219s] Level 1:colcon.colcon_core.environment:checking '/home/eia/rbi_2025/rov/rov_ws/install/rov_path_follower' for CMake module files
[4.220s] Level 1:colcon.colcon_core.environment:checking '/home/eia/rbi_2025/rov/rov_ws/install/rov_path_follower' for CMake config files
[4.221s] Level 1:colcon.colcon_core.environment:checking '/home/eia/rbi_2025/rov/rov_ws/install/rov_path_follower/lib'
[4.222s] Level 1:colcon.colcon_core.environment:checking '/home/eia/rbi_2025/rov/rov_ws/install/rov_path_follower/bin'
[4.222s] Level 1:colcon.colcon_core.environment:checking '/home/eia/rbi_2025/rov/rov_ws/install/rov_path_follower/lib/pkgconfig/rov_path_follower.pc'
[4.222s] Level 1:colcon.colcon_core.environment:checking '/home/eia/rbi_2025/rov/rov_ws/install/rov_path_follower/lib/python3.10/site-packages'
[4.222s] Level 1:colcon.colcon_core.shell:create_environment_hook('rov_path_follower', 'pythonpath')
[4.223s] INFO:colcon.colcon_core.shell:Creating environment hook '/home/eia/rbi_2025/rov/rov_ws/install/rov_path_follower/share/rov_path_follower/hook/pythonpath.ps1'
[4.224s] INFO:colcon.colcon_core.shell:Creating environment descriptor '/home/eia/rbi_2025/rov/rov_ws/install/rov_path_follower/share/rov_path_follower/hook/pythonpath.dsv'
[4.224s] INFO:colcon.colcon_core.shell:Creating environment hook '/home/eia/rbi_2025/rov/rov_ws/install/rov_path_follower/share/rov_path_follower/hook/pythonpath.sh'
[4.225s] Level 1:colcon.colcon_core.environment:checking '/home/eia/rbi_2025/rov/rov_ws/install/rov_path_follower/bin'
[4.226s] Level 1:colcon.colcon_core.environment:create_environment_scripts_only(rov_path_follower)
[4.227s] INFO:colcon.colcon_core.shell:Creating package script '/home/eia/rbi_2025/rov/rov_ws/install/rov_path_follower/share/rov_path_follower/package.ps1'
[4.228s] INFO:colcon.colcon_core.shell:Creating package descriptor '/home/eia/rbi_2025/rov/rov_ws/install/rov_path_follower/share/rov_path_follower/package.dsv'
[4.229s] INFO:colcon.colcon_core.shell:Creating package script '/home/eia/rbi_2025/rov/rov_ws/install/rov_path_follower/share/rov_path_follower/package.sh'
[4.230s] INFO:colcon.colcon_core.shell:Creating package script '/home/eia/rbi_2025/rov/rov_ws/install/rov_path_follower/share/rov_path_follower/package.bash'
[4.231s] INFO:colcon.colcon_core.shell:Creating package script '/home/eia/rbi_2025/rov/rov_ws/install/rov_path_follower/share/rov_path_follower/package.zsh'
[4.231s] Level 1:colcon.colcon_core.environment:create_file_with_runtime_dependencies(/home/eia/rbi_2025/rov/rov_ws/install/rov_path_follower/share/colcon-core/packages/rov_path_follower)
[4.254s] Level 1:colcon.colcon_core.shell:create_environment_hook('rov_attitude_controller', 'pythonpath_develop')
[4.255s] INFO:colcon.colcon_core.shell:Creating environment hook '/home/eia/rbi_2025/rov/rov_ws/build/rov_attitude_controller/share/rov_attitude_controller/hook/pythonpath_develop.ps1'
[4.255s] DEBUG:colcon.colcon_core.event_handler.log_command:Invoked command in '/home/eia/rbi_2025/rov/rov_ws/build/rov_attitude_controller' returned '0': PYTHONPATH=/home/eia/rbi_2025/rov/rov_ws/build/rov_attitude_controller/prefix_override:/home/eia/.local/lib/python3.10/site-packages/colcon_core/task/python/colcon_distutils_commands:/home/eia/rbi_2025/rov/rov_ws/install/rov_attitude_controller/lib/python3.10/site-packages:${PYTHONPATH} /usr/bin/python3 -W ignore:setup.py install is deprecated -W ignore:easy_install command is deprecated setup.py develop --editable --build-directory /home/eia/rbi_2025/rov/rov_ws/build/rov_attitude_controller/build --no-deps symlink_data
[4.256s] INFO:colcon.colcon_core.shell:Creating environment descriptor '/home/eia/rbi_2025/rov/rov_ws/build/rov_attitude_controller/share/rov_attitude_controller/hook/pythonpath_develop.dsv'
[4.257s] INFO:colcon.colcon_core.shell:Creating environment hook '/home/eia/rbi_2025/rov/rov_ws/build/rov_attitude_controller/share/rov_attitude_controller/hook/pythonpath_develop.sh'
[4.259s] Level 1:colcon.colcon_core.environment:checking '/home/eia/rbi_2025/rov/rov_ws/install/rov_attitude_controller' for CMake module files
[4.260s] Level 1:colcon.colcon_core.environment:checking '/home/eia/rbi_2025/rov/rov_ws/install/rov_attitude_controller' for CMake config files
[4.261s] Level 1:colcon.colcon_core.environment:checking '/home/eia/rbi_2025/rov/rov_ws/install/rov_attitude_controller/lib'
[4.261s] Level 1:colcon.colcon_core.environment:checking '/home/eia/rbi_2025/rov/rov_ws/install/rov_attitude_controller/bin'
[4.261s] Level 1:colcon.colcon_core.environment:checking '/home/eia/rbi_2025/rov/rov_ws/install/rov_attitude_controller/lib/pkgconfig/rov_attitude_controller.pc'
[4.261s] Level 1:colcon.colcon_core.environment:checking '/home/eia/rbi_2025/rov/rov_ws/install/rov_attitude_controller/lib/python3.10/site-packages'
[4.262s] Level 1:colcon.colcon_core.shell:create_environment_hook('rov_attitude_controller', 'pythonpath')
[4.262s] INFO:colcon.colcon_core.shell:Creating environment hook '/home/eia/rbi_2025/rov/rov_ws/install/rov_attitude_controller/share/rov_attitude_controller/hook/pythonpath.ps1'
[4.263s] INFO:colcon.colcon_core.shell:Creating environment descriptor '/home/eia/rbi_2025/rov/rov_ws/install/rov_attitude_controller/share/rov_attitude_controller/hook/pythonpath.dsv'
[4.264s] INFO:colcon.colcon_core.shell:Creating environment hook '/home/eia/rbi_2025/rov/rov_ws/install/rov_attitude_controller/share/rov_attitude_controller/hook/pythonpath.sh'
[4.265s] Level 1:colcon.colcon_core.environment:checking '/home/eia/rbi_2025/rov/rov_ws/install/rov_attitude_controller/bin'
[4.265s] Level 1:colcon.colcon_core.environment:create_environment_scripts_only(rov_attitude_controller)
[4.266s] INFO:colcon.colcon_core.shell:Creating package script '/home/eia/rbi_2025/rov/rov_ws/install/rov_attitude_controller/share/rov_attitude_controller/package.ps1'
[4.267s] INFO:colcon.colcon_core.shell:Creating package descriptor '/home/eia/rbi_2025/rov/rov_ws/install/rov_attitude_controller/share/rov_attitude_controller/package.dsv'
[4.268s] INFO:colcon.colcon_core.shell:Creating package script '/home/eia/rbi_2025/rov/rov_ws/install/rov_attitude_controller/share/rov_attitude_controller/package.sh'
[4.269s] INFO:colcon.colcon_core.shell:Creating package script '/home/eia/rbi_2025/rov/rov_ws/install/rov_attitude_controller/share/rov_attitude_controller/package.bash'
[4.270s] INFO:colcon.colcon_core.shell:Creating package script '/home/eia/rbi_2025/rov/rov_ws/install/rov_attitude_controller/share/rov_attitude_controller/package.zsh'
[4.270s] Level 1:colcon.colcon_core.environment:create_file_with_runtime_dependencies(/home/eia/rbi_2025/rov/rov_ws/install/rov_attitude_controller/share/colcon-core/packages/rov_attitude_controller)
[4.273s] Level 1:colcon.colcon_core.shell:create_environment_hook('rov_path_generator', 'pythonpath_develop')
[4.274s] INFO:colcon.colcon_core.shell:Creating environment hook '/home/eia/rbi_2025/rov/rov_ws/build/rov_path_generator/share/rov_path_generator/hook/pythonpath_develop.ps1'
[4.274s] DEBUG:colcon.colcon_core.event_handler.log_command:Invoked command in '/home/eia/rbi_2025/rov/rov_ws/build/rov_path_generator' returned '0': PYTHONPATH=/home/eia/rbi_2025/rov/rov_ws/build/rov_path_generator/prefix_override:/home/eia/.local/lib/python3.10/site-packages/colcon_core/task/python/colcon_distutils_commands:/home/eia/rbi_2025/rov/rov_ws/install/rov_path_generator/lib/python3.10/site-packages:${PYTHONPATH} /usr/bin/python3 -W ignore:setup.py install is deprecated -W ignore:easy_install command is deprecated setup.py develop --editable --build-directory /home/eia/rbi_2025/rov/rov_ws/build/rov_path_generator/build --no-deps symlink_data
[4.275s] INFO:colcon.colcon_core.shell:Creating environment descriptor '/home/eia/rbi_2025/rov/rov_ws/build/rov_path_generator/share/rov_path_generator/hook/pythonpath_develop.dsv'
[4.275s] INFO:colcon.colcon_core.shell:Creating environment hook '/home/eia/rbi_2025/rov/rov_ws/build/rov_path_generator/share/rov_path_generator/hook/pythonpath_develop.sh'
[4.276s] Level 1:colcon.colcon_core.environment:checking '/home/eia/rbi_2025/rov/rov_ws/install/rov_path_generator' for CMake module files
[4.277s] Level 1:colcon.colcon_core.environment:checking '/home/eia/rbi_2025/rov/rov_ws/install/rov_path_generator' for CMake config files
[4.278s] Level 1:colcon.colcon_core.environment:checking '/home/eia/rbi_2025/rov/rov_ws/install/rov_path_generator/lib'
[4.278s] Level 1:colcon.colcon_core.environment:checking '/home/eia/rbi_2025/rov/rov_ws/install/rov_path_generator/bin'
[4.278s] Level 1:colcon.colcon_core.environment:checking '/home/eia/rbi_2025/rov/rov_ws/install/rov_path_generator/lib/pkgconfig/rov_path_generator.pc'
[4.279s] Level 1:colcon.colcon_core.environment:checking '/home/eia/rbi_2025/rov/rov_ws/install/rov_path_generator/lib/python3.10/site-packages'
[4.279s] Level 1:colcon.colcon_core.shell:create_environment_hook('rov_path_generator', 'pythonpath')
[4.280s] INFO:colcon.colcon_core.shell:Creating environment hook '/home/eia/rbi_2025/rov/rov_ws/install/rov_path_generator/share/rov_path_generator/hook/pythonpath.ps1'
[4.280s] INFO:colcon.colcon_core.shell:Creating environment descriptor '/home/eia/rbi_2025/rov/rov_ws/install/rov_path_generator/share/rov_path_generator/hook/pythonpath.dsv'
[4.281s] INFO:colcon.colcon_core.shell:Creating environment hook '/home/eia/rbi_2025/rov/rov_ws/install/rov_path_generator/share/rov_path_generator/hook/pythonpath.sh'
[4.282s] Level 1:colcon.colcon_core.environment:checking '/home/eia/rbi_2025/rov/rov_ws/install/rov_path_generator/bin'
[4.282s] Level 1:colcon.colcon_core.environment:create_environment_scripts_only(rov_path_generator)
[4.283s] INFO:colcon.colcon_core.shell:Creating package script '/home/eia/rbi_2025/rov/rov_ws/install/rov_path_generator/share/rov_path_generator/package.ps1'
[4.284s] INFO:colcon.colcon_core.shell:Creating package descriptor '/home/eia/rbi_2025/rov/rov_ws/install/rov_path_generator/share/rov_path_generator/package.dsv'
[4.285s] INFO:colcon.colcon_core.shell:Creating package script '/home/eia/rbi_2025/rov/rov_ws/install/rov_path_generator/share/rov_path_generator/package.sh'
[4.285s] INFO:colcon.colcon_core.shell:Creating package script '/home/eia/rbi_2025/rov/rov_ws/install/rov_path_generator/share/rov_path_generator/package.bash'
[4.286s] INFO:colcon.colcon_core.shell:Creating package script '/home/eia/rbi_2025/rov/rov_ws/install/rov_path_generator/share/rov_path_generator/package.zsh'
[4.287s] Level 1:colcon.colcon_core.environment:create_file_with_runtime_dependencies(/home/eia/rbi_2025/rov/rov_ws/install/rov_path_generator/share/colcon-core/packages/rov_path_generator)
[4.287s] Level 1:colcon.colcon_core.shell:create_environment_hook('rov_position_controller', 'pythonpath_develop')
[4.288s] INFO:colcon.colcon_core.shell:Creating environment hook '/home/eia/rbi_2025/rov/rov_ws/build/rov_position_controller/share/rov_position_controller/hook/pythonpath_develop.ps1'
[4.288s] INFO:colcon.colcon_core.shell:Creating environment descriptor '/home/eia/rbi_2025/rov/rov_ws/build/rov_position_controller/share/rov_position_controller/hook/pythonpath_develop.dsv'
[4.289s] DEBUG:colcon.colcon_core.event_handler.log_command:Invoked command in '/home/eia/rbi_2025/rov/rov_ws/build/rov_position_controller' returned '0': PYTHONPATH=/home/eia/rbi_2025/rov/rov_ws/build/rov_position_controller/prefix_override:/home/eia/.local/lib/python3.10/site-packages/colcon_core/task/python/colcon_distutils_commands:/home/eia/rbi_2025/rov/rov_ws/install/rov_position_controller/lib/python3.10/site-packages:${PYTHONPATH} /usr/bin/python3 -W ignore:setup.py install is deprecated -W ignore:easy_install command is deprecated setup.py develop --editable --build-directory /home/eia/rbi_2025/rov/rov_ws/build/rov_position_controller/build --no-deps symlink_data
[4.289s] INFO:colcon.colcon_core.shell:Creating environment hook '/home/eia/rbi_2025/rov/rov_ws/build/rov_position_controller/share/rov_position_controller/hook/pythonpath_develop.sh'
[4.291s] Level 1:colcon.colcon_core.environment:checking '/home/eia/rbi_2025/rov/rov_ws/install/rov_position_controller' for CMake module files
[4.291s] Level 1:colcon.colcon_core.environment:checking '/home/eia/rbi_2025/rov/rov_ws/install/rov_position_controller' for CMake config files
[4.292s] Level 1:colcon.colcon_core.environment:checking '/home/eia/rbi_2025/rov/rov_ws/install/rov_position_controller/lib'
[4.292s] Level 1:colcon.colcon_core.environment:checking '/home/eia/rbi_2025/rov/rov_ws/install/rov_position_controller/bin'
[4.292s] Level 1:colcon.colcon_core.environment:checking '/home/eia/rbi_2025/rov/rov_ws/install/rov_position_controller/lib/pkgconfig/rov_position_controller.pc'
[4.293s] Level 1:colcon.colcon_core.environment:checking '/home/eia/rbi_2025/rov/rov_ws/install/rov_position_controller/lib/python3.10/site-packages'
[4.293s] Level 1:colcon.colcon_core.shell:create_environment_hook('rov_position_controller', 'pythonpath')
[4.293s] INFO:colcon.colcon_core.shell:Creating environment hook '/home/eia/rbi_2025/rov/rov_ws/install/rov_position_controller/share/rov_position_controller/hook/pythonpath.ps1'
[4.294s] INFO:colcon.colcon_core.shell:Creating environment descriptor '/home/eia/rbi_2025/rov/rov_ws/install/rov_position_controller/share/rov_position_controller/hook/pythonpath.dsv'
[4.294s] INFO:colcon.colcon_core.shell:Creating environment hook '/home/eia/rbi_2025/rov/rov_ws/install/rov_position_controller/share/rov_position_controller/hook/pythonpath.sh'
[4.295s] Level 1:colcon.colcon_core.environment:checking '/home/eia/rbi_2025/rov/rov_ws/install/rov_position_controller/bin'
[4.295s] Level 1:colcon.colcon_core.environment:create_environment_scripts_only(rov_position_controller)
[4.296s] INFO:colcon.colcon_core.shell:Creating package script '/home/eia/rbi_2025/rov/rov_ws/install/rov_position_controller/share/rov_position_controller/package.ps1'
[4.297s] INFO:colcon.colcon_core.shell:Creating package descriptor '/home/eia/rbi_2025/rov/rov_ws/install/rov_position_controller/share/rov_position_controller/package.dsv'
[4.297s] INFO:colcon.colcon_core.shell:Creating package script '/home/eia/rbi_2025/rov/rov_ws/install/rov_position_controller/share/rov_position_controller/package.sh'
[4.298s] INFO:colcon.colcon_core.shell:Creating package script '/home/eia/rbi_2025/rov/rov_ws/install/rov_position_controller/share/rov_position_controller/package.bash'
[4.299s] INFO:colcon.colcon_core.shell:Creating package script '/home/eia/rbi_2025/rov/rov_ws/install/rov_position_controller/share/rov_position_controller/package.zsh'
[4.299s] Level 1:colcon.colcon_core.environment:create_file_with_runtime_dependencies(/home/eia/rbi_2025/rov/rov_ws/install/rov_position_controller/share/colcon-core/packages/rov_position_controller)
[4.300s] Level 1:colcon.colcon_core.shell:create_environment_hook('direct_control', 'pythonpath_develop')
[4.300s] INFO:colcon.colcon_core.shell:Creating environment hook '/home/eia/rbi_2025/rov/rov_ws/build/direct_control/share/direct_control/hook/pythonpath_develop.ps1'
[4.301s] DEBUG:colcon.colcon_core.event_handler.log_command:Invoked command in '/home/eia/rbi_2025/rov/rov_ws/build/direct_control' returned '0': PYTHONPATH=/home/eia/rbi_2025/rov/rov_ws/build/direct_control/prefix_override:/home/eia/.local/lib/python3.10/site-packages/colcon_core/task/python/colcon_distutils_commands:/home/eia/rbi_2025/rov/rov_ws/install/direct_control/lib/python3.10/site-packages:${PYTHONPATH} /usr/bin/python3 -W ignore:setup.py install is deprecated -W ignore:easy_install command is deprecated setup.py develop --editable --build-directory /home/eia/rbi_2025/rov/rov_ws/build/direct_control/build --no-deps symlink_data
[4.301s] INFO:colcon.colcon_core.shell:Creating environment descriptor '/home/eia/rbi_2025/rov/rov_ws/build/direct_control/share/direct_control/hook/pythonpath_develop.dsv'
[4.302s] INFO:colcon.colcon_core.shell:Creating environment hook '/home/eia/rbi_2025/rov/rov_ws/build/direct_control/share/direct_control/hook/pythonpath_develop.sh'
[4.303s] Level 1:colcon.colcon_core.environment:checking '/home/eia/rbi_2025/rov/rov_ws/install/direct_control' for CMake module files
[4.303s] Level 1:colcon.colcon_core.environment:checking '/home/eia/rbi_2025/rov/rov_ws/install/direct_control' for CMake config files
[4.304s] Level 1:colcon.colcon_core.environment:checking '/home/eia/rbi_2025/rov/rov_ws/install/direct_control/lib'
[4.304s] Level 1:colcon.colcon_core.environment:checking '/home/eia/rbi_2025/rov/rov_ws/install/direct_control/bin'
[4.304s] Level 1:colcon.colcon_core.environment:checking '/home/eia/rbi_2025/rov/rov_ws/install/direct_control/lib/pkgconfig/direct_control.pc'
[4.304s] Level 1:colcon.colcon_core.environment:checking '/home/eia/rbi_2025/rov/rov_ws/install/direct_control/lib/python3.10/site-packages'
[4.305s] Level 1:colcon.colcon_core.shell:create_environment_hook('direct_control', 'pythonpath')
[4.305s] INFO:colcon.colcon_core.shell:Creating environment hook '/home/eia/rbi_2025/rov/rov_ws/install/direct_control/share/direct_control/hook/pythonpath.ps1'
[4.305s] INFO:colcon.colcon_core.shell:Creating environment descriptor '/home/eia/rbi_2025/rov/rov_ws/install/direct_control/share/direct_control/hook/pythonpath.dsv'
[4.306s] INFO:colcon.colcon_core.shell:Creating environment hook '/home/eia/rbi_2025/rov/rov_ws/install/direct_control/share/direct_control/hook/pythonpath.sh'
[4.307s] Level 1:colcon.colcon_core.environment:checking '/home/eia/rbi_2025/rov/rov_ws/install/direct_control/bin'
[4.307s] Level 1:colcon.colcon_core.environment:create_environment_scripts_only(direct_control)
[4.307s] INFO:colcon.colcon_core.shell:Creating package script '/home/eia/rbi_2025/rov/rov_ws/install/direct_control/share/direct_control/package.ps1'
[4.308s] INFO:colcon.colcon_core.shell:Creating package descriptor '/home/eia/rbi_2025/rov/rov_ws/install/direct_control/share/direct_control/package.dsv'
[4.309s] INFO:colcon.colcon_core.shell:Creating package script '/home/eia/rbi_2025/rov/rov_ws/install/direct_control/share/direct_control/package.sh'
[4.309s] INFO:colcon.colcon_core.shell:Creating package script '/home/eia/rbi_2025/rov/rov_ws/install/direct_control/share/direct_control/package.bash'
[4.310s] INFO:colcon.colcon_core.shell:Creating package script '/home/eia/rbi_2025/rov/rov_ws/install/direct_control/share/direct_control/package.zsh'
[4.310s] Level 1:colcon.colcon_core.environment:create_file_with_runtime_dependencies(/home/eia/rbi_2025/rov/rov_ws/install/direct_control/share/colcon-core/packages/direct_control)
[4.801s] Level 1:colcon.colcon_core.shell:create_environment_hook('visualization', 'pythonpath_develop')
[4.801s] INFO:colcon.colcon_core.shell:Creating environment hook '/home/eia/rbi_2025/rov/rov_ws/build/visualization/share/visualization/hook/pythonpath_develop.ps1'
[4.802s] DEBUG:colcon.colcon_core.event_handler.log_command:Invoked command in '/home/eia/rbi_2025/rov/rov_ws/build/visualization' returned '0': PYTHONPATH=/home/eia/rbi_2025/rov/rov_ws/build/visualization/prefix_override:/home/eia/.local/lib/python3.10/site-packages/colcon_core/task/python/colcon_distutils_commands:/home/eia/rbi_2025/rov/rov_ws/install/visualization/lib/python3.10/site-packages:${PYTHONPATH} /usr/bin/python3 -W ignore:setup.py install is deprecated -W ignore:easy_install command is deprecated setup.py develop --editable --build-directory /home/eia/rbi_2025/rov/rov_ws/build/visualization/build --no-deps symlink_data
[4.802s] INFO:colcon.colcon_core.shell:Creating environment descriptor '/home/eia/rbi_2025/rov/rov_ws/build/visualization/share/visualization/hook/pythonpath_develop.dsv'
[4.802s] INFO:colcon.colcon_core.shell:Creating environment hook '/home/eia/rbi_2025/rov/rov_ws/build/visualization/share/visualization/hook/pythonpath_develop.sh'
[4.803s] Level 1:colcon.colcon_core.environment:checking '/home/eia/rbi_2025/rov/rov_ws/install/visualization' for CMake module files
[4.803s] Level 1:colcon.colcon_core.environment:checking '/home/eia/rbi_2025/rov/rov_ws/install/visualization' for CMake config files
[4.804s] Level 1:colcon.colcon_core.environment:checking '/home/eia/rbi_2025/rov/rov_ws/install/visualization/lib'
[4.804s] Level 1:colcon.colcon_core.environment:checking '/home/eia/rbi_2025/rov/rov_ws/install/visualization/bin'
[4.804s] Level 1:colcon.colcon_core.environment:checking '/home/eia/rbi_2025/rov/rov_ws/install/visualization/lib/pkgconfig/visualization.pc'
[4.804s] Level 1:colcon.colcon_core.environment:checking '/home/eia/rbi_2025/rov/rov_ws/install/visualization/lib/python3.10/site-packages'
[4.804s] Level 1:colcon.colcon_core.shell:create_environment_hook('visualization', 'pythonpath')
[4.804s] INFO:colcon.colcon_core.shell:Creating environment hook '/home/eia/rbi_2025/rov/rov_ws/install/visualization/share/visualization/hook/pythonpath.ps1'
[4.805s] INFO:colcon.colcon_core.shell:Creating environment descriptor '/home/eia/rbi_2025/rov/rov_ws/install/visualization/share/visualization/hook/pythonpath.dsv'
[4.805s] INFO:colcon.colcon_core.shell:Creating environment hook '/home/eia/rbi_2025/rov/rov_ws/install/visualization/share/visualization/hook/pythonpath.sh'
[4.806s] Level 1:colcon.colcon_core.environment:checking '/home/eia/rbi_2025/rov/rov_ws/install/visualization/bin'
[4.806s] Level 1:colcon.colcon_core.environment:create_environment_scripts_only(visualization)
[4.806s] INFO:colcon.colcon_core.shell:Creating package script '/home/eia/rbi_2025/rov/rov_ws/install/visualization/share/visualization/package.ps1'
[4.807s] INFO:colcon.colcon_core.shell:Creating package descriptor '/home/eia/rbi_2025/rov/rov_ws/install/visualization/share/visualization/package.dsv'
[4.807s] INFO:colcon.colcon_core.shell:Creating package script '/home/eia/rbi_2025/rov/rov_ws/install/visualization/share/visualization/package.sh'
[4.807s] INFO:colcon.colcon_core.shell:Creating package script '/home/eia/rbi_2025/rov/rov_ws/install/visualization/share/visualization/package.bash'
[4.808s] INFO:colcon.colcon_core.shell:Creating package script '/home/eia/rbi_2025/rov/rov_ws/install/visualization/share/visualization/package.zsh'
[4.808s] Level 1:colcon.colcon_core.environment:create_file_with_runtime_dependencies(/home/eia/rbi_2025/rov/rov_ws/install/visualization/share/colcon-core/packages/visualization)
[4.808s] DEBUG:colcon.colcon_parallel_executor.executor.parallel:closing loop
[4.808s] DEBUG:colcon.colcon_parallel_executor.executor.parallel:loop closed
[4.809s] DEBUG:colcon.colcon_parallel_executor.executor.parallel:run_until_complete finished with '0'
[4.809s] DEBUG:colcon.colcon_core.event_reactor:joining thread
[4.814s] INFO:colcon.colcon_core.plugin_system:Skipping extension 'colcon_notification.desktop_notification.terminal_notifier': Not used on non-Darwin systems
[4.814s] INFO:colcon.colcon_core.plugin_system:Skipping extension 'colcon_notification.desktop_notification.win32': Not used on non-Windows systems
[4.814s] INFO:colcon.colcon_notification.desktop_notification:Sending desktop notification using 'notify2'
[4.823s] DEBUG:colcon.colcon_core.event_reactor:joined thread
[4.823s] INFO:colcon.colcon_core.shell:Creating prefix script '/home/eia/rbi_2025/rov/rov_ws/install/local_setup.ps1'
[4.824s] INFO:colcon.colcon_core.shell:Creating prefix util module '/home/eia/rbi_2025/rov/rov_ws/install/_local_setup_util_ps1.py'
[4.826s] INFO:colcon.colcon_core.shell:Creating prefix chain script '/home/eia/rbi_2025/rov/rov_ws/install/setup.ps1'
[4.826s] INFO:colcon.colcon_core.shell:Creating prefix script '/home/eia/rbi_2025/rov/rov_ws/install/local_setup.sh'
[4.827s] INFO:colcon.colcon_core.shell:Creating prefix util module '/home/eia/rbi_2025/rov/rov_ws/install/_local_setup_util_sh.py'
[4.828s] INFO:colcon.colcon_core.shell:Creating prefix chain script '/home/eia/rbi_2025/rov/rov_ws/install/setup.sh'
[4.829s] INFO:colcon.colcon_core.shell:Creating prefix script '/home/eia/rbi_2025/rov/rov_ws/install/local_setup.bash'
[4.829s] INFO:colcon.colcon_core.shell:Creating prefix chain script '/home/eia/rbi_2025/rov/rov_ws/install/setup.bash'
[4.830s] INFO:colcon.colcon_core.shell:Creating prefix script '/home/eia/rbi_2025/rov/rov_ws/install/local_setup.zsh'
[4.830s] INFO:colcon.colcon_core.shell:Creating prefix chain script '/home/eia/rbi_2025/rov/rov_ws/install/setup.zsh'
