[0.167s] DEBUG:colcon:Command line arguments: ['/home/eia/.local/bin/colcon', 'build', '--symlink-install']
[0.167s] DEBUG:colcon:Parsed command line arguments: Namespace(log_base=None, log_level=None, verb_name='build', build_base='build', install_base='install', merge_install=False, symlink_install=True, test_result_base=None, continue_on_error=False, executor='parallel', parallel_workers=12, event_handlers=None, ignore_user_meta=False, metas=['./colcon.meta'], base_paths=['.'], packages_ignore=None, packages_ignore_regex=None, paths=None, packages_up_to=None, packages_up_to_regex=None, packages_above=None, packages_above_and_dependencies=None, packages_above_depth=None, packages_select_by_dep=None, packages_skip_by_dep=None, packages_skip_up_to=None, packages_select_build_failed=False, packages_skip_build_finished=False, packages_select_test_failures=False, packages_skip_test_passed=False, packages_select=None, packages_skip=None, packages_select_regex=None, packages_skip_regex=None, packages_start=None, packages_end=None, allow_overriding=[], cmake_args=None, cmake_target=None, cmake_target_skip_unavailable=False, cmake_clean_cache=False, cmake_clean_first=False, cmake_force_configure=False, ament_cmake_args=None, catkin_cmake_args=None, catkin_skip_building_tests=False, mixin_files=None, mixin=None, verb_parser=<colcon_mixin.mixin.mixin_argument.MixinArgumentDecorator object at 0x7d9192c7c9d0>, verb_extension=<colcon_core.verb.build.BuildVerb object at 0x7d9192df1000>, main=<bound method BuildVerb.main of <colcon_core.verb.build.BuildVerb object at 0x7d9192df1000>>, mixin_verb=('build',))
[0.372s] Level 1:colcon.colcon_core.package_discovery:discover_packages(colcon_meta) check parameters
[0.372s] Level 1:colcon.colcon_core.package_discovery:discover_packages(recursive) check parameters
[0.372s] Level 1:colcon.colcon_core.package_discovery:discover_packages(ignore) check parameters
[0.372s] Level 1:colcon.colcon_core.package_discovery:discover_packages(path) check parameters
[0.372s] Level 1:colcon.colcon_core.package_discovery:discover_packages(colcon_meta) discover
[0.372s] Level 1:colcon.colcon_core.package_discovery:discover_packages(recursive) discover
[0.372s] INFO:colcon.colcon_core.package_discovery:Crawling recursively for packages in '/home/eia/rbi_2025/rov/rov_ws'
[0.372s] Level 1:colcon.colcon_core.package_identification:_identify(.) by extensions ['ignore', 'ignore_ament_install']
[0.372s] Level 1:colcon.colcon_core.package_identification:_identify(.) by extension 'ignore'
[0.372s] Level 1:colcon.colcon_core.package_identification:_identify(.) by extension 'ignore_ament_install'
[0.373s] Level 1:colcon.colcon_core.package_identification:_identify(.) by extensions ['colcon_pkg']
[0.373s] Level 1:colcon.colcon_core.package_identification:_identify(.) by extension 'colcon_pkg'
[0.373s] Level 1:colcon.colcon_core.package_identification:_identify(.) by extensions ['colcon_meta']
[0.373s] Level 1:colcon.colcon_core.package_identification:_identify(.) by extension 'colcon_meta'
[0.373s] Level 1:colcon.colcon_core.package_identification:_identify(.) by extensions ['ros']
[0.373s] Level 1:colcon.colcon_core.package_identification:_identify(.) by extension 'ros'
[0.396s] Level 1:colcon.colcon_core.package_identification:_identify(.) by extensions ['cmake', 'python']
[0.396s] Level 1:colcon.colcon_core.package_identification:_identify(.) by extension 'cmake'
[0.396s] Level 1:colcon.colcon_core.package_identification:_identify(.) by extension 'python'
[0.396s] Level 1:colcon.colcon_core.package_identification:_identify(.) by extensions ['python_setup_py']
[0.396s] Level 1:colcon.colcon_core.package_identification:_identify(.) by extension 'python_setup_py'
[0.396s] Level 1:colcon.colcon_core.package_identification:_identify(build) by extensions ['ignore', 'ignore_ament_install']
[0.396s] Level 1:colcon.colcon_core.package_identification:_identify(build) by extension 'ignore'
[0.396s] Level 1:colcon.colcon_core.package_identification:_identify(build) ignored
[0.396s] Level 1:colcon.colcon_core.package_identification:_identify(install) by extensions ['ignore', 'ignore_ament_install']
[0.396s] Level 1:colcon.colcon_core.package_identification:_identify(install) by extension 'ignore'
[0.397s] Level 1:colcon.colcon_core.package_identification:_identify(install) ignored
[0.397s] Level 1:colcon.colcon_core.package_identification:_identify(log) by extensions ['ignore', 'ignore_ament_install']
[0.397s] Level 1:colcon.colcon_core.package_identification:_identify(log) by extension 'ignore'
[0.397s] Level 1:colcon.colcon_core.package_identification:_identify(log) ignored
[0.397s] Level 1:colcon.colcon_core.package_identification:_identify(mujoco) by extensions ['ignore', 'ignore_ament_install']
[0.397s] Level 1:colcon.colcon_core.package_identification:_identify(mujoco) by extension 'ignore'
[0.397s] Level 1:colcon.colcon_core.package_identification:_identify(mujoco) by extension 'ignore_ament_install'
[0.397s] Level 1:colcon.colcon_core.package_identification:_identify(mujoco) by extensions ['colcon_pkg']
[0.397s] Level 1:colcon.colcon_core.package_identification:_identify(mujoco) by extension 'colcon_pkg'
[0.397s] Level 1:colcon.colcon_core.package_identification:_identify(mujoco) by extensions ['colcon_meta']
[0.397s] Level 1:colcon.colcon_core.package_identification:_identify(mujoco) by extension 'colcon_meta'
[0.397s] Level 1:colcon.colcon_core.package_identification:_identify(mujoco) by extensions ['ros']
[0.397s] Level 1:colcon.colcon_core.package_identification:_identify(mujoco) by extension 'ros'
[0.397s] Level 1:colcon.colcon_core.package_identification:_identify(mujoco) by extensions ['cmake', 'python']
[0.397s] Level 1:colcon.colcon_core.package_identification:_identify(mujoco) by extension 'cmake'
[0.398s] Level 1:colcon.colcon_core.package_identification:_identify(mujoco) by extension 'python'
[0.398s] Level 1:colcon.colcon_core.package_identification:_identify(mujoco) by extensions ['python_setup_py']
[0.398s] Level 1:colcon.colcon_core.package_identification:_identify(mujoco) by extension 'python_setup_py'
[0.398s] Level 1:colcon.colcon_core.package_identification:_identify(mujoco/bin) by extensions ['ignore', 'ignore_ament_install']
[0.398s] Level 1:colcon.colcon_core.package_identification:_identify(mujoco/bin) by extension 'ignore'
[0.398s] Level 1:colcon.colcon_core.package_identification:_identify(mujoco/bin) by extension 'ignore_ament_install'
[0.398s] Level 1:colcon.colcon_core.package_identification:_identify(mujoco/bin) by extensions ['colcon_pkg']
[0.398s] Level 1:colcon.colcon_core.package_identification:_identify(mujoco/bin) by extension 'colcon_pkg'
[0.398s] Level 1:colcon.colcon_core.package_identification:_identify(mujoco/bin) by extensions ['colcon_meta']
[0.398s] Level 1:colcon.colcon_core.package_identification:_identify(mujoco/bin) by extension 'colcon_meta'
[0.398s] Level 1:colcon.colcon_core.package_identification:_identify(mujoco/bin) by extensions ['ros']
[0.398s] Level 1:colcon.colcon_core.package_identification:_identify(mujoco/bin) by extension 'ros'
[0.398s] Level 1:colcon.colcon_core.package_identification:_identify(mujoco/bin) by extensions ['cmake', 'python']
[0.398s] Level 1:colcon.colcon_core.package_identification:_identify(mujoco/bin) by extension 'cmake'
[0.398s] Level 1:colcon.colcon_core.package_identification:_identify(mujoco/bin) by extension 'python'
[0.398s] Level 1:colcon.colcon_core.package_identification:_identify(mujoco/bin) by extensions ['python_setup_py']
[0.398s] Level 1:colcon.colcon_core.package_identification:_identify(mujoco/bin) by extension 'python_setup_py'
[0.399s] Level 1:colcon.colcon_core.package_identification:_identify(mujoco/bin/mujoco_plugin) by extensions ['ignore', 'ignore_ament_install']
[0.399s] Level 1:colcon.colcon_core.package_identification:_identify(mujoco/bin/mujoco_plugin) by extension 'ignore'
[0.399s] Level 1:colcon.colcon_core.package_identification:_identify(mujoco/bin/mujoco_plugin) by extension 'ignore_ament_install'
[0.399s] Level 1:colcon.colcon_core.package_identification:_identify(mujoco/bin/mujoco_plugin) by extensions ['colcon_pkg']
[0.399s] Level 1:colcon.colcon_core.package_identification:_identify(mujoco/bin/mujoco_plugin) by extension 'colcon_pkg'
[0.399s] Level 1:colcon.colcon_core.package_identification:_identify(mujoco/bin/mujoco_plugin) by extensions ['colcon_meta']
[0.399s] Level 1:colcon.colcon_core.package_identification:_identify(mujoco/bin/mujoco_plugin) by extension 'colcon_meta'
[0.399s] Level 1:colcon.colcon_core.package_identification:_identify(mujoco/bin/mujoco_plugin) by extensions ['ros']
[0.399s] Level 1:colcon.colcon_core.package_identification:_identify(mujoco/bin/mujoco_plugin) by extension 'ros'
[0.399s] Level 1:colcon.colcon_core.package_identification:_identify(mujoco/bin/mujoco_plugin) by extensions ['cmake', 'python']
[0.399s] Level 1:colcon.colcon_core.package_identification:_identify(mujoco/bin/mujoco_plugin) by extension 'cmake'
[0.399s] Level 1:colcon.colcon_core.package_identification:_identify(mujoco/bin/mujoco_plugin) by extension 'python'
[0.399s] Level 1:colcon.colcon_core.package_identification:_identify(mujoco/bin/mujoco_plugin) by extensions ['python_setup_py']
[0.399s] Level 1:colcon.colcon_core.package_identification:_identify(mujoco/bin/mujoco_plugin) by extension 'python_setup_py'
[0.399s] Level 1:colcon.colcon_core.package_identification:_identify(mujoco/include) by extensions ['ignore', 'ignore_ament_install']
[0.400s] Level 1:colcon.colcon_core.package_identification:_identify(mujoco/include) by extension 'ignore'
[0.400s] Level 1:colcon.colcon_core.package_identification:_identify(mujoco/include) by extension 'ignore_ament_install'
[0.400s] Level 1:colcon.colcon_core.package_identification:_identify(mujoco/include) by extensions ['colcon_pkg']
[0.400s] Level 1:colcon.colcon_core.package_identification:_identify(mujoco/include) by extension 'colcon_pkg'
[0.400s] Level 1:colcon.colcon_core.package_identification:_identify(mujoco/include) by extensions ['colcon_meta']
[0.400s] Level 1:colcon.colcon_core.package_identification:_identify(mujoco/include) by extension 'colcon_meta'
[0.400s] Level 1:colcon.colcon_core.package_identification:_identify(mujoco/include) by extensions ['ros']
[0.400s] Level 1:colcon.colcon_core.package_identification:_identify(mujoco/include) by extension 'ros'
[0.400s] Level 1:colcon.colcon_core.package_identification:_identify(mujoco/include) by extensions ['cmake', 'python']
[0.400s] Level 1:colcon.colcon_core.package_identification:_identify(mujoco/include) by extension 'cmake'
[0.400s] Level 1:colcon.colcon_core.package_identification:_identify(mujoco/include) by extension 'python'
[0.400s] Level 1:colcon.colcon_core.package_identification:_identify(mujoco/include) by extensions ['python_setup_py']
[0.400s] Level 1:colcon.colcon_core.package_identification:_identify(mujoco/include) by extension 'python_setup_py'
[0.400s] Level 1:colcon.colcon_core.package_identification:_identify(mujoco/include/mujoco) by extensions ['ignore', 'ignore_ament_install']
[0.400s] Level 1:colcon.colcon_core.package_identification:_identify(mujoco/include/mujoco) by extension 'ignore'
[0.401s] Level 1:colcon.colcon_core.package_identification:_identify(mujoco/include/mujoco) by extension 'ignore_ament_install'
[0.401s] Level 1:colcon.colcon_core.package_identification:_identify(mujoco/include/mujoco) by extensions ['colcon_pkg']
[0.401s] Level 1:colcon.colcon_core.package_identification:_identify(mujoco/include/mujoco) by extension 'colcon_pkg'
[0.401s] Level 1:colcon.colcon_core.package_identification:_identify(mujoco/include/mujoco) by extensions ['colcon_meta']
[0.401s] Level 1:colcon.colcon_core.package_identification:_identify(mujoco/include/mujoco) by extension 'colcon_meta'
[0.401s] Level 1:colcon.colcon_core.package_identification:_identify(mujoco/include/mujoco) by extensions ['ros']
[0.401s] Level 1:colcon.colcon_core.package_identification:_identify(mujoco/include/mujoco) by extension 'ros'
[0.401s] Level 1:colcon.colcon_core.package_identification:_identify(mujoco/include/mujoco) by extensions ['cmake', 'python']
[0.401s] Level 1:colcon.colcon_core.package_identification:_identify(mujoco/include/mujoco) by extension 'cmake'
[0.401s] Level 1:colcon.colcon_core.package_identification:_identify(mujoco/include/mujoco) by extension 'python'
[0.401s] Level 1:colcon.colcon_core.package_identification:_identify(mujoco/include/mujoco) by extensions ['python_setup_py']
[0.401s] Level 1:colcon.colcon_core.package_identification:_identify(mujoco/include/mujoco) by extension 'python_setup_py'
[0.401s] Level 1:colcon.colcon_core.package_identification:_identify(mujoco/include/mujoco/experimental) by extensions ['ignore', 'ignore_ament_install']
[0.401s] Level 1:colcon.colcon_core.package_identification:_identify(mujoco/include/mujoco/experimental) by extension 'ignore'
[0.401s] Level 1:colcon.colcon_core.package_identification:_identify(mujoco/include/mujoco/experimental) by extension 'ignore_ament_install'
[0.401s] Level 1:colcon.colcon_core.package_identification:_identify(mujoco/include/mujoco/experimental) by extensions ['colcon_pkg']
[0.401s] Level 1:colcon.colcon_core.package_identification:_identify(mujoco/include/mujoco/experimental) by extension 'colcon_pkg'
[0.402s] Level 1:colcon.colcon_core.package_identification:_identify(mujoco/include/mujoco/experimental) by extensions ['colcon_meta']
[0.402s] Level 1:colcon.colcon_core.package_identification:_identify(mujoco/include/mujoco/experimental) by extension 'colcon_meta'
[0.402s] Level 1:colcon.colcon_core.package_identification:_identify(mujoco/include/mujoco/experimental) by extensions ['ros']
[0.402s] Level 1:colcon.colcon_core.package_identification:_identify(mujoco/include/mujoco/experimental) by extension 'ros'
[0.402s] Level 1:colcon.colcon_core.package_identification:_identify(mujoco/include/mujoco/experimental) by extensions ['cmake', 'python']
[0.402s] Level 1:colcon.colcon_core.package_identification:_identify(mujoco/include/mujoco/experimental) by extension 'cmake'
[0.402s] Level 1:colcon.colcon_core.package_identification:_identify(mujoco/include/mujoco/experimental) by extension 'python'
[0.402s] Level 1:colcon.colcon_core.package_identification:_identify(mujoco/include/mujoco/experimental) by extensions ['python_setup_py']
[0.402s] Level 1:colcon.colcon_core.package_identification:_identify(mujoco/include/mujoco/experimental) by extension 'python_setup_py'
[0.402s] Level 1:colcon.colcon_core.package_identification:_identify(mujoco/include/mujoco/experimental/usd) by extensions ['ignore', 'ignore_ament_install']
[0.402s] Level 1:colcon.colcon_core.package_identification:_identify(mujoco/include/mujoco/experimental/usd) by extension 'ignore'
[0.402s] Level 1:colcon.colcon_core.package_identification:_identify(mujoco/include/mujoco/experimental/usd) by extension 'ignore_ament_install'
[0.402s] Level 1:colcon.colcon_core.package_identification:_identify(mujoco/include/mujoco/experimental/usd) by extensions ['colcon_pkg']
[0.402s] Level 1:colcon.colcon_core.package_identification:_identify(mujoco/include/mujoco/experimental/usd) by extension 'colcon_pkg'
[0.402s] Level 1:colcon.colcon_core.package_identification:_identify(mujoco/include/mujoco/experimental/usd) by extensions ['colcon_meta']
[0.402s] Level 1:colcon.colcon_core.package_identification:_identify(mujoco/include/mujoco/experimental/usd) by extension 'colcon_meta'
[0.402s] Level 1:colcon.colcon_core.package_identification:_identify(mujoco/include/mujoco/experimental/usd) by extensions ['ros']
[0.402s] Level 1:colcon.colcon_core.package_identification:_identify(mujoco/include/mujoco/experimental/usd) by extension 'ros'
[0.403s] Level 1:colcon.colcon_core.package_identification:_identify(mujoco/include/mujoco/experimental/usd) by extensions ['cmake', 'python']
[0.403s] Level 1:colcon.colcon_core.package_identification:_identify(mujoco/include/mujoco/experimental/usd) by extension 'cmake'
[0.403s] Level 1:colcon.colcon_core.package_identification:_identify(mujoco/include/mujoco/experimental/usd) by extension 'python'
[0.403s] Level 1:colcon.colcon_core.package_identification:_identify(mujoco/include/mujoco/experimental/usd) by extensions ['python_setup_py']
[0.403s] Level 1:colcon.colcon_core.package_identification:_identify(mujoco/include/mujoco/experimental/usd) by extension 'python_setup_py'
[0.403s] Level 1:colcon.colcon_core.package_identification:_identify(mujoco/include/mujoco/experimental/usd/mjcPhysics) by extensions ['ignore', 'ignore_ament_install']
[0.403s] Level 1:colcon.colcon_core.package_identification:_identify(mujoco/include/mujoco/experimental/usd/mjcPhysics) by extension 'ignore'
[0.403s] Level 1:colcon.colcon_core.package_identification:_identify(mujoco/include/mujoco/experimental/usd/mjcPhysics) by extension 'ignore_ament_install'
[0.403s] Level 1:colcon.colcon_core.package_identification:_identify(mujoco/include/mujoco/experimental/usd/mjcPhysics) by extensions ['colcon_pkg']
[0.403s] Level 1:colcon.colcon_core.package_identification:_identify(mujoco/include/mujoco/experimental/usd/mjcPhysics) by extension 'colcon_pkg'
[0.403s] Level 1:colcon.colcon_core.package_identification:_identify(mujoco/include/mujoco/experimental/usd/mjcPhysics) by extensions ['colcon_meta']
[0.403s] Level 1:colcon.colcon_core.package_identification:_identify(mujoco/include/mujoco/experimental/usd/mjcPhysics) by extension 'colcon_meta'
[0.403s] Level 1:colcon.colcon_core.package_identification:_identify(mujoco/include/mujoco/experimental/usd/mjcPhysics) by extensions ['ros']
[0.403s] Level 1:colcon.colcon_core.package_identification:_identify(mujoco/include/mujoco/experimental/usd/mjcPhysics) by extension 'ros'
[0.403s] Level 1:colcon.colcon_core.package_identification:_identify(mujoco/include/mujoco/experimental/usd/mjcPhysics) by extensions ['cmake', 'python']
[0.403s] Level 1:colcon.colcon_core.package_identification:_identify(mujoco/include/mujoco/experimental/usd/mjcPhysics) by extension 'cmake'
[0.403s] Level 1:colcon.colcon_core.package_identification:_identify(mujoco/include/mujoco/experimental/usd/mjcPhysics) by extension 'python'
[0.403s] Level 1:colcon.colcon_core.package_identification:_identify(mujoco/include/mujoco/experimental/usd/mjcPhysics) by extensions ['python_setup_py']
[0.404s] Level 1:colcon.colcon_core.package_identification:_identify(mujoco/include/mujoco/experimental/usd/mjcPhysics) by extension 'python_setup_py'
[0.404s] Level 1:colcon.colcon_core.package_identification:_identify(mujoco/lib) by extensions ['ignore', 'ignore_ament_install']
[0.404s] Level 1:colcon.colcon_core.package_identification:_identify(mujoco/lib) by extension 'ignore'
[0.404s] Level 1:colcon.colcon_core.package_identification:_identify(mujoco/lib) by extension 'ignore_ament_install'
[0.404s] Level 1:colcon.colcon_core.package_identification:_identify(mujoco/lib) by extensions ['colcon_pkg']
[0.404s] Level 1:colcon.colcon_core.package_identification:_identify(mujoco/lib) by extension 'colcon_pkg'
[0.404s] Level 1:colcon.colcon_core.package_identification:_identify(mujoco/lib) by extensions ['colcon_meta']
[0.404s] Level 1:colcon.colcon_core.package_identification:_identify(mujoco/lib) by extension 'colcon_meta'
[0.404s] Level 1:colcon.colcon_core.package_identification:_identify(mujoco/lib) by extensions ['ros']
[0.404s] Level 1:colcon.colcon_core.package_identification:_identify(mujoco/lib) by extension 'ros'
[0.404s] Level 1:colcon.colcon_core.package_identification:_identify(mujoco/lib) by extensions ['cmake', 'python']
[0.404s] Level 1:colcon.colcon_core.package_identification:_identify(mujoco/lib) by extension 'cmake'
[0.404s] Level 1:colcon.colcon_core.package_identification:_identify(mujoco/lib) by extension 'python'
[0.404s] Level 1:colcon.colcon_core.package_identification:_identify(mujoco/lib) by extensions ['python_setup_py']
[0.404s] Level 1:colcon.colcon_core.package_identification:_identify(mujoco/lib) by extension 'python_setup_py'
[0.404s] Level 1:colcon.colcon_core.package_identification:_identify(mujoco/model) by extensions ['ignore', 'ignore_ament_install']
[0.404s] Level 1:colcon.colcon_core.package_identification:_identify(mujoco/model) by extension 'ignore'
[0.405s] Level 1:colcon.colcon_core.package_identification:_identify(mujoco/model) by extension 'ignore_ament_install'
[0.405s] Level 1:colcon.colcon_core.package_identification:_identify(mujoco/model) by extensions ['colcon_pkg']
[0.405s] Level 1:colcon.colcon_core.package_identification:_identify(mujoco/model) by extension 'colcon_pkg'
[0.405s] Level 1:colcon.colcon_core.package_identification:_identify(mujoco/model) by extensions ['colcon_meta']
[0.405s] Level 1:colcon.colcon_core.package_identification:_identify(mujoco/model) by extension 'colcon_meta'
[0.405s] Level 1:colcon.colcon_core.package_identification:_identify(mujoco/model) by extensions ['ros']
[0.405s] Level 1:colcon.colcon_core.package_identification:_identify(mujoco/model) by extension 'ros'
[0.405s] Level 1:colcon.colcon_core.package_identification:_identify(mujoco/model) by extensions ['cmake', 'python']
[0.405s] Level 1:colcon.colcon_core.package_identification:_identify(mujoco/model) by extension 'cmake'
[0.405s] Level 1:colcon.colcon_core.package_identification:_identify(mujoco/model) by extension 'python'
[0.405s] Level 1:colcon.colcon_core.package_identification:_identify(mujoco/model) by extensions ['python_setup_py']
[0.405s] Level 1:colcon.colcon_core.package_identification:_identify(mujoco/model) by extension 'python_setup_py'
[0.405s] Level 1:colcon.colcon_core.package_identification:_identify(mujoco/model/adhesion) by extensions ['ignore', 'ignore_ament_install']
[0.405s] Level 1:colcon.colcon_core.package_identification:_identify(mujoco/model/adhesion) by extension 'ignore'
[0.405s] Level 1:colcon.colcon_core.package_identification:_identify(mujoco/model/adhesion) by extension 'ignore_ament_install'
[0.405s] Level 1:colcon.colcon_core.package_identification:_identify(mujoco/model/adhesion) by extensions ['colcon_pkg']
[0.405s] Level 1:colcon.colcon_core.package_identification:_identify(mujoco/model/adhesion) by extension 'colcon_pkg'
[0.405s] Level 1:colcon.colcon_core.package_identification:_identify(mujoco/model/adhesion) by extensions ['colcon_meta']
[0.405s] Level 1:colcon.colcon_core.package_identification:_identify(mujoco/model/adhesion) by extension 'colcon_meta'
[0.405s] Level 1:colcon.colcon_core.package_identification:_identify(mujoco/model/adhesion) by extensions ['ros']
[0.406s] Level 1:colcon.colcon_core.package_identification:_identify(mujoco/model/adhesion) by extension 'ros'
[0.406s] Level 1:colcon.colcon_core.package_identification:_identify(mujoco/model/adhesion) by extensions ['cmake', 'python']
[0.406s] Level 1:colcon.colcon_core.package_identification:_identify(mujoco/model/adhesion) by extension 'cmake'
[0.406s] Level 1:colcon.colcon_core.package_identification:_identify(mujoco/model/adhesion) by extension 'python'
[0.406s] Level 1:colcon.colcon_core.package_identification:_identify(mujoco/model/adhesion) by extensions ['python_setup_py']
[0.406s] Level 1:colcon.colcon_core.package_identification:_identify(mujoco/model/adhesion) by extension 'python_setup_py'
[0.406s] Level 1:colcon.colcon_core.package_identification:_identify(mujoco/model/balloons) by extensions ['ignore', 'ignore_ament_install']
[0.406s] Level 1:colcon.colcon_core.package_identification:_identify(mujoco/model/balloons) by extension 'ignore'
[0.406s] Level 1:colcon.colcon_core.package_identification:_identify(mujoco/model/balloons) by extension 'ignore_ament_install'
[0.406s] Level 1:colcon.colcon_core.package_identification:_identify(mujoco/model/balloons) by extensions ['colcon_pkg']
[0.406s] Level 1:colcon.colcon_core.package_identification:_identify(mujoco/model/balloons) by extension 'colcon_pkg'
[0.406s] Level 1:colcon.colcon_core.package_identification:_identify(mujoco/model/balloons) by extensions ['colcon_meta']
[0.406s] Level 1:colcon.colcon_core.package_identification:_identify(mujoco/model/balloons) by extension 'colcon_meta'
[0.406s] Level 1:colcon.colcon_core.package_identification:_identify(mujoco/model/balloons) by extensions ['ros']
[0.406s] Level 1:colcon.colcon_core.package_identification:_identify(mujoco/model/balloons) by extension 'ros'
[0.406s] Level 1:colcon.colcon_core.package_identification:_identify(mujoco/model/balloons) by extensions ['cmake', 'python']
[0.406s] Level 1:colcon.colcon_core.package_identification:_identify(mujoco/model/balloons) by extension 'cmake'
[0.406s] Level 1:colcon.colcon_core.package_identification:_identify(mujoco/model/balloons) by extension 'python'
[0.406s] Level 1:colcon.colcon_core.package_identification:_identify(mujoco/model/balloons) by extensions ['python_setup_py']
[0.407s] Level 1:colcon.colcon_core.package_identification:_identify(mujoco/model/balloons) by extension 'python_setup_py'
[0.407s] Level 1:colcon.colcon_core.package_identification:_identify(mujoco/model/car) by extensions ['ignore', 'ignore_ament_install']
[0.407s] Level 1:colcon.colcon_core.package_identification:_identify(mujoco/model/car) by extension 'ignore'
[0.407s] Level 1:colcon.colcon_core.package_identification:_identify(mujoco/model/car) by extension 'ignore_ament_install'
[0.407s] Level 1:colcon.colcon_core.package_identification:_identify(mujoco/model/car) by extensions ['colcon_pkg']
[0.407s] Level 1:colcon.colcon_core.package_identification:_identify(mujoco/model/car) by extension 'colcon_pkg'
[0.407s] Level 1:colcon.colcon_core.package_identification:_identify(mujoco/model/car) by extensions ['colcon_meta']
[0.407s] Level 1:colcon.colcon_core.package_identification:_identify(mujoco/model/car) by extension 'colcon_meta'
[0.407s] Level 1:colcon.colcon_core.package_identification:_identify(mujoco/model/car) by extensions ['ros']
[0.407s] Level 1:colcon.colcon_core.package_identification:_identify(mujoco/model/car) by extension 'ros'
[0.407s] Level 1:colcon.colcon_core.package_identification:_identify(mujoco/model/car) by extensions ['cmake', 'python']
[0.407s] Level 1:colcon.colcon_core.package_identification:_identify(mujoco/model/car) by extension 'cmake'
[0.407s] Level 1:colcon.colcon_core.package_identification:_identify(mujoco/model/car) by extension 'python'
[0.407s] Level 1:colcon.colcon_core.package_identification:_identify(mujoco/model/car) by extensions ['python_setup_py']
[0.407s] Level 1:colcon.colcon_core.package_identification:_identify(mujoco/model/car) by extension 'python_setup_py'
[0.407s] Level 1:colcon.colcon_core.package_identification:_identify(mujoco/model/cards) by extensions ['ignore', 'ignore_ament_install']
[0.407s] Level 1:colcon.colcon_core.package_identification:_identify(mujoco/model/cards) by extension 'ignore'
[0.408s] Level 1:colcon.colcon_core.package_identification:_identify(mujoco/model/cards) by extension 'ignore_ament_install'
[0.408s] Level 1:colcon.colcon_core.package_identification:_identify(mujoco/model/cards) by extensions ['colcon_pkg']
[0.408s] Level 1:colcon.colcon_core.package_identification:_identify(mujoco/model/cards) by extension 'colcon_pkg'
[0.408s] Level 1:colcon.colcon_core.package_identification:_identify(mujoco/model/cards) by extensions ['colcon_meta']
[0.408s] Level 1:colcon.colcon_core.package_identification:_identify(mujoco/model/cards) by extension 'colcon_meta'
[0.408s] Level 1:colcon.colcon_core.package_identification:_identify(mujoco/model/cards) by extensions ['ros']
[0.408s] Level 1:colcon.colcon_core.package_identification:_identify(mujoco/model/cards) by extension 'ros'
[0.408s] Level 1:colcon.colcon_core.package_identification:_identify(mujoco/model/cards) by extensions ['cmake', 'python']
[0.408s] Level 1:colcon.colcon_core.package_identification:_identify(mujoco/model/cards) by extension 'cmake'
[0.408s] Level 1:colcon.colcon_core.package_identification:_identify(mujoco/model/cards) by extension 'python'
[0.408s] Level 1:colcon.colcon_core.package_identification:_identify(mujoco/model/cards) by extensions ['python_setup_py']
[0.408s] Level 1:colcon.colcon_core.package_identification:_identify(mujoco/model/cards) by extension 'python_setup_py'
[0.408s] Level 1:colcon.colcon_core.package_identification:_identify(mujoco/model/cards/assets) by extensions ['ignore', 'ignore_ament_install']
[0.408s] Level 1:colcon.colcon_core.package_identification:_identify(mujoco/model/cards/assets) by extension 'ignore'
[0.408s] Level 1:colcon.colcon_core.package_identification:_identify(mujoco/model/cards/assets) by extension 'ignore_ament_install'
[0.408s] Level 1:colcon.colcon_core.package_identification:_identify(mujoco/model/cards/assets) by extensions ['colcon_pkg']
[0.408s] Level 1:colcon.colcon_core.package_identification:_identify(mujoco/model/cards/assets) by extension 'colcon_pkg'
[0.408s] Level 1:colcon.colcon_core.package_identification:_identify(mujoco/model/cards/assets) by extensions ['colcon_meta']
[0.409s] Level 1:colcon.colcon_core.package_identification:_identify(mujoco/model/cards/assets) by extension 'colcon_meta'
[0.409s] Level 1:colcon.colcon_core.package_identification:_identify(mujoco/model/cards/assets) by extensions ['ros']
[0.409s] Level 1:colcon.colcon_core.package_identification:_identify(mujoco/model/cards/assets) by extension 'ros'
[0.409s] Level 1:colcon.colcon_core.package_identification:_identify(mujoco/model/cards/assets) by extensions ['cmake', 'python']
[0.409s] Level 1:colcon.colcon_core.package_identification:_identify(mujoco/model/cards/assets) by extension 'cmake'
[0.409s] Level 1:colcon.colcon_core.package_identification:_identify(mujoco/model/cards/assets) by extension 'python'
[0.409s] Level 1:colcon.colcon_core.package_identification:_identify(mujoco/model/cards/assets) by extensions ['python_setup_py']
[0.409s] Level 1:colcon.colcon_core.package_identification:_identify(mujoco/model/cards/assets) by extension 'python_setup_py'
[0.409s] Level 1:colcon.colcon_core.package_identification:_identify(mujoco/model/cube) by extensions ['ignore', 'ignore_ament_install']
[0.409s] Level 1:colcon.colcon_core.package_identification:_identify(mujoco/model/cube) by extension 'ignore'
[0.409s] Level 1:colcon.colcon_core.package_identification:_identify(mujoco/model/cube) by extension 'ignore_ament_install'
[0.409s] Level 1:colcon.colcon_core.package_identification:_identify(mujoco/model/cube) by extensions ['colcon_pkg']
[0.409s] Level 1:colcon.colcon_core.package_identification:_identify(mujoco/model/cube) by extension 'colcon_pkg'
[0.409s] Level 1:colcon.colcon_core.package_identification:_identify(mujoco/model/cube) by extensions ['colcon_meta']
[0.409s] Level 1:colcon.colcon_core.package_identification:_identify(mujoco/model/cube) by extension 'colcon_meta'
[0.409s] Level 1:colcon.colcon_core.package_identification:_identify(mujoco/model/cube) by extensions ['ros']
[0.409s] Level 1:colcon.colcon_core.package_identification:_identify(mujoco/model/cube) by extension 'ros'
[0.410s] Level 1:colcon.colcon_core.package_identification:_identify(mujoco/model/cube) by extensions ['cmake', 'python']
[0.410s] Level 1:colcon.colcon_core.package_identification:_identify(mujoco/model/cube) by extension 'cmake'
[0.410s] Level 1:colcon.colcon_core.package_identification:_identify(mujoco/model/cube) by extension 'python'
[0.410s] Level 1:colcon.colcon_core.package_identification:_identify(mujoco/model/cube) by extensions ['python_setup_py']
[0.410s] Level 1:colcon.colcon_core.package_identification:_identify(mujoco/model/cube) by extension 'python_setup_py'
[0.410s] Level 1:colcon.colcon_core.package_identification:_identify(mujoco/model/cube/assets) by extensions ['ignore', 'ignore_ament_install']
[0.410s] Level 1:colcon.colcon_core.package_identification:_identify(mujoco/model/cube/assets) by extension 'ignore'
[0.410s] Level 1:colcon.colcon_core.package_identification:_identify(mujoco/model/cube/assets) by extension 'ignore_ament_install'
[0.410s] Level 1:colcon.colcon_core.package_identification:_identify(mujoco/model/cube/assets) by extensions ['colcon_pkg']
[0.410s] Level 1:colcon.colcon_core.package_identification:_identify(mujoco/model/cube/assets) by extension 'colcon_pkg'
[0.410s] Level 1:colcon.colcon_core.package_identification:_identify(mujoco/model/cube/assets) by extensions ['colcon_meta']
[0.410s] Level 1:colcon.colcon_core.package_identification:_identify(mujoco/model/cube/assets) by extension 'colcon_meta'
[0.410s] Level 1:colcon.colcon_core.package_identification:_identify(mujoco/model/cube/assets) by extensions ['ros']
[0.410s] Level 1:colcon.colcon_core.package_identification:_identify(mujoco/model/cube/assets) by extension 'ros'
[0.410s] Level 1:colcon.colcon_core.package_identification:_identify(mujoco/model/cube/assets) by extensions ['cmake', 'python']
[0.410s] Level 1:colcon.colcon_core.package_identification:_identify(mujoco/model/cube/assets) by extension 'cmake'
[0.410s] Level 1:colcon.colcon_core.package_identification:_identify(mujoco/model/cube/assets) by extension 'python'
[0.411s] Level 1:colcon.colcon_core.package_identification:_identify(mujoco/model/cube/assets) by extensions ['python_setup_py']
[0.411s] Level 1:colcon.colcon_core.package_identification:_identify(mujoco/model/cube/assets) by extension 'python_setup_py'
[0.411s] Level 1:colcon.colcon_core.package_identification:_identify(mujoco/model/flex) by extensions ['ignore', 'ignore_ament_install']
[0.411s] Level 1:colcon.colcon_core.package_identification:_identify(mujoco/model/flex) by extension 'ignore'
[0.411s] Level 1:colcon.colcon_core.package_identification:_identify(mujoco/model/flex) by extension 'ignore_ament_install'
[0.411s] Level 1:colcon.colcon_core.package_identification:_identify(mujoco/model/flex) by extensions ['colcon_pkg']
[0.411s] Level 1:colcon.colcon_core.package_identification:_identify(mujoco/model/flex) by extension 'colcon_pkg'
[0.411s] Level 1:colcon.colcon_core.package_identification:_identify(mujoco/model/flex) by extensions ['colcon_meta']
[0.411s] Level 1:colcon.colcon_core.package_identification:_identify(mujoco/model/flex) by extension 'colcon_meta'
[0.411s] Level 1:colcon.colcon_core.package_identification:_identify(mujoco/model/flex) by extensions ['ros']
[0.411s] Level 1:colcon.colcon_core.package_identification:_identify(mujoco/model/flex) by extension 'ros'
[0.411s] Level 1:colcon.colcon_core.package_identification:_identify(mujoco/model/flex) by extensions ['cmake', 'python']
[0.411s] Level 1:colcon.colcon_core.package_identification:_identify(mujoco/model/flex) by extension 'cmake'
[0.411s] Level 1:colcon.colcon_core.package_identification:_identify(mujoco/model/flex) by extension 'python'
[0.411s] Level 1:colcon.colcon_core.package_identification:_identify(mujoco/model/flex) by extensions ['python_setup_py']
[0.411s] Level 1:colcon.colcon_core.package_identification:_identify(mujoco/model/flex) by extension 'python_setup_py'
[0.411s] Level 1:colcon.colcon_core.package_identification:_identify(mujoco/model/flex/asset) by extensions ['ignore', 'ignore_ament_install']
[0.412s] Level 1:colcon.colcon_core.package_identification:_identify(mujoco/model/flex/asset) by extension 'ignore'
[0.412s] Level 1:colcon.colcon_core.package_identification:_identify(mujoco/model/flex/asset) by extension 'ignore_ament_install'
[0.412s] Level 1:colcon.colcon_core.package_identification:_identify(mujoco/model/flex/asset) by extensions ['colcon_pkg']
[0.412s] Level 1:colcon.colcon_core.package_identification:_identify(mujoco/model/flex/asset) by extension 'colcon_pkg'
[0.412s] Level 1:colcon.colcon_core.package_identification:_identify(mujoco/model/flex/asset) by extensions ['colcon_meta']
[0.412s] Level 1:colcon.colcon_core.package_identification:_identify(mujoco/model/flex/asset) by extension 'colcon_meta'
[0.412s] Level 1:colcon.colcon_core.package_identification:_identify(mujoco/model/flex/asset) by extensions ['ros']
[0.412s] Level 1:colcon.colcon_core.package_identification:_identify(mujoco/model/flex/asset) by extension 'ros'
[0.412s] Level 1:colcon.colcon_core.package_identification:_identify(mujoco/model/flex/asset) by extensions ['cmake', 'python']
[0.412s] Level 1:colcon.colcon_core.package_identification:_identify(mujoco/model/flex/asset) by extension 'cmake'
[0.412s] Level 1:colcon.colcon_core.package_identification:_identify(mujoco/model/flex/asset) by extension 'python'
[0.412s] Level 1:colcon.colcon_core.package_identification:_identify(mujoco/model/flex/asset) by extensions ['python_setup_py']
[0.412s] Level 1:colcon.colcon_core.package_identification:_identify(mujoco/model/flex/asset) by extension 'python_setup_py'
[0.412s] Level 1:colcon.colcon_core.package_identification:_identify(mujoco/model/hammock) by extensions ['ignore', 'ignore_ament_install']
[0.412s] Level 1:colcon.colcon_core.package_identification:_identify(mujoco/model/hammock) by extension 'ignore'
[0.412s] Level 1:colcon.colcon_core.package_identification:_identify(mujoco/model/hammock) by extension 'ignore_ament_install'
[0.412s] Level 1:colcon.colcon_core.package_identification:_identify(mujoco/model/hammock) by extensions ['colcon_pkg']
[0.412s] Level 1:colcon.colcon_core.package_identification:_identify(mujoco/model/hammock) by extension 'colcon_pkg'
[0.412s] Level 1:colcon.colcon_core.package_identification:_identify(mujoco/model/hammock) by extensions ['colcon_meta']
[0.413s] Level 1:colcon.colcon_core.package_identification:_identify(mujoco/model/hammock) by extension 'colcon_meta'
[0.413s] Level 1:colcon.colcon_core.package_identification:_identify(mujoco/model/hammock) by extensions ['ros']
[0.413s] Level 1:colcon.colcon_core.package_identification:_identify(mujoco/model/hammock) by extension 'ros'
[0.413s] Level 1:colcon.colcon_core.package_identification:_identify(mujoco/model/hammock) by extensions ['cmake', 'python']
[0.413s] Level 1:colcon.colcon_core.package_identification:_identify(mujoco/model/hammock) by extension 'cmake'
[0.413s] Level 1:colcon.colcon_core.package_identification:_identify(mujoco/model/hammock) by extension 'python'
[0.413s] Level 1:colcon.colcon_core.package_identification:_identify(mujoco/model/hammock) by extensions ['python_setup_py']
[0.413s] Level 1:colcon.colcon_core.package_identification:_identify(mujoco/model/hammock) by extension 'python_setup_py'
[0.413s] Level 1:colcon.colcon_core.package_identification:_identify(mujoco/model/humanoid) by extensions ['ignore', 'ignore_ament_install']
[0.413s] Level 1:colcon.colcon_core.package_identification:_identify(mujoco/model/humanoid) by extension 'ignore'
[0.413s] Level 1:colcon.colcon_core.package_identification:_identify(mujoco/model/humanoid) by extension 'ignore_ament_install'
[0.413s] Level 1:colcon.colcon_core.package_identification:_identify(mujoco/model/humanoid) by extensions ['colcon_pkg']
[0.413s] Level 1:colcon.colcon_core.package_identification:_identify(mujoco/model/humanoid) by extension 'colcon_pkg'
[0.413s] Level 1:colcon.colcon_core.package_identification:_identify(mujoco/model/humanoid) by extensions ['colcon_meta']
[0.413s] Level 1:colcon.colcon_core.package_identification:_identify(mujoco/model/humanoid) by extension 'colcon_meta'
[0.413s] Level 1:colcon.colcon_core.package_identification:_identify(mujoco/model/humanoid) by extensions ['ros']
[0.413s] Level 1:colcon.colcon_core.package_identification:_identify(mujoco/model/humanoid) by extension 'ros'
[0.413s] Level 1:colcon.colcon_core.package_identification:_identify(mujoco/model/humanoid) by extensions ['cmake', 'python']
[0.413s] Level 1:colcon.colcon_core.package_identification:_identify(mujoco/model/humanoid) by extension 'cmake'
[0.413s] Level 1:colcon.colcon_core.package_identification:_identify(mujoco/model/humanoid) by extension 'python'
[0.414s] Level 1:colcon.colcon_core.package_identification:_identify(mujoco/model/humanoid) by extensions ['python_setup_py']
[0.414s] Level 1:colcon.colcon_core.package_identification:_identify(mujoco/model/humanoid) by extension 'python_setup_py'
[0.414s] Level 1:colcon.colcon_core.package_identification:_identify(mujoco/model/mug) by extensions ['ignore', 'ignore_ament_install']
[0.414s] Level 1:colcon.colcon_core.package_identification:_identify(mujoco/model/mug) by extension 'ignore'
[0.414s] Level 1:colcon.colcon_core.package_identification:_identify(mujoco/model/mug) by extension 'ignore_ament_install'
[0.414s] Level 1:colcon.colcon_core.package_identification:_identify(mujoco/model/mug) by extensions ['colcon_pkg']
[0.414s] Level 1:colcon.colcon_core.package_identification:_identify(mujoco/model/mug) by extension 'colcon_pkg'
[0.414s] Level 1:colcon.colcon_core.package_identification:_identify(mujoco/model/mug) by extensions ['colcon_meta']
[0.414s] Level 1:colcon.colcon_core.package_identification:_identify(mujoco/model/mug) by extension 'colcon_meta'
[0.414s] Level 1:colcon.colcon_core.package_identification:_identify(mujoco/model/mug) by extensions ['ros']
[0.414s] Level 1:colcon.colcon_core.package_identification:_identify(mujoco/model/mug) by extension 'ros'
[0.414s] Level 1:colcon.colcon_core.package_identification:_identify(mujoco/model/mug) by extensions ['cmake', 'python']
[0.414s] Level 1:colcon.colcon_core.package_identification:_identify(mujoco/model/mug) by extension 'cmake'
[0.414s] Level 1:colcon.colcon_core.package_identification:_identify(mujoco/model/mug) by extension 'python'
[0.414s] Level 1:colcon.colcon_core.package_identification:_identify(mujoco/model/mug) by extensions ['python_setup_py']
[0.414s] Level 1:colcon.colcon_core.package_identification:_identify(mujoco/model/mug) by extension 'python_setup_py'
[0.414s] Level 1:colcon.colcon_core.package_identification:_identify(mujoco/model/plugin) by extensions ['ignore', 'ignore_ament_install']
[0.415s] Level 1:colcon.colcon_core.package_identification:_identify(mujoco/model/plugin) by extension 'ignore'
[0.415s] Level 1:colcon.colcon_core.package_identification:_identify(mujoco/model/plugin) by extension 'ignore_ament_install'
[0.415s] Level 1:colcon.colcon_core.package_identification:_identify(mujoco/model/plugin) by extensions ['colcon_pkg']
[0.415s] Level 1:colcon.colcon_core.package_identification:_identify(mujoco/model/plugin) by extension 'colcon_pkg'
[0.415s] Level 1:colcon.colcon_core.package_identification:_identify(mujoco/model/plugin) by extensions ['colcon_meta']
[0.415s] Level 1:colcon.colcon_core.package_identification:_identify(mujoco/model/plugin) by extension 'colcon_meta'
[0.415s] Level 1:colcon.colcon_core.package_identification:_identify(mujoco/model/plugin) by extensions ['ros']
[0.415s] Level 1:colcon.colcon_core.package_identification:_identify(mujoco/model/plugin) by extension 'ros'
[0.415s] Level 1:colcon.colcon_core.package_identification:_identify(mujoco/model/plugin) by extensions ['cmake', 'python']
[0.415s] Level 1:colcon.colcon_core.package_identification:_identify(mujoco/model/plugin) by extension 'cmake'
[0.415s] Level 1:colcon.colcon_core.package_identification:_identify(mujoco/model/plugin) by extension 'python'
[0.415s] Level 1:colcon.colcon_core.package_identification:_identify(mujoco/model/plugin) by extensions ['python_setup_py']
[0.415s] Level 1:colcon.colcon_core.package_identification:_identify(mujoco/model/plugin) by extension 'python_setup_py'
[0.415s] Level 1:colcon.colcon_core.package_identification:_identify(mujoco/model/plugin/actuator) by extensions ['ignore', 'ignore_ament_install']
[0.415s] Level 1:colcon.colcon_core.package_identification:_identify(mujoco/model/plugin/actuator) by extension 'ignore'
[0.415s] Level 1:colcon.colcon_core.package_identification:_identify(mujoco/model/plugin/actuator) by extension 'ignore_ament_install'
[0.415s] Level 1:colcon.colcon_core.package_identification:_identify(mujoco/model/plugin/actuator) by extensions ['colcon_pkg']
[0.415s] Level 1:colcon.colcon_core.package_identification:_identify(mujoco/model/plugin/actuator) by extension 'colcon_pkg'
[0.415s] Level 1:colcon.colcon_core.package_identification:_identify(mujoco/model/plugin/actuator) by extensions ['colcon_meta']
[0.415s] Level 1:colcon.colcon_core.package_identification:_identify(mujoco/model/plugin/actuator) by extension 'colcon_meta'
[0.416s] Level 1:colcon.colcon_core.package_identification:_identify(mujoco/model/plugin/actuator) by extensions ['ros']
[0.416s] Level 1:colcon.colcon_core.package_identification:_identify(mujoco/model/plugin/actuator) by extension 'ros'
[0.416s] Level 1:colcon.colcon_core.package_identification:_identify(mujoco/model/plugin/actuator) by extensions ['cmake', 'python']
[0.416s] Level 1:colcon.colcon_core.package_identification:_identify(mujoco/model/plugin/actuator) by extension 'cmake'
[0.416s] Level 1:colcon.colcon_core.package_identification:_identify(mujoco/model/plugin/actuator) by extension 'python'
[0.416s] Level 1:colcon.colcon_core.package_identification:_identify(mujoco/model/plugin/actuator) by extensions ['python_setup_py']
[0.416s] Level 1:colcon.colcon_core.package_identification:_identify(mujoco/model/plugin/actuator) by extension 'python_setup_py'
[0.416s] Level 1:colcon.colcon_core.package_identification:_identify(mujoco/model/plugin/elasticity) by extensions ['ignore', 'ignore_ament_install']
[0.416s] Level 1:colcon.colcon_core.package_identification:_identify(mujoco/model/plugin/elasticity) by extension 'ignore'
[0.416s] Level 1:colcon.colcon_core.package_identification:_identify(mujoco/model/plugin/elasticity) by extension 'ignore_ament_install'
[0.416s] Level 1:colcon.colcon_core.package_identification:_identify(mujoco/model/plugin/elasticity) by extensions ['colcon_pkg']
[0.416s] Level 1:colcon.colcon_core.package_identification:_identify(mujoco/model/plugin/elasticity) by extension 'colcon_pkg'
[0.416s] Level 1:colcon.colcon_core.package_identification:_identify(mujoco/model/plugin/elasticity) by extensions ['colcon_meta']
[0.416s] Level 1:colcon.colcon_core.package_identification:_identify(mujoco/model/plugin/elasticity) by extension 'colcon_meta'
[0.416s] Level 1:colcon.colcon_core.package_identification:_identify(mujoco/model/plugin/elasticity) by extensions ['ros']
[0.416s] Level 1:colcon.colcon_core.package_identification:_identify(mujoco/model/plugin/elasticity) by extension 'ros'
[0.416s] Level 1:colcon.colcon_core.package_identification:_identify(mujoco/model/plugin/elasticity) by extensions ['cmake', 'python']
[0.416s] Level 1:colcon.colcon_core.package_identification:_identify(mujoco/model/plugin/elasticity) by extension 'cmake'
[0.416s] Level 1:colcon.colcon_core.package_identification:_identify(mujoco/model/plugin/elasticity) by extension 'python'
[0.416s] Level 1:colcon.colcon_core.package_identification:_identify(mujoco/model/plugin/elasticity) by extensions ['python_setup_py']
[0.417s] Level 1:colcon.colcon_core.package_identification:_identify(mujoco/model/plugin/elasticity) by extension 'python_setup_py'
[0.417s] Level 1:colcon.colcon_core.package_identification:_identify(mujoco/model/plugin/sdf) by extensions ['ignore', 'ignore_ament_install']
[0.417s] Level 1:colcon.colcon_core.package_identification:_identify(mujoco/model/plugin/sdf) by extension 'ignore'
[0.417s] Level 1:colcon.colcon_core.package_identification:_identify(mujoco/model/plugin/sdf) by extension 'ignore_ament_install'
[0.417s] Level 1:colcon.colcon_core.package_identification:_identify(mujoco/model/plugin/sdf) by extensions ['colcon_pkg']
[0.417s] Level 1:colcon.colcon_core.package_identification:_identify(mujoco/model/plugin/sdf) by extension 'colcon_pkg'
[0.417s] Level 1:colcon.colcon_core.package_identification:_identify(mujoco/model/plugin/sdf) by extensions ['colcon_meta']
[0.417s] Level 1:colcon.colcon_core.package_identification:_identify(mujoco/model/plugin/sdf) by extension 'colcon_meta'
[0.417s] Level 1:colcon.colcon_core.package_identification:_identify(mujoco/model/plugin/sdf) by extensions ['ros']
[0.417s] Level 1:colcon.colcon_core.package_identification:_identify(mujoco/model/plugin/sdf) by extension 'ros'
[0.417s] Level 1:colcon.colcon_core.package_identification:_identify(mujoco/model/plugin/sdf) by extensions ['cmake', 'python']
[0.417s] Level 1:colcon.colcon_core.package_identification:_identify(mujoco/model/plugin/sdf) by extension 'cmake'
[0.417s] Level 1:colcon.colcon_core.package_identification:_identify(mujoco/model/plugin/sdf) by extension 'python'
[0.417s] Level 1:colcon.colcon_core.package_identification:_identify(mujoco/model/plugin/sdf) by extensions ['python_setup_py']
[0.417s] Level 1:colcon.colcon_core.package_identification:_identify(mujoco/model/plugin/sdf) by extension 'python_setup_py'
[0.417s] Level 1:colcon.colcon_core.package_identification:_identify(mujoco/model/plugin/sdf/asset) by extensions ['ignore', 'ignore_ament_install']
[0.417s] Level 1:colcon.colcon_core.package_identification:_identify(mujoco/model/plugin/sdf/asset) by extension 'ignore'
[0.418s] Level 1:colcon.colcon_core.package_identification:_identify(mujoco/model/plugin/sdf/asset) by extension 'ignore_ament_install'
[0.418s] Level 1:colcon.colcon_core.package_identification:_identify(mujoco/model/plugin/sdf/asset) by extensions ['colcon_pkg']
[0.418s] Level 1:colcon.colcon_core.package_identification:_identify(mujoco/model/plugin/sdf/asset) by extension 'colcon_pkg'
[0.418s] Level 1:colcon.colcon_core.package_identification:_identify(mujoco/model/plugin/sdf/asset) by extensions ['colcon_meta']
[0.418s] Level 1:colcon.colcon_core.package_identification:_identify(mujoco/model/plugin/sdf/asset) by extension 'colcon_meta'
[0.418s] Level 1:colcon.colcon_core.package_identification:_identify(mujoco/model/plugin/sdf/asset) by extensions ['ros']
[0.418s] Level 1:colcon.colcon_core.package_identification:_identify(mujoco/model/plugin/sdf/asset) by extension 'ros'
[0.418s] Level 1:colcon.colcon_core.package_identification:_identify(mujoco/model/plugin/sdf/asset) by extensions ['cmake', 'python']
[0.418s] Level 1:colcon.colcon_core.package_identification:_identify(mujoco/model/plugin/sdf/asset) by extension 'cmake'
[0.418s] Level 1:colcon.colcon_core.package_identification:_identify(mujoco/model/plugin/sdf/asset) by extension 'python'
[0.418s] Level 1:colcon.colcon_core.package_identification:_identify(mujoco/model/plugin/sdf/asset) by extensions ['python_setup_py']
[0.418s] Level 1:colcon.colcon_core.package_identification:_identify(mujoco/model/plugin/sdf/asset) by extension 'python_setup_py'
[0.418s] Level 1:colcon.colcon_core.package_identification:_identify(mujoco/model/plugin/sensor) by extensions ['ignore', 'ignore_ament_install']
[0.418s] Level 1:colcon.colcon_core.package_identification:_identify(mujoco/model/plugin/sensor) by extension 'ignore'
[0.418s] Level 1:colcon.colcon_core.package_identification:_identify(mujoco/model/plugin/sensor) by extension 'ignore_ament_install'
[0.418s] Level 1:colcon.colcon_core.package_identification:_identify(mujoco/model/plugin/sensor) by extensions ['colcon_pkg']
[0.418s] Level 1:colcon.colcon_core.package_identification:_identify(mujoco/model/plugin/sensor) by extension 'colcon_pkg'
[0.418s] Level 1:colcon.colcon_core.package_identification:_identify(mujoco/model/plugin/sensor) by extensions ['colcon_meta']
[0.419s] Level 1:colcon.colcon_core.package_identification:_identify(mujoco/model/plugin/sensor) by extension 'colcon_meta'
[0.419s] Level 1:colcon.colcon_core.package_identification:_identify(mujoco/model/plugin/sensor) by extensions ['ros']
[0.419s] Level 1:colcon.colcon_core.package_identification:_identify(mujoco/model/plugin/sensor) by extension 'ros'
[0.419s] Level 1:colcon.colcon_core.package_identification:_identify(mujoco/model/plugin/sensor) by extensions ['cmake', 'python']
[0.419s] Level 1:colcon.colcon_core.package_identification:_identify(mujoco/model/plugin/sensor) by extension 'cmake'
[0.419s] Level 1:colcon.colcon_core.package_identification:_identify(mujoco/model/plugin/sensor) by extension 'python'
[0.419s] Level 1:colcon.colcon_core.package_identification:_identify(mujoco/model/plugin/sensor) by extensions ['python_setup_py']
[0.419s] Level 1:colcon.colcon_core.package_identification:_identify(mujoco/model/plugin/sensor) by extension 'python_setup_py'
[0.419s] Level 1:colcon.colcon_core.package_identification:_identify(mujoco/model/replicate) by extensions ['ignore', 'ignore_ament_install']
[0.419s] Level 1:colcon.colcon_core.package_identification:_identify(mujoco/model/replicate) by extension 'ignore'
[0.419s] Level 1:colcon.colcon_core.package_identification:_identify(mujoco/model/replicate) by extension 'ignore_ament_install'
[0.419s] Level 1:colcon.colcon_core.package_identification:_identify(mujoco/model/replicate) by extensions ['colcon_pkg']
[0.419s] Level 1:colcon.colcon_core.package_identification:_identify(mujoco/model/replicate) by extension 'colcon_pkg'
[0.419s] Level 1:colcon.colcon_core.package_identification:_identify(mujoco/model/replicate) by extensions ['colcon_meta']
[0.419s] Level 1:colcon.colcon_core.package_identification:_identify(mujoco/model/replicate) by extension 'colcon_meta'
[0.419s] Level 1:colcon.colcon_core.package_identification:_identify(mujoco/model/replicate) by extensions ['ros']
[0.419s] Level 1:colcon.colcon_core.package_identification:_identify(mujoco/model/replicate) by extension 'ros'
[0.419s] Level 1:colcon.colcon_core.package_identification:_identify(mujoco/model/replicate) by extensions ['cmake', 'python']
[0.419s] Level 1:colcon.colcon_core.package_identification:_identify(mujoco/model/replicate) by extension 'cmake'
[0.420s] Level 1:colcon.colcon_core.package_identification:_identify(mujoco/model/replicate) by extension 'python'
[0.420s] Level 1:colcon.colcon_core.package_identification:_identify(mujoco/model/replicate) by extensions ['python_setup_py']
[0.420s] Level 1:colcon.colcon_core.package_identification:_identify(mujoco/model/replicate) by extension 'python_setup_py'
[0.420s] Level 1:colcon.colcon_core.package_identification:_identify(mujoco/model/replicate/asset) by extensions ['ignore', 'ignore_ament_install']
[0.420s] Level 1:colcon.colcon_core.package_identification:_identify(mujoco/model/replicate/asset) by extension 'ignore'
[0.420s] Level 1:colcon.colcon_core.package_identification:_identify(mujoco/model/replicate/asset) by extension 'ignore_ament_install'
[0.420s] Level 1:colcon.colcon_core.package_identification:_identify(mujoco/model/replicate/asset) by extensions ['colcon_pkg']
[0.420s] Level 1:colcon.colcon_core.package_identification:_identify(mujoco/model/replicate/asset) by extension 'colcon_pkg'
[0.420s] Level 1:colcon.colcon_core.package_identification:_identify(mujoco/model/replicate/asset) by extensions ['colcon_meta']
[0.420s] Level 1:colcon.colcon_core.package_identification:_identify(mujoco/model/replicate/asset) by extension 'colcon_meta'
[0.420s] Level 1:colcon.colcon_core.package_identification:_identify(mujoco/model/replicate/asset) by extensions ['ros']
[0.420s] Level 1:colcon.colcon_core.package_identification:_identify(mujoco/model/replicate/asset) by extension 'ros'
[0.420s] Level 1:colcon.colcon_core.package_identification:_identify(mujoco/model/replicate/asset) by extensions ['cmake', 'python']
[0.420s] Level 1:colcon.colcon_core.package_identification:_identify(mujoco/model/replicate/asset) by extension 'cmake'
[0.420s] Level 1:colcon.colcon_core.package_identification:_identify(mujoco/model/replicate/asset) by extension 'python'
[0.420s] Level 1:colcon.colcon_core.package_identification:_identify(mujoco/model/replicate/asset) by extensions ['python_setup_py']
[0.420s] Level 1:colcon.colcon_core.package_identification:_identify(mujoco/model/replicate/asset) by extension 'python_setup_py'
[0.420s] Level 1:colcon.colcon_core.package_identification:_identify(mujoco/model/slider_crank) by extensions ['ignore', 'ignore_ament_install']
[0.420s] Level 1:colcon.colcon_core.package_identification:_identify(mujoco/model/slider_crank) by extension 'ignore'
[0.421s] Level 1:colcon.colcon_core.package_identification:_identify(mujoco/model/slider_crank) by extension 'ignore_ament_install'
[0.421s] Level 1:colcon.colcon_core.package_identification:_identify(mujoco/model/slider_crank) by extensions ['colcon_pkg']
[0.421s] Level 1:colcon.colcon_core.package_identification:_identify(mujoco/model/slider_crank) by extension 'colcon_pkg'
[0.421s] Level 1:colcon.colcon_core.package_identification:_identify(mujoco/model/slider_crank) by extensions ['colcon_meta']
[0.421s] Level 1:colcon.colcon_core.package_identification:_identify(mujoco/model/slider_crank) by extension 'colcon_meta'
[0.421s] Level 1:colcon.colcon_core.package_identification:_identify(mujoco/model/slider_crank) by extensions ['ros']
[0.421s] Level 1:colcon.colcon_core.package_identification:_identify(mujoco/model/slider_crank) by extension 'ros'
[0.421s] Level 1:colcon.colcon_core.package_identification:_identify(mujoco/model/slider_crank) by extensions ['cmake', 'python']
[0.421s] Level 1:colcon.colcon_core.package_identification:_identify(mujoco/model/slider_crank) by extension 'cmake'
[0.421s] Level 1:colcon.colcon_core.package_identification:_identify(mujoco/model/slider_crank) by extension 'python'
[0.421s] Level 1:colcon.colcon_core.package_identification:_identify(mujoco/model/slider_crank) by extensions ['python_setup_py']
[0.421s] Level 1:colcon.colcon_core.package_identification:_identify(mujoco/model/slider_crank) by extension 'python_setup_py'
[0.421s] Level 1:colcon.colcon_core.package_identification:_identify(mujoco/model/tendon_arm) by extensions ['ignore', 'ignore_ament_install']
[0.421s] Level 1:colcon.colcon_core.package_identification:_identify(mujoco/model/tendon_arm) by extension 'ignore'
[0.421s] Level 1:colcon.colcon_core.package_identification:_identify(mujoco/model/tendon_arm) by extension 'ignore_ament_install'
[0.421s] Level 1:colcon.colcon_core.package_identification:_identify(mujoco/model/tendon_arm) by extensions ['colcon_pkg']
[0.421s] Level 1:colcon.colcon_core.package_identification:_identify(mujoco/model/tendon_arm) by extension 'colcon_pkg'
[0.421s] Level 1:colcon.colcon_core.package_identification:_identify(mujoco/model/tendon_arm) by extensions ['colcon_meta']
[0.421s] Level 1:colcon.colcon_core.package_identification:_identify(mujoco/model/tendon_arm) by extension 'colcon_meta'
[0.421s] Level 1:colcon.colcon_core.package_identification:_identify(mujoco/model/tendon_arm) by extensions ['ros']
[0.421s] Level 1:colcon.colcon_core.package_identification:_identify(mujoco/model/tendon_arm) by extension 'ros'
[0.422s] Level 1:colcon.colcon_core.package_identification:_identify(mujoco/model/tendon_arm) by extensions ['cmake', 'python']
[0.422s] Level 1:colcon.colcon_core.package_identification:_identify(mujoco/model/tendon_arm) by extension 'cmake'
[0.422s] Level 1:colcon.colcon_core.package_identification:_identify(mujoco/model/tendon_arm) by extension 'python'
[0.422s] Level 1:colcon.colcon_core.package_identification:_identify(mujoco/model/tendon_arm) by extensions ['python_setup_py']
[0.422s] Level 1:colcon.colcon_core.package_identification:_identify(mujoco/model/tendon_arm) by extension 'python_setup_py'
[0.422s] Level 1:colcon.colcon_core.package_identification:_identify(mujoco/sample) by extensions ['ignore', 'ignore_ament_install']
[0.422s] Level 1:colcon.colcon_core.package_identification:_identify(mujoco/sample) by extension 'ignore'
[0.422s] Level 1:colcon.colcon_core.package_identification:_identify(mujoco/sample) by extension 'ignore_ament_install'
[0.422s] Level 1:colcon.colcon_core.package_identification:_identify(mujoco/sample) by extensions ['colcon_pkg']
[0.422s] Level 1:colcon.colcon_core.package_identification:_identify(mujoco/sample) by extension 'colcon_pkg'
[0.422s] Level 1:colcon.colcon_core.package_identification:_identify(mujoco/sample) by extensions ['colcon_meta']
[0.422s] Level 1:colcon.colcon_core.package_identification:_identify(mujoco/sample) by extension 'colcon_meta'
[0.422s] Level 1:colcon.colcon_core.package_identification:_identify(mujoco/sample) by extensions ['ros']
[0.422s] Level 1:colcon.colcon_core.package_identification:_identify(mujoco/sample) by extension 'ros'
[0.422s] Level 1:colcon.colcon_core.package_identification:_identify(mujoco/sample) by extensions ['cmake', 'python']
[0.422s] Level 1:colcon.colcon_core.package_identification:_identify(mujoco/sample) by extension 'cmake'
[0.422s] Level 1:colcon.colcon_core.package_identification:_identify(mujoco/sample) by extension 'python'
[0.422s] Level 1:colcon.colcon_core.package_identification:_identify(mujoco/sample) by extensions ['python_setup_py']
[0.422s] Level 1:colcon.colcon_core.package_identification:_identify(mujoco/sample) by extension 'python_setup_py'
[0.423s] Level 1:colcon.colcon_core.package_identification:_identify(mujoco/sample/cmake) by extensions ['ignore', 'ignore_ament_install']
[0.423s] Level 1:colcon.colcon_core.package_identification:_identify(mujoco/sample/cmake) by extension 'ignore'
[0.423s] Level 1:colcon.colcon_core.package_identification:_identify(mujoco/sample/cmake) by extension 'ignore_ament_install'
[0.423s] Level 1:colcon.colcon_core.package_identification:_identify(mujoco/sample/cmake) by extensions ['colcon_pkg']
[0.423s] Level 1:colcon.colcon_core.package_identification:_identify(mujoco/sample/cmake) by extension 'colcon_pkg'
[0.423s] Level 1:colcon.colcon_core.package_identification:_identify(mujoco/sample/cmake) by extensions ['colcon_meta']
[0.423s] Level 1:colcon.colcon_core.package_identification:_identify(mujoco/sample/cmake) by extension 'colcon_meta'
[0.423s] Level 1:colcon.colcon_core.package_identification:_identify(mujoco/sample/cmake) by extensions ['ros']
[0.423s] Level 1:colcon.colcon_core.package_identification:_identify(mujoco/sample/cmake) by extension 'ros'
[0.423s] Level 1:colcon.colcon_core.package_identification:_identify(mujoco/sample/cmake) by extensions ['cmake', 'python']
[0.423s] Level 1:colcon.colcon_core.package_identification:_identify(mujoco/sample/cmake) by extension 'cmake'
[0.423s] Level 1:colcon.colcon_core.package_identification:_identify(mujoco/sample/cmake) by extension 'python'
[0.423s] Level 1:colcon.colcon_core.package_identification:_identify(mujoco/sample/cmake) by extensions ['python_setup_py']
[0.423s] Level 1:colcon.colcon_core.package_identification:_identify(mujoco/sample/cmake) by extension 'python_setup_py'
[0.423s] Level 1:colcon.colcon_core.package_identification:_identify(mujoco/simulate) by extensions ['ignore', 'ignore_ament_install']
[0.423s] Level 1:colcon.colcon_core.package_identification:_identify(mujoco/simulate) by extension 'ignore'
[0.423s] Level 1:colcon.colcon_core.package_identification:_identify(mujoco/simulate) by extension 'ignore_ament_install'
[0.423s] Level 1:colcon.colcon_core.package_identification:_identify(mujoco/simulate) by extensions ['colcon_pkg']
[0.424s] Level 1:colcon.colcon_core.package_identification:_identify(mujoco/simulate) by extension 'colcon_pkg'
[0.424s] Level 1:colcon.colcon_core.package_identification:_identify(mujoco/simulate) by extensions ['colcon_meta']
[0.424s] Level 1:colcon.colcon_core.package_identification:_identify(mujoco/simulate) by extension 'colcon_meta'
[0.424s] Level 1:colcon.colcon_core.package_identification:_identify(mujoco/simulate) by extensions ['ros']
[0.424s] Level 1:colcon.colcon_core.package_identification:_identify(mujoco/simulate) by extension 'ros'
[0.424s] Level 1:colcon.colcon_core.package_identification:_identify(mujoco/simulate) by extensions ['cmake', 'python']
[0.424s] Level 1:colcon.colcon_core.package_identification:_identify(mujoco/simulate) by extension 'cmake'
[0.424s] Level 1:colcon.colcon_core.package_identification:_identify(mujoco/simulate) by extension 'python'
[0.424s] Level 1:colcon.colcon_core.package_identification:_identify(mujoco/simulate) by extensions ['python_setup_py']
[0.424s] Level 1:colcon.colcon_core.package_identification:_identify(mujoco/simulate) by extension 'python_setup_py'
[0.424s] Level 1:colcon.colcon_core.package_identification:_identify(mujoco/simulate/cmake) by extensions ['ignore', 'ignore_ament_install']
[0.424s] Level 1:colcon.colcon_core.package_identification:_identify(mujoco/simulate/cmake) by extension 'ignore'
[0.424s] Level 1:colcon.colcon_core.package_identification:_identify(mujoco/simulate/cmake) by extension 'ignore_ament_install'
[0.424s] Level 1:colcon.colcon_core.package_identification:_identify(mujoco/simulate/cmake) by extensions ['colcon_pkg']
[0.424s] Level 1:colcon.colcon_core.package_identification:_identify(mujoco/simulate/cmake) by extension 'colcon_pkg'
[0.424s] Level 1:colcon.colcon_core.package_identification:_identify(mujoco/simulate/cmake) by extensions ['colcon_meta']
[0.424s] Level 1:colcon.colcon_core.package_identification:_identify(mujoco/simulate/cmake) by extension 'colcon_meta'
[0.424s] Level 1:colcon.colcon_core.package_identification:_identify(mujoco/simulate/cmake) by extensions ['ros']
[0.424s] Level 1:colcon.colcon_core.package_identification:_identify(mujoco/simulate/cmake) by extension 'ros'
[0.424s] Level 1:colcon.colcon_core.package_identification:_identify(mujoco/simulate/cmake) by extensions ['cmake', 'python']
[0.425s] Level 1:colcon.colcon_core.package_identification:_identify(mujoco/simulate/cmake) by extension 'cmake'
[0.425s] Level 1:colcon.colcon_core.package_identification:_identify(mujoco/simulate/cmake) by extension 'python'
[0.425s] Level 1:colcon.colcon_core.package_identification:_identify(mujoco/simulate/cmake) by extensions ['python_setup_py']
[0.425s] Level 1:colcon.colcon_core.package_identification:_identify(mujoco/simulate/cmake) by extension 'python_setup_py'
[0.425s] Level 1:colcon.colcon_core.package_identification:_identify(src) by extensions ['ignore', 'ignore_ament_install']
[0.425s] Level 1:colcon.colcon_core.package_identification:_identify(src) by extension 'ignore'
[0.425s] Level 1:colcon.colcon_core.package_identification:_identify(src) by extension 'ignore_ament_install'
[0.425s] Level 1:colcon.colcon_core.package_identification:_identify(src) by extensions ['colcon_pkg']
[0.425s] Level 1:colcon.colcon_core.package_identification:_identify(src) by extension 'colcon_pkg'
[0.425s] Level 1:colcon.colcon_core.package_identification:_identify(src) by extensions ['colcon_meta']
[0.425s] Level 1:colcon.colcon_core.package_identification:_identify(src) by extension 'colcon_meta'
[0.425s] Level 1:colcon.colcon_core.package_identification:_identify(src) by extensions ['ros']
[0.425s] Level 1:colcon.colcon_core.package_identification:_identify(src) by extension 'ros'
[0.425s] Level 1:colcon.colcon_core.package_identification:_identify(src) by extensions ['cmake', 'python']
[0.425s] Level 1:colcon.colcon_core.package_identification:_identify(src) by extension 'cmake'
[0.425s] Level 1:colcon.colcon_core.package_identification:_identify(src) by extension 'python'
[0.425s] Level 1:colcon.colcon_core.package_identification:_identify(src) by extensions ['python_setup_py']
[0.425s] Level 1:colcon.colcon_core.package_identification:_identify(src) by extension 'python_setup_py'
[0.425s] Level 1:colcon.colcon_core.package_identification:_identify(src/direct_control) by extensions ['ignore', 'ignore_ament_install']
[0.426s] Level 1:colcon.colcon_core.package_identification:_identify(src/direct_control) by extension 'ignore'
[0.426s] Level 1:colcon.colcon_core.package_identification:_identify(src/direct_control) by extension 'ignore_ament_install'
[0.426s] Level 1:colcon.colcon_core.package_identification:_identify(src/direct_control) by extensions ['colcon_pkg']
[0.426s] Level 1:colcon.colcon_core.package_identification:_identify(src/direct_control) by extension 'colcon_pkg'
[0.426s] Level 1:colcon.colcon_core.package_identification:_identify(src/direct_control) by extensions ['colcon_meta']
[0.426s] Level 1:colcon.colcon_core.package_identification:_identify(src/direct_control) by extension 'colcon_meta'
[0.426s] Level 1:colcon.colcon_core.package_identification:_identify(src/direct_control) by extensions ['ros']
[0.426s] Level 1:colcon.colcon_core.package_identification:_identify(src/direct_control) by extension 'ros'
[0.429s] DEBUG:colcon.colcon_core.package_identification:Package 'src/direct_control' with type 'ros.ament_python' and name 'direct_control'
[0.429s] Level 1:colcon.colcon_core.package_identification:_identify(src/rov_attitude_controller) by extensions ['ignore', 'ignore_ament_install']
[0.429s] Level 1:colcon.colcon_core.package_identification:_identify(src/rov_attitude_controller) by extension 'ignore'
[0.429s] Level 1:colcon.colcon_core.package_identification:_identify(src/rov_attitude_controller) by extension 'ignore_ament_install'
[0.429s] Level 1:colcon.colcon_core.package_identification:_identify(src/rov_attitude_controller) by extensions ['colcon_pkg']
[0.429s] Level 1:colcon.colcon_core.package_identification:_identify(src/rov_attitude_controller) by extension 'colcon_pkg'
[0.429s] Level 1:colcon.colcon_core.package_identification:_identify(src/rov_attitude_controller) by extensions ['colcon_meta']
[0.429s] Level 1:colcon.colcon_core.package_identification:_identify(src/rov_attitude_controller) by extension 'colcon_meta'
[0.429s] Level 1:colcon.colcon_core.package_identification:_identify(src/rov_attitude_controller) by extensions ['ros']
[0.429s] Level 1:colcon.colcon_core.package_identification:_identify(src/rov_attitude_controller) by extension 'ros'
[0.430s] DEBUG:colcon.colcon_core.package_identification:Package 'src/rov_attitude_controller' with type 'ros.ament_python' and name 'rov_attitude_controller'
[0.430s] Level 1:colcon.colcon_core.package_identification:_identify(src/rov_controllers) by extensions ['ignore', 'ignore_ament_install']
[0.430s] Level 1:colcon.colcon_core.package_identification:_identify(src/rov_controllers) by extension 'ignore'
[0.430s] Level 1:colcon.colcon_core.package_identification:_identify(src/rov_controllers) by extension 'ignore_ament_install'
[0.430s] Level 1:colcon.colcon_core.package_identification:_identify(src/rov_controllers) by extensions ['colcon_pkg']
[0.430s] Level 1:colcon.colcon_core.package_identification:_identify(src/rov_controllers) by extension 'colcon_pkg'
[0.430s] Level 1:colcon.colcon_core.package_identification:_identify(src/rov_controllers) by extensions ['colcon_meta']
[0.430s] Level 1:colcon.colcon_core.package_identification:_identify(src/rov_controllers) by extension 'colcon_meta'
[0.430s] Level 1:colcon.colcon_core.package_identification:_identify(src/rov_controllers) by extensions ['ros']
[0.430s] Level 1:colcon.colcon_core.package_identification:_identify(src/rov_controllers) by extension 'ros'
[0.431s] DEBUG:colcon.colcon_core.package_identification:Package 'src/rov_controllers' with type 'ros.ament_cmake' and name 'rov_controllers'
[0.431s] Level 1:colcon.colcon_core.package_identification:_identify(src/rov_hardware_interface) by extensions ['ignore', 'ignore_ament_install']
[0.431s] Level 1:colcon.colcon_core.package_identification:_identify(src/rov_hardware_interface) by extension 'ignore'
[0.431s] Level 1:colcon.colcon_core.package_identification:_identify(src/rov_hardware_interface) by extension 'ignore_ament_install'
[0.431s] Level 1:colcon.colcon_core.package_identification:_identify(src/rov_hardware_interface) by extensions ['colcon_pkg']
[0.431s] Level 1:colcon.colcon_core.package_identification:_identify(src/rov_hardware_interface) by extension 'colcon_pkg'
[0.432s] Level 1:colcon.colcon_core.package_identification:_identify(src/rov_hardware_interface) by extensions ['colcon_meta']
[0.432s] Level 1:colcon.colcon_core.package_identification:_identify(src/rov_hardware_interface) by extension 'colcon_meta'
[0.432s] Level 1:colcon.colcon_core.package_identification:_identify(src/rov_hardware_interface) by extensions ['ros']
[0.432s] Level 1:colcon.colcon_core.package_identification:_identify(src/rov_hardware_interface) by extension 'ros'
[0.433s] DEBUG:colcon.colcon_core.package_identification:Package 'src/rov_hardware_interface' with type 'ros.ament_cmake' and name 'rov_hardware_interface'
[0.433s] Level 1:colcon.colcon_core.package_identification:_identify(src/rov_mujoco_bringup) by extensions ['ignore', 'ignore_ament_install']
[0.433s] Level 1:colcon.colcon_core.package_identification:_identify(src/rov_mujoco_bringup) by extension 'ignore'
[0.433s] Level 1:colcon.colcon_core.package_identification:_identify(src/rov_mujoco_bringup) by extension 'ignore_ament_install'
[0.433s] Level 1:colcon.colcon_core.package_identification:_identify(src/rov_mujoco_bringup) by extensions ['colcon_pkg']
[0.433s] Level 1:colcon.colcon_core.package_identification:_identify(src/rov_mujoco_bringup) by extension 'colcon_pkg'
[0.433s] Level 1:colcon.colcon_core.package_identification:_identify(src/rov_mujoco_bringup) by extensions ['colcon_meta']
[0.433s] Level 1:colcon.colcon_core.package_identification:_identify(src/rov_mujoco_bringup) by extension 'colcon_meta'
[0.433s] Level 1:colcon.colcon_core.package_identification:_identify(src/rov_mujoco_bringup) by extensions ['ros']
[0.433s] Level 1:colcon.colcon_core.package_identification:_identify(src/rov_mujoco_bringup) by extension 'ros'
[0.434s] DEBUG:colcon.colcon_core.package_identification:Package 'src/rov_mujoco_bringup' with type 'ros.ament_cmake' and name 'rov_mujoco_bringup'
[0.434s] Level 1:colcon.colcon_core.package_identification:_identify(src/rov_mujoco_description) by extensions ['ignore', 'ignore_ament_install']
[0.434s] Level 1:colcon.colcon_core.package_identification:_identify(src/rov_mujoco_description) by extension 'ignore'
[0.434s] Level 1:colcon.colcon_core.package_identification:_identify(src/rov_mujoco_description) by extension 'ignore_ament_install'
[0.434s] Level 1:colcon.colcon_core.package_identification:_identify(src/rov_mujoco_description) by extensions ['colcon_pkg']
[0.434s] Level 1:colcon.colcon_core.package_identification:_identify(src/rov_mujoco_description) by extension 'colcon_pkg'
[0.434s] Level 1:colcon.colcon_core.package_identification:_identify(src/rov_mujoco_description) by extensions ['colcon_meta']
[0.434s] Level 1:colcon.colcon_core.package_identification:_identify(src/rov_mujoco_description) by extension 'colcon_meta'
[0.434s] Level 1:colcon.colcon_core.package_identification:_identify(src/rov_mujoco_description) by extensions ['ros']
[0.434s] Level 1:colcon.colcon_core.package_identification:_identify(src/rov_mujoco_description) by extension 'ros'
[0.435s] DEBUG:colcon.colcon_core.package_identification:Package 'src/rov_mujoco_description' with type 'ros.ament_cmake' and name 'rov_mujoco_description'
[0.435s] Level 1:colcon.colcon_core.package_identification:_identify(src/rov_mujoco_sim) by extensions ['ignore', 'ignore_ament_install']
[0.435s] Level 1:colcon.colcon_core.package_identification:_identify(src/rov_mujoco_sim) by extension 'ignore'
[0.435s] Level 1:colcon.colcon_core.package_identification:_identify(src/rov_mujoco_sim) by extension 'ignore_ament_install'
[0.435s] Level 1:colcon.colcon_core.package_identification:_identify(src/rov_mujoco_sim) by extensions ['colcon_pkg']
[0.435s] Level 1:colcon.colcon_core.package_identification:_identify(src/rov_mujoco_sim) by extension 'colcon_pkg'
[0.435s] Level 1:colcon.colcon_core.package_identification:_identify(src/rov_mujoco_sim) by extensions ['colcon_meta']
[0.435s] Level 1:colcon.colcon_core.package_identification:_identify(src/rov_mujoco_sim) by extension 'colcon_meta'
[0.435s] Level 1:colcon.colcon_core.package_identification:_identify(src/rov_mujoco_sim) by extensions ['ros']
[0.435s] Level 1:colcon.colcon_core.package_identification:_identify(src/rov_mujoco_sim) by extension 'ros'
[0.436s] DEBUG:colcon.colcon_core.package_identification:Package 'src/rov_mujoco_sim' with type 'ros.ament_cmake' and name 'rov_mujoco_sim'
[0.436s] Level 1:colcon.colcon_core.package_identification:_identify(src/rov_path_follower) by extensions ['ignore', 'ignore_ament_install']
[0.436s] Level 1:colcon.colcon_core.package_identification:_identify(src/rov_path_follower) by extension 'ignore'
[0.436s] Level 1:colcon.colcon_core.package_identification:_identify(src/rov_path_follower) by extension 'ignore_ament_install'
[0.436s] Level 1:colcon.colcon_core.package_identification:_identify(src/rov_path_follower) by extensions ['colcon_pkg']
[0.437s] Level 1:colcon.colcon_core.package_identification:_identify(src/rov_path_follower) by extension 'colcon_pkg'
[0.437s] Level 1:colcon.colcon_core.package_identification:_identify(src/rov_path_follower) by extensions ['colcon_meta']
[0.437s] Level 1:colcon.colcon_core.package_identification:_identify(src/rov_path_follower) by extension 'colcon_meta'
[0.437s] Level 1:colcon.colcon_core.package_identification:_identify(src/rov_path_follower) by extensions ['ros']
[0.437s] Level 1:colcon.colcon_core.package_identification:_identify(src/rov_path_follower) by extension 'ros'
[0.447s] DEBUG:colcon.colcon_core.package_identification:Package 'src/rov_path_follower' with type 'ros.ament_python' and name 'rov_path_follower'
[0.447s] Level 1:colcon.colcon_core.package_identification:_identify(src/rov_path_generator) by extensions ['ignore', 'ignore_ament_install']
[0.447s] Level 1:colcon.colcon_core.package_identification:_identify(src/rov_path_generator) by extension 'ignore'
[0.447s] Level 1:colcon.colcon_core.package_identification:_identify(src/rov_path_generator) by extension 'ignore_ament_install'
[0.447s] Level 1:colcon.colcon_core.package_identification:_identify(src/rov_path_generator) by extensions ['colcon_pkg']
[0.447s] Level 1:colcon.colcon_core.package_identification:_identify(src/rov_path_generator) by extension 'colcon_pkg'
[0.447s] Level 1:colcon.colcon_core.package_identification:_identify(src/rov_path_generator) by extensions ['colcon_meta']
[0.447s] Level 1:colcon.colcon_core.package_identification:_identify(src/rov_path_generator) by extension 'colcon_meta'
[0.447s] Level 1:colcon.colcon_core.package_identification:_identify(src/rov_path_generator) by extensions ['ros']
[0.447s] Level 1:colcon.colcon_core.package_identification:_identify(src/rov_path_generator) by extension 'ros'
[0.448s] DEBUG:colcon.colcon_core.package_identification:Package 'src/rov_path_generator' with type 'ros.ament_python' and name 'rov_path_generator'
[0.448s] Level 1:colcon.colcon_core.package_identification:_identify(src/rov_position_controller) by extensions ['ignore', 'ignore_ament_install']
[0.448s] Level 1:colcon.colcon_core.package_identification:_identify(src/rov_position_controller) by extension 'ignore'
[0.448s] Level 1:colcon.colcon_core.package_identification:_identify(src/rov_position_controller) by extension 'ignore_ament_install'
[0.448s] Level 1:colcon.colcon_core.package_identification:_identify(src/rov_position_controller) by extensions ['colcon_pkg']
[0.448s] Level 1:colcon.colcon_core.package_identification:_identify(src/rov_position_controller) by extension 'colcon_pkg'
[0.448s] Level 1:colcon.colcon_core.package_identification:_identify(src/rov_position_controller) by extensions ['colcon_meta']
[0.448s] Level 1:colcon.colcon_core.package_identification:_identify(src/rov_position_controller) by extension 'colcon_meta'
[0.449s] Level 1:colcon.colcon_core.package_identification:_identify(src/rov_position_controller) by extensions ['ros']
[0.449s] Level 1:colcon.colcon_core.package_identification:_identify(src/rov_position_controller) by extension 'ros'
[0.449s] DEBUG:colcon.colcon_core.package_identification:Package 'src/rov_position_controller' with type 'ros.ament_python' and name 'rov_position_controller'
[0.449s] Level 1:colcon.colcon_core.package_identification:_identify(src/rov_real_bringup) by extensions ['ignore', 'ignore_ament_install']
[0.449s] Level 1:colcon.colcon_core.package_identification:_identify(src/rov_real_bringup) by extension 'ignore'
[0.449s] Level 1:colcon.colcon_core.package_identification:_identify(src/rov_real_bringup) by extension 'ignore_ament_install'
[0.449s] Level 1:colcon.colcon_core.package_identification:_identify(src/rov_real_bringup) by extensions ['colcon_pkg']
[0.449s] Level 1:colcon.colcon_core.package_identification:_identify(src/rov_real_bringup) by extension 'colcon_pkg'
[0.449s] Level 1:colcon.colcon_core.package_identification:_identify(src/rov_real_bringup) by extensions ['colcon_meta']
[0.449s] Level 1:colcon.colcon_core.package_identification:_identify(src/rov_real_bringup) by extension 'colcon_meta'
[0.450s] Level 1:colcon.colcon_core.package_identification:_identify(src/rov_real_bringup) by extensions ['ros']
[0.450s] Level 1:colcon.colcon_core.package_identification:_identify(src/rov_real_bringup) by extension 'ros'
[0.451s] DEBUG:colcon.colcon_core.package_identification:Package 'src/rov_real_bringup' with type 'ros.ament_cmake' and name 'rov_real_bringup'
[0.451s] Level 1:colcon.colcon_core.package_identification:_identify(src/rov_real_description) by extensions ['ignore', 'ignore_ament_install']
[0.451s] Level 1:colcon.colcon_core.package_identification:_identify(src/rov_real_description) by extension 'ignore'
[0.451s] Level 1:colcon.colcon_core.package_identification:_identify(src/rov_real_description) by extension 'ignore_ament_install'
[0.451s] Level 1:colcon.colcon_core.package_identification:_identify(src/rov_real_description) by extensions ['colcon_pkg']
[0.451s] Level 1:colcon.colcon_core.package_identification:_identify(src/rov_real_description) by extension 'colcon_pkg'
[0.451s] Level 1:colcon.colcon_core.package_identification:_identify(src/rov_real_description) by extensions ['colcon_meta']
[0.451s] Level 1:colcon.colcon_core.package_identification:_identify(src/rov_real_description) by extension 'colcon_meta'
[0.451s] Level 1:colcon.colcon_core.package_identification:_identify(src/rov_real_description) by extensions ['ros']
[0.451s] Level 1:colcon.colcon_core.package_identification:_identify(src/rov_real_description) by extension 'ros'
[0.452s] DEBUG:colcon.colcon_core.package_identification:Package 'src/rov_real_description' with type 'ros.ament_cmake' and name 'rov_real_description'
[0.452s] Level 1:colcon.colcon_core.package_discovery:discover_packages(recursive) using defaults
[0.452s] Level 1:colcon.colcon_core.package_discovery:discover_packages(ignore) discover
[0.452s] Level 1:colcon.colcon_core.package_discovery:discover_packages(ignore) using defaults
[0.452s] Level 1:colcon.colcon_core.package_discovery:discover_packages(path) discover
[0.452s] Level 1:colcon.colcon_core.package_discovery:discover_packages(path) using defaults
[0.472s] Level 1:colcon.colcon_core.package_discovery:discover_packages(prefix_path) check parameters
[0.472s] Level 1:colcon.colcon_core.package_discovery:discover_packages(prefix_path) discover
[0.475s] DEBUG:colcon.colcon_installed_package_information.package_discovery:Found 9 installed packages in /home/eia/repo/rbi_2025_2/rov/rov_ws/install
[0.477s] DEBUG:colcon.colcon_installed_package_information.package_discovery:Found 460 installed packages in /opt/ros/humble
[0.479s] Level 1:colcon.colcon_core.package_discovery:discover_packages(prefix_path) using defaults
[0.537s] Level 5:colcon.colcon_core.verb:set package 'direct_control' build argument 'cmake_args' from command line to 'None'
[0.537s] Level 5:colcon.colcon_core.verb:set package 'direct_control' build argument 'cmake_target' from command line to 'None'
[0.537s] Level 5:colcon.colcon_core.verb:set package 'direct_control' build argument 'cmake_target_skip_unavailable' from command line to 'False'
[0.537s] Level 5:colcon.colcon_core.verb:set package 'direct_control' build argument 'cmake_clean_cache' from command line to 'False'
[0.537s] Level 5:colcon.colcon_core.verb:set package 'direct_control' build argument 'cmake_clean_first' from command line to 'False'
[0.537s] Level 5:colcon.colcon_core.verb:set package 'direct_control' build argument 'cmake_force_configure' from command line to 'False'
[0.537s] Level 5:colcon.colcon_core.verb:set package 'direct_control' build argument 'ament_cmake_args' from command line to 'None'
[0.537s] Level 5:colcon.colcon_core.verb:set package 'direct_control' build argument 'catkin_cmake_args' from command line to 'None'
[0.537s] Level 5:colcon.colcon_core.verb:set package 'direct_control' build argument 'catkin_skip_building_tests' from command line to 'False'
[0.537s] DEBUG:colcon.colcon_core.verb:Building package 'direct_control' with the following arguments: {'ament_cmake_args': None, 'build_base': '/home/eia/rbi_2025/rov/rov_ws/build/direct_control', 'catkin_cmake_args': None, 'catkin_skip_building_tests': False, 'cmake_args': None, 'cmake_clean_cache': False, 'cmake_clean_first': False, 'cmake_force_configure': False, 'cmake_target': None, 'cmake_target_skip_unavailable': False, 'install_base': '/home/eia/rbi_2025/rov/rov_ws/install/direct_control', 'merge_install': False, 'path': '/home/eia/rbi_2025/rov/rov_ws/src/direct_control', 'symlink_install': True, 'test_result_base': None}
[0.538s] Level 5:colcon.colcon_core.verb:set package 'rov_attitude_controller' build argument 'cmake_args' from command line to 'None'
[0.538s] Level 5:colcon.colcon_core.verb:set package 'rov_attitude_controller' build argument 'cmake_target' from command line to 'None'
[0.538s] Level 5:colcon.colcon_core.verb:set package 'rov_attitude_controller' build argument 'cmake_target_skip_unavailable' from command line to 'False'
[0.538s] Level 5:colcon.colcon_core.verb:set package 'rov_attitude_controller' build argument 'cmake_clean_cache' from command line to 'False'
[0.538s] Level 5:colcon.colcon_core.verb:set package 'rov_attitude_controller' build argument 'cmake_clean_first' from command line to 'False'
[0.538s] Level 5:colcon.colcon_core.verb:set package 'rov_attitude_controller' build argument 'cmake_force_configure' from command line to 'False'
[0.538s] Level 5:colcon.colcon_core.verb:set package 'rov_attitude_controller' build argument 'ament_cmake_args' from command line to 'None'
[0.538s] Level 5:colcon.colcon_core.verb:set package 'rov_attitude_controller' build argument 'catkin_cmake_args' from command line to 'None'
[0.538s] Level 5:colcon.colcon_core.verb:set package 'rov_attitude_controller' build argument 'catkin_skip_building_tests' from command line to 'False'
[0.538s] DEBUG:colcon.colcon_core.verb:Building package 'rov_attitude_controller' with the following arguments: {'ament_cmake_args': None, 'build_base': '/home/eia/rbi_2025/rov/rov_ws/build/rov_attitude_controller', 'catkin_cmake_args': None, 'catkin_skip_building_tests': False, 'cmake_args': None, 'cmake_clean_cache': False, 'cmake_clean_first': False, 'cmake_force_configure': False, 'cmake_target': None, 'cmake_target_skip_unavailable': False, 'install_base': '/home/eia/rbi_2025/rov/rov_ws/install/rov_attitude_controller', 'merge_install': False, 'path': '/home/eia/rbi_2025/rov/rov_ws/src/rov_attitude_controller', 'symlink_install': True, 'test_result_base': None}
[0.538s] Level 5:colcon.colcon_core.verb:set package 'rov_controllers' build argument 'cmake_args' from command line to 'None'
[0.539s] Level 5:colcon.colcon_core.verb:set package 'rov_controllers' build argument 'cmake_target' from command line to 'None'
[0.539s] Level 5:colcon.colcon_core.verb:set package 'rov_controllers' build argument 'cmake_target_skip_unavailable' from command line to 'False'
[0.539s] Level 5:colcon.colcon_core.verb:set package 'rov_controllers' build argument 'cmake_clean_cache' from command line to 'False'
[0.539s] Level 5:colcon.colcon_core.verb:set package 'rov_controllers' build argument 'cmake_clean_first' from command line to 'False'
[0.539s] Level 5:colcon.colcon_core.verb:set package 'rov_controllers' build argument 'cmake_force_configure' from command line to 'False'
[0.539s] Level 5:colcon.colcon_core.verb:set package 'rov_controllers' build argument 'ament_cmake_args' from command line to 'None'
[0.539s] Level 5:colcon.colcon_core.verb:set package 'rov_controllers' build argument 'catkin_cmake_args' from command line to 'None'
[0.539s] Level 5:colcon.colcon_core.verb:set package 'rov_controllers' build argument 'catkin_skip_building_tests' from command line to 'False'
[0.539s] DEBUG:colcon.colcon_core.verb:Building package 'rov_controllers' with the following arguments: {'ament_cmake_args': None, 'build_base': '/home/eia/rbi_2025/rov/rov_ws/build/rov_controllers', 'catkin_cmake_args': None, 'catkin_skip_building_tests': False, 'cmake_args': None, 'cmake_clean_cache': False, 'cmake_clean_first': False, 'cmake_force_configure': False, 'cmake_target': None, 'cmake_target_skip_unavailable': False, 'install_base': '/home/eia/rbi_2025/rov/rov_ws/install/rov_controllers', 'merge_install': False, 'path': '/home/eia/rbi_2025/rov/rov_ws/src/rov_controllers', 'symlink_install': True, 'test_result_base': None}
[0.539s] Level 5:colcon.colcon_core.verb:set package 'rov_hardware_interface' build argument 'cmake_args' from command line to 'None'
[0.539s] Level 5:colcon.colcon_core.verb:set package 'rov_hardware_interface' build argument 'cmake_target' from command line to 'None'
[0.539s] Level 5:colcon.colcon_core.verb:set package 'rov_hardware_interface' build argument 'cmake_target_skip_unavailable' from command line to 'False'
[0.539s] Level 5:colcon.colcon_core.verb:set package 'rov_hardware_interface' build argument 'cmake_clean_cache' from command line to 'False'
[0.539s] Level 5:colcon.colcon_core.verb:set package 'rov_hardware_interface' build argument 'cmake_clean_first' from command line to 'False'
[0.539s] Level 5:colcon.colcon_core.verb:set package 'rov_hardware_interface' build argument 'cmake_force_configure' from command line to 'False'
[0.539s] Level 5:colcon.colcon_core.verb:set package 'rov_hardware_interface' build argument 'ament_cmake_args' from command line to 'None'
[0.539s] Level 5:colcon.colcon_core.verb:set package 'rov_hardware_interface' build argument 'catkin_cmake_args' from command line to 'None'
[0.539s] Level 5:colcon.colcon_core.verb:set package 'rov_hardware_interface' build argument 'catkin_skip_building_tests' from command line to 'False'
[0.539s] DEBUG:colcon.colcon_core.verb:Building package 'rov_hardware_interface' with the following arguments: {'ament_cmake_args': None, 'build_base': '/home/eia/rbi_2025/rov/rov_ws/build/rov_hardware_interface', 'catkin_cmake_args': None, 'catkin_skip_building_tests': False, 'cmake_args': None, 'cmake_clean_cache': False, 'cmake_clean_first': False, 'cmake_force_configure': False, 'cmake_target': None, 'cmake_target_skip_unavailable': False, 'install_base': '/home/eia/rbi_2025/rov/rov_ws/install/rov_hardware_interface', 'merge_install': False, 'path': '/home/eia/rbi_2025/rov/rov_ws/src/rov_hardware_interface', 'symlink_install': True, 'test_result_base': None}
[0.540s] Level 5:colcon.colcon_core.verb:set package 'rov_mujoco_bringup' build argument 'cmake_args' from command line to 'None'
[0.540s] Level 5:colcon.colcon_core.verb:set package 'rov_mujoco_bringup' build argument 'cmake_target' from command line to 'None'
[0.540s] Level 5:colcon.colcon_core.verb:set package 'rov_mujoco_bringup' build argument 'cmake_target_skip_unavailable' from command line to 'False'
[0.540s] Level 5:colcon.colcon_core.verb:set package 'rov_mujoco_bringup' build argument 'cmake_clean_cache' from command line to 'False'
[0.540s] Level 5:colcon.colcon_core.verb:set package 'rov_mujoco_bringup' build argument 'cmake_clean_first' from command line to 'False'
[0.540s] Level 5:colcon.colcon_core.verb:set package 'rov_mujoco_bringup' build argument 'cmake_force_configure' from command line to 'False'
[0.540s] Level 5:colcon.colcon_core.verb:set package 'rov_mujoco_bringup' build argument 'ament_cmake_args' from command line to 'None'
[0.540s] Level 5:colcon.colcon_core.verb:set package 'rov_mujoco_bringup' build argument 'catkin_cmake_args' from command line to 'None'
[0.540s] Level 5:colcon.colcon_core.verb:set package 'rov_mujoco_bringup' build argument 'catkin_skip_building_tests' from command line to 'False'
[0.540s] DEBUG:colcon.colcon_core.verb:Building package 'rov_mujoco_bringup' with the following arguments: {'ament_cmake_args': None, 'build_base': '/home/eia/rbi_2025/rov/rov_ws/build/rov_mujoco_bringup', 'catkin_cmake_args': None, 'catkin_skip_building_tests': False, 'cmake_args': None, 'cmake_clean_cache': False, 'cmake_clean_first': False, 'cmake_force_configure': False, 'cmake_target': None, 'cmake_target_skip_unavailable': False, 'install_base': '/home/eia/rbi_2025/rov/rov_ws/install/rov_mujoco_bringup', 'merge_install': False, 'path': '/home/eia/rbi_2025/rov/rov_ws/src/rov_mujoco_bringup', 'symlink_install': True, 'test_result_base': None}
[0.541s] Level 5:colcon.colcon_core.verb:set package 'rov_mujoco_description' build argument 'cmake_args' from command line to 'None'
[0.541s] Level 5:colcon.colcon_core.verb:set package 'rov_mujoco_description' build argument 'cmake_target' from command line to 'None'
[0.541s] Level 5:colcon.colcon_core.verb:set package 'rov_mujoco_description' build argument 'cmake_target_skip_unavailable' from command line to 'False'
[0.541s] Level 5:colcon.colcon_core.verb:set package 'rov_mujoco_description' build argument 'cmake_clean_cache' from command line to 'False'
[0.541s] Level 5:colcon.colcon_core.verb:set package 'rov_mujoco_description' build argument 'cmake_clean_first' from command line to 'False'
[0.541s] Level 5:colcon.colcon_core.verb:set package 'rov_mujoco_description' build argument 'cmake_force_configure' from command line to 'False'
[0.541s] Level 5:colcon.colcon_core.verb:set package 'rov_mujoco_description' build argument 'ament_cmake_args' from command line to 'None'
[0.541s] Level 5:colcon.colcon_core.verb:set package 'rov_mujoco_description' build argument 'catkin_cmake_args' from command line to 'None'
[0.541s] Level 5:colcon.colcon_core.verb:set package 'rov_mujoco_description' build argument 'catkin_skip_building_tests' from command line to 'False'
[0.541s] DEBUG:colcon.colcon_core.verb:Building package 'rov_mujoco_description' with the following arguments: {'ament_cmake_args': None, 'build_base': '/home/eia/rbi_2025/rov/rov_ws/build/rov_mujoco_description', 'catkin_cmake_args': None, 'catkin_skip_building_tests': False, 'cmake_args': None, 'cmake_clean_cache': False, 'cmake_clean_first': False, 'cmake_force_configure': False, 'cmake_target': None, 'cmake_target_skip_unavailable': False, 'install_base': '/home/eia/rbi_2025/rov/rov_ws/install/rov_mujoco_description', 'merge_install': False, 'path': '/home/eia/rbi_2025/rov/rov_ws/src/rov_mujoco_description', 'symlink_install': True, 'test_result_base': None}
[0.541s] Level 5:colcon.colcon_core.verb:set package 'rov_mujoco_sim' build argument 'cmake_args' from command line to 'None'
[0.541s] Level 5:colcon.colcon_core.verb:set package 'rov_mujoco_sim' build argument 'cmake_target' from command line to 'None'
[0.541s] Level 5:colcon.colcon_core.verb:set package 'rov_mujoco_sim' build argument 'cmake_target_skip_unavailable' from command line to 'False'
[0.541s] Level 5:colcon.colcon_core.verb:set package 'rov_mujoco_sim' build argument 'cmake_clean_cache' from command line to 'False'
[0.541s] Level 5:colcon.colcon_core.verb:set package 'rov_mujoco_sim' build argument 'cmake_clean_first' from command line to 'False'
[0.541s] Level 5:colcon.colcon_core.verb:set package 'rov_mujoco_sim' build argument 'cmake_force_configure' from command line to 'False'
[0.541s] Level 5:colcon.colcon_core.verb:set package 'rov_mujoco_sim' build argument 'ament_cmake_args' from command line to 'None'
[0.541s] Level 5:colcon.colcon_core.verb:set package 'rov_mujoco_sim' build argument 'catkin_cmake_args' from command line to 'None'
[0.542s] Level 5:colcon.colcon_core.verb:set package 'rov_mujoco_sim' build argument 'catkin_skip_building_tests' from command line to 'False'
[0.542s] DEBUG:colcon.colcon_core.verb:Building package 'rov_mujoco_sim' with the following arguments: {'ament_cmake_args': None, 'build_base': '/home/eia/rbi_2025/rov/rov_ws/build/rov_mujoco_sim', 'catkin_cmake_args': None, 'catkin_skip_building_tests': False, 'cmake_args': None, 'cmake_clean_cache': False, 'cmake_clean_first': False, 'cmake_force_configure': False, 'cmake_target': None, 'cmake_target_skip_unavailable': False, 'install_base': '/home/eia/rbi_2025/rov/rov_ws/install/rov_mujoco_sim', 'merge_install': False, 'path': '/home/eia/rbi_2025/rov/rov_ws/src/rov_mujoco_sim', 'symlink_install': True, 'test_result_base': None}
[0.542s] Level 5:colcon.colcon_core.verb:set package 'rov_path_follower' build argument 'cmake_args' from command line to 'None'
[0.542s] Level 5:colcon.colcon_core.verb:set package 'rov_path_follower' build argument 'cmake_target' from command line to 'None'
[0.542s] Level 5:colcon.colcon_core.verb:set package 'rov_path_follower' build argument 'cmake_target_skip_unavailable' from command line to 'False'
[0.542s] Level 5:colcon.colcon_core.verb:set package 'rov_path_follower' build argument 'cmake_clean_cache' from command line to 'False'
[0.542s] Level 5:colcon.colcon_core.verb:set package 'rov_path_follower' build argument 'cmake_clean_first' from command line to 'False'
[0.542s] Level 5:colcon.colcon_core.verb:set package 'rov_path_follower' build argument 'cmake_force_configure' from command line to 'False'
[0.542s] Level 5:colcon.colcon_core.verb:set package 'rov_path_follower' build argument 'ament_cmake_args' from command line to 'None'
[0.542s] Level 5:colcon.colcon_core.verb:set package 'rov_path_follower' build argument 'catkin_cmake_args' from command line to 'None'
[0.542s] Level 5:colcon.colcon_core.verb:set package 'rov_path_follower' build argument 'catkin_skip_building_tests' from command line to 'False'
[0.542s] DEBUG:colcon.colcon_core.verb:Building package 'rov_path_follower' with the following arguments: {'ament_cmake_args': None, 'build_base': '/home/eia/rbi_2025/rov/rov_ws/build/rov_path_follower', 'catkin_cmake_args': None, 'catkin_skip_building_tests': False, 'cmake_args': None, 'cmake_clean_cache': False, 'cmake_clean_first': False, 'cmake_force_configure': False, 'cmake_target': None, 'cmake_target_skip_unavailable': False, 'install_base': '/home/eia/rbi_2025/rov/rov_ws/install/rov_path_follower', 'merge_install': False, 'path': '/home/eia/rbi_2025/rov/rov_ws/src/rov_path_follower', 'symlink_install': True, 'test_result_base': None}
[0.543s] Level 5:colcon.colcon_core.verb:set package 'rov_path_generator' build argument 'cmake_args' from command line to 'None'
[0.543s] Level 5:colcon.colcon_core.verb:set package 'rov_path_generator' build argument 'cmake_target' from command line to 'None'
[0.543s] Level 5:colcon.colcon_core.verb:set package 'rov_path_generator' build argument 'cmake_target_skip_unavailable' from command line to 'False'
[0.543s] Level 5:colcon.colcon_core.verb:set package 'rov_path_generator' build argument 'cmake_clean_cache' from command line to 'False'
[0.543s] Level 5:colcon.colcon_core.verb:set package 'rov_path_generator' build argument 'cmake_clean_first' from command line to 'False'
[0.543s] Level 5:colcon.colcon_core.verb:set package 'rov_path_generator' build argument 'cmake_force_configure' from command line to 'False'
[0.543s] Level 5:colcon.colcon_core.verb:set package 'rov_path_generator' build argument 'ament_cmake_args' from command line to 'None'
[0.543s] Level 5:colcon.colcon_core.verb:set package 'rov_path_generator' build argument 'catkin_cmake_args' from command line to 'None'
[0.543s] Level 5:colcon.colcon_core.verb:set package 'rov_path_generator' build argument 'catkin_skip_building_tests' from command line to 'False'
[0.543s] DEBUG:colcon.colcon_core.verb:Building package 'rov_path_generator' with the following arguments: {'ament_cmake_args': None, 'build_base': '/home/eia/rbi_2025/rov/rov_ws/build/rov_path_generator', 'catkin_cmake_args': None, 'catkin_skip_building_tests': False, 'cmake_args': None, 'cmake_clean_cache': False, 'cmake_clean_first': False, 'cmake_force_configure': False, 'cmake_target': None, 'cmake_target_skip_unavailable': False, 'install_base': '/home/eia/rbi_2025/rov/rov_ws/install/rov_path_generator', 'merge_install': False, 'path': '/home/eia/rbi_2025/rov/rov_ws/src/rov_path_generator', 'symlink_install': True, 'test_result_base': None}
[0.543s] Level 5:colcon.colcon_core.verb:set package 'rov_position_controller' build argument 'cmake_args' from command line to 'None'
[0.543s] Level 5:colcon.colcon_core.verb:set package 'rov_position_controller' build argument 'cmake_target' from command line to 'None'
[0.543s] Level 5:colcon.colcon_core.verb:set package 'rov_position_controller' build argument 'cmake_target_skip_unavailable' from command line to 'False'
[0.543s] Level 5:colcon.colcon_core.verb:set package 'rov_position_controller' build argument 'cmake_clean_cache' from command line to 'False'
[0.543s] Level 5:colcon.colcon_core.verb:set package 'rov_position_controller' build argument 'cmake_clean_first' from command line to 'False'
[0.544s] Level 5:colcon.colcon_core.verb:set package 'rov_position_controller' build argument 'cmake_force_configure' from command line to 'False'
[0.544s] Level 5:colcon.colcon_core.verb:set package 'rov_position_controller' build argument 'ament_cmake_args' from command line to 'None'
[0.544s] Level 5:colcon.colcon_core.verb:set package 'rov_position_controller' build argument 'catkin_cmake_args' from command line to 'None'
[0.544s] Level 5:colcon.colcon_core.verb:set package 'rov_position_controller' build argument 'catkin_skip_building_tests' from command line to 'False'
[0.544s] DEBUG:colcon.colcon_core.verb:Building package 'rov_position_controller' with the following arguments: {'ament_cmake_args': None, 'build_base': '/home/eia/rbi_2025/rov/rov_ws/build/rov_position_controller', 'catkin_cmake_args': None, 'catkin_skip_building_tests': False, 'cmake_args': None, 'cmake_clean_cache': False, 'cmake_clean_first': False, 'cmake_force_configure': False, 'cmake_target': None, 'cmake_target_skip_unavailable': False, 'install_base': '/home/eia/rbi_2025/rov/rov_ws/install/rov_position_controller', 'merge_install': False, 'path': '/home/eia/rbi_2025/rov/rov_ws/src/rov_position_controller', 'symlink_install': True, 'test_result_base': None}
[0.544s] Level 5:colcon.colcon_core.verb:set package 'rov_real_bringup' build argument 'cmake_args' from command line to 'None'
[0.544s] Level 5:colcon.colcon_core.verb:set package 'rov_real_bringup' build argument 'cmake_target' from command line to 'None'
[0.544s] Level 5:colcon.colcon_core.verb:set package 'rov_real_bringup' build argument 'cmake_target_skip_unavailable' from command line to 'False'
[0.544s] Level 5:colcon.colcon_core.verb:set package 'rov_real_bringup' build argument 'cmake_clean_cache' from command line to 'False'
[0.544s] Level 5:colcon.colcon_core.verb:set package 'rov_real_bringup' build argument 'cmake_clean_first' from command line to 'False'
[0.544s] Level 5:colcon.colcon_core.verb:set package 'rov_real_bringup' build argument 'cmake_force_configure' from command line to 'False'
[0.544s] Level 5:colcon.colcon_core.verb:set package 'rov_real_bringup' build argument 'ament_cmake_args' from command line to 'None'
[0.544s] Level 5:colcon.colcon_core.verb:set package 'rov_real_bringup' build argument 'catkin_cmake_args' from command line to 'None'
[0.544s] Level 5:colcon.colcon_core.verb:set package 'rov_real_bringup' build argument 'catkin_skip_building_tests' from command line to 'False'
[0.544s] DEBUG:colcon.colcon_core.verb:Building package 'rov_real_bringup' with the following arguments: {'ament_cmake_args': None, 'build_base': '/home/eia/rbi_2025/rov/rov_ws/build/rov_real_bringup', 'catkin_cmake_args': None, 'catkin_skip_building_tests': False, 'cmake_args': None, 'cmake_clean_cache': False, 'cmake_clean_first': False, 'cmake_force_configure': False, 'cmake_target': None, 'cmake_target_skip_unavailable': False, 'install_base': '/home/eia/rbi_2025/rov/rov_ws/install/rov_real_bringup', 'merge_install': False, 'path': '/home/eia/rbi_2025/rov/rov_ws/src/rov_real_bringup', 'symlink_install': True, 'test_result_base': None}
[0.545s] Level 5:colcon.colcon_core.verb:set package 'rov_real_description' build argument 'cmake_args' from command line to 'None'
[0.545s] Level 5:colcon.colcon_core.verb:set package 'rov_real_description' build argument 'cmake_target' from command line to 'None'
[0.545s] Level 5:colcon.colcon_core.verb:set package 'rov_real_description' build argument 'cmake_target_skip_unavailable' from command line to 'False'
[0.545s] Level 5:colcon.colcon_core.verb:set package 'rov_real_description' build argument 'cmake_clean_cache' from command line to 'False'
[0.545s] Level 5:colcon.colcon_core.verb:set package 'rov_real_description' build argument 'cmake_clean_first' from command line to 'False'
[0.545s] Level 5:colcon.colcon_core.verb:set package 'rov_real_description' build argument 'cmake_force_configure' from command line to 'False'
[0.545s] Level 5:colcon.colcon_core.verb:set package 'rov_real_description' build argument 'ament_cmake_args' from command line to 'None'
[0.545s] Level 5:colcon.colcon_core.verb:set package 'rov_real_description' build argument 'catkin_cmake_args' from command line to 'None'
[0.545s] Level 5:colcon.colcon_core.verb:set package 'rov_real_description' build argument 'catkin_skip_building_tests' from command line to 'False'
[0.545s] DEBUG:colcon.colcon_core.verb:Building package 'rov_real_description' with the following arguments: {'ament_cmake_args': None, 'build_base': '/home/eia/rbi_2025/rov/rov_ws/build/rov_real_description', 'catkin_cmake_args': None, 'catkin_skip_building_tests': False, 'cmake_args': None, 'cmake_clean_cache': False, 'cmake_clean_first': False, 'cmake_force_configure': False, 'cmake_target': None, 'cmake_target_skip_unavailable': False, 'install_base': '/home/eia/rbi_2025/rov/rov_ws/install/rov_real_description', 'merge_install': False, 'path': '/home/eia/rbi_2025/rov/rov_ws/src/rov_real_description', 'symlink_install': True, 'test_result_base': None}
[0.545s] INFO:colcon.colcon_core.executor:Executing jobs using 'parallel' executor
[0.546s] DEBUG:colcon.colcon_parallel_executor.executor.parallel:run_until_complete
[0.547s] INFO:colcon.colcon_ros.task.ament_python.build:Building ROS package in '/home/eia/rbi_2025/rov/rov_ws/src/direct_control' with build type 'ament_python'
[0.547s] Level 1:colcon.colcon_core.shell:create_environment_hook('direct_control', 'ament_prefix_path')
[0.549s] INFO:colcon.colcon_core.plugin_system:Skipping extension 'colcon_core.shell.bat': Not used on non-Windows systems
[0.550s] INFO:colcon.colcon_core.shell:Creating environment hook '/home/eia/rbi_2025/rov/rov_ws/install/direct_control/share/direct_control/hook/ament_prefix_path.ps1'
[0.550s] INFO:colcon.colcon_core.shell:Creating environment descriptor '/home/eia/rbi_2025/rov/rov_ws/install/direct_control/share/direct_control/hook/ament_prefix_path.dsv'
[0.551s] INFO:colcon.colcon_core.shell:Creating environment hook '/home/eia/rbi_2025/rov/rov_ws/install/direct_control/share/direct_control/hook/ament_prefix_path.sh'
[0.552s] INFO:colcon.colcon_core.shell:Skip shell extension 'powershell' for command environment: Not usable outside of PowerShell
[0.552s] DEBUG:colcon.colcon_core.shell:Skip shell extension 'dsv' for command environment
[0.556s] INFO:colcon.colcon_ros.task.ament_python.build:Building ROS package in '/home/eia/rbi_2025/rov/rov_ws/src/rov_attitude_controller' with build type 'ament_python'
[0.556s] Level 1:colcon.colcon_core.shell:create_environment_hook('rov_attitude_controller', 'ament_prefix_path')
[0.556s] INFO:colcon.colcon_core.shell:Creating environment hook '/home/eia/rbi_2025/rov/rov_ws/install/rov_attitude_controller/share/rov_attitude_controller/hook/ament_prefix_path.ps1'
[0.557s] INFO:colcon.colcon_core.shell:Creating environment descriptor '/home/eia/rbi_2025/rov/rov_ws/install/rov_attitude_controller/share/rov_attitude_controller/hook/ament_prefix_path.dsv'
[0.557s] INFO:colcon.colcon_core.shell:Creating environment hook '/home/eia/rbi_2025/rov/rov_ws/install/rov_attitude_controller/share/rov_attitude_controller/hook/ament_prefix_path.sh'
[0.558s] INFO:colcon.colcon_core.shell:Skip shell extension 'powershell' for command environment: Not usable outside of PowerShell
[0.558s] DEBUG:colcon.colcon_core.shell:Skip shell extension 'dsv' for command environment
[0.562s] INFO:colcon.colcon_ros.task.ament_cmake.build:Building ROS package in '/home/eia/rbi_2025/rov/rov_ws/src/rov_controllers' with build type 'ament_cmake'
[0.562s] INFO:colcon.colcon_cmake.task.cmake.build:Building CMake package in '/home/eia/rbi_2025/rov/rov_ws/src/rov_controllers'
[0.562s] INFO:colcon.colcon_core.shell:Skip shell extension 'powershell' for command environment: Not usable outside of PowerShell
[0.562s] DEBUG:colcon.colcon_core.shell:Skip shell extension 'dsv' for command environment
[0.567s] INFO:colcon.colcon_ros.task.ament_cmake.build:Building ROS package in '/home/eia/rbi_2025/rov/rov_ws/src/rov_hardware_interface' with build type 'ament_cmake'
[0.567s] INFO:colcon.colcon_cmake.task.cmake.build:Building CMake package in '/home/eia/rbi_2025/rov/rov_ws/src/rov_hardware_interface'
[0.568s] INFO:colcon.colcon_core.shell:Skip shell extension 'powershell' for command environment: Not usable outside of PowerShell
[0.568s] DEBUG:colcon.colcon_core.shell:Skip shell extension 'dsv' for command environment
[0.572s] INFO:colcon.colcon_ros.task.ament_cmake.build:Building ROS package in '/home/eia/rbi_2025/rov/rov_ws/src/rov_mujoco_bringup' with build type 'ament_cmake'
[0.572s] INFO:colcon.colcon_cmake.task.cmake.build:Building CMake package in '/home/eia/rbi_2025/rov/rov_ws/src/rov_mujoco_bringup'
[0.572s] INFO:colcon.colcon_core.shell:Skip shell extension 'powershell' for command environment: Not usable outside of PowerShell
[0.572s] DEBUG:colcon.colcon_core.shell:Skip shell extension 'dsv' for command environment
[0.576s] INFO:colcon.colcon_ros.task.ament_cmake.build:Building ROS package in '/home/eia/rbi_2025/rov/rov_ws/src/rov_mujoco_description' with build type 'ament_cmake'
[0.577s] INFO:colcon.colcon_cmake.task.cmake.build:Building CMake package in '/home/eia/rbi_2025/rov/rov_ws/src/rov_mujoco_description'
[0.577s] INFO:colcon.colcon_core.shell:Skip shell extension 'powershell' for command environment: Not usable outside of PowerShell
[0.577s] DEBUG:colcon.colcon_core.shell:Skip shell extension 'dsv' for command environment
[0.581s] INFO:colcon.colcon_ros.task.ament_cmake.build:Building ROS package in '/home/eia/rbi_2025/rov/rov_ws/src/rov_mujoco_sim' with build type 'ament_cmake'
[0.581s] INFO:colcon.colcon_cmake.task.cmake.build:Building CMake package in '/home/eia/rbi_2025/rov/rov_ws/src/rov_mujoco_sim'
[0.582s] INFO:colcon.colcon_core.shell:Skip shell extension 'powershell' for command environment: Not usable outside of PowerShell
[0.582s] DEBUG:colcon.colcon_core.shell:Skip shell extension 'dsv' for command environment
[0.586s] INFO:colcon.colcon_ros.task.ament_python.build:Building ROS package in '/home/eia/rbi_2025/rov/rov_ws/src/rov_path_follower' with build type 'ament_python'
[0.586s] Level 1:colcon.colcon_core.shell:create_environment_hook('rov_path_follower', 'ament_prefix_path')
[0.587s] INFO:colcon.colcon_core.shell:Creating environment hook '/home/eia/rbi_2025/rov/rov_ws/install/rov_path_follower/share/rov_path_follower/hook/ament_prefix_path.ps1'
[0.587s] INFO:colcon.colcon_core.shell:Creating environment descriptor '/home/eia/rbi_2025/rov/rov_ws/install/rov_path_follower/share/rov_path_follower/hook/ament_prefix_path.dsv'
[0.588s] INFO:colcon.colcon_core.shell:Creating environment hook '/home/eia/rbi_2025/rov/rov_ws/install/rov_path_follower/share/rov_path_follower/hook/ament_prefix_path.sh'
[0.589s] INFO:colcon.colcon_core.shell:Skip shell extension 'powershell' for command environment: Not usable outside of PowerShell
[0.589s] DEBUG:colcon.colcon_core.shell:Skip shell extension 'dsv' for command environment
[0.593s] INFO:colcon.colcon_ros.task.ament_python.build:Building ROS package in '/home/eia/rbi_2025/rov/rov_ws/src/rov_path_generator' with build type 'ament_python'
[0.593s] Level 1:colcon.colcon_core.shell:create_environment_hook('rov_path_generator', 'ament_prefix_path')
[0.594s] INFO:colcon.colcon_core.shell:Creating environment hook '/home/eia/rbi_2025/rov/rov_ws/install/rov_path_generator/share/rov_path_generator/hook/ament_prefix_path.ps1'
[0.594s] INFO:colcon.colcon_core.shell:Creating environment descriptor '/home/eia/rbi_2025/rov/rov_ws/install/rov_path_generator/share/rov_path_generator/hook/ament_prefix_path.dsv'
[0.595s] INFO:colcon.colcon_core.shell:Creating environment hook '/home/eia/rbi_2025/rov/rov_ws/install/rov_path_generator/share/rov_path_generator/hook/ament_prefix_path.sh'
[0.595s] INFO:colcon.colcon_core.shell:Skip shell extension 'powershell' for command environment: Not usable outside of PowerShell
[0.595s] DEBUG:colcon.colcon_core.shell:Skip shell extension 'dsv' for command environment
[0.599s] INFO:colcon.colcon_ros.task.ament_python.build:Building ROS package in '/home/eia/rbi_2025/rov/rov_ws/src/rov_position_controller' with build type 'ament_python'
[0.600s] Level 1:colcon.colcon_core.shell:create_environment_hook('rov_position_controller', 'ament_prefix_path')
[0.600s] INFO:colcon.colcon_core.shell:Creating environment hook '/home/eia/rbi_2025/rov/rov_ws/install/rov_position_controller/share/rov_position_controller/hook/ament_prefix_path.ps1'
[0.600s] INFO:colcon.colcon_core.shell:Creating environment descriptor '/home/eia/rbi_2025/rov/rov_ws/install/rov_position_controller/share/rov_position_controller/hook/ament_prefix_path.dsv'
[0.601s] INFO:colcon.colcon_core.shell:Creating environment hook '/home/eia/rbi_2025/rov/rov_ws/install/rov_position_controller/share/rov_position_controller/hook/ament_prefix_path.sh'
[0.602s] INFO:colcon.colcon_core.shell:Skip shell extension 'powershell' for command environment: Not usable outside of PowerShell
[0.602s] DEBUG:colcon.colcon_core.shell:Skip shell extension 'dsv' for command environment
[0.607s] INFO:colcon.colcon_ros.task.ament_cmake.build:Building ROS package in '/home/eia/rbi_2025/rov/rov_ws/src/rov_real_bringup' with build type 'ament_cmake'
[0.607s] INFO:colcon.colcon_cmake.task.cmake.build:Building CMake package in '/home/eia/rbi_2025/rov/rov_ws/src/rov_real_bringup'
[0.607s] INFO:colcon.colcon_core.shell:Skip shell extension 'powershell' for command environment: Not usable outside of PowerShell
[0.607s] DEBUG:colcon.colcon_core.shell:Skip shell extension 'dsv' for command environment
[0.612s] INFO:colcon.colcon_ros.task.ament_cmake.build:Building ROS package in '/home/eia/rbi_2025/rov/rov_ws/src/rov_real_description' with build type 'ament_cmake'
[0.612s] INFO:colcon.colcon_cmake.task.cmake.build:Building CMake package in '/home/eia/rbi_2025/rov/rov_ws/src/rov_real_description'
[0.612s] INFO:colcon.colcon_core.shell:Skip shell extension 'powershell' for command environment: Not usable outside of PowerShell
[0.612s] DEBUG:colcon.colcon_core.shell:Skip shell extension 'dsv' for command environment
[1.102s] INFO:colcon.colcon_core.task.python.build:Building Python package in '/home/eia/rbi_2025/rov/rov_ws/src/direct_control'
[1.102s] INFO:colcon.colcon_core.shell:Skip shell extension 'powershell' for command environment: Not usable outside of PowerShell
[1.102s] DEBUG:colcon.colcon_core.shell:Skip shell extension 'dsv' for command environment
[1.547s] INFO:colcon.colcon_core.task.python.build:Building Python package in '/home/eia/rbi_2025/rov/rov_ws/src/rov_attitude_controller'
[1.548s] INFO:colcon.colcon_core.shell:Skip shell extension 'powershell' for command environment: Not usable outside of PowerShell
[1.548s] DEBUG:colcon.colcon_core.shell:Skip shell extension 'dsv' for command environment
[1.557s] DEBUG:colcon.colcon_core.event_handler.log_command:Invoking command in '/home/eia/rbi_2025/rov/rov_ws/build/rov_controllers': CMAKE_PREFIX_PATH=${CMAKE_PREFIX_PATH}:/home/eia/repo/rbi_2025_2/rov/rov_ws/install/rov_position_controller:/home/eia/repo/rbi_2025_2/rov/rov_ws/install/rov_path_generator:/home/eia/repo/rbi_2025_2/rov/rov_ws/install/rov_path_follower:/home/eia/repo/rbi_2025_2/rov/rov_ws/install/rov_attitude_controller:/home/eia/repo/rbi_2025_2/rov/rov_ws/install/direct_control:/opt/ros/humble /usr/bin/cmake --build /home/eia/rbi_2025/rov/rov_ws/build/rov_controllers -- -j12 -l12
[1.560s] DEBUG:colcon.colcon_core.event_handler.log_command:Invoking command in '/home/eia/rbi_2025/rov/rov_ws/build/rov_hardware_interface': CMAKE_PREFIX_PATH=${CMAKE_PREFIX_PATH}:/home/eia/repo/rbi_2025_2/rov/rov_ws/install/rov_position_controller:/home/eia/repo/rbi_2025_2/rov/rov_ws/install/rov_path_generator:/home/eia/repo/rbi_2025_2/rov/rov_ws/install/rov_path_follower:/home/eia/repo/rbi_2025_2/rov/rov_ws/install/rov_attitude_controller:/home/eia/repo/rbi_2025_2/rov/rov_ws/install/direct_control:/opt/ros/humble /usr/bin/cmake --build /home/eia/rbi_2025/rov/rov_ws/build/rov_hardware_interface -- -j12 -l12
[1.563s] DEBUG:colcon.colcon_core.event_handler.log_command:Invoking command in '/home/eia/rbi_2025/rov/rov_ws/build/rov_mujoco_bringup': CMAKE_PREFIX_PATH=${CMAKE_PREFIX_PATH}:/home/eia/repo/rbi_2025_2/rov/rov_ws/install/rov_position_controller:/home/eia/repo/rbi_2025_2/rov/rov_ws/install/rov_path_generator:/home/eia/repo/rbi_2025_2/rov/rov_ws/install/rov_path_follower:/home/eia/repo/rbi_2025_2/rov/rov_ws/install/rov_attitude_controller:/home/eia/repo/rbi_2025_2/rov/rov_ws/install/direct_control:/opt/ros/humble /usr/bin/cmake --build /home/eia/rbi_2025/rov/rov_ws/build/rov_mujoco_bringup -- -j12 -l12
[1.567s] DEBUG:colcon.colcon_core.event_handler.log_command:Invoking command in '/home/eia/rbi_2025/rov/rov_ws/build/rov_mujoco_description': CMAKE_PREFIX_PATH=${CMAKE_PREFIX_PATH}:/home/eia/repo/rbi_2025_2/rov/rov_ws/install/rov_position_controller:/home/eia/repo/rbi_2025_2/rov/rov_ws/install/rov_path_generator:/home/eia/repo/rbi_2025_2/rov/rov_ws/install/rov_path_follower:/home/eia/repo/rbi_2025_2/rov/rov_ws/install/rov_attitude_controller:/home/eia/repo/rbi_2025_2/rov/rov_ws/install/direct_control:/opt/ros/humble /usr/bin/cmake --build /home/eia/rbi_2025/rov/rov_ws/build/rov_mujoco_description -- -j12 -l12
[1.571s] DEBUG:colcon.colcon_core.event_handler.log_command:Invoking command in '/home/eia/rbi_2025/rov/rov_ws/build/rov_mujoco_sim': CMAKE_PREFIX_PATH=${CMAKE_PREFIX_PATH}:/home/eia/repo/rbi_2025_2/rov/rov_ws/install/rov_position_controller:/home/eia/repo/rbi_2025_2/rov/rov_ws/install/rov_path_generator:/home/eia/repo/rbi_2025_2/rov/rov_ws/install/rov_path_follower:/home/eia/repo/rbi_2025_2/rov/rov_ws/install/rov_attitude_controller:/home/eia/repo/rbi_2025_2/rov/rov_ws/install/direct_control:/opt/ros/humble /usr/bin/cmake --build /home/eia/rbi_2025/rov/rov_ws/build/rov_mujoco_sim -- -j12 -l12
[2.159s] INFO:colcon.colcon_core.task.python.build:Building Python package in '/home/eia/rbi_2025/rov/rov_ws/src/rov_path_follower'
[2.159s] INFO:colcon.colcon_core.shell:Skip shell extension 'powershell' for command environment: Not usable outside of PowerShell
[2.159s] DEBUG:colcon.colcon_core.shell:Skip shell extension 'dsv' for command environment
[2.803s] INFO:colcon.colcon_core.task.python.build:Building Python package in '/home/eia/rbi_2025/rov/rov_ws/src/rov_path_generator'
[2.804s] INFO:colcon.colcon_core.shell:Skip shell extension 'powershell' for command environment: Not usable outside of PowerShell
[2.804s] DEBUG:colcon.colcon_core.shell:Skip shell extension 'dsv' for command environment
[3.390s] INFO:colcon.colcon_core.task.python.build:Building Python package in '/home/eia/rbi_2025/rov/rov_ws/src/rov_position_controller'
[3.390s] INFO:colcon.colcon_core.shell:Skip shell extension 'powershell' for command environment: Not usable outside of PowerShell
[3.390s] DEBUG:colcon.colcon_core.shell:Skip shell extension 'dsv' for command environment
[3.404s] DEBUG:colcon.colcon_core.event_handler.log_command:Invoking command in '/home/eia/rbi_2025/rov/rov_ws/build/rov_real_bringup': CMAKE_PREFIX_PATH=${CMAKE_PREFIX_PATH}:/home/eia/repo/rbi_2025_2/rov/rov_ws/install/rov_position_controller:/home/eia/repo/rbi_2025_2/rov/rov_ws/install/rov_path_generator:/home/eia/repo/rbi_2025_2/rov/rov_ws/install/rov_path_follower:/home/eia/repo/rbi_2025_2/rov/rov_ws/install/rov_attitude_controller:/home/eia/repo/rbi_2025_2/rov/rov_ws/install/direct_control:/opt/ros/humble /usr/bin/cmake --build /home/eia/rbi_2025/rov/rov_ws/build/rov_real_bringup -- -j12 -l12
[3.410s] DEBUG:colcon.colcon_core.event_handler.log_command:Invoking command in '/home/eia/rbi_2025/rov/rov_ws/build/rov_real_description': CMAKE_PREFIX_PATH=${CMAKE_PREFIX_PATH}:/home/eia/repo/rbi_2025_2/rov/rov_ws/install/rov_position_controller:/home/eia/repo/rbi_2025_2/rov/rov_ws/install/rov_path_generator:/home/eia/repo/rbi_2025_2/rov/rov_ws/install/rov_path_follower:/home/eia/repo/rbi_2025_2/rov/rov_ws/install/rov_attitude_controller:/home/eia/repo/rbi_2025_2/rov/rov_ws/install/direct_control:/opt/ros/humble /usr/bin/cmake --build /home/eia/rbi_2025/rov/rov_ws/build/rov_real_description -- -j12 -l12
[3.420s] DEBUG:colcon.colcon_core.event_handler.log_command:Invoked command in '/home/eia/rbi_2025/rov/rov_ws/build/rov_mujoco_bringup' returned '0': CMAKE_PREFIX_PATH=${CMAKE_PREFIX_PATH}:/home/eia/repo/rbi_2025_2/rov/rov_ws/install/rov_position_controller:/home/eia/repo/rbi_2025_2/rov/rov_ws/install/rov_path_generator:/home/eia/repo/rbi_2025_2/rov/rov_ws/install/rov_path_follower:/home/eia/repo/rbi_2025_2/rov/rov_ws/install/rov_attitude_controller:/home/eia/repo/rbi_2025_2/rov/rov_ws/install/direct_control:/opt/ros/humble /usr/bin/cmake --build /home/eia/rbi_2025/rov/rov_ws/build/rov_mujoco_bringup -- -j12 -l12
[3.439s] DEBUG:colcon.colcon_core.event_handler.log_command:Invoking command in '/home/eia/rbi_2025/rov/rov_ws/build/rov_mujoco_bringup': CMAKE_PREFIX_PATH=${CMAKE_PREFIX_PATH}:/home/eia/repo/rbi_2025_2/rov/rov_ws/install/rov_position_controller:/home/eia/repo/rbi_2025_2/rov/rov_ws/install/rov_path_generator:/home/eia/repo/rbi_2025_2/rov/rov_ws/install/rov_path_follower:/home/eia/repo/rbi_2025_2/rov/rov_ws/install/rov_attitude_controller:/home/eia/repo/rbi_2025_2/rov/rov_ws/install/direct_control:/opt/ros/humble /usr/bin/cmake --install /home/eia/rbi_2025/rov/rov_ws/build/rov_mujoco_bringup
[3.442s] DEBUG:colcon.colcon_core.event_handler.log_command:Invoked command in '/home/eia/rbi_2025/rov/rov_ws/build/rov_mujoco_description' returned '0': CMAKE_PREFIX_PATH=${CMAKE_PREFIX_PATH}:/home/eia/repo/rbi_2025_2/rov/rov_ws/install/rov_position_controller:/home/eia/repo/rbi_2025_2/rov/rov_ws/install/rov_path_generator:/home/eia/repo/rbi_2025_2/rov/rov_ws/install/rov_path_follower:/home/eia/repo/rbi_2025_2/rov/rov_ws/install/rov_attitude_controller:/home/eia/repo/rbi_2025_2/rov/rov_ws/install/direct_control:/opt/ros/humble /usr/bin/cmake --build /home/eia/rbi_2025/rov/rov_ws/build/rov_mujoco_description -- -j12 -l12
[3.446s] DEBUG:colcon.colcon_core.event_handler.log_command:Invoking command in '/home/eia/rbi_2025/rov/rov_ws/build/rov_mujoco_description': CMAKE_PREFIX_PATH=${CMAKE_PREFIX_PATH}:/home/eia/repo/rbi_2025_2/rov/rov_ws/install/rov_position_controller:/home/eia/repo/rbi_2025_2/rov/rov_ws/install/rov_path_generator:/home/eia/repo/rbi_2025_2/rov/rov_ws/install/rov_path_follower:/home/eia/repo/rbi_2025_2/rov/rov_ws/install/rov_attitude_controller:/home/eia/repo/rbi_2025_2/rov/rov_ws/install/direct_control:/opt/ros/humble /usr/bin/cmake --install /home/eia/rbi_2025/rov/rov_ws/build/rov_mujoco_description
[3.488s] Level 1:colcon.colcon_core.environment:create_environment_scripts_only(rov_mujoco_bringup)
[3.496s] DEBUG:colcon.colcon_core.event_handler.log_command:Invoked command in '/home/eia/rbi_2025/rov/rov_ws/build/rov_mujoco_bringup' returned '0': CMAKE_PREFIX_PATH=${CMAKE_PREFIX_PATH}:/home/eia/repo/rbi_2025_2/rov/rov_ws/install/rov_position_controller:/home/eia/repo/rbi_2025_2/rov/rov_ws/install/rov_path_generator:/home/eia/repo/rbi_2025_2/rov/rov_ws/install/rov_path_follower:/home/eia/repo/rbi_2025_2/rov/rov_ws/install/rov_attitude_controller:/home/eia/repo/rbi_2025_2/rov/rov_ws/install/direct_control:/opt/ros/humble /usr/bin/cmake --install /home/eia/rbi_2025/rov/rov_ws/build/rov_mujoco_bringup
[3.512s] Level 1:colcon.colcon_core.environment:checking '/home/eia/rbi_2025/rov/rov_ws/install/rov_mujoco_bringup' for CMake module files
[3.513s] Level 1:colcon.colcon_core.environment:checking '/home/eia/rbi_2025/rov/rov_ws/install/rov_mujoco_bringup' for CMake config files
[3.519s] Level 1:colcon.colcon_core.shell:create_environment_hook('rov_mujoco_bringup', 'cmake_prefix_path')
[3.520s] INFO:colcon.colcon_core.shell:Creating environment hook '/home/eia/rbi_2025/rov/rov_ws/install/rov_mujoco_bringup/share/rov_mujoco_bringup/hook/cmake_prefix_path.ps1'
[3.521s] INFO:colcon.colcon_core.shell:Creating environment descriptor '/home/eia/rbi_2025/rov/rov_ws/install/rov_mujoco_bringup/share/rov_mujoco_bringup/hook/cmake_prefix_path.dsv'
[3.521s] INFO:colcon.colcon_core.shell:Creating environment hook '/home/eia/rbi_2025/rov/rov_ws/install/rov_mujoco_bringup/share/rov_mujoco_bringup/hook/cmake_prefix_path.sh'
[3.531s] Level 1:colcon.colcon_core.environment:checking '/home/eia/rbi_2025/rov/rov_ws/install/rov_mujoco_bringup/bin'
[3.532s] Level 1:colcon.colcon_core.environment:checking '/home/eia/rbi_2025/rov/rov_ws/install/rov_mujoco_bringup/lib/pkgconfig/rov_mujoco_bringup.pc'
[3.532s] Level 1:colcon.colcon_core.environment:checking '/home/eia/rbi_2025/rov/rov_ws/install/rov_mujoco_bringup/lib/python3.10/site-packages'
[3.532s] Level 1:colcon.colcon_core.environment:checking '/home/eia/rbi_2025/rov/rov_ws/install/rov_mujoco_bringup/bin'
[3.533s] INFO:colcon.colcon_core.shell:Creating package script '/home/eia/rbi_2025/rov/rov_ws/install/rov_mujoco_bringup/share/rov_mujoco_bringup/package.ps1'
[3.535s] INFO:colcon.colcon_core.shell:Creating package descriptor '/home/eia/rbi_2025/rov/rov_ws/install/rov_mujoco_bringup/share/rov_mujoco_bringup/package.dsv'
[3.536s] INFO:colcon.colcon_core.shell:Creating package script '/home/eia/rbi_2025/rov/rov_ws/install/rov_mujoco_bringup/share/rov_mujoco_bringup/package.sh'
[3.541s] INFO:colcon.colcon_core.shell:Creating package script '/home/eia/rbi_2025/rov/rov_ws/install/rov_mujoco_bringup/share/rov_mujoco_bringup/package.bash'
[3.543s] INFO:colcon.colcon_core.shell:Creating package script '/home/eia/rbi_2025/rov/rov_ws/install/rov_mujoco_bringup/share/rov_mujoco_bringup/package.zsh'
[3.544s] Level 1:colcon.colcon_core.environment:create_file_with_runtime_dependencies(/home/eia/rbi_2025/rov/rov_ws/install/rov_mujoco_bringup/share/colcon-core/packages/rov_mujoco_bringup)
[3.549s] Level 1:colcon.colcon_core.environment:create_environment_scripts_only(rov_mujoco_bringup)
[3.550s] Level 1:colcon.colcon_core.environment:checking '/home/eia/rbi_2025/rov/rov_ws/install/rov_mujoco_bringup' for CMake module files
[3.555s] Level 1:colcon.colcon_core.environment:checking '/home/eia/rbi_2025/rov/rov_ws/install/rov_mujoco_bringup' for CMake config files
[3.555s] Level 1:colcon.colcon_core.shell:create_environment_hook('rov_mujoco_bringup', 'cmake_prefix_path')
[3.556s] INFO:colcon.colcon_core.shell:Creating environment hook '/home/eia/rbi_2025/rov/rov_ws/install/rov_mujoco_bringup/share/rov_mujoco_bringup/hook/cmake_prefix_path.ps1'
[3.560s] INFO:colcon.colcon_core.shell:Creating environment descriptor '/home/eia/rbi_2025/rov/rov_ws/install/rov_mujoco_bringup/share/rov_mujoco_bringup/hook/cmake_prefix_path.dsv'
[3.561s] INFO:colcon.colcon_core.shell:Creating environment hook '/home/eia/rbi_2025/rov/rov_ws/install/rov_mujoco_bringup/share/rov_mujoco_bringup/hook/cmake_prefix_path.sh'
[3.562s] Level 1:colcon.colcon_core.environment:checking '/home/eia/rbi_2025/rov/rov_ws/install/rov_mujoco_bringup/bin'
[3.563s] Level 1:colcon.colcon_core.environment:checking '/home/eia/rbi_2025/rov/rov_ws/install/rov_mujoco_bringup/lib/pkgconfig/rov_mujoco_bringup.pc'
[3.563s] Level 1:colcon.colcon_core.environment:checking '/home/eia/rbi_2025/rov/rov_ws/install/rov_mujoco_bringup/lib/python3.10/site-packages'
[3.563s] Level 1:colcon.colcon_core.environment:checking '/home/eia/rbi_2025/rov/rov_ws/install/rov_mujoco_bringup/bin'
[3.564s] INFO:colcon.colcon_core.shell:Creating package script '/home/eia/rbi_2025/rov/rov_ws/install/rov_mujoco_bringup/share/rov_mujoco_bringup/package.ps1'
[3.568s] INFO:colcon.colcon_core.shell:Creating package descriptor '/home/eia/rbi_2025/rov/rov_ws/install/rov_mujoco_bringup/share/rov_mujoco_bringup/package.dsv'
[3.569s] INFO:colcon.colcon_core.shell:Creating package script '/home/eia/rbi_2025/rov/rov_ws/install/rov_mujoco_bringup/share/rov_mujoco_bringup/package.sh'
[3.575s] INFO:colcon.colcon_core.shell:Creating package script '/home/eia/rbi_2025/rov/rov_ws/install/rov_mujoco_bringup/share/rov_mujoco_bringup/package.bash'
[3.576s] INFO:colcon.colcon_core.shell:Creating package script '/home/eia/rbi_2025/rov/rov_ws/install/rov_mujoco_bringup/share/rov_mujoco_bringup/package.zsh'
[3.577s] Level 1:colcon.colcon_core.environment:create_file_with_runtime_dependencies(/home/eia/rbi_2025/rov/rov_ws/install/rov_mujoco_bringup/share/colcon-core/packages/rov_mujoco_bringup)
[3.586s] DEBUG:colcon.colcon_core.event_handler.log_command:Invoked command in '/home/eia/rbi_2025/rov/rov_ws/build/rov_real_description' returned '0': CMAKE_PREFIX_PATH=${CMAKE_PREFIX_PATH}:/home/eia/repo/rbi_2025_2/rov/rov_ws/install/rov_position_controller:/home/eia/repo/rbi_2025_2/rov/rov_ws/install/rov_path_generator:/home/eia/repo/rbi_2025_2/rov/rov_ws/install/rov_path_follower:/home/eia/repo/rbi_2025_2/rov/rov_ws/install/rov_attitude_controller:/home/eia/repo/rbi_2025_2/rov/rov_ws/install/direct_control:/opt/ros/humble /usr/bin/cmake --build /home/eia/rbi_2025/rov/rov_ws/build/rov_real_description -- -j12 -l12
[3.587s] DEBUG:colcon.colcon_core.event_handler.log_command:Invoking command in '/home/eia/rbi_2025/rov/rov_ws/build/rov_real_description': CMAKE_PREFIX_PATH=${CMAKE_PREFIX_PATH}:/home/eia/repo/rbi_2025_2/rov/rov_ws/install/rov_position_controller:/home/eia/repo/rbi_2025_2/rov/rov_ws/install/rov_path_generator:/home/eia/repo/rbi_2025_2/rov/rov_ws/install/rov_path_follower:/home/eia/repo/rbi_2025_2/rov/rov_ws/install/rov_attitude_controller:/home/eia/repo/rbi_2025_2/rov/rov_ws/install/direct_control:/opt/ros/humble /usr/bin/cmake --install /home/eia/rbi_2025/rov/rov_ws/build/rov_real_description
[3.597s] DEBUG:colcon.colcon_core.event_handler.log_command:Invoked command in '/home/eia/rbi_2025/rov/rov_ws/build/rov_real_bringup' returned '0': CMAKE_PREFIX_PATH=${CMAKE_PREFIX_PATH}:/home/eia/repo/rbi_2025_2/rov/rov_ws/install/rov_position_controller:/home/eia/repo/rbi_2025_2/rov/rov_ws/install/rov_path_generator:/home/eia/repo/rbi_2025_2/rov/rov_ws/install/rov_path_follower:/home/eia/repo/rbi_2025_2/rov/rov_ws/install/rov_attitude_controller:/home/eia/repo/rbi_2025_2/rov/rov_ws/install/direct_control:/opt/ros/humble /usr/bin/cmake --build /home/eia/rbi_2025/rov/rov_ws/build/rov_real_bringup -- -j12 -l12
[3.597s] DEBUG:colcon.colcon_core.event_handler.log_command:Invoking command in '/home/eia/rbi_2025/rov/rov_ws/build/rov_real_bringup': CMAKE_PREFIX_PATH=${CMAKE_PREFIX_PATH}:/home/eia/repo/rbi_2025_2/rov/rov_ws/install/rov_position_controller:/home/eia/repo/rbi_2025_2/rov/rov_ws/install/rov_path_generator:/home/eia/repo/rbi_2025_2/rov/rov_ws/install/rov_path_follower:/home/eia/repo/rbi_2025_2/rov/rov_ws/install/rov_attitude_controller:/home/eia/repo/rbi_2025_2/rov/rov_ws/install/direct_control:/opt/ros/humble /usr/bin/cmake --install /home/eia/rbi_2025/rov/rov_ws/build/rov_real_bringup
[3.652s] Level 1:colcon.colcon_core.environment:create_environment_scripts_only(rov_real_description)
[3.653s] Level 1:colcon.colcon_core.environment:checking '/home/eia/rbi_2025/rov/rov_ws/install/rov_real_description' for CMake module files
[3.654s] DEBUG:colcon.colcon_core.event_handler.log_command:Invoked command in '/home/eia/rbi_2025/rov/rov_ws/build/rov_real_description' returned '1': CMAKE_PREFIX_PATH=${CMAKE_PREFIX_PATH}:/home/eia/repo/rbi_2025_2/rov/rov_ws/install/rov_position_controller:/home/eia/repo/rbi_2025_2/rov/rov_ws/install/rov_path_generator:/home/eia/repo/rbi_2025_2/rov/rov_ws/install/rov_path_follower:/home/eia/repo/rbi_2025_2/rov/rov_ws/install/rov_attitude_controller:/home/eia/repo/rbi_2025_2/rov/rov_ws/install/direct_control:/opt/ros/humble /usr/bin/cmake --install /home/eia/rbi_2025/rov/rov_ws/build/rov_real_description
[3.658s] Level 1:colcon.colcon_core.environment:checking '/home/eia/rbi_2025/rov/rov_ws/install/rov_real_description' for CMake config files
[3.658s] Level 1:colcon.colcon_core.environment:checking '/home/eia/rbi_2025/rov/rov_ws/install/rov_real_description/bin'
[3.658s] Level 1:colcon.colcon_core.environment:checking '/home/eia/rbi_2025/rov/rov_ws/install/rov_real_description/lib/pkgconfig/rov_real_description.pc'
[3.659s] Level 1:colcon.colcon_core.environment:checking '/home/eia/rbi_2025/rov/rov_ws/install/rov_real_description/lib/python3.10/site-packages'
[3.659s] Level 1:colcon.colcon_core.environment:checking '/home/eia/rbi_2025/rov/rov_ws/install/rov_real_description/bin'
[3.660s] INFO:colcon.colcon_core.shell:Creating package script '/home/eia/rbi_2025/rov/rov_ws/install/rov_real_description/share/rov_real_description/package.ps1'
[3.661s] INFO:colcon.colcon_core.shell:Creating package descriptor '/home/eia/rbi_2025/rov/rov_ws/install/rov_real_description/share/rov_real_description/package.dsv'
[3.662s] INFO:colcon.colcon_core.shell:Creating package script '/home/eia/rbi_2025/rov/rov_ws/install/rov_real_description/share/rov_real_description/package.sh'
[3.663s] INFO:colcon.colcon_core.shell:Creating package script '/home/eia/rbi_2025/rov/rov_ws/install/rov_real_description/share/rov_real_description/package.bash'
[3.663s] INFO:colcon.colcon_core.shell:Creating package script '/home/eia/rbi_2025/rov/rov_ws/install/rov_real_description/share/rov_real_description/package.zsh'
[3.667s] Level 1:colcon.colcon_core.environment:create_file_with_runtime_dependencies(/home/eia/rbi_2025/rov/rov_ws/install/rov_real_description/share/colcon-core/packages/rov_real_description)
[12.714s] DEBUG:colcon.colcon_parallel_executor.executor.parallel:run_until_complete was interrupted
[12.714s] DEBUG:colcon.colcon_parallel_executor.executor.parallel:run_until_complete again
[12.760s] DEBUG:colcon.colcon_parallel_executor.executor.parallel:run_until_complete finished
[12.760s] DEBUG:colcon.colcon_parallel_executor.executor.parallel:closing loop
[12.761s] DEBUG:colcon.colcon_parallel_executor.executor.parallel:loop closed
[12.761s] DEBUG:colcon.colcon_core.event_reactor:joining thread
[12.766s] INFO:colcon.colcon_core.plugin_system:Skipping extension 'colcon_notification.desktop_notification.terminal_notifier': Not used on non-Darwin systems
[12.767s] INFO:colcon.colcon_core.plugin_system:Skipping extension 'colcon_notification.desktop_notification.win32': Not used on non-Windows systems
[12.767s] INFO:colcon.colcon_notification.desktop_notification:Sending desktop notification using 'notify2'
[12.776s] DEBUG:colcon.colcon_core.event_reactor:joined thread
[12.777s] INFO:colcon.colcon_core.shell:Creating prefix script '/home/eia/rbi_2025/rov/rov_ws/install/local_setup.ps1'
[12.778s] INFO:colcon.colcon_core.shell:Creating prefix util module '/home/eia/rbi_2025/rov/rov_ws/install/_local_setup_util_ps1.py'
[12.780s] INFO:colcon.colcon_core.shell:Creating prefix chain script '/home/eia/rbi_2025/rov/rov_ws/install/setup.ps1'
[12.781s] INFO:colcon.colcon_core.shell:Creating prefix script '/home/eia/rbi_2025/rov/rov_ws/install/local_setup.sh'
[12.782s] INFO:colcon.colcon_core.shell:Creating prefix util module '/home/eia/rbi_2025/rov/rov_ws/install/_local_setup_util_sh.py'
[12.783s] INFO:colcon.colcon_core.shell:Creating prefix chain script '/home/eia/rbi_2025/rov/rov_ws/install/setup.sh'
[12.784s] INFO:colcon.colcon_core.shell:Creating prefix script '/home/eia/rbi_2025/rov/rov_ws/install/local_setup.bash'
[12.784s] INFO:colcon.colcon_core.shell:Creating prefix chain script '/home/eia/rbi_2025/rov/rov_ws/install/setup.bash'
[12.786s] INFO:colcon.colcon_core.shell:Creating prefix script '/home/eia/rbi_2025/rov/rov_ws/install/local_setup.zsh'
[12.786s] INFO:colcon.colcon_core.shell:Creating prefix chain script '/home/eia/rbi_2025/rov/rov_ws/install/setup.zsh'
