[0.128s] DEBUG:colcon:Command line arguments: ['/home/eia/.local/bin/colcon', 'build', '--symlink-install']
[0.128s] DEBUG:colcon:Parsed command line arguments: Namespace(log_base=None, log_level=None, verb_name='build', build_base='build', install_base='install', merge_install=False, symlink_install=True, test_result_base=None, continue_on_error=False, executor='parallel', parallel_workers=12, event_handlers=None, ignore_user_meta=False, metas=['./colcon.meta'], base_paths=['.'], packages_ignore=None, packages_ignore_regex=None, paths=None, packages_up_to=None, packages_up_to_regex=None, packages_above=None, packages_above_and_dependencies=None, packages_above_depth=None, packages_select_by_dep=None, packages_skip_by_dep=None, packages_skip_up_to=None, packages_select_build_failed=False, packages_skip_build_finished=False, packages_select_test_failures=False, packages_skip_test_passed=False, packages_select=None, packages_skip=None, packages_select_regex=None, packages_skip_regex=None, packages_start=None, packages_end=None, cmake_args=None, cmake_target=None, cmake_target_skip_unavailable=False, cmake_clean_cache=False, cmake_clean_first=False, cmake_force_configure=False, ament_cmake_args=None, catkin_cmake_args=None, catkin_skip_building_tests=False, verb_parser=<colcon_defaults.argument_parser.defaults.DefaultArgumentsDecorator object at 0x7ce484a37940>, verb_extension=<colcon_core.verb.build.BuildVerb object at 0x7ce484bf4550>, main=<bound method BuildVerb.main of <colcon_core.verb.build.BuildVerb object at 0x7ce484bf4550>>)
[0.330s] Level 1:colcon.colcon_core.package_discovery:discover_packages(colcon_meta) check parameters
[0.330s] Level 1:colcon.colcon_core.package_discovery:discover_packages(recursive) check parameters
[0.330s] Level 1:colcon.colcon_core.package_discovery:discover_packages(ignore) check parameters
[0.330s] Level 1:colcon.colcon_core.package_discovery:discover_packages(path) check parameters
[0.330s] Level 1:colcon.colcon_core.package_discovery:discover_packages(colcon_meta) discover
[0.330s] Level 1:colcon.colcon_core.package_discovery:discover_packages(recursive) discover
[0.330s] INFO:colcon.colcon_core.package_discovery:Crawling recursively for packages in '/home/eia/repo/rbi_2025_2/scara/scara_ws'
[0.330s] Level 1:colcon.colcon_core.package_identification:_identify(.) by extensions ['ignore', 'ignore_ament_install']
[0.330s] Level 1:colcon.colcon_core.package_identification:_identify(.) by extension 'ignore'
[0.330s] Level 1:colcon.colcon_core.package_identification:_identify(.) by extension 'ignore_ament_install'
[0.330s] Level 1:colcon.colcon_core.package_identification:_identify(.) by extensions ['colcon_pkg']
[0.331s] Level 1:colcon.colcon_core.package_identification:_identify(.) by extension 'colcon_pkg'
[0.331s] Level 1:colcon.colcon_core.package_identification:_identify(.) by extensions ['colcon_meta']
[0.331s] Level 1:colcon.colcon_core.package_identification:_identify(.) by extension 'colcon_meta'
[0.331s] Level 1:colcon.colcon_core.package_identification:_identify(.) by extensions ['ros']
[0.331s] Level 1:colcon.colcon_core.package_identification:_identify(.) by extension 'ros'
[0.355s] Level 1:colcon.colcon_core.package_identification:_identify(.) by extensions ['cmake', 'python']
[0.356s] Level 1:colcon.colcon_core.package_identification:_identify(.) by extension 'cmake'
[0.356s] Level 1:colcon.colcon_core.package_identification:_identify(.) by extension 'python'
[0.356s] Level 1:colcon.colcon_core.package_identification:_identify(.) by extensions ['python_setup_py']
[0.356s] Level 1:colcon.colcon_core.package_identification:_identify(.) by extension 'python_setup_py'
[0.356s] Level 1:colcon.colcon_core.package_identification:_identify(build) by extensions ['ignore', 'ignore_ament_install']
[0.356s] Level 1:colcon.colcon_core.package_identification:_identify(build) by extension 'ignore'
[0.356s] Level 1:colcon.colcon_core.package_identification:_identify(build) ignored
[0.357s] Level 1:colcon.colcon_core.package_identification:_identify(install) by extensions ['ignore', 'ignore_ament_install']
[0.357s] Level 1:colcon.colcon_core.package_identification:_identify(install) by extension 'ignore'
[0.357s] Level 1:colcon.colcon_core.package_identification:_identify(install) ignored
[0.357s] Level 1:colcon.colcon_core.package_identification:_identify(log) by extensions ['ignore', 'ignore_ament_install']
[0.357s] Level 1:colcon.colcon_core.package_identification:_identify(log) by extension 'ignore'
[0.357s] Level 1:colcon.colcon_core.package_identification:_identify(log) ignored
[0.357s] Level 1:colcon.colcon_core.package_identification:_identify(mujoco) by extensions ['ignore', 'ignore_ament_install']
[0.358s] Level 1:colcon.colcon_core.package_identification:_identify(mujoco) by extension 'ignore'
[0.358s] Level 1:colcon.colcon_core.package_identification:_identify(mujoco) by extension 'ignore_ament_install'
[0.358s] Level 1:colcon.colcon_core.package_identification:_identify(mujoco) by extensions ['colcon_pkg']
[0.358s] Level 1:colcon.colcon_core.package_identification:_identify(mujoco) by extension 'colcon_pkg'
[0.358s] Level 1:colcon.colcon_core.package_identification:_identify(mujoco) by extensions ['colcon_meta']
[0.358s] Level 1:colcon.colcon_core.package_identification:_identify(mujoco) by extension 'colcon_meta'
[0.358s] Level 1:colcon.colcon_core.package_identification:_identify(mujoco) by extensions ['ros']
[0.358s] Level 1:colcon.colcon_core.package_identification:_identify(mujoco) by extension 'ros'
[0.358s] Level 1:colcon.colcon_core.package_identification:_identify(mujoco) by extensions ['cmake', 'python']
[0.358s] Level 1:colcon.colcon_core.package_identification:_identify(mujoco) by extension 'cmake'
[0.358s] Level 1:colcon.colcon_core.package_identification:_identify(mujoco) by extension 'python'
[0.358s] Level 1:colcon.colcon_core.package_identification:_identify(mujoco) by extensions ['python_setup_py']
[0.359s] Level 1:colcon.colcon_core.package_identification:_identify(mujoco) by extension 'python_setup_py'
[0.359s] Level 1:colcon.colcon_core.package_identification:_identify(mujoco/bin) by extensions ['ignore', 'ignore_ament_install']
[0.359s] Level 1:colcon.colcon_core.package_identification:_identify(mujoco/bin) by extension 'ignore'
[0.359s] Level 1:colcon.colcon_core.package_identification:_identify(mujoco/bin) by extension 'ignore_ament_install'
[0.359s] Level 1:colcon.colcon_core.package_identification:_identify(mujoco/bin) by extensions ['colcon_pkg']
[0.359s] Level 1:colcon.colcon_core.package_identification:_identify(mujoco/bin) by extension 'colcon_pkg'
[0.359s] Level 1:colcon.colcon_core.package_identification:_identify(mujoco/bin) by extensions ['colcon_meta']
[0.359s] Level 1:colcon.colcon_core.package_identification:_identify(mujoco/bin) by extension 'colcon_meta'
[0.359s] Level 1:colcon.colcon_core.package_identification:_identify(mujoco/bin) by extensions ['ros']
[0.359s] Level 1:colcon.colcon_core.package_identification:_identify(mujoco/bin) by extension 'ros'
[0.360s] Level 1:colcon.colcon_core.package_identification:_identify(mujoco/bin) by extensions ['cmake', 'python']
[0.360s] Level 1:colcon.colcon_core.package_identification:_identify(mujoco/bin) by extension 'cmake'
[0.360s] Level 1:colcon.colcon_core.package_identification:_identify(mujoco/bin) by extension 'python'
[0.360s] Level 1:colcon.colcon_core.package_identification:_identify(mujoco/bin) by extensions ['python_setup_py']
[0.360s] Level 1:colcon.colcon_core.package_identification:_identify(mujoco/bin) by extension 'python_setup_py'
[0.360s] Level 1:colcon.colcon_core.package_identification:_identify(mujoco/bin/mujoco_plugin) by extensions ['ignore', 'ignore_ament_install']
[0.360s] Level 1:colcon.colcon_core.package_identification:_identify(mujoco/bin/mujoco_plugin) by extension 'ignore'
[0.360s] Level 1:colcon.colcon_core.package_identification:_identify(mujoco/bin/mujoco_plugin) by extension 'ignore_ament_install'
[0.360s] Level 1:colcon.colcon_core.package_identification:_identify(mujoco/bin/mujoco_plugin) by extensions ['colcon_pkg']
[0.360s] Level 1:colcon.colcon_core.package_identification:_identify(mujoco/bin/mujoco_plugin) by extension 'colcon_pkg'
[0.360s] Level 1:colcon.colcon_core.package_identification:_identify(mujoco/bin/mujoco_plugin) by extensions ['colcon_meta']
[0.360s] Level 1:colcon.colcon_core.package_identification:_identify(mujoco/bin/mujoco_plugin) by extension 'colcon_meta'
[0.361s] Level 1:colcon.colcon_core.package_identification:_identify(mujoco/bin/mujoco_plugin) by extensions ['ros']
[0.361s] Level 1:colcon.colcon_core.package_identification:_identify(mujoco/bin/mujoco_plugin) by extension 'ros'
[0.361s] Level 1:colcon.colcon_core.package_identification:_identify(mujoco/bin/mujoco_plugin) by extensions ['cmake', 'python']
[0.361s] Level 1:colcon.colcon_core.package_identification:_identify(mujoco/bin/mujoco_plugin) by extension 'cmake'
[0.361s] Level 1:colcon.colcon_core.package_identification:_identify(mujoco/bin/mujoco_plugin) by extension 'python'
[0.361s] Level 1:colcon.colcon_core.package_identification:_identify(mujoco/bin/mujoco_plugin) by extensions ['python_setup_py']
[0.361s] Level 1:colcon.colcon_core.package_identification:_identify(mujoco/bin/mujoco_plugin) by extension 'python_setup_py'
[0.361s] Level 1:colcon.colcon_core.package_identification:_identify(mujoco/include) by extensions ['ignore', 'ignore_ament_install']
[0.361s] Level 1:colcon.colcon_core.package_identification:_identify(mujoco/include) by extension 'ignore'
[0.361s] Level 1:colcon.colcon_core.package_identification:_identify(mujoco/include) by extension 'ignore_ament_install'
[0.361s] Level 1:colcon.colcon_core.package_identification:_identify(mujoco/include) by extensions ['colcon_pkg']
[0.361s] Level 1:colcon.colcon_core.package_identification:_identify(mujoco/include) by extension 'colcon_pkg'
[0.361s] Level 1:colcon.colcon_core.package_identification:_identify(mujoco/include) by extensions ['colcon_meta']
[0.361s] Level 1:colcon.colcon_core.package_identification:_identify(mujoco/include) by extension 'colcon_meta'
[0.362s] Level 1:colcon.colcon_core.package_identification:_identify(mujoco/include) by extensions ['ros']
[0.362s] Level 1:colcon.colcon_core.package_identification:_identify(mujoco/include) by extension 'ros'
[0.362s] Level 1:colcon.colcon_core.package_identification:_identify(mujoco/include) by extensions ['cmake', 'python']
[0.362s] Level 1:colcon.colcon_core.package_identification:_identify(mujoco/include) by extension 'cmake'
[0.362s] Level 1:colcon.colcon_core.package_identification:_identify(mujoco/include) by extension 'python'
[0.362s] Level 1:colcon.colcon_core.package_identification:_identify(mujoco/include) by extensions ['python_setup_py']
[0.362s] Level 1:colcon.colcon_core.package_identification:_identify(mujoco/include) by extension 'python_setup_py'
[0.362s] Level 1:colcon.colcon_core.package_identification:_identify(mujoco/include/mujoco) by extensions ['ignore', 'ignore_ament_install']
[0.362s] Level 1:colcon.colcon_core.package_identification:_identify(mujoco/include/mujoco) by extension 'ignore'
[0.362s] Level 1:colcon.colcon_core.package_identification:_identify(mujoco/include/mujoco) by extension 'ignore_ament_install'
[0.362s] Level 1:colcon.colcon_core.package_identification:_identify(mujoco/include/mujoco) by extensions ['colcon_pkg']
[0.362s] Level 1:colcon.colcon_core.package_identification:_identify(mujoco/include/mujoco) by extension 'colcon_pkg'
[0.362s] Level 1:colcon.colcon_core.package_identification:_identify(mujoco/include/mujoco) by extensions ['colcon_meta']
[0.363s] Level 1:colcon.colcon_core.package_identification:_identify(mujoco/include/mujoco) by extension 'colcon_meta'
[0.363s] Level 1:colcon.colcon_core.package_identification:_identify(mujoco/include/mujoco) by extensions ['ros']
[0.363s] Level 1:colcon.colcon_core.package_identification:_identify(mujoco/include/mujoco) by extension 'ros'
[0.363s] Level 1:colcon.colcon_core.package_identification:_identify(mujoco/include/mujoco) by extensions ['cmake', 'python']
[0.363s] Level 1:colcon.colcon_core.package_identification:_identify(mujoco/include/mujoco) by extension 'cmake'
[0.363s] Level 1:colcon.colcon_core.package_identification:_identify(mujoco/include/mujoco) by extension 'python'
[0.363s] Level 1:colcon.colcon_core.package_identification:_identify(mujoco/include/mujoco) by extensions ['python_setup_py']
[0.363s] Level 1:colcon.colcon_core.package_identification:_identify(mujoco/include/mujoco) by extension 'python_setup_py'
[0.363s] Level 1:colcon.colcon_core.package_identification:_identify(mujoco/include/mujoco/experimental) by extensions ['ignore', 'ignore_ament_install']
[0.363s] Level 1:colcon.colcon_core.package_identification:_identify(mujoco/include/mujoco/experimental) by extension 'ignore'
[0.363s] Level 1:colcon.colcon_core.package_identification:_identify(mujoco/include/mujoco/experimental) by extension 'ignore_ament_install'
[0.363s] Level 1:colcon.colcon_core.package_identification:_identify(mujoco/include/mujoco/experimental) by extensions ['colcon_pkg']
[0.363s] Level 1:colcon.colcon_core.package_identification:_identify(mujoco/include/mujoco/experimental) by extension 'colcon_pkg'
[0.363s] Level 1:colcon.colcon_core.package_identification:_identify(mujoco/include/mujoco/experimental) by extensions ['colcon_meta']
[0.364s] Level 1:colcon.colcon_core.package_identification:_identify(mujoco/include/mujoco/experimental) by extension 'colcon_meta'
[0.364s] Level 1:colcon.colcon_core.package_identification:_identify(mujoco/include/mujoco/experimental) by extensions ['ros']
[0.364s] Level 1:colcon.colcon_core.package_identification:_identify(mujoco/include/mujoco/experimental) by extension 'ros'
[0.364s] Level 1:colcon.colcon_core.package_identification:_identify(mujoco/include/mujoco/experimental) by extensions ['cmake', 'python']
[0.364s] Level 1:colcon.colcon_core.package_identification:_identify(mujoco/include/mujoco/experimental) by extension 'cmake'
[0.364s] Level 1:colcon.colcon_core.package_identification:_identify(mujoco/include/mujoco/experimental) by extension 'python'
[0.364s] Level 1:colcon.colcon_core.package_identification:_identify(mujoco/include/mujoco/experimental) by extensions ['python_setup_py']
[0.364s] Level 1:colcon.colcon_core.package_identification:_identify(mujoco/include/mujoco/experimental) by extension 'python_setup_py'
[0.364s] Level 1:colcon.colcon_core.package_identification:_identify(mujoco/include/mujoco/experimental/usd) by extensions ['ignore', 'ignore_ament_install']
[0.364s] Level 1:colcon.colcon_core.package_identification:_identify(mujoco/include/mujoco/experimental/usd) by extension 'ignore'
[0.364s] Level 1:colcon.colcon_core.package_identification:_identify(mujoco/include/mujoco/experimental/usd) by extension 'ignore_ament_install'
[0.364s] Level 1:colcon.colcon_core.package_identification:_identify(mujoco/include/mujoco/experimental/usd) by extensions ['colcon_pkg']
[0.364s] Level 1:colcon.colcon_core.package_identification:_identify(mujoco/include/mujoco/experimental/usd) by extension 'colcon_pkg'
[0.364s] Level 1:colcon.colcon_core.package_identification:_identify(mujoco/include/mujoco/experimental/usd) by extensions ['colcon_meta']
[0.364s] Level 1:colcon.colcon_core.package_identification:_identify(mujoco/include/mujoco/experimental/usd) by extension 'colcon_meta'
[0.365s] Level 1:colcon.colcon_core.package_identification:_identify(mujoco/include/mujoco/experimental/usd) by extensions ['ros']
[0.365s] Level 1:colcon.colcon_core.package_identification:_identify(mujoco/include/mujoco/experimental/usd) by extension 'ros'
[0.365s] Level 1:colcon.colcon_core.package_identification:_identify(mujoco/include/mujoco/experimental/usd) by extensions ['cmake', 'python']
[0.365s] Level 1:colcon.colcon_core.package_identification:_identify(mujoco/include/mujoco/experimental/usd) by extension 'cmake'
[0.365s] Level 1:colcon.colcon_core.package_identification:_identify(mujoco/include/mujoco/experimental/usd) by extension 'python'
[0.365s] Level 1:colcon.colcon_core.package_identification:_identify(mujoco/include/mujoco/experimental/usd) by extensions ['python_setup_py']
[0.365s] Level 1:colcon.colcon_core.package_identification:_identify(mujoco/include/mujoco/experimental/usd) by extension 'python_setup_py'
[0.365s] Level 1:colcon.colcon_core.package_identification:_identify(mujoco/include/mujoco/experimental/usd/mjcPhysics) by extensions ['ignore', 'ignore_ament_install']
[0.365s] Level 1:colcon.colcon_core.package_identification:_identify(mujoco/include/mujoco/experimental/usd/mjcPhysics) by extension 'ignore'
[0.365s] Level 1:colcon.colcon_core.package_identification:_identify(mujoco/include/mujoco/experimental/usd/mjcPhysics) by extension 'ignore_ament_install'
[0.365s] Level 1:colcon.colcon_core.package_identification:_identify(mujoco/include/mujoco/experimental/usd/mjcPhysics) by extensions ['colcon_pkg']
[0.365s] Level 1:colcon.colcon_core.package_identification:_identify(mujoco/include/mujoco/experimental/usd/mjcPhysics) by extension 'colcon_pkg'
[0.365s] Level 1:colcon.colcon_core.package_identification:_identify(mujoco/include/mujoco/experimental/usd/mjcPhysics) by extensions ['colcon_meta']
[0.365s] Level 1:colcon.colcon_core.package_identification:_identify(mujoco/include/mujoco/experimental/usd/mjcPhysics) by extension 'colcon_meta'
[0.365s] Level 1:colcon.colcon_core.package_identification:_identify(mujoco/include/mujoco/experimental/usd/mjcPhysics) by extensions ['ros']
[0.365s] Level 1:colcon.colcon_core.package_identification:_identify(mujoco/include/mujoco/experimental/usd/mjcPhysics) by extension 'ros'
[0.366s] Level 1:colcon.colcon_core.package_identification:_identify(mujoco/include/mujoco/experimental/usd/mjcPhysics) by extensions ['cmake', 'python']
[0.366s] Level 1:colcon.colcon_core.package_identification:_identify(mujoco/include/mujoco/experimental/usd/mjcPhysics) by extension 'cmake'
[0.366s] Level 1:colcon.colcon_core.package_identification:_identify(mujoco/include/mujoco/experimental/usd/mjcPhysics) by extension 'python'
[0.366s] Level 1:colcon.colcon_core.package_identification:_identify(mujoco/include/mujoco/experimental/usd/mjcPhysics) by extensions ['python_setup_py']
[0.366s] Level 1:colcon.colcon_core.package_identification:_identify(mujoco/include/mujoco/experimental/usd/mjcPhysics) by extension 'python_setup_py'
[0.366s] Level 1:colcon.colcon_core.package_identification:_identify(mujoco/lib) by extensions ['ignore', 'ignore_ament_install']
[0.366s] Level 1:colcon.colcon_core.package_identification:_identify(mujoco/lib) by extension 'ignore'
[0.366s] Level 1:colcon.colcon_core.package_identification:_identify(mujoco/lib) by extension 'ignore_ament_install'
[0.366s] Level 1:colcon.colcon_core.package_identification:_identify(mujoco/lib) by extensions ['colcon_pkg']
[0.366s] Level 1:colcon.colcon_core.package_identification:_identify(mujoco/lib) by extension 'colcon_pkg'
[0.366s] Level 1:colcon.colcon_core.package_identification:_identify(mujoco/lib) by extensions ['colcon_meta']
[0.366s] Level 1:colcon.colcon_core.package_identification:_identify(mujoco/lib) by extension 'colcon_meta'
[0.366s] Level 1:colcon.colcon_core.package_identification:_identify(mujoco/lib) by extensions ['ros']
[0.366s] Level 1:colcon.colcon_core.package_identification:_identify(mujoco/lib) by extension 'ros'
[0.366s] Level 1:colcon.colcon_core.package_identification:_identify(mujoco/lib) by extensions ['cmake', 'python']
[0.366s] Level 1:colcon.colcon_core.package_identification:_identify(mujoco/lib) by extension 'cmake'
[0.367s] Level 1:colcon.colcon_core.package_identification:_identify(mujoco/lib) by extension 'python'
[0.367s] Level 1:colcon.colcon_core.package_identification:_identify(mujoco/lib) by extensions ['python_setup_py']
[0.367s] Level 1:colcon.colcon_core.package_identification:_identify(mujoco/lib) by extension 'python_setup_py'
[0.367s] Level 1:colcon.colcon_core.package_identification:_identify(mujoco/model) by extensions ['ignore', 'ignore_ament_install']
[0.367s] Level 1:colcon.colcon_core.package_identification:_identify(mujoco/model) by extension 'ignore'
[0.367s] Level 1:colcon.colcon_core.package_identification:_identify(mujoco/model) by extension 'ignore_ament_install'
[0.367s] Level 1:colcon.colcon_core.package_identification:_identify(mujoco/model) by extensions ['colcon_pkg']
[0.367s] Level 1:colcon.colcon_core.package_identification:_identify(mujoco/model) by extension 'colcon_pkg'
[0.367s] Level 1:colcon.colcon_core.package_identification:_identify(mujoco/model) by extensions ['colcon_meta']
[0.367s] Level 1:colcon.colcon_core.package_identification:_identify(mujoco/model) by extension 'colcon_meta'
[0.367s] Level 1:colcon.colcon_core.package_identification:_identify(mujoco/model) by extensions ['ros']
[0.367s] Level 1:colcon.colcon_core.package_identification:_identify(mujoco/model) by extension 'ros'
[0.367s] Level 1:colcon.colcon_core.package_identification:_identify(mujoco/model) by extensions ['cmake', 'python']
[0.367s] Level 1:colcon.colcon_core.package_identification:_identify(mujoco/model) by extension 'cmake'
[0.367s] Level 1:colcon.colcon_core.package_identification:_identify(mujoco/model) by extension 'python'
[0.367s] Level 1:colcon.colcon_core.package_identification:_identify(mujoco/model) by extensions ['python_setup_py']
[0.368s] Level 1:colcon.colcon_core.package_identification:_identify(mujoco/model) by extension 'python_setup_py'
[0.368s] Level 1:colcon.colcon_core.package_identification:_identify(mujoco/model/adhesion) by extensions ['ignore', 'ignore_ament_install']
[0.368s] Level 1:colcon.colcon_core.package_identification:_identify(mujoco/model/adhesion) by extension 'ignore'
[0.368s] Level 1:colcon.colcon_core.package_identification:_identify(mujoco/model/adhesion) by extension 'ignore_ament_install'
[0.368s] Level 1:colcon.colcon_core.package_identification:_identify(mujoco/model/adhesion) by extensions ['colcon_pkg']
[0.368s] Level 1:colcon.colcon_core.package_identification:_identify(mujoco/model/adhesion) by extension 'colcon_pkg'
[0.368s] Level 1:colcon.colcon_core.package_identification:_identify(mujoco/model/adhesion) by extensions ['colcon_meta']
[0.368s] Level 1:colcon.colcon_core.package_identification:_identify(mujoco/model/adhesion) by extension 'colcon_meta'
[0.368s] Level 1:colcon.colcon_core.package_identification:_identify(mujoco/model/adhesion) by extensions ['ros']
[0.368s] Level 1:colcon.colcon_core.package_identification:_identify(mujoco/model/adhesion) by extension 'ros'
[0.368s] Level 1:colcon.colcon_core.package_identification:_identify(mujoco/model/adhesion) by extensions ['cmake', 'python']
[0.368s] Level 1:colcon.colcon_core.package_identification:_identify(mujoco/model/adhesion) by extension 'cmake'
[0.368s] Level 1:colcon.colcon_core.package_identification:_identify(mujoco/model/adhesion) by extension 'python'
[0.368s] Level 1:colcon.colcon_core.package_identification:_identify(mujoco/model/adhesion) by extensions ['python_setup_py']
[0.368s] Level 1:colcon.colcon_core.package_identification:_identify(mujoco/model/adhesion) by extension 'python_setup_py'
[0.369s] Level 1:colcon.colcon_core.package_identification:_identify(mujoco/model/balloons) by extensions ['ignore', 'ignore_ament_install']
[0.369s] Level 1:colcon.colcon_core.package_identification:_identify(mujoco/model/balloons) by extension 'ignore'
[0.369s] Level 1:colcon.colcon_core.package_identification:_identify(mujoco/model/balloons) by extension 'ignore_ament_install'
[0.369s] Level 1:colcon.colcon_core.package_identification:_identify(mujoco/model/balloons) by extensions ['colcon_pkg']
[0.369s] Level 1:colcon.colcon_core.package_identification:_identify(mujoco/model/balloons) by extension 'colcon_pkg'
[0.369s] Level 1:colcon.colcon_core.package_identification:_identify(mujoco/model/balloons) by extensions ['colcon_meta']
[0.369s] Level 1:colcon.colcon_core.package_identification:_identify(mujoco/model/balloons) by extension 'colcon_meta'
[0.369s] Level 1:colcon.colcon_core.package_identification:_identify(mujoco/model/balloons) by extensions ['ros']
[0.369s] Level 1:colcon.colcon_core.package_identification:_identify(mujoco/model/balloons) by extension 'ros'
[0.369s] Level 1:colcon.colcon_core.package_identification:_identify(mujoco/model/balloons) by extensions ['cmake', 'python']
[0.369s] Level 1:colcon.colcon_core.package_identification:_identify(mujoco/model/balloons) by extension 'cmake'
[0.369s] Level 1:colcon.colcon_core.package_identification:_identify(mujoco/model/balloons) by extension 'python'
[0.369s] Level 1:colcon.colcon_core.package_identification:_identify(mujoco/model/balloons) by extensions ['python_setup_py']
[0.369s] Level 1:colcon.colcon_core.package_identification:_identify(mujoco/model/balloons) by extension 'python_setup_py'
[0.370s] Level 1:colcon.colcon_core.package_identification:_identify(mujoco/model/car) by extensions ['ignore', 'ignore_ament_install']
[0.370s] Level 1:colcon.colcon_core.package_identification:_identify(mujoco/model/car) by extension 'ignore'
[0.370s] Level 1:colcon.colcon_core.package_identification:_identify(mujoco/model/car) by extension 'ignore_ament_install'
[0.370s] Level 1:colcon.colcon_core.package_identification:_identify(mujoco/model/car) by extensions ['colcon_pkg']
[0.370s] Level 1:colcon.colcon_core.package_identification:_identify(mujoco/model/car) by extension 'colcon_pkg'
[0.370s] Level 1:colcon.colcon_core.package_identification:_identify(mujoco/model/car) by extensions ['colcon_meta']
[0.370s] Level 1:colcon.colcon_core.package_identification:_identify(mujoco/model/car) by extension 'colcon_meta'
[0.370s] Level 1:colcon.colcon_core.package_identification:_identify(mujoco/model/car) by extensions ['ros']
[0.370s] Level 1:colcon.colcon_core.package_identification:_identify(mujoco/model/car) by extension 'ros'
[0.371s] Level 1:colcon.colcon_core.package_identification:_identify(mujoco/model/car) by extensions ['cmake', 'python']
[0.371s] Level 1:colcon.colcon_core.package_identification:_identify(mujoco/model/car) by extension 'cmake'
[0.371s] Level 1:colcon.colcon_core.package_identification:_identify(mujoco/model/car) by extension 'python'
[0.371s] Level 1:colcon.colcon_core.package_identification:_identify(mujoco/model/car) by extensions ['python_setup_py']
[0.371s] Level 1:colcon.colcon_core.package_identification:_identify(mujoco/model/car) by extension 'python_setup_py'
[0.371s] Level 1:colcon.colcon_core.package_identification:_identify(mujoco/model/cards) by extensions ['ignore', 'ignore_ament_install']
[0.371s] Level 1:colcon.colcon_core.package_identification:_identify(mujoco/model/cards) by extension 'ignore'
[0.371s] Level 1:colcon.colcon_core.package_identification:_identify(mujoco/model/cards) by extension 'ignore_ament_install'
[0.371s] Level 1:colcon.colcon_core.package_identification:_identify(mujoco/model/cards) by extensions ['colcon_pkg']
[0.371s] Level 1:colcon.colcon_core.package_identification:_identify(mujoco/model/cards) by extension 'colcon_pkg'
[0.371s] Level 1:colcon.colcon_core.package_identification:_identify(mujoco/model/cards) by extensions ['colcon_meta']
[0.371s] Level 1:colcon.colcon_core.package_identification:_identify(mujoco/model/cards) by extension 'colcon_meta'
[0.372s] Level 1:colcon.colcon_core.package_identification:_identify(mujoco/model/cards) by extensions ['ros']
[0.372s] Level 1:colcon.colcon_core.package_identification:_identify(mujoco/model/cards) by extension 'ros'
[0.372s] Level 1:colcon.colcon_core.package_identification:_identify(mujoco/model/cards) by extensions ['cmake', 'python']
[0.372s] Level 1:colcon.colcon_core.package_identification:_identify(mujoco/model/cards) by extension 'cmake'
[0.372s] Level 1:colcon.colcon_core.package_identification:_identify(mujoco/model/cards) by extension 'python'
[0.372s] Level 1:colcon.colcon_core.package_identification:_identify(mujoco/model/cards) by extensions ['python_setup_py']
[0.372s] Level 1:colcon.colcon_core.package_identification:_identify(mujoco/model/cards) by extension 'python_setup_py'
[0.372s] Level 1:colcon.colcon_core.package_identification:_identify(mujoco/model/cards/assets) by extensions ['ignore', 'ignore_ament_install']
[0.372s] Level 1:colcon.colcon_core.package_identification:_identify(mujoco/model/cards/assets) by extension 'ignore'
[0.372s] Level 1:colcon.colcon_core.package_identification:_identify(mujoco/model/cards/assets) by extension 'ignore_ament_install'
[0.372s] Level 1:colcon.colcon_core.package_identification:_identify(mujoco/model/cards/assets) by extensions ['colcon_pkg']
[0.372s] Level 1:colcon.colcon_core.package_identification:_identify(mujoco/model/cards/assets) by extension 'colcon_pkg'
[0.373s] Level 1:colcon.colcon_core.package_identification:_identify(mujoco/model/cards/assets) by extensions ['colcon_meta']
[0.373s] Level 1:colcon.colcon_core.package_identification:_identify(mujoco/model/cards/assets) by extension 'colcon_meta'
[0.373s] Level 1:colcon.colcon_core.package_identification:_identify(mujoco/model/cards/assets) by extensions ['ros']
[0.373s] Level 1:colcon.colcon_core.package_identification:_identify(mujoco/model/cards/assets) by extension 'ros'
[0.373s] Level 1:colcon.colcon_core.package_identification:_identify(mujoco/model/cards/assets) by extensions ['cmake', 'python']
[0.373s] Level 1:colcon.colcon_core.package_identification:_identify(mujoco/model/cards/assets) by extension 'cmake'
[0.373s] Level 1:colcon.colcon_core.package_identification:_identify(mujoco/model/cards/assets) by extension 'python'
[0.373s] Level 1:colcon.colcon_core.package_identification:_identify(mujoco/model/cards/assets) by extensions ['python_setup_py']
[0.373s] Level 1:colcon.colcon_core.package_identification:_identify(mujoco/model/cards/assets) by extension 'python_setup_py'
[0.373s] Level 1:colcon.colcon_core.package_identification:_identify(mujoco/model/cube) by extensions ['ignore', 'ignore_ament_install']
[0.373s] Level 1:colcon.colcon_core.package_identification:_identify(mujoco/model/cube) by extension 'ignore'
[0.373s] Level 1:colcon.colcon_core.package_identification:_identify(mujoco/model/cube) by extension 'ignore_ament_install'
[0.374s] Level 1:colcon.colcon_core.package_identification:_identify(mujoco/model/cube) by extensions ['colcon_pkg']
[0.374s] Level 1:colcon.colcon_core.package_identification:_identify(mujoco/model/cube) by extension 'colcon_pkg'
[0.374s] Level 1:colcon.colcon_core.package_identification:_identify(mujoco/model/cube) by extensions ['colcon_meta']
[0.374s] Level 1:colcon.colcon_core.package_identification:_identify(mujoco/model/cube) by extension 'colcon_meta'
[0.374s] Level 1:colcon.colcon_core.package_identification:_identify(mujoco/model/cube) by extensions ['ros']
[0.374s] Level 1:colcon.colcon_core.package_identification:_identify(mujoco/model/cube) by extension 'ros'
[0.374s] Level 1:colcon.colcon_core.package_identification:_identify(mujoco/model/cube) by extensions ['cmake', 'python']
[0.374s] Level 1:colcon.colcon_core.package_identification:_identify(mujoco/model/cube) by extension 'cmake'
[0.374s] Level 1:colcon.colcon_core.package_identification:_identify(mujoco/model/cube) by extension 'python'
[0.374s] Level 1:colcon.colcon_core.package_identification:_identify(mujoco/model/cube) by extensions ['python_setup_py']
[0.374s] Level 1:colcon.colcon_core.package_identification:_identify(mujoco/model/cube) by extension 'python_setup_py'
[0.374s] Level 1:colcon.colcon_core.package_identification:_identify(mujoco/model/cube/assets) by extensions ['ignore', 'ignore_ament_install']
[0.374s] Level 1:colcon.colcon_core.package_identification:_identify(mujoco/model/cube/assets) by extension 'ignore'
[0.375s] Level 1:colcon.colcon_core.package_identification:_identify(mujoco/model/cube/assets) by extension 'ignore_ament_install'
[0.375s] Level 1:colcon.colcon_core.package_identification:_identify(mujoco/model/cube/assets) by extensions ['colcon_pkg']
[0.375s] Level 1:colcon.colcon_core.package_identification:_identify(mujoco/model/cube/assets) by extension 'colcon_pkg'
[0.375s] Level 1:colcon.colcon_core.package_identification:_identify(mujoco/model/cube/assets) by extensions ['colcon_meta']
[0.375s] Level 1:colcon.colcon_core.package_identification:_identify(mujoco/model/cube/assets) by extension 'colcon_meta'
[0.375s] Level 1:colcon.colcon_core.package_identification:_identify(mujoco/model/cube/assets) by extensions ['ros']
[0.375s] Level 1:colcon.colcon_core.package_identification:_identify(mujoco/model/cube/assets) by extension 'ros'
[0.375s] Level 1:colcon.colcon_core.package_identification:_identify(mujoco/model/cube/assets) by extensions ['cmake', 'python']
[0.375s] Level 1:colcon.colcon_core.package_identification:_identify(mujoco/model/cube/assets) by extension 'cmake'
[0.375s] Level 1:colcon.colcon_core.package_identification:_identify(mujoco/model/cube/assets) by extension 'python'
[0.375s] Level 1:colcon.colcon_core.package_identification:_identify(mujoco/model/cube/assets) by extensions ['python_setup_py']
[0.375s] Level 1:colcon.colcon_core.package_identification:_identify(mujoco/model/cube/assets) by extension 'python_setup_py'
[0.375s] Level 1:colcon.colcon_core.package_identification:_identify(mujoco/model/flex) by extensions ['ignore', 'ignore_ament_install']
[0.375s] Level 1:colcon.colcon_core.package_identification:_identify(mujoco/model/flex) by extension 'ignore'
[0.376s] Level 1:colcon.colcon_core.package_identification:_identify(mujoco/model/flex) by extension 'ignore_ament_install'
[0.376s] Level 1:colcon.colcon_core.package_identification:_identify(mujoco/model/flex) by extensions ['colcon_pkg']
[0.376s] Level 1:colcon.colcon_core.package_identification:_identify(mujoco/model/flex) by extension 'colcon_pkg'
[0.376s] Level 1:colcon.colcon_core.package_identification:_identify(mujoco/model/flex) by extensions ['colcon_meta']
[0.376s] Level 1:colcon.colcon_core.package_identification:_identify(mujoco/model/flex) by extension 'colcon_meta'
[0.376s] Level 1:colcon.colcon_core.package_identification:_identify(mujoco/model/flex) by extensions ['ros']
[0.376s] Level 1:colcon.colcon_core.package_identification:_identify(mujoco/model/flex) by extension 'ros'
[0.376s] Level 1:colcon.colcon_core.package_identification:_identify(mujoco/model/flex) by extensions ['cmake', 'python']
[0.376s] Level 1:colcon.colcon_core.package_identification:_identify(mujoco/model/flex) by extension 'cmake'
[0.376s] Level 1:colcon.colcon_core.package_identification:_identify(mujoco/model/flex) by extension 'python'
[0.376s] Level 1:colcon.colcon_core.package_identification:_identify(mujoco/model/flex) by extensions ['python_setup_py']
[0.376s] Level 1:colcon.colcon_core.package_identification:_identify(mujoco/model/flex) by extension 'python_setup_py'
[0.376s] Level 1:colcon.colcon_core.package_identification:_identify(mujoco/model/flex/asset) by extensions ['ignore', 'ignore_ament_install']
[0.377s] Level 1:colcon.colcon_core.package_identification:_identify(mujoco/model/flex/asset) by extension 'ignore'
[0.377s] Level 1:colcon.colcon_core.package_identification:_identify(mujoco/model/flex/asset) by extension 'ignore_ament_install'
[0.377s] Level 1:colcon.colcon_core.package_identification:_identify(mujoco/model/flex/asset) by extensions ['colcon_pkg']
[0.377s] Level 1:colcon.colcon_core.package_identification:_identify(mujoco/model/flex/asset) by extension 'colcon_pkg'
[0.377s] Level 1:colcon.colcon_core.package_identification:_identify(mujoco/model/flex/asset) by extensions ['colcon_meta']
[0.377s] Level 1:colcon.colcon_core.package_identification:_identify(mujoco/model/flex/asset) by extension 'colcon_meta'
[0.377s] Level 1:colcon.colcon_core.package_identification:_identify(mujoco/model/flex/asset) by extensions ['ros']
[0.377s] Level 1:colcon.colcon_core.package_identification:_identify(mujoco/model/flex/asset) by extension 'ros'
[0.377s] Level 1:colcon.colcon_core.package_identification:_identify(mujoco/model/flex/asset) by extensions ['cmake', 'python']
[0.377s] Level 1:colcon.colcon_core.package_identification:_identify(mujoco/model/flex/asset) by extension 'cmake'
[0.377s] Level 1:colcon.colcon_core.package_identification:_identify(mujoco/model/flex/asset) by extension 'python'
[0.377s] Level 1:colcon.colcon_core.package_identification:_identify(mujoco/model/flex/asset) by extensions ['python_setup_py']
[0.377s] Level 1:colcon.colcon_core.package_identification:_identify(mujoco/model/flex/asset) by extension 'python_setup_py'
[0.377s] Level 1:colcon.colcon_core.package_identification:_identify(mujoco/model/hammock) by extensions ['ignore', 'ignore_ament_install']
[0.378s] Level 1:colcon.colcon_core.package_identification:_identify(mujoco/model/hammock) by extension 'ignore'
[0.378s] Level 1:colcon.colcon_core.package_identification:_identify(mujoco/model/hammock) by extension 'ignore_ament_install'
[0.378s] Level 1:colcon.colcon_core.package_identification:_identify(mujoco/model/hammock) by extensions ['colcon_pkg']
[0.378s] Level 1:colcon.colcon_core.package_identification:_identify(mujoco/model/hammock) by extension 'colcon_pkg'
[0.378s] Level 1:colcon.colcon_core.package_identification:_identify(mujoco/model/hammock) by extensions ['colcon_meta']
[0.378s] Level 1:colcon.colcon_core.package_identification:_identify(mujoco/model/hammock) by extension 'colcon_meta'
[0.378s] Level 1:colcon.colcon_core.package_identification:_identify(mujoco/model/hammock) by extensions ['ros']
[0.378s] Level 1:colcon.colcon_core.package_identification:_identify(mujoco/model/hammock) by extension 'ros'
[0.378s] Level 1:colcon.colcon_core.package_identification:_identify(mujoco/model/hammock) by extensions ['cmake', 'python']
[0.378s] Level 1:colcon.colcon_core.package_identification:_identify(mujoco/model/hammock) by extension 'cmake'
[0.378s] Level 1:colcon.colcon_core.package_identification:_identify(mujoco/model/hammock) by extension 'python'
[0.378s] Level 1:colcon.colcon_core.package_identification:_identify(mujoco/model/hammock) by extensions ['python_setup_py']
[0.378s] Level 1:colcon.colcon_core.package_identification:_identify(mujoco/model/hammock) by extension 'python_setup_py'
[0.378s] Level 1:colcon.colcon_core.package_identification:_identify(mujoco/model/humanoid) by extensions ['ignore', 'ignore_ament_install']
[0.378s] Level 1:colcon.colcon_core.package_identification:_identify(mujoco/model/humanoid) by extension 'ignore'
[0.379s] Level 1:colcon.colcon_core.package_identification:_identify(mujoco/model/humanoid) by extension 'ignore_ament_install'
[0.379s] Level 1:colcon.colcon_core.package_identification:_identify(mujoco/model/humanoid) by extensions ['colcon_pkg']
[0.379s] Level 1:colcon.colcon_core.package_identification:_identify(mujoco/model/humanoid) by extension 'colcon_pkg'
[0.379s] Level 1:colcon.colcon_core.package_identification:_identify(mujoco/model/humanoid) by extensions ['colcon_meta']
[0.379s] Level 1:colcon.colcon_core.package_identification:_identify(mujoco/model/humanoid) by extension 'colcon_meta'
[0.379s] Level 1:colcon.colcon_core.package_identification:_identify(mujoco/model/humanoid) by extensions ['ros']
[0.379s] Level 1:colcon.colcon_core.package_identification:_identify(mujoco/model/humanoid) by extension 'ros'
[0.379s] Level 1:colcon.colcon_core.package_identification:_identify(mujoco/model/humanoid) by extensions ['cmake', 'python']
[0.379s] Level 1:colcon.colcon_core.package_identification:_identify(mujoco/model/humanoid) by extension 'cmake'
[0.379s] Level 1:colcon.colcon_core.package_identification:_identify(mujoco/model/humanoid) by extension 'python'
[0.379s] Level 1:colcon.colcon_core.package_identification:_identify(mujoco/model/humanoid) by extensions ['python_setup_py']
[0.379s] Level 1:colcon.colcon_core.package_identification:_identify(mujoco/model/humanoid) by extension 'python_setup_py'
[0.379s] Level 1:colcon.colcon_core.package_identification:_identify(mujoco/model/mug) by extensions ['ignore', 'ignore_ament_install']
[0.379s] Level 1:colcon.colcon_core.package_identification:_identify(mujoco/model/mug) by extension 'ignore'
[0.380s] Level 1:colcon.colcon_core.package_identification:_identify(mujoco/model/mug) by extension 'ignore_ament_install'
[0.380s] Level 1:colcon.colcon_core.package_identification:_identify(mujoco/model/mug) by extensions ['colcon_pkg']
[0.380s] Level 1:colcon.colcon_core.package_identification:_identify(mujoco/model/mug) by extension 'colcon_pkg'
[0.380s] Level 1:colcon.colcon_core.package_identification:_identify(mujoco/model/mug) by extensions ['colcon_meta']
[0.380s] Level 1:colcon.colcon_core.package_identification:_identify(mujoco/model/mug) by extension 'colcon_meta'
[0.380s] Level 1:colcon.colcon_core.package_identification:_identify(mujoco/model/mug) by extensions ['ros']
[0.380s] Level 1:colcon.colcon_core.package_identification:_identify(mujoco/model/mug) by extension 'ros'
[0.380s] Level 1:colcon.colcon_core.package_identification:_identify(mujoco/model/mug) by extensions ['cmake', 'python']
[0.380s] Level 1:colcon.colcon_core.package_identification:_identify(mujoco/model/mug) by extension 'cmake'
[0.380s] Level 1:colcon.colcon_core.package_identification:_identify(mujoco/model/mug) by extension 'python'
[0.380s] Level 1:colcon.colcon_core.package_identification:_identify(mujoco/model/mug) by extensions ['python_setup_py']
[0.380s] Level 1:colcon.colcon_core.package_identification:_identify(mujoco/model/mug) by extension 'python_setup_py'
[0.380s] Level 1:colcon.colcon_core.package_identification:_identify(mujoco/model/plugin) by extensions ['ignore', 'ignore_ament_install']
[0.381s] Level 1:colcon.colcon_core.package_identification:_identify(mujoco/model/plugin) by extension 'ignore'
[0.381s] Level 1:colcon.colcon_core.package_identification:_identify(mujoco/model/plugin) by extension 'ignore_ament_install'
[0.381s] Level 1:colcon.colcon_core.package_identification:_identify(mujoco/model/plugin) by extensions ['colcon_pkg']
[0.381s] Level 1:colcon.colcon_core.package_identification:_identify(mujoco/model/plugin) by extension 'colcon_pkg'
[0.381s] Level 1:colcon.colcon_core.package_identification:_identify(mujoco/model/plugin) by extensions ['colcon_meta']
[0.381s] Level 1:colcon.colcon_core.package_identification:_identify(mujoco/model/plugin) by extension 'colcon_meta'
[0.381s] Level 1:colcon.colcon_core.package_identification:_identify(mujoco/model/plugin) by extensions ['ros']
[0.381s] Level 1:colcon.colcon_core.package_identification:_identify(mujoco/model/plugin) by extension 'ros'
[0.381s] Level 1:colcon.colcon_core.package_identification:_identify(mujoco/model/plugin) by extensions ['cmake', 'python']
[0.381s] Level 1:colcon.colcon_core.package_identification:_identify(mujoco/model/plugin) by extension 'cmake'
[0.381s] Level 1:colcon.colcon_core.package_identification:_identify(mujoco/model/plugin) by extension 'python'
[0.381s] Level 1:colcon.colcon_core.package_identification:_identify(mujoco/model/plugin) by extensions ['python_setup_py']
[0.381s] Level 1:colcon.colcon_core.package_identification:_identify(mujoco/model/plugin) by extension 'python_setup_py'
[0.381s] Level 1:colcon.colcon_core.package_identification:_identify(mujoco/model/plugin/actuator) by extensions ['ignore', 'ignore_ament_install']
[0.382s] Level 1:colcon.colcon_core.package_identification:_identify(mujoco/model/plugin/actuator) by extension 'ignore'
[0.382s] Level 1:colcon.colcon_core.package_identification:_identify(mujoco/model/plugin/actuator) by extension 'ignore_ament_install'
[0.382s] Level 1:colcon.colcon_core.package_identification:_identify(mujoco/model/plugin/actuator) by extensions ['colcon_pkg']
[0.382s] Level 1:colcon.colcon_core.package_identification:_identify(mujoco/model/plugin/actuator) by extension 'colcon_pkg'
[0.382s] Level 1:colcon.colcon_core.package_identification:_identify(mujoco/model/plugin/actuator) by extensions ['colcon_meta']
[0.382s] Level 1:colcon.colcon_core.package_identification:_identify(mujoco/model/plugin/actuator) by extension 'colcon_meta'
[0.382s] Level 1:colcon.colcon_core.package_identification:_identify(mujoco/model/plugin/actuator) by extensions ['ros']
[0.382s] Level 1:colcon.colcon_core.package_identification:_identify(mujoco/model/plugin/actuator) by extension 'ros'
[0.382s] Level 1:colcon.colcon_core.package_identification:_identify(mujoco/model/plugin/actuator) by extensions ['cmake', 'python']
[0.382s] Level 1:colcon.colcon_core.package_identification:_identify(mujoco/model/plugin/actuator) by extension 'cmake'
[0.382s] Level 1:colcon.colcon_core.package_identification:_identify(mujoco/model/plugin/actuator) by extension 'python'
[0.382s] Level 1:colcon.colcon_core.package_identification:_identify(mujoco/model/plugin/actuator) by extensions ['python_setup_py']
[0.382s] Level 1:colcon.colcon_core.package_identification:_identify(mujoco/model/plugin/actuator) by extension 'python_setup_py'
[0.383s] Level 1:colcon.colcon_core.package_identification:_identify(mujoco/model/plugin/elasticity) by extensions ['ignore', 'ignore_ament_install']
[0.383s] Level 1:colcon.colcon_core.package_identification:_identify(mujoco/model/plugin/elasticity) by extension 'ignore'
[0.383s] Level 1:colcon.colcon_core.package_identification:_identify(mujoco/model/plugin/elasticity) by extension 'ignore_ament_install'
[0.383s] Level 1:colcon.colcon_core.package_identification:_identify(mujoco/model/plugin/elasticity) by extensions ['colcon_pkg']
[0.383s] Level 1:colcon.colcon_core.package_identification:_identify(mujoco/model/plugin/elasticity) by extension 'colcon_pkg'
[0.383s] Level 1:colcon.colcon_core.package_identification:_identify(mujoco/model/plugin/elasticity) by extensions ['colcon_meta']
[0.383s] Level 1:colcon.colcon_core.package_identification:_identify(mujoco/model/plugin/elasticity) by extension 'colcon_meta'
[0.383s] Level 1:colcon.colcon_core.package_identification:_identify(mujoco/model/plugin/elasticity) by extensions ['ros']
[0.383s] Level 1:colcon.colcon_core.package_identification:_identify(mujoco/model/plugin/elasticity) by extension 'ros'
[0.383s] Level 1:colcon.colcon_core.package_identification:_identify(mujoco/model/plugin/elasticity) by extensions ['cmake', 'python']
[0.383s] Level 1:colcon.colcon_core.package_identification:_identify(mujoco/model/plugin/elasticity) by extension 'cmake'
[0.383s] Level 1:colcon.colcon_core.package_identification:_identify(mujoco/model/plugin/elasticity) by extension 'python'
[0.384s] Level 1:colcon.colcon_core.package_identification:_identify(mujoco/model/plugin/elasticity) by extensions ['python_setup_py']
[0.384s] Level 1:colcon.colcon_core.package_identification:_identify(mujoco/model/plugin/elasticity) by extension 'python_setup_py'
[0.384s] Level 1:colcon.colcon_core.package_identification:_identify(mujoco/model/plugin/sdf) by extensions ['ignore', 'ignore_ament_install']
[0.384s] Level 1:colcon.colcon_core.package_identification:_identify(mujoco/model/plugin/sdf) by extension 'ignore'
[0.384s] Level 1:colcon.colcon_core.package_identification:_identify(mujoco/model/plugin/sdf) by extension 'ignore_ament_install'
[0.384s] Level 1:colcon.colcon_core.package_identification:_identify(mujoco/model/plugin/sdf) by extensions ['colcon_pkg']
[0.384s] Level 1:colcon.colcon_core.package_identification:_identify(mujoco/model/plugin/sdf) by extension 'colcon_pkg'
[0.384s] Level 1:colcon.colcon_core.package_identification:_identify(mujoco/model/plugin/sdf) by extensions ['colcon_meta']
[0.384s] Level 1:colcon.colcon_core.package_identification:_identify(mujoco/model/plugin/sdf) by extension 'colcon_meta'
[0.384s] Level 1:colcon.colcon_core.package_identification:_identify(mujoco/model/plugin/sdf) by extensions ['ros']
[0.384s] Level 1:colcon.colcon_core.package_identification:_identify(mujoco/model/plugin/sdf) by extension 'ros'
[0.385s] Level 1:colcon.colcon_core.package_identification:_identify(mujoco/model/plugin/sdf) by extensions ['cmake', 'python']
[0.385s] Level 1:colcon.colcon_core.package_identification:_identify(mujoco/model/plugin/sdf) by extension 'cmake'
[0.385s] Level 1:colcon.colcon_core.package_identification:_identify(mujoco/model/plugin/sdf) by extension 'python'
[0.385s] Level 1:colcon.colcon_core.package_identification:_identify(mujoco/model/plugin/sdf) by extensions ['python_setup_py']
[0.385s] Level 1:colcon.colcon_core.package_identification:_identify(mujoco/model/plugin/sdf) by extension 'python_setup_py'
[0.385s] Level 1:colcon.colcon_core.package_identification:_identify(mujoco/model/plugin/sdf/asset) by extensions ['ignore', 'ignore_ament_install']
[0.385s] Level 1:colcon.colcon_core.package_identification:_identify(mujoco/model/plugin/sdf/asset) by extension 'ignore'
[0.385s] Level 1:colcon.colcon_core.package_identification:_identify(mujoco/model/plugin/sdf/asset) by extension 'ignore_ament_install'
[0.385s] Level 1:colcon.colcon_core.package_identification:_identify(mujoco/model/plugin/sdf/asset) by extensions ['colcon_pkg']
[0.385s] Level 1:colcon.colcon_core.package_identification:_identify(mujoco/model/plugin/sdf/asset) by extension 'colcon_pkg'
[0.385s] Level 1:colcon.colcon_core.package_identification:_identify(mujoco/model/plugin/sdf/asset) by extensions ['colcon_meta']
[0.385s] Level 1:colcon.colcon_core.package_identification:_identify(mujoco/model/plugin/sdf/asset) by extension 'colcon_meta'
[0.385s] Level 1:colcon.colcon_core.package_identification:_identify(mujoco/model/plugin/sdf/asset) by extensions ['ros']
[0.385s] Level 1:colcon.colcon_core.package_identification:_identify(mujoco/model/plugin/sdf/asset) by extension 'ros'
[0.385s] Level 1:colcon.colcon_core.package_identification:_identify(mujoco/model/plugin/sdf/asset) by extensions ['cmake', 'python']
[0.385s] Level 1:colcon.colcon_core.package_identification:_identify(mujoco/model/plugin/sdf/asset) by extension 'cmake'
[0.386s] Level 1:colcon.colcon_core.package_identification:_identify(mujoco/model/plugin/sdf/asset) by extension 'python'
[0.386s] Level 1:colcon.colcon_core.package_identification:_identify(mujoco/model/plugin/sdf/asset) by extensions ['python_setup_py']
[0.386s] Level 1:colcon.colcon_core.package_identification:_identify(mujoco/model/plugin/sdf/asset) by extension 'python_setup_py'
[0.386s] Level 1:colcon.colcon_core.package_identification:_identify(mujoco/model/plugin/sensor) by extensions ['ignore', 'ignore_ament_install']
[0.386s] Level 1:colcon.colcon_core.package_identification:_identify(mujoco/model/plugin/sensor) by extension 'ignore'
[0.386s] Level 1:colcon.colcon_core.package_identification:_identify(mujoco/model/plugin/sensor) by extension 'ignore_ament_install'
[0.386s] Level 1:colcon.colcon_core.package_identification:_identify(mujoco/model/plugin/sensor) by extensions ['colcon_pkg']
[0.386s] Level 1:colcon.colcon_core.package_identification:_identify(mujoco/model/plugin/sensor) by extension 'colcon_pkg'
[0.386s] Level 1:colcon.colcon_core.package_identification:_identify(mujoco/model/plugin/sensor) by extensions ['colcon_meta']
[0.386s] Level 1:colcon.colcon_core.package_identification:_identify(mujoco/model/plugin/sensor) by extension 'colcon_meta'
[0.386s] Level 1:colcon.colcon_core.package_identification:_identify(mujoco/model/plugin/sensor) by extensions ['ros']
[0.386s] Level 1:colcon.colcon_core.package_identification:_identify(mujoco/model/plugin/sensor) by extension 'ros'
[0.387s] Level 1:colcon.colcon_core.package_identification:_identify(mujoco/model/plugin/sensor) by extensions ['cmake', 'python']
[0.387s] Level 1:colcon.colcon_core.package_identification:_identify(mujoco/model/plugin/sensor) by extension 'cmake'
[0.387s] Level 1:colcon.colcon_core.package_identification:_identify(mujoco/model/plugin/sensor) by extension 'python'
[0.387s] Level 1:colcon.colcon_core.package_identification:_identify(mujoco/model/plugin/sensor) by extensions ['python_setup_py']
[0.387s] Level 1:colcon.colcon_core.package_identification:_identify(mujoco/model/plugin/sensor) by extension 'python_setup_py'
[0.387s] Level 1:colcon.colcon_core.package_identification:_identify(mujoco/model/replicate) by extensions ['ignore', 'ignore_ament_install']
[0.387s] Level 1:colcon.colcon_core.package_identification:_identify(mujoco/model/replicate) by extension 'ignore'
[0.387s] Level 1:colcon.colcon_core.package_identification:_identify(mujoco/model/replicate) by extension 'ignore_ament_install'
[0.387s] Level 1:colcon.colcon_core.package_identification:_identify(mujoco/model/replicate) by extensions ['colcon_pkg']
[0.387s] Level 1:colcon.colcon_core.package_identification:_identify(mujoco/model/replicate) by extension 'colcon_pkg'
[0.387s] Level 1:colcon.colcon_core.package_identification:_identify(mujoco/model/replicate) by extensions ['colcon_meta']
[0.387s] Level 1:colcon.colcon_core.package_identification:_identify(mujoco/model/replicate) by extension 'colcon_meta'
[0.388s] Level 1:colcon.colcon_core.package_identification:_identify(mujoco/model/replicate) by extensions ['ros']
[0.388s] Level 1:colcon.colcon_core.package_identification:_identify(mujoco/model/replicate) by extension 'ros'
[0.388s] Level 1:colcon.colcon_core.package_identification:_identify(mujoco/model/replicate) by extensions ['cmake', 'python']
[0.388s] Level 1:colcon.colcon_core.package_identification:_identify(mujoco/model/replicate) by extension 'cmake'
[0.388s] Level 1:colcon.colcon_core.package_identification:_identify(mujoco/model/replicate) by extension 'python'
[0.388s] Level 1:colcon.colcon_core.package_identification:_identify(mujoco/model/replicate) by extensions ['python_setup_py']
[0.388s] Level 1:colcon.colcon_core.package_identification:_identify(mujoco/model/replicate) by extension 'python_setup_py'
[0.388s] Level 1:colcon.colcon_core.package_identification:_identify(mujoco/model/replicate/asset) by extensions ['ignore', 'ignore_ament_install']
[0.388s] Level 1:colcon.colcon_core.package_identification:_identify(mujoco/model/replicate/asset) by extension 'ignore'
[0.388s] Level 1:colcon.colcon_core.package_identification:_identify(mujoco/model/replicate/asset) by extension 'ignore_ament_install'
[0.388s] Level 1:colcon.colcon_core.package_identification:_identify(mujoco/model/replicate/asset) by extensions ['colcon_pkg']
[0.388s] Level 1:colcon.colcon_core.package_identification:_identify(mujoco/model/replicate/asset) by extension 'colcon_pkg'
[0.388s] Level 1:colcon.colcon_core.package_identification:_identify(mujoco/model/replicate/asset) by extensions ['colcon_meta']
[0.388s] Level 1:colcon.colcon_core.package_identification:_identify(mujoco/model/replicate/asset) by extension 'colcon_meta'
[0.389s] Level 1:colcon.colcon_core.package_identification:_identify(mujoco/model/replicate/asset) by extensions ['ros']
[0.389s] Level 1:colcon.colcon_core.package_identification:_identify(mujoco/model/replicate/asset) by extension 'ros'
[0.389s] Level 1:colcon.colcon_core.package_identification:_identify(mujoco/model/replicate/asset) by extensions ['cmake', 'python']
[0.389s] Level 1:colcon.colcon_core.package_identification:_identify(mujoco/model/replicate/asset) by extension 'cmake'
[0.389s] Level 1:colcon.colcon_core.package_identification:_identify(mujoco/model/replicate/asset) by extension 'python'
[0.389s] Level 1:colcon.colcon_core.package_identification:_identify(mujoco/model/replicate/asset) by extensions ['python_setup_py']
[0.389s] Level 1:colcon.colcon_core.package_identification:_identify(mujoco/model/replicate/asset) by extension 'python_setup_py'
[0.389s] Level 1:colcon.colcon_core.package_identification:_identify(mujoco/model/slider_crank) by extensions ['ignore', 'ignore_ament_install']
[0.389s] Level 1:colcon.colcon_core.package_identification:_identify(mujoco/model/slider_crank) by extension 'ignore'
[0.389s] Level 1:colcon.colcon_core.package_identification:_identify(mujoco/model/slider_crank) by extension 'ignore_ament_install'
[0.389s] Level 1:colcon.colcon_core.package_identification:_identify(mujoco/model/slider_crank) by extensions ['colcon_pkg']
[0.389s] Level 1:colcon.colcon_core.package_identification:_identify(mujoco/model/slider_crank) by extension 'colcon_pkg'
[0.389s] Level 1:colcon.colcon_core.package_identification:_identify(mujoco/model/slider_crank) by extensions ['colcon_meta']
[0.390s] Level 1:colcon.colcon_core.package_identification:_identify(mujoco/model/slider_crank) by extension 'colcon_meta'
[0.390s] Level 1:colcon.colcon_core.package_identification:_identify(mujoco/model/slider_crank) by extensions ['ros']
[0.390s] Level 1:colcon.colcon_core.package_identification:_identify(mujoco/model/slider_crank) by extension 'ros'
[0.390s] Level 1:colcon.colcon_core.package_identification:_identify(mujoco/model/slider_crank) by extensions ['cmake', 'python']
[0.390s] Level 1:colcon.colcon_core.package_identification:_identify(mujoco/model/slider_crank) by extension 'cmake'
[0.390s] Level 1:colcon.colcon_core.package_identification:_identify(mujoco/model/slider_crank) by extension 'python'
[0.390s] Level 1:colcon.colcon_core.package_identification:_identify(mujoco/model/slider_crank) by extensions ['python_setup_py']
[0.390s] Level 1:colcon.colcon_core.package_identification:_identify(mujoco/model/slider_crank) by extension 'python_setup_py'
[0.390s] Level 1:colcon.colcon_core.package_identification:_identify(mujoco/model/tendon_arm) by extensions ['ignore', 'ignore_ament_install']
[0.390s] Level 1:colcon.colcon_core.package_identification:_identify(mujoco/model/tendon_arm) by extension 'ignore'
[0.390s] Level 1:colcon.colcon_core.package_identification:_identify(mujoco/model/tendon_arm) by extension 'ignore_ament_install'
[0.391s] Level 1:colcon.colcon_core.package_identification:_identify(mujoco/model/tendon_arm) by extensions ['colcon_pkg']
[0.391s] Level 1:colcon.colcon_core.package_identification:_identify(mujoco/model/tendon_arm) by extension 'colcon_pkg'
[0.391s] Level 1:colcon.colcon_core.package_identification:_identify(mujoco/model/tendon_arm) by extensions ['colcon_meta']
[0.391s] Level 1:colcon.colcon_core.package_identification:_identify(mujoco/model/tendon_arm) by extension 'colcon_meta'
[0.391s] Level 1:colcon.colcon_core.package_identification:_identify(mujoco/model/tendon_arm) by extensions ['ros']
[0.391s] Level 1:colcon.colcon_core.package_identification:_identify(mujoco/model/tendon_arm) by extension 'ros'
[0.391s] Level 1:colcon.colcon_core.package_identification:_identify(mujoco/model/tendon_arm) by extensions ['cmake', 'python']
[0.391s] Level 1:colcon.colcon_core.package_identification:_identify(mujoco/model/tendon_arm) by extension 'cmake'
[0.391s] Level 1:colcon.colcon_core.package_identification:_identify(mujoco/model/tendon_arm) by extension 'python'
[0.391s] Level 1:colcon.colcon_core.package_identification:_identify(mujoco/model/tendon_arm) by extensions ['python_setup_py']
[0.391s] Level 1:colcon.colcon_core.package_identification:_identify(mujoco/model/tendon_arm) by extension 'python_setup_py'
[0.391s] Level 1:colcon.colcon_core.package_identification:_identify(mujoco/sample) by extensions ['ignore', 'ignore_ament_install']
[0.391s] Level 1:colcon.colcon_core.package_identification:_identify(mujoco/sample) by extension 'ignore'
[0.391s] Level 1:colcon.colcon_core.package_identification:_identify(mujoco/sample) by extension 'ignore_ament_install'
[0.391s] Level 1:colcon.colcon_core.package_identification:_identify(mujoco/sample) by extensions ['colcon_pkg']
[0.391s] Level 1:colcon.colcon_core.package_identification:_identify(mujoco/sample) by extension 'colcon_pkg'
[0.392s] Level 1:colcon.colcon_core.package_identification:_identify(mujoco/sample) by extensions ['colcon_meta']
[0.392s] Level 1:colcon.colcon_core.package_identification:_identify(mujoco/sample) by extension 'colcon_meta'
[0.392s] Level 1:colcon.colcon_core.package_identification:_identify(mujoco/sample) by extensions ['ros']
[0.392s] Level 1:colcon.colcon_core.package_identification:_identify(mujoco/sample) by extension 'ros'
[0.392s] Level 1:colcon.colcon_core.package_identification:_identify(mujoco/sample) by extensions ['cmake', 'python']
[0.392s] Level 1:colcon.colcon_core.package_identification:_identify(mujoco/sample) by extension 'cmake'
[0.392s] Level 1:colcon.colcon_core.package_identification:_identify(mujoco/sample) by extension 'python'
[0.392s] Level 1:colcon.colcon_core.package_identification:_identify(mujoco/sample) by extensions ['python_setup_py']
[0.392s] Level 1:colcon.colcon_core.package_identification:_identify(mujoco/sample) by extension 'python_setup_py'
[0.392s] Level 1:colcon.colcon_core.package_identification:_identify(mujoco/sample/cmake) by extensions ['ignore', 'ignore_ament_install']
[0.392s] Level 1:colcon.colcon_core.package_identification:_identify(mujoco/sample/cmake) by extension 'ignore'
[0.392s] Level 1:colcon.colcon_core.package_identification:_identify(mujoco/sample/cmake) by extension 'ignore_ament_install'
[0.392s] Level 1:colcon.colcon_core.package_identification:_identify(mujoco/sample/cmake) by extensions ['colcon_pkg']
[0.393s] Level 1:colcon.colcon_core.package_identification:_identify(mujoco/sample/cmake) by extension 'colcon_pkg'
[0.393s] Level 1:colcon.colcon_core.package_identification:_identify(mujoco/sample/cmake) by extensions ['colcon_meta']
[0.393s] Level 1:colcon.colcon_core.package_identification:_identify(mujoco/sample/cmake) by extension 'colcon_meta'
[0.393s] Level 1:colcon.colcon_core.package_identification:_identify(mujoco/sample/cmake) by extensions ['ros']
[0.393s] Level 1:colcon.colcon_core.package_identification:_identify(mujoco/sample/cmake) by extension 'ros'
[0.393s] Level 1:colcon.colcon_core.package_identification:_identify(mujoco/sample/cmake) by extensions ['cmake', 'python']
[0.393s] Level 1:colcon.colcon_core.package_identification:_identify(mujoco/sample/cmake) by extension 'cmake'
[0.393s] Level 1:colcon.colcon_core.package_identification:_identify(mujoco/sample/cmake) by extension 'python'
[0.393s] Level 1:colcon.colcon_core.package_identification:_identify(mujoco/sample/cmake) by extensions ['python_setup_py']
[0.393s] Level 1:colcon.colcon_core.package_identification:_identify(mujoco/sample/cmake) by extension 'python_setup_py'
[0.393s] Level 1:colcon.colcon_core.package_identification:_identify(mujoco/simulate) by extensions ['ignore', 'ignore_ament_install']
[0.393s] Level 1:colcon.colcon_core.package_identification:_identify(mujoco/simulate) by extension 'ignore'
[0.393s] Level 1:colcon.colcon_core.package_identification:_identify(mujoco/simulate) by extension 'ignore_ament_install'
[0.394s] Level 1:colcon.colcon_core.package_identification:_identify(mujoco/simulate) by extensions ['colcon_pkg']
[0.394s] Level 1:colcon.colcon_core.package_identification:_identify(mujoco/simulate) by extension 'colcon_pkg'
[0.394s] Level 1:colcon.colcon_core.package_identification:_identify(mujoco/simulate) by extensions ['colcon_meta']
[0.394s] Level 1:colcon.colcon_core.package_identification:_identify(mujoco/simulate) by extension 'colcon_meta'
[0.394s] Level 1:colcon.colcon_core.package_identification:_identify(mujoco/simulate) by extensions ['ros']
[0.394s] Level 1:colcon.colcon_core.package_identification:_identify(mujoco/simulate) by extension 'ros'
[0.394s] Level 1:colcon.colcon_core.package_identification:_identify(mujoco/simulate) by extensions ['cmake', 'python']
[0.394s] Level 1:colcon.colcon_core.package_identification:_identify(mujoco/simulate) by extension 'cmake'
[0.394s] Level 1:colcon.colcon_core.package_identification:_identify(mujoco/simulate) by extension 'python'
[0.394s] Level 1:colcon.colcon_core.package_identification:_identify(mujoco/simulate) by extensions ['python_setup_py']
[0.394s] Level 1:colcon.colcon_core.package_identification:_identify(mujoco/simulate) by extension 'python_setup_py'
[0.394s] Level 1:colcon.colcon_core.package_identification:_identify(mujoco/simulate/cmake) by extensions ['ignore', 'ignore_ament_install']
[0.394s] Level 1:colcon.colcon_core.package_identification:_identify(mujoco/simulate/cmake) by extension 'ignore'
[0.394s] Level 1:colcon.colcon_core.package_identification:_identify(mujoco/simulate/cmake) by extension 'ignore_ament_install'
[0.395s] Level 1:colcon.colcon_core.package_identification:_identify(mujoco/simulate/cmake) by extensions ['colcon_pkg']
[0.395s] Level 1:colcon.colcon_core.package_identification:_identify(mujoco/simulate/cmake) by extension 'colcon_pkg'
[0.395s] Level 1:colcon.colcon_core.package_identification:_identify(mujoco/simulate/cmake) by extensions ['colcon_meta']
[0.395s] Level 1:colcon.colcon_core.package_identification:_identify(mujoco/simulate/cmake) by extension 'colcon_meta'
[0.395s] Level 1:colcon.colcon_core.package_identification:_identify(mujoco/simulate/cmake) by extensions ['ros']
[0.395s] Level 1:colcon.colcon_core.package_identification:_identify(mujoco/simulate/cmake) by extension 'ros'
[0.395s] Level 1:colcon.colcon_core.package_identification:_identify(mujoco/simulate/cmake) by extensions ['cmake', 'python']
[0.395s] Level 1:colcon.colcon_core.package_identification:_identify(mujoco/simulate/cmake) by extension 'cmake'
[0.395s] Level 1:colcon.colcon_core.package_identification:_identify(mujoco/simulate/cmake) by extension 'python'
[0.395s] Level 1:colcon.colcon_core.package_identification:_identify(mujoco/simulate/cmake) by extensions ['python_setup_py']
[0.395s] Level 1:colcon.colcon_core.package_identification:_identify(mujoco/simulate/cmake) by extension 'python_setup_py'
[0.395s] Level 1:colcon.colcon_core.package_identification:_identify(src) by extensions ['ignore', 'ignore_ament_install']
[0.395s] Level 1:colcon.colcon_core.package_identification:_identify(src) by extension 'ignore'
[0.395s] Level 1:colcon.colcon_core.package_identification:_identify(src) by extension 'ignore_ament_install'
[0.396s] Level 1:colcon.colcon_core.package_identification:_identify(src) by extensions ['colcon_pkg']
[0.396s] Level 1:colcon.colcon_core.package_identification:_identify(src) by extension 'colcon_pkg'
[0.396s] Level 1:colcon.colcon_core.package_identification:_identify(src) by extensions ['colcon_meta']
[0.396s] Level 1:colcon.colcon_core.package_identification:_identify(src) by extension 'colcon_meta'
[0.396s] Level 1:colcon.colcon_core.package_identification:_identify(src) by extensions ['ros']
[0.396s] Level 1:colcon.colcon_core.package_identification:_identify(src) by extension 'ros'
[0.396s] Level 1:colcon.colcon_core.package_identification:_identify(src) by extensions ['cmake', 'python']
[0.396s] Level 1:colcon.colcon_core.package_identification:_identify(src) by extension 'cmake'
[0.396s] Level 1:colcon.colcon_core.package_identification:_identify(src) by extension 'python'
[0.396s] Level 1:colcon.colcon_core.package_identification:_identify(src) by extensions ['python_setup_py']
[0.396s] Level 1:colcon.colcon_core.package_identification:_identify(src) by extension 'python_setup_py'
[0.396s] Level 1:colcon.colcon_core.package_identification:_identify(src/premade_path_publisher) by extensions ['ignore', 'ignore_ament_install']
[0.396s] Level 1:colcon.colcon_core.package_identification:_identify(src/premade_path_publisher) by extension 'ignore'
[0.397s] Level 1:colcon.colcon_core.package_identification:_identify(src/premade_path_publisher) by extension 'ignore_ament_install'
[0.397s] Level 1:colcon.colcon_core.package_identification:_identify(src/premade_path_publisher) by extensions ['colcon_pkg']
[0.397s] Level 1:colcon.colcon_core.package_identification:_identify(src/premade_path_publisher) by extension 'colcon_pkg'
[0.397s] Level 1:colcon.colcon_core.package_identification:_identify(src/premade_path_publisher) by extensions ['colcon_meta']
[0.397s] Level 1:colcon.colcon_core.package_identification:_identify(src/premade_path_publisher) by extension 'colcon_meta'
[0.397s] Level 1:colcon.colcon_core.package_identification:_identify(src/premade_path_publisher) by extensions ['ros']
[0.397s] Level 1:colcon.colcon_core.package_identification:_identify(src/premade_path_publisher) by extension 'ros'
[0.400s] DEBUG:colcon.colcon_core.package_identification:Package 'src/premade_path_publisher' with type 'ros.ament_python' and name 'premade_path_publisher'
[0.400s] Level 1:colcon.colcon_core.package_identification:_identify(src/scara_general_ik_solver) by extensions ['ignore', 'ignore_ament_install']
[0.400s] Level 1:colcon.colcon_core.package_identification:_identify(src/scara_general_ik_solver) by extension 'ignore'
[0.400s] Level 1:colcon.colcon_core.package_identification:_identify(src/scara_general_ik_solver) by extension 'ignore_ament_install'
[0.400s] Level 1:colcon.colcon_core.package_identification:_identify(src/scara_general_ik_solver) by extensions ['colcon_pkg']
[0.400s] Level 1:colcon.colcon_core.package_identification:_identify(src/scara_general_ik_solver) by extension 'colcon_pkg'
[0.400s] Level 1:colcon.colcon_core.package_identification:_identify(src/scara_general_ik_solver) by extensions ['colcon_meta']
[0.400s] Level 1:colcon.colcon_core.package_identification:_identify(src/scara_general_ik_solver) by extension 'colcon_meta'
[0.400s] Level 1:colcon.colcon_core.package_identification:_identify(src/scara_general_ik_solver) by extensions ['ros']
[0.400s] Level 1:colcon.colcon_core.package_identification:_identify(src/scara_general_ik_solver) by extension 'ros'
[0.401s] DEBUG:colcon.colcon_core.package_identification:Package 'src/scara_general_ik_solver' with type 'ros.ament_python' and name 'scara_general_ik_solver'
[0.401s] Level 1:colcon.colcon_core.package_identification:_identify(src/scara_gz_bringup) by extensions ['ignore', 'ignore_ament_install']
[0.401s] Level 1:colcon.colcon_core.package_identification:_identify(src/scara_gz_bringup) by extension 'ignore'
[0.401s] Level 1:colcon.colcon_core.package_identification:_identify(src/scara_gz_bringup) by extension 'ignore_ament_install'
[0.401s] Level 1:colcon.colcon_core.package_identification:_identify(src/scara_gz_bringup) by extensions ['colcon_pkg']
[0.401s] Level 1:colcon.colcon_core.package_identification:_identify(src/scara_gz_bringup) by extension 'colcon_pkg'
[0.401s] Level 1:colcon.colcon_core.package_identification:_identify(src/scara_gz_bringup) by extensions ['colcon_meta']
[0.402s] Level 1:colcon.colcon_core.package_identification:_identify(src/scara_gz_bringup) by extension 'colcon_meta'
[0.402s] Level 1:colcon.colcon_core.package_identification:_identify(src/scara_gz_bringup) by extensions ['ros']
[0.402s] Level 1:colcon.colcon_core.package_identification:_identify(src/scara_gz_bringup) by extension 'ros'
[0.402s] DEBUG:colcon.colcon_core.package_identification:Package 'src/scara_gz_bringup' with type 'ros.ament_cmake' and name 'scara_gz_bringup'
[0.402s] Level 1:colcon.colcon_core.package_identification:_identify(src/scara_gz_description) by extensions ['ignore', 'ignore_ament_install']
[0.402s] Level 1:colcon.colcon_core.package_identification:_identify(src/scara_gz_description) by extension 'ignore'
[0.402s] Level 1:colcon.colcon_core.package_identification:_identify(src/scara_gz_description) by extension 'ignore_ament_install'
[0.403s] Level 1:colcon.colcon_core.package_identification:_identify(src/scara_gz_description) by extensions ['colcon_pkg']
[0.403s] Level 1:colcon.colcon_core.package_identification:_identify(src/scara_gz_description) by extension 'colcon_pkg'
[0.403s] Level 1:colcon.colcon_core.package_identification:_identify(src/scara_gz_description) by extensions ['colcon_meta']
[0.403s] Level 1:colcon.colcon_core.package_identification:_identify(src/scara_gz_description) by extension 'colcon_meta'
[0.403s] Level 1:colcon.colcon_core.package_identification:_identify(src/scara_gz_description) by extensions ['ros']
[0.403s] Level 1:colcon.colcon_core.package_identification:_identify(src/scara_gz_description) by extension 'ros'
[0.404s] DEBUG:colcon.colcon_core.package_identification:Package 'src/scara_gz_description' with type 'ros.ament_cmake' and name 'scara_gz_description'
[0.404s] Level 1:colcon.colcon_core.package_identification:_identify(src/scara_hardware_interface) by extensions ['ignore', 'ignore_ament_install']
[0.404s] Level 1:colcon.colcon_core.package_identification:_identify(src/scara_hardware_interface) by extension 'ignore'
[0.404s] Level 1:colcon.colcon_core.package_identification:_identify(src/scara_hardware_interface) by extension 'ignore_ament_install'
[0.404s] Level 1:colcon.colcon_core.package_identification:_identify(src/scara_hardware_interface) by extensions ['colcon_pkg']
[0.404s] Level 1:colcon.colcon_core.package_identification:_identify(src/scara_hardware_interface) by extension 'colcon_pkg'
[0.404s] Level 1:colcon.colcon_core.package_identification:_identify(src/scara_hardware_interface) by extensions ['colcon_meta']
[0.405s] Level 1:colcon.colcon_core.package_identification:_identify(src/scara_hardware_interface) by extension 'colcon_meta'
[0.405s] Level 1:colcon.colcon_core.package_identification:_identify(src/scara_hardware_interface) by extensions ['ros']
[0.405s] Level 1:colcon.colcon_core.package_identification:_identify(src/scara_hardware_interface) by extension 'ros'
[0.406s] DEBUG:colcon.colcon_core.package_identification:Package 'src/scara_hardware_interface' with type 'ros.ament_cmake' and name 'scara_hardware_interface'
[0.406s] Level 1:colcon.colcon_core.package_identification:_identify(src/scara_mujoco_bringup) by extensions ['ignore', 'ignore_ament_install']
[0.406s] Level 1:colcon.colcon_core.package_identification:_identify(src/scara_mujoco_bringup) by extension 'ignore'
[0.406s] Level 1:colcon.colcon_core.package_identification:_identify(src/scara_mujoco_bringup) by extension 'ignore_ament_install'
[0.406s] Level 1:colcon.colcon_core.package_identification:_identify(src/scara_mujoco_bringup) by extensions ['colcon_pkg']
[0.406s] Level 1:colcon.colcon_core.package_identification:_identify(src/scara_mujoco_bringup) by extension 'colcon_pkg'
[0.406s] Level 1:colcon.colcon_core.package_identification:_identify(src/scara_mujoco_bringup) by extensions ['colcon_meta']
[0.406s] Level 1:colcon.colcon_core.package_identification:_identify(src/scara_mujoco_bringup) by extension 'colcon_meta'
[0.407s] Level 1:colcon.colcon_core.package_identification:_identify(src/scara_mujoco_bringup) by extensions ['ros']
[0.407s] Level 1:colcon.colcon_core.package_identification:_identify(src/scara_mujoco_bringup) by extension 'ros'
[0.407s] DEBUG:colcon.colcon_core.package_identification:Package 'src/scara_mujoco_bringup' with type 'ros.ament_cmake' and name 'scara_mujoco_bringup'
[0.408s] Level 1:colcon.colcon_core.package_identification:_identify(src/scara_mujoco_description) by extensions ['ignore', 'ignore_ament_install']
[0.408s] Level 1:colcon.colcon_core.package_identification:_identify(src/scara_mujoco_description) by extension 'ignore'
[0.408s] Level 1:colcon.colcon_core.package_identification:_identify(src/scara_mujoco_description) by extension 'ignore_ament_install'
[0.408s] Level 1:colcon.colcon_core.package_identification:_identify(src/scara_mujoco_description) by extensions ['colcon_pkg']
[0.408s] Level 1:colcon.colcon_core.package_identification:_identify(src/scara_mujoco_description) by extension 'colcon_pkg'
[0.408s] Level 1:colcon.colcon_core.package_identification:_identify(src/scara_mujoco_description) by extensions ['colcon_meta']
[0.408s] Level 1:colcon.colcon_core.package_identification:_identify(src/scara_mujoco_description) by extension 'colcon_meta'
[0.408s] Level 1:colcon.colcon_core.package_identification:_identify(src/scara_mujoco_description) by extensions ['ros']
[0.408s] Level 1:colcon.colcon_core.package_identification:_identify(src/scara_mujoco_description) by extension 'ros'
[0.409s] DEBUG:colcon.colcon_core.package_identification:Package 'src/scara_mujoco_description' with type 'ros.ament_cmake' and name 'scara_mujoco_description'
[0.409s] Level 1:colcon.colcon_core.package_identification:_identify(src/scara_mujoco_python_sim) by extensions ['ignore', 'ignore_ament_install']
[0.409s] Level 1:colcon.colcon_core.package_identification:_identify(src/scara_mujoco_python_sim) by extension 'ignore'
[0.409s] Level 1:colcon.colcon_core.package_identification:_identify(src/scara_mujoco_python_sim) by extension 'ignore_ament_install'
[0.409s] Level 1:colcon.colcon_core.package_identification:_identify(src/scara_mujoco_python_sim) by extensions ['colcon_pkg']
[0.409s] Level 1:colcon.colcon_core.package_identification:_identify(src/scara_mujoco_python_sim) by extension 'colcon_pkg'
[0.409s] Level 1:colcon.colcon_core.package_identification:_identify(src/scara_mujoco_python_sim) by extensions ['colcon_meta']
[0.410s] Level 1:colcon.colcon_core.package_identification:_identify(src/scara_mujoco_python_sim) by extension 'colcon_meta'
[0.410s] Level 1:colcon.colcon_core.package_identification:_identify(src/scara_mujoco_python_sim) by extensions ['ros']
[0.410s] Level 1:colcon.colcon_core.package_identification:_identify(src/scara_mujoco_python_sim) by extension 'ros'
[0.410s] DEBUG:colcon.colcon_core.package_identification:Package 'src/scara_mujoco_python_sim' with type 'ros.ament_python' and name 'scara_mujoco_python_sim'
[0.411s] Level 1:colcon.colcon_core.package_identification:_identify(src/scara_mujoco_sim) by extensions ['ignore', 'ignore_ament_install']
[0.411s] Level 1:colcon.colcon_core.package_identification:_identify(src/scara_mujoco_sim) by extension 'ignore'
[0.411s] Level 1:colcon.colcon_core.package_identification:_identify(src/scara_mujoco_sim) by extension 'ignore_ament_install'
[0.411s] Level 1:colcon.colcon_core.package_identification:_identify(src/scara_mujoco_sim) by extensions ['colcon_pkg']
[0.411s] Level 1:colcon.colcon_core.package_identification:_identify(src/scara_mujoco_sim) by extension 'colcon_pkg'
[0.411s] Level 1:colcon.colcon_core.package_identification:_identify(src/scara_mujoco_sim) by extensions ['colcon_meta']
[0.411s] Level 1:colcon.colcon_core.package_identification:_identify(src/scara_mujoco_sim) by extension 'colcon_meta'
[0.411s] Level 1:colcon.colcon_core.package_identification:_identify(src/scara_mujoco_sim) by extensions ['ros']
[0.411s] Level 1:colcon.colcon_core.package_identification:_identify(src/scara_mujoco_sim) by extension 'ros'
[0.412s] DEBUG:colcon.colcon_core.package_identification:Package 'src/scara_mujoco_sim' with type 'ros.ament_cmake' and name 'scara_mujoco_sim'
[0.412s] Level 1:colcon.colcon_core.package_identification:_identify(src/scara_path_controller) by extensions ['ignore', 'ignore_ament_install']
[0.413s] Level 1:colcon.colcon_core.package_identification:_identify(src/scara_path_controller) by extension 'ignore'
[0.413s] Level 1:colcon.colcon_core.package_identification:_identify(src/scara_path_controller) by extension 'ignore_ament_install'
[0.413s] Level 1:colcon.colcon_core.package_identification:_identify(src/scara_path_controller) by extensions ['colcon_pkg']
[0.413s] Level 1:colcon.colcon_core.package_identification:_identify(src/scara_path_controller) by extension 'colcon_pkg'
[0.413s] Level 1:colcon.colcon_core.package_identification:_identify(src/scara_path_controller) by extensions ['colcon_meta']
[0.413s] Level 1:colcon.colcon_core.package_identification:_identify(src/scara_path_controller) by extension 'colcon_meta'
[0.413s] Level 1:colcon.colcon_core.package_identification:_identify(src/scara_path_controller) by extensions ['ros']
[0.413s] Level 1:colcon.colcon_core.package_identification:_identify(src/scara_path_controller) by extension 'ros'
[0.414s] DEBUG:colcon.colcon_core.package_identification:Package 'src/scara_path_controller' with type 'ros.ament_python' and name 'scara_path_controller'
[0.414s] Level 1:colcon.colcon_core.package_identification:_identify(src/scara_path_generator) by extensions ['ignore', 'ignore_ament_install']
[0.414s] Level 1:colcon.colcon_core.package_identification:_identify(src/scara_path_generator) by extension 'ignore'
[0.414s] Level 1:colcon.colcon_core.package_identification:_identify(src/scara_path_generator) by extension 'ignore_ament_install'
[0.414s] Level 1:colcon.colcon_core.package_identification:_identify(src/scara_path_generator) by extensions ['colcon_pkg']
[0.414s] Level 1:colcon.colcon_core.package_identification:_identify(src/scara_path_generator) by extension 'colcon_pkg'
[0.414s] Level 1:colcon.colcon_core.package_identification:_identify(src/scara_path_generator) by extensions ['colcon_meta']
[0.414s] Level 1:colcon.colcon_core.package_identification:_identify(src/scara_path_generator) by extension 'colcon_meta'
[0.414s] Level 1:colcon.colcon_core.package_identification:_identify(src/scara_path_generator) by extensions ['ros']
[0.414s] Level 1:colcon.colcon_core.package_identification:_identify(src/scara_path_generator) by extension 'ros'
[0.415s] DEBUG:colcon.colcon_core.package_identification:Package 'src/scara_path_generator' with type 'ros.ament_python' and name 'scara_path_generator'
[0.415s] Level 1:colcon.colcon_core.package_identification:_identify(src/scara_real_bringup) by extensions ['ignore', 'ignore_ament_install']
[0.415s] Level 1:colcon.colcon_core.package_identification:_identify(src/scara_real_bringup) by extension 'ignore'
[0.415s] Level 1:colcon.colcon_core.package_identification:_identify(src/scara_real_bringup) by extension 'ignore_ament_install'
[0.415s] Level 1:colcon.colcon_core.package_identification:_identify(src/scara_real_bringup) by extensions ['colcon_pkg']
[0.415s] Level 1:colcon.colcon_core.package_identification:_identify(src/scara_real_bringup) by extension 'colcon_pkg'
[0.415s] Level 1:colcon.colcon_core.package_identification:_identify(src/scara_real_bringup) by extensions ['colcon_meta']
[0.415s] Level 1:colcon.colcon_core.package_identification:_identify(src/scara_real_bringup) by extension 'colcon_meta'
[0.416s] Level 1:colcon.colcon_core.package_identification:_identify(src/scara_real_bringup) by extensions ['ros']
[0.416s] Level 1:colcon.colcon_core.package_identification:_identify(src/scara_real_bringup) by extension 'ros'
[0.416s] DEBUG:colcon.colcon_core.package_identification:Package 'src/scara_real_bringup' with type 'ros.ament_cmake' and name 'scara_real_bringup'
[0.417s] Level 1:colcon.colcon_core.package_identification:_identify(src/scara_real_description) by extensions ['ignore', 'ignore_ament_install']
[0.417s] Level 1:colcon.colcon_core.package_identification:_identify(src/scara_real_description) by extension 'ignore'
[0.417s] Level 1:colcon.colcon_core.package_identification:_identify(src/scara_real_description) by extension 'ignore_ament_install'
[0.417s] Level 1:colcon.colcon_core.package_identification:_identify(src/scara_real_description) by extensions ['colcon_pkg']
[0.417s] Level 1:colcon.colcon_core.package_identification:_identify(src/scara_real_description) by extension 'colcon_pkg'
[0.417s] Level 1:colcon.colcon_core.package_identification:_identify(src/scara_real_description) by extensions ['colcon_meta']
[0.417s] Level 1:colcon.colcon_core.package_identification:_identify(src/scara_real_description) by extension 'colcon_meta'
[0.417s] Level 1:colcon.colcon_core.package_identification:_identify(src/scara_real_description) by extensions ['ros']
[0.417s] Level 1:colcon.colcon_core.package_identification:_identify(src/scara_real_description) by extension 'ros'
[0.418s] DEBUG:colcon.colcon_core.package_identification:Package 'src/scara_real_description' with type 'ros.ament_cmake' and name 'scara_real_description'
[0.418s] Level 1:colcon.colcon_core.package_identification:_identify(src/scara_tf_generator) by extensions ['ignore', 'ignore_ament_install']
[0.418s] Level 1:colcon.colcon_core.package_identification:_identify(src/scara_tf_generator) by extension 'ignore'
[0.418s] Level 1:colcon.colcon_core.package_identification:_identify(src/scara_tf_generator) by extension 'ignore_ament_install'
[0.418s] Level 1:colcon.colcon_core.package_identification:_identify(src/scara_tf_generator) by extensions ['colcon_pkg']
[0.418s] Level 1:colcon.colcon_core.package_identification:_identify(src/scara_tf_generator) by extension 'colcon_pkg'
[0.418s] Level 1:colcon.colcon_core.package_identification:_identify(src/scara_tf_generator) by extensions ['colcon_meta']
[0.418s] Level 1:colcon.colcon_core.package_identification:_identify(src/scara_tf_generator) by extension 'colcon_meta'
[0.418s] Level 1:colcon.colcon_core.package_identification:_identify(src/scara_tf_generator) by extensions ['ros']
[0.418s] Level 1:colcon.colcon_core.package_identification:_identify(src/scara_tf_generator) by extension 'ros'
[0.419s] DEBUG:colcon.colcon_core.package_identification:Package 'src/scara_tf_generator' with type 'ros.ament_python' and name 'scara_tf_generator'
[0.419s] Level 1:colcon.colcon_core.package_discovery:discover_packages(recursive) using defaults
[0.419s] Level 1:colcon.colcon_core.package_discovery:discover_packages(ignore) discover
[0.419s] Level 1:colcon.colcon_core.package_discovery:discover_packages(ignore) using defaults
[0.419s] Level 1:colcon.colcon_core.package_discovery:discover_packages(path) discover
[0.419s] Level 1:colcon.colcon_core.package_discovery:discover_packages(path) using defaults
[0.457s] Level 5:colcon.colcon_core.verb:set package 'premade_path_publisher' build argument 'cmake_args' from command line to 'None'
[0.457s] Level 5:colcon.colcon_core.verb:set package 'premade_path_publisher' build argument 'cmake_target' from command line to 'None'
[0.458s] Level 5:colcon.colcon_core.verb:set package 'premade_path_publisher' build argument 'cmake_target_skip_unavailable' from command line to 'False'
[0.458s] Level 5:colcon.colcon_core.verb:set package 'premade_path_publisher' build argument 'cmake_clean_cache' from command line to 'False'
[0.458s] Level 5:colcon.colcon_core.verb:set package 'premade_path_publisher' build argument 'cmake_clean_first' from command line to 'False'
[0.458s] Level 5:colcon.colcon_core.verb:set package 'premade_path_publisher' build argument 'cmake_force_configure' from command line to 'False'
[0.458s] Level 5:colcon.colcon_core.verb:set package 'premade_path_publisher' build argument 'ament_cmake_args' from command line to 'None'
[0.458s] Level 5:colcon.colcon_core.verb:set package 'premade_path_publisher' build argument 'catkin_cmake_args' from command line to 'None'
[0.458s] Level 5:colcon.colcon_core.verb:set package 'premade_path_publisher' build argument 'catkin_skip_building_tests' from command line to 'False'
[0.458s] DEBUG:colcon.colcon_core.verb:Building package 'premade_path_publisher' with the following arguments: {'ament_cmake_args': None, 'build_base': '/home/eia/repo/rbi_2025_2/scara/scara_ws/build/premade_path_publisher', 'catkin_cmake_args': None, 'catkin_skip_building_tests': False, 'cmake_args': None, 'cmake_clean_cache': False, 'cmake_clean_first': False, 'cmake_force_configure': False, 'cmake_target': None, 'cmake_target_skip_unavailable': False, 'install_base': '/home/eia/repo/rbi_2025_2/scara/scara_ws/install/premade_path_publisher', 'merge_install': False, 'path': '/home/eia/repo/rbi_2025_2/scara/scara_ws/src/premade_path_publisher', 'symlink_install': True, 'test_result_base': None}
[0.458s] Level 5:colcon.colcon_core.verb:set package 'scara_general_ik_solver' build argument 'cmake_args' from command line to 'None'
[0.459s] Level 5:colcon.colcon_core.verb:set package 'scara_general_ik_solver' build argument 'cmake_target' from command line to 'None'
[0.459s] Level 5:colcon.colcon_core.verb:set package 'scara_general_ik_solver' build argument 'cmake_target_skip_unavailable' from command line to 'False'
[0.459s] Level 5:colcon.colcon_core.verb:set package 'scara_general_ik_solver' build argument 'cmake_clean_cache' from command line to 'False'
[0.459s] Level 5:colcon.colcon_core.verb:set package 'scara_general_ik_solver' build argument 'cmake_clean_first' from command line to 'False'
[0.459s] Level 5:colcon.colcon_core.verb:set package 'scara_general_ik_solver' build argument 'cmake_force_configure' from command line to 'False'
[0.459s] Level 5:colcon.colcon_core.verb:set package 'scara_general_ik_solver' build argument 'ament_cmake_args' from command line to 'None'
[0.459s] Level 5:colcon.colcon_core.verb:set package 'scara_general_ik_solver' build argument 'catkin_cmake_args' from command line to 'None'
[0.459s] Level 5:colcon.colcon_core.verb:set package 'scara_general_ik_solver' build argument 'catkin_skip_building_tests' from command line to 'False'
[0.459s] DEBUG:colcon.colcon_core.verb:Building package 'scara_general_ik_solver' with the following arguments: {'ament_cmake_args': None, 'build_base': '/home/eia/repo/rbi_2025_2/scara/scara_ws/build/scara_general_ik_solver', 'catkin_cmake_args': None, 'catkin_skip_building_tests': False, 'cmake_args': None, 'cmake_clean_cache': False, 'cmake_clean_first': False, 'cmake_force_configure': False, 'cmake_target': None, 'cmake_target_skip_unavailable': False, 'install_base': '/home/eia/repo/rbi_2025_2/scara/scara_ws/install/scara_general_ik_solver', 'merge_install': False, 'path': '/home/eia/repo/rbi_2025_2/scara/scara_ws/src/scara_general_ik_solver', 'symlink_install': True, 'test_result_base': None}
[0.459s] Level 5:colcon.colcon_core.verb:set package 'scara_gz_bringup' build argument 'cmake_args' from command line to 'None'
[0.459s] Level 5:colcon.colcon_core.verb:set package 'scara_gz_bringup' build argument 'cmake_target' from command line to 'None'
[0.459s] Level 5:colcon.colcon_core.verb:set package 'scara_gz_bringup' build argument 'cmake_target_skip_unavailable' from command line to 'False'
[0.459s] Level 5:colcon.colcon_core.verb:set package 'scara_gz_bringup' build argument 'cmake_clean_cache' from command line to 'False'
[0.459s] Level 5:colcon.colcon_core.verb:set package 'scara_gz_bringup' build argument 'cmake_clean_first' from command line to 'False'
[0.460s] Level 5:colcon.colcon_core.verb:set package 'scara_gz_bringup' build argument 'cmake_force_configure' from command line to 'False'
[0.460s] Level 5:colcon.colcon_core.verb:set package 'scara_gz_bringup' build argument 'ament_cmake_args' from command line to 'None'
[0.460s] Level 5:colcon.colcon_core.verb:set package 'scara_gz_bringup' build argument 'catkin_cmake_args' from command line to 'None'
[0.460s] Level 5:colcon.colcon_core.verb:set package 'scara_gz_bringup' build argument 'catkin_skip_building_tests' from command line to 'False'
[0.460s] DEBUG:colcon.colcon_core.verb:Building package 'scara_gz_bringup' with the following arguments: {'ament_cmake_args': None, 'build_base': '/home/eia/repo/rbi_2025_2/scara/scara_ws/build/scara_gz_bringup', 'catkin_cmake_args': None, 'catkin_skip_building_tests': False, 'cmake_args': None, 'cmake_clean_cache': False, 'cmake_clean_first': False, 'cmake_force_configure': False, 'cmake_target': None, 'cmake_target_skip_unavailable': False, 'install_base': '/home/eia/repo/rbi_2025_2/scara/scara_ws/install/scara_gz_bringup', 'merge_install': False, 'path': '/home/eia/repo/rbi_2025_2/scara/scara_ws/src/scara_gz_bringup', 'symlink_install': True, 'test_result_base': None}
[0.460s] Level 5:colcon.colcon_core.verb:set package 'scara_gz_description' build argument 'cmake_args' from command line to 'None'
[0.460s] Level 5:colcon.colcon_core.verb:set package 'scara_gz_description' build argument 'cmake_target' from command line to 'None'
[0.460s] Level 5:colcon.colcon_core.verb:set package 'scara_gz_description' build argument 'cmake_target_skip_unavailable' from command line to 'False'
[0.460s] Level 5:colcon.colcon_core.verb:set package 'scara_gz_description' build argument 'cmake_clean_cache' from command line to 'False'
[0.460s] Level 5:colcon.colcon_core.verb:set package 'scara_gz_description' build argument 'cmake_clean_first' from command line to 'False'
[0.460s] Level 5:colcon.colcon_core.verb:set package 'scara_gz_description' build argument 'cmake_force_configure' from command line to 'False'
[0.460s] Level 5:colcon.colcon_core.verb:set package 'scara_gz_description' build argument 'ament_cmake_args' from command line to 'None'
[0.460s] Level 5:colcon.colcon_core.verb:set package 'scara_gz_description' build argument 'catkin_cmake_args' from command line to 'None'
[0.461s] Level 5:colcon.colcon_core.verb:set package 'scara_gz_description' build argument 'catkin_skip_building_tests' from command line to 'False'
[0.461s] DEBUG:colcon.colcon_core.verb:Building package 'scara_gz_description' with the following arguments: {'ament_cmake_args': None, 'build_base': '/home/eia/repo/rbi_2025_2/scara/scara_ws/build/scara_gz_description', 'catkin_cmake_args': None, 'catkin_skip_building_tests': False, 'cmake_args': None, 'cmake_clean_cache': False, 'cmake_clean_first': False, 'cmake_force_configure': False, 'cmake_target': None, 'cmake_target_skip_unavailable': False, 'install_base': '/home/eia/repo/rbi_2025_2/scara/scara_ws/install/scara_gz_description', 'merge_install': False, 'path': '/home/eia/repo/rbi_2025_2/scara/scara_ws/src/scara_gz_description', 'symlink_install': True, 'test_result_base': None}
[0.461s] Level 5:colcon.colcon_core.verb:set package 'scara_hardware_interface' build argument 'cmake_args' from command line to 'None'
[0.461s] Level 5:colcon.colcon_core.verb:set package 'scara_hardware_interface' build argument 'cmake_target' from command line to 'None'
[0.461s] Level 5:colcon.colcon_core.verb:set package 'scara_hardware_interface' build argument 'cmake_target_skip_unavailable' from command line to 'False'
[0.461s] Level 5:colcon.colcon_core.verb:set package 'scara_hardware_interface' build argument 'cmake_clean_cache' from command line to 'False'
[0.461s] Level 5:colcon.colcon_core.verb:set package 'scara_hardware_interface' build argument 'cmake_clean_first' from command line to 'False'
[0.461s] Level 5:colcon.colcon_core.verb:set package 'scara_hardware_interface' build argument 'cmake_force_configure' from command line to 'False'
[0.461s] Level 5:colcon.colcon_core.verb:set package 'scara_hardware_interface' build argument 'ament_cmake_args' from command line to 'None'
[0.461s] Level 5:colcon.colcon_core.verb:set package 'scara_hardware_interface' build argument 'catkin_cmake_args' from command line to 'None'
[0.461s] Level 5:colcon.colcon_core.verb:set package 'scara_hardware_interface' build argument 'catkin_skip_building_tests' from command line to 'False'
[0.461s] DEBUG:colcon.colcon_core.verb:Building package 'scara_hardware_interface' with the following arguments: {'ament_cmake_args': None, 'build_base': '/home/eia/repo/rbi_2025_2/scara/scara_ws/build/scara_hardware_interface', 'catkin_cmake_args': None, 'catkin_skip_building_tests': False, 'cmake_args': None, 'cmake_clean_cache': False, 'cmake_clean_first': False, 'cmake_force_configure': False, 'cmake_target': None, 'cmake_target_skip_unavailable': False, 'install_base': '/home/eia/repo/rbi_2025_2/scara/scara_ws/install/scara_hardware_interface', 'merge_install': False, 'path': '/home/eia/repo/rbi_2025_2/scara/scara_ws/src/scara_hardware_interface', 'symlink_install': True, 'test_result_base': None}
[0.462s] Level 5:colcon.colcon_core.verb:set package 'scara_mujoco_bringup' build argument 'cmake_args' from command line to 'None'
[0.462s] Level 5:colcon.colcon_core.verb:set package 'scara_mujoco_bringup' build argument 'cmake_target' from command line to 'None'
[0.462s] Level 5:colcon.colcon_core.verb:set package 'scara_mujoco_bringup' build argument 'cmake_target_skip_unavailable' from command line to 'False'
[0.462s] Level 5:colcon.colcon_core.verb:set package 'scara_mujoco_bringup' build argument 'cmake_clean_cache' from command line to 'False'
[0.462s] Level 5:colcon.colcon_core.verb:set package 'scara_mujoco_bringup' build argument 'cmake_clean_first' from command line to 'False'
[0.462s] Level 5:colcon.colcon_core.verb:set package 'scara_mujoco_bringup' build argument 'cmake_force_configure' from command line to 'False'
[0.462s] Level 5:colcon.colcon_core.verb:set package 'scara_mujoco_bringup' build argument 'ament_cmake_args' from command line to 'None'
[0.462s] Level 5:colcon.colcon_core.verb:set package 'scara_mujoco_bringup' build argument 'catkin_cmake_args' from command line to 'None'
[0.462s] Level 5:colcon.colcon_core.verb:set package 'scara_mujoco_bringup' build argument 'catkin_skip_building_tests' from command line to 'False'
[0.462s] DEBUG:colcon.colcon_core.verb:Building package 'scara_mujoco_bringup' with the following arguments: {'ament_cmake_args': None, 'build_base': '/home/eia/repo/rbi_2025_2/scara/scara_ws/build/scara_mujoco_bringup', 'catkin_cmake_args': None, 'catkin_skip_building_tests': False, 'cmake_args': None, 'cmake_clean_cache': False, 'cmake_clean_first': False, 'cmake_force_configure': False, 'cmake_target': None, 'cmake_target_skip_unavailable': False, 'install_base': '/home/eia/repo/rbi_2025_2/scara/scara_ws/install/scara_mujoco_bringup', 'merge_install': False, 'path': '/home/eia/repo/rbi_2025_2/scara/scara_ws/src/scara_mujoco_bringup', 'symlink_install': True, 'test_result_base': None}
[0.463s] Level 5:colcon.colcon_core.verb:set package 'scara_mujoco_description' build argument 'cmake_args' from command line to 'None'
[0.463s] Level 5:colcon.colcon_core.verb:set package 'scara_mujoco_description' build argument 'cmake_target' from command line to 'None'
[0.463s] Level 5:colcon.colcon_core.verb:set package 'scara_mujoco_description' build argument 'cmake_target_skip_unavailable' from command line to 'False'
[0.463s] Level 5:colcon.colcon_core.verb:set package 'scara_mujoco_description' build argument 'cmake_clean_cache' from command line to 'False'
[0.463s] Level 5:colcon.colcon_core.verb:set package 'scara_mujoco_description' build argument 'cmake_clean_first' from command line to 'False'
[0.463s] Level 5:colcon.colcon_core.verb:set package 'scara_mujoco_description' build argument 'cmake_force_configure' from command line to 'False'
[0.463s] Level 5:colcon.colcon_core.verb:set package 'scara_mujoco_description' build argument 'ament_cmake_args' from command line to 'None'
[0.463s] Level 5:colcon.colcon_core.verb:set package 'scara_mujoco_description' build argument 'catkin_cmake_args' from command line to 'None'
[0.463s] Level 5:colcon.colcon_core.verb:set package 'scara_mujoco_description' build argument 'catkin_skip_building_tests' from command line to 'False'
[0.463s] DEBUG:colcon.colcon_core.verb:Building package 'scara_mujoco_description' with the following arguments: {'ament_cmake_args': None, 'build_base': '/home/eia/repo/rbi_2025_2/scara/scara_ws/build/scara_mujoco_description', 'catkin_cmake_args': None, 'catkin_skip_building_tests': False, 'cmake_args': None, 'cmake_clean_cache': False, 'cmake_clean_first': False, 'cmake_force_configure': False, 'cmake_target': None, 'cmake_target_skip_unavailable': False, 'install_base': '/home/eia/repo/rbi_2025_2/scara/scara_ws/install/scara_mujoco_description', 'merge_install': False, 'path': '/home/eia/repo/rbi_2025_2/scara/scara_ws/src/scara_mujoco_description', 'symlink_install': True, 'test_result_base': None}
[0.463s] Level 5:colcon.colcon_core.verb:set package 'scara_mujoco_python_sim' build argument 'cmake_args' from command line to 'None'
[0.463s] Level 5:colcon.colcon_core.verb:set package 'scara_mujoco_python_sim' build argument 'cmake_target' from command line to 'None'
[0.464s] Level 5:colcon.colcon_core.verb:set package 'scara_mujoco_python_sim' build argument 'cmake_target_skip_unavailable' from command line to 'False'
[0.464s] Level 5:colcon.colcon_core.verb:set package 'scara_mujoco_python_sim' build argument 'cmake_clean_cache' from command line to 'False'
[0.464s] Level 5:colcon.colcon_core.verb:set package 'scara_mujoco_python_sim' build argument 'cmake_clean_first' from command line to 'False'
[0.464s] Level 5:colcon.colcon_core.verb:set package 'scara_mujoco_python_sim' build argument 'cmake_force_configure' from command line to 'False'
[0.464s] Level 5:colcon.colcon_core.verb:set package 'scara_mujoco_python_sim' build argument 'ament_cmake_args' from command line to 'None'
[0.464s] Level 5:colcon.colcon_core.verb:set package 'scara_mujoco_python_sim' build argument 'catkin_cmake_args' from command line to 'None'
[0.464s] Level 5:colcon.colcon_core.verb:set package 'scara_mujoco_python_sim' build argument 'catkin_skip_building_tests' from command line to 'False'
[0.464s] DEBUG:colcon.colcon_core.verb:Building package 'scara_mujoco_python_sim' with the following arguments: {'ament_cmake_args': None, 'build_base': '/home/eia/repo/rbi_2025_2/scara/scara_ws/build/scara_mujoco_python_sim', 'catkin_cmake_args': None, 'catkin_skip_building_tests': False, 'cmake_args': None, 'cmake_clean_cache': False, 'cmake_clean_first': False, 'cmake_force_configure': False, 'cmake_target': None, 'cmake_target_skip_unavailable': False, 'install_base': '/home/eia/repo/rbi_2025_2/scara/scara_ws/install/scara_mujoco_python_sim', 'merge_install': False, 'path': '/home/eia/repo/rbi_2025_2/scara/scara_ws/src/scara_mujoco_python_sim', 'symlink_install': True, 'test_result_base': None}
[0.464s] Level 5:colcon.colcon_core.verb:set package 'scara_mujoco_sim' build argument 'cmake_args' from command line to 'None'
[0.464s] Level 5:colcon.colcon_core.verb:set package 'scara_mujoco_sim' build argument 'cmake_target' from command line to 'None'
[0.464s] Level 5:colcon.colcon_core.verb:set package 'scara_mujoco_sim' build argument 'cmake_target_skip_unavailable' from command line to 'False'
[0.464s] Level 5:colcon.colcon_core.verb:set package 'scara_mujoco_sim' build argument 'cmake_clean_cache' from command line to 'False'
[0.464s] Level 5:colcon.colcon_core.verb:set package 'scara_mujoco_sim' build argument 'cmake_clean_first' from command line to 'False'
[0.464s] Level 5:colcon.colcon_core.verb:set package 'scara_mujoco_sim' build argument 'cmake_force_configure' from command line to 'False'
[0.464s] Level 5:colcon.colcon_core.verb:set package 'scara_mujoco_sim' build argument 'ament_cmake_args' from command line to 'None'
[0.464s] Level 5:colcon.colcon_core.verb:set package 'scara_mujoco_sim' build argument 'catkin_cmake_args' from command line to 'None'
[0.464s] Level 5:colcon.colcon_core.verb:set package 'scara_mujoco_sim' build argument 'catkin_skip_building_tests' from command line to 'False'
[0.464s] DEBUG:colcon.colcon_core.verb:Building package 'scara_mujoco_sim' with the following arguments: {'ament_cmake_args': None, 'build_base': '/home/eia/repo/rbi_2025_2/scara/scara_ws/build/scara_mujoco_sim', 'catkin_cmake_args': None, 'catkin_skip_building_tests': False, 'cmake_args': None, 'cmake_clean_cache': False, 'cmake_clean_first': False, 'cmake_force_configure': False, 'cmake_target': None, 'cmake_target_skip_unavailable': False, 'install_base': '/home/eia/repo/rbi_2025_2/scara/scara_ws/install/scara_mujoco_sim', 'merge_install': False, 'path': '/home/eia/repo/rbi_2025_2/scara/scara_ws/src/scara_mujoco_sim', 'symlink_install': True, 'test_result_base': None}
[0.465s] Level 5:colcon.colcon_core.verb:set package 'scara_path_controller' build argument 'cmake_args' from command line to 'None'
[0.465s] Level 5:colcon.colcon_core.verb:set package 'scara_path_controller' build argument 'cmake_target' from command line to 'None'
[0.465s] Level 5:colcon.colcon_core.verb:set package 'scara_path_controller' build argument 'cmake_target_skip_unavailable' from command line to 'False'
[0.465s] Level 5:colcon.colcon_core.verb:set package 'scara_path_controller' build argument 'cmake_clean_cache' from command line to 'False'
[0.465s] Level 5:colcon.colcon_core.verb:set package 'scara_path_controller' build argument 'cmake_clean_first' from command line to 'False'
[0.465s] Level 5:colcon.colcon_core.verb:set package 'scara_path_controller' build argument 'cmake_force_configure' from command line to 'False'
[0.465s] Level 5:colcon.colcon_core.verb:set package 'scara_path_controller' build argument 'ament_cmake_args' from command line to 'None'
[0.465s] Level 5:colcon.colcon_core.verb:set package 'scara_path_controller' build argument 'catkin_cmake_args' from command line to 'None'
[0.465s] Level 5:colcon.colcon_core.verb:set package 'scara_path_controller' build argument 'catkin_skip_building_tests' from command line to 'False'
[0.465s] DEBUG:colcon.colcon_core.verb:Building package 'scara_path_controller' with the following arguments: {'ament_cmake_args': None, 'build_base': '/home/eia/repo/rbi_2025_2/scara/scara_ws/build/scara_path_controller', 'catkin_cmake_args': None, 'catkin_skip_building_tests': False, 'cmake_args': None, 'cmake_clean_cache': False, 'cmake_clean_first': False, 'cmake_force_configure': False, 'cmake_target': None, 'cmake_target_skip_unavailable': False, 'install_base': '/home/eia/repo/rbi_2025_2/scara/scara_ws/install/scara_path_controller', 'merge_install': False, 'path': '/home/eia/repo/rbi_2025_2/scara/scara_ws/src/scara_path_controller', 'symlink_install': True, 'test_result_base': None}
[0.466s] Level 5:colcon.colcon_core.verb:set package 'scara_path_generator' build argument 'cmake_args' from command line to 'None'
[0.466s] Level 5:colcon.colcon_core.verb:set package 'scara_path_generator' build argument 'cmake_target' from command line to 'None'
[0.466s] Level 5:colcon.colcon_core.verb:set package 'scara_path_generator' build argument 'cmake_target_skip_unavailable' from command line to 'False'
[0.466s] Level 5:colcon.colcon_core.verb:set package 'scara_path_generator' build argument 'cmake_clean_cache' from command line to 'False'
[0.466s] Level 5:colcon.colcon_core.verb:set package 'scara_path_generator' build argument 'cmake_clean_first' from command line to 'False'
[0.466s] Level 5:colcon.colcon_core.verb:set package 'scara_path_generator' build argument 'cmake_force_configure' from command line to 'False'
[0.466s] Level 5:colcon.colcon_core.verb:set package 'scara_path_generator' build argument 'ament_cmake_args' from command line to 'None'
[0.466s] Level 5:colcon.colcon_core.verb:set package 'scara_path_generator' build argument 'catkin_cmake_args' from command line to 'None'
[0.466s] Level 5:colcon.colcon_core.verb:set package 'scara_path_generator' build argument 'catkin_skip_building_tests' from command line to 'False'
[0.466s] DEBUG:colcon.colcon_core.verb:Building package 'scara_path_generator' with the following arguments: {'ament_cmake_args': None, 'build_base': '/home/eia/repo/rbi_2025_2/scara/scara_ws/build/scara_path_generator', 'catkin_cmake_args': None, 'catkin_skip_building_tests': False, 'cmake_args': None, 'cmake_clean_cache': False, 'cmake_clean_first': False, 'cmake_force_configure': False, 'cmake_target': None, 'cmake_target_skip_unavailable': False, 'install_base': '/home/eia/repo/rbi_2025_2/scara/scara_ws/install/scara_path_generator', 'merge_install': False, 'path': '/home/eia/repo/rbi_2025_2/scara/scara_ws/src/scara_path_generator', 'symlink_install': True, 'test_result_base': None}
[0.466s] Level 5:colcon.colcon_core.verb:set package 'scara_real_bringup' build argument 'cmake_args' from command line to 'None'
[0.466s] Level 5:colcon.colcon_core.verb:set package 'scara_real_bringup' build argument 'cmake_target' from command line to 'None'
[0.466s] Level 5:colcon.colcon_core.verb:set package 'scara_real_bringup' build argument 'cmake_target_skip_unavailable' from command line to 'False'
[0.466s] Level 5:colcon.colcon_core.verb:set package 'scara_real_bringup' build argument 'cmake_clean_cache' from command line to 'False'
[0.466s] Level 5:colcon.colcon_core.verb:set package 'scara_real_bringup' build argument 'cmake_clean_first' from command line to 'False'
[0.466s] Level 5:colcon.colcon_core.verb:set package 'scara_real_bringup' build argument 'cmake_force_configure' from command line to 'False'
[0.466s] Level 5:colcon.colcon_core.verb:set package 'scara_real_bringup' build argument 'ament_cmake_args' from command line to 'None'
[0.467s] Level 5:colcon.colcon_core.verb:set package 'scara_real_bringup' build argument 'catkin_cmake_args' from command line to 'None'
[0.467s] Level 5:colcon.colcon_core.verb:set package 'scara_real_bringup' build argument 'catkin_skip_building_tests' from command line to 'False'
[0.467s] DEBUG:colcon.colcon_core.verb:Building package 'scara_real_bringup' with the following arguments: {'ament_cmake_args': None, 'build_base': '/home/eia/repo/rbi_2025_2/scara/scara_ws/build/scara_real_bringup', 'catkin_cmake_args': None, 'catkin_skip_building_tests': False, 'cmake_args': None, 'cmake_clean_cache': False, 'cmake_clean_first': False, 'cmake_force_configure': False, 'cmake_target': None, 'cmake_target_skip_unavailable': False, 'install_base': '/home/eia/repo/rbi_2025_2/scara/scara_ws/install/scara_real_bringup', 'merge_install': False, 'path': '/home/eia/repo/rbi_2025_2/scara/scara_ws/src/scara_real_bringup', 'symlink_install': True, 'test_result_base': None}
[0.467s] Level 5:colcon.colcon_core.verb:set package 'scara_real_description' build argument 'cmake_args' from command line to 'None'
[0.467s] Level 5:colcon.colcon_core.verb:set package 'scara_real_description' build argument 'cmake_target' from command line to 'None'
[0.467s] Level 5:colcon.colcon_core.verb:set package 'scara_real_description' build argument 'cmake_target_skip_unavailable' from command line to 'False'
[0.467s] Level 5:colcon.colcon_core.verb:set package 'scara_real_description' build argument 'cmake_clean_cache' from command line to 'False'
[0.467s] Level 5:colcon.colcon_core.verb:set package 'scara_real_description' build argument 'cmake_clean_first' from command line to 'False'
[0.467s] Level 5:colcon.colcon_core.verb:set package 'scara_real_description' build argument 'cmake_force_configure' from command line to 'False'
[0.467s] Level 5:colcon.colcon_core.verb:set package 'scara_real_description' build argument 'ament_cmake_args' from command line to 'None'
[0.467s] Level 5:colcon.colcon_core.verb:set package 'scara_real_description' build argument 'catkin_cmake_args' from command line to 'None'
[0.467s] Level 5:colcon.colcon_core.verb:set package 'scara_real_description' build argument 'catkin_skip_building_tests' from command line to 'False'
[0.467s] DEBUG:colcon.colcon_core.verb:Building package 'scara_real_description' with the following arguments: {'ament_cmake_args': None, 'build_base': '/home/eia/repo/rbi_2025_2/scara/scara_ws/build/scara_real_description', 'catkin_cmake_args': None, 'catkin_skip_building_tests': False, 'cmake_args': None, 'cmake_clean_cache': False, 'cmake_clean_first': False, 'cmake_force_configure': False, 'cmake_target': None, 'cmake_target_skip_unavailable': False, 'install_base': '/home/eia/repo/rbi_2025_2/scara/scara_ws/install/scara_real_description', 'merge_install': False, 'path': '/home/eia/repo/rbi_2025_2/scara/scara_ws/src/scara_real_description', 'symlink_install': True, 'test_result_base': None}
[0.468s] Level 5:colcon.colcon_core.verb:set package 'scara_tf_generator' build argument 'cmake_args' from command line to 'None'
[0.468s] Level 5:colcon.colcon_core.verb:set package 'scara_tf_generator' build argument 'cmake_target' from command line to 'None'
[0.468s] Level 5:colcon.colcon_core.verb:set package 'scara_tf_generator' build argument 'cmake_target_skip_unavailable' from command line to 'False'
[0.468s] Level 5:colcon.colcon_core.verb:set package 'scara_tf_generator' build argument 'cmake_clean_cache' from command line to 'False'
[0.468s] Level 5:colcon.colcon_core.verb:set package 'scara_tf_generator' build argument 'cmake_clean_first' from command line to 'False'
[0.468s] Level 5:colcon.colcon_core.verb:set package 'scara_tf_generator' build argument 'cmake_force_configure' from command line to 'False'
[0.468s] Level 5:colcon.colcon_core.verb:set package 'scara_tf_generator' build argument 'ament_cmake_args' from command line to 'None'
[0.468s] Level 5:colcon.colcon_core.verb:set package 'scara_tf_generator' build argument 'catkin_cmake_args' from command line to 'None'
[0.468s] Level 5:colcon.colcon_core.verb:set package 'scara_tf_generator' build argument 'catkin_skip_building_tests' from command line to 'False'
[0.468s] DEBUG:colcon.colcon_core.verb:Building package 'scara_tf_generator' with the following arguments: {'ament_cmake_args': None, 'build_base': '/home/eia/repo/rbi_2025_2/scara/scara_ws/build/scara_tf_generator', 'catkin_cmake_args': None, 'catkin_skip_building_tests': False, 'cmake_args': None, 'cmake_clean_cache': False, 'cmake_clean_first': False, 'cmake_force_configure': False, 'cmake_target': None, 'cmake_target_skip_unavailable': False, 'install_base': '/home/eia/repo/rbi_2025_2/scara/scara_ws/install/scara_tf_generator', 'merge_install': False, 'path': '/home/eia/repo/rbi_2025_2/scara/scara_ws/src/scara_tf_generator', 'symlink_install': True, 'test_result_base': None}
[0.469s] INFO:colcon.colcon_core.executor:Executing jobs using 'parallel' executor
[0.470s] DEBUG:colcon.colcon_parallel_executor.executor.parallel:run_until_complete
[0.471s] INFO:colcon.colcon_ros.task.ament_python.build:Building ROS package in '/home/eia/repo/rbi_2025_2/scara/scara_ws/src/premade_path_publisher' with build type 'ament_python'
[0.471s] Level 1:colcon.colcon_core.shell:create_environment_hook('premade_path_publisher', 'ament_prefix_path')
[0.474s] INFO:colcon.colcon_core.plugin_system:Skipping extension 'colcon_core.shell.bat': Not used on non-Windows systems
[0.474s] INFO:colcon.colcon_core.shell:Creating environment hook '/home/eia/repo/rbi_2025_2/scara/scara_ws/install/premade_path_publisher/share/premade_path_publisher/hook/ament_prefix_path.ps1'
[0.475s] INFO:colcon.colcon_core.shell:Creating environment descriptor '/home/eia/repo/rbi_2025_2/scara/scara_ws/install/premade_path_publisher/share/premade_path_publisher/hook/ament_prefix_path.dsv'
[0.476s] INFO:colcon.colcon_core.shell:Creating environment hook '/home/eia/repo/rbi_2025_2/scara/scara_ws/install/premade_path_publisher/share/premade_path_publisher/hook/ament_prefix_path.sh'
[0.477s] INFO:colcon.colcon_core.shell:Skip shell extension 'powershell' for command environment: Not usable outside of PowerShell
[0.477s] DEBUG:colcon.colcon_core.shell:Skip shell extension 'dsv' for command environment
[0.479s] WARNING:colcon.colcon_ros.prefix_path.ament:The path '/home/eia/repo/rbi_2025_2/scara/scara_ws/install/scara_ik_solver' in the environment variable AMENT_PREFIX_PATH doesn't exist
[0.484s] INFO:colcon.colcon_ros.task.ament_python.build:Building ROS package in '/home/eia/repo/rbi_2025_2/scara/scara_ws/src/scara_general_ik_solver' with build type 'ament_python'
[0.484s] Level 1:colcon.colcon_core.shell:create_environment_hook('scara_general_ik_solver', 'ament_prefix_path')
[0.484s] INFO:colcon.colcon_core.shell:Creating environment hook '/home/eia/repo/rbi_2025_2/scara/scara_ws/install/scara_general_ik_solver/share/scara_general_ik_solver/hook/ament_prefix_path.ps1'
[0.485s] INFO:colcon.colcon_core.shell:Creating environment descriptor '/home/eia/repo/rbi_2025_2/scara/scara_ws/install/scara_general_ik_solver/share/scara_general_ik_solver/hook/ament_prefix_path.dsv'
[0.485s] INFO:colcon.colcon_core.shell:Creating environment hook '/home/eia/repo/rbi_2025_2/scara/scara_ws/install/scara_general_ik_solver/share/scara_general_ik_solver/hook/ament_prefix_path.sh'
[0.486s] INFO:colcon.colcon_core.shell:Skip shell extension 'powershell' for command environment: Not usable outside of PowerShell
[0.486s] DEBUG:colcon.colcon_core.shell:Skip shell extension 'dsv' for command environment
[0.492s] INFO:colcon.colcon_ros.task.ament_cmake.build:Building ROS package in '/home/eia/repo/rbi_2025_2/scara/scara_ws/src/scara_gz_bringup' with build type 'ament_cmake'
[0.492s] INFO:colcon.colcon_cmake.task.cmake.build:Building CMake package in '/home/eia/repo/rbi_2025_2/scara/scara_ws/src/scara_gz_bringup'
[0.493s] INFO:colcon.colcon_core.shell:Skip shell extension 'powershell' for command environment: Not usable outside of PowerShell
[0.493s] DEBUG:colcon.colcon_core.shell:Skip shell extension 'dsv' for command environment
[0.498s] INFO:colcon.colcon_ros.task.ament_cmake.build:Building ROS package in '/home/eia/repo/rbi_2025_2/scara/scara_ws/src/scara_gz_description' with build type 'ament_cmake'
[0.498s] INFO:colcon.colcon_cmake.task.cmake.build:Building CMake package in '/home/eia/repo/rbi_2025_2/scara/scara_ws/src/scara_gz_description'
[0.499s] INFO:colcon.colcon_core.shell:Skip shell extension 'powershell' for command environment: Not usable outside of PowerShell
[0.499s] DEBUG:colcon.colcon_core.shell:Skip shell extension 'dsv' for command environment
[0.504s] INFO:colcon.colcon_ros.task.ament_cmake.build:Building ROS package in '/home/eia/repo/rbi_2025_2/scara/scara_ws/src/scara_hardware_interface' with build type 'ament_cmake'
[0.504s] INFO:colcon.colcon_cmake.task.cmake.build:Building CMake package in '/home/eia/repo/rbi_2025_2/scara/scara_ws/src/scara_hardware_interface'
[0.505s] INFO:colcon.colcon_core.shell:Skip shell extension 'powershell' for command environment: Not usable outside of PowerShell
[0.505s] DEBUG:colcon.colcon_core.shell:Skip shell extension 'dsv' for command environment
[0.511s] INFO:colcon.colcon_ros.task.ament_cmake.build:Building ROS package in '/home/eia/repo/rbi_2025_2/scara/scara_ws/src/scara_mujoco_bringup' with build type 'ament_cmake'
[0.511s] INFO:colcon.colcon_cmake.task.cmake.build:Building CMake package in '/home/eia/repo/rbi_2025_2/scara/scara_ws/src/scara_mujoco_bringup'
[0.511s] INFO:colcon.colcon_core.shell:Skip shell extension 'powershell' for command environment: Not usable outside of PowerShell
[0.511s] DEBUG:colcon.colcon_core.shell:Skip shell extension 'dsv' for command environment
[0.516s] INFO:colcon.colcon_ros.task.ament_cmake.build:Building ROS package in '/home/eia/repo/rbi_2025_2/scara/scara_ws/src/scara_mujoco_description' with build type 'ament_cmake'
[0.516s] INFO:colcon.colcon_cmake.task.cmake.build:Building CMake package in '/home/eia/repo/rbi_2025_2/scara/scara_ws/src/scara_mujoco_description'
[0.516s] INFO:colcon.colcon_core.shell:Skip shell extension 'powershell' for command environment: Not usable outside of PowerShell
[0.516s] DEBUG:colcon.colcon_core.shell:Skip shell extension 'dsv' for command environment
[0.521s] INFO:colcon.colcon_ros.task.ament_python.build:Building ROS package in '/home/eia/repo/rbi_2025_2/scara/scara_ws/src/scara_mujoco_python_sim' with build type 'ament_python'
[0.521s] Level 1:colcon.colcon_core.shell:create_environment_hook('scara_mujoco_python_sim', 'ament_prefix_path')
[0.521s] INFO:colcon.colcon_core.shell:Creating environment hook '/home/eia/repo/rbi_2025_2/scara/scara_ws/install/scara_mujoco_python_sim/share/scara_mujoco_python_sim/hook/ament_prefix_path.ps1'
[0.522s] INFO:colcon.colcon_core.shell:Creating environment descriptor '/home/eia/repo/rbi_2025_2/scara/scara_ws/install/scara_mujoco_python_sim/share/scara_mujoco_python_sim/hook/ament_prefix_path.dsv'
[0.523s] INFO:colcon.colcon_core.shell:Creating environment hook '/home/eia/repo/rbi_2025_2/scara/scara_ws/install/scara_mujoco_python_sim/share/scara_mujoco_python_sim/hook/ament_prefix_path.sh'
[0.524s] INFO:colcon.colcon_core.shell:Skip shell extension 'powershell' for command environment: Not usable outside of PowerShell
[0.524s] DEBUG:colcon.colcon_core.shell:Skip shell extension 'dsv' for command environment
[0.529s] INFO:colcon.colcon_ros.task.ament_cmake.build:Building ROS package in '/home/eia/repo/rbi_2025_2/scara/scara_ws/src/scara_mujoco_sim' with build type 'ament_cmake'
[0.530s] INFO:colcon.colcon_cmake.task.cmake.build:Building CMake package in '/home/eia/repo/rbi_2025_2/scara/scara_ws/src/scara_mujoco_sim'
[0.530s] INFO:colcon.colcon_core.shell:Skip shell extension 'powershell' for command environment: Not usable outside of PowerShell
[0.530s] DEBUG:colcon.colcon_core.shell:Skip shell extension 'dsv' for command environment
[0.538s] INFO:colcon.colcon_ros.task.ament_python.build:Building ROS package in '/home/eia/repo/rbi_2025_2/scara/scara_ws/src/scara_path_controller' with build type 'ament_python'
[0.538s] Level 1:colcon.colcon_core.shell:create_environment_hook('scara_path_controller', 'ament_prefix_path')
[0.539s] INFO:colcon.colcon_core.shell:Creating environment hook '/home/eia/repo/rbi_2025_2/scara/scara_ws/install/scara_path_controller/share/scara_path_controller/hook/ament_prefix_path.ps1'
[0.540s] INFO:colcon.colcon_core.shell:Creating environment descriptor '/home/eia/repo/rbi_2025_2/scara/scara_ws/install/scara_path_controller/share/scara_path_controller/hook/ament_prefix_path.dsv'
[0.540s] INFO:colcon.colcon_core.shell:Creating environment hook '/home/eia/repo/rbi_2025_2/scara/scara_ws/install/scara_path_controller/share/scara_path_controller/hook/ament_prefix_path.sh'
[0.541s] INFO:colcon.colcon_core.shell:Skip shell extension 'powershell' for command environment: Not usable outside of PowerShell
[0.541s] DEBUG:colcon.colcon_core.shell:Skip shell extension 'dsv' for command environment
[0.546s] INFO:colcon.colcon_ros.task.ament_python.build:Building ROS package in '/home/eia/repo/rbi_2025_2/scara/scara_ws/src/scara_path_generator' with build type 'ament_python'
[0.546s] Level 1:colcon.colcon_core.shell:create_environment_hook('scara_path_generator', 'ament_prefix_path')
[0.546s] INFO:colcon.colcon_core.shell:Creating environment hook '/home/eia/repo/rbi_2025_2/scara/scara_ws/install/scara_path_generator/share/scara_path_generator/hook/ament_prefix_path.ps1'
[0.547s] INFO:colcon.colcon_core.shell:Creating environment descriptor '/home/eia/repo/rbi_2025_2/scara/scara_ws/install/scara_path_generator/share/scara_path_generator/hook/ament_prefix_path.dsv'
[0.548s] INFO:colcon.colcon_core.shell:Creating environment hook '/home/eia/repo/rbi_2025_2/scara/scara_ws/install/scara_path_generator/share/scara_path_generator/hook/ament_prefix_path.sh'
[0.548s] INFO:colcon.colcon_core.shell:Skip shell extension 'powershell' for command environment: Not usable outside of PowerShell
[0.548s] DEBUG:colcon.colcon_core.shell:Skip shell extension 'dsv' for command environment
[0.553s] INFO:colcon.colcon_ros.task.ament_cmake.build:Building ROS package in '/home/eia/repo/rbi_2025_2/scara/scara_ws/src/scara_real_bringup' with build type 'ament_cmake'
[0.553s] INFO:colcon.colcon_cmake.task.cmake.build:Building CMake package in '/home/eia/repo/rbi_2025_2/scara/scara_ws/src/scara_real_bringup'
[0.553s] INFO:colcon.colcon_core.shell:Skip shell extension 'powershell' for command environment: Not usable outside of PowerShell
[0.553s] DEBUG:colcon.colcon_core.shell:Skip shell extension 'dsv' for command environment
[0.943s] INFO:colcon.colcon_core.task.python.build:Building Python package in '/home/eia/repo/rbi_2025_2/scara/scara_ws/src/premade_path_publisher'
[0.943s] INFO:colcon.colcon_core.shell:Skip shell extension 'powershell' for command environment: Not usable outside of PowerShell
[0.943s] DEBUG:colcon.colcon_core.shell:Skip shell extension 'dsv' for command environment
[1.322s] INFO:colcon.colcon_core.task.python.build:Building Python package in '/home/eia/repo/rbi_2025_2/scara/scara_ws/src/scara_general_ik_solver'
[1.322s] INFO:colcon.colcon_core.shell:Skip shell extension 'powershell' for command environment: Not usable outside of PowerShell
[1.322s] DEBUG:colcon.colcon_core.shell:Skip shell extension 'dsv' for command environment
[1.334s] DEBUG:colcon.colcon_core.event_handler.log_command:Invoking command in '/home/eia/repo/rbi_2025_2/scara/scara_ws/build/scara_gz_bringup': CMAKE_PREFIX_PATH=${CMAKE_PREFIX_PATH}:/home/eia/repo/rbi_2025_2/scara/scara_ws/install/scara_general_ik_solver:/home/eia/repo/rbi_2025_2/scara/scara_ws/install/scara_tf_generator:/home/eia/repo/rbi_2025_2/scara/scara_ws/install/scara_path_generator:/home/eia/repo/rbi_2025_2/scara/scara_ws/install/scara_path_controller:/home/eia/repo/rbi_2025_2/scara/scara_ws/install/scara_mujoco_python_sim:/home/eia/repo/rbi_2025_2/scara/scara_ws/install/scara_ik_solver:/home/eia/repo/rbi_2025_2/scara/scara_ws/install/premade_path_publisher:/opt/ros/humble /usr/bin/cmake --build /home/eia/repo/rbi_2025_2/scara/scara_ws/build/scara_gz_bringup -- -j12 -l12
[1.350s] DEBUG:colcon.colcon_core.event_handler.log_command:Invoking command in '/home/eia/repo/rbi_2025_2/scara/scara_ws/build/scara_gz_description': CMAKE_PREFIX_PATH=${CMAKE_PREFIX_PATH}:/home/eia/repo/rbi_2025_2/scara/scara_ws/install/scara_general_ik_solver:/home/eia/repo/rbi_2025_2/scara/scara_ws/install/scara_tf_generator:/home/eia/repo/rbi_2025_2/scara/scara_ws/install/scara_path_generator:/home/eia/repo/rbi_2025_2/scara/scara_ws/install/scara_path_controller:/home/eia/repo/rbi_2025_2/scara/scara_ws/install/scara_mujoco_python_sim:/home/eia/repo/rbi_2025_2/scara/scara_ws/install/scara_ik_solver:/home/eia/repo/rbi_2025_2/scara/scara_ws/install/premade_path_publisher:/opt/ros/humble /usr/bin/cmake --build /home/eia/repo/rbi_2025_2/scara/scara_ws/build/scara_gz_description -- -j12 -l12
[1.351s] DEBUG:colcon.colcon_core.event_handler.log_command:Invoking command in '/home/eia/repo/rbi_2025_2/scara/scara_ws/build/scara_hardware_interface': CMAKE_PREFIX_PATH=${CMAKE_PREFIX_PATH}:/home/eia/repo/rbi_2025_2/scara/scara_ws/install/scara_general_ik_solver:/home/eia/repo/rbi_2025_2/scara/scara_ws/install/scara_tf_generator:/home/eia/repo/rbi_2025_2/scara/scara_ws/install/scara_path_generator:/home/eia/repo/rbi_2025_2/scara/scara_ws/install/scara_path_controller:/home/eia/repo/rbi_2025_2/scara/scara_ws/install/scara_mujoco_python_sim:/home/eia/repo/rbi_2025_2/scara/scara_ws/install/scara_ik_solver:/home/eia/repo/rbi_2025_2/scara/scara_ws/install/premade_path_publisher:/opt/ros/humble /usr/bin/cmake --build /home/eia/repo/rbi_2025_2/scara/scara_ws/build/scara_hardware_interface -- -j12 -l12
[1.352s] DEBUG:colcon.colcon_core.event_handler.log_command:Invoking command in '/home/eia/repo/rbi_2025_2/scara/scara_ws/build/scara_mujoco_bringup': CMAKE_PREFIX_PATH=${CMAKE_PREFIX_PATH}:/home/eia/repo/rbi_2025_2/scara/scara_ws/install/scara_general_ik_solver:/home/eia/repo/rbi_2025_2/scara/scara_ws/install/scara_tf_generator:/home/eia/repo/rbi_2025_2/scara/scara_ws/install/scara_path_generator:/home/eia/repo/rbi_2025_2/scara/scara_ws/install/scara_path_controller:/home/eia/repo/rbi_2025_2/scara/scara_ws/install/scara_mujoco_python_sim:/home/eia/repo/rbi_2025_2/scara/scara_ws/install/scara_ik_solver:/home/eia/repo/rbi_2025_2/scara/scara_ws/install/premade_path_publisher:/opt/ros/humble /usr/bin/cmake --build /home/eia/repo/rbi_2025_2/scara/scara_ws/build/scara_mujoco_bringup -- -j12 -l12
[1.370s] DEBUG:colcon.colcon_core.event_handler.log_command:Invoking command in '/home/eia/repo/rbi_2025_2/scara/scara_ws/build/scara_mujoco_description': CMAKE_PREFIX_PATH=${CMAKE_PREFIX_PATH}:/home/eia/repo/rbi_2025_2/scara/scara_ws/install/scara_general_ik_solver:/home/eia/repo/rbi_2025_2/scara/scara_ws/install/scara_tf_generator:/home/eia/repo/rbi_2025_2/scara/scara_ws/install/scara_path_generator:/home/eia/repo/rbi_2025_2/scara/scara_ws/install/scara_path_controller:/home/eia/repo/rbi_2025_2/scara/scara_ws/install/scara_mujoco_python_sim:/home/eia/repo/rbi_2025_2/scara/scara_ws/install/scara_ik_solver:/home/eia/repo/rbi_2025_2/scara/scara_ws/install/premade_path_publisher:/opt/ros/humble /usr/bin/cmake --build /home/eia/repo/rbi_2025_2/scara/scara_ws/build/scara_mujoco_description -- -j12 -l12
[1.749s] INFO:colcon.colcon_core.task.python.build:Building Python package in '/home/eia/repo/rbi_2025_2/scara/scara_ws/src/scara_mujoco_python_sim'
[1.749s] INFO:colcon.colcon_core.shell:Skip shell extension 'powershell' for command environment: Not usable outside of PowerShell
[1.749s] DEBUG:colcon.colcon_core.shell:Skip shell extension 'dsv' for command environment
[1.759s] DEBUG:colcon.colcon_core.event_handler.log_command:Invoking command in '/home/eia/repo/rbi_2025_2/scara/scara_ws/build/scara_mujoco_sim': CMAKE_PREFIX_PATH=${CMAKE_PREFIX_PATH}:/home/eia/repo/rbi_2025_2/scara/scara_ws/install/scara_general_ik_solver:/home/eia/repo/rbi_2025_2/scara/scara_ws/install/scara_tf_generator:/home/eia/repo/rbi_2025_2/scara/scara_ws/install/scara_path_generator:/home/eia/repo/rbi_2025_2/scara/scara_ws/install/scara_path_controller:/home/eia/repo/rbi_2025_2/scara/scara_ws/install/scara_mujoco_python_sim:/home/eia/repo/rbi_2025_2/scara/scara_ws/install/scara_ik_solver:/home/eia/repo/rbi_2025_2/scara/scara_ws/install/premade_path_publisher:/opt/ros/humble /usr/bin/cmake --build /home/eia/repo/rbi_2025_2/scara/scara_ws/build/scara_mujoco_sim -- -j12 -l12
[2.162s] INFO:colcon.colcon_core.task.python.build:Building Python package in '/home/eia/repo/rbi_2025_2/scara/scara_ws/src/scara_path_controller'
[2.162s] INFO:colcon.colcon_core.shell:Skip shell extension 'powershell' for command environment: Not usable outside of PowerShell
[2.163s] DEBUG:colcon.colcon_core.shell:Skip shell extension 'dsv' for command environment
[2.579s] INFO:colcon.colcon_core.task.python.build:Building Python package in '/home/eia/repo/rbi_2025_2/scara/scara_ws/src/scara_path_generator'
[2.579s] INFO:colcon.colcon_core.shell:Skip shell extension 'powershell' for command environment: Not usable outside of PowerShell
[2.579s] DEBUG:colcon.colcon_core.shell:Skip shell extension 'dsv' for command environment
[2.591s] DEBUG:colcon.colcon_core.event_handler.log_command:Invoking command in '/home/eia/repo/rbi_2025_2/scara/scara_ws/build/scara_real_bringup': CMAKE_PREFIX_PATH=${CMAKE_PREFIX_PATH}:/home/eia/repo/rbi_2025_2/scara/scara_ws/install/scara_general_ik_solver:/home/eia/repo/rbi_2025_2/scara/scara_ws/install/scara_tf_generator:/home/eia/repo/rbi_2025_2/scara/scara_ws/install/scara_path_generator:/home/eia/repo/rbi_2025_2/scara/scara_ws/install/scara_path_controller:/home/eia/repo/rbi_2025_2/scara/scara_ws/install/scara_mujoco_python_sim:/home/eia/repo/rbi_2025_2/scara/scara_ws/install/scara_ik_solver:/home/eia/repo/rbi_2025_2/scara/scara_ws/install/premade_path_publisher:/opt/ros/humble /usr/bin/cmake --build /home/eia/repo/rbi_2025_2/scara/scara_ws/build/scara_real_bringup -- -j12 -l12
[2.597s] DEBUG:colcon.colcon_core.event_handler.log_command:Invoked command in '/home/eia/repo/rbi_2025_2/scara/scara_ws/build/scara_gz_bringup' returned '0': CMAKE_PREFIX_PATH=${CMAKE_PREFIX_PATH}:/home/eia/repo/rbi_2025_2/scara/scara_ws/install/scara_general_ik_solver:/home/eia/repo/rbi_2025_2/scara/scara_ws/install/scara_tf_generator:/home/eia/repo/rbi_2025_2/scara/scara_ws/install/scara_path_generator:/home/eia/repo/rbi_2025_2/scara/scara_ws/install/scara_path_controller:/home/eia/repo/rbi_2025_2/scara/scara_ws/install/scara_mujoco_python_sim:/home/eia/repo/rbi_2025_2/scara/scara_ws/install/scara_ik_solver:/home/eia/repo/rbi_2025_2/scara/scara_ws/install/premade_path_publisher:/opt/ros/humble /usr/bin/cmake --build /home/eia/repo/rbi_2025_2/scara/scara_ws/build/scara_gz_bringup -- -j12 -l12
[2.608s] DEBUG:colcon.colcon_core.event_handler.log_command:Invoking command in '/home/eia/repo/rbi_2025_2/scara/scara_ws/build/scara_gz_bringup': CMAKE_PREFIX_PATH=${CMAKE_PREFIX_PATH}:/home/eia/repo/rbi_2025_2/scara/scara_ws/install/scara_general_ik_solver:/home/eia/repo/rbi_2025_2/scara/scara_ws/install/scara_tf_generator:/home/eia/repo/rbi_2025_2/scara/scara_ws/install/scara_path_generator:/home/eia/repo/rbi_2025_2/scara/scara_ws/install/scara_path_controller:/home/eia/repo/rbi_2025_2/scara/scara_ws/install/scara_mujoco_python_sim:/home/eia/repo/rbi_2025_2/scara/scara_ws/install/scara_ik_solver:/home/eia/repo/rbi_2025_2/scara/scara_ws/install/premade_path_publisher:/opt/ros/humble /usr/bin/cmake --install /home/eia/repo/rbi_2025_2/scara/scara_ws/build/scara_gz_bringup
[2.609s] DEBUG:colcon.colcon_core.event_handler.log_command:Invoked command in '/home/eia/repo/rbi_2025_2/scara/scara_ws/build/scara_mujoco_bringup' returned '0': CMAKE_PREFIX_PATH=${CMAKE_PREFIX_PATH}:/home/eia/repo/rbi_2025_2/scara/scara_ws/install/scara_general_ik_solver:/home/eia/repo/rbi_2025_2/scara/scara_ws/install/scara_tf_generator:/home/eia/repo/rbi_2025_2/scara/scara_ws/install/scara_path_generator:/home/eia/repo/rbi_2025_2/scara/scara_ws/install/scara_path_controller:/home/eia/repo/rbi_2025_2/scara/scara_ws/install/scara_mujoco_python_sim:/home/eia/repo/rbi_2025_2/scara/scara_ws/install/scara_ik_solver:/home/eia/repo/rbi_2025_2/scara/scara_ws/install/premade_path_publisher:/opt/ros/humble /usr/bin/cmake --build /home/eia/repo/rbi_2025_2/scara/scara_ws/build/scara_mujoco_bringup -- -j12 -l12
[2.611s] DEBUG:colcon.colcon_core.event_handler.log_command:Invoking command in '/home/eia/repo/rbi_2025_2/scara/scara_ws/build/scara_mujoco_bringup': CMAKE_PREFIX_PATH=${CMAKE_PREFIX_PATH}:/home/eia/repo/rbi_2025_2/scara/scara_ws/install/scara_general_ik_solver:/home/eia/repo/rbi_2025_2/scara/scara_ws/install/scara_tf_generator:/home/eia/repo/rbi_2025_2/scara/scara_ws/install/scara_path_generator:/home/eia/repo/rbi_2025_2/scara/scara_ws/install/scara_path_controller:/home/eia/repo/rbi_2025_2/scara/scara_ws/install/scara_mujoco_python_sim:/home/eia/repo/rbi_2025_2/scara/scara_ws/install/scara_ik_solver:/home/eia/repo/rbi_2025_2/scara/scara_ws/install/premade_path_publisher:/opt/ros/humble /usr/bin/cmake --install /home/eia/repo/rbi_2025_2/scara/scara_ws/build/scara_mujoco_bringup
[2.613s] DEBUG:colcon.colcon_core.event_handler.log_command:Invoked command in '/home/eia/repo/rbi_2025_2/scara/scara_ws/build/scara_mujoco_description' returned '0': CMAKE_PREFIX_PATH=${CMAKE_PREFIX_PATH}:/home/eia/repo/rbi_2025_2/scara/scara_ws/install/scara_general_ik_solver:/home/eia/repo/rbi_2025_2/scara/scara_ws/install/scara_tf_generator:/home/eia/repo/rbi_2025_2/scara/scara_ws/install/scara_path_generator:/home/eia/repo/rbi_2025_2/scara/scara_ws/install/scara_path_controller:/home/eia/repo/rbi_2025_2/scara/scara_ws/install/scara_mujoco_python_sim:/home/eia/repo/rbi_2025_2/scara/scara_ws/install/scara_ik_solver:/home/eia/repo/rbi_2025_2/scara/scara_ws/install/premade_path_publisher:/opt/ros/humble /usr/bin/cmake --build /home/eia/repo/rbi_2025_2/scara/scara_ws/build/scara_mujoco_description -- -j12 -l12
[2.615s] DEBUG:colcon.colcon_core.event_handler.log_command:Invoking command in '/home/eia/repo/rbi_2025_2/scara/scara_ws/build/scara_mujoco_description': CMAKE_PREFIX_PATH=${CMAKE_PREFIX_PATH}:/home/eia/repo/rbi_2025_2/scara/scara_ws/install/scara_general_ik_solver:/home/eia/repo/rbi_2025_2/scara/scara_ws/install/scara_tf_generator:/home/eia/repo/rbi_2025_2/scara/scara_ws/install/scara_path_generator:/home/eia/repo/rbi_2025_2/scara/scara_ws/install/scara_path_controller:/home/eia/repo/rbi_2025_2/scara/scara_ws/install/scara_mujoco_python_sim:/home/eia/repo/rbi_2025_2/scara/scara_ws/install/scara_ik_solver:/home/eia/repo/rbi_2025_2/scara/scara_ws/install/premade_path_publisher:/opt/ros/humble /usr/bin/cmake --install /home/eia/repo/rbi_2025_2/scara/scara_ws/build/scara_mujoco_description
[2.615s] DEBUG:colcon.colcon_core.event_handler.log_command:Invoked command in '/home/eia/repo/rbi_2025_2/scara/scara_ws/build/scara_gz_description' returned '0': CMAKE_PREFIX_PATH=${CMAKE_PREFIX_PATH}:/home/eia/repo/rbi_2025_2/scara/scara_ws/install/scara_general_ik_solver:/home/eia/repo/rbi_2025_2/scara/scara_ws/install/scara_tf_generator:/home/eia/repo/rbi_2025_2/scara/scara_ws/install/scara_path_generator:/home/eia/repo/rbi_2025_2/scara/scara_ws/install/scara_path_controller:/home/eia/repo/rbi_2025_2/scara/scara_ws/install/scara_mujoco_python_sim:/home/eia/repo/rbi_2025_2/scara/scara_ws/install/scara_ik_solver:/home/eia/repo/rbi_2025_2/scara/scara_ws/install/premade_path_publisher:/opt/ros/humble /usr/bin/cmake --build /home/eia/repo/rbi_2025_2/scara/scara_ws/build/scara_gz_description -- -j12 -l12
[2.618s] DEBUG:colcon.colcon_core.event_handler.log_command:Invoking command in '/home/eia/repo/rbi_2025_2/scara/scara_ws/build/scara_gz_description': CMAKE_PREFIX_PATH=${CMAKE_PREFIX_PATH}:/home/eia/repo/rbi_2025_2/scara/scara_ws/install/scara_general_ik_solver:/home/eia/repo/rbi_2025_2/scara/scara_ws/install/scara_tf_generator:/home/eia/repo/rbi_2025_2/scara/scara_ws/install/scara_path_generator:/home/eia/repo/rbi_2025_2/scara/scara_ws/install/scara_path_controller:/home/eia/repo/rbi_2025_2/scara/scara_ws/install/scara_mujoco_python_sim:/home/eia/repo/rbi_2025_2/scara/scara_ws/install/scara_ik_solver:/home/eia/repo/rbi_2025_2/scara/scara_ws/install/premade_path_publisher:/opt/ros/humble /usr/bin/cmake --install /home/eia/repo/rbi_2025_2/scara/scara_ws/build/scara_gz_description
[2.619s] DEBUG:colcon.colcon_core.event_handler.log_command:Invoked command in '/home/eia/repo/rbi_2025_2/scara/scara_ws/build/scara_hardware_interface' returned '0': CMAKE_PREFIX_PATH=${CMAKE_PREFIX_PATH}:/home/eia/repo/rbi_2025_2/scara/scara_ws/install/scara_general_ik_solver:/home/eia/repo/rbi_2025_2/scara/scara_ws/install/scara_tf_generator:/home/eia/repo/rbi_2025_2/scara/scara_ws/install/scara_path_generator:/home/eia/repo/rbi_2025_2/scara/scara_ws/install/scara_path_controller:/home/eia/repo/rbi_2025_2/scara/scara_ws/install/scara_mujoco_python_sim:/home/eia/repo/rbi_2025_2/scara/scara_ws/install/scara_ik_solver:/home/eia/repo/rbi_2025_2/scara/scara_ws/install/premade_path_publisher:/opt/ros/humble /usr/bin/cmake --build /home/eia/repo/rbi_2025_2/scara/scara_ws/build/scara_hardware_interface -- -j12 -l12
[2.621s] DEBUG:colcon.colcon_core.event_handler.log_command:Invoking command in '/home/eia/repo/rbi_2025_2/scara/scara_ws/build/scara_hardware_interface': CMAKE_PREFIX_PATH=${CMAKE_PREFIX_PATH}:/home/eia/repo/rbi_2025_2/scara/scara_ws/install/scara_general_ik_solver:/home/eia/repo/rbi_2025_2/scara/scara_ws/install/scara_tf_generator:/home/eia/repo/rbi_2025_2/scara/scara_ws/install/scara_path_generator:/home/eia/repo/rbi_2025_2/scara/scara_ws/install/scara_path_controller:/home/eia/repo/rbi_2025_2/scara/scara_ws/install/scara_mujoco_python_sim:/home/eia/repo/rbi_2025_2/scara/scara_ws/install/scara_ik_solver:/home/eia/repo/rbi_2025_2/scara/scara_ws/install/premade_path_publisher:/opt/ros/humble /usr/bin/cmake --install /home/eia/repo/rbi_2025_2/scara/scara_ws/build/scara_hardware_interface
[2.654s] Level 1:colcon.colcon_core.environment:create_environment_scripts_only(scara_gz_bringup)
[2.670s] Level 1:colcon.colcon_core.environment:checking '/home/eia/repo/rbi_2025_2/scara/scara_ws/install/scara_gz_bringup' for CMake module files
[2.673s] DEBUG:colcon.colcon_core.event_handler.log_command:Invoked command in '/home/eia/repo/rbi_2025_2/scara/scara_ws/build/scara_gz_bringup' returned '0': CMAKE_PREFIX_PATH=${CMAKE_PREFIX_PATH}:/home/eia/repo/rbi_2025_2/scara/scara_ws/install/scara_general_ik_solver:/home/eia/repo/rbi_2025_2/scara/scara_ws/install/scara_tf_generator:/home/eia/repo/rbi_2025_2/scara/scara_ws/install/scara_path_generator:/home/eia/repo/rbi_2025_2/scara/scara_ws/install/scara_path_controller:/home/eia/repo/rbi_2025_2/scara/scara_ws/install/scara_mujoco_python_sim:/home/eia/repo/rbi_2025_2/scara/scara_ws/install/scara_ik_solver:/home/eia/repo/rbi_2025_2/scara/scara_ws/install/premade_path_publisher:/opt/ros/humble /usr/bin/cmake --install /home/eia/repo/rbi_2025_2/scara/scara_ws/build/scara_gz_bringup
[2.675s] Level 1:colcon.colcon_core.environment:checking '/home/eia/repo/rbi_2025_2/scara/scara_ws/install/scara_gz_bringup' for CMake config files
[2.676s] Level 1:colcon.colcon_core.shell:create_environment_hook('scara_gz_bringup', 'cmake_prefix_path')
[2.676s] INFO:colcon.colcon_core.shell:Creating environment hook '/home/eia/repo/rbi_2025_2/scara/scara_ws/install/scara_gz_bringup/share/scara_gz_bringup/hook/cmake_prefix_path.ps1'
[2.677s] INFO:colcon.colcon_core.shell:Creating environment descriptor '/home/eia/repo/rbi_2025_2/scara/scara_ws/install/scara_gz_bringup/share/scara_gz_bringup/hook/cmake_prefix_path.dsv'
[2.678s] INFO:colcon.colcon_core.shell:Creating environment hook '/home/eia/repo/rbi_2025_2/scara/scara_ws/install/scara_gz_bringup/share/scara_gz_bringup/hook/cmake_prefix_path.sh'
[2.679s] Level 1:colcon.colcon_core.environment:checking '/home/eia/repo/rbi_2025_2/scara/scara_ws/install/scara_gz_bringup/bin'
[2.679s] Level 1:colcon.colcon_core.environment:checking '/home/eia/repo/rbi_2025_2/scara/scara_ws/install/scara_gz_bringup/lib/pkgconfig/scara_gz_bringup.pc'
[2.680s] Level 1:colcon.colcon_core.environment:checking '/home/eia/repo/rbi_2025_2/scara/scara_ws/install/scara_gz_bringup/lib/python3.10/site-packages'
[2.680s] Level 1:colcon.colcon_core.environment:checking '/home/eia/repo/rbi_2025_2/scara/scara_ws/install/scara_gz_bringup/bin'
[2.681s] INFO:colcon.colcon_core.shell:Creating package script '/home/eia/repo/rbi_2025_2/scara/scara_ws/install/scara_gz_bringup/share/scara_gz_bringup/package.ps1'
[2.683s] INFO:colcon.colcon_core.shell:Creating package descriptor '/home/eia/repo/rbi_2025_2/scara/scara_ws/install/scara_gz_bringup/share/scara_gz_bringup/package.dsv'
[2.684s] INFO:colcon.colcon_core.shell:Creating package script '/home/eia/repo/rbi_2025_2/scara/scara_ws/install/scara_gz_bringup/share/scara_gz_bringup/package.sh'
[2.686s] INFO:colcon.colcon_core.shell:Creating package script '/home/eia/repo/rbi_2025_2/scara/scara_ws/install/scara_gz_bringup/share/scara_gz_bringup/package.bash'
[2.687s] INFO:colcon.colcon_core.shell:Creating package script '/home/eia/repo/rbi_2025_2/scara/scara_ws/install/scara_gz_bringup/share/scara_gz_bringup/package.zsh'
[2.689s] Level 1:colcon.colcon_core.environment:create_file_with_runtime_dependencies(/home/eia/repo/rbi_2025_2/scara/scara_ws/install/scara_gz_bringup/share/colcon-core/packages/scara_gz_bringup)
[2.690s] Level 1:colcon.colcon_core.environment:create_environment_scripts_only(scara_gz_bringup)
[2.690s] Level 1:colcon.colcon_core.environment:checking '/home/eia/repo/rbi_2025_2/scara/scara_ws/install/scara_gz_bringup' for CMake module files
[2.691s] Level 1:colcon.colcon_core.environment:checking '/home/eia/repo/rbi_2025_2/scara/scara_ws/install/scara_gz_bringup' for CMake config files
[2.692s] Level 1:colcon.colcon_core.shell:create_environment_hook('scara_gz_bringup', 'cmake_prefix_path')
[2.692s] INFO:colcon.colcon_core.shell:Creating environment hook '/home/eia/repo/rbi_2025_2/scara/scara_ws/install/scara_gz_bringup/share/scara_gz_bringup/hook/cmake_prefix_path.ps1'
[2.694s] INFO:colcon.colcon_core.shell:Creating environment descriptor '/home/eia/repo/rbi_2025_2/scara/scara_ws/install/scara_gz_bringup/share/scara_gz_bringup/hook/cmake_prefix_path.dsv'
[2.694s] INFO:colcon.colcon_core.shell:Creating environment hook '/home/eia/repo/rbi_2025_2/scara/scara_ws/install/scara_gz_bringup/share/scara_gz_bringup/hook/cmake_prefix_path.sh'
[2.695s] Level 1:colcon.colcon_core.environment:checking '/home/eia/repo/rbi_2025_2/scara/scara_ws/install/scara_gz_bringup/bin'
[2.696s] Level 1:colcon.colcon_core.environment:checking '/home/eia/repo/rbi_2025_2/scara/scara_ws/install/scara_gz_bringup/lib/pkgconfig/scara_gz_bringup.pc'
[2.696s] Level 1:colcon.colcon_core.environment:checking '/home/eia/repo/rbi_2025_2/scara/scara_ws/install/scara_gz_bringup/lib/python3.10/site-packages'
[2.697s] Level 1:colcon.colcon_core.environment:checking '/home/eia/repo/rbi_2025_2/scara/scara_ws/install/scara_gz_bringup/bin'
[2.698s] INFO:colcon.colcon_core.shell:Creating package script '/home/eia/repo/rbi_2025_2/scara/scara_ws/install/scara_gz_bringup/share/scara_gz_bringup/package.ps1'
[2.699s] INFO:colcon.colcon_core.shell:Creating package descriptor '/home/eia/repo/rbi_2025_2/scara/scara_ws/install/scara_gz_bringup/share/scara_gz_bringup/package.dsv'
[2.700s] INFO:colcon.colcon_core.shell:Creating package script '/home/eia/repo/rbi_2025_2/scara/scara_ws/install/scara_gz_bringup/share/scara_gz_bringup/package.sh'
[2.700s] INFO:colcon.colcon_core.shell:Creating package script '/home/eia/repo/rbi_2025_2/scara/scara_ws/install/scara_gz_bringup/share/scara_gz_bringup/package.bash'
[2.701s] INFO:colcon.colcon_core.shell:Creating package script '/home/eia/repo/rbi_2025_2/scara/scara_ws/install/scara_gz_bringup/share/scara_gz_bringup/package.zsh'
[2.702s] Level 1:colcon.colcon_core.environment:create_file_with_runtime_dependencies(/home/eia/repo/rbi_2025_2/scara/scara_ws/install/scara_gz_bringup/share/colcon-core/packages/scara_gz_bringup)
[2.704s] DEBUG:colcon.colcon_core.event_handler.log_command:Invoked command in '/home/eia/repo/rbi_2025_2/scara/scara_ws/build/scara_real_bringup' returned '0': CMAKE_PREFIX_PATH=${CMAKE_PREFIX_PATH}:/home/eia/repo/rbi_2025_2/scara/scara_ws/install/scara_general_ik_solver:/home/eia/repo/rbi_2025_2/scara/scara_ws/install/scara_tf_generator:/home/eia/repo/rbi_2025_2/scara/scara_ws/install/scara_path_generator:/home/eia/repo/rbi_2025_2/scara/scara_ws/install/scara_path_controller:/home/eia/repo/rbi_2025_2/scara/scara_ws/install/scara_mujoco_python_sim:/home/eia/repo/rbi_2025_2/scara/scara_ws/install/scara_ik_solver:/home/eia/repo/rbi_2025_2/scara/scara_ws/install/premade_path_publisher:/opt/ros/humble /usr/bin/cmake --build /home/eia/repo/rbi_2025_2/scara/scara_ws/build/scara_real_bringup -- -j12 -l12
[2.709s] Level 1:colcon.colcon_core.environment:create_environment_scripts_only(scara_mujoco_bringup)
[2.710s] DEBUG:colcon.colcon_core.event_handler.log_command:Invoking command in '/home/eia/repo/rbi_2025_2/scara/scara_ws/build/scara_real_bringup': CMAKE_PREFIX_PATH=${CMAKE_PREFIX_PATH}:/home/eia/repo/rbi_2025_2/scara/scara_ws/install/scara_general_ik_solver:/home/eia/repo/rbi_2025_2/scara/scara_ws/install/scara_tf_generator:/home/eia/repo/rbi_2025_2/scara/scara_ws/install/scara_path_generator:/home/eia/repo/rbi_2025_2/scara/scara_ws/install/scara_path_controller:/home/eia/repo/rbi_2025_2/scara/scara_ws/install/scara_mujoco_python_sim:/home/eia/repo/rbi_2025_2/scara/scara_ws/install/scara_ik_solver:/home/eia/repo/rbi_2025_2/scara/scara_ws/install/premade_path_publisher:/opt/ros/humble /usr/bin/cmake --install /home/eia/repo/rbi_2025_2/scara/scara_ws/build/scara_real_bringup
[2.710s] Level 1:colcon.colcon_core.environment:checking '/home/eia/repo/rbi_2025_2/scara/scara_ws/install/scara_mujoco_bringup' for CMake module files
[2.712s] DEBUG:colcon.colcon_core.event_handler.log_command:Invoked command in '/home/eia/repo/rbi_2025_2/scara/scara_ws/build/scara_mujoco_bringup' returned '0': CMAKE_PREFIX_PATH=${CMAKE_PREFIX_PATH}:/home/eia/repo/rbi_2025_2/scara/scara_ws/install/scara_general_ik_solver:/home/eia/repo/rbi_2025_2/scara/scara_ws/install/scara_tf_generator:/home/eia/repo/rbi_2025_2/scara/scara_ws/install/scara_path_generator:/home/eia/repo/rbi_2025_2/scara/scara_ws/install/scara_path_controller:/home/eia/repo/rbi_2025_2/scara/scara_ws/install/scara_mujoco_python_sim:/home/eia/repo/rbi_2025_2/scara/scara_ws/install/scara_ik_solver:/home/eia/repo/rbi_2025_2/scara/scara_ws/install/premade_path_publisher:/opt/ros/humble /usr/bin/cmake --install /home/eia/repo/rbi_2025_2/scara/scara_ws/build/scara_mujoco_bringup
[2.712s] Level 1:colcon.colcon_core.environment:checking '/home/eia/repo/rbi_2025_2/scara/scara_ws/install/scara_mujoco_bringup' for CMake config files
[2.713s] Level 1:colcon.colcon_core.shell:create_environment_hook('scara_mujoco_bringup', 'cmake_prefix_path')
[2.713s] INFO:colcon.colcon_core.shell:Creating environment hook '/home/eia/repo/rbi_2025_2/scara/scara_ws/install/scara_mujoco_bringup/share/scara_mujoco_bringup/hook/cmake_prefix_path.ps1'
[2.714s] INFO:colcon.colcon_core.shell:Creating environment descriptor '/home/eia/repo/rbi_2025_2/scara/scara_ws/install/scara_mujoco_bringup/share/scara_mujoco_bringup/hook/cmake_prefix_path.dsv'
[2.715s] INFO:colcon.colcon_core.shell:Creating environment hook '/home/eia/repo/rbi_2025_2/scara/scara_ws/install/scara_mujoco_bringup/share/scara_mujoco_bringup/hook/cmake_prefix_path.sh'
[2.716s] Level 1:colcon.colcon_core.environment:checking '/home/eia/repo/rbi_2025_2/scara/scara_ws/install/scara_mujoco_bringup/bin'
[2.716s] Level 1:colcon.colcon_core.environment:checking '/home/eia/repo/rbi_2025_2/scara/scara_ws/install/scara_mujoco_bringup/lib/pkgconfig/scara_mujoco_bringup.pc'
[2.717s] Level 1:colcon.colcon_core.environment:checking '/home/eia/repo/rbi_2025_2/scara/scara_ws/install/scara_mujoco_bringup/lib/python3.10/site-packages'
[2.717s] Level 1:colcon.colcon_core.environment:checking '/home/eia/repo/rbi_2025_2/scara/scara_ws/install/scara_mujoco_bringup/bin'
[2.718s] INFO:colcon.colcon_core.shell:Creating package script '/home/eia/repo/rbi_2025_2/scara/scara_ws/install/scara_mujoco_bringup/share/scara_mujoco_bringup/package.ps1'
[2.719s] INFO:colcon.colcon_core.shell:Creating package descriptor '/home/eia/repo/rbi_2025_2/scara/scara_ws/install/scara_mujoco_bringup/share/scara_mujoco_bringup/package.dsv'
[2.720s] INFO:colcon.colcon_core.shell:Creating package script '/home/eia/repo/rbi_2025_2/scara/scara_ws/install/scara_mujoco_bringup/share/scara_mujoco_bringup/package.sh'
[2.721s] INFO:colcon.colcon_core.shell:Creating package script '/home/eia/repo/rbi_2025_2/scara/scara_ws/install/scara_mujoco_bringup/share/scara_mujoco_bringup/package.bash'
[2.721s] INFO:colcon.colcon_core.shell:Creating package script '/home/eia/repo/rbi_2025_2/scara/scara_ws/install/scara_mujoco_bringup/share/scara_mujoco_bringup/package.zsh'
[2.722s] Level 1:colcon.colcon_core.environment:create_file_with_runtime_dependencies(/home/eia/repo/rbi_2025_2/scara/scara_ws/install/scara_mujoco_bringup/share/colcon-core/packages/scara_mujoco_bringup)
[2.723s] Level 1:colcon.colcon_core.environment:create_environment_scripts_only(scara_mujoco_bringup)
[2.724s] Level 1:colcon.colcon_core.environment:checking '/home/eia/repo/rbi_2025_2/scara/scara_ws/install/scara_mujoco_bringup' for CMake module files
[2.725s] Level 1:colcon.colcon_core.environment:checking '/home/eia/repo/rbi_2025_2/scara/scara_ws/install/scara_mujoco_bringup' for CMake config files
[2.726s] Level 1:colcon.colcon_core.shell:create_environment_hook('scara_mujoco_bringup', 'cmake_prefix_path')
[2.726s] INFO:colcon.colcon_core.shell:Creating environment hook '/home/eia/repo/rbi_2025_2/scara/scara_ws/install/scara_mujoco_bringup/share/scara_mujoco_bringup/hook/cmake_prefix_path.ps1'
[2.727s] INFO:colcon.colcon_core.shell:Creating environment descriptor '/home/eia/repo/rbi_2025_2/scara/scara_ws/install/scara_mujoco_bringup/share/scara_mujoco_bringup/hook/cmake_prefix_path.dsv'
[2.728s] INFO:colcon.colcon_core.shell:Creating environment hook '/home/eia/repo/rbi_2025_2/scara/scara_ws/install/scara_mujoco_bringup/share/scara_mujoco_bringup/hook/cmake_prefix_path.sh'
[2.729s] Level 1:colcon.colcon_core.environment:checking '/home/eia/repo/rbi_2025_2/scara/scara_ws/install/scara_mujoco_bringup/bin'
[2.729s] Level 1:colcon.colcon_core.environment:checking '/home/eia/repo/rbi_2025_2/scara/scara_ws/install/scara_mujoco_bringup/lib/pkgconfig/scara_mujoco_bringup.pc'
[2.730s] Level 1:colcon.colcon_core.environment:checking '/home/eia/repo/rbi_2025_2/scara/scara_ws/install/scara_mujoco_bringup/lib/python3.10/site-packages'
[2.730s] Level 1:colcon.colcon_core.environment:checking '/home/eia/repo/rbi_2025_2/scara/scara_ws/install/scara_mujoco_bringup/bin'
[2.731s] INFO:colcon.colcon_core.shell:Creating package script '/home/eia/repo/rbi_2025_2/scara/scara_ws/install/scara_mujoco_bringup/share/scara_mujoco_bringup/package.ps1'
[2.732s] INFO:colcon.colcon_core.shell:Creating package descriptor '/home/eia/repo/rbi_2025_2/scara/scara_ws/install/scara_mujoco_bringup/share/scara_mujoco_bringup/package.dsv'
[2.733s] INFO:colcon.colcon_core.shell:Creating package script '/home/eia/repo/rbi_2025_2/scara/scara_ws/install/scara_mujoco_bringup/share/scara_mujoco_bringup/package.sh'
[2.734s] INFO:colcon.colcon_core.shell:Creating package script '/home/eia/repo/rbi_2025_2/scara/scara_ws/install/scara_mujoco_bringup/share/scara_mujoco_bringup/package.bash'
[2.735s] INFO:colcon.colcon_core.shell:Creating package script '/home/eia/repo/rbi_2025_2/scara/scara_ws/install/scara_mujoco_bringup/share/scara_mujoco_bringup/package.zsh'
[2.735s] Level 1:colcon.colcon_core.environment:create_file_with_runtime_dependencies(/home/eia/repo/rbi_2025_2/scara/scara_ws/install/scara_mujoco_bringup/share/colcon-core/packages/scara_mujoco_bringup)
[2.736s] Level 1:colcon.colcon_core.environment:create_environment_scripts_only(scara_mujoco_description)
[2.737s] Level 1:colcon.colcon_core.environment:checking '/home/eia/repo/rbi_2025_2/scara/scara_ws/install/scara_mujoco_description' for CMake module files
[2.739s] DEBUG:colcon.colcon_core.event_handler.log_command:Invoked command in '/home/eia/repo/rbi_2025_2/scara/scara_ws/build/scara_mujoco_description' returned '0': CMAKE_PREFIX_PATH=${CMAKE_PREFIX_PATH}:/home/eia/repo/rbi_2025_2/scara/scara_ws/install/scara_general_ik_solver:/home/eia/repo/rbi_2025_2/scara/scara_ws/install/scara_tf_generator:/home/eia/repo/rbi_2025_2/scara/scara_ws/install/scara_path_generator:/home/eia/repo/rbi_2025_2/scara/scara_ws/install/scara_path_controller:/home/eia/repo/rbi_2025_2/scara/scara_ws/install/scara_mujoco_python_sim:/home/eia/repo/rbi_2025_2/scara/scara_ws/install/scara_ik_solver:/home/eia/repo/rbi_2025_2/scara/scara_ws/install/premade_path_publisher:/opt/ros/humble /usr/bin/cmake --install /home/eia/repo/rbi_2025_2/scara/scara_ws/build/scara_mujoco_description
[2.739s] Level 1:colcon.colcon_core.environment:checking '/home/eia/repo/rbi_2025_2/scara/scara_ws/install/scara_mujoco_description' for CMake config files
[2.740s] Level 1:colcon.colcon_core.shell:create_environment_hook('scara_mujoco_description', 'cmake_prefix_path')
[2.740s] INFO:colcon.colcon_core.shell:Creating environment hook '/home/eia/repo/rbi_2025_2/scara/scara_ws/install/scara_mujoco_description/share/scara_mujoco_description/hook/cmake_prefix_path.ps1'
[2.741s] INFO:colcon.colcon_core.shell:Creating environment descriptor '/home/eia/repo/rbi_2025_2/scara/scara_ws/install/scara_mujoco_description/share/scara_mujoco_description/hook/cmake_prefix_path.dsv'
[2.742s] INFO:colcon.colcon_core.shell:Creating environment hook '/home/eia/repo/rbi_2025_2/scara/scara_ws/install/scara_mujoco_description/share/scara_mujoco_description/hook/cmake_prefix_path.sh'
[2.743s] Level 1:colcon.colcon_core.environment:checking '/home/eia/repo/rbi_2025_2/scara/scara_ws/install/scara_mujoco_description/bin'
[2.743s] Level 1:colcon.colcon_core.environment:checking '/home/eia/repo/rbi_2025_2/scara/scara_ws/install/scara_mujoco_description/lib/pkgconfig/scara_mujoco_description.pc'
[2.744s] Level 1:colcon.colcon_core.environment:checking '/home/eia/repo/rbi_2025_2/scara/scara_ws/install/scara_mujoco_description/lib/python3.10/site-packages'
[2.744s] Level 1:colcon.colcon_core.environment:checking '/home/eia/repo/rbi_2025_2/scara/scara_ws/install/scara_mujoco_description/bin'
[2.745s] INFO:colcon.colcon_core.shell:Creating package script '/home/eia/repo/rbi_2025_2/scara/scara_ws/install/scara_mujoco_description/share/scara_mujoco_description/package.ps1'
[2.746s] INFO:colcon.colcon_core.shell:Creating package descriptor '/home/eia/repo/rbi_2025_2/scara/scara_ws/install/scara_mujoco_description/share/scara_mujoco_description/package.dsv'
[2.747s] INFO:colcon.colcon_core.shell:Creating package script '/home/eia/repo/rbi_2025_2/scara/scara_ws/install/scara_mujoco_description/share/scara_mujoco_description/package.sh'
[2.748s] INFO:colcon.colcon_core.shell:Creating package script '/home/eia/repo/rbi_2025_2/scara/scara_ws/install/scara_mujoco_description/share/scara_mujoco_description/package.bash'
[2.749s] INFO:colcon.colcon_core.shell:Creating package script '/home/eia/repo/rbi_2025_2/scara/scara_ws/install/scara_mujoco_description/share/scara_mujoco_description/package.zsh'
[2.750s] Level 1:colcon.colcon_core.environment:create_file_with_runtime_dependencies(/home/eia/repo/rbi_2025_2/scara/scara_ws/install/scara_mujoco_description/share/colcon-core/packages/scara_mujoco_description)
[2.751s] Level 1:colcon.colcon_core.environment:create_environment_scripts_only(scara_mujoco_description)
[2.752s] Level 1:colcon.colcon_core.environment:checking '/home/eia/repo/rbi_2025_2/scara/scara_ws/install/scara_mujoco_description' for CMake module files
[2.753s] Level 1:colcon.colcon_core.environment:checking '/home/eia/repo/rbi_2025_2/scara/scara_ws/install/scara_mujoco_description' for CMake config files
[2.753s] Level 1:colcon.colcon_core.shell:create_environment_hook('scara_mujoco_description', 'cmake_prefix_path')
[2.754s] INFO:colcon.colcon_core.shell:Creating environment hook '/home/eia/repo/rbi_2025_2/scara/scara_ws/install/scara_mujoco_description/share/scara_mujoco_description/hook/cmake_prefix_path.ps1'
[2.754s] INFO:colcon.colcon_core.shell:Creating environment descriptor '/home/eia/repo/rbi_2025_2/scara/scara_ws/install/scara_mujoco_description/share/scara_mujoco_description/hook/cmake_prefix_path.dsv'
[2.755s] INFO:colcon.colcon_core.shell:Creating environment hook '/home/eia/repo/rbi_2025_2/scara/scara_ws/install/scara_mujoco_description/share/scara_mujoco_description/hook/cmake_prefix_path.sh'
[2.756s] Level 1:colcon.colcon_core.environment:checking '/home/eia/repo/rbi_2025_2/scara/scara_ws/install/scara_mujoco_description/bin'
[2.756s] Level 1:colcon.colcon_core.environment:checking '/home/eia/repo/rbi_2025_2/scara/scara_ws/install/scara_mujoco_description/lib/pkgconfig/scara_mujoco_description.pc'
[2.757s] Level 1:colcon.colcon_core.environment:checking '/home/eia/repo/rbi_2025_2/scara/scara_ws/install/scara_mujoco_description/lib/python3.10/site-packages'
[2.757s] Level 1:colcon.colcon_core.environment:checking '/home/eia/repo/rbi_2025_2/scara/scara_ws/install/scara_mujoco_description/bin'
[2.758s] INFO:colcon.colcon_core.shell:Creating package script '/home/eia/repo/rbi_2025_2/scara/scara_ws/install/scara_mujoco_description/share/scara_mujoco_description/package.ps1'
[2.759s] INFO:colcon.colcon_core.shell:Creating package descriptor '/home/eia/repo/rbi_2025_2/scara/scara_ws/install/scara_mujoco_description/share/scara_mujoco_description/package.dsv'
[2.760s] INFO:colcon.colcon_core.shell:Creating package script '/home/eia/repo/rbi_2025_2/scara/scara_ws/install/scara_mujoco_description/share/scara_mujoco_description/package.sh'
[2.761s] INFO:colcon.colcon_core.shell:Creating package script '/home/eia/repo/rbi_2025_2/scara/scara_ws/install/scara_mujoco_description/share/scara_mujoco_description/package.bash'
[2.762s] INFO:colcon.colcon_core.shell:Creating package script '/home/eia/repo/rbi_2025_2/scara/scara_ws/install/scara_mujoco_description/share/scara_mujoco_description/package.zsh'
[2.763s] Level 1:colcon.colcon_core.environment:create_file_with_runtime_dependencies(/home/eia/repo/rbi_2025_2/scara/scara_ws/install/scara_mujoco_description/share/colcon-core/packages/scara_mujoco_description)
[2.764s] INFO:colcon.colcon_ros.task.ament_cmake.build:Building ROS package in '/home/eia/repo/rbi_2025_2/scara/scara_ws/src/scara_real_description' with build type 'ament_cmake'
[2.764s] INFO:colcon.colcon_cmake.task.cmake.build:Building CMake package in '/home/eia/repo/rbi_2025_2/scara/scara_ws/src/scara_real_description'
[2.765s] INFO:colcon.colcon_core.shell:Skip shell extension 'powershell' for command environment: Not usable outside of PowerShell
[2.765s] DEBUG:colcon.colcon_core.shell:Skip shell extension 'dsv' for command environment
[2.776s] INFO:colcon.colcon_ros.task.ament_python.build:Building ROS package in '/home/eia/repo/rbi_2025_2/scara/scara_ws/src/scara_tf_generator' with build type 'ament_python'
[2.776s] Level 1:colcon.colcon_core.shell:create_environment_hook('scara_tf_generator', 'ament_prefix_path')
[2.777s] INFO:colcon.colcon_core.shell:Creating environment hook '/home/eia/repo/rbi_2025_2/scara/scara_ws/install/scara_tf_generator/share/scara_tf_generator/hook/ament_prefix_path.ps1'
[2.778s] INFO:colcon.colcon_core.shell:Creating environment descriptor '/home/eia/repo/rbi_2025_2/scara/scara_ws/install/scara_tf_generator/share/scara_tf_generator/hook/ament_prefix_path.dsv'
[2.779s] INFO:colcon.colcon_core.shell:Creating environment hook '/home/eia/repo/rbi_2025_2/scara/scara_ws/install/scara_tf_generator/share/scara_tf_generator/hook/ament_prefix_path.sh'
[2.780s] INFO:colcon.colcon_core.shell:Skip shell extension 'powershell' for command environment: Not usable outside of PowerShell
[2.780s] DEBUG:colcon.colcon_core.shell:Skip shell extension 'dsv' for command environment
[2.790s] Level 1:colcon.colcon_core.environment:create_environment_scripts_only(scara_gz_description)
[2.791s] Level 1:colcon.colcon_core.environment:checking '/home/eia/repo/rbi_2025_2/scara/scara_ws/install/scara_gz_description' for CMake module files
[2.795s] DEBUG:colcon.colcon_core.event_handler.log_command:Invoked command in '/home/eia/repo/rbi_2025_2/scara/scara_ws/build/scara_gz_description' returned '0': CMAKE_PREFIX_PATH=${CMAKE_PREFIX_PATH}:/home/eia/repo/rbi_2025_2/scara/scara_ws/install/scara_general_ik_solver:/home/eia/repo/rbi_2025_2/scara/scara_ws/install/scara_tf_generator:/home/eia/repo/rbi_2025_2/scara/scara_ws/install/scara_path_generator:/home/eia/repo/rbi_2025_2/scara/scara_ws/install/scara_path_controller:/home/eia/repo/rbi_2025_2/scara/scara_ws/install/scara_mujoco_python_sim:/home/eia/repo/rbi_2025_2/scara/scara_ws/install/scara_ik_solver:/home/eia/repo/rbi_2025_2/scara/scara_ws/install/premade_path_publisher:/opt/ros/humble /usr/bin/cmake --install /home/eia/repo/rbi_2025_2/scara/scara_ws/build/scara_gz_description
[2.796s] Level 1:colcon.colcon_core.environment:checking '/home/eia/repo/rbi_2025_2/scara/scara_ws/install/scara_gz_description' for CMake config files
[2.796s] Level 1:colcon.colcon_core.shell:create_environment_hook('scara_gz_description', 'cmake_prefix_path')
[2.797s] INFO:colcon.colcon_core.shell:Creating environment hook '/home/eia/repo/rbi_2025_2/scara/scara_ws/install/scara_gz_description/share/scara_gz_description/hook/cmake_prefix_path.ps1'
[2.798s] INFO:colcon.colcon_core.shell:Creating environment descriptor '/home/eia/repo/rbi_2025_2/scara/scara_ws/install/scara_gz_description/share/scara_gz_description/hook/cmake_prefix_path.dsv'
[2.798s] INFO:colcon.colcon_core.shell:Creating environment hook '/home/eia/repo/rbi_2025_2/scara/scara_ws/install/scara_gz_description/share/scara_gz_description/hook/cmake_prefix_path.sh'
[2.799s] Level 1:colcon.colcon_core.environment:checking '/home/eia/repo/rbi_2025_2/scara/scara_ws/install/scara_gz_description/bin'
[2.800s] Level 1:colcon.colcon_core.environment:checking '/home/eia/repo/rbi_2025_2/scara/scara_ws/install/scara_gz_description/lib/pkgconfig/scara_gz_description.pc'
[2.800s] Level 1:colcon.colcon_core.environment:checking '/home/eia/repo/rbi_2025_2/scara/scara_ws/install/scara_gz_description/lib/python3.10/site-packages'
[2.801s] Level 1:colcon.colcon_core.environment:checking '/home/eia/repo/rbi_2025_2/scara/scara_ws/install/scara_gz_description/bin'
[2.801s] INFO:colcon.colcon_core.shell:Creating package script '/home/eia/repo/rbi_2025_2/scara/scara_ws/install/scara_gz_description/share/scara_gz_description/package.ps1'
[2.802s] INFO:colcon.colcon_core.shell:Creating package descriptor '/home/eia/repo/rbi_2025_2/scara/scara_ws/install/scara_gz_description/share/scara_gz_description/package.dsv'
[2.803s] INFO:colcon.colcon_core.shell:Creating package script '/home/eia/repo/rbi_2025_2/scara/scara_ws/install/scara_gz_description/share/scara_gz_description/package.sh'
[2.804s] INFO:colcon.colcon_core.shell:Creating package script '/home/eia/repo/rbi_2025_2/scara/scara_ws/install/scara_gz_description/share/scara_gz_description/package.bash'
[2.805s] INFO:colcon.colcon_core.shell:Creating package script '/home/eia/repo/rbi_2025_2/scara/scara_ws/install/scara_gz_description/share/scara_gz_description/package.zsh'
[2.805s] Level 1:colcon.colcon_core.environment:create_file_with_runtime_dependencies(/home/eia/repo/rbi_2025_2/scara/scara_ws/install/scara_gz_description/share/colcon-core/packages/scara_gz_description)
[2.806s] Level 1:colcon.colcon_core.environment:create_environment_scripts_only(scara_gz_description)
[2.807s] Level 1:colcon.colcon_core.environment:checking '/home/eia/repo/rbi_2025_2/scara/scara_ws/install/scara_gz_description' for CMake module files
[2.808s] Level 1:colcon.colcon_core.environment:checking '/home/eia/repo/rbi_2025_2/scara/scara_ws/install/scara_gz_description' for CMake config files
[2.808s] Level 1:colcon.colcon_core.shell:create_environment_hook('scara_gz_description', 'cmake_prefix_path')
[2.809s] INFO:colcon.colcon_core.shell:Creating environment hook '/home/eia/repo/rbi_2025_2/scara/scara_ws/install/scara_gz_description/share/scara_gz_description/hook/cmake_prefix_path.ps1'
[2.810s] INFO:colcon.colcon_core.shell:Creating environment descriptor '/home/eia/repo/rbi_2025_2/scara/scara_ws/install/scara_gz_description/share/scara_gz_description/hook/cmake_prefix_path.dsv'
[2.811s] INFO:colcon.colcon_core.shell:Creating environment hook '/home/eia/repo/rbi_2025_2/scara/scara_ws/install/scara_gz_description/share/scara_gz_description/hook/cmake_prefix_path.sh'
[2.812s] Level 1:colcon.colcon_core.environment:checking '/home/eia/repo/rbi_2025_2/scara/scara_ws/install/scara_gz_description/bin'
[2.812s] Level 1:colcon.colcon_core.environment:checking '/home/eia/repo/rbi_2025_2/scara/scara_ws/install/scara_gz_description/lib/pkgconfig/scara_gz_description.pc'
[2.813s] Level 1:colcon.colcon_core.environment:checking '/home/eia/repo/rbi_2025_2/scara/scara_ws/install/scara_gz_description/lib/python3.10/site-packages'
[2.813s] Level 1:colcon.colcon_core.environment:checking '/home/eia/repo/rbi_2025_2/scara/scara_ws/install/scara_gz_description/bin'
[2.814s] INFO:colcon.colcon_core.shell:Creating package script '/home/eia/repo/rbi_2025_2/scara/scara_ws/install/scara_gz_description/share/scara_gz_description/package.ps1'
[2.815s] INFO:colcon.colcon_core.shell:Creating package descriptor '/home/eia/repo/rbi_2025_2/scara/scara_ws/install/scara_gz_description/share/scara_gz_description/package.dsv'
[2.816s] INFO:colcon.colcon_core.shell:Creating package script '/home/eia/repo/rbi_2025_2/scara/scara_ws/install/scara_gz_description/share/scara_gz_description/package.sh'
[2.817s] INFO:colcon.colcon_core.shell:Creating package script '/home/eia/repo/rbi_2025_2/scara/scara_ws/install/scara_gz_description/share/scara_gz_description/package.bash'
[2.818s] INFO:colcon.colcon_core.shell:Creating package script '/home/eia/repo/rbi_2025_2/scara/scara_ws/install/scara_gz_description/share/scara_gz_description/package.zsh'
[2.819s] Level 1:colcon.colcon_core.environment:create_file_with_runtime_dependencies(/home/eia/repo/rbi_2025_2/scara/scara_ws/install/scara_gz_description/share/colcon-core/packages/scara_gz_description)
[2.822s] Level 1:colcon.colcon_core.environment:create_environment_scripts_only(scara_hardware_interface)
[2.823s] Level 1:colcon.colcon_core.environment:checking '/home/eia/repo/rbi_2025_2/scara/scara_ws/install/scara_hardware_interface' for CMake module files
[2.828s] DEBUG:colcon.colcon_core.event_handler.log_command:Invoked command in '/home/eia/repo/rbi_2025_2/scara/scara_ws/build/scara_hardware_interface' returned '0': CMAKE_PREFIX_PATH=${CMAKE_PREFIX_PATH}:/home/eia/repo/rbi_2025_2/scara/scara_ws/install/scara_general_ik_solver:/home/eia/repo/rbi_2025_2/scara/scara_ws/install/scara_tf_generator:/home/eia/repo/rbi_2025_2/scara/scara_ws/install/scara_path_generator:/home/eia/repo/rbi_2025_2/scara/scara_ws/install/scara_path_controller:/home/eia/repo/rbi_2025_2/scara/scara_ws/install/scara_mujoco_python_sim:/home/eia/repo/rbi_2025_2/scara/scara_ws/install/scara_ik_solver:/home/eia/repo/rbi_2025_2/scara/scara_ws/install/premade_path_publisher:/opt/ros/humble /usr/bin/cmake --install /home/eia/repo/rbi_2025_2/scara/scara_ws/build/scara_hardware_interface
[2.829s] Level 1:colcon.colcon_core.environment:checking '/home/eia/repo/rbi_2025_2/scara/scara_ws/install/scara_hardware_interface' for CMake config files
[2.829s] Level 1:colcon.colcon_core.shell:create_environment_hook('scara_hardware_interface', 'cmake_prefix_path')
[2.830s] INFO:colcon.colcon_core.shell:Creating environment hook '/home/eia/repo/rbi_2025_2/scara/scara_ws/install/scara_hardware_interface/share/scara_hardware_interface/hook/cmake_prefix_path.ps1'
[2.831s] INFO:colcon.colcon_core.shell:Creating environment descriptor '/home/eia/repo/rbi_2025_2/scara/scara_ws/install/scara_hardware_interface/share/scara_hardware_interface/hook/cmake_prefix_path.dsv'
[2.832s] INFO:colcon.colcon_core.shell:Creating environment hook '/home/eia/repo/rbi_2025_2/scara/scara_ws/install/scara_hardware_interface/share/scara_hardware_interface/hook/cmake_prefix_path.sh'
[2.834s] Level 1:colcon.colcon_core.environment:checking '/home/eia/repo/rbi_2025_2/scara/scara_ws/install/scara_hardware_interface/lib'
[2.834s] Level 1:colcon.colcon_core.shell:create_environment_hook('scara_hardware_interface', 'ld_library_path_lib')
[2.835s] INFO:colcon.colcon_core.shell:Creating environment hook '/home/eia/repo/rbi_2025_2/scara/scara_ws/install/scara_hardware_interface/share/scara_hardware_interface/hook/ld_library_path_lib.ps1'
[2.835s] INFO:colcon.colcon_core.shell:Creating environment descriptor '/home/eia/repo/rbi_2025_2/scara/scara_ws/install/scara_hardware_interface/share/scara_hardware_interface/hook/ld_library_path_lib.dsv'
[2.836s] INFO:colcon.colcon_core.shell:Creating environment hook '/home/eia/repo/rbi_2025_2/scara/scara_ws/install/scara_hardware_interface/share/scara_hardware_interface/hook/ld_library_path_lib.sh'
[2.837s] Level 1:colcon.colcon_core.environment:checking '/home/eia/repo/rbi_2025_2/scara/scara_ws/install/scara_hardware_interface/bin'
[2.837s] Level 1:colcon.colcon_core.environment:checking '/home/eia/repo/rbi_2025_2/scara/scara_ws/install/scara_hardware_interface/lib/pkgconfig/scara_hardware_interface.pc'
[2.837s] Level 1:colcon.colcon_core.environment:checking '/home/eia/repo/rbi_2025_2/scara/scara_ws/install/scara_hardware_interface/lib/python3.10/site-packages'
[2.838s] Level 1:colcon.colcon_core.environment:checking '/home/eia/repo/rbi_2025_2/scara/scara_ws/install/scara_hardware_interface/bin'
[2.839s] INFO:colcon.colcon_core.shell:Creating package script '/home/eia/repo/rbi_2025_2/scara/scara_ws/install/scara_hardware_interface/share/scara_hardware_interface/package.ps1'
[2.840s] INFO:colcon.colcon_core.shell:Creating package descriptor '/home/eia/repo/rbi_2025_2/scara/scara_ws/install/scara_hardware_interface/share/scara_hardware_interface/package.dsv'
[2.841s] INFO:colcon.colcon_core.shell:Creating package script '/home/eia/repo/rbi_2025_2/scara/scara_ws/install/scara_hardware_interface/share/scara_hardware_interface/package.sh'
[2.842s] INFO:colcon.colcon_core.shell:Creating package script '/home/eia/repo/rbi_2025_2/scara/scara_ws/install/scara_hardware_interface/share/scara_hardware_interface/package.bash'
[2.842s] INFO:colcon.colcon_core.shell:Creating package script '/home/eia/repo/rbi_2025_2/scara/scara_ws/install/scara_hardware_interface/share/scara_hardware_interface/package.zsh'
[2.843s] Level 1:colcon.colcon_core.environment:create_file_with_runtime_dependencies(/home/eia/repo/rbi_2025_2/scara/scara_ws/install/scara_hardware_interface/share/colcon-core/packages/scara_hardware_interface)
[2.844s] Level 1:colcon.colcon_core.environment:create_environment_scripts_only(scara_hardware_interface)
[2.845s] Level 1:colcon.colcon_core.environment:checking '/home/eia/repo/rbi_2025_2/scara/scara_ws/install/scara_hardware_interface' for CMake module files
[2.846s] Level 1:colcon.colcon_core.environment:checking '/home/eia/repo/rbi_2025_2/scara/scara_ws/install/scara_hardware_interface' for CMake config files
[2.846s] Level 1:colcon.colcon_core.shell:create_environment_hook('scara_hardware_interface', 'cmake_prefix_path')
[2.847s] INFO:colcon.colcon_core.shell:Creating environment hook '/home/eia/repo/rbi_2025_2/scara/scara_ws/install/scara_hardware_interface/share/scara_hardware_interface/hook/cmake_prefix_path.ps1'
[2.848s] INFO:colcon.colcon_core.shell:Creating environment descriptor '/home/eia/repo/rbi_2025_2/scara/scara_ws/install/scara_hardware_interface/share/scara_hardware_interface/hook/cmake_prefix_path.dsv'
[2.849s] INFO:colcon.colcon_core.shell:Creating environment hook '/home/eia/repo/rbi_2025_2/scara/scara_ws/install/scara_hardware_interface/share/scara_hardware_interface/hook/cmake_prefix_path.sh'
[2.850s] Level 1:colcon.colcon_core.environment:checking '/home/eia/repo/rbi_2025_2/scara/scara_ws/install/scara_hardware_interface/lib'
[2.850s] Level 1:colcon.colcon_core.shell:create_environment_hook('scara_hardware_interface', 'ld_library_path_lib')
[2.850s] INFO:colcon.colcon_core.shell:Creating environment hook '/home/eia/repo/rbi_2025_2/scara/scara_ws/install/scara_hardware_interface/share/scara_hardware_interface/hook/ld_library_path_lib.ps1'
[2.851s] INFO:colcon.colcon_core.shell:Creating environment descriptor '/home/eia/repo/rbi_2025_2/scara/scara_ws/install/scara_hardware_interface/share/scara_hardware_interface/hook/ld_library_path_lib.dsv'
[2.852s] INFO:colcon.colcon_core.shell:Creating environment hook '/home/eia/repo/rbi_2025_2/scara/scara_ws/install/scara_hardware_interface/share/scara_hardware_interface/hook/ld_library_path_lib.sh'
[2.853s] Level 1:colcon.colcon_core.environment:checking '/home/eia/repo/rbi_2025_2/scara/scara_ws/install/scara_hardware_interface/bin'
[2.853s] Level 1:colcon.colcon_core.environment:checking '/home/eia/repo/rbi_2025_2/scara/scara_ws/install/scara_hardware_interface/lib/pkgconfig/scara_hardware_interface.pc'
[2.853s] Level 1:colcon.colcon_core.environment:checking '/home/eia/repo/rbi_2025_2/scara/scara_ws/install/scara_hardware_interface/lib/python3.10/site-packages'
[2.854s] Level 1:colcon.colcon_core.environment:checking '/home/eia/repo/rbi_2025_2/scara/scara_ws/install/scara_hardware_interface/bin'
[2.855s] INFO:colcon.colcon_core.shell:Creating package script '/home/eia/repo/rbi_2025_2/scara/scara_ws/install/scara_hardware_interface/share/scara_hardware_interface/package.ps1'
[2.856s] INFO:colcon.colcon_core.shell:Creating package descriptor '/home/eia/repo/rbi_2025_2/scara/scara_ws/install/scara_hardware_interface/share/scara_hardware_interface/package.dsv'
[2.857s] INFO:colcon.colcon_core.shell:Creating package script '/home/eia/repo/rbi_2025_2/scara/scara_ws/install/scara_hardware_interface/share/scara_hardware_interface/package.sh'
[2.858s] INFO:colcon.colcon_core.shell:Creating package script '/home/eia/repo/rbi_2025_2/scara/scara_ws/install/scara_hardware_interface/share/scara_hardware_interface/package.bash'
[2.859s] INFO:colcon.colcon_core.shell:Creating package script '/home/eia/repo/rbi_2025_2/scara/scara_ws/install/scara_hardware_interface/share/scara_hardware_interface/package.zsh'
[2.859s] Level 1:colcon.colcon_core.environment:create_file_with_runtime_dependencies(/home/eia/repo/rbi_2025_2/scara/scara_ws/install/scara_hardware_interface/share/colcon-core/packages/scara_hardware_interface)
[2.860s] Level 1:colcon.colcon_core.environment:create_environment_scripts_only(scara_real_bringup)
[2.860s] Level 1:colcon.colcon_core.environment:checking '/home/eia/repo/rbi_2025_2/scara/scara_ws/install/scara_real_bringup' for CMake module files
[2.863s] DEBUG:colcon.colcon_core.event_handler.log_command:Invoked command in '/home/eia/repo/rbi_2025_2/scara/scara_ws/build/scara_real_bringup' returned '0': CMAKE_PREFIX_PATH=${CMAKE_PREFIX_PATH}:/home/eia/repo/rbi_2025_2/scara/scara_ws/install/scara_general_ik_solver:/home/eia/repo/rbi_2025_2/scara/scara_ws/install/scara_tf_generator:/home/eia/repo/rbi_2025_2/scara/scara_ws/install/scara_path_generator:/home/eia/repo/rbi_2025_2/scara/scara_ws/install/scara_path_controller:/home/eia/repo/rbi_2025_2/scara/scara_ws/install/scara_mujoco_python_sim:/home/eia/repo/rbi_2025_2/scara/scara_ws/install/scara_ik_solver:/home/eia/repo/rbi_2025_2/scara/scara_ws/install/premade_path_publisher:/opt/ros/humble /usr/bin/cmake --install /home/eia/repo/rbi_2025_2/scara/scara_ws/build/scara_real_bringup
[2.863s] Level 1:colcon.colcon_core.environment:checking '/home/eia/repo/rbi_2025_2/scara/scara_ws/install/scara_real_bringup' for CMake config files
[2.864s] Level 1:colcon.colcon_core.shell:create_environment_hook('scara_real_bringup', 'cmake_prefix_path')
[2.864s] INFO:colcon.colcon_core.shell:Creating environment hook '/home/eia/repo/rbi_2025_2/scara/scara_ws/install/scara_real_bringup/share/scara_real_bringup/hook/cmake_prefix_path.ps1'
[2.865s] INFO:colcon.colcon_core.shell:Creating environment descriptor '/home/eia/repo/rbi_2025_2/scara/scara_ws/install/scara_real_bringup/share/scara_real_bringup/hook/cmake_prefix_path.dsv'
[2.866s] INFO:colcon.colcon_core.shell:Creating environment hook '/home/eia/repo/rbi_2025_2/scara/scara_ws/install/scara_real_bringup/share/scara_real_bringup/hook/cmake_prefix_path.sh'
[2.867s] Level 1:colcon.colcon_core.environment:checking '/home/eia/repo/rbi_2025_2/scara/scara_ws/install/scara_real_bringup/bin'
[2.867s] Level 1:colcon.colcon_core.environment:checking '/home/eia/repo/rbi_2025_2/scara/scara_ws/install/scara_real_bringup/lib/pkgconfig/scara_real_bringup.pc'
[2.868s] Level 1:colcon.colcon_core.environment:checking '/home/eia/repo/rbi_2025_2/scara/scara_ws/install/scara_real_bringup/lib/python3.10/site-packages'
[2.868s] Level 1:colcon.colcon_core.environment:checking '/home/eia/repo/rbi_2025_2/scara/scara_ws/install/scara_real_bringup/bin'
[2.869s] INFO:colcon.colcon_core.shell:Creating package script '/home/eia/repo/rbi_2025_2/scara/scara_ws/install/scara_real_bringup/share/scara_real_bringup/package.ps1'
[2.870s] INFO:colcon.colcon_core.shell:Creating package descriptor '/home/eia/repo/rbi_2025_2/scara/scara_ws/install/scara_real_bringup/share/scara_real_bringup/package.dsv'
[2.871s] INFO:colcon.colcon_core.shell:Creating package script '/home/eia/repo/rbi_2025_2/scara/scara_ws/install/scara_real_bringup/share/scara_real_bringup/package.sh'
[2.872s] INFO:colcon.colcon_core.shell:Creating package script '/home/eia/repo/rbi_2025_2/scara/scara_ws/install/scara_real_bringup/share/scara_real_bringup/package.bash'
[2.872s] INFO:colcon.colcon_core.shell:Creating package script '/home/eia/repo/rbi_2025_2/scara/scara_ws/install/scara_real_bringup/share/scara_real_bringup/package.zsh'
[2.873s] Level 1:colcon.colcon_core.environment:create_file_with_runtime_dependencies(/home/eia/repo/rbi_2025_2/scara/scara_ws/install/scara_real_bringup/share/colcon-core/packages/scara_real_bringup)
[2.874s] Level 1:colcon.colcon_core.environment:create_environment_scripts_only(scara_real_bringup)
[2.875s] Level 1:colcon.colcon_core.environment:checking '/home/eia/repo/rbi_2025_2/scara/scara_ws/install/scara_real_bringup' for CMake module files
[2.876s] Level 1:colcon.colcon_core.environment:checking '/home/eia/repo/rbi_2025_2/scara/scara_ws/install/scara_real_bringup' for CMake config files
[2.876s] Level 1:colcon.colcon_core.shell:create_environment_hook('scara_real_bringup', 'cmake_prefix_path')
[2.877s] INFO:colcon.colcon_core.shell:Creating environment hook '/home/eia/repo/rbi_2025_2/scara/scara_ws/install/scara_real_bringup/share/scara_real_bringup/hook/cmake_prefix_path.ps1'
[2.877s] INFO:colcon.colcon_core.shell:Creating environment descriptor '/home/eia/repo/rbi_2025_2/scara/scara_ws/install/scara_real_bringup/share/scara_real_bringup/hook/cmake_prefix_path.dsv'
[2.878s] INFO:colcon.colcon_core.shell:Creating environment hook '/home/eia/repo/rbi_2025_2/scara/scara_ws/install/scara_real_bringup/share/scara_real_bringup/hook/cmake_prefix_path.sh'
[2.879s] Level 1:colcon.colcon_core.environment:checking '/home/eia/repo/rbi_2025_2/scara/scara_ws/install/scara_real_bringup/bin'
[2.879s] Level 1:colcon.colcon_core.environment:checking '/home/eia/repo/rbi_2025_2/scara/scara_ws/install/scara_real_bringup/lib/pkgconfig/scara_real_bringup.pc'
[2.880s] Level 1:colcon.colcon_core.environment:checking '/home/eia/repo/rbi_2025_2/scara/scara_ws/install/scara_real_bringup/lib/python3.10/site-packages'
[2.880s] Level 1:colcon.colcon_core.environment:checking '/home/eia/repo/rbi_2025_2/scara/scara_ws/install/scara_real_bringup/bin'
[2.881s] INFO:colcon.colcon_core.shell:Creating package script '/home/eia/repo/rbi_2025_2/scara/scara_ws/install/scara_real_bringup/share/scara_real_bringup/package.ps1'
[2.883s] INFO:colcon.colcon_core.shell:Creating package descriptor '/home/eia/repo/rbi_2025_2/scara/scara_ws/install/scara_real_bringup/share/scara_real_bringup/package.dsv'
[2.884s] INFO:colcon.colcon_core.shell:Creating package script '/home/eia/repo/rbi_2025_2/scara/scara_ws/install/scara_real_bringup/share/scara_real_bringup/package.sh'
[2.885s] INFO:colcon.colcon_core.shell:Creating package script '/home/eia/repo/rbi_2025_2/scara/scara_ws/install/scara_real_bringup/share/scara_real_bringup/package.bash'
[2.886s] INFO:colcon.colcon_core.shell:Creating package script '/home/eia/repo/rbi_2025_2/scara/scara_ws/install/scara_real_bringup/share/scara_real_bringup/package.zsh'
[2.887s] Level 1:colcon.colcon_core.environment:create_file_with_runtime_dependencies(/home/eia/repo/rbi_2025_2/scara/scara_ws/install/scara_real_bringup/share/colcon-core/packages/scara_real_bringup)
[2.894s] DEBUG:colcon.colcon_core.event_handler.log_command:Invoking command in '/home/eia/repo/rbi_2025_2/scara/scara_ws/build/scara_real_description': CMAKE_PREFIX_PATH=${CMAKE_PREFIX_PATH}:/home/eia/repo/rbi_2025_2/scara/scara_ws/install/scara_general_ik_solver:/home/eia/repo/rbi_2025_2/scara/scara_ws/install/scara_tf_generator:/home/eia/repo/rbi_2025_2/scara/scara_ws/install/scara_path_generator:/home/eia/repo/rbi_2025_2/scara/scara_ws/install/scara_path_controller:/home/eia/repo/rbi_2025_2/scara/scara_ws/install/scara_mujoco_python_sim:/home/eia/repo/rbi_2025_2/scara/scara_ws/install/scara_ik_solver:/home/eia/repo/rbi_2025_2/scara/scara_ws/install/premade_path_publisher:/opt/ros/humble /usr/bin/cmake --build /home/eia/repo/rbi_2025_2/scara/scara_ws/build/scara_real_description -- -j12 -l12
[3.598s] INFO:colcon.colcon_core.task.python.build:Building Python package in '/home/eia/repo/rbi_2025_2/scara/scara_ws/src/scara_tf_generator'
[3.598s] INFO:colcon.colcon_core.shell:Skip shell extension 'powershell' for command environment: Not usable outside of PowerShell
[3.598s] DEBUG:colcon.colcon_core.shell:Skip shell extension 'dsv' for command environment
[3.610s] DEBUG:colcon.colcon_core.event_handler.log_command:Invoking command in '/home/eia/repo/rbi_2025_2/scara/scara_ws/build/scara_path_generator': PYTHONPATH=/home/eia/repo/rbi_2025_2/scara/scara_ws/build/scara_path_generator/prefix_override:/home/eia/.local/lib/python3.10/site-packages/colcon_core/task/python/colcon_distutils_commands:/home/eia/repo/rbi_2025_2/scara/scara_ws/install/scara_path_generator/lib/python3.10/site-packages:${PYTHONPATH} /usr/bin/python3 -W ignore:setup.py install is deprecated -W ignore:easy_install command is deprecated setup.py develop --editable --build-directory /home/eia/repo/rbi_2025_2/scara/scara_ws/build/scara_path_generator/build --no-deps symlink_data
[3.612s] DEBUG:colcon.colcon_core.event_handler.log_command:Invoking command in '/home/eia/repo/rbi_2025_2/scara/scara_ws/build/scara_general_ik_solver': PYTHONPATH=/home/eia/repo/rbi_2025_2/scara/scara_ws/build/scara_general_ik_solver/prefix_override:/home/eia/.local/lib/python3.10/site-packages/colcon_core/task/python/colcon_distutils_commands:/home/eia/repo/rbi_2025_2/scara/scara_ws/install/scara_general_ik_solver/lib/python3.10/site-packages:${PYTHONPATH} /usr/bin/python3 -W ignore:setup.py install is deprecated -W ignore:easy_install command is deprecated setup.py develop --editable --build-directory /home/eia/repo/rbi_2025_2/scara/scara_ws/build/scara_general_ik_solver/build --no-deps symlink_data
[3.614s] DEBUG:colcon.colcon_core.event_handler.log_command:Invoking command in '/home/eia/repo/rbi_2025_2/scara/scara_ws/build/scara_mujoco_python_sim': PYTHONPATH=/home/eia/repo/rbi_2025_2/scara/scara_ws/build/scara_mujoco_python_sim/prefix_override:/home/eia/.local/lib/python3.10/site-packages/colcon_core/task/python/colcon_distutils_commands:/home/eia/repo/rbi_2025_2/scara/scara_ws/install/scara_mujoco_python_sim/lib/python3.10/site-packages:${PYTHONPATH} /usr/bin/python3 -W ignore:setup.py install is deprecated -W ignore:easy_install command is deprecated setup.py develop --editable --build-directory /home/eia/repo/rbi_2025_2/scara/scara_ws/build/scara_mujoco_python_sim/build --no-deps symlink_data
[3.617s] DEBUG:colcon.colcon_core.event_handler.log_command:Invoking command in '/home/eia/repo/rbi_2025_2/scara/scara_ws/build/premade_path_publisher': PYTHONPATH=/home/eia/repo/rbi_2025_2/scara/scara_ws/build/premade_path_publisher/prefix_override:/home/eia/.local/lib/python3.10/site-packages/colcon_core/task/python/colcon_distutils_commands:/home/eia/repo/rbi_2025_2/scara/scara_ws/install/premade_path_publisher/lib/python3.10/site-packages:${PYTHONPATH} /usr/bin/python3 -W ignore:setup.py install is deprecated -W ignore:easy_install command is deprecated setup.py develop --editable --build-directory /home/eia/repo/rbi_2025_2/scara/scara_ws/build/premade_path_publisher/build --no-deps symlink_data
[3.620s] DEBUG:colcon.colcon_core.event_handler.log_command:Invoking command in '/home/eia/repo/rbi_2025_2/scara/scara_ws/build/scara_path_controller': PYTHONPATH=/home/eia/repo/rbi_2025_2/scara/scara_ws/build/scara_path_controller/prefix_override:/home/eia/.local/lib/python3.10/site-packages/colcon_core/task/python/colcon_distutils_commands:/home/eia/repo/rbi_2025_2/scara/scara_ws/install/scara_path_controller/lib/python3.10/site-packages:${PYTHONPATH} /usr/bin/python3 -W ignore:setup.py install is deprecated -W ignore:easy_install command is deprecated setup.py develop --editable --build-directory /home/eia/repo/rbi_2025_2/scara/scara_ws/build/scara_path_controller/build --no-deps symlink_data
[3.621s] DEBUG:colcon.colcon_core.event_handler.log_command:Invoked command in '/home/eia/repo/rbi_2025_2/scara/scara_ws/build/scara_real_description' returned '0': CMAKE_PREFIX_PATH=${CMAKE_PREFIX_PATH}:/home/eia/repo/rbi_2025_2/scara/scara_ws/install/scara_general_ik_solver:/home/eia/repo/rbi_2025_2/scara/scara_ws/install/scara_tf_generator:/home/eia/repo/rbi_2025_2/scara/scara_ws/install/scara_path_generator:/home/eia/repo/rbi_2025_2/scara/scara_ws/install/scara_path_controller:/home/eia/repo/rbi_2025_2/scara/scara_ws/install/scara_mujoco_python_sim:/home/eia/repo/rbi_2025_2/scara/scara_ws/install/scara_ik_solver:/home/eia/repo/rbi_2025_2/scara/scara_ws/install/premade_path_publisher:/opt/ros/humble /usr/bin/cmake --build /home/eia/repo/rbi_2025_2/scara/scara_ws/build/scara_real_description -- -j12 -l12
[3.626s] DEBUG:colcon.colcon_core.event_handler.log_command:Invoking command in '/home/eia/repo/rbi_2025_2/scara/scara_ws/build/scara_real_description': CMAKE_PREFIX_PATH=${CMAKE_PREFIX_PATH}:/home/eia/repo/rbi_2025_2/scara/scara_ws/install/scara_general_ik_solver:/home/eia/repo/rbi_2025_2/scara/scara_ws/install/scara_tf_generator:/home/eia/repo/rbi_2025_2/scara/scara_ws/install/scara_path_generator:/home/eia/repo/rbi_2025_2/scara/scara_ws/install/scara_path_controller:/home/eia/repo/rbi_2025_2/scara/scara_ws/install/scara_mujoco_python_sim:/home/eia/repo/rbi_2025_2/scara/scara_ws/install/scara_ik_solver:/home/eia/repo/rbi_2025_2/scara/scara_ws/install/premade_path_publisher:/opt/ros/humble /usr/bin/cmake --install /home/eia/repo/rbi_2025_2/scara/scara_ws/build/scara_real_description
[3.663s] Level 1:colcon.colcon_core.environment:create_environment_scripts_only(scara_real_description)
[3.664s] Level 1:colcon.colcon_core.environment:checking '/home/eia/repo/rbi_2025_2/scara/scara_ws/install/scara_real_description' for CMake module files
[3.665s] DEBUG:colcon.colcon_core.event_handler.log_command:Invoked command in '/home/eia/repo/rbi_2025_2/scara/scara_ws/build/scara_real_description' returned '0': CMAKE_PREFIX_PATH=${CMAKE_PREFIX_PATH}:/home/eia/repo/rbi_2025_2/scara/scara_ws/install/scara_general_ik_solver:/home/eia/repo/rbi_2025_2/scara/scara_ws/install/scara_tf_generator:/home/eia/repo/rbi_2025_2/scara/scara_ws/install/scara_path_generator:/home/eia/repo/rbi_2025_2/scara/scara_ws/install/scara_path_controller:/home/eia/repo/rbi_2025_2/scara/scara_ws/install/scara_mujoco_python_sim:/home/eia/repo/rbi_2025_2/scara/scara_ws/install/scara_ik_solver:/home/eia/repo/rbi_2025_2/scara/scara_ws/install/premade_path_publisher:/opt/ros/humble /usr/bin/cmake --install /home/eia/repo/rbi_2025_2/scara/scara_ws/build/scara_real_description
[3.666s] Level 1:colcon.colcon_core.environment:checking '/home/eia/repo/rbi_2025_2/scara/scara_ws/install/scara_real_description' for CMake config files
[3.666s] Level 1:colcon.colcon_core.shell:create_environment_hook('scara_real_description', 'cmake_prefix_path')
[3.667s] INFO:colcon.colcon_core.shell:Creating environment hook '/home/eia/repo/rbi_2025_2/scara/scara_ws/install/scara_real_description/share/scara_real_description/hook/cmake_prefix_path.ps1'
[3.668s] INFO:colcon.colcon_core.shell:Creating environment descriptor '/home/eia/repo/rbi_2025_2/scara/scara_ws/install/scara_real_description/share/scara_real_description/hook/cmake_prefix_path.dsv'
[3.668s] INFO:colcon.colcon_core.shell:Creating environment hook '/home/eia/repo/rbi_2025_2/scara/scara_ws/install/scara_real_description/share/scara_real_description/hook/cmake_prefix_path.sh'
[3.669s] Level 1:colcon.colcon_core.environment:checking '/home/eia/repo/rbi_2025_2/scara/scara_ws/install/scara_real_description/bin'
[3.670s] Level 1:colcon.colcon_core.environment:checking '/home/eia/repo/rbi_2025_2/scara/scara_ws/install/scara_real_description/lib/pkgconfig/scara_real_description.pc'
[3.670s] Level 1:colcon.colcon_core.environment:checking '/home/eia/repo/rbi_2025_2/scara/scara_ws/install/scara_real_description/lib/python3.10/site-packages'
[3.671s] Level 1:colcon.colcon_core.environment:checking '/home/eia/repo/rbi_2025_2/scara/scara_ws/install/scara_real_description/bin'
[3.671s] INFO:colcon.colcon_core.shell:Creating package script '/home/eia/repo/rbi_2025_2/scara/scara_ws/install/scara_real_description/share/scara_real_description/package.ps1'
[3.672s] INFO:colcon.colcon_core.shell:Creating package descriptor '/home/eia/repo/rbi_2025_2/scara/scara_ws/install/scara_real_description/share/scara_real_description/package.dsv'
[3.673s] INFO:colcon.colcon_core.shell:Creating package script '/home/eia/repo/rbi_2025_2/scara/scara_ws/install/scara_real_description/share/scara_real_description/package.sh'
[3.674s] INFO:colcon.colcon_core.shell:Creating package script '/home/eia/repo/rbi_2025_2/scara/scara_ws/install/scara_real_description/share/scara_real_description/package.bash'
[3.675s] INFO:colcon.colcon_core.shell:Creating package script '/home/eia/repo/rbi_2025_2/scara/scara_ws/install/scara_real_description/share/scara_real_description/package.zsh'
[3.675s] Level 1:colcon.colcon_core.environment:create_file_with_runtime_dependencies(/home/eia/repo/rbi_2025_2/scara/scara_ws/install/scara_real_description/share/colcon-core/packages/scara_real_description)
[3.676s] Level 1:colcon.colcon_core.environment:create_environment_scripts_only(scara_real_description)
[3.677s] Level 1:colcon.colcon_core.environment:checking '/home/eia/repo/rbi_2025_2/scara/scara_ws/install/scara_real_description' for CMake module files
[3.678s] Level 1:colcon.colcon_core.environment:checking '/home/eia/repo/rbi_2025_2/scara/scara_ws/install/scara_real_description' for CMake config files
[3.678s] Level 1:colcon.colcon_core.shell:create_environment_hook('scara_real_description', 'cmake_prefix_path')
[3.679s] INFO:colcon.colcon_core.shell:Creating environment hook '/home/eia/repo/rbi_2025_2/scara/scara_ws/install/scara_real_description/share/scara_real_description/hook/cmake_prefix_path.ps1'
[3.680s] INFO:colcon.colcon_core.shell:Creating environment descriptor '/home/eia/repo/rbi_2025_2/scara/scara_ws/install/scara_real_description/share/scara_real_description/hook/cmake_prefix_path.dsv'
[3.681s] INFO:colcon.colcon_core.shell:Creating environment hook '/home/eia/repo/rbi_2025_2/scara/scara_ws/install/scara_real_description/share/scara_real_description/hook/cmake_prefix_path.sh'
[3.682s] Level 1:colcon.colcon_core.environment:checking '/home/eia/repo/rbi_2025_2/scara/scara_ws/install/scara_real_description/bin'
[3.682s] Level 1:colcon.colcon_core.environment:checking '/home/eia/repo/rbi_2025_2/scara/scara_ws/install/scara_real_description/lib/pkgconfig/scara_real_description.pc'
[3.682s] Level 1:colcon.colcon_core.environment:checking '/home/eia/repo/rbi_2025_2/scara/scara_ws/install/scara_real_description/lib/python3.10/site-packages'
[3.683s] Level 1:colcon.colcon_core.environment:checking '/home/eia/repo/rbi_2025_2/scara/scara_ws/install/scara_real_description/bin'
[3.683s] INFO:colcon.colcon_core.shell:Creating package script '/home/eia/repo/rbi_2025_2/scara/scara_ws/install/scara_real_description/share/scara_real_description/package.ps1'
[3.684s] INFO:colcon.colcon_core.shell:Creating package descriptor '/home/eia/repo/rbi_2025_2/scara/scara_ws/install/scara_real_description/share/scara_real_description/package.dsv'
[3.686s] INFO:colcon.colcon_core.shell:Creating package script '/home/eia/repo/rbi_2025_2/scara/scara_ws/install/scara_real_description/share/scara_real_description/package.sh'
[3.686s] INFO:colcon.colcon_core.shell:Creating package script '/home/eia/repo/rbi_2025_2/scara/scara_ws/install/scara_real_description/share/scara_real_description/package.bash'
[3.687s] INFO:colcon.colcon_core.shell:Creating package script '/home/eia/repo/rbi_2025_2/scara/scara_ws/install/scara_real_description/share/scara_real_description/package.zsh'
[3.688s] Level 1:colcon.colcon_core.environment:create_file_with_runtime_dependencies(/home/eia/repo/rbi_2025_2/scara/scara_ws/install/scara_real_description/share/colcon-core/packages/scara_real_description)
[4.578s] Level 1:colcon.colcon_core.shell:create_environment_hook('scara_path_generator', 'pythonpath_develop')
[4.579s] INFO:colcon.colcon_core.shell:Creating environment hook '/home/eia/repo/rbi_2025_2/scara/scara_ws/build/scara_path_generator/share/scara_path_generator/hook/pythonpath_develop.ps1'
[4.580s] DEBUG:colcon.colcon_core.event_handler.log_command:Invoked command in '/home/eia/repo/rbi_2025_2/scara/scara_ws/build/scara_path_generator' returned '0': PYTHONPATH=/home/eia/repo/rbi_2025_2/scara/scara_ws/build/scara_path_generator/prefix_override:/home/eia/.local/lib/python3.10/site-packages/colcon_core/task/python/colcon_distutils_commands:/home/eia/repo/rbi_2025_2/scara/scara_ws/install/scara_path_generator/lib/python3.10/site-packages:${PYTHONPATH} /usr/bin/python3 -W ignore:setup.py install is deprecated -W ignore:easy_install command is deprecated setup.py develop --editable --build-directory /home/eia/repo/rbi_2025_2/scara/scara_ws/build/scara_path_generator/build --no-deps symlink_data
[4.580s] INFO:colcon.colcon_core.shell:Creating environment descriptor '/home/eia/repo/rbi_2025_2/scara/scara_ws/build/scara_path_generator/share/scara_path_generator/hook/pythonpath_develop.dsv'
[4.581s] INFO:colcon.colcon_core.shell:Creating environment hook '/home/eia/repo/rbi_2025_2/scara/scara_ws/build/scara_path_generator/share/scara_path_generator/hook/pythonpath_develop.sh'
[4.583s] Level 1:colcon.colcon_core.environment:checking '/home/eia/repo/rbi_2025_2/scara/scara_ws/install/scara_path_generator' for CMake module files
[4.584s] Level 1:colcon.colcon_core.environment:checking '/home/eia/repo/rbi_2025_2/scara/scara_ws/install/scara_path_generator' for CMake config files
[4.585s] Level 1:colcon.colcon_core.environment:checking '/home/eia/repo/rbi_2025_2/scara/scara_ws/install/scara_path_generator/lib'
[4.586s] Level 1:colcon.colcon_core.environment:checking '/home/eia/repo/rbi_2025_2/scara/scara_ws/install/scara_path_generator/bin'
[4.586s] Level 1:colcon.colcon_core.environment:checking '/home/eia/repo/rbi_2025_2/scara/scara_ws/install/scara_path_generator/lib/pkgconfig/scara_path_generator.pc'
[4.586s] Level 1:colcon.colcon_core.environment:checking '/home/eia/repo/rbi_2025_2/scara/scara_ws/install/scara_path_generator/lib/python3.10/site-packages'
[4.586s] Level 1:colcon.colcon_core.shell:create_environment_hook('scara_path_generator', 'pythonpath')
[4.587s] INFO:colcon.colcon_core.shell:Creating environment hook '/home/eia/repo/rbi_2025_2/scara/scara_ws/install/scara_path_generator/share/scara_path_generator/hook/pythonpath.ps1'
[4.588s] INFO:colcon.colcon_core.shell:Creating environment descriptor '/home/eia/repo/rbi_2025_2/scara/scara_ws/install/scara_path_generator/share/scara_path_generator/hook/pythonpath.dsv'
[4.590s] INFO:colcon.colcon_core.shell:Creating environment hook '/home/eia/repo/rbi_2025_2/scara/scara_ws/install/scara_path_generator/share/scara_path_generator/hook/pythonpath.sh'
[4.591s] Level 1:colcon.colcon_core.environment:checking '/home/eia/repo/rbi_2025_2/scara/scara_ws/install/scara_path_generator/bin'
[4.591s] Level 1:colcon.colcon_core.environment:create_environment_scripts_only(scara_path_generator)
[4.592s] INFO:colcon.colcon_core.shell:Creating package script '/home/eia/repo/rbi_2025_2/scara/scara_ws/install/scara_path_generator/share/scara_path_generator/package.ps1'
[4.593s] INFO:colcon.colcon_core.shell:Creating package descriptor '/home/eia/repo/rbi_2025_2/scara/scara_ws/install/scara_path_generator/share/scara_path_generator/package.dsv'
[4.595s] INFO:colcon.colcon_core.shell:Creating package script '/home/eia/repo/rbi_2025_2/scara/scara_ws/install/scara_path_generator/share/scara_path_generator/package.sh'
[4.596s] INFO:colcon.colcon_core.shell:Creating package script '/home/eia/repo/rbi_2025_2/scara/scara_ws/install/scara_path_generator/share/scara_path_generator/package.bash'
[4.596s] INFO:colcon.colcon_core.shell:Creating package script '/home/eia/repo/rbi_2025_2/scara/scara_ws/install/scara_path_generator/share/scara_path_generator/package.zsh'
[4.597s] Level 1:colcon.colcon_core.environment:create_file_with_runtime_dependencies(/home/eia/repo/rbi_2025_2/scara/scara_ws/install/scara_path_generator/share/colcon-core/packages/scara_path_generator)
[4.624s] Level 1:colcon.colcon_core.shell:create_environment_hook('scara_general_ik_solver', 'pythonpath_develop')
[4.625s] INFO:colcon.colcon_core.shell:Creating environment hook '/home/eia/repo/rbi_2025_2/scara/scara_ws/build/scara_general_ik_solver/share/scara_general_ik_solver/hook/pythonpath_develop.ps1'
[4.625s] DEBUG:colcon.colcon_core.event_handler.log_command:Invoked command in '/home/eia/repo/rbi_2025_2/scara/scara_ws/build/scara_general_ik_solver' returned '0': PYTHONPATH=/home/eia/repo/rbi_2025_2/scara/scara_ws/build/scara_general_ik_solver/prefix_override:/home/eia/.local/lib/python3.10/site-packages/colcon_core/task/python/colcon_distutils_commands:/home/eia/repo/rbi_2025_2/scara/scara_ws/install/scara_general_ik_solver/lib/python3.10/site-packages:${PYTHONPATH} /usr/bin/python3 -W ignore:setup.py install is deprecated -W ignore:easy_install command is deprecated setup.py develop --editable --build-directory /home/eia/repo/rbi_2025_2/scara/scara_ws/build/scara_general_ik_solver/build --no-deps symlink_data
[4.626s] INFO:colcon.colcon_core.shell:Creating environment descriptor '/home/eia/repo/rbi_2025_2/scara/scara_ws/build/scara_general_ik_solver/share/scara_general_ik_solver/hook/pythonpath_develop.dsv'
[4.627s] INFO:colcon.colcon_core.shell:Creating environment hook '/home/eia/repo/rbi_2025_2/scara/scara_ws/build/scara_general_ik_solver/share/scara_general_ik_solver/hook/pythonpath_develop.sh'
[4.627s] Level 1:colcon.colcon_core.environment:checking '/home/eia/repo/rbi_2025_2/scara/scara_ws/install/scara_general_ik_solver' for CMake module files
[4.628s] Level 1:colcon.colcon_core.environment:checking '/home/eia/repo/rbi_2025_2/scara/scara_ws/install/scara_general_ik_solver' for CMake config files
[4.629s] Level 1:colcon.colcon_core.environment:checking '/home/eia/repo/rbi_2025_2/scara/scara_ws/install/scara_general_ik_solver/lib'
[4.629s] Level 1:colcon.colcon_core.environment:checking '/home/eia/repo/rbi_2025_2/scara/scara_ws/install/scara_general_ik_solver/bin'
[4.629s] Level 1:colcon.colcon_core.environment:checking '/home/eia/repo/rbi_2025_2/scara/scara_ws/install/scara_general_ik_solver/lib/pkgconfig/scara_general_ik_solver.pc'
[4.629s] Level 1:colcon.colcon_core.environment:checking '/home/eia/repo/rbi_2025_2/scara/scara_ws/install/scara_general_ik_solver/lib/python3.10/site-packages'
[4.629s] Level 1:colcon.colcon_core.shell:create_environment_hook('scara_general_ik_solver', 'pythonpath')
[4.630s] INFO:colcon.colcon_core.shell:Creating environment hook '/home/eia/repo/rbi_2025_2/scara/scara_ws/install/scara_general_ik_solver/share/scara_general_ik_solver/hook/pythonpath.ps1'
[4.630s] INFO:colcon.colcon_core.shell:Creating environment descriptor '/home/eia/repo/rbi_2025_2/scara/scara_ws/install/scara_general_ik_solver/share/scara_general_ik_solver/hook/pythonpath.dsv'
[4.631s] INFO:colcon.colcon_core.shell:Creating environment hook '/home/eia/repo/rbi_2025_2/scara/scara_ws/install/scara_general_ik_solver/share/scara_general_ik_solver/hook/pythonpath.sh'
[4.632s] Level 1:colcon.colcon_core.environment:checking '/home/eia/repo/rbi_2025_2/scara/scara_ws/install/scara_general_ik_solver/bin'
[4.632s] Level 1:colcon.colcon_core.environment:create_environment_scripts_only(scara_general_ik_solver)
[4.632s] INFO:colcon.colcon_core.shell:Creating package script '/home/eia/repo/rbi_2025_2/scara/scara_ws/install/scara_general_ik_solver/share/scara_general_ik_solver/package.ps1'
[4.633s] INFO:colcon.colcon_core.shell:Creating package descriptor '/home/eia/repo/rbi_2025_2/scara/scara_ws/install/scara_general_ik_solver/share/scara_general_ik_solver/package.dsv'
[4.634s] INFO:colcon.colcon_core.shell:Creating package script '/home/eia/repo/rbi_2025_2/scara/scara_ws/install/scara_general_ik_solver/share/scara_general_ik_solver/package.sh'
[4.634s] INFO:colcon.colcon_core.shell:Creating package script '/home/eia/repo/rbi_2025_2/scara/scara_ws/install/scara_general_ik_solver/share/scara_general_ik_solver/package.bash'
[4.635s] INFO:colcon.colcon_core.shell:Creating package script '/home/eia/repo/rbi_2025_2/scara/scara_ws/install/scara_general_ik_solver/share/scara_general_ik_solver/package.zsh'
[4.635s] Level 1:colcon.colcon_core.environment:create_file_with_runtime_dependencies(/home/eia/repo/rbi_2025_2/scara/scara_ws/install/scara_general_ik_solver/share/colcon-core/packages/scara_general_ik_solver)
[4.636s] Level 1:colcon.colcon_core.shell:create_environment_hook('scara_mujoco_python_sim', 'pythonpath_develop')
[4.637s] INFO:colcon.colcon_core.shell:Creating environment hook '/home/eia/repo/rbi_2025_2/scara/scara_ws/build/scara_mujoco_python_sim/share/scara_mujoco_python_sim/hook/pythonpath_develop.ps1'
[4.638s] INFO:colcon.colcon_core.shell:Creating environment descriptor '/home/eia/repo/rbi_2025_2/scara/scara_ws/build/scara_mujoco_python_sim/share/scara_mujoco_python_sim/hook/pythonpath_develop.dsv'
[4.638s] DEBUG:colcon.colcon_core.event_handler.log_command:Invoked command in '/home/eia/repo/rbi_2025_2/scara/scara_ws/build/scara_mujoco_python_sim' returned '0': PYTHONPATH=/home/eia/repo/rbi_2025_2/scara/scara_ws/build/scara_mujoco_python_sim/prefix_override:/home/eia/.local/lib/python3.10/site-packages/colcon_core/task/python/colcon_distutils_commands:/home/eia/repo/rbi_2025_2/scara/scara_ws/install/scara_mujoco_python_sim/lib/python3.10/site-packages:${PYTHONPATH} /usr/bin/python3 -W ignore:setup.py install is deprecated -W ignore:easy_install command is deprecated setup.py develop --editable --build-directory /home/eia/repo/rbi_2025_2/scara/scara_ws/build/scara_mujoco_python_sim/build --no-deps symlink_data
[4.639s] INFO:colcon.colcon_core.shell:Creating environment hook '/home/eia/repo/rbi_2025_2/scara/scara_ws/build/scara_mujoco_python_sim/share/scara_mujoco_python_sim/hook/pythonpath_develop.sh'
[4.640s] Level 1:colcon.colcon_core.environment:checking '/home/eia/repo/rbi_2025_2/scara/scara_ws/install/scara_mujoco_python_sim' for CMake module files
[4.640s] Level 1:colcon.colcon_core.environment:checking '/home/eia/repo/rbi_2025_2/scara/scara_ws/install/scara_mujoco_python_sim' for CMake config files
[4.641s] Level 1:colcon.colcon_core.environment:checking '/home/eia/repo/rbi_2025_2/scara/scara_ws/install/scara_mujoco_python_sim/lib'
[4.641s] Level 1:colcon.colcon_core.environment:checking '/home/eia/repo/rbi_2025_2/scara/scara_ws/install/scara_mujoco_python_sim/bin'
[4.641s] Level 1:colcon.colcon_core.environment:checking '/home/eia/repo/rbi_2025_2/scara/scara_ws/install/scara_mujoco_python_sim/lib/pkgconfig/scara_mujoco_python_sim.pc'
[4.642s] Level 1:colcon.colcon_core.environment:checking '/home/eia/repo/rbi_2025_2/scara/scara_ws/install/scara_mujoco_python_sim/lib/python3.10/site-packages'
[4.642s] Level 1:colcon.colcon_core.shell:create_environment_hook('scara_mujoco_python_sim', 'pythonpath')
[4.642s] INFO:colcon.colcon_core.shell:Creating environment hook '/home/eia/repo/rbi_2025_2/scara/scara_ws/install/scara_mujoco_python_sim/share/scara_mujoco_python_sim/hook/pythonpath.ps1'
[4.643s] INFO:colcon.colcon_core.shell:Creating environment descriptor '/home/eia/repo/rbi_2025_2/scara/scara_ws/install/scara_mujoco_python_sim/share/scara_mujoco_python_sim/hook/pythonpath.dsv'
[4.643s] INFO:colcon.colcon_core.shell:Creating environment hook '/home/eia/repo/rbi_2025_2/scara/scara_ws/install/scara_mujoco_python_sim/share/scara_mujoco_python_sim/hook/pythonpath.sh'
[4.644s] Level 1:colcon.colcon_core.environment:checking '/home/eia/repo/rbi_2025_2/scara/scara_ws/install/scara_mujoco_python_sim/bin'
[4.644s] Level 1:colcon.colcon_core.environment:create_environment_scripts_only(scara_mujoco_python_sim)
[4.644s] INFO:colcon.colcon_core.shell:Creating package script '/home/eia/repo/rbi_2025_2/scara/scara_ws/install/scara_mujoco_python_sim/share/scara_mujoco_python_sim/package.ps1'
[4.645s] INFO:colcon.colcon_core.shell:Creating package descriptor '/home/eia/repo/rbi_2025_2/scara/scara_ws/install/scara_mujoco_python_sim/share/scara_mujoco_python_sim/package.dsv'
[4.646s] INFO:colcon.colcon_core.shell:Creating package script '/home/eia/repo/rbi_2025_2/scara/scara_ws/install/scara_mujoco_python_sim/share/scara_mujoco_python_sim/package.sh'
[4.647s] INFO:colcon.colcon_core.shell:Creating package script '/home/eia/repo/rbi_2025_2/scara/scara_ws/install/scara_mujoco_python_sim/share/scara_mujoco_python_sim/package.bash'
[4.647s] INFO:colcon.colcon_core.shell:Creating package script '/home/eia/repo/rbi_2025_2/scara/scara_ws/install/scara_mujoco_python_sim/share/scara_mujoco_python_sim/package.zsh'
[4.648s] Level 1:colcon.colcon_core.environment:create_file_with_runtime_dependencies(/home/eia/repo/rbi_2025_2/scara/scara_ws/install/scara_mujoco_python_sim/share/colcon-core/packages/scara_mujoco_python_sim)
[4.652s] Level 1:colcon.colcon_core.shell:create_environment_hook('premade_path_publisher', 'pythonpath_develop')
[4.652s] INFO:colcon.colcon_core.shell:Creating environment hook '/home/eia/repo/rbi_2025_2/scara/scara_ws/build/premade_path_publisher/share/premade_path_publisher/hook/pythonpath_develop.ps1'
[4.653s] DEBUG:colcon.colcon_core.event_handler.log_command:Invoked command in '/home/eia/repo/rbi_2025_2/scara/scara_ws/build/premade_path_publisher' returned '0': PYTHONPATH=/home/eia/repo/rbi_2025_2/scara/scara_ws/build/premade_path_publisher/prefix_override:/home/eia/.local/lib/python3.10/site-packages/colcon_core/task/python/colcon_distutils_commands:/home/eia/repo/rbi_2025_2/scara/scara_ws/install/premade_path_publisher/lib/python3.10/site-packages:${PYTHONPATH} /usr/bin/python3 -W ignore:setup.py install is deprecated -W ignore:easy_install command is deprecated setup.py develop --editable --build-directory /home/eia/repo/rbi_2025_2/scara/scara_ws/build/premade_path_publisher/build --no-deps symlink_data
[4.654s] INFO:colcon.colcon_core.shell:Creating environment descriptor '/home/eia/repo/rbi_2025_2/scara/scara_ws/build/premade_path_publisher/share/premade_path_publisher/hook/pythonpath_develop.dsv'
[4.655s] INFO:colcon.colcon_core.shell:Creating environment hook '/home/eia/repo/rbi_2025_2/scara/scara_ws/build/premade_path_publisher/share/premade_path_publisher/hook/pythonpath_develop.sh'
[4.656s] Level 1:colcon.colcon_core.environment:checking '/home/eia/repo/rbi_2025_2/scara/scara_ws/install/premade_path_publisher' for CMake module files
[4.656s] Level 1:colcon.colcon_core.environment:checking '/home/eia/repo/rbi_2025_2/scara/scara_ws/install/premade_path_publisher' for CMake config files
[4.657s] Level 1:colcon.colcon_core.environment:checking '/home/eia/repo/rbi_2025_2/scara/scara_ws/install/premade_path_publisher/lib'
[4.657s] Level 1:colcon.colcon_core.environment:checking '/home/eia/repo/rbi_2025_2/scara/scara_ws/install/premade_path_publisher/bin'
[4.657s] Level 1:colcon.colcon_core.environment:checking '/home/eia/repo/rbi_2025_2/scara/scara_ws/install/premade_path_publisher/lib/pkgconfig/premade_path_publisher.pc'
[4.658s] Level 1:colcon.colcon_core.environment:checking '/home/eia/repo/rbi_2025_2/scara/scara_ws/install/premade_path_publisher/lib/python3.10/site-packages'
[4.658s] Level 1:colcon.colcon_core.shell:create_environment_hook('premade_path_publisher', 'pythonpath')
[4.658s] INFO:colcon.colcon_core.shell:Creating environment hook '/home/eia/repo/rbi_2025_2/scara/scara_ws/install/premade_path_publisher/share/premade_path_publisher/hook/pythonpath.ps1'
[4.659s] INFO:colcon.colcon_core.shell:Creating environment descriptor '/home/eia/repo/rbi_2025_2/scara/scara_ws/install/premade_path_publisher/share/premade_path_publisher/hook/pythonpath.dsv'
[4.659s] INFO:colcon.colcon_core.shell:Creating environment hook '/home/eia/repo/rbi_2025_2/scara/scara_ws/install/premade_path_publisher/share/premade_path_publisher/hook/pythonpath.sh'
[4.660s] Level 1:colcon.colcon_core.environment:checking '/home/eia/repo/rbi_2025_2/scara/scara_ws/install/premade_path_publisher/bin'
[4.660s] Level 1:colcon.colcon_core.environment:create_environment_scripts_only(premade_path_publisher)
[4.661s] INFO:colcon.colcon_core.shell:Creating package script '/home/eia/repo/rbi_2025_2/scara/scara_ws/install/premade_path_publisher/share/premade_path_publisher/package.ps1'
[4.662s] INFO:colcon.colcon_core.shell:Creating package descriptor '/home/eia/repo/rbi_2025_2/scara/scara_ws/install/premade_path_publisher/share/premade_path_publisher/package.dsv'
[4.662s] INFO:colcon.colcon_core.shell:Creating package script '/home/eia/repo/rbi_2025_2/scara/scara_ws/install/premade_path_publisher/share/premade_path_publisher/package.sh'
[4.663s] INFO:colcon.colcon_core.shell:Creating package script '/home/eia/repo/rbi_2025_2/scara/scara_ws/install/premade_path_publisher/share/premade_path_publisher/package.bash'
[4.664s] INFO:colcon.colcon_core.shell:Creating package script '/home/eia/repo/rbi_2025_2/scara/scara_ws/install/premade_path_publisher/share/premade_path_publisher/package.zsh'
[4.664s] Level 1:colcon.colcon_core.environment:create_file_with_runtime_dependencies(/home/eia/repo/rbi_2025_2/scara/scara_ws/install/premade_path_publisher/share/colcon-core/packages/premade_path_publisher)
[4.729s] DEBUG:colcon.colcon_core.event_handler.log_command:Invoking command in '/home/eia/repo/rbi_2025_2/scara/scara_ws/build/scara_tf_generator': PYTHONPATH=/home/eia/repo/rbi_2025_2/scara/scara_ws/build/scara_tf_generator/prefix_override:/home/eia/.local/lib/python3.10/site-packages/colcon_core/task/python/colcon_distutils_commands:/home/eia/repo/rbi_2025_2/scara/scara_ws/install/scara_tf_generator/lib/python3.10/site-packages:${PYTHONPATH} /usr/bin/python3 -W ignore:setup.py install is deprecated -W ignore:easy_install command is deprecated setup.py develop --editable --build-directory /home/eia/repo/rbi_2025_2/scara/scara_ws/build/scara_tf_generator/build --no-deps symlink_data
[4.959s] Level 1:colcon.colcon_core.shell:create_environment_hook('scara_path_controller', 'pythonpath_develop')
[4.960s] INFO:colcon.colcon_core.shell:Creating environment hook '/home/eia/repo/rbi_2025_2/scara/scara_ws/build/scara_path_controller/share/scara_path_controller/hook/pythonpath_develop.ps1'
[4.960s] DEBUG:colcon.colcon_core.event_handler.log_command:Invoked command in '/home/eia/repo/rbi_2025_2/scara/scara_ws/build/scara_path_controller' returned '0': PYTHONPATH=/home/eia/repo/rbi_2025_2/scara/scara_ws/build/scara_path_controller/prefix_override:/home/eia/.local/lib/python3.10/site-packages/colcon_core/task/python/colcon_distutils_commands:/home/eia/repo/rbi_2025_2/scara/scara_ws/install/scara_path_controller/lib/python3.10/site-packages:${PYTHONPATH} /usr/bin/python3 -W ignore:setup.py install is deprecated -W ignore:easy_install command is deprecated setup.py develop --editable --build-directory /home/eia/repo/rbi_2025_2/scara/scara_ws/build/scara_path_controller/build --no-deps symlink_data
[4.961s] INFO:colcon.colcon_core.shell:Creating environment descriptor '/home/eia/repo/rbi_2025_2/scara/scara_ws/build/scara_path_controller/share/scara_path_controller/hook/pythonpath_develop.dsv'
[4.962s] INFO:colcon.colcon_core.shell:Creating environment hook '/home/eia/repo/rbi_2025_2/scara/scara_ws/build/scara_path_controller/share/scara_path_controller/hook/pythonpath_develop.sh'
[4.962s] Level 1:colcon.colcon_core.environment:checking '/home/eia/repo/rbi_2025_2/scara/scara_ws/install/scara_path_controller' for CMake module files
[4.963s] Level 1:colcon.colcon_core.environment:checking '/home/eia/repo/rbi_2025_2/scara/scara_ws/install/scara_path_controller' for CMake config files
[4.963s] Level 1:colcon.colcon_core.environment:checking '/home/eia/repo/rbi_2025_2/scara/scara_ws/install/scara_path_controller/lib'
[4.963s] Level 1:colcon.colcon_core.environment:checking '/home/eia/repo/rbi_2025_2/scara/scara_ws/install/scara_path_controller/bin'
[4.964s] Level 1:colcon.colcon_core.environment:checking '/home/eia/repo/rbi_2025_2/scara/scara_ws/install/scara_path_controller/lib/pkgconfig/scara_path_controller.pc'
[4.964s] Level 1:colcon.colcon_core.environment:checking '/home/eia/repo/rbi_2025_2/scara/scara_ws/install/scara_path_controller/lib/python3.10/site-packages'
[4.964s] Level 1:colcon.colcon_core.shell:create_environment_hook('scara_path_controller', 'pythonpath')
[4.964s] INFO:colcon.colcon_core.shell:Creating environment hook '/home/eia/repo/rbi_2025_2/scara/scara_ws/install/scara_path_controller/share/scara_path_controller/hook/pythonpath.ps1'
[4.965s] INFO:colcon.colcon_core.shell:Creating environment descriptor '/home/eia/repo/rbi_2025_2/scara/scara_ws/install/scara_path_controller/share/scara_path_controller/hook/pythonpath.dsv'
[4.965s] INFO:colcon.colcon_core.shell:Creating environment hook '/home/eia/repo/rbi_2025_2/scara/scara_ws/install/scara_path_controller/share/scara_path_controller/hook/pythonpath.sh'
[4.966s] Level 1:colcon.colcon_core.environment:checking '/home/eia/repo/rbi_2025_2/scara/scara_ws/install/scara_path_controller/bin'
[4.966s] Level 1:colcon.colcon_core.environment:create_environment_scripts_only(scara_path_controller)
[4.966s] INFO:colcon.colcon_core.shell:Creating package script '/home/eia/repo/rbi_2025_2/scara/scara_ws/install/scara_path_controller/share/scara_path_controller/package.ps1'
[4.967s] INFO:colcon.colcon_core.shell:Creating package descriptor '/home/eia/repo/rbi_2025_2/scara/scara_ws/install/scara_path_controller/share/scara_path_controller/package.dsv'
[4.968s] INFO:colcon.colcon_core.shell:Creating package script '/home/eia/repo/rbi_2025_2/scara/scara_ws/install/scara_path_controller/share/scara_path_controller/package.sh'
[4.968s] INFO:colcon.colcon_core.shell:Creating package script '/home/eia/repo/rbi_2025_2/scara/scara_ws/install/scara_path_controller/share/scara_path_controller/package.bash'
[4.969s] INFO:colcon.colcon_core.shell:Creating package script '/home/eia/repo/rbi_2025_2/scara/scara_ws/install/scara_path_controller/share/scara_path_controller/package.zsh'
[4.969s] Level 1:colcon.colcon_core.environment:create_file_with_runtime_dependencies(/home/eia/repo/rbi_2025_2/scara/scara_ws/install/scara_path_controller/share/colcon-core/packages/scara_path_controller)
[5.590s] Level 1:colcon.colcon_core.shell:create_environment_hook('scara_tf_generator', 'pythonpath_develop')
[5.591s] INFO:colcon.colcon_core.shell:Creating environment hook '/home/eia/repo/rbi_2025_2/scara/scara_ws/build/scara_tf_generator/share/scara_tf_generator/hook/pythonpath_develop.ps1'
[5.591s] DEBUG:colcon.colcon_core.event_handler.log_command:Invoked command in '/home/eia/repo/rbi_2025_2/scara/scara_ws/build/scara_tf_generator' returned '0': PYTHONPATH=/home/eia/repo/rbi_2025_2/scara/scara_ws/build/scara_tf_generator/prefix_override:/home/eia/.local/lib/python3.10/site-packages/colcon_core/task/python/colcon_distutils_commands:/home/eia/repo/rbi_2025_2/scara/scara_ws/install/scara_tf_generator/lib/python3.10/site-packages:${PYTHONPATH} /usr/bin/python3 -W ignore:setup.py install is deprecated -W ignore:easy_install command is deprecated setup.py develop --editable --build-directory /home/eia/repo/rbi_2025_2/scara/scara_ws/build/scara_tf_generator/build --no-deps symlink_data
[5.592s] INFO:colcon.colcon_core.shell:Creating environment descriptor '/home/eia/repo/rbi_2025_2/scara/scara_ws/build/scara_tf_generator/share/scara_tf_generator/hook/pythonpath_develop.dsv'
[5.592s] INFO:colcon.colcon_core.shell:Creating environment hook '/home/eia/repo/rbi_2025_2/scara/scara_ws/build/scara_tf_generator/share/scara_tf_generator/hook/pythonpath_develop.sh'
[5.593s] Level 1:colcon.colcon_core.environment:checking '/home/eia/repo/rbi_2025_2/scara/scara_ws/install/scara_tf_generator' for CMake module files
[5.593s] Level 1:colcon.colcon_core.environment:checking '/home/eia/repo/rbi_2025_2/scara/scara_ws/install/scara_tf_generator' for CMake config files
[5.594s] Level 1:colcon.colcon_core.environment:checking '/home/eia/repo/rbi_2025_2/scara/scara_ws/install/scara_tf_generator/lib'
[5.594s] Level 1:colcon.colcon_core.environment:checking '/home/eia/repo/rbi_2025_2/scara/scara_ws/install/scara_tf_generator/bin'
[5.594s] Level 1:colcon.colcon_core.environment:checking '/home/eia/repo/rbi_2025_2/scara/scara_ws/install/scara_tf_generator/lib/pkgconfig/scara_tf_generator.pc'
[5.595s] Level 1:colcon.colcon_core.environment:checking '/home/eia/repo/rbi_2025_2/scara/scara_ws/install/scara_tf_generator/lib/python3.10/site-packages'
[5.595s] Level 1:colcon.colcon_core.shell:create_environment_hook('scara_tf_generator', 'pythonpath')
[5.595s] INFO:colcon.colcon_core.shell:Creating environment hook '/home/eia/repo/rbi_2025_2/scara/scara_ws/install/scara_tf_generator/share/scara_tf_generator/hook/pythonpath.ps1'
[5.596s] INFO:colcon.colcon_core.shell:Creating environment descriptor '/home/eia/repo/rbi_2025_2/scara/scara_ws/install/scara_tf_generator/share/scara_tf_generator/hook/pythonpath.dsv'
[5.596s] INFO:colcon.colcon_core.shell:Creating environment hook '/home/eia/repo/rbi_2025_2/scara/scara_ws/install/scara_tf_generator/share/scara_tf_generator/hook/pythonpath.sh'
[5.597s] Level 1:colcon.colcon_core.environment:checking '/home/eia/repo/rbi_2025_2/scara/scara_ws/install/scara_tf_generator/bin'
[5.597s] Level 1:colcon.colcon_core.environment:create_environment_scripts_only(scara_tf_generator)
[5.598s] INFO:colcon.colcon_core.shell:Creating package script '/home/eia/repo/rbi_2025_2/scara/scara_ws/install/scara_tf_generator/share/scara_tf_generator/package.ps1'
[5.598s] INFO:colcon.colcon_core.shell:Creating package descriptor '/home/eia/repo/rbi_2025_2/scara/scara_ws/install/scara_tf_generator/share/scara_tf_generator/package.dsv'
[5.599s] INFO:colcon.colcon_core.shell:Creating package script '/home/eia/repo/rbi_2025_2/scara/scara_ws/install/scara_tf_generator/share/scara_tf_generator/package.sh'
[5.599s] INFO:colcon.colcon_core.shell:Creating package script '/home/eia/repo/rbi_2025_2/scara/scara_ws/install/scara_tf_generator/share/scara_tf_generator/package.bash'
[5.600s] INFO:colcon.colcon_core.shell:Creating package script '/home/eia/repo/rbi_2025_2/scara/scara_ws/install/scara_tf_generator/share/scara_tf_generator/package.zsh'
[5.600s] Level 1:colcon.colcon_core.environment:create_file_with_runtime_dependencies(/home/eia/repo/rbi_2025_2/scara/scara_ws/install/scara_tf_generator/share/colcon-core/packages/scara_tf_generator)
[7.518s] DEBUG:colcon.colcon_core.event_handler.log_command:Invoked command in '/home/eia/repo/rbi_2025_2/scara/scara_ws/build/scara_mujoco_sim' returned '0': CMAKE_PREFIX_PATH=${CMAKE_PREFIX_PATH}:/home/eia/repo/rbi_2025_2/scara/scara_ws/install/scara_general_ik_solver:/home/eia/repo/rbi_2025_2/scara/scara_ws/install/scara_tf_generator:/home/eia/repo/rbi_2025_2/scara/scara_ws/install/scara_path_generator:/home/eia/repo/rbi_2025_2/scara/scara_ws/install/scara_path_controller:/home/eia/repo/rbi_2025_2/scara/scara_ws/install/scara_mujoco_python_sim:/home/eia/repo/rbi_2025_2/scara/scara_ws/install/scara_ik_solver:/home/eia/repo/rbi_2025_2/scara/scara_ws/install/premade_path_publisher:/opt/ros/humble /usr/bin/cmake --build /home/eia/repo/rbi_2025_2/scara/scara_ws/build/scara_mujoco_sim -- -j12 -l12
[7.520s] DEBUG:colcon.colcon_core.event_handler.log_command:Invoking command in '/home/eia/repo/rbi_2025_2/scara/scara_ws/build/scara_mujoco_sim': CMAKE_PREFIX_PATH=${CMAKE_PREFIX_PATH}:/home/eia/repo/rbi_2025_2/scara/scara_ws/install/scara_general_ik_solver:/home/eia/repo/rbi_2025_2/scara/scara_ws/install/scara_tf_generator:/home/eia/repo/rbi_2025_2/scara/scara_ws/install/scara_path_generator:/home/eia/repo/rbi_2025_2/scara/scara_ws/install/scara_path_controller:/home/eia/repo/rbi_2025_2/scara/scara_ws/install/scara_mujoco_python_sim:/home/eia/repo/rbi_2025_2/scara/scara_ws/install/scara_ik_solver:/home/eia/repo/rbi_2025_2/scara/scara_ws/install/premade_path_publisher:/opt/ros/humble /usr/bin/cmake --install /home/eia/repo/rbi_2025_2/scara/scara_ws/build/scara_mujoco_sim
[7.547s] Level 1:colcon.colcon_core.environment:create_environment_scripts_only(scara_mujoco_sim)
[7.548s] Level 1:colcon.colcon_core.environment:checking '/home/eia/repo/rbi_2025_2/scara/scara_ws/install/scara_mujoco_sim' for CMake module files
[7.549s] DEBUG:colcon.colcon_core.event_handler.log_command:Invoked command in '/home/eia/repo/rbi_2025_2/scara/scara_ws/build/scara_mujoco_sim' returned '0': CMAKE_PREFIX_PATH=${CMAKE_PREFIX_PATH}:/home/eia/repo/rbi_2025_2/scara/scara_ws/install/scara_general_ik_solver:/home/eia/repo/rbi_2025_2/scara/scara_ws/install/scara_tf_generator:/home/eia/repo/rbi_2025_2/scara/scara_ws/install/scara_path_generator:/home/eia/repo/rbi_2025_2/scara/scara_ws/install/scara_path_controller:/home/eia/repo/rbi_2025_2/scara/scara_ws/install/scara_mujoco_python_sim:/home/eia/repo/rbi_2025_2/scara/scara_ws/install/scara_ik_solver:/home/eia/repo/rbi_2025_2/scara/scara_ws/install/premade_path_publisher:/opt/ros/humble /usr/bin/cmake --install /home/eia/repo/rbi_2025_2/scara/scara_ws/build/scara_mujoco_sim
[7.549s] Level 1:colcon.colcon_core.environment:checking '/home/eia/repo/rbi_2025_2/scara/scara_ws/install/scara_mujoco_sim' for CMake config files
[7.549s] Level 1:colcon.colcon_core.shell:create_environment_hook('scara_mujoco_sim', 'cmake_prefix_path')
[7.550s] INFO:colcon.colcon_core.shell:Creating environment hook '/home/eia/repo/rbi_2025_2/scara/scara_ws/install/scara_mujoco_sim/share/scara_mujoco_sim/hook/cmake_prefix_path.ps1'
[7.550s] INFO:colcon.colcon_core.shell:Creating environment descriptor '/home/eia/repo/rbi_2025_2/scara/scara_ws/install/scara_mujoco_sim/share/scara_mujoco_sim/hook/cmake_prefix_path.dsv'
[7.551s] INFO:colcon.colcon_core.shell:Creating environment hook '/home/eia/repo/rbi_2025_2/scara/scara_ws/install/scara_mujoco_sim/share/scara_mujoco_sim/hook/cmake_prefix_path.sh'
[7.552s] Level 1:colcon.colcon_core.environment:checking '/home/eia/repo/rbi_2025_2/scara/scara_ws/install/scara_mujoco_sim/lib'
[7.552s] Level 1:colcon.colcon_core.shell:create_environment_hook('scara_mujoco_sim', 'ld_library_path_lib')
[7.552s] INFO:colcon.colcon_core.shell:Creating environment hook '/home/eia/repo/rbi_2025_2/scara/scara_ws/install/scara_mujoco_sim/share/scara_mujoco_sim/hook/ld_library_path_lib.ps1'
[7.552s] INFO:colcon.colcon_core.shell:Creating environment descriptor '/home/eia/repo/rbi_2025_2/scara/scara_ws/install/scara_mujoco_sim/share/scara_mujoco_sim/hook/ld_library_path_lib.dsv'
[7.553s] INFO:colcon.colcon_core.shell:Creating environment hook '/home/eia/repo/rbi_2025_2/scara/scara_ws/install/scara_mujoco_sim/share/scara_mujoco_sim/hook/ld_library_path_lib.sh'
[7.553s] Level 1:colcon.colcon_core.environment:checking '/home/eia/repo/rbi_2025_2/scara/scara_ws/install/scara_mujoco_sim/bin'
[7.553s] Level 1:colcon.colcon_core.environment:checking '/home/eia/repo/rbi_2025_2/scara/scara_ws/install/scara_mujoco_sim/lib/pkgconfig/scara_mujoco_sim.pc'
[7.554s] Level 1:colcon.colcon_core.environment:checking '/home/eia/repo/rbi_2025_2/scara/scara_ws/install/scara_mujoco_sim/lib/python3.10/site-packages'
[7.554s] Level 1:colcon.colcon_core.environment:checking '/home/eia/repo/rbi_2025_2/scara/scara_ws/install/scara_mujoco_sim/bin'
[7.555s] INFO:colcon.colcon_core.shell:Creating package script '/home/eia/repo/rbi_2025_2/scara/scara_ws/install/scara_mujoco_sim/share/scara_mujoco_sim/package.ps1'
[7.555s] INFO:colcon.colcon_core.shell:Creating package descriptor '/home/eia/repo/rbi_2025_2/scara/scara_ws/install/scara_mujoco_sim/share/scara_mujoco_sim/package.dsv'
[7.556s] INFO:colcon.colcon_core.shell:Creating package script '/home/eia/repo/rbi_2025_2/scara/scara_ws/install/scara_mujoco_sim/share/scara_mujoco_sim/package.sh'
[7.556s] INFO:colcon.colcon_core.shell:Creating package script '/home/eia/repo/rbi_2025_2/scara/scara_ws/install/scara_mujoco_sim/share/scara_mujoco_sim/package.bash'
[7.557s] INFO:colcon.colcon_core.shell:Creating package script '/home/eia/repo/rbi_2025_2/scara/scara_ws/install/scara_mujoco_sim/share/scara_mujoco_sim/package.zsh'
[7.557s] Level 1:colcon.colcon_core.environment:create_file_with_runtime_dependencies(/home/eia/repo/rbi_2025_2/scara/scara_ws/install/scara_mujoco_sim/share/colcon-core/packages/scara_mujoco_sim)
[7.558s] Level 1:colcon.colcon_core.environment:create_environment_scripts_only(scara_mujoco_sim)
[7.559s] Level 1:colcon.colcon_core.environment:checking '/home/eia/repo/rbi_2025_2/scara/scara_ws/install/scara_mujoco_sim' for CMake module files
[7.559s] Level 1:colcon.colcon_core.environment:checking '/home/eia/repo/rbi_2025_2/scara/scara_ws/install/scara_mujoco_sim' for CMake config files
[7.560s] Level 1:colcon.colcon_core.shell:create_environment_hook('scara_mujoco_sim', 'cmake_prefix_path')
[7.560s] INFO:colcon.colcon_core.shell:Creating environment hook '/home/eia/repo/rbi_2025_2/scara/scara_ws/install/scara_mujoco_sim/share/scara_mujoco_sim/hook/cmake_prefix_path.ps1'
[7.560s] INFO:colcon.colcon_core.shell:Creating environment descriptor '/home/eia/repo/rbi_2025_2/scara/scara_ws/install/scara_mujoco_sim/share/scara_mujoco_sim/hook/cmake_prefix_path.dsv'
[7.561s] INFO:colcon.colcon_core.shell:Creating environment hook '/home/eia/repo/rbi_2025_2/scara/scara_ws/install/scara_mujoco_sim/share/scara_mujoco_sim/hook/cmake_prefix_path.sh'
[7.561s] Level 1:colcon.colcon_core.environment:checking '/home/eia/repo/rbi_2025_2/scara/scara_ws/install/scara_mujoco_sim/lib'
[7.562s] Level 1:colcon.colcon_core.shell:create_environment_hook('scara_mujoco_sim', 'ld_library_path_lib')
[7.562s] INFO:colcon.colcon_core.shell:Creating environment hook '/home/eia/repo/rbi_2025_2/scara/scara_ws/install/scara_mujoco_sim/share/scara_mujoco_sim/hook/ld_library_path_lib.ps1'
[7.562s] INFO:colcon.colcon_core.shell:Creating environment descriptor '/home/eia/repo/rbi_2025_2/scara/scara_ws/install/scara_mujoco_sim/share/scara_mujoco_sim/hook/ld_library_path_lib.dsv'
[7.563s] INFO:colcon.colcon_core.shell:Creating environment hook '/home/eia/repo/rbi_2025_2/scara/scara_ws/install/scara_mujoco_sim/share/scara_mujoco_sim/hook/ld_library_path_lib.sh'
[7.563s] Level 1:colcon.colcon_core.environment:checking '/home/eia/repo/rbi_2025_2/scara/scara_ws/install/scara_mujoco_sim/bin'
[7.563s] Level 1:colcon.colcon_core.environment:checking '/home/eia/repo/rbi_2025_2/scara/scara_ws/install/scara_mujoco_sim/lib/pkgconfig/scara_mujoco_sim.pc'
[7.564s] Level 1:colcon.colcon_core.environment:checking '/home/eia/repo/rbi_2025_2/scara/scara_ws/install/scara_mujoco_sim/lib/python3.10/site-packages'
[7.564s] Level 1:colcon.colcon_core.environment:checking '/home/eia/repo/rbi_2025_2/scara/scara_ws/install/scara_mujoco_sim/bin'
[7.564s] INFO:colcon.colcon_core.shell:Creating package script '/home/eia/repo/rbi_2025_2/scara/scara_ws/install/scara_mujoco_sim/share/scara_mujoco_sim/package.ps1'
[7.565s] INFO:colcon.colcon_core.shell:Creating package descriptor '/home/eia/repo/rbi_2025_2/scara/scara_ws/install/scara_mujoco_sim/share/scara_mujoco_sim/package.dsv'
[7.566s] INFO:colcon.colcon_core.shell:Creating package script '/home/eia/repo/rbi_2025_2/scara/scara_ws/install/scara_mujoco_sim/share/scara_mujoco_sim/package.sh'
[7.566s] INFO:colcon.colcon_core.shell:Creating package script '/home/eia/repo/rbi_2025_2/scara/scara_ws/install/scara_mujoco_sim/share/scara_mujoco_sim/package.bash'
[7.567s] INFO:colcon.colcon_core.shell:Creating package script '/home/eia/repo/rbi_2025_2/scara/scara_ws/install/scara_mujoco_sim/share/scara_mujoco_sim/package.zsh'
[7.567s] Level 1:colcon.colcon_core.environment:create_file_with_runtime_dependencies(/home/eia/repo/rbi_2025_2/scara/scara_ws/install/scara_mujoco_sim/share/colcon-core/packages/scara_mujoco_sim)
[7.568s] DEBUG:colcon.colcon_parallel_executor.executor.parallel:closing loop
[7.568s] DEBUG:colcon.colcon_parallel_executor.executor.parallel:loop closed
[7.568s] DEBUG:colcon.colcon_parallel_executor.executor.parallel:run_until_complete finished with '0'
[7.569s] DEBUG:colcon.colcon_core.event_reactor:joining thread
[7.576s] INFO:colcon.colcon_core.plugin_system:Skipping extension 'colcon_notification.desktop_notification.terminal_notifier': Not used on non-Darwin systems
[7.576s] INFO:colcon.colcon_core.plugin_system:Skipping extension 'colcon_notification.desktop_notification.win32': Not used on non-Windows systems
[7.577s] INFO:colcon.colcon_notification.desktop_notification:Sending desktop notification using 'notify2'
[7.590s] DEBUG:colcon.colcon_core.event_reactor:joined thread
[7.591s] INFO:colcon.colcon_core.shell:Creating prefix script '/home/eia/repo/rbi_2025_2/scara/scara_ws/install/local_setup.ps1'
[7.592s] INFO:colcon.colcon_core.shell:Creating prefix util module '/home/eia/repo/rbi_2025_2/scara/scara_ws/install/_local_setup_util_ps1.py'
[7.594s] INFO:colcon.colcon_core.shell:Creating prefix chain script '/home/eia/repo/rbi_2025_2/scara/scara_ws/install/setup.ps1'
[7.596s] INFO:colcon.colcon_core.shell:Creating prefix script '/home/eia/repo/rbi_2025_2/scara/scara_ws/install/local_setup.sh'
[7.597s] INFO:colcon.colcon_core.shell:Creating prefix util module '/home/eia/repo/rbi_2025_2/scara/scara_ws/install/_local_setup_util_sh.py'
[7.598s] INFO:colcon.colcon_core.shell:Creating prefix chain script '/home/eia/repo/rbi_2025_2/scara/scara_ws/install/setup.sh'
[7.600s] INFO:colcon.colcon_core.shell:Creating prefix script '/home/eia/repo/rbi_2025_2/scara/scara_ws/install/local_setup.bash'
[7.601s] INFO:colcon.colcon_core.shell:Creating prefix chain script '/home/eia/repo/rbi_2025_2/scara/scara_ws/install/setup.bash'
[7.602s] INFO:colcon.colcon_core.shell:Creating prefix script '/home/eia/repo/rbi_2025_2/scara/scara_ws/install/local_setup.zsh'
[7.603s] INFO:colcon.colcon_core.shell:Creating prefix chain script '/home/eia/repo/rbi_2025_2/scara/scara_ws/install/setup.zsh'
