[0.564s] DEBUG:colcon:Command line arguments: ['/home/eia/.local/bin/colcon', 'build', '--symlink-install']
[0.564s] DEBUG:colcon:Parsed command line arguments: Namespace(log_base=None, log_level=None, verb_name='build', build_base='build', install_base='install', merge_install=False, symlink_install=True, test_result_base=None, continue_on_error=False, executor='parallel', parallel_workers=12, event_handlers=None, ignore_user_meta=False, metas=['./colcon.meta'], base_paths=['.'], packages_ignore=None, packages_ignore_regex=None, paths=None, packages_up_to=None, packages_up_to_regex=None, packages_above=None, packages_above_and_dependencies=None, packages_above_depth=None, packages_select_by_dep=None, packages_skip_by_dep=None, packages_skip_up_to=None, packages_select_build_failed=False, packages_skip_build_finished=False, packages_select_test_failures=False, packages_skip_test_passed=False, packages_select=None, packages_skip=None, packages_select_regex=None, packages_skip_regex=None, packages_start=None, packages_end=None, allow_overriding=[], cmake_args=None, cmake_target=None, cmake_target_skip_unavailable=False, cmake_clean_cache=False, cmake_clean_first=False, cmake_force_configure=False, ament_cmake_args=None, catkin_cmake_args=None, catkin_skip_building_tests=False, mixin_files=None, mixin=None, verb_parser=<colcon_mixin.mixin.mixin_argument.MixinArgumentDecorator object at 0x7e3c10b78d90>, verb_extension=<colcon_core.verb.build.BuildVerb object at 0x7e3c10cf53c0>, main=<bound method BuildVerb.main of <colcon_core.verb.build.BuildVerb object at 0x7e3c10cf53c0>>, mixin_verb=('build',))
[1.291s] Level 1:colcon.colcon_core.package_discovery:discover_packages(colcon_meta) check parameters
[1.292s] Level 1:colcon.colcon_core.package_discovery:discover_packages(recursive) check parameters
[1.301s] Level 1:colcon.colcon_core.package_discovery:discover_packages(ignore) check parameters
[1.301s] Level 1:colcon.colcon_core.package_discovery:discover_packages(path) check parameters
[1.301s] Level 1:colcon.colcon_core.package_discovery:discover_packages(colcon_meta) discover
[1.302s] Level 1:colcon.colcon_core.package_discovery:discover_packages(recursive) discover
[1.302s] INFO:colcon.colcon_core.package_discovery:Crawling recursively for packages in '/home/eia/repo/rbi_2025_2/scara/scara_ws'
[1.302s] Level 1:colcon.colcon_core.package_identification:_identify(.) by extensions ['ignore', 'ignore_ament_install']
[1.303s] Level 1:colcon.colcon_core.package_identification:_identify(.) by extension 'ignore'
[1.303s] Level 1:colcon.colcon_core.package_identification:_identify(.) by extension 'ignore_ament_install'
[1.303s] Level 1:colcon.colcon_core.package_identification:_identify(.) by extensions ['colcon_pkg']
[1.303s] Level 1:colcon.colcon_core.package_identification:_identify(.) by extension 'colcon_pkg'
[1.303s] Level 1:colcon.colcon_core.package_identification:_identify(.) by extensions ['colcon_meta']
[1.303s] Level 1:colcon.colcon_core.package_identification:_identify(.) by extension 'colcon_meta'
[1.304s] Level 1:colcon.colcon_core.package_identification:_identify(.) by extensions ['ros']
[1.304s] Level 1:colcon.colcon_core.package_identification:_identify(.) by extension 'ros'
[1.405s] Level 1:colcon.colcon_core.package_identification:_identify(.) by extensions ['cmake', 'python']
[1.405s] Level 1:colcon.colcon_core.package_identification:_identify(.) by extension 'cmake'
[1.405s] Level 1:colcon.colcon_core.package_identification:_identify(.) by extension 'python'
[1.406s] Level 1:colcon.colcon_core.package_identification:_identify(.) by extensions ['python_setup_py']
[1.406s] Level 1:colcon.colcon_core.package_identification:_identify(.) by extension 'python_setup_py'
[1.406s] Level 1:colcon.colcon_core.package_identification:_identify(build) by extensions ['ignore', 'ignore_ament_install']
[1.407s] Level 1:colcon.colcon_core.package_identification:_identify(build) by extension 'ignore'
[1.407s] Level 1:colcon.colcon_core.package_identification:_identify(build) ignored
[1.407s] Level 1:colcon.colcon_core.package_identification:_identify(install) by extensions ['ignore', 'ignore_ament_install']
[1.408s] Level 1:colcon.colcon_core.package_identification:_identify(install) by extension 'ignore'
[1.408s] Level 1:colcon.colcon_core.package_identification:_identify(install) ignored
[1.408s] Level 1:colcon.colcon_core.package_identification:_identify(log) by extensions ['ignore', 'ignore_ament_install']
[1.408s] Level 1:colcon.colcon_core.package_identification:_identify(log) by extension 'ignore'
[1.409s] Level 1:colcon.colcon_core.package_identification:_identify(log) ignored
[1.409s] Level 1:colcon.colcon_core.package_identification:_identify(mujoco) by extensions ['ignore', 'ignore_ament_install']
[1.409s] Level 1:colcon.colcon_core.package_identification:_identify(mujoco) by extension 'ignore'
[1.409s] Level 1:colcon.colcon_core.package_identification:_identify(mujoco) by extension 'ignore_ament_install'
[1.410s] Level 1:colcon.colcon_core.package_identification:_identify(mujoco) by extensions ['colcon_pkg']
[1.410s] Level 1:colcon.colcon_core.package_identification:_identify(mujoco) by extension 'colcon_pkg'
[1.410s] Level 1:colcon.colcon_core.package_identification:_identify(mujoco) by extensions ['colcon_meta']
[1.410s] Level 1:colcon.colcon_core.package_identification:_identify(mujoco) by extension 'colcon_meta'
[1.410s] Level 1:colcon.colcon_core.package_identification:_identify(mujoco) by extensions ['ros']
[1.410s] Level 1:colcon.colcon_core.package_identification:_identify(mujoco) by extension 'ros'
[1.411s] Level 1:colcon.colcon_core.package_identification:_identify(mujoco) by extensions ['cmake', 'python']
[1.411s] Level 1:colcon.colcon_core.package_identification:_identify(mujoco) by extension 'cmake'
[1.411s] Level 1:colcon.colcon_core.package_identification:_identify(mujoco) by extension 'python'
[1.411s] Level 1:colcon.colcon_core.package_identification:_identify(mujoco) by extensions ['python_setup_py']
[1.411s] Level 1:colcon.colcon_core.package_identification:_identify(mujoco) by extension 'python_setup_py'
[1.412s] Level 1:colcon.colcon_core.package_identification:_identify(mujoco/bin) by extensions ['ignore', 'ignore_ament_install']
[1.412s] Level 1:colcon.colcon_core.package_identification:_identify(mujoco/bin) by extension 'ignore'
[1.412s] Level 1:colcon.colcon_core.package_identification:_identify(mujoco/bin) by extension 'ignore_ament_install'
[1.412s] Level 1:colcon.colcon_core.package_identification:_identify(mujoco/bin) by extensions ['colcon_pkg']
[1.412s] Level 1:colcon.colcon_core.package_identification:_identify(mujoco/bin) by extension 'colcon_pkg'
[1.413s] Level 1:colcon.colcon_core.package_identification:_identify(mujoco/bin) by extensions ['colcon_meta']
[1.413s] Level 1:colcon.colcon_core.package_identification:_identify(mujoco/bin) by extension 'colcon_meta'
[1.413s] Level 1:colcon.colcon_core.package_identification:_identify(mujoco/bin) by extensions ['ros']
[1.413s] Level 1:colcon.colcon_core.package_identification:_identify(mujoco/bin) by extension 'ros'
[1.413s] Level 1:colcon.colcon_core.package_identification:_identify(mujoco/bin) by extensions ['cmake', 'python']
[1.413s] Level 1:colcon.colcon_core.package_identification:_identify(mujoco/bin) by extension 'cmake'
[1.414s] Level 1:colcon.colcon_core.package_identification:_identify(mujoco/bin) by extension 'python'
[1.414s] Level 1:colcon.colcon_core.package_identification:_identify(mujoco/bin) by extensions ['python_setup_py']
[1.414s] Level 1:colcon.colcon_core.package_identification:_identify(mujoco/bin) by extension 'python_setup_py'
[1.414s] Level 1:colcon.colcon_core.package_identification:_identify(mujoco/bin/mujoco_plugin) by extensions ['ignore', 'ignore_ament_install']
[1.415s] Level 1:colcon.colcon_core.package_identification:_identify(mujoco/bin/mujoco_plugin) by extension 'ignore'
[1.415s] Level 1:colcon.colcon_core.package_identification:_identify(mujoco/bin/mujoco_plugin) by extension 'ignore_ament_install'
[1.415s] Level 1:colcon.colcon_core.package_identification:_identify(mujoco/bin/mujoco_plugin) by extensions ['colcon_pkg']
[1.415s] Level 1:colcon.colcon_core.package_identification:_identify(mujoco/bin/mujoco_plugin) by extension 'colcon_pkg'
[1.415s] Level 1:colcon.colcon_core.package_identification:_identify(mujoco/bin/mujoco_plugin) by extensions ['colcon_meta']
[1.415s] Level 1:colcon.colcon_core.package_identification:_identify(mujoco/bin/mujoco_plugin) by extension 'colcon_meta'
[1.416s] Level 1:colcon.colcon_core.package_identification:_identify(mujoco/bin/mujoco_plugin) by extensions ['ros']
[1.416s] Level 1:colcon.colcon_core.package_identification:_identify(mujoco/bin/mujoco_plugin) by extension 'ros'
[1.416s] Level 1:colcon.colcon_core.package_identification:_identify(mujoco/bin/mujoco_plugin) by extensions ['cmake', 'python']
[1.416s] Level 1:colcon.colcon_core.package_identification:_identify(mujoco/bin/mujoco_plugin) by extension 'cmake'
[1.416s] Level 1:colcon.colcon_core.package_identification:_identify(mujoco/bin/mujoco_plugin) by extension 'python'
[1.416s] Level 1:colcon.colcon_core.package_identification:_identify(mujoco/bin/mujoco_plugin) by extensions ['python_setup_py']
[1.417s] Level 1:colcon.colcon_core.package_identification:_identify(mujoco/bin/mujoco_plugin) by extension 'python_setup_py'
[1.417s] Level 1:colcon.colcon_core.package_identification:_identify(mujoco/include) by extensions ['ignore', 'ignore_ament_install']
[1.417s] Level 1:colcon.colcon_core.package_identification:_identify(mujoco/include) by extension 'ignore'
[1.417s] Level 1:colcon.colcon_core.package_identification:_identify(mujoco/include) by extension 'ignore_ament_install'
[1.418s] Level 1:colcon.colcon_core.package_identification:_identify(mujoco/include) by extensions ['colcon_pkg']
[1.418s] Level 1:colcon.colcon_core.package_identification:_identify(mujoco/include) by extension 'colcon_pkg'
[1.418s] Level 1:colcon.colcon_core.package_identification:_identify(mujoco/include) by extensions ['colcon_meta']
[1.418s] Level 1:colcon.colcon_core.package_identification:_identify(mujoco/include) by extension 'colcon_meta'
[1.418s] Level 1:colcon.colcon_core.package_identification:_identify(mujoco/include) by extensions ['ros']
[1.418s] Level 1:colcon.colcon_core.package_identification:_identify(mujoco/include) by extension 'ros'
[1.419s] Level 1:colcon.colcon_core.package_identification:_identify(mujoco/include) by extensions ['cmake', 'python']
[1.419s] Level 1:colcon.colcon_core.package_identification:_identify(mujoco/include) by extension 'cmake'
[1.419s] Level 1:colcon.colcon_core.package_identification:_identify(mujoco/include) by extension 'python'
[1.419s] Level 1:colcon.colcon_core.package_identification:_identify(mujoco/include) by extensions ['python_setup_py']
[1.419s] Level 1:colcon.colcon_core.package_identification:_identify(mujoco/include) by extension 'python_setup_py'
[1.420s] Level 1:colcon.colcon_core.package_identification:_identify(mujoco/include/mujoco) by extensions ['ignore', 'ignore_ament_install']
[1.420s] Level 1:colcon.colcon_core.package_identification:_identify(mujoco/include/mujoco) by extension 'ignore'
[1.420s] Level 1:colcon.colcon_core.package_identification:_identify(mujoco/include/mujoco) by extension 'ignore_ament_install'
[1.420s] Level 1:colcon.colcon_core.package_identification:_identify(mujoco/include/mujoco) by extensions ['colcon_pkg']
[1.421s] Level 1:colcon.colcon_core.package_identification:_identify(mujoco/include/mujoco) by extension 'colcon_pkg'
[1.421s] Level 1:colcon.colcon_core.package_identification:_identify(mujoco/include/mujoco) by extensions ['colcon_meta']
[1.421s] Level 1:colcon.colcon_core.package_identification:_identify(mujoco/include/mujoco) by extension 'colcon_meta'
[1.421s] Level 1:colcon.colcon_core.package_identification:_identify(mujoco/include/mujoco) by extensions ['ros']
[1.421s] Level 1:colcon.colcon_core.package_identification:_identify(mujoco/include/mujoco) by extension 'ros'
[1.422s] Level 1:colcon.colcon_core.package_identification:_identify(mujoco/include/mujoco) by extensions ['cmake', 'python']
[1.422s] Level 1:colcon.colcon_core.package_identification:_identify(mujoco/include/mujoco) by extension 'cmake'
[1.422s] Level 1:colcon.colcon_core.package_identification:_identify(mujoco/include/mujoco) by extension 'python'
[1.422s] Level 1:colcon.colcon_core.package_identification:_identify(mujoco/include/mujoco) by extensions ['python_setup_py']
[1.422s] Level 1:colcon.colcon_core.package_identification:_identify(mujoco/include/mujoco) by extension 'python_setup_py'
[1.422s] Level 1:colcon.colcon_core.package_identification:_identify(mujoco/include/mujoco/experimental) by extensions ['ignore', 'ignore_ament_install']
[1.423s] Level 1:colcon.colcon_core.package_identification:_identify(mujoco/include/mujoco/experimental) by extension 'ignore'
[1.423s] Level 1:colcon.colcon_core.package_identification:_identify(mujoco/include/mujoco/experimental) by extension 'ignore_ament_install'
[1.423s] Level 1:colcon.colcon_core.package_identification:_identify(mujoco/include/mujoco/experimental) by extensions ['colcon_pkg']
[1.423s] Level 1:colcon.colcon_core.package_identification:_identify(mujoco/include/mujoco/experimental) by extension 'colcon_pkg'
[1.424s] Level 1:colcon.colcon_core.package_identification:_identify(mujoco/include/mujoco/experimental) by extensions ['colcon_meta']
[1.424s] Level 1:colcon.colcon_core.package_identification:_identify(mujoco/include/mujoco/experimental) by extension 'colcon_meta'
[1.424s] Level 1:colcon.colcon_core.package_identification:_identify(mujoco/include/mujoco/experimental) by extensions ['ros']
[1.424s] Level 1:colcon.colcon_core.package_identification:_identify(mujoco/include/mujoco/experimental) by extension 'ros'
[1.424s] Level 1:colcon.colcon_core.package_identification:_identify(mujoco/include/mujoco/experimental) by extensions ['cmake', 'python']
[1.424s] Level 1:colcon.colcon_core.package_identification:_identify(mujoco/include/mujoco/experimental) by extension 'cmake'
[1.425s] Level 1:colcon.colcon_core.package_identification:_identify(mujoco/include/mujoco/experimental) by extension 'python'
[1.425s] Level 1:colcon.colcon_core.package_identification:_identify(mujoco/include/mujoco/experimental) by extensions ['python_setup_py']
[1.425s] Level 1:colcon.colcon_core.package_identification:_identify(mujoco/include/mujoco/experimental) by extension 'python_setup_py'
[1.425s] Level 1:colcon.colcon_core.package_identification:_identify(mujoco/include/mujoco/experimental/usd) by extensions ['ignore', 'ignore_ament_install']
[1.426s] Level 1:colcon.colcon_core.package_identification:_identify(mujoco/include/mujoco/experimental/usd) by extension 'ignore'
[1.426s] Level 1:colcon.colcon_core.package_identification:_identify(mujoco/include/mujoco/experimental/usd) by extension 'ignore_ament_install'
[1.426s] Level 1:colcon.colcon_core.package_identification:_identify(mujoco/include/mujoco/experimental/usd) by extensions ['colcon_pkg']
[1.426s] Level 1:colcon.colcon_core.package_identification:_identify(mujoco/include/mujoco/experimental/usd) by extension 'colcon_pkg'
[1.426s] Level 1:colcon.colcon_core.package_identification:_identify(mujoco/include/mujoco/experimental/usd) by extensions ['colcon_meta']
[1.427s] Level 1:colcon.colcon_core.package_identification:_identify(mujoco/include/mujoco/experimental/usd) by extension 'colcon_meta'
[1.427s] Level 1:colcon.colcon_core.package_identification:_identify(mujoco/include/mujoco/experimental/usd) by extensions ['ros']
[1.427s] Level 1:colcon.colcon_core.package_identification:_identify(mujoco/include/mujoco/experimental/usd) by extension 'ros'
[1.427s] Level 1:colcon.colcon_core.package_identification:_identify(mujoco/include/mujoco/experimental/usd) by extensions ['cmake', 'python']
[1.427s] Level 1:colcon.colcon_core.package_identification:_identify(mujoco/include/mujoco/experimental/usd) by extension 'cmake'
[1.427s] Level 1:colcon.colcon_core.package_identification:_identify(mujoco/include/mujoco/experimental/usd) by extension 'python'
[1.428s] Level 1:colcon.colcon_core.package_identification:_identify(mujoco/include/mujoco/experimental/usd) by extensions ['python_setup_py']
[1.428s] Level 1:colcon.colcon_core.package_identification:_identify(mujoco/include/mujoco/experimental/usd) by extension 'python_setup_py'
[1.428s] Level 1:colcon.colcon_core.package_identification:_identify(mujoco/include/mujoco/experimental/usd/mjcPhysics) by extensions ['ignore', 'ignore_ament_install']
[1.429s] Level 1:colcon.colcon_core.package_identification:_identify(mujoco/include/mujoco/experimental/usd/mjcPhysics) by extension 'ignore'
[1.429s] Level 1:colcon.colcon_core.package_identification:_identify(mujoco/include/mujoco/experimental/usd/mjcPhysics) by extension 'ignore_ament_install'
[1.429s] Level 1:colcon.colcon_core.package_identification:_identify(mujoco/include/mujoco/experimental/usd/mjcPhysics) by extensions ['colcon_pkg']
[1.429s] Level 1:colcon.colcon_core.package_identification:_identify(mujoco/include/mujoco/experimental/usd/mjcPhysics) by extension 'colcon_pkg'
[1.429s] Level 1:colcon.colcon_core.package_identification:_identify(mujoco/include/mujoco/experimental/usd/mjcPhysics) by extensions ['colcon_meta']
[1.429s] Level 1:colcon.colcon_core.package_identification:_identify(mujoco/include/mujoco/experimental/usd/mjcPhysics) by extension 'colcon_meta'
[1.430s] Level 1:colcon.colcon_core.package_identification:_identify(mujoco/include/mujoco/experimental/usd/mjcPhysics) by extensions ['ros']
[1.430s] Level 1:colcon.colcon_core.package_identification:_identify(mujoco/include/mujoco/experimental/usd/mjcPhysics) by extension 'ros'
[1.430s] Level 1:colcon.colcon_core.package_identification:_identify(mujoco/include/mujoco/experimental/usd/mjcPhysics) by extensions ['cmake', 'python']
[1.430s] Level 1:colcon.colcon_core.package_identification:_identify(mujoco/include/mujoco/experimental/usd/mjcPhysics) by extension 'cmake'
[1.430s] Level 1:colcon.colcon_core.package_identification:_identify(mujoco/include/mujoco/experimental/usd/mjcPhysics) by extension 'python'
[1.431s] Level 1:colcon.colcon_core.package_identification:_identify(mujoco/include/mujoco/experimental/usd/mjcPhysics) by extensions ['python_setup_py']
[1.431s] Level 1:colcon.colcon_core.package_identification:_identify(mujoco/include/mujoco/experimental/usd/mjcPhysics) by extension 'python_setup_py'
[1.431s] Level 1:colcon.colcon_core.package_identification:_identify(mujoco/lib) by extensions ['ignore', 'ignore_ament_install']
[1.431s] Level 1:colcon.colcon_core.package_identification:_identify(mujoco/lib) by extension 'ignore'
[1.432s] Level 1:colcon.colcon_core.package_identification:_identify(mujoco/lib) by extension 'ignore_ament_install'
[1.432s] Level 1:colcon.colcon_core.package_identification:_identify(mujoco/lib) by extensions ['colcon_pkg']
[1.432s] Level 1:colcon.colcon_core.package_identification:_identify(mujoco/lib) by extension 'colcon_pkg'
[1.432s] Level 1:colcon.colcon_core.package_identification:_identify(mujoco/lib) by extensions ['colcon_meta']
[1.432s] Level 1:colcon.colcon_core.package_identification:_identify(mujoco/lib) by extension 'colcon_meta'
[1.432s] Level 1:colcon.colcon_core.package_identification:_identify(mujoco/lib) by extensions ['ros']
[1.433s] Level 1:colcon.colcon_core.package_identification:_identify(mujoco/lib) by extension 'ros'
[1.433s] Level 1:colcon.colcon_core.package_identification:_identify(mujoco/lib) by extensions ['cmake', 'python']
[1.433s] Level 1:colcon.colcon_core.package_identification:_identify(mujoco/lib) by extension 'cmake'
[1.433s] Level 1:colcon.colcon_core.package_identification:_identify(mujoco/lib) by extension 'python'
[1.433s] Level 1:colcon.colcon_core.package_identification:_identify(mujoco/lib) by extensions ['python_setup_py']
[1.433s] Level 1:colcon.colcon_core.package_identification:_identify(mujoco/lib) by extension 'python_setup_py'
[1.434s] Level 1:colcon.colcon_core.package_identification:_identify(mujoco/model) by extensions ['ignore', 'ignore_ament_install']
[1.434s] Level 1:colcon.colcon_core.package_identification:_identify(mujoco/model) by extension 'ignore'
[1.434s] Level 1:colcon.colcon_core.package_identification:_identify(mujoco/model) by extension 'ignore_ament_install'
[1.435s] Level 1:colcon.colcon_core.package_identification:_identify(mujoco/model) by extensions ['colcon_pkg']
[1.435s] Level 1:colcon.colcon_core.package_identification:_identify(mujoco/model) by extension 'colcon_pkg'
[1.435s] Level 1:colcon.colcon_core.package_identification:_identify(mujoco/model) by extensions ['colcon_meta']
[1.435s] Level 1:colcon.colcon_core.package_identification:_identify(mujoco/model) by extension 'colcon_meta'
[1.435s] Level 1:colcon.colcon_core.package_identification:_identify(mujoco/model) by extensions ['ros']
[1.435s] Level 1:colcon.colcon_core.package_identification:_identify(mujoco/model) by extension 'ros'
[1.436s] Level 1:colcon.colcon_core.package_identification:_identify(mujoco/model) by extensions ['cmake', 'python']
[1.436s] Level 1:colcon.colcon_core.package_identification:_identify(mujoco/model) by extension 'cmake'
[1.436s] Level 1:colcon.colcon_core.package_identification:_identify(mujoco/model) by extension 'python'
[1.436s] Level 1:colcon.colcon_core.package_identification:_identify(mujoco/model) by extensions ['python_setup_py']
[1.436s] Level 1:colcon.colcon_core.package_identification:_identify(mujoco/model) by extension 'python_setup_py'
[1.437s] Level 1:colcon.colcon_core.package_identification:_identify(mujoco/model/adhesion) by extensions ['ignore', 'ignore_ament_install']
[1.437s] Level 1:colcon.colcon_core.package_identification:_identify(mujoco/model/adhesion) by extension 'ignore'
[1.437s] Level 1:colcon.colcon_core.package_identification:_identify(mujoco/model/adhesion) by extension 'ignore_ament_install'
[1.437s] Level 1:colcon.colcon_core.package_identification:_identify(mujoco/model/adhesion) by extensions ['colcon_pkg']
[1.437s] Level 1:colcon.colcon_core.package_identification:_identify(mujoco/model/adhesion) by extension 'colcon_pkg'
[1.438s] Level 1:colcon.colcon_core.package_identification:_identify(mujoco/model/adhesion) by extensions ['colcon_meta']
[1.438s] Level 1:colcon.colcon_core.package_identification:_identify(mujoco/model/adhesion) by extension 'colcon_meta'
[1.438s] Level 1:colcon.colcon_core.package_identification:_identify(mujoco/model/adhesion) by extensions ['ros']
[1.438s] Level 1:colcon.colcon_core.package_identification:_identify(mujoco/model/adhesion) by extension 'ros'
[1.438s] Level 1:colcon.colcon_core.package_identification:_identify(mujoco/model/adhesion) by extensions ['cmake', 'python']
[1.438s] Level 1:colcon.colcon_core.package_identification:_identify(mujoco/model/adhesion) by extension 'cmake'
[1.439s] Level 1:colcon.colcon_core.package_identification:_identify(mujoco/model/adhesion) by extension 'python'
[1.439s] Level 1:colcon.colcon_core.package_identification:_identify(mujoco/model/adhesion) by extensions ['python_setup_py']
[1.439s] Level 1:colcon.colcon_core.package_identification:_identify(mujoco/model/adhesion) by extension 'python_setup_py'
[1.439s] Level 1:colcon.colcon_core.package_identification:_identify(mujoco/model/balloons) by extensions ['ignore', 'ignore_ament_install']
[1.440s] Level 1:colcon.colcon_core.package_identification:_identify(mujoco/model/balloons) by extension 'ignore'
[1.440s] Level 1:colcon.colcon_core.package_identification:_identify(mujoco/model/balloons) by extension 'ignore_ament_install'
[1.440s] Level 1:colcon.colcon_core.package_identification:_identify(mujoco/model/balloons) by extensions ['colcon_pkg']
[1.440s] Level 1:colcon.colcon_core.package_identification:_identify(mujoco/model/balloons) by extension 'colcon_pkg'
[1.440s] Level 1:colcon.colcon_core.package_identification:_identify(mujoco/model/balloons) by extensions ['colcon_meta']
[1.440s] Level 1:colcon.colcon_core.package_identification:_identify(mujoco/model/balloons) by extension 'colcon_meta'
[1.441s] Level 1:colcon.colcon_core.package_identification:_identify(mujoco/model/balloons) by extensions ['ros']
[1.441s] Level 1:colcon.colcon_core.package_identification:_identify(mujoco/model/balloons) by extension 'ros'
[1.441s] Level 1:colcon.colcon_core.package_identification:_identify(mujoco/model/balloons) by extensions ['cmake', 'python']
[1.441s] Level 1:colcon.colcon_core.package_identification:_identify(mujoco/model/balloons) by extension 'cmake'
[1.441s] Level 1:colcon.colcon_core.package_identification:_identify(mujoco/model/balloons) by extension 'python'
[1.442s] Level 1:colcon.colcon_core.package_identification:_identify(mujoco/model/balloons) by extensions ['python_setup_py']
[1.442s] Level 1:colcon.colcon_core.package_identification:_identify(mujoco/model/balloons) by extension 'python_setup_py'
[1.442s] Level 1:colcon.colcon_core.package_identification:_identify(mujoco/model/car) by extensions ['ignore', 'ignore_ament_install']
[1.442s] Level 1:colcon.colcon_core.package_identification:_identify(mujoco/model/car) by extension 'ignore'
[1.443s] Level 1:colcon.colcon_core.package_identification:_identify(mujoco/model/car) by extension 'ignore_ament_install'
[1.443s] Level 1:colcon.colcon_core.package_identification:_identify(mujoco/model/car) by extensions ['colcon_pkg']
[1.443s] Level 1:colcon.colcon_core.package_identification:_identify(mujoco/model/car) by extension 'colcon_pkg'
[1.443s] Level 1:colcon.colcon_core.package_identification:_identify(mujoco/model/car) by extensions ['colcon_meta']
[1.443s] Level 1:colcon.colcon_core.package_identification:_identify(mujoco/model/car) by extension 'colcon_meta'
[1.443s] Level 1:colcon.colcon_core.package_identification:_identify(mujoco/model/car) by extensions ['ros']
[1.444s] Level 1:colcon.colcon_core.package_identification:_identify(mujoco/model/car) by extension 'ros'
[1.444s] Level 1:colcon.colcon_core.package_identification:_identify(mujoco/model/car) by extensions ['cmake', 'python']
[1.444s] Level 1:colcon.colcon_core.package_identification:_identify(mujoco/model/car) by extension 'cmake'
[1.444s] Level 1:colcon.colcon_core.package_identification:_identify(mujoco/model/car) by extension 'python'
[1.444s] Level 1:colcon.colcon_core.package_identification:_identify(mujoco/model/car) by extensions ['python_setup_py']
[1.444s] Level 1:colcon.colcon_core.package_identification:_identify(mujoco/model/car) by extension 'python_setup_py'
[1.445s] Level 1:colcon.colcon_core.package_identification:_identify(mujoco/model/cards) by extensions ['ignore', 'ignore_ament_install']
[1.445s] Level 1:colcon.colcon_core.package_identification:_identify(mujoco/model/cards) by extension 'ignore'
[1.445s] Level 1:colcon.colcon_core.package_identification:_identify(mujoco/model/cards) by extension 'ignore_ament_install'
[1.446s] Level 1:colcon.colcon_core.package_identification:_identify(mujoco/model/cards) by extensions ['colcon_pkg']
[1.446s] Level 1:colcon.colcon_core.package_identification:_identify(mujoco/model/cards) by extension 'colcon_pkg'
[1.446s] Level 1:colcon.colcon_core.package_identification:_identify(mujoco/model/cards) by extensions ['colcon_meta']
[1.446s] Level 1:colcon.colcon_core.package_identification:_identify(mujoco/model/cards) by extension 'colcon_meta'
[1.446s] Level 1:colcon.colcon_core.package_identification:_identify(mujoco/model/cards) by extensions ['ros']
[1.446s] Level 1:colcon.colcon_core.package_identification:_identify(mujoco/model/cards) by extension 'ros'
[1.447s] Level 1:colcon.colcon_core.package_identification:_identify(mujoco/model/cards) by extensions ['cmake', 'python']
[1.447s] Level 1:colcon.colcon_core.package_identification:_identify(mujoco/model/cards) by extension 'cmake'
[1.447s] Level 1:colcon.colcon_core.package_identification:_identify(mujoco/model/cards) by extension 'python'
[1.447s] Level 1:colcon.colcon_core.package_identification:_identify(mujoco/model/cards) by extensions ['python_setup_py']
[1.447s] Level 1:colcon.colcon_core.package_identification:_identify(mujoco/model/cards) by extension 'python_setup_py'
[1.448s] Level 1:colcon.colcon_core.package_identification:_identify(mujoco/model/cards/assets) by extensions ['ignore', 'ignore_ament_install']
[1.448s] Level 1:colcon.colcon_core.package_identification:_identify(mujoco/model/cards/assets) by extension 'ignore'
[1.448s] Level 1:colcon.colcon_core.package_identification:_identify(mujoco/model/cards/assets) by extension 'ignore_ament_install'
[1.449s] Level 1:colcon.colcon_core.package_identification:_identify(mujoco/model/cards/assets) by extensions ['colcon_pkg']
[1.449s] Level 1:colcon.colcon_core.package_identification:_identify(mujoco/model/cards/assets) by extension 'colcon_pkg'
[1.449s] Level 1:colcon.colcon_core.package_identification:_identify(mujoco/model/cards/assets) by extensions ['colcon_meta']
[1.449s] Level 1:colcon.colcon_core.package_identification:_identify(mujoco/model/cards/assets) by extension 'colcon_meta'
[1.449s] Level 1:colcon.colcon_core.package_identification:_identify(mujoco/model/cards/assets) by extensions ['ros']
[1.449s] Level 1:colcon.colcon_core.package_identification:_identify(mujoco/model/cards/assets) by extension 'ros'
[1.450s] Level 1:colcon.colcon_core.package_identification:_identify(mujoco/model/cards/assets) by extensions ['cmake', 'python']
[1.450s] Level 1:colcon.colcon_core.package_identification:_identify(mujoco/model/cards/assets) by extension 'cmake'
[1.450s] Level 1:colcon.colcon_core.package_identification:_identify(mujoco/model/cards/assets) by extension 'python'
[1.450s] Level 1:colcon.colcon_core.package_identification:_identify(mujoco/model/cards/assets) by extensions ['python_setup_py']
[1.450s] Level 1:colcon.colcon_core.package_identification:_identify(mujoco/model/cards/assets) by extension 'python_setup_py'
[1.451s] Level 1:colcon.colcon_core.package_identification:_identify(mujoco/model/cube) by extensions ['ignore', 'ignore_ament_install']
[1.451s] Level 1:colcon.colcon_core.package_identification:_identify(mujoco/model/cube) by extension 'ignore'
[1.451s] Level 1:colcon.colcon_core.package_identification:_identify(mujoco/model/cube) by extension 'ignore_ament_install'
[1.451s] Level 1:colcon.colcon_core.package_identification:_identify(mujoco/model/cube) by extensions ['colcon_pkg']
[1.451s] Level 1:colcon.colcon_core.package_identification:_identify(mujoco/model/cube) by extension 'colcon_pkg'
[1.452s] Level 1:colcon.colcon_core.package_identification:_identify(mujoco/model/cube) by extensions ['colcon_meta']
[1.452s] Level 1:colcon.colcon_core.package_identification:_identify(mujoco/model/cube) by extension 'colcon_meta'
[1.452s] Level 1:colcon.colcon_core.package_identification:_identify(mujoco/model/cube) by extensions ['ros']
[1.452s] Level 1:colcon.colcon_core.package_identification:_identify(mujoco/model/cube) by extension 'ros'
[1.452s] Level 1:colcon.colcon_core.package_identification:_identify(mujoco/model/cube) by extensions ['cmake', 'python']
[1.452s] Level 1:colcon.colcon_core.package_identification:_identify(mujoco/model/cube) by extension 'cmake'
[1.453s] Level 1:colcon.colcon_core.package_identification:_identify(mujoco/model/cube) by extension 'python'
[1.453s] Level 1:colcon.colcon_core.package_identification:_identify(mujoco/model/cube) by extensions ['python_setup_py']
[1.453s] Level 1:colcon.colcon_core.package_identification:_identify(mujoco/model/cube) by extension 'python_setup_py'
[1.453s] Level 1:colcon.colcon_core.package_identification:_identify(mujoco/model/cube/assets) by extensions ['ignore', 'ignore_ament_install']
[1.454s] Level 1:colcon.colcon_core.package_identification:_identify(mujoco/model/cube/assets) by extension 'ignore'
[1.454s] Level 1:colcon.colcon_core.package_identification:_identify(mujoco/model/cube/assets) by extension 'ignore_ament_install'
[1.454s] Level 1:colcon.colcon_core.package_identification:_identify(mujoco/model/cube/assets) by extensions ['colcon_pkg']
[1.454s] Level 1:colcon.colcon_core.package_identification:_identify(mujoco/model/cube/assets) by extension 'colcon_pkg'
[1.454s] Level 1:colcon.colcon_core.package_identification:_identify(mujoco/model/cube/assets) by extensions ['colcon_meta']
[1.455s] Level 1:colcon.colcon_core.package_identification:_identify(mujoco/model/cube/assets) by extension 'colcon_meta'
[1.455s] Level 1:colcon.colcon_core.package_identification:_identify(mujoco/model/cube/assets) by extensions ['ros']
[1.455s] Level 1:colcon.colcon_core.package_identification:_identify(mujoco/model/cube/assets) by extension 'ros'
[1.455s] Level 1:colcon.colcon_core.package_identification:_identify(mujoco/model/cube/assets) by extensions ['cmake', 'python']
[1.455s] Level 1:colcon.colcon_core.package_identification:_identify(mujoco/model/cube/assets) by extension 'cmake'
[1.456s] Level 1:colcon.colcon_core.package_identification:_identify(mujoco/model/cube/assets) by extension 'python'
[1.456s] Level 1:colcon.colcon_core.package_identification:_identify(mujoco/model/cube/assets) by extensions ['python_setup_py']
[1.456s] Level 1:colcon.colcon_core.package_identification:_identify(mujoco/model/cube/assets) by extension 'python_setup_py'
[1.456s] Level 1:colcon.colcon_core.package_identification:_identify(mujoco/model/flex) by extensions ['ignore', 'ignore_ament_install']
[1.457s] Level 1:colcon.colcon_core.package_identification:_identify(mujoco/model/flex) by extension 'ignore'
[1.457s] Level 1:colcon.colcon_core.package_identification:_identify(mujoco/model/flex) by extension 'ignore_ament_install'
[1.457s] Level 1:colcon.colcon_core.package_identification:_identify(mujoco/model/flex) by extensions ['colcon_pkg']
[1.457s] Level 1:colcon.colcon_core.package_identification:_identify(mujoco/model/flex) by extension 'colcon_pkg'
[1.457s] Level 1:colcon.colcon_core.package_identification:_identify(mujoco/model/flex) by extensions ['colcon_meta']
[1.457s] Level 1:colcon.colcon_core.package_identification:_identify(mujoco/model/flex) by extension 'colcon_meta'
[1.458s] Level 1:colcon.colcon_core.package_identification:_identify(mujoco/model/flex) by extensions ['ros']
[1.458s] Level 1:colcon.colcon_core.package_identification:_identify(mujoco/model/flex) by extension 'ros'
[1.458s] Level 1:colcon.colcon_core.package_identification:_identify(mujoco/model/flex) by extensions ['cmake', 'python']
[1.458s] Level 1:colcon.colcon_core.package_identification:_identify(mujoco/model/flex) by extension 'cmake'
[1.458s] Level 1:colcon.colcon_core.package_identification:_identify(mujoco/model/flex) by extension 'python'
[1.459s] Level 1:colcon.colcon_core.package_identification:_identify(mujoco/model/flex) by extensions ['python_setup_py']
[1.459s] Level 1:colcon.colcon_core.package_identification:_identify(mujoco/model/flex) by extension 'python_setup_py'
[1.459s] Level 1:colcon.colcon_core.package_identification:_identify(mujoco/model/flex/asset) by extensions ['ignore', 'ignore_ament_install']
[1.459s] Level 1:colcon.colcon_core.package_identification:_identify(mujoco/model/flex/asset) by extension 'ignore'
[1.460s] Level 1:colcon.colcon_core.package_identification:_identify(mujoco/model/flex/asset) by extension 'ignore_ament_install'
[1.460s] Level 1:colcon.colcon_core.package_identification:_identify(mujoco/model/flex/asset) by extensions ['colcon_pkg']
[1.460s] Level 1:colcon.colcon_core.package_identification:_identify(mujoco/model/flex/asset) by extension 'colcon_pkg'
[1.460s] Level 1:colcon.colcon_core.package_identification:_identify(mujoco/model/flex/asset) by extensions ['colcon_meta']
[1.460s] Level 1:colcon.colcon_core.package_identification:_identify(mujoco/model/flex/asset) by extension 'colcon_meta'
[1.460s] Level 1:colcon.colcon_core.package_identification:_identify(mujoco/model/flex/asset) by extensions ['ros']
[1.461s] Level 1:colcon.colcon_core.package_identification:_identify(mujoco/model/flex/asset) by extension 'ros'
[1.461s] Level 1:colcon.colcon_core.package_identification:_identify(mujoco/model/flex/asset) by extensions ['cmake', 'python']
[1.461s] Level 1:colcon.colcon_core.package_identification:_identify(mujoco/model/flex/asset) by extension 'cmake'
[1.461s] Level 1:colcon.colcon_core.package_identification:_identify(mujoco/model/flex/asset) by extension 'python'
[1.461s] Level 1:colcon.colcon_core.package_identification:_identify(mujoco/model/flex/asset) by extensions ['python_setup_py']
[1.461s] Level 1:colcon.colcon_core.package_identification:_identify(mujoco/model/flex/asset) by extension 'python_setup_py'
[1.462s] Level 1:colcon.colcon_core.package_identification:_identify(mujoco/model/hammock) by extensions ['ignore', 'ignore_ament_install']
[1.462s] Level 1:colcon.colcon_core.package_identification:_identify(mujoco/model/hammock) by extension 'ignore'
[1.462s] Level 1:colcon.colcon_core.package_identification:_identify(mujoco/model/hammock) by extension 'ignore_ament_install'
[1.463s] Level 1:colcon.colcon_core.package_identification:_identify(mujoco/model/hammock) by extensions ['colcon_pkg']
[1.463s] Level 1:colcon.colcon_core.package_identification:_identify(mujoco/model/hammock) by extension 'colcon_pkg'
[1.463s] Level 1:colcon.colcon_core.package_identification:_identify(mujoco/model/hammock) by extensions ['colcon_meta']
[1.463s] Level 1:colcon.colcon_core.package_identification:_identify(mujoco/model/hammock) by extension 'colcon_meta'
[1.463s] Level 1:colcon.colcon_core.package_identification:_identify(mujoco/model/hammock) by extensions ['ros']
[1.463s] Level 1:colcon.colcon_core.package_identification:_identify(mujoco/model/hammock) by extension 'ros'
[1.464s] Level 1:colcon.colcon_core.package_identification:_identify(mujoco/model/hammock) by extensions ['cmake', 'python']
[1.464s] Level 1:colcon.colcon_core.package_identification:_identify(mujoco/model/hammock) by extension 'cmake'
[1.464s] Level 1:colcon.colcon_core.package_identification:_identify(mujoco/model/hammock) by extension 'python'
[1.464s] Level 1:colcon.colcon_core.package_identification:_identify(mujoco/model/hammock) by extensions ['python_setup_py']
[1.464s] Level 1:colcon.colcon_core.package_identification:_identify(mujoco/model/hammock) by extension 'python_setup_py'
[1.465s] Level 1:colcon.colcon_core.package_identification:_identify(mujoco/model/humanoid) by extensions ['ignore', 'ignore_ament_install']
[1.465s] Level 1:colcon.colcon_core.package_identification:_identify(mujoco/model/humanoid) by extension 'ignore'
[1.465s] Level 1:colcon.colcon_core.package_identification:_identify(mujoco/model/humanoid) by extension 'ignore_ament_install'
[1.465s] Level 1:colcon.colcon_core.package_identification:_identify(mujoco/model/humanoid) by extensions ['colcon_pkg']
[1.465s] Level 1:colcon.colcon_core.package_identification:_identify(mujoco/model/humanoid) by extension 'colcon_pkg'
[1.466s] Level 1:colcon.colcon_core.package_identification:_identify(mujoco/model/humanoid) by extensions ['colcon_meta']
[1.466s] Level 1:colcon.colcon_core.package_identification:_identify(mujoco/model/humanoid) by extension 'colcon_meta'
[1.466s] Level 1:colcon.colcon_core.package_identification:_identify(mujoco/model/humanoid) by extensions ['ros']
[1.466s] Level 1:colcon.colcon_core.package_identification:_identify(mujoco/model/humanoid) by extension 'ros'
[1.466s] Level 1:colcon.colcon_core.package_identification:_identify(mujoco/model/humanoid) by extensions ['cmake', 'python']
[1.466s] Level 1:colcon.colcon_core.package_identification:_identify(mujoco/model/humanoid) by extension 'cmake'
[1.467s] Level 1:colcon.colcon_core.package_identification:_identify(mujoco/model/humanoid) by extension 'python'
[1.467s] Level 1:colcon.colcon_core.package_identification:_identify(mujoco/model/humanoid) by extensions ['python_setup_py']
[1.467s] Level 1:colcon.colcon_core.package_identification:_identify(mujoco/model/humanoid) by extension 'python_setup_py'
[1.467s] Level 1:colcon.colcon_core.package_identification:_identify(mujoco/model/mug) by extensions ['ignore', 'ignore_ament_install']
[1.467s] Level 1:colcon.colcon_core.package_identification:_identify(mujoco/model/mug) by extension 'ignore'
[1.468s] Level 1:colcon.colcon_core.package_identification:_identify(mujoco/model/mug) by extension 'ignore_ament_install'
[1.468s] Level 1:colcon.colcon_core.package_identification:_identify(mujoco/model/mug) by extensions ['colcon_pkg']
[1.468s] Level 1:colcon.colcon_core.package_identification:_identify(mujoco/model/mug) by extension 'colcon_pkg'
[1.468s] Level 1:colcon.colcon_core.package_identification:_identify(mujoco/model/mug) by extensions ['colcon_meta']
[1.468s] Level 1:colcon.colcon_core.package_identification:_identify(mujoco/model/mug) by extension 'colcon_meta'
[1.468s] Level 1:colcon.colcon_core.package_identification:_identify(mujoco/model/mug) by extensions ['ros']
[1.469s] Level 1:colcon.colcon_core.package_identification:_identify(mujoco/model/mug) by extension 'ros'
[1.469s] Level 1:colcon.colcon_core.package_identification:_identify(mujoco/model/mug) by extensions ['cmake', 'python']
[1.469s] Level 1:colcon.colcon_core.package_identification:_identify(mujoco/model/mug) by extension 'cmake'
[1.469s] Level 1:colcon.colcon_core.package_identification:_identify(mujoco/model/mug) by extension 'python'
[1.469s] Level 1:colcon.colcon_core.package_identification:_identify(mujoco/model/mug) by extensions ['python_setup_py']
[1.469s] Level 1:colcon.colcon_core.package_identification:_identify(mujoco/model/mug) by extension 'python_setup_py'
[1.470s] Level 1:colcon.colcon_core.package_identification:_identify(mujoco/model/plugin) by extensions ['ignore', 'ignore_ament_install']
[1.470s] Level 1:colcon.colcon_core.package_identification:_identify(mujoco/model/plugin) by extension 'ignore'
[1.470s] Level 1:colcon.colcon_core.package_identification:_identify(mujoco/model/plugin) by extension 'ignore_ament_install'
[1.470s] Level 1:colcon.colcon_core.package_identification:_identify(mujoco/model/plugin) by extensions ['colcon_pkg']
[1.471s] Level 1:colcon.colcon_core.package_identification:_identify(mujoco/model/plugin) by extension 'colcon_pkg'
[1.471s] Level 1:colcon.colcon_core.package_identification:_identify(mujoco/model/plugin) by extensions ['colcon_meta']
[1.471s] Level 1:colcon.colcon_core.package_identification:_identify(mujoco/model/plugin) by extension 'colcon_meta'
[1.471s] Level 1:colcon.colcon_core.package_identification:_identify(mujoco/model/plugin) by extensions ['ros']
[1.471s] Level 1:colcon.colcon_core.package_identification:_identify(mujoco/model/plugin) by extension 'ros'
[1.471s] Level 1:colcon.colcon_core.package_identification:_identify(mujoco/model/plugin) by extensions ['cmake', 'python']
[1.471s] Level 1:colcon.colcon_core.package_identification:_identify(mujoco/model/plugin) by extension 'cmake'
[1.472s] Level 1:colcon.colcon_core.package_identification:_identify(mujoco/model/plugin) by extension 'python'
[1.472s] Level 1:colcon.colcon_core.package_identification:_identify(mujoco/model/plugin) by extensions ['python_setup_py']
[1.472s] Level 1:colcon.colcon_core.package_identification:_identify(mujoco/model/plugin) by extension 'python_setup_py'
[1.472s] Level 1:colcon.colcon_core.package_identification:_identify(mujoco/model/plugin/actuator) by extensions ['ignore', 'ignore_ament_install']
[1.473s] Level 1:colcon.colcon_core.package_identification:_identify(mujoco/model/plugin/actuator) by extension 'ignore'
[1.473s] Level 1:colcon.colcon_core.package_identification:_identify(mujoco/model/plugin/actuator) by extension 'ignore_ament_install'
[1.473s] Level 1:colcon.colcon_core.package_identification:_identify(mujoco/model/plugin/actuator) by extensions ['colcon_pkg']
[1.473s] Level 1:colcon.colcon_core.package_identification:_identify(mujoco/model/plugin/actuator) by extension 'colcon_pkg'
[1.473s] Level 1:colcon.colcon_core.package_identification:_identify(mujoco/model/plugin/actuator) by extensions ['colcon_meta']
[1.473s] Level 1:colcon.colcon_core.package_identification:_identify(mujoco/model/plugin/actuator) by extension 'colcon_meta'
[1.474s] Level 1:colcon.colcon_core.package_identification:_identify(mujoco/model/plugin/actuator) by extensions ['ros']
[1.474s] Level 1:colcon.colcon_core.package_identification:_identify(mujoco/model/plugin/actuator) by extension 'ros'
[1.474s] Level 1:colcon.colcon_core.package_identification:_identify(mujoco/model/plugin/actuator) by extensions ['cmake', 'python']
[1.474s] Level 1:colcon.colcon_core.package_identification:_identify(mujoco/model/plugin/actuator) by extension 'cmake'
[1.474s] Level 1:colcon.colcon_core.package_identification:_identify(mujoco/model/plugin/actuator) by extension 'python'
[1.475s] Level 1:colcon.colcon_core.package_identification:_identify(mujoco/model/plugin/actuator) by extensions ['python_setup_py']
[1.475s] Level 1:colcon.colcon_core.package_identification:_identify(mujoco/model/plugin/actuator) by extension 'python_setup_py'
[1.475s] Level 1:colcon.colcon_core.package_identification:_identify(mujoco/model/plugin/elasticity) by extensions ['ignore', 'ignore_ament_install']
[1.475s] Level 1:colcon.colcon_core.package_identification:_identify(mujoco/model/plugin/elasticity) by extension 'ignore'
[1.476s] Level 1:colcon.colcon_core.package_identification:_identify(mujoco/model/plugin/elasticity) by extension 'ignore_ament_install'
[1.476s] Level 1:colcon.colcon_core.package_identification:_identify(mujoco/model/plugin/elasticity) by extensions ['colcon_pkg']
[1.476s] Level 1:colcon.colcon_core.package_identification:_identify(mujoco/model/plugin/elasticity) by extension 'colcon_pkg'
[1.477s] Level 1:colcon.colcon_core.package_identification:_identify(mujoco/model/plugin/elasticity) by extensions ['colcon_meta']
[1.477s] Level 1:colcon.colcon_core.package_identification:_identify(mujoco/model/plugin/elasticity) by extension 'colcon_meta'
[1.477s] Level 1:colcon.colcon_core.package_identification:_identify(mujoco/model/plugin/elasticity) by extensions ['ros']
[1.477s] Level 1:colcon.colcon_core.package_identification:_identify(mujoco/model/plugin/elasticity) by extension 'ros'
[1.478s] Level 1:colcon.colcon_core.package_identification:_identify(mujoco/model/plugin/elasticity) by extensions ['cmake', 'python']
[1.478s] Level 1:colcon.colcon_core.package_identification:_identify(mujoco/model/plugin/elasticity) by extension 'cmake'
[1.479s] Level 1:colcon.colcon_core.package_identification:_identify(mujoco/model/plugin/elasticity) by extension 'python'
[1.479s] Level 1:colcon.colcon_core.package_identification:_identify(mujoco/model/plugin/elasticity) by extensions ['python_setup_py']
[1.479s] Level 1:colcon.colcon_core.package_identification:_identify(mujoco/model/plugin/elasticity) by extension 'python_setup_py'
[1.479s] Level 1:colcon.colcon_core.package_identification:_identify(mujoco/model/plugin/sdf) by extensions ['ignore', 'ignore_ament_install']
[1.480s] Level 1:colcon.colcon_core.package_identification:_identify(mujoco/model/plugin/sdf) by extension 'ignore'
[1.480s] Level 1:colcon.colcon_core.package_identification:_identify(mujoco/model/plugin/sdf) by extension 'ignore_ament_install'
[1.480s] Level 1:colcon.colcon_core.package_identification:_identify(mujoco/model/plugin/sdf) by extensions ['colcon_pkg']
[1.480s] Level 1:colcon.colcon_core.package_identification:_identify(mujoco/model/plugin/sdf) by extension 'colcon_pkg'
[1.480s] Level 1:colcon.colcon_core.package_identification:_identify(mujoco/model/plugin/sdf) by extensions ['colcon_meta']
[1.481s] Level 1:colcon.colcon_core.package_identification:_identify(mujoco/model/plugin/sdf) by extension 'colcon_meta'
[1.481s] Level 1:colcon.colcon_core.package_identification:_identify(mujoco/model/plugin/sdf) by extensions ['ros']
[1.481s] Level 1:colcon.colcon_core.package_identification:_identify(mujoco/model/plugin/sdf) by extension 'ros'
[1.481s] Level 1:colcon.colcon_core.package_identification:_identify(mujoco/model/plugin/sdf) by extensions ['cmake', 'python']
[1.481s] Level 1:colcon.colcon_core.package_identification:_identify(mujoco/model/plugin/sdf) by extension 'cmake'
[1.482s] Level 1:colcon.colcon_core.package_identification:_identify(mujoco/model/plugin/sdf) by extension 'python'
[1.482s] Level 1:colcon.colcon_core.package_identification:_identify(mujoco/model/plugin/sdf) by extensions ['python_setup_py']
[1.482s] Level 1:colcon.colcon_core.package_identification:_identify(mujoco/model/plugin/sdf) by extension 'python_setup_py'
[1.482s] Level 1:colcon.colcon_core.package_identification:_identify(mujoco/model/plugin/sdf/asset) by extensions ['ignore', 'ignore_ament_install']
[1.483s] Level 1:colcon.colcon_core.package_identification:_identify(mujoco/model/plugin/sdf/asset) by extension 'ignore'
[1.483s] Level 1:colcon.colcon_core.package_identification:_identify(mujoco/model/plugin/sdf/asset) by extension 'ignore_ament_install'
[1.483s] Level 1:colcon.colcon_core.package_identification:_identify(mujoco/model/plugin/sdf/asset) by extensions ['colcon_pkg']
[1.483s] Level 1:colcon.colcon_core.package_identification:_identify(mujoco/model/plugin/sdf/asset) by extension 'colcon_pkg'
[1.483s] Level 1:colcon.colcon_core.package_identification:_identify(mujoco/model/plugin/sdf/asset) by extensions ['colcon_meta']
[1.483s] Level 1:colcon.colcon_core.package_identification:_identify(mujoco/model/plugin/sdf/asset) by extension 'colcon_meta'
[1.484s] Level 1:colcon.colcon_core.package_identification:_identify(mujoco/model/plugin/sdf/asset) by extensions ['ros']
[1.484s] Level 1:colcon.colcon_core.package_identification:_identify(mujoco/model/plugin/sdf/asset) by extension 'ros'
[1.484s] Level 1:colcon.colcon_core.package_identification:_identify(mujoco/model/plugin/sdf/asset) by extensions ['cmake', 'python']
[1.484s] Level 1:colcon.colcon_core.package_identification:_identify(mujoco/model/plugin/sdf/asset) by extension 'cmake'
[1.484s] Level 1:colcon.colcon_core.package_identification:_identify(mujoco/model/plugin/sdf/asset) by extension 'python'
[1.485s] Level 1:colcon.colcon_core.package_identification:_identify(mujoco/model/plugin/sdf/asset) by extensions ['python_setup_py']
[1.485s] Level 1:colcon.colcon_core.package_identification:_identify(mujoco/model/plugin/sdf/asset) by extension 'python_setup_py'
[1.485s] Level 1:colcon.colcon_core.package_identification:_identify(mujoco/model/plugin/sensor) by extensions ['ignore', 'ignore_ament_install']
[1.485s] Level 1:colcon.colcon_core.package_identification:_identify(mujoco/model/plugin/sensor) by extension 'ignore'
[1.486s] Level 1:colcon.colcon_core.package_identification:_identify(mujoco/model/plugin/sensor) by extension 'ignore_ament_install'
[1.486s] Level 1:colcon.colcon_core.package_identification:_identify(mujoco/model/plugin/sensor) by extensions ['colcon_pkg']
[1.486s] Level 1:colcon.colcon_core.package_identification:_identify(mujoco/model/plugin/sensor) by extension 'colcon_pkg'
[1.486s] Level 1:colcon.colcon_core.package_identification:_identify(mujoco/model/plugin/sensor) by extensions ['colcon_meta']
[1.486s] Level 1:colcon.colcon_core.package_identification:_identify(mujoco/model/plugin/sensor) by extension 'colcon_meta'
[1.486s] Level 1:colcon.colcon_core.package_identification:_identify(mujoco/model/plugin/sensor) by extensions ['ros']
[1.487s] Level 1:colcon.colcon_core.package_identification:_identify(mujoco/model/plugin/sensor) by extension 'ros'
[1.487s] Level 1:colcon.colcon_core.package_identification:_identify(mujoco/model/plugin/sensor) by extensions ['cmake', 'python']
[1.487s] Level 1:colcon.colcon_core.package_identification:_identify(mujoco/model/plugin/sensor) by extension 'cmake'
[1.487s] Level 1:colcon.colcon_core.package_identification:_identify(mujoco/model/plugin/sensor) by extension 'python'
[1.487s] Level 1:colcon.colcon_core.package_identification:_identify(mujoco/model/plugin/sensor) by extensions ['python_setup_py']
[1.487s] Level 1:colcon.colcon_core.package_identification:_identify(mujoco/model/plugin/sensor) by extension 'python_setup_py'
[1.488s] Level 1:colcon.colcon_core.package_identification:_identify(mujoco/model/replicate) by extensions ['ignore', 'ignore_ament_install']
[1.488s] Level 1:colcon.colcon_core.package_identification:_identify(mujoco/model/replicate) by extension 'ignore'
[1.488s] Level 1:colcon.colcon_core.package_identification:_identify(mujoco/model/replicate) by extension 'ignore_ament_install'
[1.489s] Level 1:colcon.colcon_core.package_identification:_identify(mujoco/model/replicate) by extensions ['colcon_pkg']
[1.489s] Level 1:colcon.colcon_core.package_identification:_identify(mujoco/model/replicate) by extension 'colcon_pkg'
[1.489s] Level 1:colcon.colcon_core.package_identification:_identify(mujoco/model/replicate) by extensions ['colcon_meta']
[1.489s] Level 1:colcon.colcon_core.package_identification:_identify(mujoco/model/replicate) by extension 'colcon_meta'
[1.489s] Level 1:colcon.colcon_core.package_identification:_identify(mujoco/model/replicate) by extensions ['ros']
[1.489s] Level 1:colcon.colcon_core.package_identification:_identify(mujoco/model/replicate) by extension 'ros'
[1.490s] Level 1:colcon.colcon_core.package_identification:_identify(mujoco/model/replicate) by extensions ['cmake', 'python']
[1.490s] Level 1:colcon.colcon_core.package_identification:_identify(mujoco/model/replicate) by extension 'cmake'
[1.490s] Level 1:colcon.colcon_core.package_identification:_identify(mujoco/model/replicate) by extension 'python'
[1.490s] Level 1:colcon.colcon_core.package_identification:_identify(mujoco/model/replicate) by extensions ['python_setup_py']
[1.490s] Level 1:colcon.colcon_core.package_identification:_identify(mujoco/model/replicate) by extension 'python_setup_py'
[1.491s] Level 1:colcon.colcon_core.package_identification:_identify(mujoco/model/replicate/asset) by extensions ['ignore', 'ignore_ament_install']
[1.491s] Level 1:colcon.colcon_core.package_identification:_identify(mujoco/model/replicate/asset) by extension 'ignore'
[1.491s] Level 1:colcon.colcon_core.package_identification:_identify(mujoco/model/replicate/asset) by extension 'ignore_ament_install'
[1.491s] Level 1:colcon.colcon_core.package_identification:_identify(mujoco/model/replicate/asset) by extensions ['colcon_pkg']
[1.491s] Level 1:colcon.colcon_core.package_identification:_identify(mujoco/model/replicate/asset) by extension 'colcon_pkg'
[1.492s] Level 1:colcon.colcon_core.package_identification:_identify(mujoco/model/replicate/asset) by extensions ['colcon_meta']
[1.492s] Level 1:colcon.colcon_core.package_identification:_identify(mujoco/model/replicate/asset) by extension 'colcon_meta'
[1.492s] Level 1:colcon.colcon_core.package_identification:_identify(mujoco/model/replicate/asset) by extensions ['ros']
[1.492s] Level 1:colcon.colcon_core.package_identification:_identify(mujoco/model/replicate/asset) by extension 'ros'
[1.492s] Level 1:colcon.colcon_core.package_identification:_identify(mujoco/model/replicate/asset) by extensions ['cmake', 'python']
[1.493s] Level 1:colcon.colcon_core.package_identification:_identify(mujoco/model/replicate/asset) by extension 'cmake'
[1.493s] Level 1:colcon.colcon_core.package_identification:_identify(mujoco/model/replicate/asset) by extension 'python'
[1.493s] Level 1:colcon.colcon_core.package_identification:_identify(mujoco/model/replicate/asset) by extensions ['python_setup_py']
[1.493s] Level 1:colcon.colcon_core.package_identification:_identify(mujoco/model/replicate/asset) by extension 'python_setup_py'
[1.494s] Level 1:colcon.colcon_core.package_identification:_identify(mujoco/model/slider_crank) by extensions ['ignore', 'ignore_ament_install']
[1.494s] Level 1:colcon.colcon_core.package_identification:_identify(mujoco/model/slider_crank) by extension 'ignore'
[1.494s] Level 1:colcon.colcon_core.package_identification:_identify(mujoco/model/slider_crank) by extension 'ignore_ament_install'
[1.494s] Level 1:colcon.colcon_core.package_identification:_identify(mujoco/model/slider_crank) by extensions ['colcon_pkg']
[1.495s] Level 1:colcon.colcon_core.package_identification:_identify(mujoco/model/slider_crank) by extension 'colcon_pkg'
[1.495s] Level 1:colcon.colcon_core.package_identification:_identify(mujoco/model/slider_crank) by extensions ['colcon_meta']
[1.495s] Level 1:colcon.colcon_core.package_identification:_identify(mujoco/model/slider_crank) by extension 'colcon_meta'
[1.495s] Level 1:colcon.colcon_core.package_identification:_identify(mujoco/model/slider_crank) by extensions ['ros']
[1.495s] Level 1:colcon.colcon_core.package_identification:_identify(mujoco/model/slider_crank) by extension 'ros'
[1.495s] Level 1:colcon.colcon_core.package_identification:_identify(mujoco/model/slider_crank) by extensions ['cmake', 'python']
[1.496s] Level 1:colcon.colcon_core.package_identification:_identify(mujoco/model/slider_crank) by extension 'cmake'
[1.496s] Level 1:colcon.colcon_core.package_identification:_identify(mujoco/model/slider_crank) by extension 'python'
[1.496s] Level 1:colcon.colcon_core.package_identification:_identify(mujoco/model/slider_crank) by extensions ['python_setup_py']
[1.496s] Level 1:colcon.colcon_core.package_identification:_identify(mujoco/model/slider_crank) by extension 'python_setup_py'
[1.496s] Level 1:colcon.colcon_core.package_identification:_identify(mujoco/model/tendon_arm) by extensions ['ignore', 'ignore_ament_install']
[1.497s] Level 1:colcon.colcon_core.package_identification:_identify(mujoco/model/tendon_arm) by extension 'ignore'
[1.497s] Level 1:colcon.colcon_core.package_identification:_identify(mujoco/model/tendon_arm) by extension 'ignore_ament_install'
[1.497s] Level 1:colcon.colcon_core.package_identification:_identify(mujoco/model/tendon_arm) by extensions ['colcon_pkg']
[1.497s] Level 1:colcon.colcon_core.package_identification:_identify(mujoco/model/tendon_arm) by extension 'colcon_pkg'
[1.497s] Level 1:colcon.colcon_core.package_identification:_identify(mujoco/model/tendon_arm) by extensions ['colcon_meta']
[1.498s] Level 1:colcon.colcon_core.package_identification:_identify(mujoco/model/tendon_arm) by extension 'colcon_meta'
[1.498s] Level 1:colcon.colcon_core.package_identification:_identify(mujoco/model/tendon_arm) by extensions ['ros']
[1.498s] Level 1:colcon.colcon_core.package_identification:_identify(mujoco/model/tendon_arm) by extension 'ros'
[1.498s] Level 1:colcon.colcon_core.package_identification:_identify(mujoco/model/tendon_arm) by extensions ['cmake', 'python']
[1.498s] Level 1:colcon.colcon_core.package_identification:_identify(mujoco/model/tendon_arm) by extension 'cmake'
[1.499s] Level 1:colcon.colcon_core.package_identification:_identify(mujoco/model/tendon_arm) by extension 'python'
[1.499s] Level 1:colcon.colcon_core.package_identification:_identify(mujoco/model/tendon_arm) by extensions ['python_setup_py']
[1.499s] Level 1:colcon.colcon_core.package_identification:_identify(mujoco/model/tendon_arm) by extension 'python_setup_py'
[1.499s] Level 1:colcon.colcon_core.package_identification:_identify(mujoco/sample) by extensions ['ignore', 'ignore_ament_install']
[1.499s] Level 1:colcon.colcon_core.package_identification:_identify(mujoco/sample) by extension 'ignore'
[1.500s] Level 1:colcon.colcon_core.package_identification:_identify(mujoco/sample) by extension 'ignore_ament_install'
[1.500s] Level 1:colcon.colcon_core.package_identification:_identify(mujoco/sample) by extensions ['colcon_pkg']
[1.500s] Level 1:colcon.colcon_core.package_identification:_identify(mujoco/sample) by extension 'colcon_pkg'
[1.500s] Level 1:colcon.colcon_core.package_identification:_identify(mujoco/sample) by extensions ['colcon_meta']
[1.500s] Level 1:colcon.colcon_core.package_identification:_identify(mujoco/sample) by extension 'colcon_meta'
[1.501s] Level 1:colcon.colcon_core.package_identification:_identify(mujoco/sample) by extensions ['ros']
[1.501s] Level 1:colcon.colcon_core.package_identification:_identify(mujoco/sample) by extension 'ros'
[1.501s] Level 1:colcon.colcon_core.package_identification:_identify(mujoco/sample) by extensions ['cmake', 'python']
[1.501s] Level 1:colcon.colcon_core.package_identification:_identify(mujoco/sample) by extension 'cmake'
[1.501s] Level 1:colcon.colcon_core.package_identification:_identify(mujoco/sample) by extension 'python'
[1.501s] Level 1:colcon.colcon_core.package_identification:_identify(mujoco/sample) by extensions ['python_setup_py']
[1.502s] Level 1:colcon.colcon_core.package_identification:_identify(mujoco/sample) by extension 'python_setup_py'
[1.502s] Level 1:colcon.colcon_core.package_identification:_identify(mujoco/sample/cmake) by extensions ['ignore', 'ignore_ament_install']
[1.502s] Level 1:colcon.colcon_core.package_identification:_identify(mujoco/sample/cmake) by extension 'ignore'
[1.502s] Level 1:colcon.colcon_core.package_identification:_identify(mujoco/sample/cmake) by extension 'ignore_ament_install'
[1.503s] Level 1:colcon.colcon_core.package_identification:_identify(mujoco/sample/cmake) by extensions ['colcon_pkg']
[1.503s] Level 1:colcon.colcon_core.package_identification:_identify(mujoco/sample/cmake) by extension 'colcon_pkg'
[1.503s] Level 1:colcon.colcon_core.package_identification:_identify(mujoco/sample/cmake) by extensions ['colcon_meta']
[1.503s] Level 1:colcon.colcon_core.package_identification:_identify(mujoco/sample/cmake) by extension 'colcon_meta'
[1.503s] Level 1:colcon.colcon_core.package_identification:_identify(mujoco/sample/cmake) by extensions ['ros']
[1.503s] Level 1:colcon.colcon_core.package_identification:_identify(mujoco/sample/cmake) by extension 'ros'
[1.504s] Level 1:colcon.colcon_core.package_identification:_identify(mujoco/sample/cmake) by extensions ['cmake', 'python']
[1.504s] Level 1:colcon.colcon_core.package_identification:_identify(mujoco/sample/cmake) by extension 'cmake'
[1.504s] Level 1:colcon.colcon_core.package_identification:_identify(mujoco/sample/cmake) by extension 'python'
[1.504s] Level 1:colcon.colcon_core.package_identification:_identify(mujoco/sample/cmake) by extensions ['python_setup_py']
[1.504s] Level 1:colcon.colcon_core.package_identification:_identify(mujoco/sample/cmake) by extension 'python_setup_py'
[1.505s] Level 1:colcon.colcon_core.package_identification:_identify(mujoco/simulate) by extensions ['ignore', 'ignore_ament_install']
[1.505s] Level 1:colcon.colcon_core.package_identification:_identify(mujoco/simulate) by extension 'ignore'
[1.505s] Level 1:colcon.colcon_core.package_identification:_identify(mujoco/simulate) by extension 'ignore_ament_install'
[1.505s] Level 1:colcon.colcon_core.package_identification:_identify(mujoco/simulate) by extensions ['colcon_pkg']
[1.506s] Level 1:colcon.colcon_core.package_identification:_identify(mujoco/simulate) by extension 'colcon_pkg'
[1.506s] Level 1:colcon.colcon_core.package_identification:_identify(mujoco/simulate) by extensions ['colcon_meta']
[1.506s] Level 1:colcon.colcon_core.package_identification:_identify(mujoco/simulate) by extension 'colcon_meta'
[1.506s] Level 1:colcon.colcon_core.package_identification:_identify(mujoco/simulate) by extensions ['ros']
[1.506s] Level 1:colcon.colcon_core.package_identification:_identify(mujoco/simulate) by extension 'ros'
[1.507s] Level 1:colcon.colcon_core.package_identification:_identify(mujoco/simulate) by extensions ['cmake', 'python']
[1.507s] Level 1:colcon.colcon_core.package_identification:_identify(mujoco/simulate) by extension 'cmake'
[1.507s] Level 1:colcon.colcon_core.package_identification:_identify(mujoco/simulate) by extension 'python'
[1.507s] Level 1:colcon.colcon_core.package_identification:_identify(mujoco/simulate) by extensions ['python_setup_py']
[1.507s] Level 1:colcon.colcon_core.package_identification:_identify(mujoco/simulate) by extension 'python_setup_py'
[1.507s] Level 1:colcon.colcon_core.package_identification:_identify(mujoco/simulate/cmake) by extensions ['ignore', 'ignore_ament_install']
[1.508s] Level 1:colcon.colcon_core.package_identification:_identify(mujoco/simulate/cmake) by extension 'ignore'
[1.508s] Level 1:colcon.colcon_core.package_identification:_identify(mujoco/simulate/cmake) by extension 'ignore_ament_install'
[1.508s] Level 1:colcon.colcon_core.package_identification:_identify(mujoco/simulate/cmake) by extensions ['colcon_pkg']
[1.508s] Level 1:colcon.colcon_core.package_identification:_identify(mujoco/simulate/cmake) by extension 'colcon_pkg'
[1.509s] Level 1:colcon.colcon_core.package_identification:_identify(mujoco/simulate/cmake) by extensions ['colcon_meta']
[1.509s] Level 1:colcon.colcon_core.package_identification:_identify(mujoco/simulate/cmake) by extension 'colcon_meta'
[1.509s] Level 1:colcon.colcon_core.package_identification:_identify(mujoco/simulate/cmake) by extensions ['ros']
[1.509s] Level 1:colcon.colcon_core.package_identification:_identify(mujoco/simulate/cmake) by extension 'ros'
[1.509s] Level 1:colcon.colcon_core.package_identification:_identify(mujoco/simulate/cmake) by extensions ['cmake', 'python']
[1.509s] Level 1:colcon.colcon_core.package_identification:_identify(mujoco/simulate/cmake) by extension 'cmake'
[1.510s] Level 1:colcon.colcon_core.package_identification:_identify(mujoco/simulate/cmake) by extension 'python'
[1.510s] Level 1:colcon.colcon_core.package_identification:_identify(mujoco/simulate/cmake) by extensions ['python_setup_py']
[1.510s] Level 1:colcon.colcon_core.package_identification:_identify(mujoco/simulate/cmake) by extension 'python_setup_py'
[1.510s] Level 1:colcon.colcon_core.package_identification:_identify(src) by extensions ['ignore', 'ignore_ament_install']
[1.511s] Level 1:colcon.colcon_core.package_identification:_identify(src) by extension 'ignore'
[1.511s] Level 1:colcon.colcon_core.package_identification:_identify(src) by extension 'ignore_ament_install'
[1.511s] Level 1:colcon.colcon_core.package_identification:_identify(src) by extensions ['colcon_pkg']
[1.511s] Level 1:colcon.colcon_core.package_identification:_identify(src) by extension 'colcon_pkg'
[1.511s] Level 1:colcon.colcon_core.package_identification:_identify(src) by extensions ['colcon_meta']
[1.511s] Level 1:colcon.colcon_core.package_identification:_identify(src) by extension 'colcon_meta'
[1.512s] Level 1:colcon.colcon_core.package_identification:_identify(src) by extensions ['ros']
[1.512s] Level 1:colcon.colcon_core.package_identification:_identify(src) by extension 'ros'
[1.512s] Level 1:colcon.colcon_core.package_identification:_identify(src) by extensions ['cmake', 'python']
[1.512s] Level 1:colcon.colcon_core.package_identification:_identify(src) by extension 'cmake'
[1.512s] Level 1:colcon.colcon_core.package_identification:_identify(src) by extension 'python'
[1.513s] Level 1:colcon.colcon_core.package_identification:_identify(src) by extensions ['python_setup_py']
[1.513s] Level 1:colcon.colcon_core.package_identification:_identify(src) by extension 'python_setup_py'
[1.513s] Level 1:colcon.colcon_core.package_identification:_identify(src/premade_path_publisher) by extensions ['ignore', 'ignore_ament_install']
[1.513s] Level 1:colcon.colcon_core.package_identification:_identify(src/premade_path_publisher) by extension 'ignore'
[1.514s] Level 1:colcon.colcon_core.package_identification:_identify(src/premade_path_publisher) by extension 'ignore_ament_install'
[1.514s] Level 1:colcon.colcon_core.package_identification:_identify(src/premade_path_publisher) by extensions ['colcon_pkg']
[1.514s] Level 1:colcon.colcon_core.package_identification:_identify(src/premade_path_publisher) by extension 'colcon_pkg'
[1.514s] Level 1:colcon.colcon_core.package_identification:_identify(src/premade_path_publisher) by extensions ['colcon_meta']
[1.514s] Level 1:colcon.colcon_core.package_identification:_identify(src/premade_path_publisher) by extension 'colcon_meta'
[1.514s] Level 1:colcon.colcon_core.package_identification:_identify(src/premade_path_publisher) by extensions ['ros']
[1.515s] Level 1:colcon.colcon_core.package_identification:_identify(src/premade_path_publisher) by extension 'ros'
[1.525s] DEBUG:colcon.colcon_core.package_identification:Package 'src/premade_path_publisher' with type 'ros.ament_python' and name 'premade_path_publisher'
[1.526s] Level 1:colcon.colcon_core.package_identification:_identify(src/scara_general_ik_solver) by extensions ['ignore', 'ignore_ament_install']
[1.526s] Level 1:colcon.colcon_core.package_identification:_identify(src/scara_general_ik_solver) by extension 'ignore'
[1.526s] Level 1:colcon.colcon_core.package_identification:_identify(src/scara_general_ik_solver) by extension 'ignore_ament_install'
[1.527s] Level 1:colcon.colcon_core.package_identification:_identify(src/scara_general_ik_solver) by extensions ['colcon_pkg']
[1.527s] Level 1:colcon.colcon_core.package_identification:_identify(src/scara_general_ik_solver) by extension 'colcon_pkg'
[1.527s] Level 1:colcon.colcon_core.package_identification:_identify(src/scara_general_ik_solver) by extensions ['colcon_meta']
[1.527s] Level 1:colcon.colcon_core.package_identification:_identify(src/scara_general_ik_solver) by extension 'colcon_meta'
[1.527s] Level 1:colcon.colcon_core.package_identification:_identify(src/scara_general_ik_solver) by extensions ['ros']
[1.527s] Level 1:colcon.colcon_core.package_identification:_identify(src/scara_general_ik_solver) by extension 'ros'
[1.529s] DEBUG:colcon.colcon_core.package_identification:Package 'src/scara_general_ik_solver' with type 'ros.ament_python' and name 'scara_general_ik_solver'
[1.530s] Level 1:colcon.colcon_core.package_identification:_identify(src/scara_gz_bringup) by extensions ['ignore', 'ignore_ament_install']
[1.530s] Level 1:colcon.colcon_core.package_identification:_identify(src/scara_gz_bringup) by extension 'ignore'
[1.530s] Level 1:colcon.colcon_core.package_identification:_identify(src/scara_gz_bringup) by extension 'ignore_ament_install'
[1.531s] Level 1:colcon.colcon_core.package_identification:_identify(src/scara_gz_bringup) by extensions ['colcon_pkg']
[1.531s] Level 1:colcon.colcon_core.package_identification:_identify(src/scara_gz_bringup) by extension 'colcon_pkg'
[1.531s] Level 1:colcon.colcon_core.package_identification:_identify(src/scara_gz_bringup) by extensions ['colcon_meta']
[1.531s] Level 1:colcon.colcon_core.package_identification:_identify(src/scara_gz_bringup) by extension 'colcon_meta'
[1.531s] Level 1:colcon.colcon_core.package_identification:_identify(src/scara_gz_bringup) by extensions ['ros']
[1.531s] Level 1:colcon.colcon_core.package_identification:_identify(src/scara_gz_bringup) by extension 'ros'
[1.533s] DEBUG:colcon.colcon_core.package_identification:Package 'src/scara_gz_bringup' with type 'ros.ament_cmake' and name 'scara_gz_bringup'
[1.534s] Level 1:colcon.colcon_core.package_identification:_identify(src/scara_gz_description) by extensions ['ignore', 'ignore_ament_install']
[1.534s] Level 1:colcon.colcon_core.package_identification:_identify(src/scara_gz_description) by extension 'ignore'
[1.534s] Level 1:colcon.colcon_core.package_identification:_identify(src/scara_gz_description) by extension 'ignore_ament_install'
[1.534s] Level 1:colcon.colcon_core.package_identification:_identify(src/scara_gz_description) by extensions ['colcon_pkg']
[1.535s] Level 1:colcon.colcon_core.package_identification:_identify(src/scara_gz_description) by extension 'colcon_pkg'
[1.535s] Level 1:colcon.colcon_core.package_identification:_identify(src/scara_gz_description) by extensions ['colcon_meta']
[1.535s] Level 1:colcon.colcon_core.package_identification:_identify(src/scara_gz_description) by extension 'colcon_meta'
[1.535s] Level 1:colcon.colcon_core.package_identification:_identify(src/scara_gz_description) by extensions ['ros']
[1.535s] Level 1:colcon.colcon_core.package_identification:_identify(src/scara_gz_description) by extension 'ros'
[1.537s] DEBUG:colcon.colcon_core.package_identification:Package 'src/scara_gz_description' with type 'ros.ament_cmake' and name 'scara_gz_description'
[1.537s] Level 1:colcon.colcon_core.package_identification:_identify(src/scara_hardware_interface) by extensions ['ignore', 'ignore_ament_install']
[1.538s] Level 1:colcon.colcon_core.package_identification:_identify(src/scara_hardware_interface) by extension 'ignore'
[1.538s] Level 1:colcon.colcon_core.package_identification:_identify(src/scara_hardware_interface) by extension 'ignore_ament_install'
[1.538s] Level 1:colcon.colcon_core.package_identification:_identify(src/scara_hardware_interface) by extensions ['colcon_pkg']
[1.538s] Level 1:colcon.colcon_core.package_identification:_identify(src/scara_hardware_interface) by extension 'colcon_pkg'
[1.538s] Level 1:colcon.colcon_core.package_identification:_identify(src/scara_hardware_interface) by extensions ['colcon_meta']
[1.538s] Level 1:colcon.colcon_core.package_identification:_identify(src/scara_hardware_interface) by extension 'colcon_meta'
[1.539s] Level 1:colcon.colcon_core.package_identification:_identify(src/scara_hardware_interface) by extensions ['ros']
[1.539s] Level 1:colcon.colcon_core.package_identification:_identify(src/scara_hardware_interface) by extension 'ros'
[1.541s] DEBUG:colcon.colcon_core.package_identification:Package 'src/scara_hardware_interface' with type 'ros.ament_cmake' and name 'scara_hardware_interface'
[1.542s] Level 1:colcon.colcon_core.package_identification:_identify(src/scara_mujoco_bringup) by extensions ['ignore', 'ignore_ament_install']
[1.542s] Level 1:colcon.colcon_core.package_identification:_identify(src/scara_mujoco_bringup) by extension 'ignore'
[1.542s] Level 1:colcon.colcon_core.package_identification:_identify(src/scara_mujoco_bringup) by extension 'ignore_ament_install'
[1.542s] Level 1:colcon.colcon_core.package_identification:_identify(src/scara_mujoco_bringup) by extensions ['colcon_pkg']
[1.543s] Level 1:colcon.colcon_core.package_identification:_identify(src/scara_mujoco_bringup) by extension 'colcon_pkg'
[1.543s] Level 1:colcon.colcon_core.package_identification:_identify(src/scara_mujoco_bringup) by extensions ['colcon_meta']
[1.543s] Level 1:colcon.colcon_core.package_identification:_identify(src/scara_mujoco_bringup) by extension 'colcon_meta'
[1.543s] Level 1:colcon.colcon_core.package_identification:_identify(src/scara_mujoco_bringup) by extensions ['ros']
[1.543s] Level 1:colcon.colcon_core.package_identification:_identify(src/scara_mujoco_bringup) by extension 'ros'
[1.545s] DEBUG:colcon.colcon_core.package_identification:Package 'src/scara_mujoco_bringup' with type 'ros.ament_cmake' and name 'scara_mujoco_bringup'
[1.545s] Level 1:colcon.colcon_core.package_identification:_identify(src/scara_mujoco_description) by extensions ['ignore', 'ignore_ament_install']
[1.546s] Level 1:colcon.colcon_core.package_identification:_identify(src/scara_mujoco_description) by extension 'ignore'
[1.546s] Level 1:colcon.colcon_core.package_identification:_identify(src/scara_mujoco_description) by extension 'ignore_ament_install'
[1.546s] Level 1:colcon.colcon_core.package_identification:_identify(src/scara_mujoco_description) by extensions ['colcon_pkg']
[1.546s] Level 1:colcon.colcon_core.package_identification:_identify(src/scara_mujoco_description) by extension 'colcon_pkg'
[1.546s] Level 1:colcon.colcon_core.package_identification:_identify(src/scara_mujoco_description) by extensions ['colcon_meta']
[1.547s] Level 1:colcon.colcon_core.package_identification:_identify(src/scara_mujoco_description) by extension 'colcon_meta'
[1.547s] Level 1:colcon.colcon_core.package_identification:_identify(src/scara_mujoco_description) by extensions ['ros']
[1.547s] Level 1:colcon.colcon_core.package_identification:_identify(src/scara_mujoco_description) by extension 'ros'
[1.548s] DEBUG:colcon.colcon_core.package_identification:Package 'src/scara_mujoco_description' with type 'ros.ament_cmake' and name 'scara_mujoco_description'
[1.549s] Level 1:colcon.colcon_core.package_identification:_identify(src/scara_mujoco_python_sim) by extensions ['ignore', 'ignore_ament_install']
[1.549s] Level 1:colcon.colcon_core.package_identification:_identify(src/scara_mujoco_python_sim) by extension 'ignore'
[1.549s] Level 1:colcon.colcon_core.package_identification:_identify(src/scara_mujoco_python_sim) by extension 'ignore_ament_install'
[1.550s] Level 1:colcon.colcon_core.package_identification:_identify(src/scara_mujoco_python_sim) by extensions ['colcon_pkg']
[1.550s] Level 1:colcon.colcon_core.package_identification:_identify(src/scara_mujoco_python_sim) by extension 'colcon_pkg'
[1.550s] Level 1:colcon.colcon_core.package_identification:_identify(src/scara_mujoco_python_sim) by extensions ['colcon_meta']
[1.550s] Level 1:colcon.colcon_core.package_identification:_identify(src/scara_mujoco_python_sim) by extension 'colcon_meta'
[1.550s] Level 1:colcon.colcon_core.package_identification:_identify(src/scara_mujoco_python_sim) by extensions ['ros']
[1.550s] Level 1:colcon.colcon_core.package_identification:_identify(src/scara_mujoco_python_sim) by extension 'ros'
[1.552s] DEBUG:colcon.colcon_core.package_identification:Package 'src/scara_mujoco_python_sim' with type 'ros.ament_python' and name 'scara_mujoco_python_sim'
[1.552s] Level 1:colcon.colcon_core.package_identification:_identify(src/scara_mujoco_sim) by extensions ['ignore', 'ignore_ament_install']
[1.573s] Level 1:colcon.colcon_core.package_identification:_identify(src/scara_mujoco_sim) by extension 'ignore'
[1.574s] Level 1:colcon.colcon_core.package_identification:_identify(src/scara_mujoco_sim) by extension 'ignore_ament_install'
[1.574s] Level 1:colcon.colcon_core.package_identification:_identify(src/scara_mujoco_sim) by extensions ['colcon_pkg']
[1.574s] Level 1:colcon.colcon_core.package_identification:_identify(src/scara_mujoco_sim) by extension 'colcon_pkg'
[1.574s] Level 1:colcon.colcon_core.package_identification:_identify(src/scara_mujoco_sim) by extensions ['colcon_meta']
[1.575s] Level 1:colcon.colcon_core.package_identification:_identify(src/scara_mujoco_sim) by extension 'colcon_meta'
[1.575s] Level 1:colcon.colcon_core.package_identification:_identify(src/scara_mujoco_sim) by extensions ['ros']
[1.575s] Level 1:colcon.colcon_core.package_identification:_identify(src/scara_mujoco_sim) by extension 'ros'
[1.578s] DEBUG:colcon.colcon_core.package_identification:Package 'src/scara_mujoco_sim' with type 'ros.ament_cmake' and name 'scara_mujoco_sim'
[1.578s] Level 1:colcon.colcon_core.package_identification:_identify(src/scara_path_controller) by extensions ['ignore', 'ignore_ament_install']
[1.579s] Level 1:colcon.colcon_core.package_identification:_identify(src/scara_path_controller) by extension 'ignore'
[1.579s] Level 1:colcon.colcon_core.package_identification:_identify(src/scara_path_controller) by extension 'ignore_ament_install'
[1.579s] Level 1:colcon.colcon_core.package_identification:_identify(src/scara_path_controller) by extensions ['colcon_pkg']
[1.579s] Level 1:colcon.colcon_core.package_identification:_identify(src/scara_path_controller) by extension 'colcon_pkg'
[1.579s] Level 1:colcon.colcon_core.package_identification:_identify(src/scara_path_controller) by extensions ['colcon_meta']
[1.580s] Level 1:colcon.colcon_core.package_identification:_identify(src/scara_path_controller) by extension 'colcon_meta'
[1.580s] Level 1:colcon.colcon_core.package_identification:_identify(src/scara_path_controller) by extensions ['ros']
[1.580s] Level 1:colcon.colcon_core.package_identification:_identify(src/scara_path_controller) by extension 'ros'
[1.582s] DEBUG:colcon.colcon_core.package_identification:Package 'src/scara_path_controller' with type 'ros.ament_python' and name 'scara_path_controller'
[1.582s] Level 1:colcon.colcon_core.package_identification:_identify(src/scara_path_generator) by extensions ['ignore', 'ignore_ament_install']
[1.583s] Level 1:colcon.colcon_core.package_identification:_identify(src/scara_path_generator) by extension 'ignore'
[1.583s] Level 1:colcon.colcon_core.package_identification:_identify(src/scara_path_generator) by extension 'ignore_ament_install'
[1.583s] Level 1:colcon.colcon_core.package_identification:_identify(src/scara_path_generator) by extensions ['colcon_pkg']
[1.583s] Level 1:colcon.colcon_core.package_identification:_identify(src/scara_path_generator) by extension 'colcon_pkg'
[1.584s] Level 1:colcon.colcon_core.package_identification:_identify(src/scara_path_generator) by extensions ['colcon_meta']
[1.584s] Level 1:colcon.colcon_core.package_identification:_identify(src/scara_path_generator) by extension 'colcon_meta'
[1.584s] Level 1:colcon.colcon_core.package_identification:_identify(src/scara_path_generator) by extensions ['ros']
[1.584s] Level 1:colcon.colcon_core.package_identification:_identify(src/scara_path_generator) by extension 'ros'
[1.586s] DEBUG:colcon.colcon_core.package_identification:Package 'src/scara_path_generator' with type 'ros.ament_python' and name 'scara_path_generator'
[1.586s] Level 1:colcon.colcon_core.package_identification:_identify(src/scara_real_bringup) by extensions ['ignore', 'ignore_ament_install']
[1.587s] Level 1:colcon.colcon_core.package_identification:_identify(src/scara_real_bringup) by extension 'ignore'
[1.587s] Level 1:colcon.colcon_core.package_identification:_identify(src/scara_real_bringup) by extension 'ignore_ament_install'
[1.587s] Level 1:colcon.colcon_core.package_identification:_identify(src/scara_real_bringup) by extensions ['colcon_pkg']
[1.587s] Level 1:colcon.colcon_core.package_identification:_identify(src/scara_real_bringup) by extension 'colcon_pkg'
[1.588s] Level 1:colcon.colcon_core.package_identification:_identify(src/scara_real_bringup) by extensions ['colcon_meta']
[1.588s] Level 1:colcon.colcon_core.package_identification:_identify(src/scara_real_bringup) by extension 'colcon_meta'
[1.588s] Level 1:colcon.colcon_core.package_identification:_identify(src/scara_real_bringup) by extensions ['ros']
[1.588s] Level 1:colcon.colcon_core.package_identification:_identify(src/scara_real_bringup) by extension 'ros'
[1.590s] DEBUG:colcon.colcon_core.package_identification:Package 'src/scara_real_bringup' with type 'ros.ament_cmake' and name 'scara_real_bringup'
[1.590s] Level 1:colcon.colcon_core.package_identification:_identify(src/scara_real_description) by extensions ['ignore', 'ignore_ament_install']
[1.590s] Level 1:colcon.colcon_core.package_identification:_identify(src/scara_real_description) by extension 'ignore'
[1.591s] Level 1:colcon.colcon_core.package_identification:_identify(src/scara_real_description) by extension 'ignore_ament_install'
[1.591s] Level 1:colcon.colcon_core.package_identification:_identify(src/scara_real_description) by extensions ['colcon_pkg']
[1.591s] Level 1:colcon.colcon_core.package_identification:_identify(src/scara_real_description) by extension 'colcon_pkg'
[1.591s] Level 1:colcon.colcon_core.package_identification:_identify(src/scara_real_description) by extensions ['colcon_meta']
[1.591s] Level 1:colcon.colcon_core.package_identification:_identify(src/scara_real_description) by extension 'colcon_meta'
[1.592s] Level 1:colcon.colcon_core.package_identification:_identify(src/scara_real_description) by extensions ['ros']
[1.592s] Level 1:colcon.colcon_core.package_identification:_identify(src/scara_real_description) by extension 'ros'
[1.593s] DEBUG:colcon.colcon_core.package_identification:Package 'src/scara_real_description' with type 'ros.ament_cmake' and name 'scara_real_description'
[1.594s] Level 1:colcon.colcon_core.package_identification:_identify(src/scara_tf_generator) by extensions ['ignore', 'ignore_ament_install']
[1.594s] Level 1:colcon.colcon_core.package_identification:_identify(src/scara_tf_generator) by extension 'ignore'
[1.594s] Level 1:colcon.colcon_core.package_identification:_identify(src/scara_tf_generator) by extension 'ignore_ament_install'
[1.594s] Level 1:colcon.colcon_core.package_identification:_identify(src/scara_tf_generator) by extensions ['colcon_pkg']
[1.595s] Level 1:colcon.colcon_core.package_identification:_identify(src/scara_tf_generator) by extension 'colcon_pkg'
[1.595s] Level 1:colcon.colcon_core.package_identification:_identify(src/scara_tf_generator) by extensions ['colcon_meta']
[1.595s] Level 1:colcon.colcon_core.package_identification:_identify(src/scara_tf_generator) by extension 'colcon_meta'
[1.595s] Level 1:colcon.colcon_core.package_identification:_identify(src/scara_tf_generator) by extensions ['ros']
[1.595s] Level 1:colcon.colcon_core.package_identification:_identify(src/scara_tf_generator) by extension 'ros'
[1.597s] DEBUG:colcon.colcon_core.package_identification:Package 'src/scara_tf_generator' with type 'ros.ament_python' and name 'scara_tf_generator'
[1.597s] Level 1:colcon.colcon_core.package_discovery:discover_packages(recursive) using defaults
[1.597s] Level 1:colcon.colcon_core.package_discovery:discover_packages(ignore) discover
[1.597s] Level 1:colcon.colcon_core.package_discovery:discover_packages(ignore) using defaults
[1.597s] Level 1:colcon.colcon_core.package_discovery:discover_packages(path) discover
[1.597s] Level 1:colcon.colcon_core.package_discovery:discover_packages(path) using defaults
[1.662s] Level 1:colcon.colcon_core.package_discovery:discover_packages(prefix_path) check parameters
[1.662s] Level 1:colcon.colcon_core.package_discovery:discover_packages(prefix_path) discover
[1.670s] DEBUG:colcon.colcon_installed_package_information.package_discovery:Found 14 installed packages in /home/eia/repo/rbi_2025_2/scara/scara_ws/install
[1.675s] DEBUG:colcon.colcon_installed_package_information.package_discovery:Found 460 installed packages in /opt/ros/humble
[1.683s] Level 1:colcon.colcon_core.package_discovery:discover_packages(prefix_path) using defaults
[1.878s] Level 5:colcon.colcon_core.verb:set package 'premade_path_publisher' build argument 'cmake_args' from command line to 'None'
[1.878s] Level 5:colcon.colcon_core.verb:set package 'premade_path_publisher' build argument 'cmake_target' from command line to 'None'
[1.878s] Level 5:colcon.colcon_core.verb:set package 'premade_path_publisher' build argument 'cmake_target_skip_unavailable' from command line to 'False'
[1.879s] Level 5:colcon.colcon_core.verb:set package 'premade_path_publisher' build argument 'cmake_clean_cache' from command line to 'False'
[1.879s] Level 5:colcon.colcon_core.verb:set package 'premade_path_publisher' build argument 'cmake_clean_first' from command line to 'False'
[1.879s] Level 5:colcon.colcon_core.verb:set package 'premade_path_publisher' build argument 'cmake_force_configure' from command line to 'False'
[1.879s] Level 5:colcon.colcon_core.verb:set package 'premade_path_publisher' build argument 'ament_cmake_args' from command line to 'None'
[1.879s] Level 5:colcon.colcon_core.verb:set package 'premade_path_publisher' build argument 'catkin_cmake_args' from command line to 'None'
[1.879s] Level 5:colcon.colcon_core.verb:set package 'premade_path_publisher' build argument 'catkin_skip_building_tests' from command line to 'False'
[1.879s] DEBUG:colcon.colcon_core.verb:Building package 'premade_path_publisher' with the following arguments: {'ament_cmake_args': None, 'build_base': '/home/eia/repo/rbi_2025_2/scara/scara_ws/build/premade_path_publisher', 'catkin_cmake_args': None, 'catkin_skip_building_tests': False, 'cmake_args': None, 'cmake_clean_cache': False, 'cmake_clean_first': False, 'cmake_force_configure': False, 'cmake_target': None, 'cmake_target_skip_unavailable': False, 'install_base': '/home/eia/repo/rbi_2025_2/scara/scara_ws/install/premade_path_publisher', 'merge_install': False, 'path': '/home/eia/repo/rbi_2025_2/scara/scara_ws/src/premade_path_publisher', 'symlink_install': True, 'test_result_base': None}
[1.880s] Level 5:colcon.colcon_core.verb:set package 'scara_general_ik_solver' build argument 'cmake_args' from command line to 'None'
[1.881s] Level 5:colcon.colcon_core.verb:set package 'scara_general_ik_solver' build argument 'cmake_target' from command line to 'None'
[1.881s] Level 5:colcon.colcon_core.verb:set package 'scara_general_ik_solver' build argument 'cmake_target_skip_unavailable' from command line to 'False'
[1.881s] Level 5:colcon.colcon_core.verb:set package 'scara_general_ik_solver' build argument 'cmake_clean_cache' from command line to 'False'
[1.881s] Level 5:colcon.colcon_core.verb:set package 'scara_general_ik_solver' build argument 'cmake_clean_first' from command line to 'False'
[1.881s] Level 5:colcon.colcon_core.verb:set package 'scara_general_ik_solver' build argument 'cmake_force_configure' from command line to 'False'
[1.881s] Level 5:colcon.colcon_core.verb:set package 'scara_general_ik_solver' build argument 'ament_cmake_args' from command line to 'None'
[1.881s] Level 5:colcon.colcon_core.verb:set package 'scara_general_ik_solver' build argument 'catkin_cmake_args' from command line to 'None'
[1.881s] Level 5:colcon.colcon_core.verb:set package 'scara_general_ik_solver' build argument 'catkin_skip_building_tests' from command line to 'False'
[1.881s] DEBUG:colcon.colcon_core.verb:Building package 'scara_general_ik_solver' with the following arguments: {'ament_cmake_args': None, 'build_base': '/home/eia/repo/rbi_2025_2/scara/scara_ws/build/scara_general_ik_solver', 'catkin_cmake_args': None, 'catkin_skip_building_tests': False, 'cmake_args': None, 'cmake_clean_cache': False, 'cmake_clean_first': False, 'cmake_force_configure': False, 'cmake_target': None, 'cmake_target_skip_unavailable': False, 'install_base': '/home/eia/repo/rbi_2025_2/scara/scara_ws/install/scara_general_ik_solver', 'merge_install': False, 'path': '/home/eia/repo/rbi_2025_2/scara/scara_ws/src/scara_general_ik_solver', 'symlink_install': True, 'test_result_base': None}
[1.883s] Level 5:colcon.colcon_core.verb:set package 'scara_gz_bringup' build argument 'cmake_args' from command line to 'None'
[1.883s] Level 5:colcon.colcon_core.verb:set package 'scara_gz_bringup' build argument 'cmake_target' from command line to 'None'
[1.883s] Level 5:colcon.colcon_core.verb:set package 'scara_gz_bringup' build argument 'cmake_target_skip_unavailable' from command line to 'False'
[1.883s] Level 5:colcon.colcon_core.verb:set package 'scara_gz_bringup' build argument 'cmake_clean_cache' from command line to 'False'
[1.883s] Level 5:colcon.colcon_core.verb:set package 'scara_gz_bringup' build argument 'cmake_clean_first' from command line to 'False'
[1.883s] Level 5:colcon.colcon_core.verb:set package 'scara_gz_bringup' build argument 'cmake_force_configure' from command line to 'False'
[1.883s] Level 5:colcon.colcon_core.verb:set package 'scara_gz_bringup' build argument 'ament_cmake_args' from command line to 'None'
[1.883s] Level 5:colcon.colcon_core.verb:set package 'scara_gz_bringup' build argument 'catkin_cmake_args' from command line to 'None'
[1.883s] Level 5:colcon.colcon_core.verb:set package 'scara_gz_bringup' build argument 'catkin_skip_building_tests' from command line to 'False'
[1.884s] DEBUG:colcon.colcon_core.verb:Building package 'scara_gz_bringup' with the following arguments: {'ament_cmake_args': None, 'build_base': '/home/eia/repo/rbi_2025_2/scara/scara_ws/build/scara_gz_bringup', 'catkin_cmake_args': None, 'catkin_skip_building_tests': False, 'cmake_args': None, 'cmake_clean_cache': False, 'cmake_clean_first': False, 'cmake_force_configure': False, 'cmake_target': None, 'cmake_target_skip_unavailable': False, 'install_base': '/home/eia/repo/rbi_2025_2/scara/scara_ws/install/scara_gz_bringup', 'merge_install': False, 'path': '/home/eia/repo/rbi_2025_2/scara/scara_ws/src/scara_gz_bringup', 'symlink_install': True, 'test_result_base': None}
[1.885s] Level 5:colcon.colcon_core.verb:set package 'scara_gz_description' build argument 'cmake_args' from command line to 'None'
[1.885s] Level 5:colcon.colcon_core.verb:set package 'scara_gz_description' build argument 'cmake_target' from command line to 'None'
[1.885s] Level 5:colcon.colcon_core.verb:set package 'scara_gz_description' build argument 'cmake_target_skip_unavailable' from command line to 'False'
[1.885s] Level 5:colcon.colcon_core.verb:set package 'scara_gz_description' build argument 'cmake_clean_cache' from command line to 'False'
[1.885s] Level 5:colcon.colcon_core.verb:set package 'scara_gz_description' build argument 'cmake_clean_first' from command line to 'False'
[1.885s] Level 5:colcon.colcon_core.verb:set package 'scara_gz_description' build argument 'cmake_force_configure' from command line to 'False'
[1.885s] Level 5:colcon.colcon_core.verb:set package 'scara_gz_description' build argument 'ament_cmake_args' from command line to 'None'
[1.885s] Level 5:colcon.colcon_core.verb:set package 'scara_gz_description' build argument 'catkin_cmake_args' from command line to 'None'
[1.886s] Level 5:colcon.colcon_core.verb:set package 'scara_gz_description' build argument 'catkin_skip_building_tests' from command line to 'False'
[1.886s] DEBUG:colcon.colcon_core.verb:Building package 'scara_gz_description' with the following arguments: {'ament_cmake_args': None, 'build_base': '/home/eia/repo/rbi_2025_2/scara/scara_ws/build/scara_gz_description', 'catkin_cmake_args': None, 'catkin_skip_building_tests': False, 'cmake_args': None, 'cmake_clean_cache': False, 'cmake_clean_first': False, 'cmake_force_configure': False, 'cmake_target': None, 'cmake_target_skip_unavailable': False, 'install_base': '/home/eia/repo/rbi_2025_2/scara/scara_ws/install/scara_gz_description', 'merge_install': False, 'path': '/home/eia/repo/rbi_2025_2/scara/scara_ws/src/scara_gz_description', 'symlink_install': True, 'test_result_base': None}
[1.887s] Level 5:colcon.colcon_core.verb:set package 'scara_hardware_interface' build argument 'cmake_args' from command line to 'None'
[1.887s] Level 5:colcon.colcon_core.verb:set package 'scara_hardware_interface' build argument 'cmake_target' from command line to 'None'
[1.887s] Level 5:colcon.colcon_core.verb:set package 'scara_hardware_interface' build argument 'cmake_target_skip_unavailable' from command line to 'False'
[1.887s] Level 5:colcon.colcon_core.verb:set package 'scara_hardware_interface' build argument 'cmake_clean_cache' from command line to 'False'
[1.887s] Level 5:colcon.colcon_core.verb:set package 'scara_hardware_interface' build argument 'cmake_clean_first' from command line to 'False'
[1.887s] Level 5:colcon.colcon_core.verb:set package 'scara_hardware_interface' build argument 'cmake_force_configure' from command line to 'False'
[1.887s] Level 5:colcon.colcon_core.verb:set package 'scara_hardware_interface' build argument 'ament_cmake_args' from command line to 'None'
[1.888s] Level 5:colcon.colcon_core.verb:set package 'scara_hardware_interface' build argument 'catkin_cmake_args' from command line to 'None'
[1.888s] Level 5:colcon.colcon_core.verb:set package 'scara_hardware_interface' build argument 'catkin_skip_building_tests' from command line to 'False'
[1.888s] DEBUG:colcon.colcon_core.verb:Building package 'scara_hardware_interface' with the following arguments: {'ament_cmake_args': None, 'build_base': '/home/eia/repo/rbi_2025_2/scara/scara_ws/build/scara_hardware_interface', 'catkin_cmake_args': None, 'catkin_skip_building_tests': False, 'cmake_args': None, 'cmake_clean_cache': False, 'cmake_clean_first': False, 'cmake_force_configure': False, 'cmake_target': None, 'cmake_target_skip_unavailable': False, 'install_base': '/home/eia/repo/rbi_2025_2/scara/scara_ws/install/scara_hardware_interface', 'merge_install': False, 'path': '/home/eia/repo/rbi_2025_2/scara/scara_ws/src/scara_hardware_interface', 'symlink_install': True, 'test_result_base': None}
[1.889s] Level 5:colcon.colcon_core.verb:set package 'scara_mujoco_bringup' build argument 'cmake_args' from command line to 'None'
[1.889s] Level 5:colcon.colcon_core.verb:set package 'scara_mujoco_bringup' build argument 'cmake_target' from command line to 'None'
[1.889s] Level 5:colcon.colcon_core.verb:set package 'scara_mujoco_bringup' build argument 'cmake_target_skip_unavailable' from command line to 'False'
[1.889s] Level 5:colcon.colcon_core.verb:set package 'scara_mujoco_bringup' build argument 'cmake_clean_cache' from command line to 'False'
[1.889s] Level 5:colcon.colcon_core.verb:set package 'scara_mujoco_bringup' build argument 'cmake_clean_first' from command line to 'False'
[1.890s] Level 5:colcon.colcon_core.verb:set package 'scara_mujoco_bringup' build argument 'cmake_force_configure' from command line to 'False'
[1.890s] Level 5:colcon.colcon_core.verb:set package 'scara_mujoco_bringup' build argument 'ament_cmake_args' from command line to 'None'
[1.890s] Level 5:colcon.colcon_core.verb:set package 'scara_mujoco_bringup' build argument 'catkin_cmake_args' from command line to 'None'
[1.890s] Level 5:colcon.colcon_core.verb:set package 'scara_mujoco_bringup' build argument 'catkin_skip_building_tests' from command line to 'False'
[1.890s] DEBUG:colcon.colcon_core.verb:Building package 'scara_mujoco_bringup' with the following arguments: {'ament_cmake_args': None, 'build_base': '/home/eia/repo/rbi_2025_2/scara/scara_ws/build/scara_mujoco_bringup', 'catkin_cmake_args': None, 'catkin_skip_building_tests': False, 'cmake_args': None, 'cmake_clean_cache': False, 'cmake_clean_first': False, 'cmake_force_configure': False, 'cmake_target': None, 'cmake_target_skip_unavailable': False, 'install_base': '/home/eia/repo/rbi_2025_2/scara/scara_ws/install/scara_mujoco_bringup', 'merge_install': False, 'path': '/home/eia/repo/rbi_2025_2/scara/scara_ws/src/scara_mujoco_bringup', 'symlink_install': True, 'test_result_base': None}
[1.891s] Level 5:colcon.colcon_core.verb:set package 'scara_mujoco_description' build argument 'cmake_args' from command line to 'None'
[1.891s] Level 5:colcon.colcon_core.verb:set package 'scara_mujoco_description' build argument 'cmake_target' from command line to 'None'
[1.891s] Level 5:colcon.colcon_core.verb:set package 'scara_mujoco_description' build argument 'cmake_target_skip_unavailable' from command line to 'False'
[1.891s] Level 5:colcon.colcon_core.verb:set package 'scara_mujoco_description' build argument 'cmake_clean_cache' from command line to 'False'
[1.892s] Level 5:colcon.colcon_core.verb:set package 'scara_mujoco_description' build argument 'cmake_clean_first' from command line to 'False'
[1.892s] Level 5:colcon.colcon_core.verb:set package 'scara_mujoco_description' build argument 'cmake_force_configure' from command line to 'False'
[1.892s] Level 5:colcon.colcon_core.verb:set package 'scara_mujoco_description' build argument 'ament_cmake_args' from command line to 'None'
[1.892s] Level 5:colcon.colcon_core.verb:set package 'scara_mujoco_description' build argument 'catkin_cmake_args' from command line to 'None'
[1.892s] Level 5:colcon.colcon_core.verb:set package 'scara_mujoco_description' build argument 'catkin_skip_building_tests' from command line to 'False'
[1.892s] DEBUG:colcon.colcon_core.verb:Building package 'scara_mujoco_description' with the following arguments: {'ament_cmake_args': None, 'build_base': '/home/eia/repo/rbi_2025_2/scara/scara_ws/build/scara_mujoco_description', 'catkin_cmake_args': None, 'catkin_skip_building_tests': False, 'cmake_args': None, 'cmake_clean_cache': False, 'cmake_clean_first': False, 'cmake_force_configure': False, 'cmake_target': None, 'cmake_target_skip_unavailable': False, 'install_base': '/home/eia/repo/rbi_2025_2/scara/scara_ws/install/scara_mujoco_description', 'merge_install': False, 'path': '/home/eia/repo/rbi_2025_2/scara/scara_ws/src/scara_mujoco_description', 'symlink_install': True, 'test_result_base': None}
[1.893s] Level 5:colcon.colcon_core.verb:set package 'scara_mujoco_python_sim' build argument 'cmake_args' from command line to 'None'
[1.893s] Level 5:colcon.colcon_core.verb:set package 'scara_mujoco_python_sim' build argument 'cmake_target' from command line to 'None'
[1.893s] Level 5:colcon.colcon_core.verb:set package 'scara_mujoco_python_sim' build argument 'cmake_target_skip_unavailable' from command line to 'False'
[1.894s] Level 5:colcon.colcon_core.verb:set package 'scara_mujoco_python_sim' build argument 'cmake_clean_cache' from command line to 'False'
[1.894s] Level 5:colcon.colcon_core.verb:set package 'scara_mujoco_python_sim' build argument 'cmake_clean_first' from command line to 'False'
[1.894s] Level 5:colcon.colcon_core.verb:set package 'scara_mujoco_python_sim' build argument 'cmake_force_configure' from command line to 'False'
[1.894s] Level 5:colcon.colcon_core.verb:set package 'scara_mujoco_python_sim' build argument 'ament_cmake_args' from command line to 'None'
[1.894s] Level 5:colcon.colcon_core.verb:set package 'scara_mujoco_python_sim' build argument 'catkin_cmake_args' from command line to 'None'
[1.894s] Level 5:colcon.colcon_core.verb:set package 'scara_mujoco_python_sim' build argument 'catkin_skip_building_tests' from command line to 'False'
[1.894s] DEBUG:colcon.colcon_core.verb:Building package 'scara_mujoco_python_sim' with the following arguments: {'ament_cmake_args': None, 'build_base': '/home/eia/repo/rbi_2025_2/scara/scara_ws/build/scara_mujoco_python_sim', 'catkin_cmake_args': None, 'catkin_skip_building_tests': False, 'cmake_args': None, 'cmake_clean_cache': False, 'cmake_clean_first': False, 'cmake_force_configure': False, 'cmake_target': None, 'cmake_target_skip_unavailable': False, 'install_base': '/home/eia/repo/rbi_2025_2/scara/scara_ws/install/scara_mujoco_python_sim', 'merge_install': False, 'path': '/home/eia/repo/rbi_2025_2/scara/scara_ws/src/scara_mujoco_python_sim', 'symlink_install': True, 'test_result_base': None}
[1.895s] Level 5:colcon.colcon_core.verb:set package 'scara_mujoco_sim' build argument 'cmake_args' from command line to 'None'
[1.895s] Level 5:colcon.colcon_core.verb:set package 'scara_mujoco_sim' build argument 'cmake_target' from command line to 'None'
[1.896s] Level 5:colcon.colcon_core.verb:set package 'scara_mujoco_sim' build argument 'cmake_target_skip_unavailable' from command line to 'False'
[1.896s] Level 5:colcon.colcon_core.verb:set package 'scara_mujoco_sim' build argument 'cmake_clean_cache' from command line to 'False'
[1.896s] Level 5:colcon.colcon_core.verb:set package 'scara_mujoco_sim' build argument 'cmake_clean_first' from command line to 'False'
[1.896s] Level 5:colcon.colcon_core.verb:set package 'scara_mujoco_sim' build argument 'cmake_force_configure' from command line to 'False'
[1.896s] Level 5:colcon.colcon_core.verb:set package 'scara_mujoco_sim' build argument 'ament_cmake_args' from command line to 'None'
[1.896s] Level 5:colcon.colcon_core.verb:set package 'scara_mujoco_sim' build argument 'catkin_cmake_args' from command line to 'None'
[1.896s] Level 5:colcon.colcon_core.verb:set package 'scara_mujoco_sim' build argument 'catkin_skip_building_tests' from command line to 'False'
[1.896s] DEBUG:colcon.colcon_core.verb:Building package 'scara_mujoco_sim' with the following arguments: {'ament_cmake_args': None, 'build_base': '/home/eia/repo/rbi_2025_2/scara/scara_ws/build/scara_mujoco_sim', 'catkin_cmake_args': None, 'catkin_skip_building_tests': False, 'cmake_args': None, 'cmake_clean_cache': False, 'cmake_clean_first': False, 'cmake_force_configure': False, 'cmake_target': None, 'cmake_target_skip_unavailable': False, 'install_base': '/home/eia/repo/rbi_2025_2/scara/scara_ws/install/scara_mujoco_sim', 'merge_install': False, 'path': '/home/eia/repo/rbi_2025_2/scara/scara_ws/src/scara_mujoco_sim', 'symlink_install': True, 'test_result_base': None}
[1.897s] Level 5:colcon.colcon_core.verb:set package 'scara_path_controller' build argument 'cmake_args' from command line to 'None'
[1.898s] Level 5:colcon.colcon_core.verb:set package 'scara_path_controller' build argument 'cmake_target' from command line to 'None'
[1.898s] Level 5:colcon.colcon_core.verb:set package 'scara_path_controller' build argument 'cmake_target_skip_unavailable' from command line to 'False'
[1.898s] Level 5:colcon.colcon_core.verb:set package 'scara_path_controller' build argument 'cmake_clean_cache' from command line to 'False'
[1.898s] Level 5:colcon.colcon_core.verb:set package 'scara_path_controller' build argument 'cmake_clean_first' from command line to 'False'
[1.898s] Level 5:colcon.colcon_core.verb:set package 'scara_path_controller' build argument 'cmake_force_configure' from command line to 'False'
[1.898s] Level 5:colcon.colcon_core.verb:set package 'scara_path_controller' build argument 'ament_cmake_args' from command line to 'None'
[1.898s] Level 5:colcon.colcon_core.verb:set package 'scara_path_controller' build argument 'catkin_cmake_args' from command line to 'None'
[1.898s] Level 5:colcon.colcon_core.verb:set package 'scara_path_controller' build argument 'catkin_skip_building_tests' from command line to 'False'
[1.898s] DEBUG:colcon.colcon_core.verb:Building package 'scara_path_controller' with the following arguments: {'ament_cmake_args': None, 'build_base': '/home/eia/repo/rbi_2025_2/scara/scara_ws/build/scara_path_controller', 'catkin_cmake_args': None, 'catkin_skip_building_tests': False, 'cmake_args': None, 'cmake_clean_cache': False, 'cmake_clean_first': False, 'cmake_force_configure': False, 'cmake_target': None, 'cmake_target_skip_unavailable': False, 'install_base': '/home/eia/repo/rbi_2025_2/scara/scara_ws/install/scara_path_controller', 'merge_install': False, 'path': '/home/eia/repo/rbi_2025_2/scara/scara_ws/src/scara_path_controller', 'symlink_install': True, 'test_result_base': None}
[1.900s] Level 5:colcon.colcon_core.verb:set package 'scara_path_generator' build argument 'cmake_args' from command line to 'None'
[1.900s] Level 5:colcon.colcon_core.verb:set package 'scara_path_generator' build argument 'cmake_target' from command line to 'None'
[1.900s] Level 5:colcon.colcon_core.verb:set package 'scara_path_generator' build argument 'cmake_target_skip_unavailable' from command line to 'False'
[1.900s] Level 5:colcon.colcon_core.verb:set package 'scara_path_generator' build argument 'cmake_clean_cache' from command line to 'False'
[1.900s] Level 5:colcon.colcon_core.verb:set package 'scara_path_generator' build argument 'cmake_clean_first' from command line to 'False'
[1.900s] Level 5:colcon.colcon_core.verb:set package 'scara_path_generator' build argument 'cmake_force_configure' from command line to 'False'
[1.900s] Level 5:colcon.colcon_core.verb:set package 'scara_path_generator' build argument 'ament_cmake_args' from command line to 'None'
[1.900s] Level 5:colcon.colcon_core.verb:set package 'scara_path_generator' build argument 'catkin_cmake_args' from command line to 'None'
[1.900s] Level 5:colcon.colcon_core.verb:set package 'scara_path_generator' build argument 'catkin_skip_building_tests' from command line to 'False'
[1.901s] DEBUG:colcon.colcon_core.verb:Building package 'scara_path_generator' with the following arguments: {'ament_cmake_args': None, 'build_base': '/home/eia/repo/rbi_2025_2/scara/scara_ws/build/scara_path_generator', 'catkin_cmake_args': None, 'catkin_skip_building_tests': False, 'cmake_args': None, 'cmake_clean_cache': False, 'cmake_clean_first': False, 'cmake_force_configure': False, 'cmake_target': None, 'cmake_target_skip_unavailable': False, 'install_base': '/home/eia/repo/rbi_2025_2/scara/scara_ws/install/scara_path_generator', 'merge_install': False, 'path': '/home/eia/repo/rbi_2025_2/scara/scara_ws/src/scara_path_generator', 'symlink_install': True, 'test_result_base': None}
[1.902s] Level 5:colcon.colcon_core.verb:set package 'scara_real_bringup' build argument 'cmake_args' from command line to 'None'
[1.902s] Level 5:colcon.colcon_core.verb:set package 'scara_real_bringup' build argument 'cmake_target' from command line to 'None'
[1.902s] Level 5:colcon.colcon_core.verb:set package 'scara_real_bringup' build argument 'cmake_target_skip_unavailable' from command line to 'False'
[1.902s] Level 5:colcon.colcon_core.verb:set package 'scara_real_bringup' build argument 'cmake_clean_cache' from command line to 'False'
[1.902s] Level 5:colcon.colcon_core.verb:set package 'scara_real_bringup' build argument 'cmake_clean_first' from command line to 'False'
[1.902s] Level 5:colcon.colcon_core.verb:set package 'scara_real_bringup' build argument 'cmake_force_configure' from command line to 'False'
[1.902s] Level 5:colcon.colcon_core.verb:set package 'scara_real_bringup' build argument 'ament_cmake_args' from command line to 'None'
[1.902s] Level 5:colcon.colcon_core.verb:set package 'scara_real_bringup' build argument 'catkin_cmake_args' from command line to 'None'
[1.902s] Level 5:colcon.colcon_core.verb:set package 'scara_real_bringup' build argument 'catkin_skip_building_tests' from command line to 'False'
[1.903s] DEBUG:colcon.colcon_core.verb:Building package 'scara_real_bringup' with the following arguments: {'ament_cmake_args': None, 'build_base': '/home/eia/repo/rbi_2025_2/scara/scara_ws/build/scara_real_bringup', 'catkin_cmake_args': None, 'catkin_skip_building_tests': False, 'cmake_args': None, 'cmake_clean_cache': False, 'cmake_clean_first': False, 'cmake_force_configure': False, 'cmake_target': None, 'cmake_target_skip_unavailable': False, 'install_base': '/home/eia/repo/rbi_2025_2/scara/scara_ws/install/scara_real_bringup', 'merge_install': False, 'path': '/home/eia/repo/rbi_2025_2/scara/scara_ws/src/scara_real_bringup', 'symlink_install': True, 'test_result_base': None}
[1.904s] Level 5:colcon.colcon_core.verb:set package 'scara_real_description' build argument 'cmake_args' from command line to 'None'
[1.904s] Level 5:colcon.colcon_core.verb:set package 'scara_real_description' build argument 'cmake_target' from command line to 'None'
[1.904s] Level 5:colcon.colcon_core.verb:set package 'scara_real_description' build argument 'cmake_target_skip_unavailable' from command line to 'False'
[1.904s] Level 5:colcon.colcon_core.verb:set package 'scara_real_description' build argument 'cmake_clean_cache' from command line to 'False'
[1.904s] Level 5:colcon.colcon_core.verb:set package 'scara_real_description' build argument 'cmake_clean_first' from command line to 'False'
[1.904s] Level 5:colcon.colcon_core.verb:set package 'scara_real_description' build argument 'cmake_force_configure' from command line to 'False'
[1.904s] Level 5:colcon.colcon_core.verb:set package 'scara_real_description' build argument 'ament_cmake_args' from command line to 'None'
[1.905s] Level 5:colcon.colcon_core.verb:set package 'scara_real_description' build argument 'catkin_cmake_args' from command line to 'None'
[1.905s] Level 5:colcon.colcon_core.verb:set package 'scara_real_description' build argument 'catkin_skip_building_tests' from command line to 'False'
[1.905s] DEBUG:colcon.colcon_core.verb:Building package 'scara_real_description' with the following arguments: {'ament_cmake_args': None, 'build_base': '/home/eia/repo/rbi_2025_2/scara/scara_ws/build/scara_real_description', 'catkin_cmake_args': None, 'catkin_skip_building_tests': False, 'cmake_args': None, 'cmake_clean_cache': False, 'cmake_clean_first': False, 'cmake_force_configure': False, 'cmake_target': None, 'cmake_target_skip_unavailable': False, 'install_base': '/home/eia/repo/rbi_2025_2/scara/scara_ws/install/scara_real_description', 'merge_install': False, 'path': '/home/eia/repo/rbi_2025_2/scara/scara_ws/src/scara_real_description', 'symlink_install': True, 'test_result_base': None}
[1.906s] Level 5:colcon.colcon_core.verb:set package 'scara_tf_generator' build argument 'cmake_args' from command line to 'None'
[1.906s] Level 5:colcon.colcon_core.verb:set package 'scara_tf_generator' build argument 'cmake_target' from command line to 'None'
[1.906s] Level 5:colcon.colcon_core.verb:set package 'scara_tf_generator' build argument 'cmake_target_skip_unavailable' from command line to 'False'
[1.906s] Level 5:colcon.colcon_core.verb:set package 'scara_tf_generator' build argument 'cmake_clean_cache' from command line to 'False'
[1.906s] Level 5:colcon.colcon_core.verb:set package 'scara_tf_generator' build argument 'cmake_clean_first' from command line to 'False'
[1.906s] Level 5:colcon.colcon_core.verb:set package 'scara_tf_generator' build argument 'cmake_force_configure' from command line to 'False'
[1.907s] Level 5:colcon.colcon_core.verb:set package 'scara_tf_generator' build argument 'ament_cmake_args' from command line to 'None'
[1.907s] Level 5:colcon.colcon_core.verb:set package 'scara_tf_generator' build argument 'catkin_cmake_args' from command line to 'None'
[1.907s] Level 5:colcon.colcon_core.verb:set package 'scara_tf_generator' build argument 'catkin_skip_building_tests' from command line to 'False'
[1.907s] DEBUG:colcon.colcon_core.verb:Building package 'scara_tf_generator' with the following arguments: {'ament_cmake_args': None, 'build_base': '/home/eia/repo/rbi_2025_2/scara/scara_ws/build/scara_tf_generator', 'catkin_cmake_args': None, 'catkin_skip_building_tests': False, 'cmake_args': None, 'cmake_clean_cache': False, 'cmake_clean_first': False, 'cmake_force_configure': False, 'cmake_target': None, 'cmake_target_skip_unavailable': False, 'install_base': '/home/eia/repo/rbi_2025_2/scara/scara_ws/install/scara_tf_generator', 'merge_install': False, 'path': '/home/eia/repo/rbi_2025_2/scara/scara_ws/src/scara_tf_generator', 'symlink_install': True, 'test_result_base': None}
[1.907s] INFO:colcon.colcon_core.executor:Executing jobs using 'parallel' executor
[1.910s] DEBUG:colcon.colcon_parallel_executor.executor.parallel:run_until_complete
[1.911s] INFO:colcon.colcon_ros.task.ament_python.build:Building ROS package in '/home/eia/repo/rbi_2025_2/scara/scara_ws/src/premade_path_publisher' with build type 'ament_python'
[1.912s] Level 1:colcon.colcon_core.shell:create_environment_hook('premade_path_publisher', 'ament_prefix_path')
[1.920s] INFO:colcon.colcon_core.plugin_system:Skipping extension 'colcon_core.shell.bat': Not used on non-Windows systems
[1.920s] INFO:colcon.colcon_core.shell:Creating environment hook '/home/eia/repo/rbi_2025_2/scara/scara_ws/install/premade_path_publisher/share/premade_path_publisher/hook/ament_prefix_path.ps1'
[1.922s] INFO:colcon.colcon_core.shell:Creating environment descriptor '/home/eia/repo/rbi_2025_2/scara/scara_ws/install/premade_path_publisher/share/premade_path_publisher/hook/ament_prefix_path.dsv'
[1.924s] INFO:colcon.colcon_core.shell:Creating environment hook '/home/eia/repo/rbi_2025_2/scara/scara_ws/install/premade_path_publisher/share/premade_path_publisher/hook/ament_prefix_path.sh'
[1.926s] INFO:colcon.colcon_core.shell:Skip shell extension 'powershell' for command environment: Not usable outside of PowerShell
[1.926s] DEBUG:colcon.colcon_core.shell:Skip shell extension 'dsv' for command environment
[1.940s] INFO:colcon.colcon_ros.task.ament_python.build:Building ROS package in '/home/eia/repo/rbi_2025_2/scara/scara_ws/src/scara_general_ik_solver' with build type 'ament_python'
[1.941s] Level 1:colcon.colcon_core.shell:create_environment_hook('scara_general_ik_solver', 'ament_prefix_path')
[1.941s] INFO:colcon.colcon_core.shell:Creating environment hook '/home/eia/repo/rbi_2025_2/scara/scara_ws/install/scara_general_ik_solver/share/scara_general_ik_solver/hook/ament_prefix_path.ps1'
[1.943s] INFO:colcon.colcon_core.shell:Creating environment descriptor '/home/eia/repo/rbi_2025_2/scara/scara_ws/install/scara_general_ik_solver/share/scara_general_ik_solver/hook/ament_prefix_path.dsv'
[1.944s] INFO:colcon.colcon_core.shell:Creating environment hook '/home/eia/repo/rbi_2025_2/scara/scara_ws/install/scara_general_ik_solver/share/scara_general_ik_solver/hook/ament_prefix_path.sh'
[1.946s] INFO:colcon.colcon_core.shell:Skip shell extension 'powershell' for command environment: Not usable outside of PowerShell
[1.947s] DEBUG:colcon.colcon_core.shell:Skip shell extension 'dsv' for command environment
[1.960s] INFO:colcon.colcon_ros.task.ament_cmake.build:Building ROS package in '/home/eia/repo/rbi_2025_2/scara/scara_ws/src/scara_gz_bringup' with build type 'ament_cmake'
[1.961s] INFO:colcon.colcon_cmake.task.cmake.build:Building CMake package in '/home/eia/repo/rbi_2025_2/scara/scara_ws/src/scara_gz_bringup'
[1.961s] INFO:colcon.colcon_core.shell:Skip shell extension 'powershell' for command environment: Not usable outside of PowerShell
[1.962s] DEBUG:colcon.colcon_core.shell:Skip shell extension 'dsv' for command environment
[1.975s] INFO:colcon.colcon_ros.task.ament_cmake.build:Building ROS package in '/home/eia/repo/rbi_2025_2/scara/scara_ws/src/scara_gz_description' with build type 'ament_cmake'
[1.975s] INFO:colcon.colcon_cmake.task.cmake.build:Building CMake package in '/home/eia/repo/rbi_2025_2/scara/scara_ws/src/scara_gz_description'
[1.976s] INFO:colcon.colcon_core.shell:Skip shell extension 'powershell' for command environment: Not usable outside of PowerShell
[1.976s] DEBUG:colcon.colcon_core.shell:Skip shell extension 'dsv' for command environment
[1.994s] INFO:colcon.colcon_ros.task.ament_cmake.build:Building ROS package in '/home/eia/repo/rbi_2025_2/scara/scara_ws/src/scara_hardware_interface' with build type 'ament_cmake'
[1.994s] INFO:colcon.colcon_cmake.task.cmake.build:Building CMake package in '/home/eia/repo/rbi_2025_2/scara/scara_ws/src/scara_hardware_interface'
[1.995s] INFO:colcon.colcon_core.shell:Skip shell extension 'powershell' for command environment: Not usable outside of PowerShell
[1.995s] DEBUG:colcon.colcon_core.shell:Skip shell extension 'dsv' for command environment
[2.010s] INFO:colcon.colcon_ros.task.ament_cmake.build:Building ROS package in '/home/eia/repo/rbi_2025_2/scara/scara_ws/src/scara_mujoco_bringup' with build type 'ament_cmake'
[2.011s] INFO:colcon.colcon_cmake.task.cmake.build:Building CMake package in '/home/eia/repo/rbi_2025_2/scara/scara_ws/src/scara_mujoco_bringup'
[2.012s] INFO:colcon.colcon_core.shell:Skip shell extension 'powershell' for command environment: Not usable outside of PowerShell
[2.012s] DEBUG:colcon.colcon_core.shell:Skip shell extension 'dsv' for command environment
[2.027s] INFO:colcon.colcon_ros.task.ament_cmake.build:Building ROS package in '/home/eia/repo/rbi_2025_2/scara/scara_ws/src/scara_mujoco_description' with build type 'ament_cmake'
[2.028s] INFO:colcon.colcon_cmake.task.cmake.build:Building CMake package in '/home/eia/repo/rbi_2025_2/scara/scara_ws/src/scara_mujoco_description'
[2.028s] INFO:colcon.colcon_core.shell:Skip shell extension 'powershell' for command environment: Not usable outside of PowerShell
[2.029s] DEBUG:colcon.colcon_core.shell:Skip shell extension 'dsv' for command environment
[2.048s] INFO:colcon.colcon_ros.task.ament_python.build:Building ROS package in '/home/eia/repo/rbi_2025_2/scara/scara_ws/src/scara_mujoco_python_sim' with build type 'ament_python'
[2.048s] Level 1:colcon.colcon_core.shell:create_environment_hook('scara_mujoco_python_sim', 'ament_prefix_path')
[2.050s] INFO:colcon.colcon_core.shell:Creating environment hook '/home/eia/repo/rbi_2025_2/scara/scara_ws/install/scara_mujoco_python_sim/share/scara_mujoco_python_sim/hook/ament_prefix_path.ps1'
[2.052s] INFO:colcon.colcon_core.shell:Creating environment descriptor '/home/eia/repo/rbi_2025_2/scara/scara_ws/install/scara_mujoco_python_sim/share/scara_mujoco_python_sim/hook/ament_prefix_path.dsv'
[2.054s] INFO:colcon.colcon_core.shell:Creating environment hook '/home/eia/repo/rbi_2025_2/scara/scara_ws/install/scara_mujoco_python_sim/share/scara_mujoco_python_sim/hook/ament_prefix_path.sh'
[2.055s] INFO:colcon.colcon_core.shell:Skip shell extension 'powershell' for command environment: Not usable outside of PowerShell
[2.056s] DEBUG:colcon.colcon_core.shell:Skip shell extension 'dsv' for command environment
[2.069s] INFO:colcon.colcon_ros.task.ament_cmake.build:Building ROS package in '/home/eia/repo/rbi_2025_2/scara/scara_ws/src/scara_mujoco_sim' with build type 'ament_cmake'
[2.069s] INFO:colcon.colcon_cmake.task.cmake.build:Building CMake package in '/home/eia/repo/rbi_2025_2/scara/scara_ws/src/scara_mujoco_sim'
[2.070s] INFO:colcon.colcon_core.shell:Skip shell extension 'powershell' for command environment: Not usable outside of PowerShell
[2.070s] DEBUG:colcon.colcon_core.shell:Skip shell extension 'dsv' for command environment
[2.091s] INFO:colcon.colcon_ros.task.ament_python.build:Building ROS package in '/home/eia/repo/rbi_2025_2/scara/scara_ws/src/scara_path_controller' with build type 'ament_python'
[2.092s] Level 1:colcon.colcon_core.shell:create_environment_hook('scara_path_controller', 'ament_prefix_path')
[2.093s] INFO:colcon.colcon_core.shell:Creating environment hook '/home/eia/repo/rbi_2025_2/scara/scara_ws/install/scara_path_controller/share/scara_path_controller/hook/ament_prefix_path.ps1'
[2.094s] INFO:colcon.colcon_core.shell:Creating environment descriptor '/home/eia/repo/rbi_2025_2/scara/scara_ws/install/scara_path_controller/share/scara_path_controller/hook/ament_prefix_path.dsv'
[2.096s] INFO:colcon.colcon_core.shell:Creating environment hook '/home/eia/repo/rbi_2025_2/scara/scara_ws/install/scara_path_controller/share/scara_path_controller/hook/ament_prefix_path.sh'
[2.098s] INFO:colcon.colcon_core.shell:Skip shell extension 'powershell' for command environment: Not usable outside of PowerShell
[2.098s] DEBUG:colcon.colcon_core.shell:Skip shell extension 'dsv' for command environment
[2.114s] INFO:colcon.colcon_ros.task.ament_python.build:Building ROS package in '/home/eia/repo/rbi_2025_2/scara/scara_ws/src/scara_path_generator' with build type 'ament_python'
[2.114s] Level 1:colcon.colcon_core.shell:create_environment_hook('scara_path_generator', 'ament_prefix_path')
[2.115s] INFO:colcon.colcon_core.shell:Creating environment hook '/home/eia/repo/rbi_2025_2/scara/scara_ws/install/scara_path_generator/share/scara_path_generator/hook/ament_prefix_path.ps1'
[2.117s] INFO:colcon.colcon_core.shell:Creating environment descriptor '/home/eia/repo/rbi_2025_2/scara/scara_ws/install/scara_path_generator/share/scara_path_generator/hook/ament_prefix_path.dsv'
[2.118s] INFO:colcon.colcon_core.shell:Creating environment hook '/home/eia/repo/rbi_2025_2/scara/scara_ws/install/scara_path_generator/share/scara_path_generator/hook/ament_prefix_path.sh'
[2.120s] INFO:colcon.colcon_core.shell:Skip shell extension 'powershell' for command environment: Not usable outside of PowerShell
[2.121s] DEBUG:colcon.colcon_core.shell:Skip shell extension 'dsv' for command environment
[2.134s] INFO:colcon.colcon_ros.task.ament_cmake.build:Building ROS package in '/home/eia/repo/rbi_2025_2/scara/scara_ws/src/scara_real_bringup' with build type 'ament_cmake'
[2.134s] INFO:colcon.colcon_cmake.task.cmake.build:Building CMake package in '/home/eia/repo/rbi_2025_2/scara/scara_ws/src/scara_real_bringup'
[2.135s] INFO:colcon.colcon_core.shell:Skip shell extension 'powershell' for command environment: Not usable outside of PowerShell
[2.135s] DEBUG:colcon.colcon_core.shell:Skip shell extension 'dsv' for command environment
[3.349s] INFO:colcon.colcon_core.task.python.build:Building Python package in '/home/eia/repo/rbi_2025_2/scara/scara_ws/src/premade_path_publisher'
[3.351s] INFO:colcon.colcon_core.shell:Skip shell extension 'powershell' for command environment: Not usable outside of PowerShell
[3.351s] DEBUG:colcon.colcon_core.shell:Skip shell extension 'dsv' for command environment
[4.648s] INFO:colcon.colcon_core.task.python.build:Building Python package in '/home/eia/repo/rbi_2025_2/scara/scara_ws/src/scara_general_ik_solver'
[4.649s] INFO:colcon.colcon_core.shell:Skip shell extension 'powershell' for command environment: Not usable outside of PowerShell
[4.649s] DEBUG:colcon.colcon_core.shell:Skip shell extension 'dsv' for command environment
[4.680s] DEBUG:colcon.colcon_core.event_handler.log_command:Invoking command in '/home/eia/repo/rbi_2025_2/scara/scara_ws/build/scara_gz_bringup': CMAKE_PREFIX_PATH=${CMAKE_PREFIX_PATH}:/home/eia/repo/rbi_2025_2/scara/scara_ws/install/scara_tf_generator:/home/eia/repo/rbi_2025_2/scara/scara_ws/install/scara_path_generator:/home/eia/repo/rbi_2025_2/scara/scara_ws/install/scara_path_controller:/home/eia/repo/rbi_2025_2/scara/scara_ws/install/scara_mujoco_python_sim:/home/eia/repo/rbi_2025_2/scara/scara_ws/install/scara_general_ik_solver:/home/eia/repo/rbi_2025_2/scara/scara_ws/install/premade_path_publisher:/opt/ros/humble /usr/bin/cmake --build /home/eia/repo/rbi_2025_2/scara/scara_ws/build/scara_gz_bringup -- -j12 -l12
[4.692s] DEBUG:colcon.colcon_core.event_handler.log_command:Invoking command in '/home/eia/repo/rbi_2025_2/scara/scara_ws/build/scara_gz_description': CMAKE_PREFIX_PATH=${CMAKE_PREFIX_PATH}:/home/eia/repo/rbi_2025_2/scara/scara_ws/install/scara_tf_generator:/home/eia/repo/rbi_2025_2/scara/scara_ws/install/scara_path_generator:/home/eia/repo/rbi_2025_2/scara/scara_ws/install/scara_path_controller:/home/eia/repo/rbi_2025_2/scara/scara_ws/install/scara_mujoco_python_sim:/home/eia/repo/rbi_2025_2/scara/scara_ws/install/scara_general_ik_solver:/home/eia/repo/rbi_2025_2/scara/scara_ws/install/premade_path_publisher:/opt/ros/humble /usr/bin/cmake --build /home/eia/repo/rbi_2025_2/scara/scara_ws/build/scara_gz_description -- -j12 -l12
[4.701s] DEBUG:colcon.colcon_core.event_handler.log_command:Invoking command in '/home/eia/repo/rbi_2025_2/scara/scara_ws/build/scara_hardware_interface': CMAKE_PREFIX_PATH=${CMAKE_PREFIX_PATH}:/home/eia/repo/rbi_2025_2/scara/scara_ws/install/scara_tf_generator:/home/eia/repo/rbi_2025_2/scara/scara_ws/install/scara_path_generator:/home/eia/repo/rbi_2025_2/scara/scara_ws/install/scara_path_controller:/home/eia/repo/rbi_2025_2/scara/scara_ws/install/scara_mujoco_python_sim:/home/eia/repo/rbi_2025_2/scara/scara_ws/install/scara_general_ik_solver:/home/eia/repo/rbi_2025_2/scara/scara_ws/install/premade_path_publisher:/opt/ros/humble /usr/bin/cmake --build /home/eia/repo/rbi_2025_2/scara/scara_ws/build/scara_hardware_interface -- -j12 -l12
[4.712s] DEBUG:colcon.colcon_core.event_handler.log_command:Invoking command in '/home/eia/repo/rbi_2025_2/scara/scara_ws/build/scara_mujoco_bringup': CMAKE_PREFIX_PATH=${CMAKE_PREFIX_PATH}:/home/eia/repo/rbi_2025_2/scara/scara_ws/install/scara_tf_generator:/home/eia/repo/rbi_2025_2/scara/scara_ws/install/scara_path_generator:/home/eia/repo/rbi_2025_2/scara/scara_ws/install/scara_path_controller:/home/eia/repo/rbi_2025_2/scara/scara_ws/install/scara_mujoco_python_sim:/home/eia/repo/rbi_2025_2/scara/scara_ws/install/scara_general_ik_solver:/home/eia/repo/rbi_2025_2/scara/scara_ws/install/premade_path_publisher:/opt/ros/humble /usr/bin/cmake --build /home/eia/repo/rbi_2025_2/scara/scara_ws/build/scara_mujoco_bringup -- -j12 -l12
[4.725s] DEBUG:colcon.colcon_core.event_handler.log_command:Invoking command in '/home/eia/repo/rbi_2025_2/scara/scara_ws/build/scara_mujoco_description': CMAKE_PREFIX_PATH=${CMAKE_PREFIX_PATH}:/home/eia/repo/rbi_2025_2/scara/scara_ws/install/scara_tf_generator:/home/eia/repo/rbi_2025_2/scara/scara_ws/install/scara_path_generator:/home/eia/repo/rbi_2025_2/scara/scara_ws/install/scara_path_controller:/home/eia/repo/rbi_2025_2/scara/scara_ws/install/scara_mujoco_python_sim:/home/eia/repo/rbi_2025_2/scara/scara_ws/install/scara_general_ik_solver:/home/eia/repo/rbi_2025_2/scara/scara_ws/install/premade_path_publisher:/opt/ros/humble /usr/bin/cmake --build /home/eia/repo/rbi_2025_2/scara/scara_ws/build/scara_mujoco_description -- -j12 -l12
[6.080s] INFO:colcon.colcon_core.task.python.build:Building Python package in '/home/eia/repo/rbi_2025_2/scara/scara_ws/src/scara_mujoco_python_sim'
[6.081s] INFO:colcon.colcon_core.shell:Skip shell extension 'powershell' for command environment: Not usable outside of PowerShell
[6.081s] DEBUG:colcon.colcon_core.shell:Skip shell extension 'dsv' for command environment
[6.111s] DEBUG:colcon.colcon_core.event_handler.log_command:Invoking command in '/home/eia/repo/rbi_2025_2/scara/scara_ws/build/scara_mujoco_sim': CMAKE_PREFIX_PATH=${CMAKE_PREFIX_PATH}:/home/eia/repo/rbi_2025_2/scara/scara_ws/install/scara_tf_generator:/home/eia/repo/rbi_2025_2/scara/scara_ws/install/scara_path_generator:/home/eia/repo/rbi_2025_2/scara/scara_ws/install/scara_path_controller:/home/eia/repo/rbi_2025_2/scara/scara_ws/install/scara_mujoco_python_sim:/home/eia/repo/rbi_2025_2/scara/scara_ws/install/scara_general_ik_solver:/home/eia/repo/rbi_2025_2/scara/scara_ws/install/premade_path_publisher:/opt/ros/humble /usr/bin/cmake --build /home/eia/repo/rbi_2025_2/scara/scara_ws/build/scara_mujoco_sim -- -j12 -l12
[7.521s] INFO:colcon.colcon_core.task.python.build:Building Python package in '/home/eia/repo/rbi_2025_2/scara/scara_ws/src/scara_path_controller'
[7.523s] INFO:colcon.colcon_core.shell:Skip shell extension 'powershell' for command environment: Not usable outside of PowerShell
[7.523s] DEBUG:colcon.colcon_core.shell:Skip shell extension 'dsv' for command environment
[9.021s] INFO:colcon.colcon_core.task.python.build:Building Python package in '/home/eia/repo/rbi_2025_2/scara/scara_ws/src/scara_path_generator'
[9.022s] INFO:colcon.colcon_core.shell:Skip shell extension 'powershell' for command environment: Not usable outside of PowerShell
[9.022s] DEBUG:colcon.colcon_core.shell:Skip shell extension 'dsv' for command environment
[9.055s] DEBUG:colcon.colcon_core.event_handler.log_command:Invoking command in '/home/eia/repo/rbi_2025_2/scara/scara_ws/build/scara_real_bringup': CMAKE_PREFIX_PATH=${CMAKE_PREFIX_PATH}:/home/eia/repo/rbi_2025_2/scara/scara_ws/install/scara_tf_generator:/home/eia/repo/rbi_2025_2/scara/scara_ws/install/scara_path_generator:/home/eia/repo/rbi_2025_2/scara/scara_ws/install/scara_path_controller:/home/eia/repo/rbi_2025_2/scara/scara_ws/install/scara_mujoco_python_sim:/home/eia/repo/rbi_2025_2/scara/scara_ws/install/scara_general_ik_solver:/home/eia/repo/rbi_2025_2/scara/scara_ws/install/premade_path_publisher:/opt/ros/humble /usr/bin/cmake --build /home/eia/repo/rbi_2025_2/scara/scara_ws/build/scara_real_bringup -- -j12 -l12
[9.074s] DEBUG:colcon.colcon_core.event_handler.log_command:Invoked command in '/home/eia/repo/rbi_2025_2/scara/scara_ws/build/scara_gz_bringup' returned '0': CMAKE_PREFIX_PATH=${CMAKE_PREFIX_PATH}:/home/eia/repo/rbi_2025_2/scara/scara_ws/install/scara_tf_generator:/home/eia/repo/rbi_2025_2/scara/scara_ws/install/scara_path_generator:/home/eia/repo/rbi_2025_2/scara/scara_ws/install/scara_path_controller:/home/eia/repo/rbi_2025_2/scara/scara_ws/install/scara_mujoco_python_sim:/home/eia/repo/rbi_2025_2/scara/scara_ws/install/scara_general_ik_solver:/home/eia/repo/rbi_2025_2/scara/scara_ws/install/premade_path_publisher:/opt/ros/humble /usr/bin/cmake --build /home/eia/repo/rbi_2025_2/scara/scara_ws/build/scara_gz_bringup -- -j12 -l12
[9.109s] DEBUG:colcon.colcon_core.event_handler.log_command:Invoking command in '/home/eia/repo/rbi_2025_2/scara/scara_ws/build/scara_gz_bringup': CMAKE_PREFIX_PATH=${CMAKE_PREFIX_PATH}:/home/eia/repo/rbi_2025_2/scara/scara_ws/install/scara_tf_generator:/home/eia/repo/rbi_2025_2/scara/scara_ws/install/scara_path_generator:/home/eia/repo/rbi_2025_2/scara/scara_ws/install/scara_path_controller:/home/eia/repo/rbi_2025_2/scara/scara_ws/install/scara_mujoco_python_sim:/home/eia/repo/rbi_2025_2/scara/scara_ws/install/scara_general_ik_solver:/home/eia/repo/rbi_2025_2/scara/scara_ws/install/premade_path_publisher:/opt/ros/humble /usr/bin/cmake --install /home/eia/repo/rbi_2025_2/scara/scara_ws/build/scara_gz_bringup
[9.110s] DEBUG:colcon.colcon_core.event_handler.log_command:Invoked command in '/home/eia/repo/rbi_2025_2/scara/scara_ws/build/scara_mujoco_bringup' returned '0': CMAKE_PREFIX_PATH=${CMAKE_PREFIX_PATH}:/home/eia/repo/rbi_2025_2/scara/scara_ws/install/scara_tf_generator:/home/eia/repo/rbi_2025_2/scara/scara_ws/install/scara_path_generator:/home/eia/repo/rbi_2025_2/scara/scara_ws/install/scara_path_controller:/home/eia/repo/rbi_2025_2/scara/scara_ws/install/scara_mujoco_python_sim:/home/eia/repo/rbi_2025_2/scara/scara_ws/install/scara_general_ik_solver:/home/eia/repo/rbi_2025_2/scara/scara_ws/install/premade_path_publisher:/opt/ros/humble /usr/bin/cmake --build /home/eia/repo/rbi_2025_2/scara/scara_ws/build/scara_mujoco_bringup -- -j12 -l12
[9.117s] DEBUG:colcon.colcon_core.event_handler.log_command:Invoking command in '/home/eia/repo/rbi_2025_2/scara/scara_ws/build/scara_mujoco_bringup': CMAKE_PREFIX_PATH=${CMAKE_PREFIX_PATH}:/home/eia/repo/rbi_2025_2/scara/scara_ws/install/scara_tf_generator:/home/eia/repo/rbi_2025_2/scara/scara_ws/install/scara_path_generator:/home/eia/repo/rbi_2025_2/scara/scara_ws/install/scara_path_controller:/home/eia/repo/rbi_2025_2/scara/scara_ws/install/scara_mujoco_python_sim:/home/eia/repo/rbi_2025_2/scara/scara_ws/install/scara_general_ik_solver:/home/eia/repo/rbi_2025_2/scara/scara_ws/install/premade_path_publisher:/opt/ros/humble /usr/bin/cmake --install /home/eia/repo/rbi_2025_2/scara/scara_ws/build/scara_mujoco_bringup
[9.119s] DEBUG:colcon.colcon_core.event_handler.log_command:Invoked command in '/home/eia/repo/rbi_2025_2/scara/scara_ws/build/scara_gz_description' returned '0': CMAKE_PREFIX_PATH=${CMAKE_PREFIX_PATH}:/home/eia/repo/rbi_2025_2/scara/scara_ws/install/scara_tf_generator:/home/eia/repo/rbi_2025_2/scara/scara_ws/install/scara_path_generator:/home/eia/repo/rbi_2025_2/scara/scara_ws/install/scara_path_controller:/home/eia/repo/rbi_2025_2/scara/scara_ws/install/scara_mujoco_python_sim:/home/eia/repo/rbi_2025_2/scara/scara_ws/install/scara_general_ik_solver:/home/eia/repo/rbi_2025_2/scara/scara_ws/install/premade_path_publisher:/opt/ros/humble /usr/bin/cmake --build /home/eia/repo/rbi_2025_2/scara/scara_ws/build/scara_gz_description -- -j12 -l12
[9.126s] DEBUG:colcon.colcon_core.event_handler.log_command:Invoking command in '/home/eia/repo/rbi_2025_2/scara/scara_ws/build/scara_gz_description': CMAKE_PREFIX_PATH=${CMAKE_PREFIX_PATH}:/home/eia/repo/rbi_2025_2/scara/scara_ws/install/scara_tf_generator:/home/eia/repo/rbi_2025_2/scara/scara_ws/install/scara_path_generator:/home/eia/repo/rbi_2025_2/scara/scara_ws/install/scara_path_controller:/home/eia/repo/rbi_2025_2/scara/scara_ws/install/scara_mujoco_python_sim:/home/eia/repo/rbi_2025_2/scara/scara_ws/install/scara_general_ik_solver:/home/eia/repo/rbi_2025_2/scara/scara_ws/install/premade_path_publisher:/opt/ros/humble /usr/bin/cmake --install /home/eia/repo/rbi_2025_2/scara/scara_ws/build/scara_gz_description
[9.128s] DEBUG:colcon.colcon_core.event_handler.log_command:Invoked command in '/home/eia/repo/rbi_2025_2/scara/scara_ws/build/scara_mujoco_description' returned '0': CMAKE_PREFIX_PATH=${CMAKE_PREFIX_PATH}:/home/eia/repo/rbi_2025_2/scara/scara_ws/install/scara_tf_generator:/home/eia/repo/rbi_2025_2/scara/scara_ws/install/scara_path_generator:/home/eia/repo/rbi_2025_2/scara/scara_ws/install/scara_path_controller:/home/eia/repo/rbi_2025_2/scara/scara_ws/install/scara_mujoco_python_sim:/home/eia/repo/rbi_2025_2/scara/scara_ws/install/scara_general_ik_solver:/home/eia/repo/rbi_2025_2/scara/scara_ws/install/premade_path_publisher:/opt/ros/humble /usr/bin/cmake --build /home/eia/repo/rbi_2025_2/scara/scara_ws/build/scara_mujoco_description -- -j12 -l12
[9.135s] DEBUG:colcon.colcon_core.event_handler.log_command:Invoking command in '/home/eia/repo/rbi_2025_2/scara/scara_ws/build/scara_mujoco_description': CMAKE_PREFIX_PATH=${CMAKE_PREFIX_PATH}:/home/eia/repo/rbi_2025_2/scara/scara_ws/install/scara_tf_generator:/home/eia/repo/rbi_2025_2/scara/scara_ws/install/scara_path_generator:/home/eia/repo/rbi_2025_2/scara/scara_ws/install/scara_path_controller:/home/eia/repo/rbi_2025_2/scara/scara_ws/install/scara_mujoco_python_sim:/home/eia/repo/rbi_2025_2/scara/scara_ws/install/scara_general_ik_solver:/home/eia/repo/rbi_2025_2/scara/scara_ws/install/premade_path_publisher:/opt/ros/humble /usr/bin/cmake --install /home/eia/repo/rbi_2025_2/scara/scara_ws/build/scara_mujoco_description
[9.138s] DEBUG:colcon.colcon_core.event_handler.log_command:Invoked command in '/home/eia/repo/rbi_2025_2/scara/scara_ws/build/scara_mujoco_sim' returned '0': CMAKE_PREFIX_PATH=${CMAKE_PREFIX_PATH}:/home/eia/repo/rbi_2025_2/scara/scara_ws/install/scara_tf_generator:/home/eia/repo/rbi_2025_2/scara/scara_ws/install/scara_path_generator:/home/eia/repo/rbi_2025_2/scara/scara_ws/install/scara_path_controller:/home/eia/repo/rbi_2025_2/scara/scara_ws/install/scara_mujoco_python_sim:/home/eia/repo/rbi_2025_2/scara/scara_ws/install/scara_general_ik_solver:/home/eia/repo/rbi_2025_2/scara/scara_ws/install/premade_path_publisher:/opt/ros/humble /usr/bin/cmake --build /home/eia/repo/rbi_2025_2/scara/scara_ws/build/scara_mujoco_sim -- -j12 -l12
[9.157s] DEBUG:colcon.colcon_core.event_handler.log_command:Invoking command in '/home/eia/repo/rbi_2025_2/scara/scara_ws/build/scara_mujoco_sim': CMAKE_PREFIX_PATH=${CMAKE_PREFIX_PATH}:/home/eia/repo/rbi_2025_2/scara/scara_ws/install/scara_tf_generator:/home/eia/repo/rbi_2025_2/scara/scara_ws/install/scara_path_generator:/home/eia/repo/rbi_2025_2/scara/scara_ws/install/scara_path_controller:/home/eia/repo/rbi_2025_2/scara/scara_ws/install/scara_mujoco_python_sim:/home/eia/repo/rbi_2025_2/scara/scara_ws/install/scara_general_ik_solver:/home/eia/repo/rbi_2025_2/scara/scara_ws/install/premade_path_publisher:/opt/ros/humble /usr/bin/cmake --install /home/eia/repo/rbi_2025_2/scara/scara_ws/build/scara_mujoco_sim
[9.269s] Level 1:colcon.colcon_core.environment:create_environment_scripts_only(scara_gz_description)
[9.321s] Level 1:colcon.colcon_core.environment:checking '/home/eia/repo/rbi_2025_2/scara/scara_ws/install/scara_gz_description' for CMake module files
[9.345s] Level 1:colcon.colcon_core.environment:checking '/home/eia/repo/rbi_2025_2/scara/scara_ws/install/scara_gz_description' for CMake config files
[9.347s] Level 1:colcon.colcon_core.shell:create_environment_hook('scara_gz_description', 'cmake_prefix_path')
[9.348s] INFO:colcon.colcon_core.shell:Creating environment hook '/home/eia/repo/rbi_2025_2/scara/scara_ws/install/scara_gz_description/share/scara_gz_description/hook/cmake_prefix_path.ps1'
[9.354s] INFO:colcon.colcon_core.shell:Creating environment descriptor '/home/eia/repo/rbi_2025_2/scara/scara_ws/install/scara_gz_description/share/scara_gz_description/hook/cmake_prefix_path.dsv'
[9.356s] INFO:colcon.colcon_core.shell:Creating environment hook '/home/eia/repo/rbi_2025_2/scara/scara_ws/install/scara_gz_description/share/scara_gz_description/hook/cmake_prefix_path.sh'
[9.366s] Level 1:colcon.colcon_core.environment:checking '/home/eia/repo/rbi_2025_2/scara/scara_ws/install/scara_gz_description/bin'
[9.367s] Level 1:colcon.colcon_core.environment:checking '/home/eia/repo/rbi_2025_2/scara/scara_ws/install/scara_gz_description/lib/pkgconfig/scara_gz_description.pc'
[9.369s] Level 1:colcon.colcon_core.environment:checking '/home/eia/repo/rbi_2025_2/scara/scara_ws/install/scara_gz_description/lib/python3.10/site-packages'
[9.370s] Level 1:colcon.colcon_core.environment:checking '/home/eia/repo/rbi_2025_2/scara/scara_ws/install/scara_gz_description/bin'
[9.372s] INFO:colcon.colcon_core.shell:Creating package script '/home/eia/repo/rbi_2025_2/scara/scara_ws/install/scara_gz_description/share/scara_gz_description/package.ps1'
[9.385s] INFO:colcon.colcon_core.shell:Creating package descriptor '/home/eia/repo/rbi_2025_2/scara/scara_ws/install/scara_gz_description/share/scara_gz_description/package.dsv'
[9.395s] INFO:colcon.colcon_core.shell:Creating package script '/home/eia/repo/rbi_2025_2/scara/scara_ws/install/scara_gz_description/share/scara_gz_description/package.sh'
[9.388s] DEBUG:colcon.colcon_core.event_handler.log_command:Invoked command in '/home/eia/repo/rbi_2025_2/scara/scara_ws/build/scara_gz_description' returned '0': CMAKE_PREFIX_PATH=${CMAKE_PREFIX_PATH}:/home/eia/repo/rbi_2025_2/scara/scara_ws/install/scara_tf_generator:/home/eia/repo/rbi_2025_2/scara/scara_ws/install/scara_path_generator:/home/eia/repo/rbi_2025_2/scara/scara_ws/install/scara_path_controller:/home/eia/repo/rbi_2025_2/scara/scara_ws/install/scara_mujoco_python_sim:/home/eia/repo/rbi_2025_2/scara/scara_ws/install/scara_general_ik_solver:/home/eia/repo/rbi_2025_2/scara/scara_ws/install/premade_path_publisher:/opt/ros/humble /usr/bin/cmake --install /home/eia/repo/rbi_2025_2/scara/scara_ws/build/scara_gz_description
[9.401s] INFO:colcon.colcon_core.shell:Creating package script '/home/eia/repo/rbi_2025_2/scara/scara_ws/install/scara_gz_description/share/scara_gz_description/package.bash'
[9.406s] INFO:colcon.colcon_core.shell:Creating package script '/home/eia/repo/rbi_2025_2/scara/scara_ws/install/scara_gz_description/share/scara_gz_description/package.zsh'
[9.418s] Level 1:colcon.colcon_core.environment:create_file_with_runtime_dependencies(/home/eia/repo/rbi_2025_2/scara/scara_ws/install/scara_gz_description/share/colcon-core/packages/scara_gz_description)
[9.425s] Level 1:colcon.colcon_core.environment:create_environment_scripts_only(scara_gz_description)
[9.429s] Level 1:colcon.colcon_core.environment:checking '/home/eia/repo/rbi_2025_2/scara/scara_ws/install/scara_gz_description' for CMake module files
[9.432s] Level 1:colcon.colcon_core.environment:checking '/home/eia/repo/rbi_2025_2/scara/scara_ws/install/scara_gz_description' for CMake config files
[9.436s] Level 1:colcon.colcon_core.shell:create_environment_hook('scara_gz_description', 'cmake_prefix_path')
[9.438s] INFO:colcon.colcon_core.shell:Creating environment hook '/home/eia/repo/rbi_2025_2/scara/scara_ws/install/scara_gz_description/share/scara_gz_description/hook/cmake_prefix_path.ps1'
[9.440s] INFO:colcon.colcon_core.shell:Creating environment descriptor '/home/eia/repo/rbi_2025_2/scara/scara_ws/install/scara_gz_description/share/scara_gz_description/hook/cmake_prefix_path.dsv'
[9.442s] INFO:colcon.colcon_core.shell:Creating environment hook '/home/eia/repo/rbi_2025_2/scara/scara_ws/install/scara_gz_description/share/scara_gz_description/hook/cmake_prefix_path.sh'
[9.446s] Level 1:colcon.colcon_core.environment:checking '/home/eia/repo/rbi_2025_2/scara/scara_ws/install/scara_gz_description/bin'
[9.446s] Level 1:colcon.colcon_core.environment:checking '/home/eia/repo/rbi_2025_2/scara/scara_ws/install/scara_gz_description/lib/pkgconfig/scara_gz_description.pc'
[9.448s] Level 1:colcon.colcon_core.environment:checking '/home/eia/repo/rbi_2025_2/scara/scara_ws/install/scara_gz_description/lib/python3.10/site-packages'
[9.449s] Level 1:colcon.colcon_core.environment:checking '/home/eia/repo/rbi_2025_2/scara/scara_ws/install/scara_gz_description/bin'
[9.451s] INFO:colcon.colcon_core.shell:Creating package script '/home/eia/repo/rbi_2025_2/scara/scara_ws/install/scara_gz_description/share/scara_gz_description/package.ps1'
[9.454s] INFO:colcon.colcon_core.shell:Creating package descriptor '/home/eia/repo/rbi_2025_2/scara/scara_ws/install/scara_gz_description/share/scara_gz_description/package.dsv'
[9.457s] INFO:colcon.colcon_core.shell:Creating package script '/home/eia/repo/rbi_2025_2/scara/scara_ws/install/scara_gz_description/share/scara_gz_description/package.sh'
[9.460s] INFO:colcon.colcon_core.shell:Creating package script '/home/eia/repo/rbi_2025_2/scara/scara_ws/install/scara_gz_description/share/scara_gz_description/package.bash'
[9.463s] INFO:colcon.colcon_core.shell:Creating package script '/home/eia/repo/rbi_2025_2/scara/scara_ws/install/scara_gz_description/share/scara_gz_description/package.zsh'
[9.466s] Level 1:colcon.colcon_core.environment:create_file_with_runtime_dependencies(/home/eia/repo/rbi_2025_2/scara/scara_ws/install/scara_gz_description/share/colcon-core/packages/scara_gz_description)
[9.467s] Level 1:colcon.colcon_core.environment:create_environment_scripts_only(scara_gz_bringup)
[9.469s] Level 1:colcon.colcon_core.environment:checking '/home/eia/repo/rbi_2025_2/scara/scara_ws/install/scara_gz_bringup' for CMake module files
[9.476s] Level 1:colcon.colcon_core.environment:checking '/home/eia/repo/rbi_2025_2/scara/scara_ws/install/scara_gz_bringup' for CMake config files
[9.479s] DEBUG:colcon.colcon_core.event_handler.log_command:Invoked command in '/home/eia/repo/rbi_2025_2/scara/scara_ws/build/scara_gz_bringup' returned '0': CMAKE_PREFIX_PATH=${CMAKE_PREFIX_PATH}:/home/eia/repo/rbi_2025_2/scara/scara_ws/install/scara_tf_generator:/home/eia/repo/rbi_2025_2/scara/scara_ws/install/scara_path_generator:/home/eia/repo/rbi_2025_2/scara/scara_ws/install/scara_path_controller:/home/eia/repo/rbi_2025_2/scara/scara_ws/install/scara_mujoco_python_sim:/home/eia/repo/rbi_2025_2/scara/scara_ws/install/scara_general_ik_solver:/home/eia/repo/rbi_2025_2/scara/scara_ws/install/premade_path_publisher:/opt/ros/humble /usr/bin/cmake --install /home/eia/repo/rbi_2025_2/scara/scara_ws/build/scara_gz_bringup
[9.481s] Level 1:colcon.colcon_core.shell:create_environment_hook('scara_gz_bringup', 'cmake_prefix_path')
[9.483s] INFO:colcon.colcon_core.shell:Creating environment hook '/home/eia/repo/rbi_2025_2/scara/scara_ws/install/scara_gz_bringup/share/scara_gz_bringup/hook/cmake_prefix_path.ps1'
[9.485s] INFO:colcon.colcon_core.shell:Creating environment descriptor '/home/eia/repo/rbi_2025_2/scara/scara_ws/install/scara_gz_bringup/share/scara_gz_bringup/hook/cmake_prefix_path.dsv'
[9.488s] INFO:colcon.colcon_core.shell:Creating environment hook '/home/eia/repo/rbi_2025_2/scara/scara_ws/install/scara_gz_bringup/share/scara_gz_bringup/hook/cmake_prefix_path.sh'
[9.491s] Level 1:colcon.colcon_core.environment:checking '/home/eia/repo/rbi_2025_2/scara/scara_ws/install/scara_gz_bringup/bin'
[9.491s] Level 1:colcon.colcon_core.environment:checking '/home/eia/repo/rbi_2025_2/scara/scara_ws/install/scara_gz_bringup/lib/pkgconfig/scara_gz_bringup.pc'
[9.492s] Level 1:colcon.colcon_core.environment:checking '/home/eia/repo/rbi_2025_2/scara/scara_ws/install/scara_gz_bringup/lib/python3.10/site-packages'
[9.494s] Level 1:colcon.colcon_core.environment:checking '/home/eia/repo/rbi_2025_2/scara/scara_ws/install/scara_gz_bringup/bin'
[9.496s] INFO:colcon.colcon_core.shell:Creating package script '/home/eia/repo/rbi_2025_2/scara/scara_ws/install/scara_gz_bringup/share/scara_gz_bringup/package.ps1'
[9.499s] INFO:colcon.colcon_core.shell:Creating package descriptor '/home/eia/repo/rbi_2025_2/scara/scara_ws/install/scara_gz_bringup/share/scara_gz_bringup/package.dsv'
[9.501s] INFO:colcon.colcon_core.shell:Creating package script '/home/eia/repo/rbi_2025_2/scara/scara_ws/install/scara_gz_bringup/share/scara_gz_bringup/package.sh'
[9.503s] INFO:colcon.colcon_core.shell:Creating package script '/home/eia/repo/rbi_2025_2/scara/scara_ws/install/scara_gz_bringup/share/scara_gz_bringup/package.bash'
[9.506s] INFO:colcon.colcon_core.shell:Creating package script '/home/eia/repo/rbi_2025_2/scara/scara_ws/install/scara_gz_bringup/share/scara_gz_bringup/package.zsh'
[9.508s] Level 1:colcon.colcon_core.environment:create_file_with_runtime_dependencies(/home/eia/repo/rbi_2025_2/scara/scara_ws/install/scara_gz_bringup/share/colcon-core/packages/scara_gz_bringup)
[9.511s] Level 1:colcon.colcon_core.environment:create_environment_scripts_only(scara_gz_bringup)
[9.513s] Level 1:colcon.colcon_core.environment:checking '/home/eia/repo/rbi_2025_2/scara/scara_ws/install/scara_gz_bringup' for CMake module files
[9.516s] Level 1:colcon.colcon_core.environment:checking '/home/eia/repo/rbi_2025_2/scara/scara_ws/install/scara_gz_bringup' for CMake config files
[9.518s] Level 1:colcon.colcon_core.shell:create_environment_hook('scara_gz_bringup', 'cmake_prefix_path')
[9.519s] INFO:colcon.colcon_core.shell:Creating environment hook '/home/eia/repo/rbi_2025_2/scara/scara_ws/install/scara_gz_bringup/share/scara_gz_bringup/hook/cmake_prefix_path.ps1'
[9.522s] INFO:colcon.colcon_core.shell:Creating environment descriptor '/home/eia/repo/rbi_2025_2/scara/scara_ws/install/scara_gz_bringup/share/scara_gz_bringup/hook/cmake_prefix_path.dsv'
[9.524s] INFO:colcon.colcon_core.shell:Creating environment hook '/home/eia/repo/rbi_2025_2/scara/scara_ws/install/scara_gz_bringup/share/scara_gz_bringup/hook/cmake_prefix_path.sh'
[9.527s] Level 1:colcon.colcon_core.environment:checking '/home/eia/repo/rbi_2025_2/scara/scara_ws/install/scara_gz_bringup/bin'
[9.528s] Level 1:colcon.colcon_core.environment:checking '/home/eia/repo/rbi_2025_2/scara/scara_ws/install/scara_gz_bringup/lib/pkgconfig/scara_gz_bringup.pc'
[9.529s] Level 1:colcon.colcon_core.environment:checking '/home/eia/repo/rbi_2025_2/scara/scara_ws/install/scara_gz_bringup/lib/python3.10/site-packages'
[9.531s] Level 1:colcon.colcon_core.environment:checking '/home/eia/repo/rbi_2025_2/scara/scara_ws/install/scara_gz_bringup/bin'
[9.533s] INFO:colcon.colcon_core.shell:Creating package script '/home/eia/repo/rbi_2025_2/scara/scara_ws/install/scara_gz_bringup/share/scara_gz_bringup/package.ps1'
[9.536s] INFO:colcon.colcon_core.shell:Creating package descriptor '/home/eia/repo/rbi_2025_2/scara/scara_ws/install/scara_gz_bringup/share/scara_gz_bringup/package.dsv'
[9.539s] INFO:colcon.colcon_core.shell:Creating package script '/home/eia/repo/rbi_2025_2/scara/scara_ws/install/scara_gz_bringup/share/scara_gz_bringup/package.sh'
[9.541s] INFO:colcon.colcon_core.shell:Creating package script '/home/eia/repo/rbi_2025_2/scara/scara_ws/install/scara_gz_bringup/share/scara_gz_bringup/package.bash'
[9.544s] INFO:colcon.colcon_core.shell:Creating package script '/home/eia/repo/rbi_2025_2/scara/scara_ws/install/scara_gz_bringup/share/scara_gz_bringup/package.zsh'
[9.547s] Level 1:colcon.colcon_core.environment:create_file_with_runtime_dependencies(/home/eia/repo/rbi_2025_2/scara/scara_ws/install/scara_gz_bringup/share/colcon-core/packages/scara_gz_bringup)
[9.553s] DEBUG:colcon.colcon_core.event_handler.log_command:Invoked command in '/home/eia/repo/rbi_2025_2/scara/scara_ws/build/scara_real_bringup' returned '0': CMAKE_PREFIX_PATH=${CMAKE_PREFIX_PATH}:/home/eia/repo/rbi_2025_2/scara/scara_ws/install/scara_tf_generator:/home/eia/repo/rbi_2025_2/scara/scara_ws/install/scara_path_generator:/home/eia/repo/rbi_2025_2/scara/scara_ws/install/scara_path_controller:/home/eia/repo/rbi_2025_2/scara/scara_ws/install/scara_mujoco_python_sim:/home/eia/repo/rbi_2025_2/scara/scara_ws/install/scara_general_ik_solver:/home/eia/repo/rbi_2025_2/scara/scara_ws/install/premade_path_publisher:/opt/ros/humble /usr/bin/cmake --build /home/eia/repo/rbi_2025_2/scara/scara_ws/build/scara_real_bringup -- -j12 -l12
[9.559s] Level 1:colcon.colcon_core.environment:create_environment_scripts_only(scara_mujoco_bringup)
[9.561s] Level 1:colcon.colcon_core.environment:checking '/home/eia/repo/rbi_2025_2/scara/scara_ws/install/scara_mujoco_bringup' for CMake module files
[9.562s] DEBUG:colcon.colcon_core.event_handler.log_command:Invoking command in '/home/eia/repo/rbi_2025_2/scara/scara_ws/build/scara_real_bringup': CMAKE_PREFIX_PATH=${CMAKE_PREFIX_PATH}:/home/eia/repo/rbi_2025_2/scara/scara_ws/install/scara_tf_generator:/home/eia/repo/rbi_2025_2/scara/scara_ws/install/scara_path_generator:/home/eia/repo/rbi_2025_2/scara/scara_ws/install/scara_path_controller:/home/eia/repo/rbi_2025_2/scara/scara_ws/install/scara_mujoco_python_sim:/home/eia/repo/rbi_2025_2/scara/scara_ws/install/scara_general_ik_solver:/home/eia/repo/rbi_2025_2/scara/scara_ws/install/premade_path_publisher:/opt/ros/humble /usr/bin/cmake --install /home/eia/repo/rbi_2025_2/scara/scara_ws/build/scara_real_bringup
[9.566s] DEBUG:colcon.colcon_core.event_handler.log_command:Invoked command in '/home/eia/repo/rbi_2025_2/scara/scara_ws/build/scara_mujoco_bringup' returned '0': CMAKE_PREFIX_PATH=${CMAKE_PREFIX_PATH}:/home/eia/repo/rbi_2025_2/scara/scara_ws/install/scara_tf_generator:/home/eia/repo/rbi_2025_2/scara/scara_ws/install/scara_path_generator:/home/eia/repo/rbi_2025_2/scara/scara_ws/install/scara_path_controller:/home/eia/repo/rbi_2025_2/scara/scara_ws/install/scara_mujoco_python_sim:/home/eia/repo/rbi_2025_2/scara/scara_ws/install/scara_general_ik_solver:/home/eia/repo/rbi_2025_2/scara/scara_ws/install/premade_path_publisher:/opt/ros/humble /usr/bin/cmake --install /home/eia/repo/rbi_2025_2/scara/scara_ws/build/scara_mujoco_bringup
[9.568s] Level 1:colcon.colcon_core.environment:checking '/home/eia/repo/rbi_2025_2/scara/scara_ws/install/scara_mujoco_bringup' for CMake config files
[9.570s] Level 1:colcon.colcon_core.shell:create_environment_hook('scara_mujoco_bringup', 'cmake_prefix_path')
[9.572s] INFO:colcon.colcon_core.shell:Creating environment hook '/home/eia/repo/rbi_2025_2/scara/scara_ws/install/scara_mujoco_bringup/share/scara_mujoco_bringup/hook/cmake_prefix_path.ps1'
[9.576s] INFO:colcon.colcon_core.shell:Creating environment descriptor '/home/eia/repo/rbi_2025_2/scara/scara_ws/install/scara_mujoco_bringup/share/scara_mujoco_bringup/hook/cmake_prefix_path.dsv'
[9.580s] INFO:colcon.colcon_core.shell:Creating environment hook '/home/eia/repo/rbi_2025_2/scara/scara_ws/install/scara_mujoco_bringup/share/scara_mujoco_bringup/hook/cmake_prefix_path.sh'
[9.583s] Level 1:colcon.colcon_core.environment:checking '/home/eia/repo/rbi_2025_2/scara/scara_ws/install/scara_mujoco_bringup/bin'
[9.584s] Level 1:colcon.colcon_core.environment:checking '/home/eia/repo/rbi_2025_2/scara/scara_ws/install/scara_mujoco_bringup/lib/pkgconfig/scara_mujoco_bringup.pc'
[9.585s] Level 1:colcon.colcon_core.environment:checking '/home/eia/repo/rbi_2025_2/scara/scara_ws/install/scara_mujoco_bringup/lib/python3.10/site-packages'
[9.587s] Level 1:colcon.colcon_core.environment:checking '/home/eia/repo/rbi_2025_2/scara/scara_ws/install/scara_mujoco_bringup/bin'
[9.589s] INFO:colcon.colcon_core.shell:Creating package script '/home/eia/repo/rbi_2025_2/scara/scara_ws/install/scara_mujoco_bringup/share/scara_mujoco_bringup/package.ps1'
[9.593s] INFO:colcon.colcon_core.shell:Creating package descriptor '/home/eia/repo/rbi_2025_2/scara/scara_ws/install/scara_mujoco_bringup/share/scara_mujoco_bringup/package.dsv'
[9.596s] INFO:colcon.colcon_core.shell:Creating package script '/home/eia/repo/rbi_2025_2/scara/scara_ws/install/scara_mujoco_bringup/share/scara_mujoco_bringup/package.sh'
[9.598s] INFO:colcon.colcon_core.shell:Creating package script '/home/eia/repo/rbi_2025_2/scara/scara_ws/install/scara_mujoco_bringup/share/scara_mujoco_bringup/package.bash'
[9.601s] INFO:colcon.colcon_core.shell:Creating package script '/home/eia/repo/rbi_2025_2/scara/scara_ws/install/scara_mujoco_bringup/share/scara_mujoco_bringup/package.zsh'
[9.603s] Level 1:colcon.colcon_core.environment:create_file_with_runtime_dependencies(/home/eia/repo/rbi_2025_2/scara/scara_ws/install/scara_mujoco_bringup/share/colcon-core/packages/scara_mujoco_bringup)
[9.607s] Level 1:colcon.colcon_core.environment:create_environment_scripts_only(scara_mujoco_bringup)
[9.609s] Level 1:colcon.colcon_core.environment:checking '/home/eia/repo/rbi_2025_2/scara/scara_ws/install/scara_mujoco_bringup' for CMake module files
[9.613s] Level 1:colcon.colcon_core.environment:checking '/home/eia/repo/rbi_2025_2/scara/scara_ws/install/scara_mujoco_bringup' for CMake config files
[9.614s] Level 1:colcon.colcon_core.shell:create_environment_hook('scara_mujoco_bringup', 'cmake_prefix_path')
[9.616s] INFO:colcon.colcon_core.shell:Creating environment hook '/home/eia/repo/rbi_2025_2/scara/scara_ws/install/scara_mujoco_bringup/share/scara_mujoco_bringup/hook/cmake_prefix_path.ps1'
[9.618s] INFO:colcon.colcon_core.shell:Creating environment descriptor '/home/eia/repo/rbi_2025_2/scara/scara_ws/install/scara_mujoco_bringup/share/scara_mujoco_bringup/hook/cmake_prefix_path.dsv'
[9.620s] INFO:colcon.colcon_core.shell:Creating environment hook '/home/eia/repo/rbi_2025_2/scara/scara_ws/install/scara_mujoco_bringup/share/scara_mujoco_bringup/hook/cmake_prefix_path.sh'
[9.624s] Level 1:colcon.colcon_core.environment:checking '/home/eia/repo/rbi_2025_2/scara/scara_ws/install/scara_mujoco_bringup/bin'
[9.624s] Level 1:colcon.colcon_core.environment:checking '/home/eia/repo/rbi_2025_2/scara/scara_ws/install/scara_mujoco_bringup/lib/pkgconfig/scara_mujoco_bringup.pc'
[9.626s] Level 1:colcon.colcon_core.environment:checking '/home/eia/repo/rbi_2025_2/scara/scara_ws/install/scara_mujoco_bringup/lib/python3.10/site-packages'
[9.627s] Level 1:colcon.colcon_core.environment:checking '/home/eia/repo/rbi_2025_2/scara/scara_ws/install/scara_mujoco_bringup/bin'
[9.630s] INFO:colcon.colcon_core.shell:Creating package script '/home/eia/repo/rbi_2025_2/scara/scara_ws/install/scara_mujoco_bringup/share/scara_mujoco_bringup/package.ps1'
[9.633s] INFO:colcon.colcon_core.shell:Creating package descriptor '/home/eia/repo/rbi_2025_2/scara/scara_ws/install/scara_mujoco_bringup/share/scara_mujoco_bringup/package.dsv'
[9.636s] INFO:colcon.colcon_core.shell:Creating package script '/home/eia/repo/rbi_2025_2/scara/scara_ws/install/scara_mujoco_bringup/share/scara_mujoco_bringup/package.sh'
[9.639s] INFO:colcon.colcon_core.shell:Creating package script '/home/eia/repo/rbi_2025_2/scara/scara_ws/install/scara_mujoco_bringup/share/scara_mujoco_bringup/package.bash'
[9.641s] INFO:colcon.colcon_core.shell:Creating package script '/home/eia/repo/rbi_2025_2/scara/scara_ws/install/scara_mujoco_bringup/share/scara_mujoco_bringup/package.zsh'
[9.644s] Level 1:colcon.colcon_core.environment:create_file_with_runtime_dependencies(/home/eia/repo/rbi_2025_2/scara/scara_ws/install/scara_mujoco_bringup/share/colcon-core/packages/scara_mujoco_bringup)
[9.646s] Level 1:colcon.colcon_core.environment:create_environment_scripts_only(scara_mujoco_description)
[9.647s] Level 1:colcon.colcon_core.environment:checking '/home/eia/repo/rbi_2025_2/scara/scara_ws/install/scara_mujoco_description' for CMake module files
[9.653s] DEBUG:colcon.colcon_core.event_handler.log_command:Invoked command in '/home/eia/repo/rbi_2025_2/scara/scara_ws/build/scara_mujoco_description' returned '0': CMAKE_PREFIX_PATH=${CMAKE_PREFIX_PATH}:/home/eia/repo/rbi_2025_2/scara/scara_ws/install/scara_tf_generator:/home/eia/repo/rbi_2025_2/scara/scara_ws/install/scara_path_generator:/home/eia/repo/rbi_2025_2/scara/scara_ws/install/scara_path_controller:/home/eia/repo/rbi_2025_2/scara/scara_ws/install/scara_mujoco_python_sim:/home/eia/repo/rbi_2025_2/scara/scara_ws/install/scara_general_ik_solver:/home/eia/repo/rbi_2025_2/scara/scara_ws/install/premade_path_publisher:/opt/ros/humble /usr/bin/cmake --install /home/eia/repo/rbi_2025_2/scara/scara_ws/build/scara_mujoco_description
[9.655s] Level 1:colcon.colcon_core.environment:checking '/home/eia/repo/rbi_2025_2/scara/scara_ws/install/scara_mujoco_description' for CMake config files
[9.656s] Level 1:colcon.colcon_core.shell:create_environment_hook('scara_mujoco_description', 'cmake_prefix_path')
[9.658s] INFO:colcon.colcon_core.shell:Creating environment hook '/home/eia/repo/rbi_2025_2/scara/scara_ws/install/scara_mujoco_description/share/scara_mujoco_description/hook/cmake_prefix_path.ps1'
[9.660s] INFO:colcon.colcon_core.shell:Creating environment descriptor '/home/eia/repo/rbi_2025_2/scara/scara_ws/install/scara_mujoco_description/share/scara_mujoco_description/hook/cmake_prefix_path.dsv'
[9.663s] INFO:colcon.colcon_core.shell:Creating environment hook '/home/eia/repo/rbi_2025_2/scara/scara_ws/install/scara_mujoco_description/share/scara_mujoco_description/hook/cmake_prefix_path.sh'
[9.666s] Level 1:colcon.colcon_core.environment:checking '/home/eia/repo/rbi_2025_2/scara/scara_ws/install/scara_mujoco_description/bin'
[9.666s] Level 1:colcon.colcon_core.environment:checking '/home/eia/repo/rbi_2025_2/scara/scara_ws/install/scara_mujoco_description/lib/pkgconfig/scara_mujoco_description.pc'
[9.668s] Level 1:colcon.colcon_core.environment:checking '/home/eia/repo/rbi_2025_2/scara/scara_ws/install/scara_mujoco_description/lib/python3.10/site-packages'
[9.669s] Level 1:colcon.colcon_core.environment:checking '/home/eia/repo/rbi_2025_2/scara/scara_ws/install/scara_mujoco_description/bin'
[9.671s] INFO:colcon.colcon_core.shell:Creating package script '/home/eia/repo/rbi_2025_2/scara/scara_ws/install/scara_mujoco_description/share/scara_mujoco_description/package.ps1'
[9.674s] INFO:colcon.colcon_core.shell:Creating package descriptor '/home/eia/repo/rbi_2025_2/scara/scara_ws/install/scara_mujoco_description/share/scara_mujoco_description/package.dsv'
[9.677s] INFO:colcon.colcon_core.shell:Creating package script '/home/eia/repo/rbi_2025_2/scara/scara_ws/install/scara_mujoco_description/share/scara_mujoco_description/package.sh'
[9.680s] INFO:colcon.colcon_core.shell:Creating package script '/home/eia/repo/rbi_2025_2/scara/scara_ws/install/scara_mujoco_description/share/scara_mujoco_description/package.bash'
[9.682s] INFO:colcon.colcon_core.shell:Creating package script '/home/eia/repo/rbi_2025_2/scara/scara_ws/install/scara_mujoco_description/share/scara_mujoco_description/package.zsh'
[9.684s] Level 1:colcon.colcon_core.environment:create_file_with_runtime_dependencies(/home/eia/repo/rbi_2025_2/scara/scara_ws/install/scara_mujoco_description/share/colcon-core/packages/scara_mujoco_description)
[9.688s] Level 1:colcon.colcon_core.environment:create_environment_scripts_only(scara_mujoco_description)
[9.689s] Level 1:colcon.colcon_core.environment:checking '/home/eia/repo/rbi_2025_2/scara/scara_ws/install/scara_mujoco_description' for CMake module files
[9.692s] Level 1:colcon.colcon_core.environment:checking '/home/eia/repo/rbi_2025_2/scara/scara_ws/install/scara_mujoco_description' for CMake config files
[9.694s] Level 1:colcon.colcon_core.shell:create_environment_hook('scara_mujoco_description', 'cmake_prefix_path')
[9.696s] INFO:colcon.colcon_core.shell:Creating environment hook '/home/eia/repo/rbi_2025_2/scara/scara_ws/install/scara_mujoco_description/share/scara_mujoco_description/hook/cmake_prefix_path.ps1'
[9.698s] INFO:colcon.colcon_core.shell:Creating environment descriptor '/home/eia/repo/rbi_2025_2/scara/scara_ws/install/scara_mujoco_description/share/scara_mujoco_description/hook/cmake_prefix_path.dsv'
[9.700s] INFO:colcon.colcon_core.shell:Creating environment hook '/home/eia/repo/rbi_2025_2/scara/scara_ws/install/scara_mujoco_description/share/scara_mujoco_description/hook/cmake_prefix_path.sh'
[9.704s] Level 1:colcon.colcon_core.environment:checking '/home/eia/repo/rbi_2025_2/scara/scara_ws/install/scara_mujoco_description/bin'
[9.705s] Level 1:colcon.colcon_core.environment:checking '/home/eia/repo/rbi_2025_2/scara/scara_ws/install/scara_mujoco_description/lib/pkgconfig/scara_mujoco_description.pc'
[9.706s] Level 1:colcon.colcon_core.environment:checking '/home/eia/repo/rbi_2025_2/scara/scara_ws/install/scara_mujoco_description/lib/python3.10/site-packages'
[9.708s] Level 1:colcon.colcon_core.environment:checking '/home/eia/repo/rbi_2025_2/scara/scara_ws/install/scara_mujoco_description/bin'
[9.710s] INFO:colcon.colcon_core.shell:Creating package script '/home/eia/repo/rbi_2025_2/scara/scara_ws/install/scara_mujoco_description/share/scara_mujoco_description/package.ps1'
[9.714s] INFO:colcon.colcon_core.shell:Creating package descriptor '/home/eia/repo/rbi_2025_2/scara/scara_ws/install/scara_mujoco_description/share/scara_mujoco_description/package.dsv'
[9.717s] INFO:colcon.colcon_core.shell:Creating package script '/home/eia/repo/rbi_2025_2/scara/scara_ws/install/scara_mujoco_description/share/scara_mujoco_description/package.sh'
[9.719s] INFO:colcon.colcon_core.shell:Creating package script '/home/eia/repo/rbi_2025_2/scara/scara_ws/install/scara_mujoco_description/share/scara_mujoco_description/package.bash'
[9.722s] INFO:colcon.colcon_core.shell:Creating package script '/home/eia/repo/rbi_2025_2/scara/scara_ws/install/scara_mujoco_description/share/scara_mujoco_description/package.zsh'
[9.724s] Level 1:colcon.colcon_core.environment:create_file_with_runtime_dependencies(/home/eia/repo/rbi_2025_2/scara/scara_ws/install/scara_mujoco_description/share/colcon-core/packages/scara_mujoco_description)
[9.728s] INFO:colcon.colcon_ros.task.ament_cmake.build:Building ROS package in '/home/eia/repo/rbi_2025_2/scara/scara_ws/src/scara_real_description' with build type 'ament_cmake'
[9.729s] INFO:colcon.colcon_cmake.task.cmake.build:Building CMake package in '/home/eia/repo/rbi_2025_2/scara/scara_ws/src/scara_real_description'
[9.731s] INFO:colcon.colcon_core.shell:Skip shell extension 'powershell' for command environment: Not usable outside of PowerShell
[9.731s] DEBUG:colcon.colcon_core.shell:Skip shell extension 'dsv' for command environment
[9.760s] INFO:colcon.colcon_ros.task.ament_python.build:Building ROS package in '/home/eia/repo/rbi_2025_2/scara/scara_ws/src/scara_tf_generator' with build type 'ament_python'
[9.761s] Level 1:colcon.colcon_core.shell:create_environment_hook('scara_tf_generator', 'ament_prefix_path')
[9.763s] INFO:colcon.colcon_core.shell:Creating environment hook '/home/eia/repo/rbi_2025_2/scara/scara_ws/install/scara_tf_generator/share/scara_tf_generator/hook/ament_prefix_path.ps1'
[9.766s] INFO:colcon.colcon_core.shell:Creating environment descriptor '/home/eia/repo/rbi_2025_2/scara/scara_ws/install/scara_tf_generator/share/scara_tf_generator/hook/ament_prefix_path.dsv'
[9.768s] INFO:colcon.colcon_core.shell:Creating environment hook '/home/eia/repo/rbi_2025_2/scara/scara_ws/install/scara_tf_generator/share/scara_tf_generator/hook/ament_prefix_path.sh'
[9.772s] INFO:colcon.colcon_core.shell:Skip shell extension 'powershell' for command environment: Not usable outside of PowerShell
[9.772s] DEBUG:colcon.colcon_core.shell:Skip shell extension 'dsv' for command environment
[9.803s] Level 1:colcon.colcon_core.environment:create_environment_scripts_only(scara_mujoco_sim)
[9.807s] Level 1:colcon.colcon_core.environment:checking '/home/eia/repo/rbi_2025_2/scara/scara_ws/install/scara_mujoco_sim' for CMake module files
[9.811s] DEBUG:colcon.colcon_core.event_handler.log_command:Invoked command in '/home/eia/repo/rbi_2025_2/scara/scara_ws/build/scara_mujoco_sim' returned '0': CMAKE_PREFIX_PATH=${CMAKE_PREFIX_PATH}:/home/eia/repo/rbi_2025_2/scara/scara_ws/install/scara_tf_generator:/home/eia/repo/rbi_2025_2/scara/scara_ws/install/scara_path_generator:/home/eia/repo/rbi_2025_2/scara/scara_ws/install/scara_path_controller:/home/eia/repo/rbi_2025_2/scara/scara_ws/install/scara_mujoco_python_sim:/home/eia/repo/rbi_2025_2/scara/scara_ws/install/scara_general_ik_solver:/home/eia/repo/rbi_2025_2/scara/scara_ws/install/premade_path_publisher:/opt/ros/humble /usr/bin/cmake --install /home/eia/repo/rbi_2025_2/scara/scara_ws/build/scara_mujoco_sim
[9.813s] Level 1:colcon.colcon_core.environment:checking '/home/eia/repo/rbi_2025_2/scara/scara_ws/install/scara_mujoco_sim' for CMake config files
[9.818s] Level 1:colcon.colcon_core.shell:create_environment_hook('scara_mujoco_sim', 'cmake_prefix_path')
[9.820s] INFO:colcon.colcon_core.shell:Creating environment hook '/home/eia/repo/rbi_2025_2/scara/scara_ws/install/scara_mujoco_sim/share/scara_mujoco_sim/hook/cmake_prefix_path.ps1'
[9.826s] INFO:colcon.colcon_core.shell:Creating environment descriptor '/home/eia/repo/rbi_2025_2/scara/scara_ws/install/scara_mujoco_sim/share/scara_mujoco_sim/hook/cmake_prefix_path.dsv'
[9.833s] INFO:colcon.colcon_core.shell:Creating environment hook '/home/eia/repo/rbi_2025_2/scara/scara_ws/install/scara_mujoco_sim/share/scara_mujoco_sim/hook/cmake_prefix_path.sh'
[9.836s] Level 1:colcon.colcon_core.environment:checking '/home/eia/repo/rbi_2025_2/scara/scara_ws/install/scara_mujoco_sim/lib'
[9.838s] Level 1:colcon.colcon_core.shell:create_environment_hook('scara_mujoco_sim', 'ld_library_path_lib')
[9.839s] INFO:colcon.colcon_core.shell:Creating environment hook '/home/eia/repo/rbi_2025_2/scara/scara_ws/install/scara_mujoco_sim/share/scara_mujoco_sim/hook/ld_library_path_lib.ps1'
[9.842s] INFO:colcon.colcon_core.shell:Creating environment descriptor '/home/eia/repo/rbi_2025_2/scara/scara_ws/install/scara_mujoco_sim/share/scara_mujoco_sim/hook/ld_library_path_lib.dsv'
[9.844s] INFO:colcon.colcon_core.shell:Creating environment hook '/home/eia/repo/rbi_2025_2/scara/scara_ws/install/scara_mujoco_sim/share/scara_mujoco_sim/hook/ld_library_path_lib.sh'
[9.846s] Level 1:colcon.colcon_core.environment:checking '/home/eia/repo/rbi_2025_2/scara/scara_ws/install/scara_mujoco_sim/bin'
[9.847s] Level 1:colcon.colcon_core.environment:checking '/home/eia/repo/rbi_2025_2/scara/scara_ws/install/scara_mujoco_sim/lib/pkgconfig/scara_mujoco_sim.pc'
[9.848s] Level 1:colcon.colcon_core.environment:checking '/home/eia/repo/rbi_2025_2/scara/scara_ws/install/scara_mujoco_sim/lib/python3.10/site-packages'
[9.850s] Level 1:colcon.colcon_core.environment:checking '/home/eia/repo/rbi_2025_2/scara/scara_ws/install/scara_mujoco_sim/bin'
[9.852s] INFO:colcon.colcon_core.shell:Creating package script '/home/eia/repo/rbi_2025_2/scara/scara_ws/install/scara_mujoco_sim/share/scara_mujoco_sim/package.ps1'
[9.855s] INFO:colcon.colcon_core.shell:Creating package descriptor '/home/eia/repo/rbi_2025_2/scara/scara_ws/install/scara_mujoco_sim/share/scara_mujoco_sim/package.dsv'
[9.858s] INFO:colcon.colcon_core.shell:Creating package script '/home/eia/repo/rbi_2025_2/scara/scara_ws/install/scara_mujoco_sim/share/scara_mujoco_sim/package.sh'
[9.861s] INFO:colcon.colcon_core.shell:Creating package script '/home/eia/repo/rbi_2025_2/scara/scara_ws/install/scara_mujoco_sim/share/scara_mujoco_sim/package.bash'
[9.863s] INFO:colcon.colcon_core.shell:Creating package script '/home/eia/repo/rbi_2025_2/scara/scara_ws/install/scara_mujoco_sim/share/scara_mujoco_sim/package.zsh'
[9.866s] Level 1:colcon.colcon_core.environment:create_file_with_runtime_dependencies(/home/eia/repo/rbi_2025_2/scara/scara_ws/install/scara_mujoco_sim/share/colcon-core/packages/scara_mujoco_sim)
[9.870s] Level 1:colcon.colcon_core.environment:create_environment_scripts_only(scara_mujoco_sim)
[9.872s] Level 1:colcon.colcon_core.environment:checking '/home/eia/repo/rbi_2025_2/scara/scara_ws/install/scara_mujoco_sim' for CMake module files
[9.875s] Level 1:colcon.colcon_core.environment:checking '/home/eia/repo/rbi_2025_2/scara/scara_ws/install/scara_mujoco_sim' for CMake config files
[9.877s] Level 1:colcon.colcon_core.shell:create_environment_hook('scara_mujoco_sim', 'cmake_prefix_path')
[9.879s] INFO:colcon.colcon_core.shell:Creating environment hook '/home/eia/repo/rbi_2025_2/scara/scara_ws/install/scara_mujoco_sim/share/scara_mujoco_sim/hook/cmake_prefix_path.ps1'
[9.882s] INFO:colcon.colcon_core.shell:Creating environment descriptor '/home/eia/repo/rbi_2025_2/scara/scara_ws/install/scara_mujoco_sim/share/scara_mujoco_sim/hook/cmake_prefix_path.dsv'
[9.884s] INFO:colcon.colcon_core.shell:Creating environment hook '/home/eia/repo/rbi_2025_2/scara/scara_ws/install/scara_mujoco_sim/share/scara_mujoco_sim/hook/cmake_prefix_path.sh'
[9.887s] Level 1:colcon.colcon_core.environment:checking '/home/eia/repo/rbi_2025_2/scara/scara_ws/install/scara_mujoco_sim/lib'
[9.888s] Level 1:colcon.colcon_core.shell:create_environment_hook('scara_mujoco_sim', 'ld_library_path_lib')
[9.889s] INFO:colcon.colcon_core.shell:Creating environment hook '/home/eia/repo/rbi_2025_2/scara/scara_ws/install/scara_mujoco_sim/share/scara_mujoco_sim/hook/ld_library_path_lib.ps1'
[9.891s] INFO:colcon.colcon_core.shell:Creating environment descriptor '/home/eia/repo/rbi_2025_2/scara/scara_ws/install/scara_mujoco_sim/share/scara_mujoco_sim/hook/ld_library_path_lib.dsv'
[9.893s] INFO:colcon.colcon_core.shell:Creating environment hook '/home/eia/repo/rbi_2025_2/scara/scara_ws/install/scara_mujoco_sim/share/scara_mujoco_sim/hook/ld_library_path_lib.sh'
[9.896s] Level 1:colcon.colcon_core.environment:checking '/home/eia/repo/rbi_2025_2/scara/scara_ws/install/scara_mujoco_sim/bin'
[9.896s] Level 1:colcon.colcon_core.environment:checking '/home/eia/repo/rbi_2025_2/scara/scara_ws/install/scara_mujoco_sim/lib/pkgconfig/scara_mujoco_sim.pc'
[9.900s] Level 1:colcon.colcon_core.environment:checking '/home/eia/repo/rbi_2025_2/scara/scara_ws/install/scara_mujoco_sim/lib/python3.10/site-packages'
[9.902s] Level 1:colcon.colcon_core.environment:checking '/home/eia/repo/rbi_2025_2/scara/scara_ws/install/scara_mujoco_sim/bin'
[9.906s] INFO:colcon.colcon_core.shell:Creating package script '/home/eia/repo/rbi_2025_2/scara/scara_ws/install/scara_mujoco_sim/share/scara_mujoco_sim/package.ps1'
[9.911s] INFO:colcon.colcon_core.shell:Creating package descriptor '/home/eia/repo/rbi_2025_2/scara/scara_ws/install/scara_mujoco_sim/share/scara_mujoco_sim/package.dsv'
[9.917s] INFO:colcon.colcon_core.shell:Creating package script '/home/eia/repo/rbi_2025_2/scara/scara_ws/install/scara_mujoco_sim/share/scara_mujoco_sim/package.sh'
[9.924s] INFO:colcon.colcon_core.shell:Creating package script '/home/eia/repo/rbi_2025_2/scara/scara_ws/install/scara_mujoco_sim/share/scara_mujoco_sim/package.bash'
[9.930s] INFO:colcon.colcon_core.shell:Creating package script '/home/eia/repo/rbi_2025_2/scara/scara_ws/install/scara_mujoco_sim/share/scara_mujoco_sim/package.zsh'
[9.935s] Level 1:colcon.colcon_core.environment:create_file_with_runtime_dependencies(/home/eia/repo/rbi_2025_2/scara/scara_ws/install/scara_mujoco_sim/share/colcon-core/packages/scara_mujoco_sim)
[9.951s] Level 1:colcon.colcon_core.environment:create_environment_scripts_only(scara_real_bringup)
[9.953s] Level 1:colcon.colcon_core.environment:checking '/home/eia/repo/rbi_2025_2/scara/scara_ws/install/scara_real_bringup' for CMake module files
[9.960s] Level 1:colcon.colcon_core.environment:checking '/home/eia/repo/rbi_2025_2/scara/scara_ws/install/scara_real_bringup' for CMake config files
[9.970s] DEBUG:colcon.colcon_core.event_handler.log_command:Invoked command in '/home/eia/repo/rbi_2025_2/scara/scara_ws/build/scara_real_bringup' returned '0': CMAKE_PREFIX_PATH=${CMAKE_PREFIX_PATH}:/home/eia/repo/rbi_2025_2/scara/scara_ws/install/scara_tf_generator:/home/eia/repo/rbi_2025_2/scara/scara_ws/install/scara_path_generator:/home/eia/repo/rbi_2025_2/scara/scara_ws/install/scara_path_controller:/home/eia/repo/rbi_2025_2/scara/scara_ws/install/scara_mujoco_python_sim:/home/eia/repo/rbi_2025_2/scara/scara_ws/install/scara_general_ik_solver:/home/eia/repo/rbi_2025_2/scara/scara_ws/install/premade_path_publisher:/opt/ros/humble /usr/bin/cmake --install /home/eia/repo/rbi_2025_2/scara/scara_ws/build/scara_real_bringup
[9.974s] Level 1:colcon.colcon_core.shell:create_environment_hook('scara_real_bringup', 'cmake_prefix_path')
[9.976s] INFO:colcon.colcon_core.shell:Creating environment hook '/home/eia/repo/rbi_2025_2/scara/scara_ws/install/scara_real_bringup/share/scara_real_bringup/hook/cmake_prefix_path.ps1'
[9.981s] INFO:colcon.colcon_core.shell:Creating environment descriptor '/home/eia/repo/rbi_2025_2/scara/scara_ws/install/scara_real_bringup/share/scara_real_bringup/hook/cmake_prefix_path.dsv'
[9.987s] INFO:colcon.colcon_core.shell:Creating environment hook '/home/eia/repo/rbi_2025_2/scara/scara_ws/install/scara_real_bringup/share/scara_real_bringup/hook/cmake_prefix_path.sh'
[9.993s] Level 1:colcon.colcon_core.environment:checking '/home/eia/repo/rbi_2025_2/scara/scara_ws/install/scara_real_bringup/bin'
[9.994s] Level 1:colcon.colcon_core.environment:checking '/home/eia/repo/rbi_2025_2/scara/scara_ws/install/scara_real_bringup/lib/pkgconfig/scara_real_bringup.pc'
[10.000s] Level 1:colcon.colcon_core.environment:checking '/home/eia/repo/rbi_2025_2/scara/scara_ws/install/scara_real_bringup/lib/python3.10/site-packages'
[10.002s] Level 1:colcon.colcon_core.environment:checking '/home/eia/repo/rbi_2025_2/scara/scara_ws/install/scara_real_bringup/bin'
[10.007s] INFO:colcon.colcon_core.shell:Creating package script '/home/eia/repo/rbi_2025_2/scara/scara_ws/install/scara_real_bringup/share/scara_real_bringup/package.ps1'
[10.014s] INFO:colcon.colcon_core.shell:Creating package descriptor '/home/eia/repo/rbi_2025_2/scara/scara_ws/install/scara_real_bringup/share/scara_real_bringup/package.dsv'
[10.021s] INFO:colcon.colcon_core.shell:Creating package script '/home/eia/repo/rbi_2025_2/scara/scara_ws/install/scara_real_bringup/share/scara_real_bringup/package.sh'
[10.024s] INFO:colcon.colcon_core.shell:Creating package script '/home/eia/repo/rbi_2025_2/scara/scara_ws/install/scara_real_bringup/share/scara_real_bringup/package.bash'
[10.029s] INFO:colcon.colcon_core.shell:Creating package script '/home/eia/repo/rbi_2025_2/scara/scara_ws/install/scara_real_bringup/share/scara_real_bringup/package.zsh'
[10.034s] Level 1:colcon.colcon_core.environment:create_file_with_runtime_dependencies(/home/eia/repo/rbi_2025_2/scara/scara_ws/install/scara_real_bringup/share/colcon-core/packages/scara_real_bringup)
[10.038s] Level 1:colcon.colcon_core.environment:create_environment_scripts_only(scara_real_bringup)
[10.043s] Level 1:colcon.colcon_core.environment:checking '/home/eia/repo/rbi_2025_2/scara/scara_ws/install/scara_real_bringup' for CMake module files
[10.050s] Level 1:colcon.colcon_core.environment:checking '/home/eia/repo/rbi_2025_2/scara/scara_ws/install/scara_real_bringup' for CMake config files
[10.054s] Level 1:colcon.colcon_core.shell:create_environment_hook('scara_real_bringup', 'cmake_prefix_path')
[10.057s] INFO:colcon.colcon_core.shell:Creating environment hook '/home/eia/repo/rbi_2025_2/scara/scara_ws/install/scara_real_bringup/share/scara_real_bringup/hook/cmake_prefix_path.ps1'
[10.063s] INFO:colcon.colcon_core.shell:Creating environment descriptor '/home/eia/repo/rbi_2025_2/scara/scara_ws/install/scara_real_bringup/share/scara_real_bringup/hook/cmake_prefix_path.dsv'
[10.068s] INFO:colcon.colcon_core.shell:Creating environment hook '/home/eia/repo/rbi_2025_2/scara/scara_ws/install/scara_real_bringup/share/scara_real_bringup/hook/cmake_prefix_path.sh'
[10.077s] Level 1:colcon.colcon_core.environment:checking '/home/eia/repo/rbi_2025_2/scara/scara_ws/install/scara_real_bringup/bin'
[10.078s] Level 1:colcon.colcon_core.environment:checking '/home/eia/repo/rbi_2025_2/scara/scara_ws/install/scara_real_bringup/lib/pkgconfig/scara_real_bringup.pc'
[10.079s] Level 1:colcon.colcon_core.environment:checking '/home/eia/repo/rbi_2025_2/scara/scara_ws/install/scara_real_bringup/lib/python3.10/site-packages'
[10.086s] Level 1:colcon.colcon_core.environment:checking '/home/eia/repo/rbi_2025_2/scara/scara_ws/install/scara_real_bringup/bin'
[10.089s] INFO:colcon.colcon_core.shell:Creating package script '/home/eia/repo/rbi_2025_2/scara/scara_ws/install/scara_real_bringup/share/scara_real_bringup/package.ps1'
[10.098s] INFO:colcon.colcon_core.shell:Creating package descriptor '/home/eia/repo/rbi_2025_2/scara/scara_ws/install/scara_real_bringup/share/scara_real_bringup/package.dsv'
[10.107s] INFO:colcon.colcon_core.shell:Creating package script '/home/eia/repo/rbi_2025_2/scara/scara_ws/install/scara_real_bringup/share/scara_real_bringup/package.sh'
[10.114s] INFO:colcon.colcon_core.shell:Creating package script '/home/eia/repo/rbi_2025_2/scara/scara_ws/install/scara_real_bringup/share/scara_real_bringup/package.bash'
[10.126s] INFO:colcon.colcon_core.shell:Creating package script '/home/eia/repo/rbi_2025_2/scara/scara_ws/install/scara_real_bringup/share/scara_real_bringup/package.zsh'
[10.135s] Level 1:colcon.colcon_core.environment:create_file_with_runtime_dependencies(/home/eia/repo/rbi_2025_2/scara/scara_ws/install/scara_real_bringup/share/colcon-core/packages/scara_real_bringup)
[10.162s] DEBUG:colcon.colcon_core.event_handler.log_command:Invoking command in '/home/eia/repo/rbi_2025_2/scara/scara_ws/build/scara_real_description': CMAKE_PREFIX_PATH=${CMAKE_PREFIX_PATH}:/home/eia/repo/rbi_2025_2/scara/scara_ws/install/scara_tf_generator:/home/eia/repo/rbi_2025_2/scara/scara_ws/install/scara_path_generator:/home/eia/repo/rbi_2025_2/scara/scara_ws/install/scara_path_controller:/home/eia/repo/rbi_2025_2/scara/scara_ws/install/scara_mujoco_python_sim:/home/eia/repo/rbi_2025_2/scara/scara_ws/install/scara_general_ik_solver:/home/eia/repo/rbi_2025_2/scara/scara_ws/install/premade_path_publisher:/opt/ros/humble /usr/bin/cmake --build /home/eia/repo/rbi_2025_2/scara/scara_ws/build/scara_real_description -- -j12 -l12
[11.826s] INFO:colcon.colcon_core.task.python.build:Building Python package in '/home/eia/repo/rbi_2025_2/scara/scara_ws/src/scara_tf_generator'
[11.827s] INFO:colcon.colcon_core.shell:Skip shell extension 'powershell' for command environment: Not usable outside of PowerShell
[11.827s] DEBUG:colcon.colcon_core.shell:Skip shell extension 'dsv' for command environment
[11.859s] DEBUG:colcon.colcon_core.event_handler.log_command:Invoking command in '/home/eia/repo/rbi_2025_2/scara/scara_ws/build/premade_path_publisher': PYTHONPATH=/home/eia/repo/rbi_2025_2/scara/scara_ws/build/premade_path_publisher/prefix_override:/home/eia/.local/lib/python3.10/site-packages/colcon_core/task/python/colcon_distutils_commands:/home/eia/repo/rbi_2025_2/scara/scara_ws/install/premade_path_publisher/lib/python3.10/site-packages:${PYTHONPATH} /usr/bin/python3 -W ignore:setup.py install is deprecated -W ignore:easy_install command is deprecated setup.py develop --editable --build-directory /home/eia/repo/rbi_2025_2/scara/scara_ws/build/premade_path_publisher/build --no-deps symlink_data
[11.870s] DEBUG:colcon.colcon_core.event_handler.log_command:Invoking command in '/home/eia/repo/rbi_2025_2/scara/scara_ws/build/scara_mujoco_python_sim': PYTHONPATH=/home/eia/repo/rbi_2025_2/scara/scara_ws/build/scara_mujoco_python_sim/prefix_override:/home/eia/.local/lib/python3.10/site-packages/colcon_core/task/python/colcon_distutils_commands:/home/eia/repo/rbi_2025_2/scara/scara_ws/install/scara_mujoco_python_sim/lib/python3.10/site-packages:${PYTHONPATH} /usr/bin/python3 -W ignore:setup.py install is deprecated -W ignore:easy_install command is deprecated setup.py develop --editable --build-directory /home/eia/repo/rbi_2025_2/scara/scara_ws/build/scara_mujoco_python_sim/build --no-deps symlink_data
[11.885s] DEBUG:colcon.colcon_core.event_handler.log_command:Invoking command in '/home/eia/repo/rbi_2025_2/scara/scara_ws/build/scara_path_generator': PYTHONPATH=/home/eia/repo/rbi_2025_2/scara/scara_ws/build/scara_path_generator/prefix_override:/home/eia/.local/lib/python3.10/site-packages/colcon_core/task/python/colcon_distutils_commands:/home/eia/repo/rbi_2025_2/scara/scara_ws/install/scara_path_generator/lib/python3.10/site-packages:${PYTHONPATH} /usr/bin/python3 -W ignore:setup.py install is deprecated -W ignore:easy_install command is deprecated setup.py develop --editable --build-directory /home/eia/repo/rbi_2025_2/scara/scara_ws/build/scara_path_generator/build --no-deps symlink_data
[11.890s] DEBUG:colcon.colcon_core.event_handler.log_command:Invoked command in '/home/eia/repo/rbi_2025_2/scara/scara_ws/build/scara_real_description' returned '0': CMAKE_PREFIX_PATH=${CMAKE_PREFIX_PATH}:/home/eia/repo/rbi_2025_2/scara/scara_ws/install/scara_tf_generator:/home/eia/repo/rbi_2025_2/scara/scara_ws/install/scara_path_generator:/home/eia/repo/rbi_2025_2/scara/scara_ws/install/scara_path_controller:/home/eia/repo/rbi_2025_2/scara/scara_ws/install/scara_mujoco_python_sim:/home/eia/repo/rbi_2025_2/scara/scara_ws/install/scara_general_ik_solver:/home/eia/repo/rbi_2025_2/scara/scara_ws/install/premade_path_publisher:/opt/ros/humble /usr/bin/cmake --build /home/eia/repo/rbi_2025_2/scara/scara_ws/build/scara_real_description -- -j12 -l12
[11.895s] DEBUG:colcon.colcon_core.event_handler.log_command:Invoking command in '/home/eia/repo/rbi_2025_2/scara/scara_ws/build/scara_real_description': CMAKE_PREFIX_PATH=${CMAKE_PREFIX_PATH}:/home/eia/repo/rbi_2025_2/scara/scara_ws/install/scara_tf_generator:/home/eia/repo/rbi_2025_2/scara/scara_ws/install/scara_path_generator:/home/eia/repo/rbi_2025_2/scara/scara_ws/install/scara_path_controller:/home/eia/repo/rbi_2025_2/scara/scara_ws/install/scara_mujoco_python_sim:/home/eia/repo/rbi_2025_2/scara/scara_ws/install/scara_general_ik_solver:/home/eia/repo/rbi_2025_2/scara/scara_ws/install/premade_path_publisher:/opt/ros/humble /usr/bin/cmake --install /home/eia/repo/rbi_2025_2/scara/scara_ws/build/scara_real_description
[11.995s] Level 1:colcon.colcon_core.environment:create_environment_scripts_only(scara_real_description)
[11.996s] Level 1:colcon.colcon_core.environment:checking '/home/eia/repo/rbi_2025_2/scara/scara_ws/install/scara_real_description' for CMake module files
[12.000s] DEBUG:colcon.colcon_core.event_handler.log_command:Invoked command in '/home/eia/repo/rbi_2025_2/scara/scara_ws/build/scara_real_description' returned '0': CMAKE_PREFIX_PATH=${CMAKE_PREFIX_PATH}:/home/eia/repo/rbi_2025_2/scara/scara_ws/install/scara_tf_generator:/home/eia/repo/rbi_2025_2/scara/scara_ws/install/scara_path_generator:/home/eia/repo/rbi_2025_2/scara/scara_ws/install/scara_path_controller:/home/eia/repo/rbi_2025_2/scara/scara_ws/install/scara_mujoco_python_sim:/home/eia/repo/rbi_2025_2/scara/scara_ws/install/scara_general_ik_solver:/home/eia/repo/rbi_2025_2/scara/scara_ws/install/premade_path_publisher:/opt/ros/humble /usr/bin/cmake --install /home/eia/repo/rbi_2025_2/scara/scara_ws/build/scara_real_description
[12.002s] Level 1:colcon.colcon_core.environment:checking '/home/eia/repo/rbi_2025_2/scara/scara_ws/install/scara_real_description' for CMake config files
[12.004s] Level 1:colcon.colcon_core.shell:create_environment_hook('scara_real_description', 'cmake_prefix_path')
[12.006s] INFO:colcon.colcon_core.shell:Creating environment hook '/home/eia/repo/rbi_2025_2/scara/scara_ws/install/scara_real_description/share/scara_real_description/hook/cmake_prefix_path.ps1'
[12.009s] INFO:colcon.colcon_core.shell:Creating environment descriptor '/home/eia/repo/rbi_2025_2/scara/scara_ws/install/scara_real_description/share/scara_real_description/hook/cmake_prefix_path.dsv'
[12.011s] INFO:colcon.colcon_core.shell:Creating environment hook '/home/eia/repo/rbi_2025_2/scara/scara_ws/install/scara_real_description/share/scara_real_description/hook/cmake_prefix_path.sh'
[12.014s] Level 1:colcon.colcon_core.environment:checking '/home/eia/repo/rbi_2025_2/scara/scara_ws/install/scara_real_description/bin'
[12.015s] Level 1:colcon.colcon_core.environment:checking '/home/eia/repo/rbi_2025_2/scara/scara_ws/install/scara_real_description/lib/pkgconfig/scara_real_description.pc'
[12.016s] Level 1:colcon.colcon_core.environment:checking '/home/eia/repo/rbi_2025_2/scara/scara_ws/install/scara_real_description/lib/python3.10/site-packages'
[12.018s] Level 1:colcon.colcon_core.environment:checking '/home/eia/repo/rbi_2025_2/scara/scara_ws/install/scara_real_description/bin'
[12.020s] INFO:colcon.colcon_core.shell:Creating package script '/home/eia/repo/rbi_2025_2/scara/scara_ws/install/scara_real_description/share/scara_real_description/package.ps1'
[12.024s] INFO:colcon.colcon_core.shell:Creating package descriptor '/home/eia/repo/rbi_2025_2/scara/scara_ws/install/scara_real_description/share/scara_real_description/package.dsv'
[12.026s] INFO:colcon.colcon_core.shell:Creating package script '/home/eia/repo/rbi_2025_2/scara/scara_ws/install/scara_real_description/share/scara_real_description/package.sh'
[12.029s] INFO:colcon.colcon_core.shell:Creating package script '/home/eia/repo/rbi_2025_2/scara/scara_ws/install/scara_real_description/share/scara_real_description/package.bash'
[12.031s] INFO:colcon.colcon_core.shell:Creating package script '/home/eia/repo/rbi_2025_2/scara/scara_ws/install/scara_real_description/share/scara_real_description/package.zsh'
[12.034s] Level 1:colcon.colcon_core.environment:create_file_with_runtime_dependencies(/home/eia/repo/rbi_2025_2/scara/scara_ws/install/scara_real_description/share/colcon-core/packages/scara_real_description)
[12.037s] Level 1:colcon.colcon_core.environment:create_environment_scripts_only(scara_real_description)
[12.039s] Level 1:colcon.colcon_core.environment:checking '/home/eia/repo/rbi_2025_2/scara/scara_ws/install/scara_real_description' for CMake module files
[12.042s] Level 1:colcon.colcon_core.environment:checking '/home/eia/repo/rbi_2025_2/scara/scara_ws/install/scara_real_description' for CMake config files
[12.044s] Level 1:colcon.colcon_core.shell:create_environment_hook('scara_real_description', 'cmake_prefix_path')
[12.045s] INFO:colcon.colcon_core.shell:Creating environment hook '/home/eia/repo/rbi_2025_2/scara/scara_ws/install/scara_real_description/share/scara_real_description/hook/cmake_prefix_path.ps1'
[12.048s] INFO:colcon.colcon_core.shell:Creating environment descriptor '/home/eia/repo/rbi_2025_2/scara/scara_ws/install/scara_real_description/share/scara_real_description/hook/cmake_prefix_path.dsv'
[12.050s] INFO:colcon.colcon_core.shell:Creating environment hook '/home/eia/repo/rbi_2025_2/scara/scara_ws/install/scara_real_description/share/scara_real_description/hook/cmake_prefix_path.sh'
[12.053s] Level 1:colcon.colcon_core.environment:checking '/home/eia/repo/rbi_2025_2/scara/scara_ws/install/scara_real_description/bin'
[12.054s] Level 1:colcon.colcon_core.environment:checking '/home/eia/repo/rbi_2025_2/scara/scara_ws/install/scara_real_description/lib/pkgconfig/scara_real_description.pc'
[12.055s] Level 1:colcon.colcon_core.environment:checking '/home/eia/repo/rbi_2025_2/scara/scara_ws/install/scara_real_description/lib/python3.10/site-packages'
[12.057s] Level 1:colcon.colcon_core.environment:checking '/home/eia/repo/rbi_2025_2/scara/scara_ws/install/scara_real_description/bin'
[12.059s] INFO:colcon.colcon_core.shell:Creating package script '/home/eia/repo/rbi_2025_2/scara/scara_ws/install/scara_real_description/share/scara_real_description/package.ps1'
[12.062s] INFO:colcon.colcon_core.shell:Creating package descriptor '/home/eia/repo/rbi_2025_2/scara/scara_ws/install/scara_real_description/share/scara_real_description/package.dsv'
[12.066s] INFO:colcon.colcon_core.shell:Creating package script '/home/eia/repo/rbi_2025_2/scara/scara_ws/install/scara_real_description/share/scara_real_description/package.sh'
[12.070s] INFO:colcon.colcon_core.shell:Creating package script '/home/eia/repo/rbi_2025_2/scara/scara_ws/install/scara_real_description/share/scara_real_description/package.bash'
[12.073s] INFO:colcon.colcon_core.shell:Creating package script '/home/eia/repo/rbi_2025_2/scara/scara_ws/install/scara_real_description/share/scara_real_description/package.zsh'
[12.081s] Level 1:colcon.colcon_core.environment:create_file_with_runtime_dependencies(/home/eia/repo/rbi_2025_2/scara/scara_ws/install/scara_real_description/share/colcon-core/packages/scara_real_description)
[12.200s] DEBUG:colcon.colcon_core.event_handler.log_command:Invoking command in '/home/eia/repo/rbi_2025_2/scara/scara_ws/build/scara_general_ik_solver': PYTHONPATH=/home/eia/repo/rbi_2025_2/scara/scara_ws/build/scara_general_ik_solver/prefix_override:/home/eia/.local/lib/python3.10/site-packages/colcon_core/task/python/colcon_distutils_commands:/home/eia/repo/rbi_2025_2/scara/scara_ws/install/scara_general_ik_solver/lib/python3.10/site-packages:${PYTHONPATH} /usr/bin/python3 -W ignore:setup.py install is deprecated -W ignore:easy_install command is deprecated setup.py develop --editable --build-directory /home/eia/repo/rbi_2025_2/scara/scara_ws/build/scara_general_ik_solver/build --no-deps symlink_data
[12.379s] DEBUG:colcon.colcon_core.event_handler.log_command:Invoking command in '/home/eia/repo/rbi_2025_2/scara/scara_ws/build/scara_path_controller': PYTHONPATH=/home/eia/repo/rbi_2025_2/scara/scara_ws/build/scara_path_controller/prefix_override:/home/eia/.local/lib/python3.10/site-packages/colcon_core/task/python/colcon_distutils_commands:/home/eia/repo/rbi_2025_2/scara/scara_ws/install/scara_path_controller/lib/python3.10/site-packages:${PYTHONPATH} /usr/bin/python3 -W ignore:setup.py install is deprecated -W ignore:easy_install command is deprecated setup.py develop --editable --build-directory /home/eia/repo/rbi_2025_2/scara/scara_ws/build/scara_path_controller/build --no-deps symlink_data
[14.857s] DEBUG:colcon.colcon_core.event_handler.log_command:Invoking command in '/home/eia/repo/rbi_2025_2/scara/scara_ws/build/scara_tf_generator': PYTHONPATH=/home/eia/repo/rbi_2025_2/scara/scara_ws/build/scara_tf_generator/prefix_override:/home/eia/.local/lib/python3.10/site-packages/colcon_core/task/python/colcon_distutils_commands:/home/eia/repo/rbi_2025_2/scara/scara_ws/install/scara_tf_generator/lib/python3.10/site-packages:${PYTHONPATH} /usr/bin/python3 -W ignore:setup.py install is deprecated -W ignore:easy_install command is deprecated setup.py develop --editable --build-directory /home/eia/repo/rbi_2025_2/scara/scara_ws/build/scara_tf_generator/build --no-deps symlink_data
[15.133s] Level 1:colcon.colcon_core.shell:create_environment_hook('scara_mujoco_python_sim', 'pythonpath_develop')
[15.134s] INFO:colcon.colcon_core.shell:Creating environment hook '/home/eia/repo/rbi_2025_2/scara/scara_ws/build/scara_mujoco_python_sim/share/scara_mujoco_python_sim/hook/pythonpath_develop.ps1'
[15.137s] INFO:colcon.colcon_core.shell:Creating environment descriptor '/home/eia/repo/rbi_2025_2/scara/scara_ws/build/scara_mujoco_python_sim/share/scara_mujoco_python_sim/hook/pythonpath_develop.dsv'
[15.141s] INFO:colcon.colcon_core.shell:Creating environment hook '/home/eia/repo/rbi_2025_2/scara/scara_ws/build/scara_mujoco_python_sim/share/scara_mujoco_python_sim/hook/pythonpath_develop.sh'
[15.142s] DEBUG:colcon.colcon_core.event_handler.log_command:Invoked command in '/home/eia/repo/rbi_2025_2/scara/scara_ws/build/scara_mujoco_python_sim' returned '0': PYTHONPATH=/home/eia/repo/rbi_2025_2/scara/scara_ws/build/scara_mujoco_python_sim/prefix_override:/home/eia/.local/lib/python3.10/site-packages/colcon_core/task/python/colcon_distutils_commands:/home/eia/repo/rbi_2025_2/scara/scara_ws/install/scara_mujoco_python_sim/lib/python3.10/site-packages:${PYTHONPATH} /usr/bin/python3 -W ignore:setup.py install is deprecated -W ignore:easy_install command is deprecated setup.py develop --editable --build-directory /home/eia/repo/rbi_2025_2/scara/scara_ws/build/scara_mujoco_python_sim/build --no-deps symlink_data
[15.146s] Level 1:colcon.colcon_core.environment:checking '/home/eia/repo/rbi_2025_2/scara/scara_ws/install/scara_mujoco_python_sim' for CMake module files
[15.148s] Level 1:colcon.colcon_core.environment:checking '/home/eia/repo/rbi_2025_2/scara/scara_ws/install/scara_mujoco_python_sim' for CMake config files
[15.150s] Level 1:colcon.colcon_core.environment:checking '/home/eia/repo/rbi_2025_2/scara/scara_ws/install/scara_mujoco_python_sim/lib'
[15.151s] Level 1:colcon.colcon_core.environment:checking '/home/eia/repo/rbi_2025_2/scara/scara_ws/install/scara_mujoco_python_sim/bin'
[15.151s] Level 1:colcon.colcon_core.environment:checking '/home/eia/repo/rbi_2025_2/scara/scara_ws/install/scara_mujoco_python_sim/lib/pkgconfig/scara_mujoco_python_sim.pc'
[15.152s] Level 1:colcon.colcon_core.environment:checking '/home/eia/repo/rbi_2025_2/scara/scara_ws/install/scara_mujoco_python_sim/lib/python3.10/site-packages'
[15.152s] Level 1:colcon.colcon_core.shell:create_environment_hook('scara_mujoco_python_sim', 'pythonpath')
[15.153s] INFO:colcon.colcon_core.shell:Creating environment hook '/home/eia/repo/rbi_2025_2/scara/scara_ws/install/scara_mujoco_python_sim/share/scara_mujoco_python_sim/hook/pythonpath.ps1'
[15.155s] INFO:colcon.colcon_core.shell:Creating environment descriptor '/home/eia/repo/rbi_2025_2/scara/scara_ws/install/scara_mujoco_python_sim/share/scara_mujoco_python_sim/hook/pythonpath.dsv'
[15.156s] INFO:colcon.colcon_core.shell:Creating environment hook '/home/eia/repo/rbi_2025_2/scara/scara_ws/install/scara_mujoco_python_sim/share/scara_mujoco_python_sim/hook/pythonpath.sh'
[15.158s] Level 1:colcon.colcon_core.environment:checking '/home/eia/repo/rbi_2025_2/scara/scara_ws/install/scara_mujoco_python_sim/bin'
[15.159s] Level 1:colcon.colcon_core.environment:create_environment_scripts_only(scara_mujoco_python_sim)
[15.160s] INFO:colcon.colcon_core.shell:Creating package script '/home/eia/repo/rbi_2025_2/scara/scara_ws/install/scara_mujoco_python_sim/share/scara_mujoco_python_sim/package.ps1'
[15.162s] INFO:colcon.colcon_core.shell:Creating package descriptor '/home/eia/repo/rbi_2025_2/scara/scara_ws/install/scara_mujoco_python_sim/share/scara_mujoco_python_sim/package.dsv'
[15.164s] INFO:colcon.colcon_core.shell:Creating package script '/home/eia/repo/rbi_2025_2/scara/scara_ws/install/scara_mujoco_python_sim/share/scara_mujoco_python_sim/package.sh'
[15.167s] INFO:colcon.colcon_core.shell:Creating package script '/home/eia/repo/rbi_2025_2/scara/scara_ws/install/scara_mujoco_python_sim/share/scara_mujoco_python_sim/package.bash'
[15.169s] INFO:colcon.colcon_core.shell:Creating package script '/home/eia/repo/rbi_2025_2/scara/scara_ws/install/scara_mujoco_python_sim/share/scara_mujoco_python_sim/package.zsh'
[15.171s] Level 1:colcon.colcon_core.environment:create_file_with_runtime_dependencies(/home/eia/repo/rbi_2025_2/scara/scara_ws/install/scara_mujoco_python_sim/share/colcon-core/packages/scara_mujoco_python_sim)
[15.552s] Level 1:colcon.colcon_core.shell:create_environment_hook('scara_path_generator', 'pythonpath_develop')
[15.554s] INFO:colcon.colcon_core.shell:Creating environment hook '/home/eia/repo/rbi_2025_2/scara/scara_ws/build/scara_path_generator/share/scara_path_generator/hook/pythonpath_develop.ps1'
[15.557s] DEBUG:colcon.colcon_core.event_handler.log_command:Invoked command in '/home/eia/repo/rbi_2025_2/scara/scara_ws/build/scara_path_generator' returned '0': PYTHONPATH=/home/eia/repo/rbi_2025_2/scara/scara_ws/build/scara_path_generator/prefix_override:/home/eia/.local/lib/python3.10/site-packages/colcon_core/task/python/colcon_distutils_commands:/home/eia/repo/rbi_2025_2/scara/scara_ws/install/scara_path_generator/lib/python3.10/site-packages:${PYTHONPATH} /usr/bin/python3 -W ignore:setup.py install is deprecated -W ignore:easy_install command is deprecated setup.py develop --editable --build-directory /home/eia/repo/rbi_2025_2/scara/scara_ws/build/scara_path_generator/build --no-deps symlink_data
[15.558s] INFO:colcon.colcon_core.shell:Creating environment descriptor '/home/eia/repo/rbi_2025_2/scara/scara_ws/build/scara_path_generator/share/scara_path_generator/hook/pythonpath_develop.dsv'
[15.561s] INFO:colcon.colcon_core.shell:Creating environment hook '/home/eia/repo/rbi_2025_2/scara/scara_ws/build/scara_path_generator/share/scara_path_generator/hook/pythonpath_develop.sh'
[15.563s] Level 1:colcon.colcon_core.environment:checking '/home/eia/repo/rbi_2025_2/scara/scara_ws/install/scara_path_generator' for CMake module files
[15.565s] Level 1:colcon.colcon_core.environment:checking '/home/eia/repo/rbi_2025_2/scara/scara_ws/install/scara_path_generator' for CMake config files
[15.567s] Level 1:colcon.colcon_core.environment:checking '/home/eia/repo/rbi_2025_2/scara/scara_ws/install/scara_path_generator/lib'
[15.567s] Level 1:colcon.colcon_core.environment:checking '/home/eia/repo/rbi_2025_2/scara/scara_ws/install/scara_path_generator/bin'
[15.567s] Level 1:colcon.colcon_core.environment:checking '/home/eia/repo/rbi_2025_2/scara/scara_ws/install/scara_path_generator/lib/pkgconfig/scara_path_generator.pc'
[15.569s] Level 1:colcon.colcon_core.environment:checking '/home/eia/repo/rbi_2025_2/scara/scara_ws/install/scara_path_generator/lib/python3.10/site-packages'
[15.569s] Level 1:colcon.colcon_core.shell:create_environment_hook('scara_path_generator', 'pythonpath')
[15.570s] INFO:colcon.colcon_core.shell:Creating environment hook '/home/eia/repo/rbi_2025_2/scara/scara_ws/install/scara_path_generator/share/scara_path_generator/hook/pythonpath.ps1'
[15.574s] INFO:colcon.colcon_core.shell:Creating environment descriptor '/home/eia/repo/rbi_2025_2/scara/scara_ws/install/scara_path_generator/share/scara_path_generator/hook/pythonpath.dsv'
[15.576s] INFO:colcon.colcon_core.shell:Creating environment hook '/home/eia/repo/rbi_2025_2/scara/scara_ws/install/scara_path_generator/share/scara_path_generator/hook/pythonpath.sh'
[15.579s] Level 1:colcon.colcon_core.environment:checking '/home/eia/repo/rbi_2025_2/scara/scara_ws/install/scara_path_generator/bin'
[15.579s] Level 1:colcon.colcon_core.environment:create_environment_scripts_only(scara_path_generator)
[15.582s] INFO:colcon.colcon_core.shell:Creating package script '/home/eia/repo/rbi_2025_2/scara/scara_ws/install/scara_path_generator/share/scara_path_generator/package.ps1'
[15.589s] INFO:colcon.colcon_core.shell:Creating package descriptor '/home/eia/repo/rbi_2025_2/scara/scara_ws/install/scara_path_generator/share/scara_path_generator/package.dsv'
[15.599s] INFO:colcon.colcon_core.shell:Creating package script '/home/eia/repo/rbi_2025_2/scara/scara_ws/install/scara_path_generator/share/scara_path_generator/package.sh'
[15.606s] INFO:colcon.colcon_core.shell:Creating package script '/home/eia/repo/rbi_2025_2/scara/scara_ws/install/scara_path_generator/share/scara_path_generator/package.bash'
[15.609s] INFO:colcon.colcon_core.shell:Creating package script '/home/eia/repo/rbi_2025_2/scara/scara_ws/install/scara_path_generator/share/scara_path_generator/package.zsh'
[15.615s] Level 1:colcon.colcon_core.environment:create_file_with_runtime_dependencies(/home/eia/repo/rbi_2025_2/scara/scara_ws/install/scara_path_generator/share/colcon-core/packages/scara_path_generator)
[15.758s] Level 1:colcon.colcon_core.shell:create_environment_hook('scara_general_ik_solver', 'pythonpath_develop')
[15.759s] INFO:colcon.colcon_core.shell:Creating environment hook '/home/eia/repo/rbi_2025_2/scara/scara_ws/build/scara_general_ik_solver/share/scara_general_ik_solver/hook/pythonpath_develop.ps1'
[15.762s] DEBUG:colcon.colcon_core.event_handler.log_command:Invoked command in '/home/eia/repo/rbi_2025_2/scara/scara_ws/build/scara_general_ik_solver' returned '0': PYTHONPATH=/home/eia/repo/rbi_2025_2/scara/scara_ws/build/scara_general_ik_solver/prefix_override:/home/eia/.local/lib/python3.10/site-packages/colcon_core/task/python/colcon_distutils_commands:/home/eia/repo/rbi_2025_2/scara/scara_ws/install/scara_general_ik_solver/lib/python3.10/site-packages:${PYTHONPATH} /usr/bin/python3 -W ignore:setup.py install is deprecated -W ignore:easy_install command is deprecated setup.py develop --editable --build-directory /home/eia/repo/rbi_2025_2/scara/scara_ws/build/scara_general_ik_solver/build --no-deps symlink_data
[15.764s] INFO:colcon.colcon_core.shell:Creating environment descriptor '/home/eia/repo/rbi_2025_2/scara/scara_ws/build/scara_general_ik_solver/share/scara_general_ik_solver/hook/pythonpath_develop.dsv'
[15.765s] INFO:colcon.colcon_core.shell:Creating environment hook '/home/eia/repo/rbi_2025_2/scara/scara_ws/build/scara_general_ik_solver/share/scara_general_ik_solver/hook/pythonpath_develop.sh'
[15.768s] Level 1:colcon.colcon_core.environment:checking '/home/eia/repo/rbi_2025_2/scara/scara_ws/install/scara_general_ik_solver' for CMake module files
[15.769s] Level 1:colcon.colcon_core.environment:checking '/home/eia/repo/rbi_2025_2/scara/scara_ws/install/scara_general_ik_solver' for CMake config files
[15.771s] Level 1:colcon.colcon_core.environment:checking '/home/eia/repo/rbi_2025_2/scara/scara_ws/install/scara_general_ik_solver/lib'
[15.772s] Level 1:colcon.colcon_core.environment:checking '/home/eia/repo/rbi_2025_2/scara/scara_ws/install/scara_general_ik_solver/bin'
[15.772s] Level 1:colcon.colcon_core.environment:checking '/home/eia/repo/rbi_2025_2/scara/scara_ws/install/scara_general_ik_solver/lib/pkgconfig/scara_general_ik_solver.pc'
[15.773s] Level 1:colcon.colcon_core.environment:checking '/home/eia/repo/rbi_2025_2/scara/scara_ws/install/scara_general_ik_solver/lib/python3.10/site-packages'
[15.773s] Level 1:colcon.colcon_core.shell:create_environment_hook('scara_general_ik_solver', 'pythonpath')
[15.774s] INFO:colcon.colcon_core.shell:Creating environment hook '/home/eia/repo/rbi_2025_2/scara/scara_ws/install/scara_general_ik_solver/share/scara_general_ik_solver/hook/pythonpath.ps1'
[15.776s] INFO:colcon.colcon_core.shell:Creating environment descriptor '/home/eia/repo/rbi_2025_2/scara/scara_ws/install/scara_general_ik_solver/share/scara_general_ik_solver/hook/pythonpath.dsv'
[15.778s] INFO:colcon.colcon_core.shell:Creating environment hook '/home/eia/repo/rbi_2025_2/scara/scara_ws/install/scara_general_ik_solver/share/scara_general_ik_solver/hook/pythonpath.sh'
[15.781s] Level 1:colcon.colcon_core.environment:checking '/home/eia/repo/rbi_2025_2/scara/scara_ws/install/scara_general_ik_solver/bin'
[15.782s] Level 1:colcon.colcon_core.environment:create_environment_scripts_only(scara_general_ik_solver)
[15.784s] INFO:colcon.colcon_core.shell:Creating package script '/home/eia/repo/rbi_2025_2/scara/scara_ws/install/scara_general_ik_solver/share/scara_general_ik_solver/package.ps1'
[15.788s] INFO:colcon.colcon_core.shell:Creating package descriptor '/home/eia/repo/rbi_2025_2/scara/scara_ws/install/scara_general_ik_solver/share/scara_general_ik_solver/package.dsv'
[15.790s] INFO:colcon.colcon_core.shell:Creating package script '/home/eia/repo/rbi_2025_2/scara/scara_ws/install/scara_general_ik_solver/share/scara_general_ik_solver/package.sh'
[15.793s] INFO:colcon.colcon_core.shell:Creating package script '/home/eia/repo/rbi_2025_2/scara/scara_ws/install/scara_general_ik_solver/share/scara_general_ik_solver/package.bash'
[15.795s] INFO:colcon.colcon_core.shell:Creating package script '/home/eia/repo/rbi_2025_2/scara/scara_ws/install/scara_general_ik_solver/share/scara_general_ik_solver/package.zsh'
[15.797s] Level 1:colcon.colcon_core.environment:create_file_with_runtime_dependencies(/home/eia/repo/rbi_2025_2/scara/scara_ws/install/scara_general_ik_solver/share/colcon-core/packages/scara_general_ik_solver)
[15.862s] Level 1:colcon.colcon_core.shell:create_environment_hook('scara_path_controller', 'pythonpath_develop')
[15.864s] DEBUG:colcon.colcon_core.event_handler.log_command:Invoked command in '/home/eia/repo/rbi_2025_2/scara/scara_ws/build/scara_path_controller' returned '0': PYTHONPATH=/home/eia/repo/rbi_2025_2/scara/scara_ws/build/scara_path_controller/prefix_override:/home/eia/.local/lib/python3.10/site-packages/colcon_core/task/python/colcon_distutils_commands:/home/eia/repo/rbi_2025_2/scara/scara_ws/install/scara_path_controller/lib/python3.10/site-packages:${PYTHONPATH} /usr/bin/python3 -W ignore:setup.py install is deprecated -W ignore:easy_install command is deprecated setup.py develop --editable --build-directory /home/eia/repo/rbi_2025_2/scara/scara_ws/build/scara_path_controller/build --no-deps symlink_data
[15.865s] INFO:colcon.colcon_core.shell:Creating environment hook '/home/eia/repo/rbi_2025_2/scara/scara_ws/build/scara_path_controller/share/scara_path_controller/hook/pythonpath_develop.ps1'
[15.867s] INFO:colcon.colcon_core.shell:Creating environment descriptor '/home/eia/repo/rbi_2025_2/scara/scara_ws/build/scara_path_controller/share/scara_path_controller/hook/pythonpath_develop.dsv'
[15.868s] INFO:colcon.colcon_core.shell:Creating environment hook '/home/eia/repo/rbi_2025_2/scara/scara_ws/build/scara_path_controller/share/scara_path_controller/hook/pythonpath_develop.sh'
[15.871s] Level 1:colcon.colcon_core.environment:checking '/home/eia/repo/rbi_2025_2/scara/scara_ws/install/scara_path_controller' for CMake module files
[15.872s] Level 1:colcon.colcon_core.environment:checking '/home/eia/repo/rbi_2025_2/scara/scara_ws/install/scara_path_controller' for CMake config files
[15.874s] Level 1:colcon.colcon_core.environment:checking '/home/eia/repo/rbi_2025_2/scara/scara_ws/install/scara_path_controller/lib'
[15.874s] Level 1:colcon.colcon_core.environment:checking '/home/eia/repo/rbi_2025_2/scara/scara_ws/install/scara_path_controller/bin'
[15.875s] Level 1:colcon.colcon_core.environment:checking '/home/eia/repo/rbi_2025_2/scara/scara_ws/install/scara_path_controller/lib/pkgconfig/scara_path_controller.pc'
[15.876s] Level 1:colcon.colcon_core.environment:checking '/home/eia/repo/rbi_2025_2/scara/scara_ws/install/scara_path_controller/lib/python3.10/site-packages'
[15.876s] Level 1:colcon.colcon_core.shell:create_environment_hook('scara_path_controller', 'pythonpath')
[15.877s] INFO:colcon.colcon_core.shell:Creating environment hook '/home/eia/repo/rbi_2025_2/scara/scara_ws/install/scara_path_controller/share/scara_path_controller/hook/pythonpath.ps1'
[15.878s] INFO:colcon.colcon_core.shell:Creating environment descriptor '/home/eia/repo/rbi_2025_2/scara/scara_ws/install/scara_path_controller/share/scara_path_controller/hook/pythonpath.dsv'
[15.880s] INFO:colcon.colcon_core.shell:Creating environment hook '/home/eia/repo/rbi_2025_2/scara/scara_ws/install/scara_path_controller/share/scara_path_controller/hook/pythonpath.sh'
[15.882s] Level 1:colcon.colcon_core.environment:checking '/home/eia/repo/rbi_2025_2/scara/scara_ws/install/scara_path_controller/bin'
[15.882s] Level 1:colcon.colcon_core.environment:create_environment_scripts_only(scara_path_controller)
[15.884s] INFO:colcon.colcon_core.shell:Creating package script '/home/eia/repo/rbi_2025_2/scara/scara_ws/install/scara_path_controller/share/scara_path_controller/package.ps1'
[15.886s] INFO:colcon.colcon_core.shell:Creating package descriptor '/home/eia/repo/rbi_2025_2/scara/scara_ws/install/scara_path_controller/share/scara_path_controller/package.dsv'
[15.888s] INFO:colcon.colcon_core.shell:Creating package script '/home/eia/repo/rbi_2025_2/scara/scara_ws/install/scara_path_controller/share/scara_path_controller/package.sh'
[15.890s] INFO:colcon.colcon_core.shell:Creating package script '/home/eia/repo/rbi_2025_2/scara/scara_ws/install/scara_path_controller/share/scara_path_controller/package.bash'
[15.892s] INFO:colcon.colcon_core.shell:Creating package script '/home/eia/repo/rbi_2025_2/scara/scara_ws/install/scara_path_controller/share/scara_path_controller/package.zsh'
[15.894s] Level 1:colcon.colcon_core.environment:create_file_with_runtime_dependencies(/home/eia/repo/rbi_2025_2/scara/scara_ws/install/scara_path_controller/share/colcon-core/packages/scara_path_controller)
[16.387s] Level 1:colcon.colcon_core.shell:create_environment_hook('premade_path_publisher', 'pythonpath_develop')
[16.389s] INFO:colcon.colcon_core.shell:Creating environment hook '/home/eia/repo/rbi_2025_2/scara/scara_ws/build/premade_path_publisher/share/premade_path_publisher/hook/pythonpath_develop.ps1'
[16.390s] DEBUG:colcon.colcon_core.event_handler.log_command:Invoked command in '/home/eia/repo/rbi_2025_2/scara/scara_ws/build/premade_path_publisher' returned '0': PYTHONPATH=/home/eia/repo/rbi_2025_2/scara/scara_ws/build/premade_path_publisher/prefix_override:/home/eia/.local/lib/python3.10/site-packages/colcon_core/task/python/colcon_distutils_commands:/home/eia/repo/rbi_2025_2/scara/scara_ws/install/premade_path_publisher/lib/python3.10/site-packages:${PYTHONPATH} /usr/bin/python3 -W ignore:setup.py install is deprecated -W ignore:easy_install command is deprecated setup.py develop --editable --build-directory /home/eia/repo/rbi_2025_2/scara/scara_ws/build/premade_path_publisher/build --no-deps symlink_data
[16.392s] INFO:colcon.colcon_core.shell:Creating environment descriptor '/home/eia/repo/rbi_2025_2/scara/scara_ws/build/premade_path_publisher/share/premade_path_publisher/hook/pythonpath_develop.dsv'
[16.394s] INFO:colcon.colcon_core.shell:Creating environment hook '/home/eia/repo/rbi_2025_2/scara/scara_ws/build/premade_path_publisher/share/premade_path_publisher/hook/pythonpath_develop.sh'
[16.396s] Level 1:colcon.colcon_core.environment:checking '/home/eia/repo/rbi_2025_2/scara/scara_ws/install/premade_path_publisher' for CMake module files
[16.398s] Level 1:colcon.colcon_core.environment:checking '/home/eia/repo/rbi_2025_2/scara/scara_ws/install/premade_path_publisher' for CMake config files
[16.400s] Level 1:colcon.colcon_core.environment:checking '/home/eia/repo/rbi_2025_2/scara/scara_ws/install/premade_path_publisher/lib'
[16.400s] Level 1:colcon.colcon_core.environment:checking '/home/eia/repo/rbi_2025_2/scara/scara_ws/install/premade_path_publisher/bin'
[16.400s] Level 1:colcon.colcon_core.environment:checking '/home/eia/repo/rbi_2025_2/scara/scara_ws/install/premade_path_publisher/lib/pkgconfig/premade_path_publisher.pc'
[16.401s] Level 1:colcon.colcon_core.environment:checking '/home/eia/repo/rbi_2025_2/scara/scara_ws/install/premade_path_publisher/lib/python3.10/site-packages'
[16.401s] Level 1:colcon.colcon_core.shell:create_environment_hook('premade_path_publisher', 'pythonpath')
[16.402s] INFO:colcon.colcon_core.shell:Creating environment hook '/home/eia/repo/rbi_2025_2/scara/scara_ws/install/premade_path_publisher/share/premade_path_publisher/hook/pythonpath.ps1'
[16.404s] INFO:colcon.colcon_core.shell:Creating environment descriptor '/home/eia/repo/rbi_2025_2/scara/scara_ws/install/premade_path_publisher/share/premade_path_publisher/hook/pythonpath.dsv'
[16.405s] INFO:colcon.colcon_core.shell:Creating environment hook '/home/eia/repo/rbi_2025_2/scara/scara_ws/install/premade_path_publisher/share/premade_path_publisher/hook/pythonpath.sh'
[16.408s] Level 1:colcon.colcon_core.environment:checking '/home/eia/repo/rbi_2025_2/scara/scara_ws/install/premade_path_publisher/bin'
[16.408s] Level 1:colcon.colcon_core.environment:create_environment_scripts_only(premade_path_publisher)
[16.409s] INFO:colcon.colcon_core.shell:Creating package script '/home/eia/repo/rbi_2025_2/scara/scara_ws/install/premade_path_publisher/share/premade_path_publisher/package.ps1'
[16.412s] INFO:colcon.colcon_core.shell:Creating package descriptor '/home/eia/repo/rbi_2025_2/scara/scara_ws/install/premade_path_publisher/share/premade_path_publisher/package.dsv'
[16.414s] INFO:colcon.colcon_core.shell:Creating package script '/home/eia/repo/rbi_2025_2/scara/scara_ws/install/premade_path_publisher/share/premade_path_publisher/package.sh'
[16.416s] INFO:colcon.colcon_core.shell:Creating package script '/home/eia/repo/rbi_2025_2/scara/scara_ws/install/premade_path_publisher/share/premade_path_publisher/package.bash'
[16.418s] INFO:colcon.colcon_core.shell:Creating package script '/home/eia/repo/rbi_2025_2/scara/scara_ws/install/premade_path_publisher/share/premade_path_publisher/package.zsh'
[16.420s] Level 1:colcon.colcon_core.environment:create_file_with_runtime_dependencies(/home/eia/repo/rbi_2025_2/scara/scara_ws/install/premade_path_publisher/share/colcon-core/packages/premade_path_publisher)
[17.951s] Level 1:colcon.colcon_core.shell:create_environment_hook('scara_tf_generator', 'pythonpath_develop')
[17.952s] INFO:colcon.colcon_core.shell:Creating environment hook '/home/eia/repo/rbi_2025_2/scara/scara_ws/build/scara_tf_generator/share/scara_tf_generator/hook/pythonpath_develop.ps1'
[17.955s] DEBUG:colcon.colcon_core.event_handler.log_command:Invoked command in '/home/eia/repo/rbi_2025_2/scara/scara_ws/build/scara_tf_generator' returned '0': PYTHONPATH=/home/eia/repo/rbi_2025_2/scara/scara_ws/build/scara_tf_generator/prefix_override:/home/eia/.local/lib/python3.10/site-packages/colcon_core/task/python/colcon_distutils_commands:/home/eia/repo/rbi_2025_2/scara/scara_ws/install/scara_tf_generator/lib/python3.10/site-packages:${PYTHONPATH} /usr/bin/python3 -W ignore:setup.py install is deprecated -W ignore:easy_install command is deprecated setup.py develop --editable --build-directory /home/eia/repo/rbi_2025_2/scara/scara_ws/build/scara_tf_generator/build --no-deps symlink_data
[17.956s] INFO:colcon.colcon_core.shell:Creating environment descriptor '/home/eia/repo/rbi_2025_2/scara/scara_ws/build/scara_tf_generator/share/scara_tf_generator/hook/pythonpath_develop.dsv'
[17.958s] INFO:colcon.colcon_core.shell:Creating environment hook '/home/eia/repo/rbi_2025_2/scara/scara_ws/build/scara_tf_generator/share/scara_tf_generator/hook/pythonpath_develop.sh'
[17.961s] Level 1:colcon.colcon_core.environment:checking '/home/eia/repo/rbi_2025_2/scara/scara_ws/install/scara_tf_generator' for CMake module files
[17.962s] Level 1:colcon.colcon_core.environment:checking '/home/eia/repo/rbi_2025_2/scara/scara_ws/install/scara_tf_generator' for CMake config files
[17.964s] Level 1:colcon.colcon_core.environment:checking '/home/eia/repo/rbi_2025_2/scara/scara_ws/install/scara_tf_generator/lib'
[17.965s] Level 1:colcon.colcon_core.environment:checking '/home/eia/repo/rbi_2025_2/scara/scara_ws/install/scara_tf_generator/bin'
[17.965s] Level 1:colcon.colcon_core.environment:checking '/home/eia/repo/rbi_2025_2/scara/scara_ws/install/scara_tf_generator/lib/pkgconfig/scara_tf_generator.pc'
[17.966s] Level 1:colcon.colcon_core.environment:checking '/home/eia/repo/rbi_2025_2/scara/scara_ws/install/scara_tf_generator/lib/python3.10/site-packages'
[17.966s] Level 1:colcon.colcon_core.shell:create_environment_hook('scara_tf_generator', 'pythonpath')
[17.967s] INFO:colcon.colcon_core.shell:Creating environment hook '/home/eia/repo/rbi_2025_2/scara/scara_ws/install/scara_tf_generator/share/scara_tf_generator/hook/pythonpath.ps1'
[17.969s] INFO:colcon.colcon_core.shell:Creating environment descriptor '/home/eia/repo/rbi_2025_2/scara/scara_ws/install/scara_tf_generator/share/scara_tf_generator/hook/pythonpath.dsv'
[17.970s] INFO:colcon.colcon_core.shell:Creating environment hook '/home/eia/repo/rbi_2025_2/scara/scara_ws/install/scara_tf_generator/share/scara_tf_generator/hook/pythonpath.sh'
[17.973s] Level 1:colcon.colcon_core.environment:checking '/home/eia/repo/rbi_2025_2/scara/scara_ws/install/scara_tf_generator/bin'
[17.973s] Level 1:colcon.colcon_core.environment:create_environment_scripts_only(scara_tf_generator)
[17.975s] INFO:colcon.colcon_core.shell:Creating package script '/home/eia/repo/rbi_2025_2/scara/scara_ws/install/scara_tf_generator/share/scara_tf_generator/package.ps1'
[17.977s] INFO:colcon.colcon_core.shell:Creating package descriptor '/home/eia/repo/rbi_2025_2/scara/scara_ws/install/scara_tf_generator/share/scara_tf_generator/package.dsv'
[17.979s] INFO:colcon.colcon_core.shell:Creating package script '/home/eia/repo/rbi_2025_2/scara/scara_ws/install/scara_tf_generator/share/scara_tf_generator/package.sh'
[17.981s] INFO:colcon.colcon_core.shell:Creating package script '/home/eia/repo/rbi_2025_2/scara/scara_ws/install/scara_tf_generator/share/scara_tf_generator/package.bash'
[17.982s] INFO:colcon.colcon_core.shell:Creating package script '/home/eia/repo/rbi_2025_2/scara/scara_ws/install/scara_tf_generator/share/scara_tf_generator/package.zsh'
[17.984s] Level 1:colcon.colcon_core.environment:create_file_with_runtime_dependencies(/home/eia/repo/rbi_2025_2/scara/scara_ws/install/scara_tf_generator/share/colcon-core/packages/scara_tf_generator)
[22.866s] DEBUG:colcon.colcon_core.event_handler.log_command:Invoked command in '/home/eia/repo/rbi_2025_2/scara/scara_ws/build/scara_hardware_interface' returned '0': CMAKE_PREFIX_PATH=${CMAKE_PREFIX_PATH}:/home/eia/repo/rbi_2025_2/scara/scara_ws/install/scara_tf_generator:/home/eia/repo/rbi_2025_2/scara/scara_ws/install/scara_path_generator:/home/eia/repo/rbi_2025_2/scara/scara_ws/install/scara_path_controller:/home/eia/repo/rbi_2025_2/scara/scara_ws/install/scara_mujoco_python_sim:/home/eia/repo/rbi_2025_2/scara/scara_ws/install/scara_general_ik_solver:/home/eia/repo/rbi_2025_2/scara/scara_ws/install/premade_path_publisher:/opt/ros/humble /usr/bin/cmake --build /home/eia/repo/rbi_2025_2/scara/scara_ws/build/scara_hardware_interface -- -j12 -l12
[22.871s] DEBUG:colcon.colcon_core.event_handler.log_command:Invoking command in '/home/eia/repo/rbi_2025_2/scara/scara_ws/build/scara_hardware_interface': CMAKE_PREFIX_PATH=${CMAKE_PREFIX_PATH}:/home/eia/repo/rbi_2025_2/scara/scara_ws/install/scara_tf_generator:/home/eia/repo/rbi_2025_2/scara/scara_ws/install/scara_path_generator:/home/eia/repo/rbi_2025_2/scara/scara_ws/install/scara_path_controller:/home/eia/repo/rbi_2025_2/scara/scara_ws/install/scara_mujoco_python_sim:/home/eia/repo/rbi_2025_2/scara/scara_ws/install/scara_general_ik_solver:/home/eia/repo/rbi_2025_2/scara/scara_ws/install/premade_path_publisher:/opt/ros/humble /usr/bin/cmake --install /home/eia/repo/rbi_2025_2/scara/scara_ws/build/scara_hardware_interface
[22.948s] Level 1:colcon.colcon_core.environment:create_environment_scripts_only(scara_hardware_interface)
[22.949s] Level 1:colcon.colcon_core.environment:checking '/home/eia/repo/rbi_2025_2/scara/scara_ws/install/scara_hardware_interface' for CMake module files
[22.951s] DEBUG:colcon.colcon_core.event_handler.log_command:Invoked command in '/home/eia/repo/rbi_2025_2/scara/scara_ws/build/scara_hardware_interface' returned '0': CMAKE_PREFIX_PATH=${CMAKE_PREFIX_PATH}:/home/eia/repo/rbi_2025_2/scara/scara_ws/install/scara_tf_generator:/home/eia/repo/rbi_2025_2/scara/scara_ws/install/scara_path_generator:/home/eia/repo/rbi_2025_2/scara/scara_ws/install/scara_path_controller:/home/eia/repo/rbi_2025_2/scara/scara_ws/install/scara_mujoco_python_sim:/home/eia/repo/rbi_2025_2/scara/scara_ws/install/scara_general_ik_solver:/home/eia/repo/rbi_2025_2/scara/scara_ws/install/premade_path_publisher:/opt/ros/humble /usr/bin/cmake --install /home/eia/repo/rbi_2025_2/scara/scara_ws/build/scara_hardware_interface
[22.952s] Level 1:colcon.colcon_core.environment:checking '/home/eia/repo/rbi_2025_2/scara/scara_ws/install/scara_hardware_interface' for CMake config files
[22.954s] Level 1:colcon.colcon_core.shell:create_environment_hook('scara_hardware_interface', 'cmake_prefix_path')
[22.955s] INFO:colcon.colcon_core.shell:Creating environment hook '/home/eia/repo/rbi_2025_2/scara/scara_ws/install/scara_hardware_interface/share/scara_hardware_interface/hook/cmake_prefix_path.ps1'
[22.956s] INFO:colcon.colcon_core.shell:Creating environment descriptor '/home/eia/repo/rbi_2025_2/scara/scara_ws/install/scara_hardware_interface/share/scara_hardware_interface/hook/cmake_prefix_path.dsv'
[22.958s] INFO:colcon.colcon_core.shell:Creating environment hook '/home/eia/repo/rbi_2025_2/scara/scara_ws/install/scara_hardware_interface/share/scara_hardware_interface/hook/cmake_prefix_path.sh'
[22.960s] Level 1:colcon.colcon_core.environment:checking '/home/eia/repo/rbi_2025_2/scara/scara_ws/install/scara_hardware_interface/lib'
[22.960s] Level 1:colcon.colcon_core.shell:create_environment_hook('scara_hardware_interface', 'ld_library_path_lib')
[22.961s] INFO:colcon.colcon_core.shell:Creating environment hook '/home/eia/repo/rbi_2025_2/scara/scara_ws/install/scara_hardware_interface/share/scara_hardware_interface/hook/ld_library_path_lib.ps1'
[22.963s] INFO:colcon.colcon_core.shell:Creating environment descriptor '/home/eia/repo/rbi_2025_2/scara/scara_ws/install/scara_hardware_interface/share/scara_hardware_interface/hook/ld_library_path_lib.dsv'
[22.964s] INFO:colcon.colcon_core.shell:Creating environment hook '/home/eia/repo/rbi_2025_2/scara/scara_ws/install/scara_hardware_interface/share/scara_hardware_interface/hook/ld_library_path_lib.sh'
[22.966s] Level 1:colcon.colcon_core.environment:checking '/home/eia/repo/rbi_2025_2/scara/scara_ws/install/scara_hardware_interface/bin'
[22.966s] Level 1:colcon.colcon_core.environment:checking '/home/eia/repo/rbi_2025_2/scara/scara_ws/install/scara_hardware_interface/lib/pkgconfig/scara_hardware_interface.pc'
[22.967s] Level 1:colcon.colcon_core.environment:checking '/home/eia/repo/rbi_2025_2/scara/scara_ws/install/scara_hardware_interface/lib/python3.10/site-packages'
[22.968s] Level 1:colcon.colcon_core.environment:checking '/home/eia/repo/rbi_2025_2/scara/scara_ws/install/scara_hardware_interface/bin'
[22.969s] INFO:colcon.colcon_core.shell:Creating package script '/home/eia/repo/rbi_2025_2/scara/scara_ws/install/scara_hardware_interface/share/scara_hardware_interface/package.ps1'
[22.971s] INFO:colcon.colcon_core.shell:Creating package descriptor '/home/eia/repo/rbi_2025_2/scara/scara_ws/install/scara_hardware_interface/share/scara_hardware_interface/package.dsv'
[22.973s] INFO:colcon.colcon_core.shell:Creating package script '/home/eia/repo/rbi_2025_2/scara/scara_ws/install/scara_hardware_interface/share/scara_hardware_interface/package.sh'
[22.975s] INFO:colcon.colcon_core.shell:Creating package script '/home/eia/repo/rbi_2025_2/scara/scara_ws/install/scara_hardware_interface/share/scara_hardware_interface/package.bash'
[22.976s] INFO:colcon.colcon_core.shell:Creating package script '/home/eia/repo/rbi_2025_2/scara/scara_ws/install/scara_hardware_interface/share/scara_hardware_interface/package.zsh'
[22.978s] Level 1:colcon.colcon_core.environment:create_file_with_runtime_dependencies(/home/eia/repo/rbi_2025_2/scara/scara_ws/install/scara_hardware_interface/share/colcon-core/packages/scara_hardware_interface)
[22.980s] Level 1:colcon.colcon_core.environment:create_environment_scripts_only(scara_hardware_interface)
[22.981s] Level 1:colcon.colcon_core.environment:checking '/home/eia/repo/rbi_2025_2/scara/scara_ws/install/scara_hardware_interface' for CMake module files
[22.983s] Level 1:colcon.colcon_core.environment:checking '/home/eia/repo/rbi_2025_2/scara/scara_ws/install/scara_hardware_interface' for CMake config files
[22.984s] Level 1:colcon.colcon_core.shell:create_environment_hook('scara_hardware_interface', 'cmake_prefix_path')
[22.985s] INFO:colcon.colcon_core.shell:Creating environment hook '/home/eia/repo/rbi_2025_2/scara/scara_ws/install/scara_hardware_interface/share/scara_hardware_interface/hook/cmake_prefix_path.ps1'
[22.986s] INFO:colcon.colcon_core.shell:Creating environment descriptor '/home/eia/repo/rbi_2025_2/scara/scara_ws/install/scara_hardware_interface/share/scara_hardware_interface/hook/cmake_prefix_path.dsv'
[22.988s] INFO:colcon.colcon_core.shell:Creating environment hook '/home/eia/repo/rbi_2025_2/scara/scara_ws/install/scara_hardware_interface/share/scara_hardware_interface/hook/cmake_prefix_path.sh'
[22.989s] Level 1:colcon.colcon_core.environment:checking '/home/eia/repo/rbi_2025_2/scara/scara_ws/install/scara_hardware_interface/lib'
[22.990s] Level 1:colcon.colcon_core.shell:create_environment_hook('scara_hardware_interface', 'ld_library_path_lib')
[22.991s] INFO:colcon.colcon_core.shell:Creating environment hook '/home/eia/repo/rbi_2025_2/scara/scara_ws/install/scara_hardware_interface/share/scara_hardware_interface/hook/ld_library_path_lib.ps1'
[22.993s] INFO:colcon.colcon_core.shell:Creating environment descriptor '/home/eia/repo/rbi_2025_2/scara/scara_ws/install/scara_hardware_interface/share/scara_hardware_interface/hook/ld_library_path_lib.dsv'
[22.994s] INFO:colcon.colcon_core.shell:Creating environment hook '/home/eia/repo/rbi_2025_2/scara/scara_ws/install/scara_hardware_interface/share/scara_hardware_interface/hook/ld_library_path_lib.sh'
[22.996s] Level 1:colcon.colcon_core.environment:checking '/home/eia/repo/rbi_2025_2/scara/scara_ws/install/scara_hardware_interface/bin'
[22.996s] Level 1:colcon.colcon_core.environment:checking '/home/eia/repo/rbi_2025_2/scara/scara_ws/install/scara_hardware_interface/lib/pkgconfig/scara_hardware_interface.pc'
[22.997s] Level 1:colcon.colcon_core.environment:checking '/home/eia/repo/rbi_2025_2/scara/scara_ws/install/scara_hardware_interface/lib/python3.10/site-packages'
[22.998s] Level 1:colcon.colcon_core.environment:checking '/home/eia/repo/rbi_2025_2/scara/scara_ws/install/scara_hardware_interface/bin'
[22.999s] INFO:colcon.colcon_core.shell:Creating package script '/home/eia/repo/rbi_2025_2/scara/scara_ws/install/scara_hardware_interface/share/scara_hardware_interface/package.ps1'
[23.001s] INFO:colcon.colcon_core.shell:Creating package descriptor '/home/eia/repo/rbi_2025_2/scara/scara_ws/install/scara_hardware_interface/share/scara_hardware_interface/package.dsv'
[23.003s] INFO:colcon.colcon_core.shell:Creating package script '/home/eia/repo/rbi_2025_2/scara/scara_ws/install/scara_hardware_interface/share/scara_hardware_interface/package.sh'
[23.005s] INFO:colcon.colcon_core.shell:Creating package script '/home/eia/repo/rbi_2025_2/scara/scara_ws/install/scara_hardware_interface/share/scara_hardware_interface/package.bash'
[23.007s] INFO:colcon.colcon_core.shell:Creating package script '/home/eia/repo/rbi_2025_2/scara/scara_ws/install/scara_hardware_interface/share/scara_hardware_interface/package.zsh'
[23.008s] Level 1:colcon.colcon_core.environment:create_file_with_runtime_dependencies(/home/eia/repo/rbi_2025_2/scara/scara_ws/install/scara_hardware_interface/share/colcon-core/packages/scara_hardware_interface)
[23.009s] DEBUG:colcon.colcon_parallel_executor.executor.parallel:closing loop
[23.010s] DEBUG:colcon.colcon_parallel_executor.executor.parallel:loop closed
[23.010s] DEBUG:colcon.colcon_parallel_executor.executor.parallel:run_until_complete finished with '0'
[23.011s] DEBUG:colcon.colcon_core.event_reactor:joining thread
[23.032s] INFO:colcon.colcon_core.plugin_system:Skipping extension 'colcon_notification.desktop_notification.terminal_notifier': Not used on non-Darwin systems
[23.032s] INFO:colcon.colcon_core.plugin_system:Skipping extension 'colcon_notification.desktop_notification.win32': Not used on non-Windows systems
[23.033s] INFO:colcon.colcon_notification.desktop_notification:Sending desktop notification using 'notify2'
[23.072s] DEBUG:colcon.colcon_core.event_reactor:joined thread
[23.073s] INFO:colcon.colcon_core.shell:Creating prefix script '/home/eia/repo/rbi_2025_2/scara/scara_ws/install/local_setup.ps1'
[23.076s] INFO:colcon.colcon_core.shell:Creating prefix util module '/home/eia/repo/rbi_2025_2/scara/scara_ws/install/_local_setup_util_ps1.py'
[23.082s] INFO:colcon.colcon_core.shell:Creating prefix chain script '/home/eia/repo/rbi_2025_2/scara/scara_ws/install/setup.ps1'
[23.087s] INFO:colcon.colcon_core.shell:Creating prefix script '/home/eia/repo/rbi_2025_2/scara/scara_ws/install/local_setup.sh'
[23.090s] INFO:colcon.colcon_core.shell:Creating prefix util module '/home/eia/repo/rbi_2025_2/scara/scara_ws/install/_local_setup_util_sh.py'
[23.092s] INFO:colcon.colcon_core.shell:Creating prefix chain script '/home/eia/repo/rbi_2025_2/scara/scara_ws/install/setup.sh'
[23.098s] INFO:colcon.colcon_core.shell:Creating prefix script '/home/eia/repo/rbi_2025_2/scara/scara_ws/install/local_setup.bash'
[23.100s] INFO:colcon.colcon_core.shell:Creating prefix chain script '/home/eia/repo/rbi_2025_2/scara/scara_ws/install/setup.bash'
[23.106s] INFO:colcon.colcon_core.shell:Creating prefix script '/home/eia/repo/rbi_2025_2/scara/scara_ws/install/local_setup.zsh'
[23.108s] INFO:colcon.colcon_core.shell:Creating prefix chain script '/home/eia/repo/rbi_2025_2/scara/scara_ws/install/setup.zsh'
