[0.105s] DEBUG:colcon:Command line arguments: ['/usr/bin/colcon', 'build', '--symlink-install']
[0.105s] DEBUG:colcon:Parsed command line arguments: Namespace(log_base=None, log_level=None, verb_name='build', build_base='build', install_base='install', merge_install=False, symlink_install=True, test_result_base=None, continue_on_error=False, executor='parallel', parallel_workers=12, event_handlers=None, ignore_user_meta=False, metas=['./colcon.meta'], base_paths=['.'], packages_ignore=None, packages_ignore_regex=None, paths=None, packages_up_to=None, packages_up_to_regex=None, packages_above=None, packages_above_and_dependencies=None, packages_above_depth=None, packages_select_by_dep=None, packages_skip_by_dep=None, packages_skip_up_to=None, packages_select_build_failed=False, packages_skip_build_finished=False, packages_select_test_failures=False, packages_skip_test_passed=False, packages_select=None, packages_skip=None, packages_select_regex=None, packages_skip_regex=None, packages_start=None, packages_end=None, cmake_args=None, cmake_target=None, cmake_target_skip_unavailable=False, cmake_clean_cache=False, cmake_clean_first=False, cmake_force_configure=False, ament_cmake_args=None, catkin_cmake_args=None, catkin_skip_building_tests=False, mixin_files=None, mixin=None, verb_parser=<colcon_mixin.mixin.mixin_argument.MixinArgumentDecorator object at 0x75460d71dd20>, verb_extension=<colcon_core.verb.build.BuildVerb object at 0x75460d8a6c20>, main=<bound method BuildVerb.main of <colcon_core.verb.build.BuildVerb object at 0x75460d8a6c20>>, mixin_verb=('build',))
[0.248s] Level 1:colcon.colcon_core.package_discovery:discover_packages(colcon_meta) check parameters
[0.248s] Level 1:colcon.colcon_core.package_discovery:discover_packages(recursive) check parameters
[0.248s] Level 1:colcon.colcon_core.package_discovery:discover_packages(ignore) check parameters
[0.248s] Level 1:colcon.colcon_core.package_discovery:discover_packages(path) check parameters
[0.248s] Level 1:colcon.colcon_core.package_discovery:discover_packages(colcon_meta) discover
[0.248s] Level 1:colcon.colcon_core.package_discovery:discover_packages(recursive) discover
[0.249s] INFO:colcon.colcon_core.package_discovery:Crawling recursively for packages in '/rov_ws'
[0.249s] Level 1:colcon.colcon_core.package_identification:_identify(.) by extensions ['ignore', 'ignore_ament_install']
[0.249s] Level 1:colcon.colcon_core.package_identification:_identify(.) by extension 'ignore'
[0.249s] Level 1:colcon.colcon_core.package_identification:_identify(.) by extension 'ignore_ament_install'
[0.249s] Level 1:colcon.colcon_core.package_identification:_identify(.) by extensions ['colcon_pkg']
[0.249s] Level 1:colcon.colcon_core.package_identification:_identify(.) by extension 'colcon_pkg'
[0.249s] Level 1:colcon.colcon_core.package_identification:_identify(.) by extensions ['colcon_meta']
[0.249s] Level 1:colcon.colcon_core.package_identification:_identify(.) by extension 'colcon_meta'
[0.249s] Level 1:colcon.colcon_core.package_identification:_identify(.) by extensions ['ros']
[0.249s] Level 1:colcon.colcon_core.package_identification:_identify(.) by extension 'ros'
[0.259s] Level 1:colcon.colcon_core.package_identification:_identify(.) by extensions ['cmake', 'python']
[0.259s] Level 1:colcon.colcon_core.package_identification:_identify(.) by extension 'cmake'
[0.259s] Level 1:colcon.colcon_core.package_identification:_identify(.) by extension 'python'
[0.259s] Level 1:colcon.colcon_core.package_identification:_identify(.) by extensions ['python_setup_py']
[0.259s] Level 1:colcon.colcon_core.package_identification:_identify(.) by extension 'python_setup_py'
[0.260s] Level 1:colcon.colcon_core.package_identification:_identify(build) by extensions ['ignore', 'ignore_ament_install']
[0.260s] Level 1:colcon.colcon_core.package_identification:_identify(build) by extension 'ignore'
[0.260s] Level 1:colcon.colcon_core.package_identification:_identify(build) ignored
[0.260s] Level 1:colcon.colcon_core.package_identification:_identify(install) by extensions ['ignore', 'ignore_ament_install']
[0.260s] Level 1:colcon.colcon_core.package_identification:_identify(install) by extension 'ignore'
[0.260s] Level 1:colcon.colcon_core.package_identification:_identify(install) ignored
[0.260s] Level 1:colcon.colcon_core.package_identification:_identify(log) by extensions ['ignore', 'ignore_ament_install']
[0.260s] Level 1:colcon.colcon_core.package_identification:_identify(log) by extension 'ignore'
[0.260s] Level 1:colcon.colcon_core.package_identification:_identify(log) ignored
[0.260s] Level 1:colcon.colcon_core.package_identification:_identify(mujoco) by extensions ['ignore', 'ignore_ament_install']
[0.260s] Level 1:colcon.colcon_core.package_identification:_identify(mujoco) by extension 'ignore'
[0.260s] Level 1:colcon.colcon_core.package_identification:_identify(mujoco) by extension 'ignore_ament_install'
[0.260s] Level 1:colcon.colcon_core.package_identification:_identify(mujoco) by extensions ['colcon_pkg']
[0.260s] Level 1:colcon.colcon_core.package_identification:_identify(mujoco) by extension 'colcon_pkg'
[0.260s] Level 1:colcon.colcon_core.package_identification:_identify(mujoco) by extensions ['colcon_meta']
[0.260s] Level 1:colcon.colcon_core.package_identification:_identify(mujoco) by extension 'colcon_meta'
[0.261s] Level 1:colcon.colcon_core.package_identification:_identify(mujoco) by extensions ['ros']
[0.261s] Level 1:colcon.colcon_core.package_identification:_identify(mujoco) by extension 'ros'
[0.261s] Level 1:colcon.colcon_core.package_identification:_identify(mujoco) by extensions ['cmake', 'python']
[0.261s] Level 1:colcon.colcon_core.package_identification:_identify(mujoco) by extension 'cmake'
[0.261s] Level 1:colcon.colcon_core.package_identification:_identify(mujoco) by extension 'python'
[0.261s] Level 1:colcon.colcon_core.package_identification:_identify(mujoco) by extensions ['python_setup_py']
[0.261s] Level 1:colcon.colcon_core.package_identification:_identify(mujoco) by extension 'python_setup_py'
[0.261s] Level 1:colcon.colcon_core.package_identification:_identify(mujoco/bin) by extensions ['ignore', 'ignore_ament_install']
[0.261s] Level 1:colcon.colcon_core.package_identification:_identify(mujoco/bin) by extension 'ignore'
[0.261s] Level 1:colcon.colcon_core.package_identification:_identify(mujoco/bin) by extension 'ignore_ament_install'
[0.261s] Level 1:colcon.colcon_core.package_identification:_identify(mujoco/bin) by extensions ['colcon_pkg']
[0.261s] Level 1:colcon.colcon_core.package_identification:_identify(mujoco/bin) by extension 'colcon_pkg'
[0.261s] Level 1:colcon.colcon_core.package_identification:_identify(mujoco/bin) by extensions ['colcon_meta']
[0.261s] Level 1:colcon.colcon_core.package_identification:_identify(mujoco/bin) by extension 'colcon_meta'
[0.261s] Level 1:colcon.colcon_core.package_identification:_identify(mujoco/bin) by extensions ['ros']
[0.261s] Level 1:colcon.colcon_core.package_identification:_identify(mujoco/bin) by extension 'ros'
[0.261s] Level 1:colcon.colcon_core.package_identification:_identify(mujoco/bin) by extensions ['cmake', 'python']
[0.261s] Level 1:colcon.colcon_core.package_identification:_identify(mujoco/bin) by extension 'cmake'
[0.261s] Level 1:colcon.colcon_core.package_identification:_identify(mujoco/bin) by extension 'python'
[0.261s] Level 1:colcon.colcon_core.package_identification:_identify(mujoco/bin) by extensions ['python_setup_py']
[0.261s] Level 1:colcon.colcon_core.package_identification:_identify(mujoco/bin) by extension 'python_setup_py'
[0.262s] Level 1:colcon.colcon_core.package_identification:_identify(mujoco/bin/mujoco_plugin) by extensions ['ignore', 'ignore_ament_install']
[0.262s] Level 1:colcon.colcon_core.package_identification:_identify(mujoco/bin/mujoco_plugin) by extension 'ignore'
[0.262s] Level 1:colcon.colcon_core.package_identification:_identify(mujoco/bin/mujoco_plugin) by extension 'ignore_ament_install'
[0.262s] Level 1:colcon.colcon_core.package_identification:_identify(mujoco/bin/mujoco_plugin) by extensions ['colcon_pkg']
[0.262s] Level 1:colcon.colcon_core.package_identification:_identify(mujoco/bin/mujoco_plugin) by extension 'colcon_pkg'
[0.262s] Level 1:colcon.colcon_core.package_identification:_identify(mujoco/bin/mujoco_plugin) by extensions ['colcon_meta']
[0.262s] Level 1:colcon.colcon_core.package_identification:_identify(mujoco/bin/mujoco_plugin) by extension 'colcon_meta'
[0.262s] Level 1:colcon.colcon_core.package_identification:_identify(mujoco/bin/mujoco_plugin) by extensions ['ros']
[0.262s] Level 1:colcon.colcon_core.package_identification:_identify(mujoco/bin/mujoco_plugin) by extension 'ros'
[0.262s] Level 1:colcon.colcon_core.package_identification:_identify(mujoco/bin/mujoco_plugin) by extensions ['cmake', 'python']
[0.262s] Level 1:colcon.colcon_core.package_identification:_identify(mujoco/bin/mujoco_plugin) by extension 'cmake'
[0.262s] Level 1:colcon.colcon_core.package_identification:_identify(mujoco/bin/mujoco_plugin) by extension 'python'
[0.262s] Level 1:colcon.colcon_core.package_identification:_identify(mujoco/bin/mujoco_plugin) by extensions ['python_setup_py']
[0.262s] Level 1:colcon.colcon_core.package_identification:_identify(mujoco/bin/mujoco_plugin) by extension 'python_setup_py'
[0.262s] Level 1:colcon.colcon_core.package_identification:_identify(mujoco/include) by extensions ['ignore', 'ignore_ament_install']
[0.262s] Level 1:colcon.colcon_core.package_identification:_identify(mujoco/include) by extension 'ignore'
[0.262s] Level 1:colcon.colcon_core.package_identification:_identify(mujoco/include) by extension 'ignore_ament_install'
[0.262s] Level 1:colcon.colcon_core.package_identification:_identify(mujoco/include) by extensions ['colcon_pkg']
[0.262s] Level 1:colcon.colcon_core.package_identification:_identify(mujoco/include) by extension 'colcon_pkg'
[0.263s] Level 1:colcon.colcon_core.package_identification:_identify(mujoco/include) by extensions ['colcon_meta']
[0.263s] Level 1:colcon.colcon_core.package_identification:_identify(mujoco/include) by extension 'colcon_meta'
[0.263s] Level 1:colcon.colcon_core.package_identification:_identify(mujoco/include) by extensions ['ros']
[0.263s] Level 1:colcon.colcon_core.package_identification:_identify(mujoco/include) by extension 'ros'
[0.263s] Level 1:colcon.colcon_core.package_identification:_identify(mujoco/include) by extensions ['cmake', 'python']
[0.263s] Level 1:colcon.colcon_core.package_identification:_identify(mujoco/include) by extension 'cmake'
[0.263s] Level 1:colcon.colcon_core.package_identification:_identify(mujoco/include) by extension 'python'
[0.263s] Level 1:colcon.colcon_core.package_identification:_identify(mujoco/include) by extensions ['python_setup_py']
[0.263s] Level 1:colcon.colcon_core.package_identification:_identify(mujoco/include) by extension 'python_setup_py'
[0.263s] Level 1:colcon.colcon_core.package_identification:_identify(mujoco/include/mujoco) by extensions ['ignore', 'ignore_ament_install']
[0.263s] Level 1:colcon.colcon_core.package_identification:_identify(mujoco/include/mujoco) by extension 'ignore'
[0.263s] Level 1:colcon.colcon_core.package_identification:_identify(mujoco/include/mujoco) by extension 'ignore_ament_install'
[0.263s] Level 1:colcon.colcon_core.package_identification:_identify(mujoco/include/mujoco) by extensions ['colcon_pkg']
[0.263s] Level 1:colcon.colcon_core.package_identification:_identify(mujoco/include/mujoco) by extension 'colcon_pkg'
[0.263s] Level 1:colcon.colcon_core.package_identification:_identify(mujoco/include/mujoco) by extensions ['colcon_meta']
[0.263s] Level 1:colcon.colcon_core.package_identification:_identify(mujoco/include/mujoco) by extension 'colcon_meta'
[0.263s] Level 1:colcon.colcon_core.package_identification:_identify(mujoco/include/mujoco) by extensions ['ros']
[0.263s] Level 1:colcon.colcon_core.package_identification:_identify(mujoco/include/mujoco) by extension 'ros'
[0.263s] Level 1:colcon.colcon_core.package_identification:_identify(mujoco/include/mujoco) by extensions ['cmake', 'python']
[0.263s] Level 1:colcon.colcon_core.package_identification:_identify(mujoco/include/mujoco) by extension 'cmake'
[0.263s] Level 1:colcon.colcon_core.package_identification:_identify(mujoco/include/mujoco) by extension 'python'
[0.264s] Level 1:colcon.colcon_core.package_identification:_identify(mujoco/include/mujoco) by extensions ['python_setup_py']
[0.264s] Level 1:colcon.colcon_core.package_identification:_identify(mujoco/include/mujoco) by extension 'python_setup_py'
[0.264s] Level 1:colcon.colcon_core.package_identification:_identify(mujoco/include/mujoco/experimental) by extensions ['ignore', 'ignore_ament_install']
[0.264s] Level 1:colcon.colcon_core.package_identification:_identify(mujoco/include/mujoco/experimental) by extension 'ignore'
[0.264s] Level 1:colcon.colcon_core.package_identification:_identify(mujoco/include/mujoco/experimental) by extension 'ignore_ament_install'
[0.264s] Level 1:colcon.colcon_core.package_identification:_identify(mujoco/include/mujoco/experimental) by extensions ['colcon_pkg']
[0.264s] Level 1:colcon.colcon_core.package_identification:_identify(mujoco/include/mujoco/experimental) by extension 'colcon_pkg'
[0.264s] Level 1:colcon.colcon_core.package_identification:_identify(mujoco/include/mujoco/experimental) by extensions ['colcon_meta']
[0.264s] Level 1:colcon.colcon_core.package_identification:_identify(mujoco/include/mujoco/experimental) by extension 'colcon_meta'
[0.264s] Level 1:colcon.colcon_core.package_identification:_identify(mujoco/include/mujoco/experimental) by extensions ['ros']
[0.264s] Level 1:colcon.colcon_core.package_identification:_identify(mujoco/include/mujoco/experimental) by extension 'ros'
[0.264s] Level 1:colcon.colcon_core.package_identification:_identify(mujoco/include/mujoco/experimental) by extensions ['cmake', 'python']
[0.264s] Level 1:colcon.colcon_core.package_identification:_identify(mujoco/include/mujoco/experimental) by extension 'cmake'
[0.264s] Level 1:colcon.colcon_core.package_identification:_identify(mujoco/include/mujoco/experimental) by extension 'python'
[0.264s] Level 1:colcon.colcon_core.package_identification:_identify(mujoco/include/mujoco/experimental) by extensions ['python_setup_py']
[0.264s] Level 1:colcon.colcon_core.package_identification:_identify(mujoco/include/mujoco/experimental) by extension 'python_setup_py'
[0.264s] Level 1:colcon.colcon_core.package_identification:_identify(mujoco/include/mujoco/experimental/usd) by extensions ['ignore', 'ignore_ament_install']
[0.264s] Level 1:colcon.colcon_core.package_identification:_identify(mujoco/include/mujoco/experimental/usd) by extension 'ignore'
[0.264s] Level 1:colcon.colcon_core.package_identification:_identify(mujoco/include/mujoco/experimental/usd) by extension 'ignore_ament_install'
[0.265s] Level 1:colcon.colcon_core.package_identification:_identify(mujoco/include/mujoco/experimental/usd) by extensions ['colcon_pkg']
[0.265s] Level 1:colcon.colcon_core.package_identification:_identify(mujoco/include/mujoco/experimental/usd) by extension 'colcon_pkg'
[0.265s] Level 1:colcon.colcon_core.package_identification:_identify(mujoco/include/mujoco/experimental/usd) by extensions ['colcon_meta']
[0.265s] Level 1:colcon.colcon_core.package_identification:_identify(mujoco/include/mujoco/experimental/usd) by extension 'colcon_meta'
[0.265s] Level 1:colcon.colcon_core.package_identification:_identify(mujoco/include/mujoco/experimental/usd) by extensions ['ros']
[0.265s] Level 1:colcon.colcon_core.package_identification:_identify(mujoco/include/mujoco/experimental/usd) by extension 'ros'
[0.265s] Level 1:colcon.colcon_core.package_identification:_identify(mujoco/include/mujoco/experimental/usd) by extensions ['cmake', 'python']
[0.265s] Level 1:colcon.colcon_core.package_identification:_identify(mujoco/include/mujoco/experimental/usd) by extension 'cmake'
[0.265s] Level 1:colcon.colcon_core.package_identification:_identify(mujoco/include/mujoco/experimental/usd) by extension 'python'
[0.265s] Level 1:colcon.colcon_core.package_identification:_identify(mujoco/include/mujoco/experimental/usd) by extensions ['python_setup_py']
[0.265s] Level 1:colcon.colcon_core.package_identification:_identify(mujoco/include/mujoco/experimental/usd) by extension 'python_setup_py'
[0.265s] Level 1:colcon.colcon_core.package_identification:_identify(mujoco/include/mujoco/experimental/usd/mjcPhysics) by extensions ['ignore', 'ignore_ament_install']
[0.265s] Level 1:colcon.colcon_core.package_identification:_identify(mujoco/include/mujoco/experimental/usd/mjcPhysics) by extension 'ignore'
[0.265s] Level 1:colcon.colcon_core.package_identification:_identify(mujoco/include/mujoco/experimental/usd/mjcPhysics) by extension 'ignore_ament_install'
[0.265s] Level 1:colcon.colcon_core.package_identification:_identify(mujoco/include/mujoco/experimental/usd/mjcPhysics) by extensions ['colcon_pkg']
[0.265s] Level 1:colcon.colcon_core.package_identification:_identify(mujoco/include/mujoco/experimental/usd/mjcPhysics) by extension 'colcon_pkg'
[0.265s] Level 1:colcon.colcon_core.package_identification:_identify(mujoco/include/mujoco/experimental/usd/mjcPhysics) by extensions ['colcon_meta']
[0.265s] Level 1:colcon.colcon_core.package_identification:_identify(mujoco/include/mujoco/experimental/usd/mjcPhysics) by extension 'colcon_meta'
[0.265s] Level 1:colcon.colcon_core.package_identification:_identify(mujoco/include/mujoco/experimental/usd/mjcPhysics) by extensions ['ros']
[0.265s] Level 1:colcon.colcon_core.package_identification:_identify(mujoco/include/mujoco/experimental/usd/mjcPhysics) by extension 'ros'
[0.266s] Level 1:colcon.colcon_core.package_identification:_identify(mujoco/include/mujoco/experimental/usd/mjcPhysics) by extensions ['cmake', 'python']
[0.266s] Level 1:colcon.colcon_core.package_identification:_identify(mujoco/include/mujoco/experimental/usd/mjcPhysics) by extension 'cmake'
[0.266s] Level 1:colcon.colcon_core.package_identification:_identify(mujoco/include/mujoco/experimental/usd/mjcPhysics) by extension 'python'
[0.266s] Level 1:colcon.colcon_core.package_identification:_identify(mujoco/include/mujoco/experimental/usd/mjcPhysics) by extensions ['python_setup_py']
[0.266s] Level 1:colcon.colcon_core.package_identification:_identify(mujoco/include/mujoco/experimental/usd/mjcPhysics) by extension 'python_setup_py'
[0.266s] Level 1:colcon.colcon_core.package_identification:_identify(mujoco/lib) by extensions ['ignore', 'ignore_ament_install']
[0.266s] Level 1:colcon.colcon_core.package_identification:_identify(mujoco/lib) by extension 'ignore'
[0.266s] Level 1:colcon.colcon_core.package_identification:_identify(mujoco/lib) by extension 'ignore_ament_install'
[0.266s] Level 1:colcon.colcon_core.package_identification:_identify(mujoco/lib) by extensions ['colcon_pkg']
[0.266s] Level 1:colcon.colcon_core.package_identification:_identify(mujoco/lib) by extension 'colcon_pkg'
[0.266s] Level 1:colcon.colcon_core.package_identification:_identify(mujoco/lib) by extensions ['colcon_meta']
[0.266s] Level 1:colcon.colcon_core.package_identification:_identify(mujoco/lib) by extension 'colcon_meta'
[0.266s] Level 1:colcon.colcon_core.package_identification:_identify(mujoco/lib) by extensions ['ros']
[0.266s] Level 1:colcon.colcon_core.package_identification:_identify(mujoco/lib) by extension 'ros'
[0.266s] Level 1:colcon.colcon_core.package_identification:_identify(mujoco/lib) by extensions ['cmake', 'python']
[0.266s] Level 1:colcon.colcon_core.package_identification:_identify(mujoco/lib) by extension 'cmake'
[0.266s] Level 1:colcon.colcon_core.package_identification:_identify(mujoco/lib) by extension 'python'
[0.266s] Level 1:colcon.colcon_core.package_identification:_identify(mujoco/lib) by extensions ['python_setup_py']
[0.266s] Level 1:colcon.colcon_core.package_identification:_identify(mujoco/lib) by extension 'python_setup_py'
[0.266s] Level 1:colcon.colcon_core.package_identification:_identify(mujoco/model) by extensions ['ignore', 'ignore_ament_install']
[0.267s] Level 1:colcon.colcon_core.package_identification:_identify(mujoco/model) by extension 'ignore'
[0.267s] Level 1:colcon.colcon_core.package_identification:_identify(mujoco/model) by extension 'ignore_ament_install'
[0.267s] Level 1:colcon.colcon_core.package_identification:_identify(mujoco/model) by extensions ['colcon_pkg']
[0.267s] Level 1:colcon.colcon_core.package_identification:_identify(mujoco/model) by extension 'colcon_pkg'
[0.267s] Level 1:colcon.colcon_core.package_identification:_identify(mujoco/model) by extensions ['colcon_meta']
[0.267s] Level 1:colcon.colcon_core.package_identification:_identify(mujoco/model) by extension 'colcon_meta'
[0.267s] Level 1:colcon.colcon_core.package_identification:_identify(mujoco/model) by extensions ['ros']
[0.267s] Level 1:colcon.colcon_core.package_identification:_identify(mujoco/model) by extension 'ros'
[0.267s] Level 1:colcon.colcon_core.package_identification:_identify(mujoco/model) by extensions ['cmake', 'python']
[0.267s] Level 1:colcon.colcon_core.package_identification:_identify(mujoco/model) by extension 'cmake'
[0.267s] Level 1:colcon.colcon_core.package_identification:_identify(mujoco/model) by extension 'python'
[0.267s] Level 1:colcon.colcon_core.package_identification:_identify(mujoco/model) by extensions ['python_setup_py']
[0.267s] Level 1:colcon.colcon_core.package_identification:_identify(mujoco/model) by extension 'python_setup_py'
[0.267s] Level 1:colcon.colcon_core.package_identification:_identify(mujoco/model/adhesion) by extensions ['ignore', 'ignore_ament_install']
[0.267s] Level 1:colcon.colcon_core.package_identification:_identify(mujoco/model/adhesion) by extension 'ignore'
[0.267s] Level 1:colcon.colcon_core.package_identification:_identify(mujoco/model/adhesion) by extension 'ignore_ament_install'
[0.267s] Level 1:colcon.colcon_core.package_identification:_identify(mujoco/model/adhesion) by extensions ['colcon_pkg']
[0.267s] Level 1:colcon.colcon_core.package_identification:_identify(mujoco/model/adhesion) by extension 'colcon_pkg'
[0.267s] Level 1:colcon.colcon_core.package_identification:_identify(mujoco/model/adhesion) by extensions ['colcon_meta']
[0.267s] Level 1:colcon.colcon_core.package_identification:_identify(mujoco/model/adhesion) by extension 'colcon_meta'
[0.267s] Level 1:colcon.colcon_core.package_identification:_identify(mujoco/model/adhesion) by extensions ['ros']
[0.267s] Level 1:colcon.colcon_core.package_identification:_identify(mujoco/model/adhesion) by extension 'ros'
[0.268s] Level 1:colcon.colcon_core.package_identification:_identify(mujoco/model/adhesion) by extensions ['cmake', 'python']
[0.268s] Level 1:colcon.colcon_core.package_identification:_identify(mujoco/model/adhesion) by extension 'cmake'
[0.268s] Level 1:colcon.colcon_core.package_identification:_identify(mujoco/model/adhesion) by extension 'python'
[0.268s] Level 1:colcon.colcon_core.package_identification:_identify(mujoco/model/adhesion) by extensions ['python_setup_py']
[0.268s] Level 1:colcon.colcon_core.package_identification:_identify(mujoco/model/adhesion) by extension 'python_setup_py'
[0.268s] Level 1:colcon.colcon_core.package_identification:_identify(mujoco/model/balloons) by extensions ['ignore', 'ignore_ament_install']
[0.268s] Level 1:colcon.colcon_core.package_identification:_identify(mujoco/model/balloons) by extension 'ignore'
[0.268s] Level 1:colcon.colcon_core.package_identification:_identify(mujoco/model/balloons) by extension 'ignore_ament_install'
[0.268s] Level 1:colcon.colcon_core.package_identification:_identify(mujoco/model/balloons) by extensions ['colcon_pkg']
[0.268s] Level 1:colcon.colcon_core.package_identification:_identify(mujoco/model/balloons) by extension 'colcon_pkg'
[0.268s] Level 1:colcon.colcon_core.package_identification:_identify(mujoco/model/balloons) by extensions ['colcon_meta']
[0.268s] Level 1:colcon.colcon_core.package_identification:_identify(mujoco/model/balloons) by extension 'colcon_meta'
[0.268s] Level 1:colcon.colcon_core.package_identification:_identify(mujoco/model/balloons) by extensions ['ros']
[0.268s] Level 1:colcon.colcon_core.package_identification:_identify(mujoco/model/balloons) by extension 'ros'
[0.268s] Level 1:colcon.colcon_core.package_identification:_identify(mujoco/model/balloons) by extensions ['cmake', 'python']
[0.268s] Level 1:colcon.colcon_core.package_identification:_identify(mujoco/model/balloons) by extension 'cmake'
[0.268s] Level 1:colcon.colcon_core.package_identification:_identify(mujoco/model/balloons) by extension 'python'
[0.268s] Level 1:colcon.colcon_core.package_identification:_identify(mujoco/model/balloons) by extensions ['python_setup_py']
[0.268s] Level 1:colcon.colcon_core.package_identification:_identify(mujoco/model/balloons) by extension 'python_setup_py'
[0.268s] Level 1:colcon.colcon_core.package_identification:_identify(mujoco/model/car) by extensions ['ignore', 'ignore_ament_install']
[0.269s] Level 1:colcon.colcon_core.package_identification:_identify(mujoco/model/car) by extension 'ignore'
[0.269s] Level 1:colcon.colcon_core.package_identification:_identify(mujoco/model/car) by extension 'ignore_ament_install'
[0.269s] Level 1:colcon.colcon_core.package_identification:_identify(mujoco/model/car) by extensions ['colcon_pkg']
[0.269s] Level 1:colcon.colcon_core.package_identification:_identify(mujoco/model/car) by extension 'colcon_pkg'
[0.269s] Level 1:colcon.colcon_core.package_identification:_identify(mujoco/model/car) by extensions ['colcon_meta']
[0.269s] Level 1:colcon.colcon_core.package_identification:_identify(mujoco/model/car) by extension 'colcon_meta'
[0.269s] Level 1:colcon.colcon_core.package_identification:_identify(mujoco/model/car) by extensions ['ros']
[0.269s] Level 1:colcon.colcon_core.package_identification:_identify(mujoco/model/car) by extension 'ros'
[0.269s] Level 1:colcon.colcon_core.package_identification:_identify(mujoco/model/car) by extensions ['cmake', 'python']
[0.269s] Level 1:colcon.colcon_core.package_identification:_identify(mujoco/model/car) by extension 'cmake'
[0.269s] Level 1:colcon.colcon_core.package_identification:_identify(mujoco/model/car) by extension 'python'
[0.269s] Level 1:colcon.colcon_core.package_identification:_identify(mujoco/model/car) by extensions ['python_setup_py']
[0.269s] Level 1:colcon.colcon_core.package_identification:_identify(mujoco/model/car) by extension 'python_setup_py'
[0.269s] Level 1:colcon.colcon_core.package_identification:_identify(mujoco/model/cards) by extensions ['ignore', 'ignore_ament_install']
[0.269s] Level 1:colcon.colcon_core.package_identification:_identify(mujoco/model/cards) by extension 'ignore'
[0.269s] Level 1:colcon.colcon_core.package_identification:_identify(mujoco/model/cards) by extension 'ignore_ament_install'
[0.269s] Level 1:colcon.colcon_core.package_identification:_identify(mujoco/model/cards) by extensions ['colcon_pkg']
[0.269s] Level 1:colcon.colcon_core.package_identification:_identify(mujoco/model/cards) by extension 'colcon_pkg'
[0.269s] Level 1:colcon.colcon_core.package_identification:_identify(mujoco/model/cards) by extensions ['colcon_meta']
[0.269s] Level 1:colcon.colcon_core.package_identification:_identify(mujoco/model/cards) by extension 'colcon_meta'
[0.269s] Level 1:colcon.colcon_core.package_identification:_identify(mujoco/model/cards) by extensions ['ros']
[0.270s] Level 1:colcon.colcon_core.package_identification:_identify(mujoco/model/cards) by extension 'ros'
[0.270s] Level 1:colcon.colcon_core.package_identification:_identify(mujoco/model/cards) by extensions ['cmake', 'python']
[0.270s] Level 1:colcon.colcon_core.package_identification:_identify(mujoco/model/cards) by extension 'cmake'
[0.270s] Level 1:colcon.colcon_core.package_identification:_identify(mujoco/model/cards) by extension 'python'
[0.270s] Level 1:colcon.colcon_core.package_identification:_identify(mujoco/model/cards) by extensions ['python_setup_py']
[0.270s] Level 1:colcon.colcon_core.package_identification:_identify(mujoco/model/cards) by extension 'python_setup_py'
[0.270s] Level 1:colcon.colcon_core.package_identification:_identify(mujoco/model/cards/assets) by extensions ['ignore', 'ignore_ament_install']
[0.270s] Level 1:colcon.colcon_core.package_identification:_identify(mujoco/model/cards/assets) by extension 'ignore'
[0.270s] Level 1:colcon.colcon_core.package_identification:_identify(mujoco/model/cards/assets) by extension 'ignore_ament_install'
[0.270s] Level 1:colcon.colcon_core.package_identification:_identify(mujoco/model/cards/assets) by extensions ['colcon_pkg']
[0.270s] Level 1:colcon.colcon_core.package_identification:_identify(mujoco/model/cards/assets) by extension 'colcon_pkg'
[0.270s] Level 1:colcon.colcon_core.package_identification:_identify(mujoco/model/cards/assets) by extensions ['colcon_meta']
[0.270s] Level 1:colcon.colcon_core.package_identification:_identify(mujoco/model/cards/assets) by extension 'colcon_meta'
[0.270s] Level 1:colcon.colcon_core.package_identification:_identify(mujoco/model/cards/assets) by extensions ['ros']
[0.270s] Level 1:colcon.colcon_core.package_identification:_identify(mujoco/model/cards/assets) by extension 'ros'
[0.270s] Level 1:colcon.colcon_core.package_identification:_identify(mujoco/model/cards/assets) by extensions ['cmake', 'python']
[0.270s] Level 1:colcon.colcon_core.package_identification:_identify(mujoco/model/cards/assets) by extension 'cmake'
[0.270s] Level 1:colcon.colcon_core.package_identification:_identify(mujoco/model/cards/assets) by extension 'python'
[0.270s] Level 1:colcon.colcon_core.package_identification:_identify(mujoco/model/cards/assets) by extensions ['python_setup_py']
[0.270s] Level 1:colcon.colcon_core.package_identification:_identify(mujoco/model/cards/assets) by extension 'python_setup_py'
[0.271s] Level 1:colcon.colcon_core.package_identification:_identify(mujoco/model/cube) by extensions ['ignore', 'ignore_ament_install']
[0.271s] Level 1:colcon.colcon_core.package_identification:_identify(mujoco/model/cube) by extension 'ignore'
[0.271s] Level 1:colcon.colcon_core.package_identification:_identify(mujoco/model/cube) by extension 'ignore_ament_install'
[0.271s] Level 1:colcon.colcon_core.package_identification:_identify(mujoco/model/cube) by extensions ['colcon_pkg']
[0.271s] Level 1:colcon.colcon_core.package_identification:_identify(mujoco/model/cube) by extension 'colcon_pkg'
[0.271s] Level 1:colcon.colcon_core.package_identification:_identify(mujoco/model/cube) by extensions ['colcon_meta']
[0.271s] Level 1:colcon.colcon_core.package_identification:_identify(mujoco/model/cube) by extension 'colcon_meta'
[0.271s] Level 1:colcon.colcon_core.package_identification:_identify(mujoco/model/cube) by extensions ['ros']
[0.271s] Level 1:colcon.colcon_core.package_identification:_identify(mujoco/model/cube) by extension 'ros'
[0.271s] Level 1:colcon.colcon_core.package_identification:_identify(mujoco/model/cube) by extensions ['cmake', 'python']
[0.271s] Level 1:colcon.colcon_core.package_identification:_identify(mujoco/model/cube) by extension 'cmake'
[0.271s] Level 1:colcon.colcon_core.package_identification:_identify(mujoco/model/cube) by extension 'python'
[0.271s] Level 1:colcon.colcon_core.package_identification:_identify(mujoco/model/cube) by extensions ['python_setup_py']
[0.271s] Level 1:colcon.colcon_core.package_identification:_identify(mujoco/model/cube) by extension 'python_setup_py'
[0.271s] Level 1:colcon.colcon_core.package_identification:_identify(mujoco/model/cube/assets) by extensions ['ignore', 'ignore_ament_install']
[0.271s] Level 1:colcon.colcon_core.package_identification:_identify(mujoco/model/cube/assets) by extension 'ignore'
[0.271s] Level 1:colcon.colcon_core.package_identification:_identify(mujoco/model/cube/assets) by extension 'ignore_ament_install'
[0.271s] Level 1:colcon.colcon_core.package_identification:_identify(mujoco/model/cube/assets) by extensions ['colcon_pkg']
[0.271s] Level 1:colcon.colcon_core.package_identification:_identify(mujoco/model/cube/assets) by extension 'colcon_pkg'
[0.272s] Level 1:colcon.colcon_core.package_identification:_identify(mujoco/model/cube/assets) by extensions ['colcon_meta']
[0.272s] Level 1:colcon.colcon_core.package_identification:_identify(mujoco/model/cube/assets) by extension 'colcon_meta'
[0.272s] Level 1:colcon.colcon_core.package_identification:_identify(mujoco/model/cube/assets) by extensions ['ros']
[0.272s] Level 1:colcon.colcon_core.package_identification:_identify(mujoco/model/cube/assets) by extension 'ros'
[0.272s] Level 1:colcon.colcon_core.package_identification:_identify(mujoco/model/cube/assets) by extensions ['cmake', 'python']
[0.272s] Level 1:colcon.colcon_core.package_identification:_identify(mujoco/model/cube/assets) by extension 'cmake'
[0.272s] Level 1:colcon.colcon_core.package_identification:_identify(mujoco/model/cube/assets) by extension 'python'
[0.272s] Level 1:colcon.colcon_core.package_identification:_identify(mujoco/model/cube/assets) by extensions ['python_setup_py']
[0.272s] Level 1:colcon.colcon_core.package_identification:_identify(mujoco/model/cube/assets) by extension 'python_setup_py'
[0.272s] Level 1:colcon.colcon_core.package_identification:_identify(mujoco/model/flex) by extensions ['ignore', 'ignore_ament_install']
[0.272s] Level 1:colcon.colcon_core.package_identification:_identify(mujoco/model/flex) by extension 'ignore'
[0.272s] Level 1:colcon.colcon_core.package_identification:_identify(mujoco/model/flex) by extension 'ignore_ament_install'
[0.272s] Level 1:colcon.colcon_core.package_identification:_identify(mujoco/model/flex) by extensions ['colcon_pkg']
[0.272s] Level 1:colcon.colcon_core.package_identification:_identify(mujoco/model/flex) by extension 'colcon_pkg'
[0.272s] Level 1:colcon.colcon_core.package_identification:_identify(mujoco/model/flex) by extensions ['colcon_meta']
[0.272s] Level 1:colcon.colcon_core.package_identification:_identify(mujoco/model/flex) by extension 'colcon_meta'
[0.272s] Level 1:colcon.colcon_core.package_identification:_identify(mujoco/model/flex) by extensions ['ros']
[0.272s] Level 1:colcon.colcon_core.package_identification:_identify(mujoco/model/flex) by extension 'ros'
[0.272s] Level 1:colcon.colcon_core.package_identification:_identify(mujoco/model/flex) by extensions ['cmake', 'python']
[0.272s] Level 1:colcon.colcon_core.package_identification:_identify(mujoco/model/flex) by extension 'cmake'
[0.272s] Level 1:colcon.colcon_core.package_identification:_identify(mujoco/model/flex) by extension 'python'
[0.273s] Level 1:colcon.colcon_core.package_identification:_identify(mujoco/model/flex) by extensions ['python_setup_py']
[0.273s] Level 1:colcon.colcon_core.package_identification:_identify(mujoco/model/flex) by extension 'python_setup_py'
[0.273s] Level 1:colcon.colcon_core.package_identification:_identify(mujoco/model/flex/asset) by extensions ['ignore', 'ignore_ament_install']
[0.273s] Level 1:colcon.colcon_core.package_identification:_identify(mujoco/model/flex/asset) by extension 'ignore'
[0.273s] Level 1:colcon.colcon_core.package_identification:_identify(mujoco/model/flex/asset) by extension 'ignore_ament_install'
[0.273s] Level 1:colcon.colcon_core.package_identification:_identify(mujoco/model/flex/asset) by extensions ['colcon_pkg']
[0.273s] Level 1:colcon.colcon_core.package_identification:_identify(mujoco/model/flex/asset) by extension 'colcon_pkg'
[0.273s] Level 1:colcon.colcon_core.package_identification:_identify(mujoco/model/flex/asset) by extensions ['colcon_meta']
[0.273s] Level 1:colcon.colcon_core.package_identification:_identify(mujoco/model/flex/asset) by extension 'colcon_meta'
[0.273s] Level 1:colcon.colcon_core.package_identification:_identify(mujoco/model/flex/asset) by extensions ['ros']
[0.273s] Level 1:colcon.colcon_core.package_identification:_identify(mujoco/model/flex/asset) by extension 'ros'
[0.273s] Level 1:colcon.colcon_core.package_identification:_identify(mujoco/model/flex/asset) by extensions ['cmake', 'python']
[0.273s] Level 1:colcon.colcon_core.package_identification:_identify(mujoco/model/flex/asset) by extension 'cmake'
[0.273s] Level 1:colcon.colcon_core.package_identification:_identify(mujoco/model/flex/asset) by extension 'python'
[0.273s] Level 1:colcon.colcon_core.package_identification:_identify(mujoco/model/flex/asset) by extensions ['python_setup_py']
[0.273s] Level 1:colcon.colcon_core.package_identification:_identify(mujoco/model/flex/asset) by extension 'python_setup_py'
[0.273s] Level 1:colcon.colcon_core.package_identification:_identify(mujoco/model/hammock) by extensions ['ignore', 'ignore_ament_install']
[0.273s] Level 1:colcon.colcon_core.package_identification:_identify(mujoco/model/hammock) by extension 'ignore'
[0.273s] Level 1:colcon.colcon_core.package_identification:_identify(mujoco/model/hammock) by extension 'ignore_ament_install'
[0.274s] Level 1:colcon.colcon_core.package_identification:_identify(mujoco/model/hammock) by extensions ['colcon_pkg']
[0.274s] Level 1:colcon.colcon_core.package_identification:_identify(mujoco/model/hammock) by extension 'colcon_pkg'
[0.274s] Level 1:colcon.colcon_core.package_identification:_identify(mujoco/model/hammock) by extensions ['colcon_meta']
[0.274s] Level 1:colcon.colcon_core.package_identification:_identify(mujoco/model/hammock) by extension 'colcon_meta'
[0.274s] Level 1:colcon.colcon_core.package_identification:_identify(mujoco/model/hammock) by extensions ['ros']
[0.274s] Level 1:colcon.colcon_core.package_identification:_identify(mujoco/model/hammock) by extension 'ros'
[0.274s] Level 1:colcon.colcon_core.package_identification:_identify(mujoco/model/hammock) by extensions ['cmake', 'python']
[0.274s] Level 1:colcon.colcon_core.package_identification:_identify(mujoco/model/hammock) by extension 'cmake'
[0.274s] Level 1:colcon.colcon_core.package_identification:_identify(mujoco/model/hammock) by extension 'python'
[0.274s] Level 1:colcon.colcon_core.package_identification:_identify(mujoco/model/hammock) by extensions ['python_setup_py']
[0.274s] Level 1:colcon.colcon_core.package_identification:_identify(mujoco/model/hammock) by extension 'python_setup_py'
[0.274s] Level 1:colcon.colcon_core.package_identification:_identify(mujoco/model/humanoid) by extensions ['ignore', 'ignore_ament_install']
[0.274s] Level 1:colcon.colcon_core.package_identification:_identify(mujoco/model/humanoid) by extension 'ignore'
[0.274s] Level 1:colcon.colcon_core.package_identification:_identify(mujoco/model/humanoid) by extension 'ignore_ament_install'
[0.274s] Level 1:colcon.colcon_core.package_identification:_identify(mujoco/model/humanoid) by extensions ['colcon_pkg']
[0.274s] Level 1:colcon.colcon_core.package_identification:_identify(mujoco/model/humanoid) by extension 'colcon_pkg'
[0.274s] Level 1:colcon.colcon_core.package_identification:_identify(mujoco/model/humanoid) by extensions ['colcon_meta']
[0.274s] Level 1:colcon.colcon_core.package_identification:_identify(mujoco/model/humanoid) by extension 'colcon_meta'
[0.274s] Level 1:colcon.colcon_core.package_identification:_identify(mujoco/model/humanoid) by extensions ['ros']
[0.274s] Level 1:colcon.colcon_core.package_identification:_identify(mujoco/model/humanoid) by extension 'ros'
[0.274s] Level 1:colcon.colcon_core.package_identification:_identify(mujoco/model/humanoid) by extensions ['cmake', 'python']
[0.274s] Level 1:colcon.colcon_core.package_identification:_identify(mujoco/model/humanoid) by extension 'cmake'
[0.275s] Level 1:colcon.colcon_core.package_identification:_identify(mujoco/model/humanoid) by extension 'python'
[0.275s] Level 1:colcon.colcon_core.package_identification:_identify(mujoco/model/humanoid) by extensions ['python_setup_py']
[0.275s] Level 1:colcon.colcon_core.package_identification:_identify(mujoco/model/humanoid) by extension 'python_setup_py'
[0.275s] Level 1:colcon.colcon_core.package_identification:_identify(mujoco/model/mug) by extensions ['ignore', 'ignore_ament_install']
[0.275s] Level 1:colcon.colcon_core.package_identification:_identify(mujoco/model/mug) by extension 'ignore'
[0.275s] Level 1:colcon.colcon_core.package_identification:_identify(mujoco/model/mug) by extension 'ignore_ament_install'
[0.275s] Level 1:colcon.colcon_core.package_identification:_identify(mujoco/model/mug) by extensions ['colcon_pkg']
[0.275s] Level 1:colcon.colcon_core.package_identification:_identify(mujoco/model/mug) by extension 'colcon_pkg'
[0.275s] Level 1:colcon.colcon_core.package_identification:_identify(mujoco/model/mug) by extensions ['colcon_meta']
[0.275s] Level 1:colcon.colcon_core.package_identification:_identify(mujoco/model/mug) by extension 'colcon_meta'
[0.275s] Level 1:colcon.colcon_core.package_identification:_identify(mujoco/model/mug) by extensions ['ros']
[0.275s] Level 1:colcon.colcon_core.package_identification:_identify(mujoco/model/mug) by extension 'ros'
[0.275s] Level 1:colcon.colcon_core.package_identification:_identify(mujoco/model/mug) by extensions ['cmake', 'python']
[0.275s] Level 1:colcon.colcon_core.package_identification:_identify(mujoco/model/mug) by extension 'cmake'
[0.275s] Level 1:colcon.colcon_core.package_identification:_identify(mujoco/model/mug) by extension 'python'
[0.275s] Level 1:colcon.colcon_core.package_identification:_identify(mujoco/model/mug) by extensions ['python_setup_py']
[0.275s] Level 1:colcon.colcon_core.package_identification:_identify(mujoco/model/mug) by extension 'python_setup_py'
[0.275s] Level 1:colcon.colcon_core.package_identification:_identify(mujoco/model/plugin) by extensions ['ignore', 'ignore_ament_install']
[0.275s] Level 1:colcon.colcon_core.package_identification:_identify(mujoco/model/plugin) by extension 'ignore'
[0.275s] Level 1:colcon.colcon_core.package_identification:_identify(mujoco/model/plugin) by extension 'ignore_ament_install'
[0.276s] Level 1:colcon.colcon_core.package_identification:_identify(mujoco/model/plugin) by extensions ['colcon_pkg']
[0.276s] Level 1:colcon.colcon_core.package_identification:_identify(mujoco/model/plugin) by extension 'colcon_pkg'
[0.276s] Level 1:colcon.colcon_core.package_identification:_identify(mujoco/model/plugin) by extensions ['colcon_meta']
[0.276s] Level 1:colcon.colcon_core.package_identification:_identify(mujoco/model/plugin) by extension 'colcon_meta'
[0.276s] Level 1:colcon.colcon_core.package_identification:_identify(mujoco/model/plugin) by extensions ['ros']
[0.276s] Level 1:colcon.colcon_core.package_identification:_identify(mujoco/model/plugin) by extension 'ros'
[0.276s] Level 1:colcon.colcon_core.package_identification:_identify(mujoco/model/plugin) by extensions ['cmake', 'python']
[0.276s] Level 1:colcon.colcon_core.package_identification:_identify(mujoco/model/plugin) by extension 'cmake'
[0.276s] Level 1:colcon.colcon_core.package_identification:_identify(mujoco/model/plugin) by extension 'python'
[0.276s] Level 1:colcon.colcon_core.package_identification:_identify(mujoco/model/plugin) by extensions ['python_setup_py']
[0.276s] Level 1:colcon.colcon_core.package_identification:_identify(mujoco/model/plugin) by extension 'python_setup_py'
[0.276s] Level 1:colcon.colcon_core.package_identification:_identify(mujoco/model/plugin/actuator) by extensions ['ignore', 'ignore_ament_install']
[0.276s] Level 1:colcon.colcon_core.package_identification:_identify(mujoco/model/plugin/actuator) by extension 'ignore'
[0.276s] Level 1:colcon.colcon_core.package_identification:_identify(mujoco/model/plugin/actuator) by extension 'ignore_ament_install'
[0.276s] Level 1:colcon.colcon_core.package_identification:_identify(mujoco/model/plugin/actuator) by extensions ['colcon_pkg']
[0.276s] Level 1:colcon.colcon_core.package_identification:_identify(mujoco/model/plugin/actuator) by extension 'colcon_pkg'
[0.276s] Level 1:colcon.colcon_core.package_identification:_identify(mujoco/model/plugin/actuator) by extensions ['colcon_meta']
[0.276s] Level 1:colcon.colcon_core.package_identification:_identify(mujoco/model/plugin/actuator) by extension 'colcon_meta'
[0.276s] Level 1:colcon.colcon_core.package_identification:_identify(mujoco/model/plugin/actuator) by extensions ['ros']
[0.276s] Level 1:colcon.colcon_core.package_identification:_identify(mujoco/model/plugin/actuator) by extension 'ros'
[0.276s] Level 1:colcon.colcon_core.package_identification:_identify(mujoco/model/plugin/actuator) by extensions ['cmake', 'python']
[0.277s] Level 1:colcon.colcon_core.package_identification:_identify(mujoco/model/plugin/actuator) by extension 'cmake'
[0.277s] Level 1:colcon.colcon_core.package_identification:_identify(mujoco/model/plugin/actuator) by extension 'python'
[0.277s] Level 1:colcon.colcon_core.package_identification:_identify(mujoco/model/plugin/actuator) by extensions ['python_setup_py']
[0.277s] Level 1:colcon.colcon_core.package_identification:_identify(mujoco/model/plugin/actuator) by extension 'python_setup_py'
[0.277s] Level 1:colcon.colcon_core.package_identification:_identify(mujoco/model/plugin/elasticity) by extensions ['ignore', 'ignore_ament_install']
[0.277s] Level 1:colcon.colcon_core.package_identification:_identify(mujoco/model/plugin/elasticity) by extension 'ignore'
[0.277s] Level 1:colcon.colcon_core.package_identification:_identify(mujoco/model/plugin/elasticity) by extension 'ignore_ament_install'
[0.277s] Level 1:colcon.colcon_core.package_identification:_identify(mujoco/model/plugin/elasticity) by extensions ['colcon_pkg']
[0.277s] Level 1:colcon.colcon_core.package_identification:_identify(mujoco/model/plugin/elasticity) by extension 'colcon_pkg'
[0.277s] Level 1:colcon.colcon_core.package_identification:_identify(mujoco/model/plugin/elasticity) by extensions ['colcon_meta']
[0.277s] Level 1:colcon.colcon_core.package_identification:_identify(mujoco/model/plugin/elasticity) by extension 'colcon_meta'
[0.277s] Level 1:colcon.colcon_core.package_identification:_identify(mujoco/model/plugin/elasticity) by extensions ['ros']
[0.277s] Level 1:colcon.colcon_core.package_identification:_identify(mujoco/model/plugin/elasticity) by extension 'ros'
[0.277s] Level 1:colcon.colcon_core.package_identification:_identify(mujoco/model/plugin/elasticity) by extensions ['cmake', 'python']
[0.277s] Level 1:colcon.colcon_core.package_identification:_identify(mujoco/model/plugin/elasticity) by extension 'cmake'
[0.277s] Level 1:colcon.colcon_core.package_identification:_identify(mujoco/model/plugin/elasticity) by extension 'python'
[0.277s] Level 1:colcon.colcon_core.package_identification:_identify(mujoco/model/plugin/elasticity) by extensions ['python_setup_py']
[0.277s] Level 1:colcon.colcon_core.package_identification:_identify(mujoco/model/plugin/elasticity) by extension 'python_setup_py'
[0.277s] Level 1:colcon.colcon_core.package_identification:_identify(mujoco/model/plugin/sdf) by extensions ['ignore', 'ignore_ament_install']
[0.278s] Level 1:colcon.colcon_core.package_identification:_identify(mujoco/model/plugin/sdf) by extension 'ignore'
[0.278s] Level 1:colcon.colcon_core.package_identification:_identify(mujoco/model/plugin/sdf) by extension 'ignore_ament_install'
[0.278s] Level 1:colcon.colcon_core.package_identification:_identify(mujoco/model/plugin/sdf) by extensions ['colcon_pkg']
[0.278s] Level 1:colcon.colcon_core.package_identification:_identify(mujoco/model/plugin/sdf) by extension 'colcon_pkg'
[0.278s] Level 1:colcon.colcon_core.package_identification:_identify(mujoco/model/plugin/sdf) by extensions ['colcon_meta']
[0.278s] Level 1:colcon.colcon_core.package_identification:_identify(mujoco/model/plugin/sdf) by extension 'colcon_meta'
[0.278s] Level 1:colcon.colcon_core.package_identification:_identify(mujoco/model/plugin/sdf) by extensions ['ros']
[0.278s] Level 1:colcon.colcon_core.package_identification:_identify(mujoco/model/plugin/sdf) by extension 'ros'
[0.278s] Level 1:colcon.colcon_core.package_identification:_identify(mujoco/model/plugin/sdf) by extensions ['cmake', 'python']
[0.278s] Level 1:colcon.colcon_core.package_identification:_identify(mujoco/model/plugin/sdf) by extension 'cmake'
[0.278s] Level 1:colcon.colcon_core.package_identification:_identify(mujoco/model/plugin/sdf) by extension 'python'
[0.278s] Level 1:colcon.colcon_core.package_identification:_identify(mujoco/model/plugin/sdf) by extensions ['python_setup_py']
[0.278s] Level 1:colcon.colcon_core.package_identification:_identify(mujoco/model/plugin/sdf) by extension 'python_setup_py'
[0.278s] Level 1:colcon.colcon_core.package_identification:_identify(mujoco/model/plugin/sdf/asset) by extensions ['ignore', 'ignore_ament_install']
[0.278s] Level 1:colcon.colcon_core.package_identification:_identify(mujoco/model/plugin/sdf/asset) by extension 'ignore'
[0.278s] Level 1:colcon.colcon_core.package_identification:_identify(mujoco/model/plugin/sdf/asset) by extension 'ignore_ament_install'
[0.278s] Level 1:colcon.colcon_core.package_identification:_identify(mujoco/model/plugin/sdf/asset) by extensions ['colcon_pkg']
[0.278s] Level 1:colcon.colcon_core.package_identification:_identify(mujoco/model/plugin/sdf/asset) by extension 'colcon_pkg'
[0.278s] Level 1:colcon.colcon_core.package_identification:_identify(mujoco/model/plugin/sdf/asset) by extensions ['colcon_meta']
[0.278s] Level 1:colcon.colcon_core.package_identification:_identify(mujoco/model/plugin/sdf/asset) by extension 'colcon_meta'
[0.279s] Level 1:colcon.colcon_core.package_identification:_identify(mujoco/model/plugin/sdf/asset) by extensions ['ros']
[0.279s] Level 1:colcon.colcon_core.package_identification:_identify(mujoco/model/plugin/sdf/asset) by extension 'ros'
[0.279s] Level 1:colcon.colcon_core.package_identification:_identify(mujoco/model/plugin/sdf/asset) by extensions ['cmake', 'python']
[0.279s] Level 1:colcon.colcon_core.package_identification:_identify(mujoco/model/plugin/sdf/asset) by extension 'cmake'
[0.279s] Level 1:colcon.colcon_core.package_identification:_identify(mujoco/model/plugin/sdf/asset) by extension 'python'
[0.279s] Level 1:colcon.colcon_core.package_identification:_identify(mujoco/model/plugin/sdf/asset) by extensions ['python_setup_py']
[0.279s] Level 1:colcon.colcon_core.package_identification:_identify(mujoco/model/plugin/sdf/asset) by extension 'python_setup_py'
[0.279s] Level 1:colcon.colcon_core.package_identification:_identify(mujoco/model/plugin/sensor) by extensions ['ignore', 'ignore_ament_install']
[0.279s] Level 1:colcon.colcon_core.package_identification:_identify(mujoco/model/plugin/sensor) by extension 'ignore'
[0.279s] Level 1:colcon.colcon_core.package_identification:_identify(mujoco/model/plugin/sensor) by extension 'ignore_ament_install'
[0.279s] Level 1:colcon.colcon_core.package_identification:_identify(mujoco/model/plugin/sensor) by extensions ['colcon_pkg']
[0.279s] Level 1:colcon.colcon_core.package_identification:_identify(mujoco/model/plugin/sensor) by extension 'colcon_pkg'
[0.279s] Level 1:colcon.colcon_core.package_identification:_identify(mujoco/model/plugin/sensor) by extensions ['colcon_meta']
[0.279s] Level 1:colcon.colcon_core.package_identification:_identify(mujoco/model/plugin/sensor) by extension 'colcon_meta'
[0.279s] Level 1:colcon.colcon_core.package_identification:_identify(mujoco/model/plugin/sensor) by extensions ['ros']
[0.279s] Level 1:colcon.colcon_core.package_identification:_identify(mujoco/model/plugin/sensor) by extension 'ros'
[0.279s] Level 1:colcon.colcon_core.package_identification:_identify(mujoco/model/plugin/sensor) by extensions ['cmake', 'python']
[0.279s] Level 1:colcon.colcon_core.package_identification:_identify(mujoco/model/plugin/sensor) by extension 'cmake'
[0.279s] Level 1:colcon.colcon_core.package_identification:_identify(mujoco/model/plugin/sensor) by extension 'python'
[0.279s] Level 1:colcon.colcon_core.package_identification:_identify(mujoco/model/plugin/sensor) by extensions ['python_setup_py']
[0.279s] Level 1:colcon.colcon_core.package_identification:_identify(mujoco/model/plugin/sensor) by extension 'python_setup_py'
[0.280s] Level 1:colcon.colcon_core.package_identification:_identify(mujoco/model/replicate) by extensions ['ignore', 'ignore_ament_install']
[0.280s] Level 1:colcon.colcon_core.package_identification:_identify(mujoco/model/replicate) by extension 'ignore'
[0.280s] Level 1:colcon.colcon_core.package_identification:_identify(mujoco/model/replicate) by extension 'ignore_ament_install'
[0.280s] Level 1:colcon.colcon_core.package_identification:_identify(mujoco/model/replicate) by extensions ['colcon_pkg']
[0.280s] Level 1:colcon.colcon_core.package_identification:_identify(mujoco/model/replicate) by extension 'colcon_pkg'
[0.280s] Level 1:colcon.colcon_core.package_identification:_identify(mujoco/model/replicate) by extensions ['colcon_meta']
[0.280s] Level 1:colcon.colcon_core.package_identification:_identify(mujoco/model/replicate) by extension 'colcon_meta'
[0.280s] Level 1:colcon.colcon_core.package_identification:_identify(mujoco/model/replicate) by extensions ['ros']
[0.280s] Level 1:colcon.colcon_core.package_identification:_identify(mujoco/model/replicate) by extension 'ros'
[0.280s] Level 1:colcon.colcon_core.package_identification:_identify(mujoco/model/replicate) by extensions ['cmake', 'python']
[0.280s] Level 1:colcon.colcon_core.package_identification:_identify(mujoco/model/replicate) by extension 'cmake'
[0.280s] Level 1:colcon.colcon_core.package_identification:_identify(mujoco/model/replicate) by extension 'python'
[0.280s] Level 1:colcon.colcon_core.package_identification:_identify(mujoco/model/replicate) by extensions ['python_setup_py']
[0.280s] Level 1:colcon.colcon_core.package_identification:_identify(mujoco/model/replicate) by extension 'python_setup_py'
[0.280s] Level 1:colcon.colcon_core.package_identification:_identify(mujoco/model/replicate/asset) by extensions ['ignore', 'ignore_ament_install']
[0.280s] Level 1:colcon.colcon_core.package_identification:_identify(mujoco/model/replicate/asset) by extension 'ignore'
[0.280s] Level 1:colcon.colcon_core.package_identification:_identify(mujoco/model/replicate/asset) by extension 'ignore_ament_install'
[0.280s] Level 1:colcon.colcon_core.package_identification:_identify(mujoco/model/replicate/asset) by extensions ['colcon_pkg']
[0.280s] Level 1:colcon.colcon_core.package_identification:_identify(mujoco/model/replicate/asset) by extension 'colcon_pkg'
[0.281s] Level 1:colcon.colcon_core.package_identification:_identify(mujoco/model/replicate/asset) by extensions ['colcon_meta']
[0.281s] Level 1:colcon.colcon_core.package_identification:_identify(mujoco/model/replicate/asset) by extension 'colcon_meta'
[0.281s] Level 1:colcon.colcon_core.package_identification:_identify(mujoco/model/replicate/asset) by extensions ['ros']
[0.281s] Level 1:colcon.colcon_core.package_identification:_identify(mujoco/model/replicate/asset) by extension 'ros'
[0.281s] Level 1:colcon.colcon_core.package_identification:_identify(mujoco/model/replicate/asset) by extensions ['cmake', 'python']
[0.281s] Level 1:colcon.colcon_core.package_identification:_identify(mujoco/model/replicate/asset) by extension 'cmake'
[0.281s] Level 1:colcon.colcon_core.package_identification:_identify(mujoco/model/replicate/asset) by extension 'python'
[0.281s] Level 1:colcon.colcon_core.package_identification:_identify(mujoco/model/replicate/asset) by extensions ['python_setup_py']
[0.281s] Level 1:colcon.colcon_core.package_identification:_identify(mujoco/model/replicate/asset) by extension 'python_setup_py'
[0.281s] Level 1:colcon.colcon_core.package_identification:_identify(mujoco/model/slider_crank) by extensions ['ignore', 'ignore_ament_install']
[0.281s] Level 1:colcon.colcon_core.package_identification:_identify(mujoco/model/slider_crank) by extension 'ignore'
[0.281s] Level 1:colcon.colcon_core.package_identification:_identify(mujoco/model/slider_crank) by extension 'ignore_ament_install'
[0.281s] Level 1:colcon.colcon_core.package_identification:_identify(mujoco/model/slider_crank) by extensions ['colcon_pkg']
[0.281s] Level 1:colcon.colcon_core.package_identification:_identify(mujoco/model/slider_crank) by extension 'colcon_pkg'
[0.281s] Level 1:colcon.colcon_core.package_identification:_identify(mujoco/model/slider_crank) by extensions ['colcon_meta']
[0.281s] Level 1:colcon.colcon_core.package_identification:_identify(mujoco/model/slider_crank) by extension 'colcon_meta'
[0.281s] Level 1:colcon.colcon_core.package_identification:_identify(mujoco/model/slider_crank) by extensions ['ros']
[0.281s] Level 1:colcon.colcon_core.package_identification:_identify(mujoco/model/slider_crank) by extension 'ros'
[0.281s] Level 1:colcon.colcon_core.package_identification:_identify(mujoco/model/slider_crank) by extensions ['cmake', 'python']
[0.281s] Level 1:colcon.colcon_core.package_identification:_identify(mujoco/model/slider_crank) by extension 'cmake'
[0.281s] Level 1:colcon.colcon_core.package_identification:_identify(mujoco/model/slider_crank) by extension 'python'
[0.282s] Level 1:colcon.colcon_core.package_identification:_identify(mujoco/model/slider_crank) by extensions ['python_setup_py']
[0.282s] Level 1:colcon.colcon_core.package_identification:_identify(mujoco/model/slider_crank) by extension 'python_setup_py'
[0.282s] Level 1:colcon.colcon_core.package_identification:_identify(mujoco/model/tendon_arm) by extensions ['ignore', 'ignore_ament_install']
[0.282s] Level 1:colcon.colcon_core.package_identification:_identify(mujoco/model/tendon_arm) by extension 'ignore'
[0.282s] Level 1:colcon.colcon_core.package_identification:_identify(mujoco/model/tendon_arm) by extension 'ignore_ament_install'
[0.282s] Level 1:colcon.colcon_core.package_identification:_identify(mujoco/model/tendon_arm) by extensions ['colcon_pkg']
[0.282s] Level 1:colcon.colcon_core.package_identification:_identify(mujoco/model/tendon_arm) by extension 'colcon_pkg'
[0.282s] Level 1:colcon.colcon_core.package_identification:_identify(mujoco/model/tendon_arm) by extensions ['colcon_meta']
[0.282s] Level 1:colcon.colcon_core.package_identification:_identify(mujoco/model/tendon_arm) by extension 'colcon_meta'
[0.282s] Level 1:colcon.colcon_core.package_identification:_identify(mujoco/model/tendon_arm) by extensions ['ros']
[0.282s] Level 1:colcon.colcon_core.package_identification:_identify(mujoco/model/tendon_arm) by extension 'ros'
[0.282s] Level 1:colcon.colcon_core.package_identification:_identify(mujoco/model/tendon_arm) by extensions ['cmake', 'python']
[0.282s] Level 1:colcon.colcon_core.package_identification:_identify(mujoco/model/tendon_arm) by extension 'cmake'
[0.282s] Level 1:colcon.colcon_core.package_identification:_identify(mujoco/model/tendon_arm) by extension 'python'
[0.282s] Level 1:colcon.colcon_core.package_identification:_identify(mujoco/model/tendon_arm) by extensions ['python_setup_py']
[0.282s] Level 1:colcon.colcon_core.package_identification:_identify(mujoco/model/tendon_arm) by extension 'python_setup_py'
[0.282s] Level 1:colcon.colcon_core.package_identification:_identify(mujoco/sample) by extensions ['ignore', 'ignore_ament_install']
[0.282s] Level 1:colcon.colcon_core.package_identification:_identify(mujoco/sample) by extension 'ignore'
[0.282s] Level 1:colcon.colcon_core.package_identification:_identify(mujoco/sample) by extension 'ignore_ament_install'
[0.283s] Level 1:colcon.colcon_core.package_identification:_identify(mujoco/sample) by extensions ['colcon_pkg']
[0.283s] Level 1:colcon.colcon_core.package_identification:_identify(mujoco/sample) by extension 'colcon_pkg'
[0.283s] Level 1:colcon.colcon_core.package_identification:_identify(mujoco/sample) by extensions ['colcon_meta']
[0.283s] Level 1:colcon.colcon_core.package_identification:_identify(mujoco/sample) by extension 'colcon_meta'
[0.283s] Level 1:colcon.colcon_core.package_identification:_identify(mujoco/sample) by extensions ['ros']
[0.283s] Level 1:colcon.colcon_core.package_identification:_identify(mujoco/sample) by extension 'ros'
[0.283s] Level 1:colcon.colcon_core.package_identification:_identify(mujoco/sample) by extensions ['cmake', 'python']
[0.283s] Level 1:colcon.colcon_core.package_identification:_identify(mujoco/sample) by extension 'cmake'
[0.283s] Level 1:colcon.colcon_core.package_identification:_identify(mujoco/sample) by extension 'python'
[0.283s] Level 1:colcon.colcon_core.package_identification:_identify(mujoco/sample) by extensions ['python_setup_py']
[0.283s] Level 1:colcon.colcon_core.package_identification:_identify(mujoco/sample) by extension 'python_setup_py'
[0.283s] Level 1:colcon.colcon_core.package_identification:_identify(mujoco/sample/cmake) by extensions ['ignore', 'ignore_ament_install']
[0.283s] Level 1:colcon.colcon_core.package_identification:_identify(mujoco/sample/cmake) by extension 'ignore'
[0.283s] Level 1:colcon.colcon_core.package_identification:_identify(mujoco/sample/cmake) by extension 'ignore_ament_install'
[0.283s] Level 1:colcon.colcon_core.package_identification:_identify(mujoco/sample/cmake) by extensions ['colcon_pkg']
[0.283s] Level 1:colcon.colcon_core.package_identification:_identify(mujoco/sample/cmake) by extension 'colcon_pkg'
[0.283s] Level 1:colcon.colcon_core.package_identification:_identify(mujoco/sample/cmake) by extensions ['colcon_meta']
[0.283s] Level 1:colcon.colcon_core.package_identification:_identify(mujoco/sample/cmake) by extension 'colcon_meta'
[0.283s] Level 1:colcon.colcon_core.package_identification:_identify(mujoco/sample/cmake) by extensions ['ros']
[0.283s] Level 1:colcon.colcon_core.package_identification:_identify(mujoco/sample/cmake) by extension 'ros'
[0.283s] Level 1:colcon.colcon_core.package_identification:_identify(mujoco/sample/cmake) by extensions ['cmake', 'python']
[0.283s] Level 1:colcon.colcon_core.package_identification:_identify(mujoco/sample/cmake) by extension 'cmake'
[0.284s] Level 1:colcon.colcon_core.package_identification:_identify(mujoco/sample/cmake) by extension 'python'
[0.284s] Level 1:colcon.colcon_core.package_identification:_identify(mujoco/sample/cmake) by extensions ['python_setup_py']
[0.284s] Level 1:colcon.colcon_core.package_identification:_identify(mujoco/sample/cmake) by extension 'python_setup_py'
[0.284s] Level 1:colcon.colcon_core.package_identification:_identify(mujoco/simulate) by extensions ['ignore', 'ignore_ament_install']
[0.284s] Level 1:colcon.colcon_core.package_identification:_identify(mujoco/simulate) by extension 'ignore'
[0.284s] Level 1:colcon.colcon_core.package_identification:_identify(mujoco/simulate) by extension 'ignore_ament_install'
[0.284s] Level 1:colcon.colcon_core.package_identification:_identify(mujoco/simulate) by extensions ['colcon_pkg']
[0.284s] Level 1:colcon.colcon_core.package_identification:_identify(mujoco/simulate) by extension 'colcon_pkg'
[0.284s] Level 1:colcon.colcon_core.package_identification:_identify(mujoco/simulate) by extensions ['colcon_meta']
[0.284s] Level 1:colcon.colcon_core.package_identification:_identify(mujoco/simulate) by extension 'colcon_meta'
[0.284s] Level 1:colcon.colcon_core.package_identification:_identify(mujoco/simulate) by extensions ['ros']
[0.284s] Level 1:colcon.colcon_core.package_identification:_identify(mujoco/simulate) by extension 'ros'
[0.284s] Level 1:colcon.colcon_core.package_identification:_identify(mujoco/simulate) by extensions ['cmake', 'python']
[0.284s] Level 1:colcon.colcon_core.package_identification:_identify(mujoco/simulate) by extension 'cmake'
[0.284s] Level 1:colcon.colcon_core.package_identification:_identify(mujoco/simulate) by extension 'python'
[0.284s] Level 1:colcon.colcon_core.package_identification:_identify(mujoco/simulate) by extensions ['python_setup_py']
[0.284s] Level 1:colcon.colcon_core.package_identification:_identify(mujoco/simulate) by extension 'python_setup_py'
[0.284s] Level 1:colcon.colcon_core.package_identification:_identify(mujoco/simulate/cmake) by extensions ['ignore', 'ignore_ament_install']
[0.284s] Level 1:colcon.colcon_core.package_identification:_identify(mujoco/simulate/cmake) by extension 'ignore'
[0.285s] Level 1:colcon.colcon_core.package_identification:_identify(mujoco/simulate/cmake) by extension 'ignore_ament_install'
[0.285s] Level 1:colcon.colcon_core.package_identification:_identify(mujoco/simulate/cmake) by extensions ['colcon_pkg']
[0.285s] Level 1:colcon.colcon_core.package_identification:_identify(mujoco/simulate/cmake) by extension 'colcon_pkg'
[0.285s] Level 1:colcon.colcon_core.package_identification:_identify(mujoco/simulate/cmake) by extensions ['colcon_meta']
[0.285s] Level 1:colcon.colcon_core.package_identification:_identify(mujoco/simulate/cmake) by extension 'colcon_meta'
[0.285s] Level 1:colcon.colcon_core.package_identification:_identify(mujoco/simulate/cmake) by extensions ['ros']
[0.285s] Level 1:colcon.colcon_core.package_identification:_identify(mujoco/simulate/cmake) by extension 'ros'
[0.285s] Level 1:colcon.colcon_core.package_identification:_identify(mujoco/simulate/cmake) by extensions ['cmake', 'python']
[0.285s] Level 1:colcon.colcon_core.package_identification:_identify(mujoco/simulate/cmake) by extension 'cmake'
[0.285s] Level 1:colcon.colcon_core.package_identification:_identify(mujoco/simulate/cmake) by extension 'python'
[0.285s] Level 1:colcon.colcon_core.package_identification:_identify(mujoco/simulate/cmake) by extensions ['python_setup_py']
[0.285s] Level 1:colcon.colcon_core.package_identification:_identify(mujoco/simulate/cmake) by extension 'python_setup_py'
[0.285s] Level 1:colcon.colcon_core.package_identification:_identify(src) by extensions ['ignore', 'ignore_ament_install']
[0.285s] Level 1:colcon.colcon_core.package_identification:_identify(src) by extension 'ignore'
[0.285s] Level 1:colcon.colcon_core.package_identification:_identify(src) by extension 'ignore_ament_install'
[0.285s] Level 1:colcon.colcon_core.package_identification:_identify(src) by extensions ['colcon_pkg']
[0.285s] Level 1:colcon.colcon_core.package_identification:_identify(src) by extension 'colcon_pkg'
[0.285s] Level 1:colcon.colcon_core.package_identification:_identify(src) by extensions ['colcon_meta']
[0.285s] Level 1:colcon.colcon_core.package_identification:_identify(src) by extension 'colcon_meta'
[0.285s] Level 1:colcon.colcon_core.package_identification:_identify(src) by extensions ['ros']
[0.285s] Level 1:colcon.colcon_core.package_identification:_identify(src) by extension 'ros'
[0.286s] Level 1:colcon.colcon_core.package_identification:_identify(src) by extensions ['cmake', 'python']
[0.286s] Level 1:colcon.colcon_core.package_identification:_identify(src) by extension 'cmake'
[0.286s] Level 1:colcon.colcon_core.package_identification:_identify(src) by extension 'python'
[0.286s] Level 1:colcon.colcon_core.package_identification:_identify(src) by extensions ['python_setup_py']
[0.286s] Level 1:colcon.colcon_core.package_identification:_identify(src) by extension 'python_setup_py'
[0.286s] Level 1:colcon.colcon_core.package_identification:_identify(src/build) by extensions ['ignore', 'ignore_ament_install']
[0.286s] Level 1:colcon.colcon_core.package_identification:_identify(src/build) by extension 'ignore'
[0.286s] Level 1:colcon.colcon_core.package_identification:_identify(src/build) ignored
[0.286s] Level 1:colcon.colcon_core.package_identification:_identify(src/install) by extensions ['ignore', 'ignore_ament_install']
[0.286s] Level 1:colcon.colcon_core.package_identification:_identify(src/install) by extension 'ignore'
[0.286s] Level 1:colcon.colcon_core.package_identification:_identify(src/install) ignored
[0.286s] Level 1:colcon.colcon_core.package_identification:_identify(src/log) by extensions ['ignore', 'ignore_ament_install']
[0.286s] Level 1:colcon.colcon_core.package_identification:_identify(src/log) by extension 'ignore'
[0.286s] Level 1:colcon.colcon_core.package_identification:_identify(src/log) ignored
[0.286s] Level 1:colcon.colcon_core.package_identification:_identify(src/rov_attitude_controller) by extensions ['ignore', 'ignore_ament_install']
[0.286s] Level 1:colcon.colcon_core.package_identification:_identify(src/rov_attitude_controller) by extension 'ignore'
[0.286s] Level 1:colcon.colcon_core.package_identification:_identify(src/rov_attitude_controller) by extension 'ignore_ament_install'
[0.287s] Level 1:colcon.colcon_core.package_identification:_identify(src/rov_attitude_controller) by extensions ['colcon_pkg']
[0.287s] Level 1:colcon.colcon_core.package_identification:_identify(src/rov_attitude_controller) by extension 'colcon_pkg'
[0.287s] Level 1:colcon.colcon_core.package_identification:_identify(src/rov_attitude_controller) by extensions ['colcon_meta']
[0.287s] Level 1:colcon.colcon_core.package_identification:_identify(src/rov_attitude_controller) by extension 'colcon_meta'
[0.287s] Level 1:colcon.colcon_core.package_identification:_identify(src/rov_attitude_controller) by extensions ['ros']
[0.287s] Level 1:colcon.colcon_core.package_identification:_identify(src/rov_attitude_controller) by extension 'ros'
[0.289s] DEBUG:colcon.colcon_core.package_identification:Package 'src/rov_attitude_controller' with type 'ros.ament_python' and name 'rov_attitude_controller'
[0.289s] Level 1:colcon.colcon_core.package_identification:_identify(src/rov_controllers) by extensions ['ignore', 'ignore_ament_install']
[0.289s] Level 1:colcon.colcon_core.package_identification:_identify(src/rov_controllers) by extension 'ignore'
[0.289s] Level 1:colcon.colcon_core.package_identification:_identify(src/rov_controllers) by extension 'ignore_ament_install'
[0.289s] Level 1:colcon.colcon_core.package_identification:_identify(src/rov_controllers) by extensions ['colcon_pkg']
[0.289s] Level 1:colcon.colcon_core.package_identification:_identify(src/rov_controllers) by extension 'colcon_pkg'
[0.289s] Level 1:colcon.colcon_core.package_identification:_identify(src/rov_controllers) by extensions ['colcon_meta']
[0.289s] Level 1:colcon.colcon_core.package_identification:_identify(src/rov_controllers) by extension 'colcon_meta'
[0.289s] Level 1:colcon.colcon_core.package_identification:_identify(src/rov_controllers) by extensions ['ros']
[0.289s] Level 1:colcon.colcon_core.package_identification:_identify(src/rov_controllers) by extension 'ros'
[0.290s] DEBUG:colcon.colcon_core.package_identification:Package 'src/rov_controllers' with type 'ros.ament_cmake' and name 'rov_controllers'
[0.290s] Level 1:colcon.colcon_core.package_identification:_identify(src/rov_mujoco_bringup) by extensions ['ignore', 'ignore_ament_install']
[0.290s] Level 1:colcon.colcon_core.package_identification:_identify(src/rov_mujoco_bringup) by extension 'ignore'
[0.290s] Level 1:colcon.colcon_core.package_identification:_identify(src/rov_mujoco_bringup) by extension 'ignore_ament_install'
[0.290s] Level 1:colcon.colcon_core.package_identification:_identify(src/rov_mujoco_bringup) by extensions ['colcon_pkg']
[0.290s] Level 1:colcon.colcon_core.package_identification:_identify(src/rov_mujoco_bringup) by extension 'colcon_pkg'
[0.290s] Level 1:colcon.colcon_core.package_identification:_identify(src/rov_mujoco_bringup) by extensions ['colcon_meta']
[0.290s] Level 1:colcon.colcon_core.package_identification:_identify(src/rov_mujoco_bringup) by extension 'colcon_meta'
[0.290s] Level 1:colcon.colcon_core.package_identification:_identify(src/rov_mujoco_bringup) by extensions ['ros']
[0.291s] Level 1:colcon.colcon_core.package_identification:_identify(src/rov_mujoco_bringup) by extension 'ros'
[0.291s] DEBUG:colcon.colcon_core.package_identification:Package 'src/rov_mujoco_bringup' with type 'ros.ament_cmake' and name 'rov_mujoco_bringup'
[0.291s] Level 1:colcon.colcon_core.package_identification:_identify(src/rov_mujoco_description) by extensions ['ignore', 'ignore_ament_install']
[0.291s] Level 1:colcon.colcon_core.package_identification:_identify(src/rov_mujoco_description) by extension 'ignore'
[0.291s] Level 1:colcon.colcon_core.package_identification:_identify(src/rov_mujoco_description) by extension 'ignore_ament_install'
[0.291s] Level 1:colcon.colcon_core.package_identification:_identify(src/rov_mujoco_description) by extensions ['colcon_pkg']
[0.291s] Level 1:colcon.colcon_core.package_identification:_identify(src/rov_mujoco_description) by extension 'colcon_pkg'
[0.291s] Level 1:colcon.colcon_core.package_identification:_identify(src/rov_mujoco_description) by extensions ['colcon_meta']
[0.291s] Level 1:colcon.colcon_core.package_identification:_identify(src/rov_mujoco_description) by extension 'colcon_meta'
[0.291s] Level 1:colcon.colcon_core.package_identification:_identify(src/rov_mujoco_description) by extensions ['ros']
[0.291s] Level 1:colcon.colcon_core.package_identification:_identify(src/rov_mujoco_description) by extension 'ros'
[0.292s] DEBUG:colcon.colcon_core.package_identification:Package 'src/rov_mujoco_description' with type 'ros.ament_cmake' and name 'rov_mujoco_description'
[0.292s] Level 1:colcon.colcon_core.package_identification:_identify(src/rov_mujoco_sim) by extensions ['ignore', 'ignore_ament_install']
[0.292s] Level 1:colcon.colcon_core.package_identification:_identify(src/rov_mujoco_sim) by extension 'ignore'
[0.292s] Level 1:colcon.colcon_core.package_identification:_identify(src/rov_mujoco_sim) by extension 'ignore_ament_install'
[0.292s] Level 1:colcon.colcon_core.package_identification:_identify(src/rov_mujoco_sim) by extensions ['colcon_pkg']
[0.292s] Level 1:colcon.colcon_core.package_identification:_identify(src/rov_mujoco_sim) by extension 'colcon_pkg'
[0.292s] Level 1:colcon.colcon_core.package_identification:_identify(src/rov_mujoco_sim) by extensions ['colcon_meta']
[0.292s] Level 1:colcon.colcon_core.package_identification:_identify(src/rov_mujoco_sim) by extension 'colcon_meta'
[0.292s] Level 1:colcon.colcon_core.package_identification:_identify(src/rov_mujoco_sim) by extensions ['ros']
[0.292s] Level 1:colcon.colcon_core.package_identification:_identify(src/rov_mujoco_sim) by extension 'ros'
[0.293s] DEBUG:colcon.colcon_core.package_identification:Package 'src/rov_mujoco_sim' with type 'ros.ament_cmake' and name 'rov_mujoco_sim'
[0.293s] Level 1:colcon.colcon_core.package_identification:_identify(src/rov_path_follower) by extensions ['ignore', 'ignore_ament_install']
[0.293s] Level 1:colcon.colcon_core.package_identification:_identify(src/rov_path_follower) by extension 'ignore'
[0.293s] Level 1:colcon.colcon_core.package_identification:_identify(src/rov_path_follower) by extension 'ignore_ament_install'
[0.293s] Level 1:colcon.colcon_core.package_identification:_identify(src/rov_path_follower) by extensions ['colcon_pkg']
[0.293s] Level 1:colcon.colcon_core.package_identification:_identify(src/rov_path_follower) by extension 'colcon_pkg'
[0.293s] Level 1:colcon.colcon_core.package_identification:_identify(src/rov_path_follower) by extensions ['colcon_meta']
[0.293s] Level 1:colcon.colcon_core.package_identification:_identify(src/rov_path_follower) by extension 'colcon_meta'
[0.293s] Level 1:colcon.colcon_core.package_identification:_identify(src/rov_path_follower) by extensions ['ros']
[0.293s] Level 1:colcon.colcon_core.package_identification:_identify(src/rov_path_follower) by extension 'ros'
[0.294s] DEBUG:colcon.colcon_core.package_identification:Package 'src/rov_path_follower' with type 'ros.ament_python' and name 'rov_path_follower'
[0.294s] Level 1:colcon.colcon_core.package_identification:_identify(src/rov_path_generator) by extensions ['ignore', 'ignore_ament_install']
[0.294s] Level 1:colcon.colcon_core.package_identification:_identify(src/rov_path_generator) by extension 'ignore'
[0.294s] Level 1:colcon.colcon_core.package_identification:_identify(src/rov_path_generator) by extension 'ignore_ament_install'
[0.294s] Level 1:colcon.colcon_core.package_identification:_identify(src/rov_path_generator) by extensions ['colcon_pkg']
[0.294s] Level 1:colcon.colcon_core.package_identification:_identify(src/rov_path_generator) by extension 'colcon_pkg'
[0.294s] Level 1:colcon.colcon_core.package_identification:_identify(src/rov_path_generator) by extensions ['colcon_meta']
[0.294s] Level 1:colcon.colcon_core.package_identification:_identify(src/rov_path_generator) by extension 'colcon_meta'
[0.294s] Level 1:colcon.colcon_core.package_identification:_identify(src/rov_path_generator) by extensions ['ros']
[0.294s] Level 1:colcon.colcon_core.package_identification:_identify(src/rov_path_generator) by extension 'ros'
[0.295s] DEBUG:colcon.colcon_core.package_identification:Package 'src/rov_path_generator' with type 'ros.ament_python' and name 'rov_path_generator'
[0.295s] Level 1:colcon.colcon_core.package_identification:_identify(src/rov_position_controller) by extensions ['ignore', 'ignore_ament_install']
[0.295s] Level 1:colcon.colcon_core.package_identification:_identify(src/rov_position_controller) by extension 'ignore'
[0.295s] Level 1:colcon.colcon_core.package_identification:_identify(src/rov_position_controller) by extension 'ignore_ament_install'
[0.295s] Level 1:colcon.colcon_core.package_identification:_identify(src/rov_position_controller) by extensions ['colcon_pkg']
[0.295s] Level 1:colcon.colcon_core.package_identification:_identify(src/rov_position_controller) by extension 'colcon_pkg'
[0.295s] Level 1:colcon.colcon_core.package_identification:_identify(src/rov_position_controller) by extensions ['colcon_meta']
[0.295s] Level 1:colcon.colcon_core.package_identification:_identify(src/rov_position_controller) by extension 'colcon_meta'
[0.295s] Level 1:colcon.colcon_core.package_identification:_identify(src/rov_position_controller) by extensions ['ros']
[0.295s] Level 1:colcon.colcon_core.package_identification:_identify(src/rov_position_controller) by extension 'ros'
[0.296s] DEBUG:colcon.colcon_core.package_identification:Package 'src/rov_position_controller' with type 'ros.ament_python' and name 'rov_position_controller'
[0.296s] Level 1:colcon.colcon_core.package_discovery:discover_packages(recursive) using defaults
[0.296s] Level 1:colcon.colcon_core.package_discovery:discover_packages(ignore) discover
[0.296s] Level 1:colcon.colcon_core.package_discovery:discover_packages(ignore) using defaults
[0.296s] Level 1:colcon.colcon_core.package_discovery:discover_packages(path) discover
[0.296s] Level 1:colcon.colcon_core.package_discovery:discover_packages(path) using defaults
[0.315s] Level 5:colcon.colcon_core.verb:set package 'rov_attitude_controller' build argument 'cmake_args' from command line to 'None'
[0.315s] Level 5:colcon.colcon_core.verb:set package 'rov_attitude_controller' build argument 'cmake_target' from command line to 'None'
[0.315s] Level 5:colcon.colcon_core.verb:set package 'rov_attitude_controller' build argument 'cmake_target_skip_unavailable' from command line to 'False'
[0.315s] Level 5:colcon.colcon_core.verb:set package 'rov_attitude_controller' build argument 'cmake_clean_cache' from command line to 'False'
[0.315s] Level 5:colcon.colcon_core.verb:set package 'rov_attitude_controller' build argument 'cmake_clean_first' from command line to 'False'
[0.315s] Level 5:colcon.colcon_core.verb:set package 'rov_attitude_controller' build argument 'cmake_force_configure' from command line to 'False'
[0.315s] Level 5:colcon.colcon_core.verb:set package 'rov_attitude_controller' build argument 'ament_cmake_args' from command line to 'None'
[0.315s] Level 5:colcon.colcon_core.verb:set package 'rov_attitude_controller' build argument 'catkin_cmake_args' from command line to 'None'
[0.315s] Level 5:colcon.colcon_core.verb:set package 'rov_attitude_controller' build argument 'catkin_skip_building_tests' from command line to 'False'
[0.315s] DEBUG:colcon.colcon_core.verb:Building package 'rov_attitude_controller' with the following arguments: {'ament_cmake_args': None, 'build_base': '/rov_ws/build/rov_attitude_controller', 'catkin_cmake_args': None, 'catkin_skip_building_tests': False, 'cmake_args': None, 'cmake_clean_cache': False, 'cmake_clean_first': False, 'cmake_force_configure': False, 'cmake_target': None, 'cmake_target_skip_unavailable': False, 'install_base': '/rov_ws/install/rov_attitude_controller', 'merge_install': False, 'path': '/rov_ws/src/rov_attitude_controller', 'symlink_install': True, 'test_result_base': None}
[0.316s] Level 5:colcon.colcon_core.verb:set package 'rov_controllers' build argument 'cmake_args' from command line to 'None'
[0.316s] Level 5:colcon.colcon_core.verb:set package 'rov_controllers' build argument 'cmake_target' from command line to 'None'
[0.316s] Level 5:colcon.colcon_core.verb:set package 'rov_controllers' build argument 'cmake_target_skip_unavailable' from command line to 'False'
[0.316s] Level 5:colcon.colcon_core.verb:set package 'rov_controllers' build argument 'cmake_clean_cache' from command line to 'False'
[0.316s] Level 5:colcon.colcon_core.verb:set package 'rov_controllers' build argument 'cmake_clean_first' from command line to 'False'
[0.316s] Level 5:colcon.colcon_core.verb:set package 'rov_controllers' build argument 'cmake_force_configure' from command line to 'False'
[0.316s] Level 5:colcon.colcon_core.verb:set package 'rov_controllers' build argument 'ament_cmake_args' from command line to 'None'
[0.316s] Level 5:colcon.colcon_core.verb:set package 'rov_controllers' build argument 'catkin_cmake_args' from command line to 'None'
[0.316s] Level 5:colcon.colcon_core.verb:set package 'rov_controllers' build argument 'catkin_skip_building_tests' from command line to 'False'
[0.316s] DEBUG:colcon.colcon_core.verb:Building package 'rov_controllers' with the following arguments: {'ament_cmake_args': None, 'build_base': '/rov_ws/build/rov_controllers', 'catkin_cmake_args': None, 'catkin_skip_building_tests': False, 'cmake_args': None, 'cmake_clean_cache': False, 'cmake_clean_first': False, 'cmake_force_configure': False, 'cmake_target': None, 'cmake_target_skip_unavailable': False, 'install_base': '/rov_ws/install/rov_controllers', 'merge_install': False, 'path': '/rov_ws/src/rov_controllers', 'symlink_install': True, 'test_result_base': None}
[0.316s] Level 5:colcon.colcon_core.verb:set package 'rov_mujoco_bringup' build argument 'cmake_args' from command line to 'None'
[0.316s] Level 5:colcon.colcon_core.verb:set package 'rov_mujoco_bringup' build argument 'cmake_target' from command line to 'None'
[0.316s] Level 5:colcon.colcon_core.verb:set package 'rov_mujoco_bringup' build argument 'cmake_target_skip_unavailable' from command line to 'False'
[0.316s] Level 5:colcon.colcon_core.verb:set package 'rov_mujoco_bringup' build argument 'cmake_clean_cache' from command line to 'False'
[0.316s] Level 5:colcon.colcon_core.verb:set package 'rov_mujoco_bringup' build argument 'cmake_clean_first' from command line to 'False'
[0.316s] Level 5:colcon.colcon_core.verb:set package 'rov_mujoco_bringup' build argument 'cmake_force_configure' from command line to 'False'
[0.316s] Level 5:colcon.colcon_core.verb:set package 'rov_mujoco_bringup' build argument 'ament_cmake_args' from command line to 'None'
[0.316s] Level 5:colcon.colcon_core.verb:set package 'rov_mujoco_bringup' build argument 'catkin_cmake_args' from command line to 'None'
[0.316s] Level 5:colcon.colcon_core.verb:set package 'rov_mujoco_bringup' build argument 'catkin_skip_building_tests' from command line to 'False'
[0.317s] DEBUG:colcon.colcon_core.verb:Building package 'rov_mujoco_bringup' with the following arguments: {'ament_cmake_args': None, 'build_base': '/rov_ws/build/rov_mujoco_bringup', 'catkin_cmake_args': None, 'catkin_skip_building_tests': False, 'cmake_args': None, 'cmake_clean_cache': False, 'cmake_clean_first': False, 'cmake_force_configure': False, 'cmake_target': None, 'cmake_target_skip_unavailable': False, 'install_base': '/rov_ws/install/rov_mujoco_bringup', 'merge_install': False, 'path': '/rov_ws/src/rov_mujoco_bringup', 'symlink_install': True, 'test_result_base': None}
[0.317s] Level 5:colcon.colcon_core.verb:set package 'rov_mujoco_description' build argument 'cmake_args' from command line to 'None'
[0.317s] Level 5:colcon.colcon_core.verb:set package 'rov_mujoco_description' build argument 'cmake_target' from command line to 'None'
[0.317s] Level 5:colcon.colcon_core.verb:set package 'rov_mujoco_description' build argument 'cmake_target_skip_unavailable' from command line to 'False'
[0.317s] Level 5:colcon.colcon_core.verb:set package 'rov_mujoco_description' build argument 'cmake_clean_cache' from command line to 'False'
[0.317s] Level 5:colcon.colcon_core.verb:set package 'rov_mujoco_description' build argument 'cmake_clean_first' from command line to 'False'
[0.317s] Level 5:colcon.colcon_core.verb:set package 'rov_mujoco_description' build argument 'cmake_force_configure' from command line to 'False'
[0.317s] Level 5:colcon.colcon_core.verb:set package 'rov_mujoco_description' build argument 'ament_cmake_args' from command line to 'None'
[0.317s] Level 5:colcon.colcon_core.verb:set package 'rov_mujoco_description' build argument 'catkin_cmake_args' from command line to 'None'
[0.317s] Level 5:colcon.colcon_core.verb:set package 'rov_mujoco_description' build argument 'catkin_skip_building_tests' from command line to 'False'
[0.317s] DEBUG:colcon.colcon_core.verb:Building package 'rov_mujoco_description' with the following arguments: {'ament_cmake_args': None, 'build_base': '/rov_ws/build/rov_mujoco_description', 'catkin_cmake_args': None, 'catkin_skip_building_tests': False, 'cmake_args': None, 'cmake_clean_cache': False, 'cmake_clean_first': False, 'cmake_force_configure': False, 'cmake_target': None, 'cmake_target_skip_unavailable': False, 'install_base': '/rov_ws/install/rov_mujoco_description', 'merge_install': False, 'path': '/rov_ws/src/rov_mujoco_description', 'symlink_install': True, 'test_result_base': None}
[0.317s] Level 5:colcon.colcon_core.verb:set package 'rov_mujoco_sim' build argument 'cmake_args' from command line to 'None'
[0.317s] Level 5:colcon.colcon_core.verb:set package 'rov_mujoco_sim' build argument 'cmake_target' from command line to 'None'
[0.317s] Level 5:colcon.colcon_core.verb:set package 'rov_mujoco_sim' build argument 'cmake_target_skip_unavailable' from command line to 'False'
[0.318s] Level 5:colcon.colcon_core.verb:set package 'rov_mujoco_sim' build argument 'cmake_clean_cache' from command line to 'False'
[0.318s] Level 5:colcon.colcon_core.verb:set package 'rov_mujoco_sim' build argument 'cmake_clean_first' from command line to 'False'
[0.318s] Level 5:colcon.colcon_core.verb:set package 'rov_mujoco_sim' build argument 'cmake_force_configure' from command line to 'False'
[0.318s] Level 5:colcon.colcon_core.verb:set package 'rov_mujoco_sim' build argument 'ament_cmake_args' from command line to 'None'
[0.318s] Level 5:colcon.colcon_core.verb:set package 'rov_mujoco_sim' build argument 'catkin_cmake_args' from command line to 'None'
[0.318s] Level 5:colcon.colcon_core.verb:set package 'rov_mujoco_sim' build argument 'catkin_skip_building_tests' from command line to 'False'
[0.318s] DEBUG:colcon.colcon_core.verb:Building package 'rov_mujoco_sim' with the following arguments: {'ament_cmake_args': None, 'build_base': '/rov_ws/build/rov_mujoco_sim', 'catkin_cmake_args': None, 'catkin_skip_building_tests': False, 'cmake_args': None, 'cmake_clean_cache': False, 'cmake_clean_first': False, 'cmake_force_configure': False, 'cmake_target': None, 'cmake_target_skip_unavailable': False, 'install_base': '/rov_ws/install/rov_mujoco_sim', 'merge_install': False, 'path': '/rov_ws/src/rov_mujoco_sim', 'symlink_install': True, 'test_result_base': None}
[0.318s] Level 5:colcon.colcon_core.verb:set package 'rov_path_follower' build argument 'cmake_args' from command line to 'None'
[0.318s] Level 5:colcon.colcon_core.verb:set package 'rov_path_follower' build argument 'cmake_target' from command line to 'None'
[0.318s] Level 5:colcon.colcon_core.verb:set package 'rov_path_follower' build argument 'cmake_target_skip_unavailable' from command line to 'False'
[0.318s] Level 5:colcon.colcon_core.verb:set package 'rov_path_follower' build argument 'cmake_clean_cache' from command line to 'False'
[0.318s] Level 5:colcon.colcon_core.verb:set package 'rov_path_follower' build argument 'cmake_clean_first' from command line to 'False'
[0.318s] Level 5:colcon.colcon_core.verb:set package 'rov_path_follower' build argument 'cmake_force_configure' from command line to 'False'
[0.318s] Level 5:colcon.colcon_core.verb:set package 'rov_path_follower' build argument 'ament_cmake_args' from command line to 'None'
[0.318s] Level 5:colcon.colcon_core.verb:set package 'rov_path_follower' build argument 'catkin_cmake_args' from command line to 'None'
[0.318s] Level 5:colcon.colcon_core.verb:set package 'rov_path_follower' build argument 'catkin_skip_building_tests' from command line to 'False'
[0.318s] DEBUG:colcon.colcon_core.verb:Building package 'rov_path_follower' with the following arguments: {'ament_cmake_args': None, 'build_base': '/rov_ws/build/rov_path_follower', 'catkin_cmake_args': None, 'catkin_skip_building_tests': False, 'cmake_args': None, 'cmake_clean_cache': False, 'cmake_clean_first': False, 'cmake_force_configure': False, 'cmake_target': None, 'cmake_target_skip_unavailable': False, 'install_base': '/rov_ws/install/rov_path_follower', 'merge_install': False, 'path': '/rov_ws/src/rov_path_follower', 'symlink_install': True, 'test_result_base': None}
[0.319s] Level 5:colcon.colcon_core.verb:set package 'rov_path_generator' build argument 'cmake_args' from command line to 'None'
[0.319s] Level 5:colcon.colcon_core.verb:set package 'rov_path_generator' build argument 'cmake_target' from command line to 'None'
[0.319s] Level 5:colcon.colcon_core.verb:set package 'rov_path_generator' build argument 'cmake_target_skip_unavailable' from command line to 'False'
[0.319s] Level 5:colcon.colcon_core.verb:set package 'rov_path_generator' build argument 'cmake_clean_cache' from command line to 'False'
[0.319s] Level 5:colcon.colcon_core.verb:set package 'rov_path_generator' build argument 'cmake_clean_first' from command line to 'False'
[0.319s] Level 5:colcon.colcon_core.verb:set package 'rov_path_generator' build argument 'cmake_force_configure' from command line to 'False'
[0.319s] Level 5:colcon.colcon_core.verb:set package 'rov_path_generator' build argument 'ament_cmake_args' from command line to 'None'
[0.319s] Level 5:colcon.colcon_core.verb:set package 'rov_path_generator' build argument 'catkin_cmake_args' from command line to 'None'
[0.319s] Level 5:colcon.colcon_core.verb:set package 'rov_path_generator' build argument 'catkin_skip_building_tests' from command line to 'False'
[0.319s] DEBUG:colcon.colcon_core.verb:Building package 'rov_path_generator' with the following arguments: {'ament_cmake_args': None, 'build_base': '/rov_ws/build/rov_path_generator', 'catkin_cmake_args': None, 'catkin_skip_building_tests': False, 'cmake_args': None, 'cmake_clean_cache': False, 'cmake_clean_first': False, 'cmake_force_configure': False, 'cmake_target': None, 'cmake_target_skip_unavailable': False, 'install_base': '/rov_ws/install/rov_path_generator', 'merge_install': False, 'path': '/rov_ws/src/rov_path_generator', 'symlink_install': True, 'test_result_base': None}
[0.319s] Level 5:colcon.colcon_core.verb:set package 'rov_position_controller' build argument 'cmake_args' from command line to 'None'
[0.319s] Level 5:colcon.colcon_core.verb:set package 'rov_position_controller' build argument 'cmake_target' from command line to 'None'
[0.319s] Level 5:colcon.colcon_core.verb:set package 'rov_position_controller' build argument 'cmake_target_skip_unavailable' from command line to 'False'
[0.319s] Level 5:colcon.colcon_core.verb:set package 'rov_position_controller' build argument 'cmake_clean_cache' from command line to 'False'
[0.319s] Level 5:colcon.colcon_core.verb:set package 'rov_position_controller' build argument 'cmake_clean_first' from command line to 'False'
[0.319s] Level 5:colcon.colcon_core.verb:set package 'rov_position_controller' build argument 'cmake_force_configure' from command line to 'False'
[0.319s] Level 5:colcon.colcon_core.verb:set package 'rov_position_controller' build argument 'ament_cmake_args' from command line to 'None'
[0.319s] Level 5:colcon.colcon_core.verb:set package 'rov_position_controller' build argument 'catkin_cmake_args' from command line to 'None'
[0.319s] Level 5:colcon.colcon_core.verb:set package 'rov_position_controller' build argument 'catkin_skip_building_tests' from command line to 'False'
[0.319s] DEBUG:colcon.colcon_core.verb:Building package 'rov_position_controller' with the following arguments: {'ament_cmake_args': None, 'build_base': '/rov_ws/build/rov_position_controller', 'catkin_cmake_args': None, 'catkin_skip_building_tests': False, 'cmake_args': None, 'cmake_clean_cache': False, 'cmake_clean_first': False, 'cmake_force_configure': False, 'cmake_target': None, 'cmake_target_skip_unavailable': False, 'install_base': '/rov_ws/install/rov_position_controller', 'merge_install': False, 'path': '/rov_ws/src/rov_position_controller', 'symlink_install': True, 'test_result_base': None}
[0.320s] INFO:colcon.colcon_core.executor:Executing jobs using 'parallel' executor
[0.320s] DEBUG:colcon.colcon_parallel_executor.executor.parallel:run_until_complete
[0.321s] INFO:colcon.colcon_ros.task.ament_python.build:Building ROS package in '/rov_ws/src/rov_attitude_controller' with build type 'ament_python'
[0.321s] Level 1:colcon.colcon_core.shell:create_environment_hook('rov_attitude_controller', 'ament_prefix_path')
[0.323s] INFO:colcon.colcon_core.plugin_system:Skipping extension 'colcon_core.shell.bat': Not used on non-Windows systems
[0.323s] INFO:colcon.colcon_core.shell:Creating environment hook '/rov_ws/install/rov_attitude_controller/share/rov_attitude_controller/hook/ament_prefix_path.ps1'
[0.324s] INFO:colcon.colcon_core.shell:Creating environment descriptor '/rov_ws/install/rov_attitude_controller/share/rov_attitude_controller/hook/ament_prefix_path.dsv'
[0.324s] INFO:colcon.colcon_core.shell:Creating environment hook '/rov_ws/install/rov_attitude_controller/share/rov_attitude_controller/hook/ament_prefix_path.sh'
[0.325s] INFO:colcon.colcon_core.shell:Skip shell extension 'powershell' for command environment: Not usable outside of PowerShell
[0.325s] DEBUG:colcon.colcon_core.shell:Skip shell extension 'dsv' for command environment
[0.330s] INFO:colcon.colcon_ros.task.ament_cmake.build:Building ROS package in '/rov_ws/src/rov_controllers' with build type 'ament_cmake'
[0.330s] INFO:colcon.colcon_cmake.task.cmake.build:Building CMake package in '/rov_ws/src/rov_controllers'
[0.330s] INFO:colcon.colcon_core.shell:Skip shell extension 'powershell' for command environment: Not usable outside of PowerShell
[0.330s] DEBUG:colcon.colcon_core.shell:Skip shell extension 'dsv' for command environment
[0.333s] INFO:colcon.colcon_ros.task.ament_cmake.build:Building ROS package in '/rov_ws/src/rov_mujoco_bringup' with build type 'ament_cmake'
[0.334s] INFO:colcon.colcon_cmake.task.cmake.build:Building CMake package in '/rov_ws/src/rov_mujoco_bringup'
[0.334s] INFO:colcon.colcon_core.shell:Skip shell extension 'powershell' for command environment: Not usable outside of PowerShell
[0.334s] DEBUG:colcon.colcon_core.shell:Skip shell extension 'dsv' for command environment
[0.337s] INFO:colcon.colcon_ros.task.ament_cmake.build:Building ROS package in '/rov_ws/src/rov_mujoco_description' with build type 'ament_cmake'
[0.337s] INFO:colcon.colcon_cmake.task.cmake.build:Building CMake package in '/rov_ws/src/rov_mujoco_description'
[0.337s] INFO:colcon.colcon_core.shell:Skip shell extension 'powershell' for command environment: Not usable outside of PowerShell
[0.338s] DEBUG:colcon.colcon_core.shell:Skip shell extension 'dsv' for command environment
[0.341s] INFO:colcon.colcon_ros.task.ament_cmake.build:Building ROS package in '/rov_ws/src/rov_mujoco_sim' with build type 'ament_cmake'
[0.341s] INFO:colcon.colcon_cmake.task.cmake.build:Building CMake package in '/rov_ws/src/rov_mujoco_sim'
[0.341s] INFO:colcon.colcon_core.shell:Skip shell extension 'powershell' for command environment: Not usable outside of PowerShell
[0.341s] DEBUG:colcon.colcon_core.shell:Skip shell extension 'dsv' for command environment
[0.344s] INFO:colcon.colcon_ros.task.ament_python.build:Building ROS package in '/rov_ws/src/rov_path_follower' with build type 'ament_python'
[0.344s] Level 1:colcon.colcon_core.shell:create_environment_hook('rov_path_follower', 'ament_prefix_path')
[0.345s] INFO:colcon.colcon_core.shell:Creating environment hook '/rov_ws/install/rov_path_follower/share/rov_path_follower/hook/ament_prefix_path.ps1'
[0.345s] INFO:colcon.colcon_core.shell:Creating environment descriptor '/rov_ws/install/rov_path_follower/share/rov_path_follower/hook/ament_prefix_path.dsv'
[0.345s] INFO:colcon.colcon_core.shell:Creating environment hook '/rov_ws/install/rov_path_follower/share/rov_path_follower/hook/ament_prefix_path.sh'
[0.346s] INFO:colcon.colcon_core.shell:Skip shell extension 'powershell' for command environment: Not usable outside of PowerShell
[0.346s] DEBUG:colcon.colcon_core.shell:Skip shell extension 'dsv' for command environment
[0.351s] INFO:colcon.colcon_ros.task.ament_python.build:Building ROS package in '/rov_ws/src/rov_path_generator' with build type 'ament_python'
[0.351s] Level 1:colcon.colcon_core.shell:create_environment_hook('rov_path_generator', 'ament_prefix_path')
[0.351s] INFO:colcon.colcon_core.shell:Creating environment hook '/rov_ws/install/rov_path_generator/share/rov_path_generator/hook/ament_prefix_path.ps1'
[0.352s] INFO:colcon.colcon_core.shell:Creating environment descriptor '/rov_ws/install/rov_path_generator/share/rov_path_generator/hook/ament_prefix_path.dsv'
[0.352s] INFO:colcon.colcon_core.shell:Creating environment hook '/rov_ws/install/rov_path_generator/share/rov_path_generator/hook/ament_prefix_path.sh'
[0.353s] INFO:colcon.colcon_core.shell:Skip shell extension 'powershell' for command environment: Not usable outside of PowerShell
[0.353s] DEBUG:colcon.colcon_core.shell:Skip shell extension 'dsv' for command environment
[0.356s] INFO:colcon.colcon_ros.task.ament_python.build:Building ROS package in '/rov_ws/src/rov_position_controller' with build type 'ament_python'
[0.356s] Level 1:colcon.colcon_core.shell:create_environment_hook('rov_position_controller', 'ament_prefix_path')
[0.356s] INFO:colcon.colcon_core.shell:Creating environment hook '/rov_ws/install/rov_position_controller/share/rov_position_controller/hook/ament_prefix_path.ps1'
[0.366s] INFO:colcon.colcon_core.shell:Creating environment descriptor '/rov_ws/install/rov_position_controller/share/rov_position_controller/hook/ament_prefix_path.dsv'
[0.366s] INFO:colcon.colcon_core.shell:Creating environment hook '/rov_ws/install/rov_position_controller/share/rov_position_controller/hook/ament_prefix_path.sh'
[0.367s] INFO:colcon.colcon_core.shell:Skip shell extension 'powershell' for command environment: Not usable outside of PowerShell
[0.367s] DEBUG:colcon.colcon_core.shell:Skip shell extension 'dsv' for command environment
[0.660s] INFO:colcon.colcon_core.task.python.build:Building Python package in '/rov_ws/src/rov_attitude_controller'
[0.661s] INFO:colcon.colcon_core.shell:Skip shell extension 'powershell' for command environment: Not usable outside of PowerShell
[0.661s] DEBUG:colcon.colcon_core.shell:Skip shell extension 'dsv' for command environment
[0.667s] DEBUG:colcon.colcon_core.event_handler.log_command:Invoking command in '/rov_ws/build/rov_controllers': CMAKE_PREFIX_PATH=${CMAKE_PREFIX_PATH}:/rov_ws/install/rov_position_controller:/rov_ws/install/rov_path_generator:/rov_ws/install/rov_path_follower:/rov_ws/install/rov_attitude_controller:/opt/ros/humble /usr/bin/cmake --build /rov_ws/build/rov_controllers -- -j12 -l12
[0.670s] DEBUG:colcon.colcon_core.event_handler.log_command:Invoking command in '/rov_ws/build/rov_mujoco_bringup': CMAKE_PREFIX_PATH=${CMAKE_PREFIX_PATH}:/rov_ws/install/rov_position_controller:/rov_ws/install/rov_path_generator:/rov_ws/install/rov_path_follower:/rov_ws/install/rov_attitude_controller:/opt/ros/humble /usr/bin/cmake --build /rov_ws/build/rov_mujoco_bringup -- -j12 -l12
[0.671s] DEBUG:colcon.colcon_core.event_handler.log_command:Invoking command in '/rov_ws/build/rov_mujoco_description': CMAKE_PREFIX_PATH=${CMAKE_PREFIX_PATH}:/rov_ws/install/rov_position_controller:/rov_ws/install/rov_path_generator:/rov_ws/install/rov_path_follower:/rov_ws/install/rov_attitude_controller:/opt/ros/humble /usr/bin/cmake --build /rov_ws/build/rov_mujoco_description -- -j12 -l12
[0.674s] DEBUG:colcon.colcon_core.event_handler.log_command:Invoking command in '/rov_ws/build/rov_mujoco_sim': CMAKE_PREFIX_PATH=${CMAKE_PREFIX_PATH}:/rov_ws/install/rov_position_controller:/rov_ws/install/rov_path_generator:/rov_ws/install/rov_path_follower:/rov_ws/install/rov_attitude_controller:/opt/ros/humble /usr/bin/cmake --build /rov_ws/build/rov_mujoco_sim -- -j12 -l12
[0.985s] INFO:colcon.colcon_core.task.python.build:Building Python package in '/rov_ws/src/rov_path_follower'
[0.985s] INFO:colcon.colcon_core.shell:Skip shell extension 'powershell' for command environment: Not usable outside of PowerShell
[0.985s] DEBUG:colcon.colcon_core.shell:Skip shell extension 'dsv' for command environment
[1.278s] INFO:colcon.colcon_core.task.python.build:Building Python package in '/rov_ws/src/rov_path_generator'
[1.278s] INFO:colcon.colcon_core.shell:Skip shell extension 'powershell' for command environment: Not usable outside of PowerShell
[1.278s] DEBUG:colcon.colcon_core.shell:Skip shell extension 'dsv' for command environment
[1.573s] INFO:colcon.colcon_core.task.python.build:Building Python package in '/rov_ws/src/rov_position_controller'
[1.573s] INFO:colcon.colcon_core.shell:Skip shell extension 'powershell' for command environment: Not usable outside of PowerShell
[1.573s] DEBUG:colcon.colcon_core.shell:Skip shell extension 'dsv' for command environment
[1.579s] DEBUG:colcon.colcon_core.event_handler.log_command:Invoked command in '/rov_ws/build/rov_mujoco_description' returned '0': CMAKE_PREFIX_PATH=${CMAKE_PREFIX_PATH}:/rov_ws/install/rov_position_controller:/rov_ws/install/rov_path_generator:/rov_ws/install/rov_path_follower:/rov_ws/install/rov_attitude_controller:/opt/ros/humble /usr/bin/cmake --build /rov_ws/build/rov_mujoco_description -- -j12 -l12
[1.587s] DEBUG:colcon.colcon_core.event_handler.log_command:Invoking command in '/rov_ws/build/rov_mujoco_description': CMAKE_PREFIX_PATH=${CMAKE_PREFIX_PATH}:/rov_ws/install/rov_position_controller:/rov_ws/install/rov_path_generator:/rov_ws/install/rov_path_follower:/rov_ws/install/rov_attitude_controller:/opt/ros/humble /usr/bin/cmake --install /rov_ws/build/rov_mujoco_description
[1.587s] DEBUG:colcon.colcon_core.event_handler.log_command:Invoked command in '/rov_ws/build/rov_mujoco_bringup' returned '0': CMAKE_PREFIX_PATH=${CMAKE_PREFIX_PATH}:/rov_ws/install/rov_position_controller:/rov_ws/install/rov_path_generator:/rov_ws/install/rov_path_follower:/rov_ws/install/rov_attitude_controller:/opt/ros/humble /usr/bin/cmake --build /rov_ws/build/rov_mujoco_bringup -- -j12 -l12
[1.588s] DEBUG:colcon.colcon_core.event_handler.log_command:Invoking command in '/rov_ws/build/rov_mujoco_bringup': CMAKE_PREFIX_PATH=${CMAKE_PREFIX_PATH}:/rov_ws/install/rov_position_controller:/rov_ws/install/rov_path_generator:/rov_ws/install/rov_path_follower:/rov_ws/install/rov_attitude_controller:/opt/ros/humble /usr/bin/cmake --install /rov_ws/build/rov_mujoco_bringup
[1.589s] DEBUG:colcon.colcon_core.event_handler.log_command:Invoked command in '/rov_ws/build/rov_mujoco_sim' returned '0': CMAKE_PREFIX_PATH=${CMAKE_PREFIX_PATH}:/rov_ws/install/rov_position_controller:/rov_ws/install/rov_path_generator:/rov_ws/install/rov_path_follower:/rov_ws/install/rov_attitude_controller:/opt/ros/humble /usr/bin/cmake --build /rov_ws/build/rov_mujoco_sim -- -j12 -l12
[1.590s] DEBUG:colcon.colcon_core.event_handler.log_command:Invoking command in '/rov_ws/build/rov_mujoco_sim': CMAKE_PREFIX_PATH=${CMAKE_PREFIX_PATH}:/rov_ws/install/rov_position_controller:/rov_ws/install/rov_path_generator:/rov_ws/install/rov_path_follower:/rov_ws/install/rov_attitude_controller:/opt/ros/humble /usr/bin/cmake --install /rov_ws/build/rov_mujoco_sim
[1.590s] DEBUG:colcon.colcon_core.event_handler.log_command:Invoked command in '/rov_ws/build/rov_controllers' returned '0': CMAKE_PREFIX_PATH=${CMAKE_PREFIX_PATH}:/rov_ws/install/rov_position_controller:/rov_ws/install/rov_path_generator:/rov_ws/install/rov_path_follower:/rov_ws/install/rov_attitude_controller:/opt/ros/humble /usr/bin/cmake --build /rov_ws/build/rov_controllers -- -j12 -l12
[1.591s] DEBUG:colcon.colcon_core.event_handler.log_command:Invoking command in '/rov_ws/build/rov_controllers': CMAKE_PREFIX_PATH=${CMAKE_PREFIX_PATH}:/rov_ws/install/rov_position_controller:/rov_ws/install/rov_path_generator:/rov_ws/install/rov_path_follower:/rov_ws/install/rov_attitude_controller:/opt/ros/humble /usr/bin/cmake --install /rov_ws/build/rov_controllers
[1.608s] Level 1:colcon.colcon_core.environment:create_environment_scripts_only(rov_mujoco_description)
[1.617s] DEBUG:colcon.colcon_core.event_handler.log_command:Invoked command in '/rov_ws/build/rov_mujoco_description' returned '0': CMAKE_PREFIX_PATH=${CMAKE_PREFIX_PATH}:/rov_ws/install/rov_position_controller:/rov_ws/install/rov_path_generator:/rov_ws/install/rov_path_follower:/rov_ws/install/rov_attitude_controller:/opt/ros/humble /usr/bin/cmake --install /rov_ws/build/rov_mujoco_description
[1.618s] Level 1:colcon.colcon_core.environment:checking '/rov_ws/install/rov_mujoco_description' for CMake module files
[1.619s] Level 1:colcon.colcon_core.environment:checking '/rov_ws/install/rov_mujoco_description' for CMake config files
[1.620s] Level 1:colcon.colcon_core.shell:create_environment_hook('rov_mujoco_description', 'cmake_prefix_path')
[1.620s] INFO:colcon.colcon_core.shell:Creating environment hook '/rov_ws/install/rov_mujoco_description/share/rov_mujoco_description/hook/cmake_prefix_path.ps1'
[1.620s] INFO:colcon.colcon_core.shell:Creating environment descriptor '/rov_ws/install/rov_mujoco_description/share/rov_mujoco_description/hook/cmake_prefix_path.dsv'
[1.621s] INFO:colcon.colcon_core.shell:Creating environment hook '/rov_ws/install/rov_mujoco_description/share/rov_mujoco_description/hook/cmake_prefix_path.sh'
[1.621s] Level 1:colcon.colcon_core.environment:checking '/rov_ws/install/rov_mujoco_description/bin'
[1.621s] Level 1:colcon.colcon_core.environment:checking '/rov_ws/install/rov_mujoco_description/lib/pkgconfig/rov_mujoco_description.pc'
[1.621s] Level 1:colcon.colcon_core.environment:checking '/rov_ws/install/rov_mujoco_description/lib/python3.10/site-packages'
[1.622s] Level 1:colcon.colcon_core.environment:checking '/rov_ws/install/rov_mujoco_description/bin'
[1.622s] INFO:colcon.colcon_core.shell:Creating package script '/rov_ws/install/rov_mujoco_description/share/rov_mujoco_description/package.ps1'
[1.623s] INFO:colcon.colcon_core.shell:Creating package descriptor '/rov_ws/install/rov_mujoco_description/share/rov_mujoco_description/package.dsv'
[1.623s] INFO:colcon.colcon_core.shell:Creating package script '/rov_ws/install/rov_mujoco_description/share/rov_mujoco_description/package.sh'
[1.624s] INFO:colcon.colcon_core.shell:Creating package script '/rov_ws/install/rov_mujoco_description/share/rov_mujoco_description/package.bash'
[1.625s] INFO:colcon.colcon_core.shell:Creating package script '/rov_ws/install/rov_mujoco_description/share/rov_mujoco_description/package.zsh'
[1.625s] Level 1:colcon.colcon_core.environment:create_file_with_runtime_dependencies(/rov_ws/install/rov_mujoco_description/share/colcon-core/packages/rov_mujoco_description)
[1.626s] Level 1:colcon.colcon_core.environment:create_environment_scripts_only(rov_mujoco_description)
[1.626s] Level 1:colcon.colcon_core.environment:checking '/rov_ws/install/rov_mujoco_description' for CMake module files
[1.626s] Level 1:colcon.colcon_core.environment:checking '/rov_ws/install/rov_mujoco_description' for CMake config files
[1.627s] Level 1:colcon.colcon_core.shell:create_environment_hook('rov_mujoco_description', 'cmake_prefix_path')
[1.627s] INFO:colcon.colcon_core.shell:Creating environment hook '/rov_ws/install/rov_mujoco_description/share/rov_mujoco_description/hook/cmake_prefix_path.ps1'
[1.627s] INFO:colcon.colcon_core.shell:Creating environment descriptor '/rov_ws/install/rov_mujoco_description/share/rov_mujoco_description/hook/cmake_prefix_path.dsv'
[1.628s] INFO:colcon.colcon_core.shell:Creating environment hook '/rov_ws/install/rov_mujoco_description/share/rov_mujoco_description/hook/cmake_prefix_path.sh'
[1.628s] Level 1:colcon.colcon_core.environment:checking '/rov_ws/install/rov_mujoco_description/bin'
[1.628s] Level 1:colcon.colcon_core.environment:checking '/rov_ws/install/rov_mujoco_description/lib/pkgconfig/rov_mujoco_description.pc'
[1.628s] Level 1:colcon.colcon_core.environment:checking '/rov_ws/install/rov_mujoco_description/lib/python3.10/site-packages'
[1.629s] Level 1:colcon.colcon_core.environment:checking '/rov_ws/install/rov_mujoco_description/bin'
[1.629s] INFO:colcon.colcon_core.shell:Creating package script '/rov_ws/install/rov_mujoco_description/share/rov_mujoco_description/package.ps1'
[1.629s] INFO:colcon.colcon_core.shell:Creating package descriptor '/rov_ws/install/rov_mujoco_description/share/rov_mujoco_description/package.dsv'
[1.630s] INFO:colcon.colcon_core.shell:Creating package script '/rov_ws/install/rov_mujoco_description/share/rov_mujoco_description/package.sh'
[1.630s] INFO:colcon.colcon_core.shell:Creating package script '/rov_ws/install/rov_mujoco_description/share/rov_mujoco_description/package.bash'
[1.631s] INFO:colcon.colcon_core.shell:Creating package script '/rov_ws/install/rov_mujoco_description/share/rov_mujoco_description/package.zsh'
[1.631s] Level 1:colcon.colcon_core.environment:create_file_with_runtime_dependencies(/rov_ws/install/rov_mujoco_description/share/colcon-core/packages/rov_mujoco_description)
[1.632s] Level 1:colcon.colcon_core.environment:create_environment_scripts_only(rov_mujoco_sim)
[1.632s] Level 1:colcon.colcon_core.environment:checking '/rov_ws/install/rov_mujoco_sim' for CMake module files
[1.633s] DEBUG:colcon.colcon_core.event_handler.log_command:Invoked command in '/rov_ws/build/rov_mujoco_sim' returned '0': CMAKE_PREFIX_PATH=${CMAKE_PREFIX_PATH}:/rov_ws/install/rov_position_controller:/rov_ws/install/rov_path_generator:/rov_ws/install/rov_path_follower:/rov_ws/install/rov_attitude_controller:/opt/ros/humble /usr/bin/cmake --install /rov_ws/build/rov_mujoco_sim
[1.633s] Level 1:colcon.colcon_core.environment:checking '/rov_ws/install/rov_mujoco_sim' for CMake config files
[1.634s] Level 1:colcon.colcon_core.shell:create_environment_hook('rov_mujoco_sim', 'cmake_prefix_path')
[1.634s] INFO:colcon.colcon_core.shell:Creating environment hook '/rov_ws/install/rov_mujoco_sim/share/rov_mujoco_sim/hook/cmake_prefix_path.ps1'
[1.634s] INFO:colcon.colcon_core.shell:Creating environment descriptor '/rov_ws/install/rov_mujoco_sim/share/rov_mujoco_sim/hook/cmake_prefix_path.dsv'
[1.635s] INFO:colcon.colcon_core.shell:Creating environment hook '/rov_ws/install/rov_mujoco_sim/share/rov_mujoco_sim/hook/cmake_prefix_path.sh'
[1.635s] Level 1:colcon.colcon_core.environment:checking '/rov_ws/install/rov_mujoco_sim/lib'
[1.635s] Level 1:colcon.colcon_core.shell:create_environment_hook('rov_mujoco_sim', 'ld_library_path_lib')
[1.635s] INFO:colcon.colcon_core.shell:Creating environment hook '/rov_ws/install/rov_mujoco_sim/share/rov_mujoco_sim/hook/ld_library_path_lib.ps1'
[1.636s] INFO:colcon.colcon_core.shell:Creating environment descriptor '/rov_ws/install/rov_mujoco_sim/share/rov_mujoco_sim/hook/ld_library_path_lib.dsv'
[1.636s] INFO:colcon.colcon_core.shell:Creating environment hook '/rov_ws/install/rov_mujoco_sim/share/rov_mujoco_sim/hook/ld_library_path_lib.sh'
[1.636s] Level 1:colcon.colcon_core.environment:checking '/rov_ws/install/rov_mujoco_sim/bin'
[1.637s] Level 1:colcon.colcon_core.environment:checking '/rov_ws/install/rov_mujoco_sim/lib/pkgconfig/rov_mujoco_sim.pc'
[1.637s] Level 1:colcon.colcon_core.environment:checking '/rov_ws/install/rov_mujoco_sim/lib/python3.10/site-packages'
[1.637s] Level 1:colcon.colcon_core.environment:checking '/rov_ws/install/rov_mujoco_sim/bin'
[1.637s] INFO:colcon.colcon_core.shell:Creating package script '/rov_ws/install/rov_mujoco_sim/share/rov_mujoco_sim/package.ps1'
[1.638s] INFO:colcon.colcon_core.shell:Creating package descriptor '/rov_ws/install/rov_mujoco_sim/share/rov_mujoco_sim/package.dsv'
[1.638s] INFO:colcon.colcon_core.shell:Creating package script '/rov_ws/install/rov_mujoco_sim/share/rov_mujoco_sim/package.sh'
[1.639s] INFO:colcon.colcon_core.shell:Creating package script '/rov_ws/install/rov_mujoco_sim/share/rov_mujoco_sim/package.bash'
[1.639s] INFO:colcon.colcon_core.shell:Creating package script '/rov_ws/install/rov_mujoco_sim/share/rov_mujoco_sim/package.zsh'
[1.639s] Level 1:colcon.colcon_core.environment:create_file_with_runtime_dependencies(/rov_ws/install/rov_mujoco_sim/share/colcon-core/packages/rov_mujoco_sim)
[1.640s] Level 1:colcon.colcon_core.environment:create_environment_scripts_only(rov_mujoco_sim)
[1.640s] Level 1:colcon.colcon_core.environment:checking '/rov_ws/install/rov_mujoco_sim' for CMake module files
[1.640s] Level 1:colcon.colcon_core.environment:checking '/rov_ws/install/rov_mujoco_sim' for CMake config files
[1.641s] Level 1:colcon.colcon_core.shell:create_environment_hook('rov_mujoco_sim', 'cmake_prefix_path')
[1.641s] INFO:colcon.colcon_core.shell:Creating environment hook '/rov_ws/install/rov_mujoco_sim/share/rov_mujoco_sim/hook/cmake_prefix_path.ps1'
[1.641s] INFO:colcon.colcon_core.shell:Creating environment descriptor '/rov_ws/install/rov_mujoco_sim/share/rov_mujoco_sim/hook/cmake_prefix_path.dsv'
[1.641s] INFO:colcon.colcon_core.shell:Creating environment hook '/rov_ws/install/rov_mujoco_sim/share/rov_mujoco_sim/hook/cmake_prefix_path.sh'
[1.642s] Level 1:colcon.colcon_core.environment:checking '/rov_ws/install/rov_mujoco_sim/lib'
[1.642s] Level 1:colcon.colcon_core.shell:create_environment_hook('rov_mujoco_sim', 'ld_library_path_lib')
[1.642s] INFO:colcon.colcon_core.shell:Creating environment hook '/rov_ws/install/rov_mujoco_sim/share/rov_mujoco_sim/hook/ld_library_path_lib.ps1'
[1.643s] INFO:colcon.colcon_core.shell:Creating environment descriptor '/rov_ws/install/rov_mujoco_sim/share/rov_mujoco_sim/hook/ld_library_path_lib.dsv'
[1.643s] INFO:colcon.colcon_core.shell:Creating environment hook '/rov_ws/install/rov_mujoco_sim/share/rov_mujoco_sim/hook/ld_library_path_lib.sh'
[1.643s] Level 1:colcon.colcon_core.environment:checking '/rov_ws/install/rov_mujoco_sim/bin'
[1.643s] Level 1:colcon.colcon_core.environment:checking '/rov_ws/install/rov_mujoco_sim/lib/pkgconfig/rov_mujoco_sim.pc'
[1.644s] Level 1:colcon.colcon_core.environment:checking '/rov_ws/install/rov_mujoco_sim/lib/python3.10/site-packages'
[1.644s] Level 1:colcon.colcon_core.environment:checking '/rov_ws/install/rov_mujoco_sim/bin'
[1.644s] INFO:colcon.colcon_core.shell:Creating package script '/rov_ws/install/rov_mujoco_sim/share/rov_mujoco_sim/package.ps1'
[1.645s] INFO:colcon.colcon_core.shell:Creating package descriptor '/rov_ws/install/rov_mujoco_sim/share/rov_mujoco_sim/package.dsv'
[1.645s] INFO:colcon.colcon_core.shell:Creating package script '/rov_ws/install/rov_mujoco_sim/share/rov_mujoco_sim/package.sh'
[1.646s] INFO:colcon.colcon_core.shell:Creating package script '/rov_ws/install/rov_mujoco_sim/share/rov_mujoco_sim/package.bash'
[1.646s] INFO:colcon.colcon_core.shell:Creating package script '/rov_ws/install/rov_mujoco_sim/share/rov_mujoco_sim/package.zsh'
[1.646s] Level 1:colcon.colcon_core.environment:create_file_with_runtime_dependencies(/rov_ws/install/rov_mujoco_sim/share/colcon-core/packages/rov_mujoco_sim)
[1.647s] Level 1:colcon.colcon_core.environment:create_environment_scripts_only(rov_controllers)
[1.647s] Level 1:colcon.colcon_core.environment:checking '/rov_ws/install/rov_controllers' for CMake module files
[1.648s] DEBUG:colcon.colcon_core.event_handler.log_command:Invoked command in '/rov_ws/build/rov_controllers' returned '0': CMAKE_PREFIX_PATH=${CMAKE_PREFIX_PATH}:/rov_ws/install/rov_position_controller:/rov_ws/install/rov_path_generator:/rov_ws/install/rov_path_follower:/rov_ws/install/rov_attitude_controller:/opt/ros/humble /usr/bin/cmake --install /rov_ws/build/rov_controllers
[1.648s] Level 1:colcon.colcon_core.environment:checking '/rov_ws/install/rov_controllers' for CMake config files
[1.648s] Level 1:colcon.colcon_core.shell:create_environment_hook('rov_controllers', 'cmake_prefix_path')
[1.648s] INFO:colcon.colcon_core.shell:Creating environment hook '/rov_ws/install/rov_controllers/share/rov_controllers/hook/cmake_prefix_path.ps1'
[1.649s] INFO:colcon.colcon_core.shell:Creating environment descriptor '/rov_ws/install/rov_controllers/share/rov_controllers/hook/cmake_prefix_path.dsv'
[1.649s] INFO:colcon.colcon_core.shell:Creating environment hook '/rov_ws/install/rov_controllers/share/rov_controllers/hook/cmake_prefix_path.sh'
[1.649s] Level 1:colcon.colcon_core.environment:checking '/rov_ws/install/rov_controllers/lib'
[1.650s] Level 1:colcon.colcon_core.shell:create_environment_hook('rov_controllers', 'ld_library_path_lib')
[1.650s] INFO:colcon.colcon_core.shell:Creating environment hook '/rov_ws/install/rov_controllers/share/rov_controllers/hook/ld_library_path_lib.ps1'
[1.650s] INFO:colcon.colcon_core.shell:Creating environment descriptor '/rov_ws/install/rov_controllers/share/rov_controllers/hook/ld_library_path_lib.dsv'
[1.650s] INFO:colcon.colcon_core.shell:Creating environment hook '/rov_ws/install/rov_controllers/share/rov_controllers/hook/ld_library_path_lib.sh'
[1.651s] Level 1:colcon.colcon_core.environment:checking '/rov_ws/install/rov_controllers/bin'
[1.651s] Level 1:colcon.colcon_core.environment:checking '/rov_ws/install/rov_controllers/lib/pkgconfig/rov_controllers.pc'
[1.651s] Level 1:colcon.colcon_core.environment:checking '/rov_ws/install/rov_controllers/lib/python3.10/site-packages'
[1.651s] Level 1:colcon.colcon_core.environment:checking '/rov_ws/install/rov_controllers/bin'
[1.652s] INFO:colcon.colcon_core.shell:Creating package script '/rov_ws/install/rov_controllers/share/rov_controllers/package.ps1'
[1.652s] INFO:colcon.colcon_core.shell:Creating package descriptor '/rov_ws/install/rov_controllers/share/rov_controllers/package.dsv'
[1.653s] INFO:colcon.colcon_core.shell:Creating package script '/rov_ws/install/rov_controllers/share/rov_controllers/package.sh'
[1.653s] INFO:colcon.colcon_core.shell:Creating package script '/rov_ws/install/rov_controllers/share/rov_controllers/package.bash'
[1.654s] INFO:colcon.colcon_core.shell:Creating package script '/rov_ws/install/rov_controllers/share/rov_controllers/package.zsh'
[1.654s] Level 1:colcon.colcon_core.environment:create_file_with_runtime_dependencies(/rov_ws/install/rov_controllers/share/colcon-core/packages/rov_controllers)
[1.655s] Level 1:colcon.colcon_core.environment:create_environment_scripts_only(rov_controllers)
[1.655s] Level 1:colcon.colcon_core.environment:checking '/rov_ws/install/rov_controllers' for CMake module files
[1.655s] Level 1:colcon.colcon_core.environment:checking '/rov_ws/install/rov_controllers' for CMake config files
[1.655s] Level 1:colcon.colcon_core.shell:create_environment_hook('rov_controllers', 'cmake_prefix_path')
[1.656s] INFO:colcon.colcon_core.shell:Creating environment hook '/rov_ws/install/rov_controllers/share/rov_controllers/hook/cmake_prefix_path.ps1'
[1.656s] INFO:colcon.colcon_core.shell:Creating environment descriptor '/rov_ws/install/rov_controllers/share/rov_controllers/hook/cmake_prefix_path.dsv'
[1.656s] INFO:colcon.colcon_core.shell:Creating environment hook '/rov_ws/install/rov_controllers/share/rov_controllers/hook/cmake_prefix_path.sh'
[1.657s] Level 1:colcon.colcon_core.environment:checking '/rov_ws/install/rov_controllers/lib'
[1.657s] Level 1:colcon.colcon_core.shell:create_environment_hook('rov_controllers', 'ld_library_path_lib')
[1.657s] INFO:colcon.colcon_core.shell:Creating environment hook '/rov_ws/install/rov_controllers/share/rov_controllers/hook/ld_library_path_lib.ps1'
[1.657s] INFO:colcon.colcon_core.shell:Creating environment descriptor '/rov_ws/install/rov_controllers/share/rov_controllers/hook/ld_library_path_lib.dsv'
[1.658s] INFO:colcon.colcon_core.shell:Creating environment hook '/rov_ws/install/rov_controllers/share/rov_controllers/hook/ld_library_path_lib.sh'
[1.658s] Level 1:colcon.colcon_core.environment:checking '/rov_ws/install/rov_controllers/bin'
[1.658s] Level 1:colcon.colcon_core.environment:checking '/rov_ws/install/rov_controllers/lib/pkgconfig/rov_controllers.pc'
[1.658s] Level 1:colcon.colcon_core.environment:checking '/rov_ws/install/rov_controllers/lib/python3.10/site-packages'
[1.659s] Level 1:colcon.colcon_core.environment:checking '/rov_ws/install/rov_controllers/bin'
[1.659s] INFO:colcon.colcon_core.shell:Creating package script '/rov_ws/install/rov_controllers/share/rov_controllers/package.ps1'
[1.659s] INFO:colcon.colcon_core.shell:Creating package descriptor '/rov_ws/install/rov_controllers/share/rov_controllers/package.dsv'
[1.660s] INFO:colcon.colcon_core.shell:Creating package script '/rov_ws/install/rov_controllers/share/rov_controllers/package.sh'
[1.660s] INFO:colcon.colcon_core.shell:Creating package script '/rov_ws/install/rov_controllers/share/rov_controllers/package.bash'
[1.661s] INFO:colcon.colcon_core.shell:Creating package script '/rov_ws/install/rov_controllers/share/rov_controllers/package.zsh'
[1.661s] Level 1:colcon.colcon_core.environment:create_file_with_runtime_dependencies(/rov_ws/install/rov_controllers/share/colcon-core/packages/rov_controllers)
[1.661s] Level 1:colcon.colcon_core.environment:create_environment_scripts_only(rov_mujoco_bringup)
[1.662s] Level 1:colcon.colcon_core.environment:checking '/rov_ws/install/rov_mujoco_bringup' for CMake module files
[1.663s] DEBUG:colcon.colcon_core.event_handler.log_command:Invoked command in '/rov_ws/build/rov_mujoco_bringup' returned '0': CMAKE_PREFIX_PATH=${CMAKE_PREFIX_PATH}:/rov_ws/install/rov_position_controller:/rov_ws/install/rov_path_generator:/rov_ws/install/rov_path_follower:/rov_ws/install/rov_attitude_controller:/opt/ros/humble /usr/bin/cmake --install /rov_ws/build/rov_mujoco_bringup
[1.663s] Level 1:colcon.colcon_core.environment:checking '/rov_ws/install/rov_mujoco_bringup' for CMake config files
[1.663s] Level 1:colcon.colcon_core.shell:create_environment_hook('rov_mujoco_bringup', 'cmake_prefix_path')
[1.664s] INFO:colcon.colcon_core.shell:Creating environment hook '/rov_ws/install/rov_mujoco_bringup/share/rov_mujoco_bringup/hook/cmake_prefix_path.ps1'
[1.664s] INFO:colcon.colcon_core.shell:Creating environment descriptor '/rov_ws/install/rov_mujoco_bringup/share/rov_mujoco_bringup/hook/cmake_prefix_path.dsv'
[1.664s] INFO:colcon.colcon_core.shell:Creating environment hook '/rov_ws/install/rov_mujoco_bringup/share/rov_mujoco_bringup/hook/cmake_prefix_path.sh'
[1.665s] Level 1:colcon.colcon_core.environment:checking '/rov_ws/install/rov_mujoco_bringup/bin'
[1.665s] Level 1:colcon.colcon_core.environment:checking '/rov_ws/install/rov_mujoco_bringup/lib/pkgconfig/rov_mujoco_bringup.pc'
[1.665s] Level 1:colcon.colcon_core.environment:checking '/rov_ws/install/rov_mujoco_bringup/lib/python3.10/site-packages'
[1.665s] Level 1:colcon.colcon_core.environment:checking '/rov_ws/install/rov_mujoco_bringup/bin'
[1.666s] INFO:colcon.colcon_core.shell:Creating package script '/rov_ws/install/rov_mujoco_bringup/share/rov_mujoco_bringup/package.ps1'
[1.666s] INFO:colcon.colcon_core.shell:Creating package descriptor '/rov_ws/install/rov_mujoco_bringup/share/rov_mujoco_bringup/package.dsv'
[1.666s] INFO:colcon.colcon_core.shell:Creating package script '/rov_ws/install/rov_mujoco_bringup/share/rov_mujoco_bringup/package.sh'
[1.667s] INFO:colcon.colcon_core.shell:Creating package script '/rov_ws/install/rov_mujoco_bringup/share/rov_mujoco_bringup/package.bash'
[1.667s] INFO:colcon.colcon_core.shell:Creating package script '/rov_ws/install/rov_mujoco_bringup/share/rov_mujoco_bringup/package.zsh'
[1.667s] Level 1:colcon.colcon_core.environment:create_file_with_runtime_dependencies(/rov_ws/install/rov_mujoco_bringup/share/colcon-core/packages/rov_mujoco_bringup)
[1.668s] Level 1:colcon.colcon_core.environment:create_environment_scripts_only(rov_mujoco_bringup)
[1.668s] Level 1:colcon.colcon_core.environment:checking '/rov_ws/install/rov_mujoco_bringup' for CMake module files
[1.669s] Level 1:colcon.colcon_core.environment:checking '/rov_ws/install/rov_mujoco_bringup' for CMake config files
[1.669s] Level 1:colcon.colcon_core.shell:create_environment_hook('rov_mujoco_bringup', 'cmake_prefix_path')
[1.669s] INFO:colcon.colcon_core.shell:Creating environment hook '/rov_ws/install/rov_mujoco_bringup/share/rov_mujoco_bringup/hook/cmake_prefix_path.ps1'
[1.669s] INFO:colcon.colcon_core.shell:Creating environment descriptor '/rov_ws/install/rov_mujoco_bringup/share/rov_mujoco_bringup/hook/cmake_prefix_path.dsv'
[1.670s] INFO:colcon.colcon_core.shell:Creating environment hook '/rov_ws/install/rov_mujoco_bringup/share/rov_mujoco_bringup/hook/cmake_prefix_path.sh'
[1.670s] Level 1:colcon.colcon_core.environment:checking '/rov_ws/install/rov_mujoco_bringup/bin'
[1.670s] Level 1:colcon.colcon_core.environment:checking '/rov_ws/install/rov_mujoco_bringup/lib/pkgconfig/rov_mujoco_bringup.pc'
[1.671s] Level 1:colcon.colcon_core.environment:checking '/rov_ws/install/rov_mujoco_bringup/lib/python3.10/site-packages'
[1.671s] Level 1:colcon.colcon_core.environment:checking '/rov_ws/install/rov_mujoco_bringup/bin'
[1.671s] INFO:colcon.colcon_core.shell:Creating package script '/rov_ws/install/rov_mujoco_bringup/share/rov_mujoco_bringup/package.ps1'
[1.671s] INFO:colcon.colcon_core.shell:Creating package descriptor '/rov_ws/install/rov_mujoco_bringup/share/rov_mujoco_bringup/package.dsv'
[1.672s] INFO:colcon.colcon_core.shell:Creating package script '/rov_ws/install/rov_mujoco_bringup/share/rov_mujoco_bringup/package.sh'
[1.672s] INFO:colcon.colcon_core.shell:Creating package script '/rov_ws/install/rov_mujoco_bringup/share/rov_mujoco_bringup/package.bash'
[1.673s] INFO:colcon.colcon_core.shell:Creating package script '/rov_ws/install/rov_mujoco_bringup/share/rov_mujoco_bringup/package.zsh'
[1.673s] Level 1:colcon.colcon_core.environment:create_file_with_runtime_dependencies(/rov_ws/install/rov_mujoco_bringup/share/colcon-core/packages/rov_mujoco_bringup)
[2.041s] DEBUG:colcon.colcon_core.event_handler.log_command:Invoking command in '/rov_ws/build/rov_attitude_controller': PYTHONPATH=/rov_ws/build/rov_attitude_controller/prefix_override:/usr/lib/python3/dist-packages/colcon_core/task/python/colcon_distutils_commands:/rov_ws/install/rov_attitude_controller/lib/python3.10/site-packages:${PYTHONPATH} /usr/bin/python3 -W ignore:setup.py install is deprecated -W ignore:easy_install command is deprecated setup.py develop --editable --build-directory /rov_ws/build/rov_attitude_controller/build --no-deps symlink_data
[2.044s] DEBUG:colcon.colcon_core.event_handler.log_command:Invoking command in '/rov_ws/build/rov_path_follower': PYTHONPATH=/rov_ws/build/rov_path_follower/prefix_override:/usr/lib/python3/dist-packages/colcon_core/task/python/colcon_distutils_commands:/rov_ws/install/rov_path_follower/lib/python3.10/site-packages:${PYTHONPATH} /usr/bin/python3 -W ignore:setup.py install is deprecated -W ignore:easy_install command is deprecated setup.py develop --editable --build-directory /rov_ws/build/rov_path_follower/build --no-deps symlink_data
[2.057s] DEBUG:colcon.colcon_core.event_handler.log_command:Invoking command in '/rov_ws/build/rov_position_controller': PYTHONPATH=/rov_ws/build/rov_position_controller/prefix_override:/usr/lib/python3/dist-packages/colcon_core/task/python/colcon_distutils_commands:/rov_ws/install/rov_position_controller/lib/python3.10/site-packages:${PYTHONPATH} /usr/bin/python3 -W ignore:setup.py install is deprecated -W ignore:easy_install command is deprecated setup.py develop --editable --build-directory /rov_ws/build/rov_position_controller/build --no-deps symlink_data
[2.059s] DEBUG:colcon.colcon_core.event_handler.log_command:Invoking command in '/rov_ws/build/rov_path_generator': PYTHONPATH=/rov_ws/build/rov_path_generator/prefix_override:/usr/lib/python3/dist-packages/colcon_core/task/python/colcon_distutils_commands:/rov_ws/install/rov_path_generator/lib/python3.10/site-packages:${PYTHONPATH} /usr/bin/python3 -W ignore:setup.py install is deprecated -W ignore:easy_install command is deprecated setup.py develop --editable --build-directory /rov_ws/build/rov_path_generator/build --no-deps symlink_data
[2.542s] Level 1:colcon.colcon_core.shell:create_environment_hook('rov_attitude_controller', 'pythonpath_develop')
[2.542s] INFO:colcon.colcon_core.shell:Creating environment hook '/rov_ws/build/rov_attitude_controller/share/rov_attitude_controller/hook/pythonpath_develop.ps1'
[2.543s] DEBUG:colcon.colcon_core.event_handler.log_command:Invoked command in '/rov_ws/build/rov_attitude_controller' returned '0': PYTHONPATH=/rov_ws/build/rov_attitude_controller/prefix_override:/usr/lib/python3/dist-packages/colcon_core/task/python/colcon_distutils_commands:/rov_ws/install/rov_attitude_controller/lib/python3.10/site-packages:${PYTHONPATH} /usr/bin/python3 -W ignore:setup.py install is deprecated -W ignore:easy_install command is deprecated setup.py develop --editable --build-directory /rov_ws/build/rov_attitude_controller/build --no-deps symlink_data
[2.544s] INFO:colcon.colcon_core.shell:Creating environment descriptor '/rov_ws/build/rov_attitude_controller/share/rov_attitude_controller/hook/pythonpath_develop.dsv'
[2.545s] INFO:colcon.colcon_core.shell:Creating environment hook '/rov_ws/build/rov_attitude_controller/share/rov_attitude_controller/hook/pythonpath_develop.sh'
[2.546s] Level 1:colcon.colcon_core.environment:checking '/rov_ws/install/rov_attitude_controller' for CMake module files
[2.547s] Level 1:colcon.colcon_core.environment:checking '/rov_ws/install/rov_attitude_controller' for CMake config files
[2.548s] Level 1:colcon.colcon_core.environment:checking '/rov_ws/install/rov_attitude_controller/lib'
[2.548s] Level 1:colcon.colcon_core.environment:checking '/rov_ws/install/rov_attitude_controller/bin'
[2.548s] Level 1:colcon.colcon_core.environment:checking '/rov_ws/install/rov_attitude_controller/lib/pkgconfig/rov_attitude_controller.pc'
[2.549s] Level 1:colcon.colcon_core.environment:checking '/rov_ws/install/rov_attitude_controller/lib/python3.10/site-packages'
[2.549s] Level 1:colcon.colcon_core.shell:create_environment_hook('rov_attitude_controller', 'pythonpath')
[2.549s] INFO:colcon.colcon_core.shell:Creating environment hook '/rov_ws/install/rov_attitude_controller/share/rov_attitude_controller/hook/pythonpath.ps1'
[2.550s] INFO:colcon.colcon_core.shell:Creating environment descriptor '/rov_ws/install/rov_attitude_controller/share/rov_attitude_controller/hook/pythonpath.dsv'
[2.551s] INFO:colcon.colcon_core.shell:Creating environment hook '/rov_ws/install/rov_attitude_controller/share/rov_attitude_controller/hook/pythonpath.sh'
[2.552s] Level 1:colcon.colcon_core.environment:checking '/rov_ws/install/rov_attitude_controller/bin'
[2.552s] Level 1:colcon.colcon_core.environment:create_environment_scripts_only(rov_attitude_controller)
[2.553s] INFO:colcon.colcon_core.shell:Creating package script '/rov_ws/install/rov_attitude_controller/share/rov_attitude_controller/package.ps1'
[2.554s] INFO:colcon.colcon_core.shell:Creating package descriptor '/rov_ws/install/rov_attitude_controller/share/rov_attitude_controller/package.dsv'
[2.555s] INFO:colcon.colcon_core.shell:Creating package script '/rov_ws/install/rov_attitude_controller/share/rov_attitude_controller/package.sh'
[2.556s] INFO:colcon.colcon_core.shell:Creating package script '/rov_ws/install/rov_attitude_controller/share/rov_attitude_controller/package.bash'
[2.556s] INFO:colcon.colcon_core.shell:Creating package script '/rov_ws/install/rov_attitude_controller/share/rov_attitude_controller/package.zsh'
[2.557s] Level 1:colcon.colcon_core.environment:create_file_with_runtime_dependencies(/rov_ws/install/rov_attitude_controller/share/colcon-core/packages/rov_attitude_controller)
[2.558s] Level 1:colcon.colcon_core.shell:create_environment_hook('rov_position_controller', 'pythonpath_develop')
[2.559s] INFO:colcon.colcon_core.shell:Creating environment hook '/rov_ws/build/rov_position_controller/share/rov_position_controller/hook/pythonpath_develop.ps1'
[2.559s] DEBUG:colcon.colcon_core.event_handler.log_command:Invoked command in '/rov_ws/build/rov_position_controller' returned '0': PYTHONPATH=/rov_ws/build/rov_position_controller/prefix_override:/usr/lib/python3/dist-packages/colcon_core/task/python/colcon_distutils_commands:/rov_ws/install/rov_position_controller/lib/python3.10/site-packages:${PYTHONPATH} /usr/bin/python3 -W ignore:setup.py install is deprecated -W ignore:easy_install command is deprecated setup.py develop --editable --build-directory /rov_ws/build/rov_position_controller/build --no-deps symlink_data
[2.560s] INFO:colcon.colcon_core.shell:Creating environment descriptor '/rov_ws/build/rov_position_controller/share/rov_position_controller/hook/pythonpath_develop.dsv'
[2.560s] INFO:colcon.colcon_core.shell:Creating environment hook '/rov_ws/build/rov_position_controller/share/rov_position_controller/hook/pythonpath_develop.sh'
[2.561s] Level 1:colcon.colcon_core.environment:checking '/rov_ws/install/rov_position_controller' for CMake module files
[2.562s] Level 1:colcon.colcon_core.environment:checking '/rov_ws/install/rov_position_controller' for CMake config files
[2.563s] Level 1:colcon.colcon_core.environment:checking '/rov_ws/install/rov_position_controller/lib'
[2.563s] Level 1:colcon.colcon_core.environment:checking '/rov_ws/install/rov_position_controller/bin'
[2.563s] Level 1:colcon.colcon_core.environment:checking '/rov_ws/install/rov_position_controller/lib/pkgconfig/rov_position_controller.pc'
[2.564s] Level 1:colcon.colcon_core.environment:checking '/rov_ws/install/rov_position_controller/lib/python3.10/site-packages'
[2.564s] Level 1:colcon.colcon_core.shell:create_environment_hook('rov_position_controller', 'pythonpath')
[2.564s] INFO:colcon.colcon_core.shell:Creating environment hook '/rov_ws/install/rov_position_controller/share/rov_position_controller/hook/pythonpath.ps1'
[2.565s] INFO:colcon.colcon_core.shell:Creating environment descriptor '/rov_ws/install/rov_position_controller/share/rov_position_controller/hook/pythonpath.dsv'
[2.565s] INFO:colcon.colcon_core.shell:Creating environment hook '/rov_ws/install/rov_position_controller/share/rov_position_controller/hook/pythonpath.sh'
[2.566s] Level 1:colcon.colcon_core.environment:checking '/rov_ws/install/rov_position_controller/bin'
[2.566s] Level 1:colcon.colcon_core.environment:create_environment_scripts_only(rov_position_controller)
[2.566s] INFO:colcon.colcon_core.shell:Creating package script '/rov_ws/install/rov_position_controller/share/rov_position_controller/package.ps1'
[2.567s] INFO:colcon.colcon_core.shell:Creating package descriptor '/rov_ws/install/rov_position_controller/share/rov_position_controller/package.dsv'
[2.567s] INFO:colcon.colcon_core.shell:Creating package script '/rov_ws/install/rov_position_controller/share/rov_position_controller/package.sh'
[2.568s] INFO:colcon.colcon_core.shell:Creating package script '/rov_ws/install/rov_position_controller/share/rov_position_controller/package.bash'
[2.569s] INFO:colcon.colcon_core.shell:Creating package script '/rov_ws/install/rov_position_controller/share/rov_position_controller/package.zsh'
[2.569s] Level 1:colcon.colcon_core.environment:create_file_with_runtime_dependencies(/rov_ws/install/rov_position_controller/share/colcon-core/packages/rov_position_controller)
[2.570s] Level 1:colcon.colcon_core.shell:create_environment_hook('rov_path_generator', 'pythonpath_develop')
[2.570s] INFO:colcon.colcon_core.shell:Creating environment hook '/rov_ws/build/rov_path_generator/share/rov_path_generator/hook/pythonpath_develop.ps1'
[2.571s] DEBUG:colcon.colcon_core.event_handler.log_command:Invoked command in '/rov_ws/build/rov_path_generator' returned '0': PYTHONPATH=/rov_ws/build/rov_path_generator/prefix_override:/usr/lib/python3/dist-packages/colcon_core/task/python/colcon_distutils_commands:/rov_ws/install/rov_path_generator/lib/python3.10/site-packages:${PYTHONPATH} /usr/bin/python3 -W ignore:setup.py install is deprecated -W ignore:easy_install command is deprecated setup.py develop --editable --build-directory /rov_ws/build/rov_path_generator/build --no-deps symlink_data
[2.571s] INFO:colcon.colcon_core.shell:Creating environment descriptor '/rov_ws/build/rov_path_generator/share/rov_path_generator/hook/pythonpath_develop.dsv'
[2.572s] INFO:colcon.colcon_core.shell:Creating environment hook '/rov_ws/build/rov_path_generator/share/rov_path_generator/hook/pythonpath_develop.sh'
[2.572s] Level 1:colcon.colcon_core.environment:checking '/rov_ws/install/rov_path_generator' for CMake module files
[2.573s] Level 1:colcon.colcon_core.environment:checking '/rov_ws/install/rov_path_generator' for CMake config files
[2.573s] Level 1:colcon.colcon_core.environment:checking '/rov_ws/install/rov_path_generator/lib'
[2.573s] Level 1:colcon.colcon_core.environment:checking '/rov_ws/install/rov_path_generator/bin'
[2.574s] Level 1:colcon.colcon_core.environment:checking '/rov_ws/install/rov_path_generator/lib/pkgconfig/rov_path_generator.pc'
[2.574s] Level 1:colcon.colcon_core.environment:checking '/rov_ws/install/rov_path_generator/lib/python3.10/site-packages'
[2.574s] Level 1:colcon.colcon_core.shell:create_environment_hook('rov_path_generator', 'pythonpath')
[2.574s] INFO:colcon.colcon_core.shell:Creating environment hook '/rov_ws/install/rov_path_generator/share/rov_path_generator/hook/pythonpath.ps1'
[2.575s] INFO:colcon.colcon_core.shell:Creating environment descriptor '/rov_ws/install/rov_path_generator/share/rov_path_generator/hook/pythonpath.dsv'
[2.575s] INFO:colcon.colcon_core.shell:Creating environment hook '/rov_ws/install/rov_path_generator/share/rov_path_generator/hook/pythonpath.sh'
[2.576s] Level 1:colcon.colcon_core.environment:checking '/rov_ws/install/rov_path_generator/bin'
[2.576s] Level 1:colcon.colcon_core.environment:create_environment_scripts_only(rov_path_generator)
[2.576s] INFO:colcon.colcon_core.shell:Creating package script '/rov_ws/install/rov_path_generator/share/rov_path_generator/package.ps1'
[2.577s] INFO:colcon.colcon_core.shell:Creating package descriptor '/rov_ws/install/rov_path_generator/share/rov_path_generator/package.dsv'
[2.577s] INFO:colcon.colcon_core.shell:Creating package script '/rov_ws/install/rov_path_generator/share/rov_path_generator/package.sh'
[2.578s] INFO:colcon.colcon_core.shell:Creating package script '/rov_ws/install/rov_path_generator/share/rov_path_generator/package.bash'
[2.578s] INFO:colcon.colcon_core.shell:Creating package script '/rov_ws/install/rov_path_generator/share/rov_path_generator/package.zsh'
[2.578s] Level 1:colcon.colcon_core.environment:create_file_with_runtime_dependencies(/rov_ws/install/rov_path_generator/share/colcon-core/packages/rov_path_generator)
[2.579s] Level 1:colcon.colcon_core.shell:create_environment_hook('rov_path_follower', 'pythonpath_develop')
[2.579s] INFO:colcon.colcon_core.shell:Creating environment hook '/rov_ws/build/rov_path_follower/share/rov_path_follower/hook/pythonpath_develop.ps1'
[2.580s] INFO:colcon.colcon_core.shell:Creating environment descriptor '/rov_ws/build/rov_path_follower/share/rov_path_follower/hook/pythonpath_develop.dsv'
[2.580s] DEBUG:colcon.colcon_core.event_handler.log_command:Invoked command in '/rov_ws/build/rov_path_follower' returned '0': PYTHONPATH=/rov_ws/build/rov_path_follower/prefix_override:/usr/lib/python3/dist-packages/colcon_core/task/python/colcon_distutils_commands:/rov_ws/install/rov_path_follower/lib/python3.10/site-packages:${PYTHONPATH} /usr/bin/python3 -W ignore:setup.py install is deprecated -W ignore:easy_install command is deprecated setup.py develop --editable --build-directory /rov_ws/build/rov_path_follower/build --no-deps symlink_data
[2.580s] INFO:colcon.colcon_core.shell:Creating environment hook '/rov_ws/build/rov_path_follower/share/rov_path_follower/hook/pythonpath_develop.sh'
[2.581s] Level 1:colcon.colcon_core.environment:checking '/rov_ws/install/rov_path_follower' for CMake module files
[2.581s] Level 1:colcon.colcon_core.environment:checking '/rov_ws/install/rov_path_follower' for CMake config files
[2.582s] Level 1:colcon.colcon_core.environment:checking '/rov_ws/install/rov_path_follower/lib'
[2.582s] Level 1:colcon.colcon_core.environment:checking '/rov_ws/install/rov_path_follower/bin'
[2.582s] Level 1:colcon.colcon_core.environment:checking '/rov_ws/install/rov_path_follower/lib/pkgconfig/rov_path_follower.pc'
[2.582s] Level 1:colcon.colcon_core.environment:checking '/rov_ws/install/rov_path_follower/lib/python3.10/site-packages'
[2.582s] Level 1:colcon.colcon_core.shell:create_environment_hook('rov_path_follower', 'pythonpath')
[2.583s] INFO:colcon.colcon_core.shell:Creating environment hook '/rov_ws/install/rov_path_follower/share/rov_path_follower/hook/pythonpath.ps1'
[2.583s] INFO:colcon.colcon_core.shell:Creating environment descriptor '/rov_ws/install/rov_path_follower/share/rov_path_follower/hook/pythonpath.dsv'
[2.583s] INFO:colcon.colcon_core.shell:Creating environment hook '/rov_ws/install/rov_path_follower/share/rov_path_follower/hook/pythonpath.sh'
[2.584s] Level 1:colcon.colcon_core.environment:checking '/rov_ws/install/rov_path_follower/bin'
[2.584s] Level 1:colcon.colcon_core.environment:create_environment_scripts_only(rov_path_follower)
[2.584s] INFO:colcon.colcon_core.shell:Creating package script '/rov_ws/install/rov_path_follower/share/rov_path_follower/package.ps1'
[2.585s] INFO:colcon.colcon_core.shell:Creating package descriptor '/rov_ws/install/rov_path_follower/share/rov_path_follower/package.dsv'
[2.585s] INFO:colcon.colcon_core.shell:Creating package script '/rov_ws/install/rov_path_follower/share/rov_path_follower/package.sh'
[2.586s] INFO:colcon.colcon_core.shell:Creating package script '/rov_ws/install/rov_path_follower/share/rov_path_follower/package.bash'
[2.587s] INFO:colcon.colcon_core.shell:Creating package script '/rov_ws/install/rov_path_follower/share/rov_path_follower/package.zsh'
[2.587s] Level 1:colcon.colcon_core.environment:create_file_with_runtime_dependencies(/rov_ws/install/rov_path_follower/share/colcon-core/packages/rov_path_follower)
[2.587s] DEBUG:colcon.colcon_parallel_executor.executor.parallel:closing loop
[2.587s] DEBUG:colcon.colcon_parallel_executor.executor.parallel:loop closed
[2.588s] DEBUG:colcon.colcon_parallel_executor.executor.parallel:run_until_complete finished with '0'
[2.588s] DEBUG:colcon.colcon_core.event_reactor:joining thread
[2.593s] INFO:colcon.colcon_core.plugin_system:Skipping extension 'colcon_notification.desktop_notification.notify_send': Could not find 'notify-send'
[2.593s] INFO:colcon.colcon_core.plugin_system:Skipping extension 'colcon_notification.desktop_notification.terminal_notifier': Not used on non-Darwin systems
[2.593s] INFO:colcon.colcon_core.plugin_system:Skipping extension 'colcon_notification.desktop_notification.win32': Not used on non-Windows systems
[2.593s] INFO:colcon.colcon_notification.desktop_notification:Sending desktop notification using 'notify2'
[2.595s] DEBUG:colcon.colcon_notification.desktop_notification.notify2:Failed to initialize notify2: org.freedesktop.DBus.Error.Spawn.ExecFailed: /usr/bin/dbus-launch terminated abnormally without any error message
[2.595s] DEBUG:colcon.colcon_core.event_reactor:joined thread
[2.596s] INFO:colcon.colcon_core.shell:Creating prefix script '/rov_ws/install/local_setup.ps1'
[2.597s] INFO:colcon.colcon_core.shell:Creating prefix util module '/rov_ws/install/_local_setup_util_ps1.py'
[2.598s] INFO:colcon.colcon_core.shell:Creating prefix chain script '/rov_ws/install/setup.ps1'
[2.599s] INFO:colcon.colcon_core.shell:Creating prefix script '/rov_ws/install/local_setup.sh'
[2.600s] INFO:colcon.colcon_core.shell:Creating prefix util module '/rov_ws/install/_local_setup_util_sh.py'
[2.600s] INFO:colcon.colcon_core.shell:Creating prefix chain script '/rov_ws/install/setup.sh'
[2.602s] INFO:colcon.colcon_core.shell:Creating prefix script '/rov_ws/install/local_setup.bash'
[2.602s] INFO:colcon.colcon_core.shell:Creating prefix chain script '/rov_ws/install/setup.bash'
[2.603s] INFO:colcon.colcon_core.shell:Creating prefix script '/rov_ws/install/local_setup.zsh'
[2.604s] INFO:colcon.colcon_core.shell:Creating prefix chain script '/rov_ws/install/setup.zsh'
